,Accuracy,AUC,F1,Recall,Precision
gbc,0.8960396039603961,0.9614696640350201,0.8825462232370179,0.8818936922801658,0.8833766438302227
rf,0.8861386138613861,0.9531334990053756,0.8710672344818686,0.8715161649944259,0.8710416279181908
xgb,0.8861386138613861,0.9536585690807543,0.8697226244363567,0.8683574879227054,0.8717588484669231
lgbm,0.8762376237623762,0.962137439874074,0.8564118284940596,0.8539576365663323,0.8620915032679738
et,0.8712871287128713,0.9464435073231274,0.852996624595402,0.8522853957636567,0.8539968569931902
lg,0.8712871287128713,0.9514517874829228,0.8521254355400697,0.8507060572277964,0.8545461187472897
Adaboost,0.7920792079207921,0.9280661431568095,0.7788715177250211,0.7863179046753926,0.7958018747492432
dt,0.7821782178217822,0.8273675202976222,0.7608726928926707,0.7607147281060325,0.7612861617836743
