Number of combinations:  50
Running combination 1 of 50
Fitting RandomForest...
Fitting Adaboost...
Fitting AdaBoost_2...
Fitting et...
Fitting gbc...
Fitting gbc_2...
Fitting gbc_3...
Fitting dt...
Fitting lr...
Fitting Lasso_1...
Fitting Lasso_2...
Fitting Lasso_3...
Fitting Lasso_4...
Fitting elasticnet...
VCF file created successfully.
pyseer stderr:  Read 1000 phenotypes
Detected continuous phenotype
Reading all variants

0variants [00:00, ?variants/s]
52variants [00:00, 514.33variants/s]
104variants [00:00, 460.25variants/s]
160variants [00:00, 499.08variants/s]
198variants [00:00, 503.55variants/s]
Applying correlation filtering

  0%|          | 0/198 [00:00<?, ?variants/s]
100%|██████████| 198/198 [00:00<00:00, 2603.03variants/s]
Fitting elastic net to top 148 variants
Best penalty (lambda) from cross-validation: 1.34E+01
Best R^2 from cross-validation: 0.509
Finding and printing selected variants
198 loaded variants
50 pre-filtered variants
148 tested variants
139 printed variants

True importance standardized:  [0.65465868 0.65465868 0.65465868 0.88671115 0.88671115 0.88671115
 1.         1.         1.         0.44965319 0.44965319 0.44965319
 0.89516532 0.89516532 0.89516532 0.36130201 0.36130201 0.36130201
 0.26658865 0.26658865 0.26658865 0.17510781 0.17510781 0.17510781
 0.78442498 0.78442498 0.78442498 0.76286476 0.76286476 0.76286476
 0.         0.         0.         0.         0.         0.
 0.         0.         0.         0.         0.         0.
 0.         0.         0.         0.         0.         0.
 0.         0.         0.         0.         0.         0.
 0.         0.         0.         0.         0.         0.
 0.         0.         0.         0.         0.         0.
 0.         0.         0.         0.         0.         0.
 0.         0.         0.         0.         0.         0.
 0.         0.         0.         0.         0.         0.
 0.         0.         0.         0.         0.         0.
 0.         0.         0.         0.         0.         0.
 0.         0.         0.         0.         0.         0.
 0.         0.         0.         0.         0.         0.
 0.         0.         0.         0.         0.         0.
 0.         0.         0.         0.         0.         0.
 0.         0.         0.         0.         0.         0.
 0.         0.         0.         0.         0.         0.
 0.         0.         0.         0.         0.         0.
 0.         0.         0.         0.         0.         0.
 0.         0.         0.         0.         0.         0.
 0.         0.         0.         0.         0.         0.
 0.         0.         0.         0.         0.         0.
 0.         0.         0.         0.         0.         0.
 0.         0.         0.         0.         0.         0.
 0.         0.         0.         0.         0.         0.
 0.         0.         0.         0.         0.         0.
 0.         0.         0.         0.         0.         0.
 0.         0.         0.         0.         0.         0.
 0.         0.        ]
Normalized importance:  [0.38731375 0.38731375 0.38731375 0.78930007 0.78930007 0.78930007
 0.99709836 0.99709836 0.99709836 0.24927431 0.24927431 0.24927431
 1.         1.         1.         0.43329725 0.43329725 0.43329725
 0.06819254 0.06819254 0.06819254 0.         0.         0.
 0.68231998 0.68231998 0.68231998 0.68852474 0.68852474 0.68852474
 0.         0.03400378 0.         0.         0.         0.
 0.         0.         0.         0.         0.         0.
 0.         0.         0.0413566  0.         0.         0.
 0.         0.         0.         0.         0.01624297 0.
 0.         0.         0.         0.         0.         0.
 0.         0.         0.         0.         0.         0.
 0.         0.         0.         0.         0.         0.
 0.         0.         0.         0.         0.         0.
 0.         0.024923   0.         0.02813983 0.         0.
 0.         0.         0.         0.         0.         0.
 0.         0.         0.         0.         0.         0.
 0.         0.         0.         0.         0.         0.
 0.         0.         0.         0.         0.         0.
 0.         0.         0.         0.         0.         0.
 0.         0.         0.         0.         0.         0.
 0.         0.         0.         0.         0.         0.
 0.         0.         0.         0.         0.         0.
 0.         0.         0.         0.         0.         0.
 0.         0.         0.         0.         0.         0.
 0.         0.         0.         0.         0.         0.
 0.         0.         0.         0.         0.         0.
 0.         0.         0.         0.         0.         0.
 0.03711455 0.         0.         0.         0.         0.
 0.         0.         0.         0.         0.         0.13593797
 0.         0.         0.         0.         0.         0.06510856
 0.         0.         0.0598947  0.         0.         0.
 0.         0.         0.         0.         0.         0.
 0.02094895 0.04084897 0.         0.         0.         0.
 0.         0.        ]
deepbreaks
y_true:  [0. 0. 0. 1. 1. 1. 1. 1. 1. 0. 0. 0. 1. 1. 1. 0. 0. 0. 0. 0. 0. 0. 0. 0.
 1. 1. 1. 1. 1. 1. 0. 0. 0. 0. 0. 0. 0. 0. 0. 0. 0. 0. 0. 0. 0. 0. 0. 0.
 0. 0. 0. 0. 0. 0. 0. 0. 0. 0. 0. 0. 0. 0. 0. 0. 0. 0. 0. 0. 0. 0. 0. 0.
 0. 0. 0. 0. 0. 0. 0. 0. 0. 0. 0. 0. 0. 0. 0. 0. 0. 0. 0. 0. 0. 0. 0. 0.
 0. 0. 0. 0. 0. 0. 0. 0. 0. 0. 0. 0. 0. 0. 0. 0. 0. 0. 0. 0. 0. 0. 0. 0.
 0. 0. 0. 0. 0. 0. 0. 0. 0. 0. 0. 0. 0. 0. 0. 0. 0. 0. 0. 0. 0. 0. 0. 0.
 0. 0. 0. 0. 0. 0. 0. 0. 0. 0. 0. 0. 0. 0. 0. 0. 0. 0. 0. 0. 0. 0. 0. 0.
 0. 0. 0. 0. 0. 0. 0. 0. 0. 0. 0. 0. 0. 0. 0. 0. 0. 0. 0. 0. 0. 0. 0. 0.
 0. 0. 0. 0. 0. 0. 0. 0.]
y_pred:  [1. 1. 1. 1. 1. 1. 1. 1. 1. 0. 0. 0. 1. 1. 1. 1. 1. 1. 0. 0. 0. 0. 0. 0.
 1. 1. 1. 1. 1. 1. 0. 0. 0. 0. 0. 0. 0. 0. 0. 0. 0. 0. 0. 0. 0. 0. 0. 0.
 0. 0. 0. 0. 0. 0. 0. 0. 0. 0. 0. 0. 0. 0. 0. 0. 0. 0. 0. 0. 0. 0. 0. 0.
 0. 0. 0. 0. 0. 0. 0. 0. 0. 0. 0. 0. 0. 0. 0. 0. 0. 0. 0. 0. 0. 0. 0. 0.
 0. 0. 0. 0. 0. 0. 0. 0. 0. 0. 0. 0. 0. 0. 0. 0. 0. 0. 0. 0. 0. 0. 0. 0.
 0. 0. 0. 0. 0. 0. 0. 0. 0. 0. 0. 0. 0. 0. 0. 0. 0. 0. 0. 0. 0. 0. 0. 0.
 0. 0. 0. 0. 0. 0. 0. 0. 0. 0. 0. 0. 0. 0. 0. 0. 0. 0. 0. 0. 0. 0. 0. 0.
 0. 0. 0. 0. 0. 0. 0. 0. 0. 0. 0. 0. 0. 0. 0. 0. 0. 0. 0. 0. 0. 0. 0. 0.
 0. 0. 0. 0. 0. 0. 0. 0.]
Normalized importance:  [7.31012658e-01 2.08860759e-01 3.22784810e-01 8.92405063e-01
 4.44092827e-01 2.53164557e-01 9.69409283e-01 5.30590717e-01
 3.77637131e-01 5.46413502e-01 3.15400844e-01 1.05274262e-01
 1.00000000e+00 5.17932489e-01 3.91350211e-01 4.67299578e-01
 3.86075949e-01 3.47046414e-02 2.48945148e-01 6.19198312e-02
 3.53375527e-01 2.62658228e-01 3.06962025e-02 7.15189873e-02
 8.11181435e-01 4.43037975e-01 4.09282700e-01 8.17510549e-01
 3.55485232e-01 4.05063291e-01 4.59915612e-02 3.03797468e-01
 1.35021097e-01 1.40295359e-01 1.46624473e-01 1.09704641e-01
 0.00000000e+00 1.33966245e-01 1.43459916e-02 4.38818565e-02
 5.18987342e-02 0.00000000e+00 2.18354430e-02 7.15189873e-02
 3.35443038e-01 1.18143460e-01 6.32911392e-02 1.63502110e-02
 0.00000000e+00 1.44514768e-01 2.10970464e-01 0.00000000e+00
 2.27848101e-01 1.60337553e-01 1.31856540e-01 0.00000000e+00
 1.54008439e-01 5.44303797e-02 1.13924051e-01 0.00000000e+00
 0.00000000e+00 1.71940928e-01 0.00000000e+00 7.94303797e-02
 0.00000000e+00 1.13924051e-01 0.00000000e+00 2.13080169e-02
 1.63502110e-01 1.14978903e-02 1.42405063e-01 2.17299578e-01
 0.00000000e+00 1.05485232e-01 0.00000000e+00 1.56118143e-01
 9.53586498e-02 2.68987342e-02 0.00000000e+00 2.01476793e-01
 0.00000000e+00 1.29746835e-01 1.23417722e-02 6.11814346e-02
 0.00000000e+00 8.06962025e-02 1.08649789e-01 6.18143460e-02
 0.00000000e+00 1.10759494e-01 0.00000000e+00 7.98523207e-02
 1.69831224e-01 0.00000000e+00 5.69620253e-02 0.00000000e+00
 0.00000000e+00 7.68987342e-02 0.00000000e+00 2.74261603e-01
 5.70675105e-02 2.04641350e-01 2.91139241e-02 0.00000000e+00
 2.94303797e-01 0.00000000e+00 0.00000000e+00 0.00000000e+00
 0.00000000e+00 1.13924051e-01 4.95780591e-02 4.07172996e-02
 0.00000000e+00 8.02742616e-02 6.22362869e-02 3.18565401e-01
 8.30168776e-04 1.14978903e-01 8.57594937e-02 4.65189873e-02
 3.71308017e-02 0.00000000e+00 2.52109705e-01 8.14345992e-02
 1.05485232e-02 0.00000000e+00 0.00000000e+00 8.25949367e-02
 0.00000000e+00 9.71518987e-03 0.00000000e+00 0.00000000e+00
 2.62658228e-03 0.00000000e+00 0.00000000e+00 0.00000000e+00
 4.33544304e-02 8.31223629e-02 7.16244726e-02 5.65400844e-03
 0.00000000e+00 0.00000000e+00 0.00000000e+00 3.61814346e-02
 2.19409283e-01 0.00000000e+00 6.78270042e-02 1.79324895e-01
 1.45569620e-01 0.00000000e+00 0.00000000e+00 0.00000000e+00
 0.00000000e+00 0.00000000e+00 8.63924051e-02 0.00000000e+00
 0.00000000e+00 0.00000000e+00 1.63502110e-01 8.75527426e-02
 1.41350211e-01 1.09704641e-01 1.86708861e-01 0.00000000e+00
 1.18143460e-02 4.36708861e-02 2.34177215e-01 0.00000000e+00
 8.05907173e-03 0.00000000e+00 1.48734177e-01 0.00000000e+00
 0.00000000e+00 2.80590717e-01 6.39240506e-03 4.58860759e-02
 9.85232068e-02 0.00000000e+00 1.09704641e-01 1.69831224e-01
 1.84599156e-01 0.00000000e+00 2.13080169e-01 1.24472574e-01
 1.03375527e-01 4.71518987e-03 0.00000000e+00 8.12236287e-02
 1.07594937e-01 1.21308017e-01 0.00000000e+00 0.00000000e+00
 5.80168776e-02 3.21729958e-01 9.08227848e-02 1.17088608e-01
 2.15189873e-03 0.00000000e+00 0.00000000e+00 0.00000000e+00]
pyseer
y_true:  [0. 0. 0. 1. 1. 1. 1. 1. 1. 0. 0. 0. 1. 1. 1. 0. 0. 0. 0. 0. 0. 0. 0. 0.
 1. 1. 1. 1. 1. 1. 0. 0. 0. 0. 0. 0. 0. 0. 0. 0. 0. 0. 0. 0. 0. 0. 0. 0.
 0. 0. 0. 0. 0. 0. 0. 0. 0. 0. 0. 0. 0. 0. 0. 0. 0. 0. 0. 0. 0. 0. 0. 0.
 0. 0. 0. 0. 0. 0. 0. 0. 0. 0. 0. 0. 0. 0. 0. 0. 0. 0. 0. 0. 0. 0. 0. 0.
 0. 0. 0. 0. 0. 0. 0. 0. 0. 0. 0. 0. 0. 0. 0. 0. 0. 0. 0. 0. 0. 0. 0. 0.
 0. 0. 0. 0. 0. 0. 0. 0. 0. 0. 0. 0. 0. 0. 0. 0. 0. 0. 0. 0. 0. 0. 0. 0.
 0. 0. 0. 0. 0. 0. 0. 0. 0. 0. 0. 0. 0. 0. 0. 0. 0. 0. 0. 0. 0. 0. 0. 0.
 0. 0. 0. 0. 0. 0. 0. 0. 0. 0. 0. 0. 0. 0. 0. 0. 0. 0. 0. 0. 0. 0. 0. 0.
 0. 0. 0. 0. 0. 0. 0. 0.]
y_pred:  [1. 1. 1. 1. 1. 1. 1. 1. 1. 1. 1. 0. 1. 1. 1. 1. 1. 0. 1. 0. 1. 1. 0. 0.
 1. 1. 1. 1. 1. 1. 0. 1. 1. 1. 1. 0. 0. 1. 0. 0. 0. 0. 0. 0. 1. 1. 0. 0.
 0. 1. 1. 0. 1. 1. 1. 0. 1. 0. 1. 0. 0. 1. 0. 0. 0. 1. 0. 0. 1. 0. 1. 1.
 0. 0. 0. 1. 0. 0. 0. 1. 0. 1. 0. 0. 0. 0. 0. 0. 0. 0. 0. 0. 1. 0. 0. 0.
 0. 0. 0. 1. 0. 1. 0. 0. 1. 0. 0. 0. 0. 1. 0. 0. 0. 0. 0. 1. 0. 1. 0. 0.
 0. 0. 1. 0. 0. 0. 0. 0. 0. 0. 0. 0. 0. 0. 0. 0. 0. 0. 0. 0. 0. 0. 0. 0.
 1. 0. 0. 1. 1. 0. 0. 0. 0. 0. 0. 0. 0. 0. 1. 0. 1. 0. 1. 0. 0. 0. 1. 0.
 0. 0. 1. 0. 0. 1. 0. 0. 0. 0. 0. 1. 1. 0. 1. 1. 0. 0. 0. 0. 0. 1. 0. 0.
 0. 1. 0. 1. 0. 0. 0. 0.]
Time taken: 27.868430137634277 seconds
Running combination 2 of 50
Fitting RandomForest...
Fitting Adaboost...
Fitting AdaBoost_2...
Fitting et...
Fitting gbc...
Fitting gbc_2...
Fitting gbc_3...
Fitting dt...
Fitting lr...
Fitting Lasso_1...
Fitting Lasso_2...
Fitting Lasso_3...
Fitting Lasso_4...
Fitting elasticnet...
VCF file created successfully.
pyseer stderr:  Read 1000 phenotypes
Detected continuous phenotype
Reading all variants

0variants [00:00, ?variants/s]
53variants [00:00, 521.92variants/s]
106variants [00:00, 470.86variants/s]
162variants [00:00, 508.42variants/s]
198variants [00:00, 512.15variants/s]
Applying correlation filtering

  0%|          | 0/198 [00:00<?, ?variants/s]
100%|██████████| 198/198 [00:00<00:00, 2691.00variants/s]
Fitting elastic net to top 148 variants
Best penalty (lambda) from cross-validation: 1.38E+01
Best R^2 from cross-validation: 0.500
Finding and printing selected variants
198 loaded variants
50 pre-filtered variants
148 tested variants
140 printed variants

True importance standardized:  [0.5587657  0.5587657  0.5587657  0.78986186 0.78986186 0.78986186
 0.55653892 0.55653892 0.55653892 0.1439329  0.1439329  0.1439329
 0.47879261 0.47879261 0.47879261 0.72968362 0.72968362 0.72968362
 0.21887479 0.21887479 0.21887479 0.66304145 0.66304145 0.66304145
 1.         1.         1.         0.61140456 0.61140456 0.61140456
 0.         0.         0.         0.         0.         0.
 0.         0.         0.         0.         0.         0.
 0.         0.         0.         0.         0.         0.
 0.         0.         0.         0.         0.         0.
 0.         0.         0.         0.         0.         0.
 0.         0.         0.         0.         0.         0.
 0.         0.         0.         0.         0.         0.
 0.         0.         0.         0.         0.         0.
 0.         0.         0.         0.         0.         0.
 0.         0.         0.         0.         0.         0.
 0.         0.         0.         0.         0.         0.
 0.         0.         0.         0.         0.         0.
 0.         0.         0.         0.         0.         0.
 0.         0.         0.         0.         0.         0.
 0.         0.         0.         0.         0.         0.
 0.         0.         0.         0.         0.         0.
 0.         0.         0.         0.         0.         0.
 0.         0.         0.         0.         0.         0.
 0.         0.         0.         0.         0.         0.
 0.         0.         0.         0.         0.         0.
 0.         0.         0.         0.         0.         0.
 0.         0.         0.         0.         0.         0.
 0.         0.         0.         0.         0.         0.
 0.         0.         0.         0.         0.         0.
 0.         0.         0.         0.         0.         0.
 0.         0.         0.         0.         0.         0.
 0.         0.         0.         0.         0.         0.
 0.         0.         0.         0.         0.         0.
 0.         0.        ]
Normalized importance:  [0.17447552 0.17447552 0.17447552 0.76699984 0.76699984 0.76699984
 0.16304812 0.16304812 0.16304812 0.         0.         0.
 0.27674892 0.27674892 0.27674892 0.50571043 0.50571043 0.50571043
 0.         0.         0.         0.55034235 0.55034235 0.55034235
 1.         1.         1.         0.6016775  0.6016775  0.6016775
 0.02004016 0.         0.         0.         0.         0.
 0.         0.         0.         0.         0.         0.
 0.         0.         0.         0.         0.         0.
 0.         0.         0.         0.         0.         0.
 0.         0.         0.         0.         0.         0.
 0.         0.         0.         0.         0.         0.
 0.         0.         0.         0.         0.         0.
 0.         0.         0.         0.         0.         0.
 0.         0.         0.         0.         0.         0.
 0.         0.         0.         0.         0.         0.0058516
 0.         0.         0.         0.         0.         0.
 0.         0.         0.         0.         0.         0.
 0.         0.         0.         0.03038506 0.         0.
 0.         0.         0.         0.         0.         0.
 0.         0.         0.         0.0235181  0.         0.
 0.         0.         0.         0.         0.         0.
 0.         0.         0.         0.         0.         0.
 0.         0.         0.         0.         0.         0.
 0.         0.         0.         0.         0.         0.
 0.         0.         0.         0.         0.         0.
 0.         0.         0.         0.         0.         0.
 0.         0.         0.         0.         0.         0.
 0.         0.         0.         0.         0.         0.
 0.         0.         0.         0.         0.         0.
 0.         0.         0.09222149 0.         0.         0.
 0.         0.         0.         0.         0.         0.
 0.         0.         0.         0.         0.         0.
 0.         0.         0.         0.         0.         0.
 0.         0.        ]
deepbreaks
y_true:  [0. 0. 0. 1. 1. 1. 0. 0. 0. 0. 0. 0. 0. 0. 0. 1. 1. 1. 0. 0. 0. 1. 1. 1.
 1. 1. 1. 1. 1. 1. 0. 0. 0. 0. 0. 0. 0. 0. 0. 0. 0. 0. 0. 0. 0. 0. 0. 0.
 0. 0. 0. 0. 0. 0. 0. 0. 0. 0. 0. 0. 0. 0. 0. 0. 0. 0. 0. 0. 0. 0. 0. 0.
 0. 0. 0. 0. 0. 0. 0. 0. 0. 0. 0. 0. 0. 0. 0. 0. 0. 0. 0. 0. 0. 0. 0. 0.
 0. 0. 0. 0. 0. 0. 0. 0. 0. 0. 0. 0. 0. 0. 0. 0. 0. 0. 0. 0. 0. 0. 0. 0.
 0. 0. 0. 0. 0. 0. 0. 0. 0. 0. 0. 0. 0. 0. 0. 0. 0. 0. 0. 0. 0. 0. 0. 0.
 0. 0. 0. 0. 0. 0. 0. 0. 0. 0. 0. 0. 0. 0. 0. 0. 0. 0. 0. 0. 0. 0. 0. 0.
 0. 0. 0. 0. 0. 0. 0. 0. 0. 0. 0. 0. 0. 0. 0. 0. 0. 0. 0. 0. 0. 0. 0. 0.
 0. 0. 0. 0. 0. 0. 0. 0.]
y_pred:  [0. 0. 0. 1. 1. 1. 0. 0. 0. 0. 0. 0. 0. 0. 0. 1. 1. 1. 0. 0. 0. 1. 1. 1.
 1. 1. 1. 1. 1. 1. 0. 0. 0. 0. 0. 0. 0. 0. 0. 0. 0. 0. 0. 0. 0. 0. 0. 0.
 0. 0. 0. 0. 0. 0. 0. 0. 0. 0. 0. 0. 0. 0. 0. 0. 0. 0. 0. 0. 0. 0. 0. 0.
 0. 0. 0. 0. 0. 0. 0. 0. 0. 0. 0. 0. 0. 0. 0. 0. 0. 0. 0. 0. 0. 0. 0. 0.
 0. 0. 0. 0. 0. 0. 0. 0. 0. 0. 0. 0. 0. 0. 0. 0. 0. 0. 0. 0. 0. 0. 0. 0.
 0. 0. 0. 0. 0. 0. 0. 0. 0. 0. 0. 0. 0. 0. 0. 0. 0. 0. 0. 0. 0. 0. 0. 0.
 0. 0. 0. 0. 0. 0. 0. 0. 0. 0. 0. 0. 0. 0. 0. 0. 0. 0. 0. 0. 0. 0. 0. 0.
 0. 0. 0. 0. 0. 0. 0. 0. 0. 0. 0. 0. 0. 0. 0. 0. 0. 0. 0. 0. 0. 0. 0. 0.
 0. 0. 0. 0. 0. 0. 0. 0.]
Normalized importance:  [0.34572864 0.31758794 0.24271357 0.65829146 0.06934673 0.46532663
 0.39849246 0.05778894 0.24623116 0.1040201  0.02286432 0.
 0.43668342 0.12512563 0.25829146 0.53266332 0.36080402 0.10703518
 0.13065327 0.21005025 0.01356784 0.63316583 0.18442211 0.24271357
 1.         0.09447236 0.22110553 0.71859296 0.26733668 0.03015075
 0.18140704 0.         0.         0.07085427 0.         0.00494975
 0.         0.18994975 0.07286432 0.17286432 0.13768844 0.0718593
 0.01537688 0.11658291 0.13015075 0.         0.16582915 0.01020101
 0.         0.05829146 0.09246231 0.08743719 0.07537688 0.10251256
 0.00220101 0.         0.10452261 0.1160804  0.         0.06130653
 0.05326633 0.06984925 0.         0.11155779 0.16432161 0.03457286
 0.11909548 0.08542714 0.01296482 0.14874372 0.01261307 0.00360302
 0.03728643 0.         0.03557789 0.         0.         0.0020804
 0.08844221 0.06683417 0.17889447 0.04020101 0.04829146 0.10552764
 0.         0.         0.         0.07487437 0.         0.05326633
 0.         0.05326633 0.         0.18090452 0.         0.1281407
 0.06884422 0.         0.05175879 0.05276382 0.05175879 0.
 0.         0.         0.15879397 0.17688442 0.03914573 0.
 0.04361809 0.19095477 0.00723618 0.08643216 0.04537688 0.07839196
 0.         0.08844221 0.06834171 0.1321608  0.0839196  0.
 0.09547739 0.05020101 0.08693467 0.         0.         0.16180905
 0.04301508 0.04130653 0.02035176 0.         0.         0.
 0.0798995  0.10351759 0.         0.07135678 0.0919598  0.07889447
 0.         0.04874372 0.         0.         0.         0.
 0.08090452 0.         0.05       0.03894472 0.02467337 0.11557789
 0.0678392  0.         0.02628141 0.14472362 0.1040201  0.
 0.         0.         0.11557789 0.         0.02557789 0.
 0.         0.09296482 0.         0.         0.         0.10150754
 0.13869347 0.01974874 0.22562814 0.00461809 0.03537688 0.22060302
 0.         0.06180905 0.14120603 0.         0.         0.09899497
 0.06532663 0.         0.09296482 0.         0.1120603  0.
 0.25678392 0.2120603  0.         0.         0.02376884 0.13869347
 0.09798995 0.00335678 0.09396985 0.08693467 0.04321608 0.
 0.         0.        ]
pyseer
y_true:  [0. 0. 0. 1. 1. 1. 0. 0. 0. 0. 0. 0. 0. 0. 0. 1. 1. 1. 0. 0. 0. 1. 1. 1.
 1. 1. 1. 1. 1. 1. 0. 0. 0. 0. 0. 0. 0. 0. 0. 0. 0. 0. 0. 0. 0. 0. 0. 0.
 0. 0. 0. 0. 0. 0. 0. 0. 0. 0. 0. 0. 0. 0. 0. 0. 0. 0. 0. 0. 0. 0. 0. 0.
 0. 0. 0. 0. 0. 0. 0. 0. 0. 0. 0. 0. 0. 0. 0. 0. 0. 0. 0. 0. 0. 0. 0. 0.
 0. 0. 0. 0. 0. 0. 0. 0. 0. 0. 0. 0. 0. 0. 0. 0. 0. 0. 0. 0. 0. 0. 0. 0.
 0. 0. 0. 0. 0. 0. 0. 0. 0. 0. 0. 0. 0. 0. 0. 0. 0. 0. 0. 0. 0. 0. 0. 0.
 0. 0. 0. 0. 0. 0. 0. 0. 0. 0. 0. 0. 0. 0. 0. 0. 0. 0. 0. 0. 0. 0. 0. 0.
 0. 0. 0. 0. 0. 0. 0. 0. 0. 0. 0. 0. 0. 0. 0. 0. 0. 0. 0. 0. 0. 0. 0. 0.
 0. 0. 0. 0. 0. 0. 0. 0.]
y_pred:  [1. 1. 1. 1. 0. 1. 1. 0. 1. 1. 0. 0. 1. 1. 1. 1. 1. 1. 1. 1. 0. 1. 1. 1.
 1. 1. 1. 1. 1. 0. 1. 0. 0. 0. 0. 0. 0. 1. 0. 1. 1. 0. 0. 1. 1. 0. 1. 0.
 0. 0. 1. 0. 0. 1. 0. 0. 1. 1. 0. 0. 0. 0. 0. 1. 1. 0. 1. 0. 0. 1. 0. 0.
 0. 0. 0. 0. 0. 0. 1. 0. 1. 0. 0. 1. 0. 0. 0. 0. 0. 0. 0. 0. 0. 1. 0. 1.
 0. 0. 0. 0. 0. 0. 0. 0. 1. 1. 0. 0. 0. 1. 0. 0. 0. 0. 0. 1. 0. 1. 0. 0.
 1. 0. 0. 0. 0. 1. 0. 0. 0. 0. 0. 0. 0. 1. 0. 0. 1. 0. 0. 0. 0. 0. 0. 0.
 0. 0. 0. 0. 0. 1. 0. 0. 0. 1. 1. 0. 0. 0. 1. 0. 0. 0. 0. 1. 0. 0. 0. 1.
 1. 0. 1. 0. 0. 1. 0. 0. 1. 0. 0. 1. 0. 0. 1. 0. 1. 0. 1. 1. 0. 0. 0. 1.
 1. 0. 1. 0. 0. 0. 0. 0.]
Time taken: 23.721655130386353 seconds
Running combination 3 of 50
Fitting RandomForest...
Fitting Adaboost...
Fitting AdaBoost_2...
Fitting et...
Fitting gbc...
Fitting gbc_2...
Fitting gbc_3...
Fitting dt...
Fitting lr...
Fitting Lasso_1...
Fitting Lasso_2...
Fitting Lasso_3...
Fitting Lasso_4...
Fitting elasticnet...
VCF file created successfully.
pyseer stderr:  Read 1000 phenotypes
Detected continuous phenotype
Reading all variants

0variants [00:00, ?variants/s]
55variants [00:00, 545.28variants/s]
110variants [00:00, 481.88variants/s]
166variants [00:00, 512.56variants/s]
198variants [00:00, 514.70variants/s]
Applying correlation filtering

  0%|          | 0/198 [00:00<?, ?variants/s]
100%|██████████| 198/198 [00:00<00:00, 2686.86variants/s]
Fitting elastic net to top 148 variants
Best penalty (lambda) from cross-validation: 5.56E+00
Best R^2 from cross-validation: 0.569
Finding and printing selected variants
198 loaded variants
50 pre-filtered variants
148 tested variants
140 printed variants

True importance standardized:  [0.39414095 0.39414095 0.39414095 0.83396252 0.83396252 0.83396252
 0.13696877 0.13696877 0.13696877 0.92931996 0.92931996 0.92931996
 0.26382965 0.26382965 0.26382965 0.17605865 0.17605865 0.17605865
 1.         1.         1.         0.63120723 0.63120723 0.63120723
 0.76310269 0.76310269 0.76310269 0.42436497 0.42436497 0.42436497
 0.         0.         0.         0.         0.         0.
 0.         0.         0.         0.         0.         0.
 0.         0.         0.         0.         0.         0.
 0.         0.         0.         0.         0.         0.
 0.         0.         0.         0.         0.         0.
 0.         0.         0.         0.         0.         0.
 0.         0.         0.         0.         0.         0.
 0.         0.         0.         0.         0.         0.
 0.         0.         0.         0.         0.         0.
 0.         0.         0.         0.         0.         0.
 0.         0.         0.         0.         0.         0.
 0.         0.         0.         0.         0.         0.
 0.         0.         0.         0.         0.         0.
 0.         0.         0.         0.         0.         0.
 0.         0.         0.         0.         0.         0.
 0.         0.         0.         0.         0.         0.
 0.         0.         0.         0.         0.         0.
 0.         0.         0.         0.         0.         0.
 0.         0.         0.         0.         0.         0.
 0.         0.         0.         0.         0.         0.
 0.         0.         0.         0.         0.         0.
 0.         0.         0.         0.         0.         0.
 0.         0.         0.         0.         0.         0.
 0.         0.         0.         0.         0.         0.
 0.         0.         0.         0.         0.         0.
 0.         0.         0.         0.         0.         0.
 0.         0.         0.         0.         0.         0.
 0.         0.         0.         0.         0.         0.
 0.         0.        ]
Normalized importance:  [0.22365513 0.22365513 0.22365513 0.75740899 0.75740899 0.75740899
 0.         0.         0.         0.88153767 0.88153767 0.88153767
 0.07883555 0.07883555 0.07883555 0.         0.04222057 0.
 1.         1.         1.         0.36253118 0.36253118 0.36253118
 0.68921687 0.68921687 0.68921687 0.0849996  0.0849996  0.0849996
 0.         0.         0.         0.         0.         0.
 0.         0.         0.         0.         0.         0.
 0.         0.         0.         0.         0.         0.01489769
 0.         0.         0.         0.         0.         0.
 0.         0.         0.         0.         0.         0.
 0.         0.         0.         0.         0.         0.
 0.         0.         0.         0.         0.         0.
 0.         0.         0.         0.         0.         0.
 0.         0.         0.04710445 0.         0.         0.
 0.         0.         0.         0.         0.         0.
 0.         0.         0.         0.         0.         0.
 0.         0.         0.         0.         0.         0.
 0.         0.         0.         0.         0.         0.
 0.         0.         0.         0.03679603 0.         0.
 0.         0.         0.         0.         0.         0.
 0.         0.         0.         0.         0.         0.
 0.         0.         0.         0.         0.         0.
 0.         0.         0.         0.         0.         0.
 0.         0.         0.         0.         0.         0.
 0.         0.         0.         0.         0.         0.
 0.         0.         0.         0.         0.         0.
 0.         0.         0.         0.         0.         0.
 0.         0.         0.         0.         0.         0.
 0.         0.         0.         0.         0.         0.01647554
 0.         0.         0.         0.         0.         0.
 0.         0.         0.         0.         0.         0.
 0.         0.         0.         0.         0.         0.
 0.         0.         0.         0.         0.         0.
 0.         0.        ]
deepbreaks
y_true:  [0. 0. 0. 1. 1. 1. 0. 0. 0. 1. 1. 1. 0. 0. 0. 0. 0. 0. 1. 1. 1. 1. 1. 1.
 1. 1. 1. 0. 0. 0. 0. 0. 0. 0. 0. 0. 0. 0. 0. 0. 0. 0. 0. 0. 0. 0. 0. 0.
 0. 0. 0. 0. 0. 0. 0. 0. 0. 0. 0. 0. 0. 0. 0. 0. 0. 0. 0. 0. 0. 0. 0. 0.
 0. 0. 0. 0. 0. 0. 0. 0. 0. 0. 0. 0. 0. 0. 0. 0. 0. 0. 0. 0. 0. 0. 0. 0.
 0. 0. 0. 0. 0. 0. 0. 0. 0. 0. 0. 0. 0. 0. 0. 0. 0. 0. 0. 0. 0. 0. 0. 0.
 0. 0. 0. 0. 0. 0. 0. 0. 0. 0. 0. 0. 0. 0. 0. 0. 0. 0. 0. 0. 0. 0. 0. 0.
 0. 0. 0. 0. 0. 0. 0. 0. 0. 0. 0. 0. 0. 0. 0. 0. 0. 0. 0. 0. 0. 0. 0. 0.
 0. 0. 0. 0. 0. 0. 0. 0. 0. 0. 0. 0. 0. 0. 0. 0. 0. 0. 0. 0. 0. 0. 0. 0.
 0. 0. 0. 0. 0. 0. 0. 0.]
y_pred:  [0. 0. 0. 1. 1. 1. 0. 0. 0. 1. 1. 1. 0. 0. 0. 0. 0. 0. 1. 1. 1. 1. 1. 1.
 1. 1. 1. 0. 0. 0. 0. 0. 0. 0. 0. 0. 0. 0. 0. 0. 0. 0. 0. 0. 0. 0. 0. 0.
 0. 0. 0. 0. 0. 0. 0. 0. 0. 0. 0. 0. 0. 0. 0. 0. 0. 0. 0. 0. 0. 0. 0. 0.
 0. 0. 0. 0. 0. 0. 0. 0. 0. 0. 0. 0. 0. 0. 0. 0. 0. 0. 0. 0. 0. 0. 0. 0.
 0. 0. 0. 0. 0. 0. 0. 0. 0. 0. 0. 0. 0. 0. 0. 0. 0. 0. 0. 0. 0. 0. 0. 0.
 0. 0. 0. 0. 0. 0. 0. 0. 0. 0. 0. 0. 0. 0. 0. 0. 0. 0. 0. 0. 0. 0. 0. 0.
 0. 0. 0. 0. 0. 0. 0. 0. 0. 0. 0. 0. 0. 0. 0. 0. 0. 0. 0. 0. 0. 0. 0. 0.
 0. 0. 0. 0. 0. 0. 0. 0. 0. 0. 0. 0. 0. 0. 0. 0. 0. 0. 0. 0. 0. 0. 0. 0.
 0. 0. 0. 0. 0. 0. 0. 0.]
Normalized importance:  [5.25477707e-01 0.00000000e+00 2.50530786e-01 7.37791932e-01
 3.48195329e-01 3.48195329e-01 1.76220807e-01 1.61358811e-02
 1.10403397e-02 9.10828025e-01 2.66454352e-01 3.00424628e-01
 2.98301486e-01 1.30573248e-01 1.77282378e-01 1.84713376e-02
 2.53715499e-01 1.79405520e-01 1.00000000e+00 4.58598726e-01
 1.61358811e-01 6.77282378e-01 4.83014862e-02 1.96390658e-01
 8.40764331e-01 2.61146497e-01 1.88959660e-01 1.74097665e-01
 2.08067941e-01 1.50743100e-01 0.00000000e+00 1.95329087e-01
 1.45435244e-01 0.00000000e+00 0.00000000e+00 1.70912951e-01
 1.73036093e-02 1.84713376e-01 1.01804671e-01 1.12526539e-02
 0.00000000e+00 0.00000000e+00 0.00000000e+00 5.80679406e-02
 3.57749469e-02 9.46921444e-02 1.74097665e-02 2.26114650e-01
 1.05520170e-01 4.22505308e-02 6.42250531e-02 9.84076433e-02
 1.86836518e-01 8.69426752e-02 1.23142251e-02 0.00000000e+00
 0.00000000e+00 0.00000000e+00 3.94904459e-03 0.00000000e+00
 0.00000000e+00 1.29511677e-01 1.23142251e-01 3.35456476e-02
 7.02760085e-02 0.00000000e+00 5.11677282e-02 0.00000000e+00
 7.08067941e-02 1.04033970e-01 3.82165605e-04 0.00000000e+00
 1.33757962e-01 3.41825902e-02 2.80254777e-02 9.49044586e-02
 7.07006369e-02 0.00000000e+00 0.00000000e+00 0.00000000e+00
 1.96390658e-01 0.00000000e+00 0.00000000e+00 0.00000000e+00
 2.96178344e-02 4.52229299e-02 2.72823779e-02 5.84925690e-02
 7.47346072e-02 1.30573248e-01 1.92144374e-01 1.22080679e-02
 1.10403397e-01 1.06157113e-01 0.00000000e+00 4.40552017e-02
 6.98513800e-02 0.00000000e+00 0.00000000e+00 4.07643312e-02
 1.70912951e-03 2.44161359e-02 1.08280255e-01 2.90870488e-02
 2.76008493e-02 4.28874735e-03 6.34819533e-02 1.65605096e-01
 0.00000000e+00 0.00000000e+00 0.00000000e+00 2.07006369e-01
 4.94692144e-02 0.00000000e+00 5.10615711e-02 0.00000000e+00
 0.00000000e+00 0.00000000e+00 0.00000000e+00 8.52441614e-02
 1.48619958e-01 2.78131635e-02 0.00000000e+00 6.68789809e-02
 4.56475584e-02 7.11252654e-02 6.27388535e-02 1.34819533e-01
 1.23142251e-01 0.00000000e+00 2.66454352e-02 1.79405520e-02
 0.00000000e+00 8.82165605e-02 4.45859873e-02 1.02760085e-01
 1.23142251e-01 0.00000000e+00 4.72399151e-02 3.85350318e-02
 0.00000000e+00 0.00000000e+00 0.00000000e+00 1.59235669e-01
 1.33757962e-01 0.00000000e+00 0.00000000e+00 7.36730361e-02
 1.13588110e-02 6.32696391e-02 0.00000000e+00 0.00000000e+00
 4.36305732e-02 6.94267516e-02 1.22080679e-01 0.00000000e+00
 0.00000000e+00 0.00000000e+00 3.92781316e-03 0.00000000e+00
 0.00000000e+00 0.00000000e+00 1.22080679e-01 1.00106157e-01
 3.37579618e-02 0.00000000e+00 1.69851380e-01 8.18471338e-02
 1.27388535e-01 9.80891720e-02 1.18895966e-01 0.00000000e+00
 1.02441614e-01 2.56900212e-02 0.00000000e+00 1.12526539e-01
 4.97876858e-02 0.00000000e+00 2.91932059e-02 0.00000000e+00
 2.78131635e-02 1.11464968e-01 6.78343949e-02 2.31422505e-02
 9.22505308e-02 8.99150743e-02 0.00000000e+00 0.00000000e+00
 3.47133758e-02 0.00000000e+00 9.88322718e-02 9.89384289e-03
 0.00000000e+00 6.70912951e-02 7.54777070e-02 2.45222930e-02
 1.38004246e-01 1.93205945e-02 0.00000000e+00 0.00000000e+00]
pyseer
y_true:  [0. 0. 0. 1. 1. 1. 0. 0. 0. 1. 1. 1. 0. 0. 0. 0. 0. 0. 1. 1. 1. 1. 1. 1.
 1. 1. 1. 0. 0. 0. 0. 0. 0. 0. 0. 0. 0. 0. 0. 0. 0. 0. 0. 0. 0. 0. 0. 0.
 0. 0. 0. 0. 0. 0. 0. 0. 0. 0. 0. 0. 0. 0. 0. 0. 0. 0. 0. 0. 0. 0. 0. 0.
 0. 0. 0. 0. 0. 0. 0. 0. 0. 0. 0. 0. 0. 0. 0. 0. 0. 0. 0. 0. 0. 0. 0. 0.
 0. 0. 0. 0. 0. 0. 0. 0. 0. 0. 0. 0. 0. 0. 0. 0. 0. 0. 0. 0. 0. 0. 0. 0.
 0. 0. 0. 0. 0. 0. 0. 0. 0. 0. 0. 0. 0. 0. 0. 0. 0. 0. 0. 0. 0. 0. 0. 0.
 0. 0. 0. 0. 0. 0. 0. 0. 0. 0. 0. 0. 0. 0. 0. 0. 0. 0. 0. 0. 0. 0. 0. 0.
 0. 0. 0. 0. 0. 0. 0. 0. 0. 0. 0. 0. 0. 0. 0. 0. 0. 0. 0. 0. 0. 0. 0. 0.
 0. 0. 0. 0. 0. 0. 0. 0.]
y_pred:  [1. 0. 1. 1. 1. 1. 1. 0. 0. 1. 1. 1. 1. 1. 1. 0. 1. 1. 1. 1. 1. 1. 0. 1.
 1. 1. 1. 1. 1. 1. 0. 1. 1. 0. 0. 1. 0. 1. 1. 0. 0. 0. 0. 0. 0. 1. 0. 1.
 1. 0. 0. 1. 1. 0. 0. 0. 0. 0. 0. 0. 0. 1. 1. 0. 0. 0. 0. 0. 0. 1. 0. 0.
 1. 0. 0. 1. 0. 0. 0. 0. 1. 0. 0. 0. 0. 0. 0. 0. 0. 1. 1. 0. 1. 1. 0. 0.
 0. 0. 0. 0. 0. 0. 1. 0. 0. 0. 0. 1. 0. 0. 0. 1. 0. 0. 0. 0. 0. 0. 0. 0.
 1. 0. 0. 0. 0. 0. 0. 1. 1. 0. 0. 0. 0. 1. 0. 1. 1. 0. 0. 0. 0. 0. 0. 1.
 1. 0. 0. 0. 0. 0. 0. 0. 0. 0. 1. 0. 0. 0. 0. 0. 0. 0. 1. 1. 0. 0. 1. 0.
 1. 1. 1. 0. 1. 0. 0. 1. 0. 0. 0. 0. 0. 1. 0. 0. 1. 1. 0. 0. 0. 0. 1. 0.
 0. 0. 0. 0. 1. 0. 0. 0.]
Time taken: 23.581372499465942 seconds
Running combination 4 of 50
Fitting RandomForest...
Fitting Adaboost...
Fitting AdaBoost_2...
Fitting et...
Fitting gbc...
Fitting gbc_2...
Fitting gbc_3...
Fitting dt...
Fitting lr...
Fitting Lasso_1...
Fitting Lasso_2...
Fitting Lasso_3...
Fitting Lasso_4...
Fitting elasticnet...
VCF file created successfully.
pyseer stderr:  Read 1000 phenotypes
Detected continuous phenotype
Reading all variants

0variants [00:00, ?variants/s]
56variants [00:00, 555.38variants/s]
112variants [00:00, 488.55variants/s]
168variants [00:00, 517.83variants/s]
198variants [00:00, 522.06variants/s]
Applying correlation filtering

  0%|          | 0/198 [00:00<?, ?variants/s]
100%|██████████| 198/198 [00:00<00:00, 2710.61variants/s]
Fitting elastic net to top 148 variants
Best penalty (lambda) from cross-validation: 2.88E+00
Best R^2 from cross-validation: 0.524
Finding and printing selected variants
198 loaded variants
50 pre-filtered variants
148 tested variants
143 printed variants

True importance standardized:  [0.26044361 0.26044361 0.26044361 0.24387201 0.24387201 0.24387201
 0.77635049 0.77635049 0.77635049 0.233007   0.233007   0.233007
 1.         1.         1.         0.36193229 0.36193229 0.36193229
 0.28081702 0.28081702 0.28081702 0.33485027 0.33485027 0.33485027
 0.85198673 0.85198673 0.85198673 0.24215796 0.24215796 0.24215796
 0.         0.         0.         0.         0.         0.
 0.         0.         0.         0.         0.         0.
 0.         0.         0.         0.         0.         0.
 0.         0.         0.         0.         0.         0.
 0.         0.         0.         0.         0.         0.
 0.         0.         0.         0.         0.         0.
 0.         0.         0.         0.         0.         0.
 0.         0.         0.         0.         0.         0.
 0.         0.         0.         0.         0.         0.
 0.         0.         0.         0.         0.         0.
 0.         0.         0.         0.         0.         0.
 0.         0.         0.         0.         0.         0.
 0.         0.         0.         0.         0.         0.
 0.         0.         0.         0.         0.         0.
 0.         0.         0.         0.         0.         0.
 0.         0.         0.         0.         0.         0.
 0.         0.         0.         0.         0.         0.
 0.         0.         0.         0.         0.         0.
 0.         0.         0.         0.         0.         0.
 0.         0.         0.         0.         0.         0.
 0.         0.         0.         0.         0.         0.
 0.         0.         0.         0.         0.         0.
 0.         0.         0.         0.         0.         0.
 0.         0.         0.         0.         0.         0.
 0.         0.         0.         0.         0.         0.
 0.         0.         0.         0.         0.         0.
 0.         0.         0.         0.         0.         0.
 0.         0.         0.         0.         0.         0.
 0.         0.        ]
Normalized importance:  [0.15183793 0.15183793 0.15183793 0.         0.         0.
 0.52974075 0.52974075 0.52974075 0.0540546  0.0540546  0.0540546
 1.         1.         1.         0.         0.         0.
 0.08298036 0.08298036 0.08298036 0.20885492 0.20885492 0.20885492
 0.83266239 0.83266239 0.83266239 0.03050473 0.03050473 0.
 0.         0.         0.         0.         0.         0.
 0.         0.         0.         0.         0.         0.
 0.         0.         0.         0.06523416 0.         0.
 0.         0.         0.         0.         0.         0.
 0.         0.         0.         0.         0.         0.
 0.         0.         0.         0.00863719 0.         0.
 0.         0.         0.         0.         0.         0.
 0.         0.         0.         0.         0.         0.
 0.         0.         0.         0.         0.         0.
 0.         0.         0.         0.         0.         0.
 0.         0.         0.         0.         0.         0.
 0.         0.         0.         0.         0.         0.
 0.         0.         0.         0.         0.         0.
 0.         0.         0.         0.         0.         0.
 0.         0.         0.05608926 0.         0.         0.
 0.         0.         0.         0.         0.         0.
 0.         0.         0.         0.         0.         0.
 0.         0.         0.         0.         0.         0.
 0.         0.         0.         0.         0.         0.
 0.         0.         0.         0.         0.         0.
 0.         0.         0.         0.         0.         0.
 0.         0.         0.         0.         0.         0.
 0.         0.         0.         0.         0.         0.
 0.         0.         0.         0.         0.         0.
 0.         0.         0.         0.         0.         0.
 0.         0.         0.         0.         0.         0.
 0.         0.         0.         0.         0.         0.
 0.         0.         0.         0.         0.         0.
 0.         0.        ]
deepbreaks
y_true:  [0. 0. 0. 0. 0. 0. 1. 1. 1. 0. 0. 0. 1. 1. 1. 1. 1. 1. 0. 0. 0. 1. 1. 1.
 1. 1. 1. 0. 0. 0. 0. 0. 0. 0. 0. 0. 0. 0. 0. 0. 0. 0. 0. 0. 0. 0. 0. 0.
 0. 0. 0. 0. 0. 0. 0. 0. 0. 0. 0. 0. 0. 0. 0. 0. 0. 0. 0. 0. 0. 0. 0. 0.
 0. 0. 0. 0. 0. 0. 0. 0. 0. 0. 0. 0. 0. 0. 0. 0. 0. 0. 0. 0. 0. 0. 0. 0.
 0. 0. 0. 0. 0. 0. 0. 0. 0. 0. 0. 0. 0. 0. 0. 0. 0. 0. 0. 0. 0. 0. 0. 0.
 0. 0. 0. 0. 0. 0. 0. 0. 0. 0. 0. 0. 0. 0. 0. 0. 0. 0. 0. 0. 0. 0. 0. 0.
 0. 0. 0. 0. 0. 0. 0. 0. 0. 0. 0. 0. 0. 0. 0. 0. 0. 0. 0. 0. 0. 0. 0. 0.
 0. 0. 0. 0. 0. 0. 0. 0. 0. 0. 0. 0. 0. 0. 0. 0. 0. 0. 0. 0. 0. 0. 0. 0.
 0. 0. 0. 0. 0. 0. 0. 0.]
y_pred:  [1. 1. 1. 0. 0. 0. 1. 1. 1. 0. 0. 0. 1. 1. 1. 0. 0. 0. 0. 0. 0. 1. 1. 1.
 1. 1. 1. 0. 0. 0. 0. 0. 0. 0. 0. 0. 0. 0. 0. 0. 0. 0. 0. 0. 0. 0. 0. 0.
 0. 0. 0. 0. 0. 0. 0. 0. 0. 0. 0. 0. 0. 0. 0. 0. 0. 0. 0. 0. 0. 0. 0. 0.
 0. 0. 0. 0. 0. 0. 0. 0. 0. 0. 0. 0. 0. 0. 0. 0. 0. 0. 0. 0. 0. 0. 0. 0.
 0. 0. 0. 0. 0. 0. 0. 0. 0. 0. 0. 0. 0. 0. 0. 0. 0. 0. 0. 0. 0. 0. 0. 0.
 0. 0. 0. 0. 0. 0. 0. 0. 0. 0. 0. 0. 0. 0. 0. 0. 0. 0. 0. 0. 0. 0. 0. 0.
 0. 0. 0. 0. 0. 0. 0. 0. 0. 0. 0. 0. 0. 0. 0. 0. 0. 0. 0. 0. 0. 0. 0. 0.
 0. 0. 0. 0. 0. 0. 0. 0. 0. 0. 0. 0. 0. 0. 0. 0. 0. 0. 0. 0. 0. 0. 0. 0.
 0. 0. 0. 0. 0. 0. 0. 0.]
Normalized importance:  [3.55048860e-01 1.72964169e-01 2.33224756e-02 1.90553746e-01
 1.51791531e-01 6.67752443e-02 7.71986971e-01 2.65146580e-01
 2.59283388e-01 1.88599349e-01 1.02280130e-01 1.95114007e-01
 1.00000000e+00 3.22475570e-01 3.84364821e-01 2.64820847e-01
 1.44951140e-01 5.83061889e-03 2.43648208e-01 1.45928339e-01
 1.63517915e-01 3.32247557e-01 2.85667752e-01 1.30944625e-01
 7.98045603e-01 3.71335505e-01 3.48534202e-01 2.96091205e-01
 2.26384365e-02 5.53745928e-03 0.00000000e+00 0.00000000e+00
 0.00000000e+00 9.08794788e-02 1.17589577e-01 1.17263844e-02
 1.01628664e-01 0.00000000e+00 0.00000000e+00 5.01628664e-02
 0.00000000e+00 0.00000000e+00 0.00000000e+00 0.00000000e+00
 3.18241042e-02 1.88273616e-01 3.84364821e-02 0.00000000e+00
 8.53420195e-02 3.64820847e-02 9.90228013e-03 7.26384365e-04
 0.00000000e+00 0.00000000e+00 5.99348534e-03 4.42996743e-02
 4.98371336e-02 4.56026059e-02 0.00000000e+00 3.32247557e-02
 6.51465798e-02 0.00000000e+00 7.58957655e-03 7.29641694e-02
 0.00000000e+00 2.90553746e-02 2.18566775e-02 1.03257329e-01
 4.62540717e-02 4.91856678e-02 3.81107492e-02 0.00000000e+00
 4.69055375e-03 0.00000000e+00 0.00000000e+00 0.00000000e+00
 1.12703583e-01 5.76547231e-02 4.72312704e-02 1.09771987e-01
 0.00000000e+00 0.00000000e+00 0.00000000e+00 0.00000000e+00
 0.00000000e+00 1.17263844e-01 1.12377850e-01 5.50488599e-02
 1.40390879e-02 1.92182410e-03 6.51465798e-02 1.72964169e-02
 3.06840391e-02 1.12052117e-01 4.20195440e-02 1.32247557e-01
 1.88599349e-01 6.38436482e-02 0.00000000e+00 0.00000000e+00
 0.00000000e+00 8.14332248e-03 0.00000000e+00 8.30618893e-02
 2.04885993e-01 7.81758958e-02 3.71335505e-03 0.00000000e+00
 1.49837134e-03 5.57003257e-02 0.00000000e+00 1.27687296e-01
 0.00000000e+00 0.00000000e+00 1.07817590e-01 6.93811075e-02
 1.71986971e-01 7.68729642e-02 6.18892508e-02 4.69055375e-02
 3.58306189e-02 2.53745928e-01 0.00000000e+00 1.78501629e-01
 2.25407166e-02 2.24755700e-02 1.18892508e-01 4.91856678e-02
 0.00000000e+00 0.00000000e+00 0.00000000e+00 8.79478827e-02
 0.00000000e+00 1.60586319e-01 7.45928339e-02 1.19543974e-01
 5.11400651e-02 0.00000000e+00 3.55048860e-02 2.05863192e-02
 4.65798046e-02 8.04560261e-02 5.73289902e-02 4.91856678e-02
 6.87296417e-02 0.00000000e+00 1.31270358e-01 4.10423453e-02
 5.70032573e-02 0.00000000e+00 0.00000000e+00 6.28664495e-02
 1.34201954e-02 1.99674267e-02 6.67752443e-02 0.00000000e+00
 4.36482085e-02 0.00000000e+00 3.16612378e-02 1.10749186e-01
 0.00000000e+00 0.00000000e+00 7.23127036e-02 8.07817590e-02
 1.12052117e-01 2.01954397e-04 5.99348534e-02 1.18566775e-01
 5.96091205e-02 5.57003257e-02 9.31596091e-03 0.00000000e+00
 0.00000000e+00 0.00000000e+00 5.73289902e-02 1.27687296e-01
 0.00000000e+00 1.87296417e-01 3.32247557e-02 0.00000000e+00
 6.38436482e-02 1.03583062e-01 6.48208469e-02 6.41693811e-02
 0.00000000e+00 6.93811075e-02 2.44951140e-02 1.20195440e-01
 6.67752443e-02 0.00000000e+00 1.05863192e-01 2.95114007e-02
 0.00000000e+00 1.20195440e-02 1.34527687e-01 8.66449511e-02
 0.00000000e+00 0.00000000e+00 0.00000000e+00 0.00000000e+00]
pyseer
y_true:  [0. 0. 0. 0. 0. 0. 1. 1. 1. 0. 0. 0. 1. 1. 1. 1. 1. 1. 0. 0. 0. 1. 1. 1.
 1. 1. 1. 0. 0. 0. 0. 0. 0. 0. 0. 0. 0. 0. 0. 0. 0. 0. 0. 0. 0. 0. 0. 0.
 0. 0. 0. 0. 0. 0. 0. 0. 0. 0. 0. 0. 0. 0. 0. 0. 0. 0. 0. 0. 0. 0. 0. 0.
 0. 0. 0. 0. 0. 0. 0. 0. 0. 0. 0. 0. 0. 0. 0. 0. 0. 0. 0. 0. 0. 0. 0. 0.
 0. 0. 0. 0. 0. 0. 0. 0. 0. 0. 0. 0. 0. 0. 0. 0. 0. 0. 0. 0. 0. 0. 0. 0.
 0. 0. 0. 0. 0. 0. 0. 0. 0. 0. 0. 0. 0. 0. 0. 0. 0. 0. 0. 0. 0. 0. 0. 0.
 0. 0. 0. 0. 0. 0. 0. 0. 0. 0. 0. 0. 0. 0. 0. 0. 0. 0. 0. 0. 0. 0. 0. 0.
 0. 0. 0. 0. 0. 0. 0. 0. 0. 0. 0. 0. 0. 0. 0. 0. 0. 0. 0. 0. 0. 0. 0. 0.
 0. 0. 0. 0. 0. 0. 0. 0.]
y_pred:  [1. 1. 0. 1. 1. 1. 1. 1. 1. 1. 1. 1. 1. 1. 1. 1. 1. 0. 1. 1. 1. 1. 1. 1.
 1. 1. 1. 1. 0. 0. 0. 0. 0. 1. 1. 0. 1. 0. 0. 0. 0. 0. 0. 0. 0. 1. 0. 0.
 1. 0. 0. 0. 0. 0. 0. 0. 0. 0. 0. 0. 0. 0. 0. 1. 0. 0. 0. 1. 0. 0. 0. 0.
 0. 0. 0. 0. 1. 0. 0. 1. 0. 0. 0. 0. 0. 1. 1. 0. 0. 0. 0. 0. 0. 1. 0. 1.
 1. 0. 0. 0. 0. 0. 0. 1. 1. 1. 0. 0. 0. 0. 0. 1. 0. 0. 1. 1. 1. 1. 0. 0.
 0. 1. 0. 1. 0. 0. 1. 0. 0. 0. 0. 1. 0. 1. 1. 1. 0. 0. 0. 0. 0. 1. 0. 0.
 1. 0. 1. 0. 0. 0. 0. 0. 0. 0. 1. 0. 0. 0. 0. 1. 0. 0. 1. 1. 1. 0. 0. 1.
 0. 0. 0. 0. 0. 0. 0. 1. 0. 1. 0. 0. 0. 1. 0. 0. 0. 1. 0. 1. 1. 0. 1. 0.
 0. 0. 1. 1. 0. 0. 0. 0.]
Time taken: 22.745677709579468 seconds
Running combination 5 of 50
Fitting RandomForest...
Fitting Adaboost...
Fitting AdaBoost_2...
Fitting et...
Fitting gbc...
Fitting gbc_2...
Fitting gbc_3...
Fitting dt...
Fitting lr...
Fitting Lasso_1...
Fitting Lasso_2...
Fitting Lasso_3...
Fitting Lasso_4...
Fitting elasticnet...
VCF file created successfully.
pyseer stderr:  Read 1000 phenotypes
Detected continuous phenotype
Reading all variants

0variants [00:00, ?variants/s]
55variants [00:00, 540.06variants/s]
110variants [00:00, 477.29variants/s]
166variants [00:00, 511.88variants/s]
198variants [00:00, 515.76variants/s]
Applying correlation filtering

  0%|          | 0/198 [00:00<?, ?variants/s]
100%|██████████| 198/198 [00:00<00:00, 2680.88variants/s]
Fitting elastic net to top 148 variants
Best penalty (lambda) from cross-validation: 3.21E+00
Best R^2 from cross-validation: 0.579
Finding and printing selected variants
198 loaded variants
50 pre-filtered variants
148 tested variants
142 printed variants

True importance standardized:  [0.66122532 0.66122532 0.66122532 0.16553467 0.16553467 0.16553467
 0.20548148 0.20548148 0.20548148 0.56923022 0.56923022 0.56923022
 0.80829069 0.80829069 0.80829069 1.         1.         1.
 0.38022068 0.38022068 0.38022068 0.77342811 0.77342811 0.77342811
 0.65714753 0.65714753 0.65714753 0.58130606 0.58130606 0.58130606
 0.         0.         0.         0.         0.         0.
 0.         0.         0.         0.         0.         0.
 0.         0.         0.         0.         0.         0.
 0.         0.         0.         0.         0.         0.
 0.         0.         0.         0.         0.         0.
 0.         0.         0.         0.         0.         0.
 0.         0.         0.         0.         0.         0.
 0.         0.         0.         0.         0.         0.
 0.         0.         0.         0.         0.         0.
 0.         0.         0.         0.         0.         0.
 0.         0.         0.         0.         0.         0.
 0.         0.         0.         0.         0.         0.
 0.         0.         0.         0.         0.         0.
 0.         0.         0.         0.         0.         0.
 0.         0.         0.         0.         0.         0.
 0.         0.         0.         0.         0.         0.
 0.         0.         0.         0.         0.         0.
 0.         0.         0.         0.         0.         0.
 0.         0.         0.         0.         0.         0.
 0.         0.         0.         0.         0.         0.
 0.         0.         0.         0.         0.         0.
 0.         0.         0.         0.         0.         0.
 0.         0.         0.         0.         0.         0.
 0.         0.         0.         0.         0.         0.
 0.         0.         0.         0.         0.         0.
 0.         0.         0.         0.         0.         0.
 0.         0.         0.         0.         0.         0.
 0.         0.         0.         0.         0.         0.
 0.         0.        ]
Normalized importance:  [0.30895812 0.30895812 0.30895812 0.14037402 0.14037402 0.14037402
 0.         0.         0.         0.23552482 0.23552482 0.23552482
 0.68490254 0.68490254 0.68490254 1.         1.         1.
 0.09898559 0.         0.         0.56192103 0.56192103 0.56192103
 0.32276082 0.32276082 0.32276082 0.3300951  0.3300951  0.3300951
 0.         0.         0.         0.         0.         0.
 0.         0.         0.         0.         0.         0.
 0.         0.         0.01062194 0.         0.         0.
 0.         0.         0.         0.         0.         0.
 0.         0.         0.         0.         0.         0.
 0.         0.         0.         0.         0.         0.
 0.         0.         0.         0.         0.         0.
 0.         0.         0.         0.         0.         0.
 0.         0.         0.         0.         0.         0.
 0.         0.         0.         0.         0.         0.
 0.         0.03917793 0.         0.         0.         0.
 0.         0.         0.         0.         0.         0.
 0.         0.         0.         0.         0.         0.
 0.         0.         0.         0.         0.         0.
 0.         0.         0.06510232 0.         0.         0.
 0.         0.         0.         0.         0.         0.
 0.         0.         0.         0.         0.         0.
 0.         0.         0.         0.         0.         0.
 0.         0.         0.         0.         0.         0.01354424
 0.         0.         0.         0.         0.         0.
 0.         0.         0.         0.         0.         0.
 0.         0.         0.         0.0267552  0.         0.
 0.         0.         0.         0.         0.         0.
 0.         0.         0.         0.         0.         0.
 0.         0.         0.         0.         0.         0.
 0.         0.         0.         0.         0.         0.
 0.         0.         0.         0.         0.03095363 0.
 0.         0.         0.         0.         0.         0.
 0.         0.        ]
deepbreaks
y_true:  [1. 1. 1. 0. 0. 0. 0. 0. 0. 0. 0. 0. 1. 1. 1. 1. 1. 1. 0. 0. 0. 1. 1. 1.
 1. 1. 1. 0. 0. 0. 0. 0. 0. 0. 0. 0. 0. 0. 0. 0. 0. 0. 0. 0. 0. 0. 0. 0.
 0. 0. 0. 0. 0. 0. 0. 0. 0. 0. 0. 0. 0. 0. 0. 0. 0. 0. 0. 0. 0. 0. 0. 0.
 0. 0. 0. 0. 0. 0. 0. 0. 0. 0. 0. 0. 0. 0. 0. 0. 0. 0. 0. 0. 0. 0. 0. 0.
 0. 0. 0. 0. 0. 0. 0. 0. 0. 0. 0. 0. 0. 0. 0. 0. 0. 0. 0. 0. 0. 0. 0. 0.
 0. 0. 0. 0. 0. 0. 0. 0. 0. 0. 0. 0. 0. 0. 0. 0. 0. 0. 0. 0. 0. 0. 0. 0.
 0. 0. 0. 0. 0. 0. 0. 0. 0. 0. 0. 0. 0. 0. 0. 0. 0. 0. 0. 0. 0. 0. 0. 0.
 0. 0. 0. 0. 0. 0. 0. 0. 0. 0. 0. 0. 0. 0. 0. 0. 0. 0. 0. 0. 0. 0. 0. 0.
 0. 0. 0. 0. 0. 0. 0. 0.]
y_pred:  [1. 1. 1. 0. 0. 0. 0. 0. 0. 0. 0. 0. 1. 1. 1. 1. 1. 1. 0. 0. 0. 1. 1. 1.
 1. 1. 1. 1. 1. 1. 0. 0. 0. 0. 0. 0. 0. 0. 0. 0. 0. 0. 0. 0. 0. 0. 0. 0.
 0. 0. 0. 0. 0. 0. 0. 0. 0. 0. 0. 0. 0. 0. 0. 0. 0. 0. 0. 0. 0. 0. 0. 0.
 0. 0. 0. 0. 0. 0. 0. 0. 0. 0. 0. 0. 0. 0. 0. 0. 0. 0. 0. 0. 0. 0. 0. 0.
 0. 0. 0. 0. 0. 0. 0. 0. 0. 0. 0. 0. 0. 0. 0. 0. 0. 0. 0. 0. 0. 0. 0. 0.
 0. 0. 0. 0. 0. 0. 0. 0. 0. 0. 0. 0. 0. 0. 0. 0. 0. 0. 0. 0. 0. 0. 0. 0.
 0. 0. 0. 0. 0. 0. 0. 0. 0. 0. 0. 0. 0. 0. 0. 0. 0. 0. 0. 0. 0. 0. 0. 0.
 0. 0. 0. 0. 0. 0. 0. 0. 0. 0. 0. 0. 0. 0. 0. 0. 0. 0. 0. 0. 0. 0. 0. 0.
 0. 0. 0. 0. 0. 0. 0. 0.]
Normalized importance:  [5.40833333e-01 5.75833333e-02 2.53333333e-01 2.31666667e-01
 1.65000000e-01 2.41666667e-01 1.96666667e-01 3.99166667e-02
 0.00000000e+00 5.99166667e-01 1.84166667e-02 3.39166667e-02
 7.29166667e-01 1.48333333e-01 1.47500000e-01 1.00000000e+00
 1.24166667e-01 1.12500000e-01 5.19166667e-01 1.71666667e-01
 8.30000000e-02 6.08333333e-01 2.54166667e-01 1.01666667e-01
 5.37500000e-01 1.76666667e-01 1.05000000e-01 4.05833333e-01
 1.90000000e-01 2.06666667e-01 6.00000000e-02 0.00000000e+00
 1.16666667e-01 0.00000000e+00 5.77500000e-02 0.00000000e+00
 1.35000000e-01 2.52500000e-01 3.50833333e-03 2.20000000e-01
 0.00000000e+00 2.67500000e-01 7.23333333e-02 0.00000000e+00
 1.63333333e-01 5.28333333e-02 1.00000000e-01 0.00000000e+00
 3.55833333e-03 0.00000000e+00 0.00000000e+00 6.75000000e-02
 5.95000000e-02 0.00000000e+00 6.46666667e-02 3.53333333e-02
 1.72500000e-02 4.18333333e-02 7.00000000e-02 6.56666667e-02
 0.00000000e+00 0.00000000e+00 6.70833333e-02 8.10833333e-02
 5.60833333e-02 1.00000000e-01 0.00000000e+00 1.43333333e-01
 1.05000000e-01 0.00000000e+00 0.00000000e+00 9.58333333e-02
 0.00000000e+00 0.00000000e+00 0.00000000e+00 7.47500000e-03
 9.08333333e-02 5.94166667e-02 0.00000000e+00 1.07500000e-01
 3.89166667e-02 8.58333333e-02 1.54166667e-01 0.00000000e+00
 6.79166667e-02 3.65000000e-02 0.00000000e+00 0.00000000e+00
 0.00000000e+00 8.91666667e-02 6.23333333e-03 1.20000000e-01
 5.80833333e-02 0.00000000e+00 2.03333333e-02 3.78333333e-02
 0.00000000e+00 1.29166667e-01 3.30000000e-03 3.90833333e-02
 2.15833333e-02 0.00000000e+00 9.50000000e-03 0.00000000e+00
 6.35833333e-02 0.00000000e+00 6.68333333e-02 8.66666667e-02
 0.00000000e+00 6.66666667e-02 7.75000000e-02 0.00000000e+00
 0.00000000e+00 0.00000000e+00 2.88333333e-02 1.12500000e-01
 2.73333333e-01 0.00000000e+00 2.50833333e-02 4.30000000e-02
 1.20833333e-03 3.77500000e-02 2.55833333e-02 0.00000000e+00
 5.21666667e-02 0.00000000e+00 2.00833333e-02 0.00000000e+00
 6.49166667e-02 9.66666667e-02 4.74166667e-02 3.25000000e-02
 9.75000000e-02 6.07500000e-02 1.70000000e-01 3.51666667e-02
 1.32500000e-02 0.00000000e+00 1.15000000e-01 2.11666667e-02
 0.00000000e+00 0.00000000e+00 1.04166667e-01 4.63333333e-02
 0.00000000e+00 6.81666667e-02 1.30000000e-01 2.61666667e-02
 1.68333333e-03 1.97500000e-04 5.64166667e-02 9.83333333e-02
 0.00000000e+00 9.00000000e-02 0.00000000e+00 0.00000000e+00
 5.39166667e-02 3.13333333e-02 9.25000000e-04 2.26666667e-03
 0.00000000e+00 3.69166667e-02 0.00000000e+00 3.36666667e-02
 9.00000000e-02 0.00000000e+00 4.01666667e-02 0.00000000e+00
 1.16666667e-01 1.50833333e-01 4.21666667e-02 6.81666667e-02
 0.00000000e+00 0.00000000e+00 0.00000000e+00 8.91666667e-02
 9.25000000e-02 0.00000000e+00 6.22500000e-03 1.15833333e-02
 2.42500000e-01 4.45833333e-03 4.47500000e-02 1.32500000e-01
 0.00000000e+00 0.00000000e+00 0.00000000e+00 5.72500000e-02
 4.09166667e-02 1.15833333e-01 1.41666667e-01 1.02500000e-02
 4.93333333e-03 0.00000000e+00 8.15000000e-02 0.00000000e+00
 1.64166667e-03 3.80000000e-02 0.00000000e+00 0.00000000e+00]
pyseer
y_true:  [1. 1. 1. 0. 0. 0. 0. 0. 0. 0. 0. 0. 1. 1. 1. 1. 1. 1. 0. 0. 0. 1. 1. 1.
 1. 1. 1. 0. 0. 0. 0. 0. 0. 0. 0. 0. 0. 0. 0. 0. 0. 0. 0. 0. 0. 0. 0. 0.
 0. 0. 0. 0. 0. 0. 0. 0. 0. 0. 0. 0. 0. 0. 0. 0. 0. 0. 0. 0. 0. 0. 0. 0.
 0. 0. 0. 0. 0. 0. 0. 0. 0. 0. 0. 0. 0. 0. 0. 0. 0. 0. 0. 0. 0. 0. 0. 0.
 0. 0. 0. 0. 0. 0. 0. 0. 0. 0. 0. 0. 0. 0. 0. 0. 0. 0. 0. 0. 0. 0. 0. 0.
 0. 0. 0. 0. 0. 0. 0. 0. 0. 0. 0. 0. 0. 0. 0. 0. 0. 0. 0. 0. 0. 0. 0. 0.
 0. 0. 0. 0. 0. 0. 0. 0. 0. 0. 0. 0. 0. 0. 0. 0. 0. 0. 0. 0. 0. 0. 0. 0.
 0. 0. 0. 0. 0. 0. 0. 0. 0. 0. 0. 0. 0. 0. 0. 0. 0. 0. 0. 0. 0. 0. 0. 0.
 0. 0. 0. 0. 0. 0. 0. 0.]
y_pred:  [1. 0. 1. 1. 1. 1. 1. 0. 0. 1. 0. 0. 1. 1. 1. 1. 1. 1. 1. 1. 1. 1. 1. 1.
 1. 1. 1. 1. 1. 1. 0. 0. 1. 0. 0. 0. 1. 1. 0. 1. 0. 1. 1. 0. 1. 0. 1. 0.
 0. 0. 0. 0. 0. 0. 0. 0. 0. 0. 1. 0. 0. 0. 0. 1. 0. 1. 0. 1. 1. 0. 0. 1.
 0. 0. 0. 0. 1. 0. 0. 1. 0. 1. 1. 0. 1. 0. 0. 0. 0. 1. 0. 1. 0. 0. 0. 0.
 0. 1. 0. 0. 0. 0. 0. 0. 0. 0. 0. 1. 0. 0. 1. 0. 0. 0. 0. 1. 1. 0. 0. 0.
 0. 0. 0. 0. 0. 0. 0. 0. 0. 1. 0. 0. 1. 0. 1. 0. 0. 0. 1. 0. 0. 0. 1. 0.
 0. 1. 1. 0. 0. 0. 0. 1. 0. 1. 0. 0. 0. 0. 0. 0. 0. 0. 0. 0. 1. 0. 0. 0.
 1. 1. 0. 1. 0. 0. 0. 1. 1. 0. 0. 0. 1. 0. 0. 1. 0. 0. 0. 0. 0. 1. 1. 0.
 0. 0. 1. 0. 0. 0. 0. 0.]
Time taken: 24.000591039657593 seconds
Running combination 6 of 50
Fitting RandomForest...
Fitting Adaboost...
Fitting AdaBoost_2...
Fitting et...
Fitting gbc...
Fitting gbc_2...
Fitting gbc_3...
Fitting dt...
Fitting lr...
Fitting Lasso_1...
Fitting Lasso_2...
Fitting Lasso_3...
Fitting Lasso_4...
Fitting elasticnet...
VCF file created successfully.
pyseer stderr:  Read 1000 phenotypes
Detected continuous phenotype
Reading all variants

0variants [00:00, ?variants/s]
53variants [00:00, 521.54variants/s]
106variants [00:00, 462.89variants/s]
161variants [00:00, 497.60variants/s]
198variants [00:00, 502.73variants/s]
Applying correlation filtering

  0%|          | 0/198 [00:00<?, ?variants/s]
100%|██████████| 198/198 [00:00<00:00, 2713.46variants/s]
Fitting elastic net to top 148 variants
Best penalty (lambda) from cross-validation: 9.73E+00
Best R^2 from cross-validation: 0.553
Finding and printing selected variants
198 loaded variants
50 pre-filtered variants
148 tested variants
138 printed variants

True importance standardized:  [0.65863259 0.65863259 0.65863259 0.54690622 0.54690622 0.54690622
 0.83358326 0.83358326 0.83358326 1.         1.         1.
 0.66696723 0.66696723 0.66696723 0.35624655 0.35624655 0.35624655
 0.1730402  0.1730402  0.1730402  0.39673025 0.39673025 0.39673025
 0.9833427  0.9833427  0.9833427  0.26865518 0.26865518 0.26865518
 0.         0.         0.         0.         0.         0.
 0.         0.         0.         0.         0.         0.
 0.         0.         0.         0.         0.         0.
 0.         0.         0.         0.         0.         0.
 0.         0.         0.         0.         0.         0.
 0.         0.         0.         0.         0.         0.
 0.         0.         0.         0.         0.         0.
 0.         0.         0.         0.         0.         0.
 0.         0.         0.         0.         0.         0.
 0.         0.         0.         0.         0.         0.
 0.         0.         0.         0.         0.         0.
 0.         0.         0.         0.         0.         0.
 0.         0.         0.         0.         0.         0.
 0.         0.         0.         0.         0.         0.
 0.         0.         0.         0.         0.         0.
 0.         0.         0.         0.         0.         0.
 0.         0.         0.         0.         0.         0.
 0.         0.         0.         0.         0.         0.
 0.         0.         0.         0.         0.         0.
 0.         0.         0.         0.         0.         0.
 0.         0.         0.         0.         0.         0.
 0.         0.         0.         0.         0.         0.
 0.         0.         0.         0.         0.         0.
 0.         0.         0.         0.         0.         0.
 0.         0.         0.         0.         0.         0.
 0.         0.         0.         0.         0.         0.
 0.         0.         0.         0.         0.         0.
 0.         0.         0.         0.         0.         0.
 0.         0.        ]
Normalized importance:  [0.54512628 0.54512628 0.54512628 0.3275632  0.3275632  0.3275632
 0.70503379 0.70503379 0.70503379 1.         1.         1.
 0.49381402 0.49381402 0.49381402 0.09647831 0.         0.09647831
 0.07400652 0.07400652 0.07400652 0.15888807 0.15888807 0.15888807
 0.82764194 0.82764194 0.82764194 0.         0.         0.
 0.         0.         0.         0.         0.         0.
 0.         0.         0.         0.         0.         0.
 0.         0.         0.         0.         0.         0.
 0.         0.         0.         0.         0.         0.
 0.         0.         0.         0.         0.         0.
 0.         0.06927709 0.         0.         0.         0.
 0.         0.         0.         0.         0.         0.
 0.         0.         0.         0.         0.         0.
 0.         0.         0.         0.         0.         0.
 0.         0.         0.         0.         0.         0.
 0.         0.         0.         0.         0.         0.
 0.         0.         0.         0.         0.         0.
 0.         0.         0.         0.         0.         0.
 0.         0.         0.         0.         0.         0.
 0.         0.         0.         0.         0.         0.
 0.         0.         0.         0.         0.         0.
 0.         0.         0.         0.         0.         0.
 0.         0.         0.         0.         0.         0.
 0.         0.         0.         0.         0.         0.
 0.         0.         0.         0.         0.         0.
 0.         0.         0.         0.         0.         0.
 0.         0.         0.         0.         0.         0.
 0.         0.         0.         0.         0.         0.
 0.         0.         0.         0.         0.         0.
 0.         0.         0.         0.         0.         0.
 0.         0.         0.         0.         0.         0.
 0.         0.         0.         0.         0.         0.
 0.         0.         0.         0.         0.0334051  0.
 0.         0.        ]
deepbreaks
y_true:  [1. 1. 1. 0. 0. 0. 1. 1. 1. 1. 1. 1. 1. 1. 1. 0. 0. 0. 0. 0. 0. 0. 0. 0.
 1. 1. 1. 0. 0. 0. 0. 0. 0. 0. 0. 0. 0. 0. 0. 0. 0. 0. 0. 0. 0. 0. 0. 0.
 0. 0. 0. 0. 0. 0. 0. 0. 0. 0. 0. 0. 0. 0. 0. 0. 0. 0. 0. 0. 0. 0. 0. 0.
 0. 0. 0. 0. 0. 0. 0. 0. 0. 0. 0. 0. 0. 0. 0. 0. 0. 0. 0. 0. 0. 0. 0. 0.
 0. 0. 0. 0. 0. 0. 0. 0. 0. 0. 0. 0. 0. 0. 0. 0. 0. 0. 0. 0. 0. 0. 0. 0.
 0. 0. 0. 0. 0. 0. 0. 0. 0. 0. 0. 0. 0. 0. 0. 0. 0. 0. 0. 0. 0. 0. 0. 0.
 0. 0. 0. 0. 0. 0. 0. 0. 0. 0. 0. 0. 0. 0. 0. 0. 0. 0. 0. 0. 0. 0. 0. 0.
 0. 0. 0. 0. 0. 0. 0. 0. 0. 0. 0. 0. 0. 0. 0. 0. 0. 0. 0. 0. 0. 0. 0. 0.
 0. 0. 0. 0. 0. 0. 0. 0.]
y_pred:  [1. 1. 1. 0. 0. 0. 1. 1. 1. 1. 1. 1. 1. 1. 1. 0. 0. 0. 0. 0. 0. 0. 0. 0.
 1. 1. 1. 0. 0. 0. 0. 0. 0. 0. 0. 0. 0. 0. 0. 0. 0. 0. 0. 0. 0. 0. 0. 0.
 0. 0. 0. 0. 0. 0. 0. 0. 0. 0. 0. 0. 0. 0. 0. 0. 0. 0. 0. 0. 0. 0. 0. 0.
 0. 0. 0. 0. 0. 0. 0. 0. 0. 0. 0. 0. 0. 0. 0. 0. 0. 0. 0. 0. 0. 0. 0. 0.
 0. 0. 0. 0. 0. 0. 0. 0. 0. 0. 0. 0. 0. 0. 0. 0. 0. 0. 0. 0. 0. 0. 0. 0.
 0. 0. 0. 0. 0. 0. 0. 0. 0. 0. 0. 0. 0. 0. 0. 0. 0. 0. 0. 0. 0. 0. 0. 0.
 0. 0. 0. 0. 0. 0. 0. 0. 0. 0. 0. 0. 0. 0. 0. 0. 0. 0. 0. 0. 0. 0. 0. 0.
 0. 0. 0. 0. 0. 0. 0. 0. 0. 0. 0. 0. 0. 0. 0. 0. 0. 0. 0. 0. 0. 0. 0. 0.
 0. 0. 0. 0. 0. 0. 0. 0.]
Normalized importance:  [6.93023256e-01 3.00775194e-01 2.55813953e-01 6.00000000e-01
 1.59689922e-01 1.90697674e-01 8.13953488e-01 3.68992248e-01
 2.36434109e-01 1.00000000e+00 4.15503876e-01 3.51937984e-01
 8.13953488e-01 1.68217054e-01 1.75193798e-01 5.47286822e-01
 1.51937984e-01 1.65891473e-01 2.09302326e-01 2.64341085e-02
 2.34883721e-01 5.93798450e-01 2.17054264e-01 1.37209302e-02
 1.00000000e+00 3.09302326e-01 3.86046512e-01 2.64341085e-01
 4.76744186e-03 2.51937984e-01 0.00000000e+00 0.00000000e+00
 8.21705426e-02 6.92248062e-02 2.60465116e-02 4.72093023e-02
 0.00000000e+00 0.00000000e+00 0.00000000e+00 0.00000000e+00
 5.81395349e-02 9.68992248e-02 2.04651163e-02 1.06201550e-01
 1.37209302e-01 1.41085271e-01 1.35658915e-01 0.00000000e+00
 0.00000000e+00 1.37984496e-01 7.75193798e-02 0.00000000e+00
 8.44961240e-02 9.61240310e-02 6.17054264e-03 0.00000000e+00
 1.79844961e-01 9.30232558e-02 1.66666667e-02 1.27906977e-01
 3.81395349e-02 2.61240310e-01 1.11627907e-01 0.00000000e+00
 0.00000000e+00 0.00000000e+00 5.89922481e-02 0.00000000e+00
 1.62015504e-01 1.41085271e-01 1.98449612e-01 0.00000000e+00
 0.00000000e+00 0.00000000e+00 0.00000000e+00 0.00000000e+00
 5.20930233e-02 0.00000000e+00 0.00000000e+00 1.72093023e-01
 5.94573643e-02 1.33333333e-01 0.00000000e+00 5.16279070e-02
 1.10077519e-01 4.86046512e-02 0.00000000e+00 5.93023256e-02
 0.00000000e+00 0.00000000e+00 3.12403101e-02 0.00000000e+00
 0.00000000e+00 1.86821705e-01 9.37984496e-02 6.93798450e-02
 8.44961240e-03 2.58139535e-01 0.00000000e+00 3.18604651e-02
 0.00000000e+00 1.81395349e-01 0.00000000e+00 0.00000000e+00
 4.86046512e-02 1.89922481e-01 1.19379845e-01 2.24031008e-02
 0.00000000e+00 0.00000000e+00 1.37984496e-01 9.45736434e-03
 4.70542636e-02 1.35658915e-01 2.15503876e-01 1.20930233e-01
 1.40310078e-01 1.78294574e-02 3.42635659e-02 1.59689922e-01
 4.54263566e-02 1.20155039e-01 0.00000000e+00 6.09302326e-02
 8.99224806e-02 7.07751938e-02 7.63565891e-02 0.00000000e+00
 2.89922481e-02 1.71317829e-01 6.41085271e-02 0.00000000e+00
 2.30232558e-01 1.31782946e-01 0.00000000e+00 0.00000000e+00
 2.50387597e-01 1.68992248e-01 0.00000000e+00 1.28682171e-01
 5.41085271e-04 8.37209302e-02 0.00000000e+00 6.75968992e-02
 1.52713178e-01 9.37984496e-02 1.57364341e-01 3.44961240e-02
 0.00000000e+00 6.45736434e-02 0.00000000e+00 9.22480620e-02
 3.86046512e-02 1.35658915e-01 0.00000000e+00 0.00000000e+00
 5.25581395e-02 0.00000000e+00 0.00000000e+00 1.44186047e-02
 7.03875969e-02 1.38759690e-01 2.02325581e-01 2.31007752e-01
 0.00000000e+00 3.40310078e-02 0.00000000e+00 2.50387597e-02
 7.35658915e-02 0.00000000e+00 0.00000000e+00 9.22480620e-02
 0.00000000e+00 1.60465116e-02 0.00000000e+00 1.49612403e-01
 4.80620155e-02 1.85271318e-01 6.32558140e-02 1.67441860e-01
 0.00000000e+00 1.13953488e-01 9.37984496e-02 0.00000000e+00
 1.11627907e-01 0.00000000e+00 0.00000000e+00 7.37984496e-02
 0.00000000e+00 0.00000000e+00 4.79844961e-03 7.41860465e-02
 0.00000000e+00 6.17054264e-02 1.82170543e-02 9.53488372e-02
 1.79069767e-01 0.00000000e+00 0.00000000e+00 0.00000000e+00]
pyseer
y_true:  [1. 1. 1. 0. 0. 0. 1. 1. 1. 1. 1. 1. 1. 1. 1. 0. 0. 0. 0. 0. 0. 0. 0. 0.
 1. 1. 1. 0. 0. 0. 0. 0. 0. 0. 0. 0. 0. 0. 0. 0. 0. 0. 0. 0. 0. 0. 0. 0.
 0. 0. 0. 0. 0. 0. 0. 0. 0. 0. 0. 0. 0. 0. 0. 0. 0. 0. 0. 0. 0. 0. 0. 0.
 0. 0. 0. 0. 0. 0. 0. 0. 0. 0. 0. 0. 0. 0. 0. 0. 0. 0. 0. 0. 0. 0. 0. 0.
 0. 0. 0. 0. 0. 0. 0. 0. 0. 0. 0. 0. 0. 0. 0. 0. 0. 0. 0. 0. 0. 0. 0. 0.
 0. 0. 0. 0. 0. 0. 0. 0. 0. 0. 0. 0. 0. 0. 0. 0. 0. 0. 0. 0. 0. 0. 0. 0.
 0. 0. 0. 0. 0. 0. 0. 0. 0. 0. 0. 0. 0. 0. 0. 0. 0. 0. 0. 0. 0. 0. 0. 0.
 0. 0. 0. 0. 0. 0. 0. 0. 0. 0. 0. 0. 0. 0. 0. 0. 0. 0. 0. 0. 0. 0. 0. 0.
 0. 0. 0. 0. 0. 0. 0. 0.]
y_pred:  [1. 1. 1. 1. 1. 1. 1. 1. 1. 1. 1. 1. 1. 1. 1. 1. 1. 1. 1. 0. 1. 1. 1. 0.
 1. 1. 1. 1. 0. 1. 0. 0. 0. 0. 0. 0. 0. 0. 0. 0. 0. 0. 0. 0. 1. 1. 1. 0.
 0. 1. 0. 0. 0. 0. 0. 0. 1. 0. 0. 1. 0. 1. 1. 0. 0. 0. 0. 0. 1. 1. 1. 0.
 0. 0. 0. 0. 0. 0. 0. 1. 0. 1. 0. 0. 0. 0. 0. 0. 0. 0. 0. 0. 0. 1. 0. 0.
 0. 1. 0. 0. 0. 1. 0. 0. 0. 1. 1. 0. 0. 0. 1. 0. 0. 1. 1. 1. 1. 0. 0. 1.
 0. 1. 0. 0. 0. 0. 0. 0. 0. 1. 0. 0. 1. 1. 0. 0. 1. 1. 0. 1. 0. 0. 0. 0.
 1. 0. 1. 0. 0. 0. 0. 0. 0. 1. 0. 0. 0. 0. 0. 0. 0. 1. 1. 1. 0. 0. 0. 0.
 0. 0. 0. 0. 0. 0. 0. 1. 0. 1. 0. 1. 0. 1. 0. 0. 1. 0. 0. 0. 0. 0. 0. 0.
 0. 0. 0. 0. 1. 0. 0. 0.]
Time taken: 23.539734840393066 seconds
Running combination 7 of 50
Fitting RandomForest...
Fitting Adaboost...
Fitting AdaBoost_2...
Fitting et...
Fitting gbc...
Fitting gbc_2...
Fitting gbc_3...
Fitting dt...
Fitting lr...
Fitting Lasso_1...
Fitting Lasso_2...
Fitting Lasso_3...
Fitting Lasso_4...
Fitting elasticnet...
VCF file created successfully.
pyseer stderr:  Read 1000 phenotypes
Detected continuous phenotype
Reading all variants

0variants [00:00, ?variants/s]
50variants [00:00, 495.47variants/s]
100variants [00:00, 428.59variants/s]
152variants [00:00, 464.49variants/s]
198variants [00:00, 472.14variants/s]
Applying correlation filtering

  0%|          | 0/198 [00:00<?, ?variants/s]
100%|██████████| 198/198 [00:00<00:00, 2485.09variants/s]
Fitting elastic net to top 148 variants
Best penalty (lambda) from cross-validation: 2.56E+00
Best R^2 from cross-validation: 0.582
Finding and printing selected variants
198 loaded variants
50 pre-filtered variants
148 tested variants
145 printed variants

True importance standardized:  [0.20914118 0.20914118 0.20914118 0.74438767 0.74438767 0.74438767
 0.22414754 0.22414754 0.22414754 0.14724293 0.14724293 0.14724293
 0.32831935 0.32831935 0.32831935 0.71523621 0.71523621 0.71523621
 0.14578928 0.14578928 0.14578928 0.92227198 0.92227198 0.92227198
 0.22136558 0.22136558 0.22136558 1.         1.         1.
 0.         0.         0.         0.         0.         0.
 0.         0.         0.         0.         0.         0.
 0.         0.         0.         0.         0.         0.
 0.         0.         0.         0.         0.         0.
 0.         0.         0.         0.         0.         0.
 0.         0.         0.         0.         0.         0.
 0.         0.         0.         0.         0.         0.
 0.         0.         0.         0.         0.         0.
 0.         0.         0.         0.         0.         0.
 0.         0.         0.         0.         0.         0.
 0.         0.         0.         0.         0.         0.
 0.         0.         0.         0.         0.         0.
 0.         0.         0.         0.         0.         0.
 0.         0.         0.         0.         0.         0.
 0.         0.         0.         0.         0.         0.
 0.         0.         0.         0.         0.         0.
 0.         0.         0.         0.         0.         0.
 0.         0.         0.         0.         0.         0.
 0.         0.         0.         0.         0.         0.
 0.         0.         0.         0.         0.         0.
 0.         0.         0.         0.         0.         0.
 0.         0.         0.         0.         0.         0.
 0.         0.         0.         0.         0.         0.
 0.         0.         0.         0.         0.         0.
 0.         0.         0.         0.         0.         0.
 0.         0.         0.         0.         0.         0.
 0.         0.         0.         0.         0.         0.
 0.         0.         0.         0.         0.         0.
 0.         0.        ]
Normalized importance:  [0.06108516 0.         0.         0.68614647 0.68614647 0.68614647
 0.0766563  0.         0.0766563  0.         0.         0.
 0.12582801 0.12582801 0.12582801 0.64061583 0.64061583 0.64061583
 0.         0.         0.         0.90205633 0.90205633 0.90205633
 0.06970034 0.         0.06970034 1.         1.         1.
 0.         0.         0.         0.         0.         0.
 0.         0.         0.         0.         0.         0.
 0.         0.         0.         0.         0.         0.
 0.         0.         0.         0.         0.         0.
 0.         0.         0.         0.         0.02215067 0.
 0.         0.         0.         0.         0.         0.
 0.         0.         0.         0.         0.         0.
 0.         0.         0.         0.         0.         0.
 0.         0.         0.         0.         0.         0.
 0.         0.         0.         0.         0.         0.
 0.         0.         0.         0.         0.         0.
 0.         0.         0.         0.         0.         0.
 0.         0.         0.         0.         0.         0.
 0.         0.         0.04646417 0.         0.         0.
 0.         0.         0.         0.         0.         0.
 0.         0.         0.         0.         0.         0.
 0.02306526 0.         0.         0.         0.         0.
 0.         0.         0.         0.         0.         0.
 0.         0.         0.         0.         0.         0.
 0.         0.         0.         0.         0.         0.
 0.         0.         0.         0.         0.         0.
 0.         0.         0.         0.         0.         0.
 0.         0.         0.         0.         0.         0.
 0.         0.         0.         0.         0.         0.
 0.         0.         0.         0.         0.         0.
 0.         0.         0.         0.         0.         0.
 0.         0.         0.         0.         0.         0.
 0.         0.06118719 0.         0.         0.         0.
 0.         0.        ]
deepbreaks
y_true:  [0. 0. 0. 1. 1. 1. 0. 0. 0. 0. 0. 0. 1. 1. 1. 1. 1. 1. 0. 0. 0. 1. 1. 1.
 0. 0. 0. 1. 1. 1. 0. 0. 0. 0. 0. 0. 0. 0. 0. 0. 0. 0. 0. 0. 0. 0. 0. 0.
 0. 0. 0. 0. 0. 0. 0. 0. 0. 0. 0. 0. 0. 0. 0. 0. 0. 0. 0. 0. 0. 0. 0. 0.
 0. 0. 0. 0. 0. 0. 0. 0. 0. 0. 0. 0. 0. 0. 0. 0. 0. 0. 0. 0. 0. 0. 0. 0.
 0. 0. 0. 0. 0. 0. 0. 0. 0. 0. 0. 0. 0. 0. 0. 0. 0. 0. 0. 0. 0. 0. 0. 0.
 0. 0. 0. 0. 0. 0. 0. 0. 0. 0. 0. 0. 0. 0. 0. 0. 0. 0. 0. 0. 0. 0. 0. 0.
 0. 0. 0. 0. 0. 0. 0. 0. 0. 0. 0. 0. 0. 0. 0. 0. 0. 0. 0. 0. 0. 0. 0. 0.
 0. 0. 0. 0. 0. 0. 0. 0. 0. 0. 0. 0. 0. 0. 0. 0. 0. 0. 0. 0. 0. 0. 0. 0.
 0. 0. 0. 0. 0. 0. 0. 0.]
y_pred:  [0. 0. 0. 1. 1. 1. 0. 0. 0. 0. 0. 0. 0. 0. 0. 1. 1. 1. 0. 0. 0. 1. 1. 1.
 0. 0. 0. 1. 1. 1. 0. 0. 0. 0. 0. 0. 0. 0. 0. 0. 0. 0. 0. 0. 0. 0. 0. 0.
 0. 0. 0. 0. 0. 0. 0. 0. 0. 0. 0. 0. 0. 0. 0. 0. 0. 0. 0. 0. 0. 0. 0. 0.
 0. 0. 0. 0. 0. 0. 0. 0. 0. 0. 0. 0. 0. 0. 0. 0. 0. 0. 0. 0. 0. 0. 0. 0.
 0. 0. 0. 0. 0. 0. 0. 0. 0. 0. 0. 0. 0. 0. 0. 0. 0. 0. 0. 0. 0. 0. 0. 0.
 0. 0. 0. 0. 0. 0. 0. 0. 0. 0. 0. 0. 0. 0. 0. 0. 0. 0. 0. 0. 0. 0. 0. 0.
 0. 0. 0. 0. 0. 0. 0. 0. 0. 0. 0. 0. 0. 0. 0. 0. 0. 0. 0. 0. 0. 0. 0. 0.
 0. 0. 0. 0. 0. 0. 0. 0. 0. 0. 0. 0. 0. 0. 0. 0. 0. 0. 0. 0. 0. 0. 0. 0.
 0. 0. 0. 0. 0. 0. 0. 0.]
Normalized importance:  [0.30779221 0.06805195 0.00820779 0.7987013  0.27532468 0.01909091
 0.29350649 0.08636364 0.10935065 0.18181818 0.06415584 0.02753247
 0.39480519 0.02649351 0.10441558 0.81948052 0.17272727 0.18311688
 0.29350649 0.08662338 0.01948052 0.93636364 0.27272727 0.27922078
 0.35584416 0.13506494 0.0075974  1.         0.1987013  0.30909091
 0.00451948 0.02584416 0.08558442 0.12454545 0.         0.10350649
 0.         0.07012987 0.         0.         0.06324675 0.14415584
 0.04142857 0.01350649 0.06909091 0.10779221 0.         0.00393506
 0.01688312 0.         0.10311688 0.         0.         0.09311688
 0.         0.         0.08922078 0.07142857 0.14285714 0.00497403
 0.07753247 0.         0.06207792 0.08532468 0.08077922 0.08558442
 0.12948052 0.         0.09857143 0.16493506 0.09220779 0.03454545
 0.         0.07168831 0.04974026 0.         0.10857143 0.
 0.13506494 0.05285714 0.         0.04922078 0.02220779 0.01115584
 0.08519481 0.         0.09532468 0.16883117 0.07519481 0.
 0.07935065 0.10948052 0.08285714 0.01883117 0.         0.05558442
 0.         0.         0.12103896 0.         0.02831169 0.
 0.08675325 0.         0.12493506 0.04207792 0.04194805 0.05701299
 0.10922078 0.05272727 0.13896104 0.11155844 0.15974026 0.0538961
 0.3        0.01177922 0.09233766 0.05623377 0.05090909 0.
 0.         0.         0.12714286 0.         0.05571429 0.
 0.19090909 0.06207792 0.03818182 0.03571429 0.         0.16883117
 0.         0.         0.         0.05454545 0.         0.
 0.10441558 0.09077922 0.         0.15324675 0.         0.0274026
 0.17272727 0.02298701 0.07350649 0.         0.06701299 0.0825974
 0.         0.02831169 0.         0.08792208 0.         0.04805195
 0.00766234 0.09857143 0.02168831 0.08883117 0.0374026  0.08051948
 0.03246753 0.03727273 0.00754545 0.         0.03415584 0.1225974
 0.         0.03298701 0.09662338 0.1261039  0.05298701 0.03051948
 0.04896104 0.05727273 0.14675325 0.         0.07415584 0.
 0.         0.         0.         0.01324675 0.         0.01961039
 0.         0.00628571 0.07116883 0.10766234 0.01146753 0.0838961
 0.         0.14415584 0.         0.02220779 0.         0.13506494
 0.         0.        ]
pyseer
y_true:  [0. 0. 0. 1. 1. 1. 0. 0. 0. 0. 0. 0. 1. 1. 1. 1. 1. 1. 0. 0. 0. 1. 1. 1.
 0. 0. 0. 1. 1. 1. 0. 0. 0. 0. 0. 0. 0. 0. 0. 0. 0. 0. 0. 0. 0. 0. 0. 0.
 0. 0. 0. 0. 0. 0. 0. 0. 0. 0. 0. 0. 0. 0. 0. 0. 0. 0. 0. 0. 0. 0. 0. 0.
 0. 0. 0. 0. 0. 0. 0. 0. 0. 0. 0. 0. 0. 0. 0. 0. 0. 0. 0. 0. 0. 0. 0. 0.
 0. 0. 0. 0. 0. 0. 0. 0. 0. 0. 0. 0. 0. 0. 0. 0. 0. 0. 0. 0. 0. 0. 0. 0.
 0. 0. 0. 0. 0. 0. 0. 0. 0. 0. 0. 0. 0. 0. 0. 0. 0. 0. 0. 0. 0. 0. 0. 0.
 0. 0. 0. 0. 0. 0. 0. 0. 0. 0. 0. 0. 0. 0. 0. 0. 0. 0. 0. 0. 0. 0. 0. 0.
 0. 0. 0. 0. 0. 0. 0. 0. 0. 0. 0. 0. 0. 0. 0. 0. 0. 0. 0. 0. 0. 0. 0. 0.
 0. 0. 0. 0. 0. 0. 0. 0.]
y_pred:  [1. 0. 0. 1. 1. 0. 1. 1. 1. 1. 0. 0. 1. 0. 1. 1. 1. 1. 1. 1. 0. 1. 1. 1.
 1. 1. 0. 1. 1. 1. 0. 0. 1. 1. 0. 1. 0. 0. 0. 0. 0. 1. 0. 0. 0. 1. 0. 0.
 0. 0. 1. 0. 0. 1. 0. 0. 1. 0. 1. 0. 0. 0. 0. 1. 1. 1. 1. 0. 1. 1. 1. 0.
 0. 0. 0. 0. 1. 0. 1. 0. 0. 0. 0. 0. 1. 0. 1. 1. 0. 0. 0. 1. 1. 0. 0. 0.
 0. 0. 1. 0. 0. 0. 1. 0. 1. 0. 0. 0. 1. 0. 1. 1. 1. 0. 1. 0. 1. 0. 0. 0.
 0. 0. 1. 0. 0. 0. 1. 0. 0. 0. 0. 1. 0. 0. 0. 0. 0. 0. 1. 1. 0. 1. 0. 0.
 1. 0. 0. 0. 0. 1. 0. 0. 0. 1. 0. 0. 0. 1. 0. 1. 0. 0. 0. 0. 0. 0. 0. 1.
 0. 0. 1. 1. 0. 0. 0. 0. 1. 0. 0. 0. 0. 0. 0. 0. 0. 0. 0. 0. 0. 1. 0. 1.
 0. 1. 0. 0. 0. 1. 0. 0.]
Time taken: 25.46326184272766 seconds
Running combination 8 of 50
Fitting RandomForest...
Fitting Adaboost...
Fitting AdaBoost_2...
Fitting et...
Fitting gbc...
Fitting gbc_2...
Fitting gbc_3...
Fitting dt...
Fitting lr...
Fitting Lasso_1...
Fitting Lasso_2...
Fitting Lasso_3...
Fitting Lasso_4...
Fitting elasticnet...
VCF file created successfully.
pyseer stderr:  Read 1000 phenotypes
Detected continuous phenotype
Reading all variants

0variants [00:00, ?variants/s]
56variants [00:00, 551.05variants/s]
112variants [00:00, 482.59variants/s]
168variants [00:00, 513.01variants/s]
198variants [00:00, 517.12variants/s]
Applying correlation filtering

  0%|          | 0/198 [00:00<?, ?variants/s]
100%|██████████| 198/198 [00:00<00:00, 2719.20variants/s]
Fitting elastic net to top 148 variants
Best penalty (lambda) from cross-validation: 1.24E+01
Best R^2 from cross-validation: 0.520
Finding and printing selected variants
198 loaded variants
50 pre-filtered variants
148 tested variants
139 printed variants

True importance standardized:  [1.         1.         1.         0.48926299 0.48926299 0.48926299
 0.66218532 0.66218532 0.66218532 0.19491521 0.19491521 0.19491521
 0.36529613 0.36529613 0.36529613 0.80303853 0.80303853 0.80303853
 0.91295977 0.91295977 0.91295977 0.38874165 0.38874165 0.38874165
 0.73231623 0.73231623 0.73231623 0.78812778 0.78812778 0.78812778
 0.         0.         0.         0.         0.         0.
 0.         0.         0.         0.         0.         0.
 0.         0.         0.         0.         0.         0.
 0.         0.         0.         0.         0.         0.
 0.         0.         0.         0.         0.         0.
 0.         0.         0.         0.         0.         0.
 0.         0.         0.         0.         0.         0.
 0.         0.         0.         0.         0.         0.
 0.         0.         0.         0.         0.         0.
 0.         0.         0.         0.         0.         0.
 0.         0.         0.         0.         0.         0.
 0.         0.         0.         0.         0.         0.
 0.         0.         0.         0.         0.         0.
 0.         0.         0.         0.         0.         0.
 0.         0.         0.         0.         0.         0.
 0.         0.         0.         0.         0.         0.
 0.         0.         0.         0.         0.         0.
 0.         0.         0.         0.         0.         0.
 0.         0.         0.         0.         0.         0.
 0.         0.         0.         0.         0.         0.
 0.         0.         0.         0.         0.         0.
 0.         0.         0.         0.         0.         0.
 0.         0.         0.         0.         0.         0.
 0.         0.         0.         0.         0.         0.
 0.         0.         0.         0.         0.         0.
 0.         0.         0.         0.         0.         0.
 0.         0.         0.         0.         0.         0.
 0.         0.         0.         0.         0.         0.
 0.         0.        ]
Normalized importance:  [1.         1.         1.         0.1466232  0.1466232  0.1466232
 0.36587652 0.36587652 0.36587652 0.03835998 0.03835998 0.
 0.2860112  0.2860112  0.2860112  0.72855748 0.72855748 0.72855748
 0.88990508 0.88990508 0.88990508 0.12214734 0.12214734 0.12214734
 0.47909349 0.47909349 0.47909349 0.55459352 0.55459352 0.55459352
 0.         0.         0.         0.         0.         0.
 0.         0.         0.         0.         0.         0.
 0.0212913  0.         0.         0.         0.         0.
 0.         0.         0.         0.         0.01944863 0.
 0.         0.         0.         0.         0.         0.
 0.         0.         0.         0.         0.         0.
 0.         0.         0.         0.         0.         0.
 0.         0.         0.         0.         0.         0.
 0.         0.         0.         0.         0.         0.
 0.         0.         0.         0.         0.         0.
 0.         0.         0.         0.         0.         0.02648355
 0.         0.         0.         0.         0.         0.
 0.         0.         0.         0.         0.         0.
 0.         0.         0.         0.         0.         0.
 0.         0.         0.         0.         0.         0.
 0.         0.         0.         0.         0.         0.
 0.         0.         0.         0.         0.         0.
 0.         0.         0.         0.         0.         0.
 0.         0.         0.         0.         0.         0.07352858
 0.         0.         0.         0.         0.         0.
 0.0399432  0.         0.         0.         0.07255843 0.
 0.         0.         0.         0.         0.         0.
 0.         0.         0.         0.         0.         0.
 0.         0.         0.         0.         0.         0.
 0.         0.         0.         0.         0.         0.
 0.         0.         0.         0.         0.         0.
 0.         0.         0.         0.         0.         0.
 0.         0.         0.         0.         0.         0.
 0.         0.        ]
deepbreaks
y_true:  [1. 1. 1. 0. 0. 0. 0. 0. 0. 0. 0. 0. 0. 0. 0. 1. 1. 1. 1. 1. 1. 0. 0. 0.
 1. 1. 1. 1. 1. 1. 0. 0. 0. 0. 0. 0. 0. 0. 0. 0. 0. 0. 0. 0. 0. 0. 0. 0.
 0. 0. 0. 0. 0. 0. 0. 0. 0. 0. 0. 0. 0. 0. 0. 0. 0. 0. 0. 0. 0. 0. 0. 0.
 0. 0. 0. 0. 0. 0. 0. 0. 0. 0. 0. 0. 0. 0. 0. 0. 0. 0. 0. 0. 0. 0. 0. 0.
 0. 0. 0. 0. 0. 0. 0. 0. 0. 0. 0. 0. 0. 0. 0. 0. 0. 0. 0. 0. 0. 0. 0. 0.
 0. 0. 0. 0. 0. 0. 0. 0. 0. 0. 0. 0. 0. 0. 0. 0. 0. 0. 0. 0. 0. 0. 0. 0.
 0. 0. 0. 0. 0. 0. 0. 0. 0. 0. 0. 0. 0. 0. 0. 0. 0. 0. 0. 0. 0. 0. 0. 0.
 0. 0. 0. 0. 0. 0. 0. 0. 0. 0. 0. 0. 0. 0. 0. 0. 0. 0. 0. 0. 0. 0. 0. 0.
 0. 0. 0. 0. 0. 0. 0. 0.]
y_pred:  [1. 1. 1. 0. 0. 0. 1. 1. 1. 0. 0. 0. 0. 0. 0. 1. 1. 1. 1. 1. 1. 0. 0. 0.
 1. 1. 1. 1. 1. 1. 0. 0. 0. 0. 0. 0. 0. 0. 0. 0. 0. 0. 0. 0. 0. 0. 0. 0.
 0. 0. 0. 0. 0. 0. 0. 0. 0. 0. 0. 0. 0. 0. 0. 0. 0. 0. 0. 0. 0. 0. 0. 0.
 0. 0. 0. 0. 0. 0. 0. 0. 0. 0. 0. 0. 0. 0. 0. 0. 0. 0. 0. 0. 0. 0. 0. 0.
 0. 0. 0. 0. 0. 0. 0. 0. 0. 0. 0. 0. 0. 0. 0. 0. 0. 0. 0. 0. 0. 0. 0. 0.
 0. 0. 0. 0. 0. 0. 0. 0. 0. 0. 0. 0. 0. 0. 0. 0. 0. 0. 0. 0. 0. 0. 0. 0.
 0. 0. 0. 0. 0. 0. 0. 0. 0. 0. 0. 0. 0. 0. 0. 0. 0. 0. 0. 0. 0. 0. 0. 0.
 0. 0. 0. 0. 0. 0. 0. 0. 0. 0. 0. 0. 0. 0. 0. 0. 0. 0. 0. 0. 0. 0. 0. 0.
 0. 0. 0. 0. 0. 0. 0. 0.]
Normalized importance:  [1.         0.41588785 0.42242991 0.33364486 0.18504673 0.32990654
 0.68598131 0.42149533 0.17383178 0.24766355 0.32803738 0.01897196
 0.52242991 0.10186916 0.17850467 0.97196262 0.14018692 0.22523364
 1.         0.18598131 0.40560748 0.31121495 0.22429907 0.09009346
 0.72897196 0.21308411 0.44766355 0.73925234 0.38317757 0.34018692
 0.04401869 0.01691589 0.05672897 0.04719626 0.18598131 0.00333645
 0.12990654 0.10560748 0.18598131 0.02981308 0.12056075 0.06626168
 0.2364486  0.12990654 0.13271028 0.1953271  0.02616822 0.
 0.         0.14205607 0.29439252 0.0051028  0.2411215  0.
 0.13738318 0.         0.         0.         0.00907477 0.
 0.17850467 0.         0.         0.04327103 0.18317757 0.01728972
 0.         0.07233645 0.20280374 0.00359813 0.         0.
 0.         0.00196262 0.09906542 0.1046729  0.06794393 0.1271028
 0.10560748 0.0528972  0.05074766 0.06149533 0.02149533 0.
 0.         0.05878505 0.02738318 0.         0.02588785 0.
 0.         0.06775701 0.19065421 0.10560748 0.1317757  0.08719626
 0.21028037 0.09439252 0.         0.02869159 0.02588785 0.
 0.         0.23738318 0.07785047 0.14205607 0.         0.27663551
 0.04841121 0.11775701 0.15514019 0.         0.21028037 0.14953271
 0.         0.02252336 0.         0.         0.15700935 0.22336449
 0.00382243 0.         0.12523364 0.22616822 0.         0.
 0.         0.         0.14579439 0.         0.16915888 0.11682243
 0.03850467 0.         0.         0.17383178 0.00463551 0.01392523
 0.         0.         0.04626168 0.         0.03317757 0.28878505
 0.18130841 0.02420561 0.20841121 0.04345794 0.01654206 0.16261682
 0.19252336 0.         0.10280374 0.15140187 0.23364486 0.02224299
 0.1046729  0.         0.04074766 0.         0.         0.
 0.         0.         0.         0.1271028  0.         0.
 0.         0.22429907 0.19626168 0.         0.         0.03504673
 0.         0.04570093 0.13831776 0.20093458 0.05990654 0.1364486
 0.         0.         0.21121495 0.2046729  0.         0.0135514
 0.02514019 0.11308411 0.         0.0346729  0.         0.
 0.1317757  0.1953271  0.         0.         0.08205607 0.19252336
 0.         0.        ]
pyseer
y_true:  [1. 1. 1. 0. 0. 0. 0. 0. 0. 0. 0. 0. 0. 0. 0. 1. 1. 1. 1. 1. 1. 0. 0. 0.
 1. 1. 1. 1. 1. 1. 0. 0. 0. 0. 0. 0. 0. 0. 0. 0. 0. 0. 0. 0. 0. 0. 0. 0.
 0. 0. 0. 0. 0. 0. 0. 0. 0. 0. 0. 0. 0. 0. 0. 0. 0. 0. 0. 0. 0. 0. 0. 0.
 0. 0. 0. 0. 0. 0. 0. 0. 0. 0. 0. 0. 0. 0. 0. 0. 0. 0. 0. 0. 0. 0. 0. 0.
 0. 0. 0. 0. 0. 0. 0. 0. 0. 0. 0. 0. 0. 0. 0. 0. 0. 0. 0. 0. 0. 0. 0. 0.
 0. 0. 0. 0. 0. 0. 0. 0. 0. 0. 0. 0. 0. 0. 0. 0. 0. 0. 0. 0. 0. 0. 0. 0.
 0. 0. 0. 0. 0. 0. 0. 0. 0. 0. 0. 0. 0. 0. 0. 0. 0. 0. 0. 0. 0. 0. 0. 0.
 0. 0. 0. 0. 0. 0. 0. 0. 0. 0. 0. 0. 0. 0. 0. 0. 0. 0. 0. 0. 0. 0. 0. 0.
 0. 0. 0. 0. 0. 0. 0. 0.]
y_pred:  [1. 1. 1. 1. 1. 1. 1. 1. 1. 1. 1. 0. 1. 0. 1. 1. 1. 1. 1. 1. 1. 1. 1. 0.
 1. 1. 1. 1. 1. 1. 0. 0. 0. 0. 1. 0. 0. 0. 1. 0. 0. 0. 1. 0. 1. 1. 0. 0.
 0. 1. 1. 0. 1. 0. 1. 0. 0. 0. 0. 0. 1. 0. 0. 0. 1. 0. 0. 0. 1. 0. 0. 0.
 0. 0. 0. 0. 0. 0. 0. 0. 0. 0. 0. 0. 0. 0. 0. 0. 0. 0. 0. 0. 1. 0. 1. 0.
 1. 0. 0. 0. 0. 0. 0. 1. 0. 1. 0. 1. 0. 0. 1. 0. 1. 1. 0. 0. 0. 0. 1. 1.
 0. 0. 0. 1. 0. 0. 0. 0. 1. 0. 1. 0. 0. 0. 0. 1. 0. 0. 0. 0. 0. 0. 0. 1.
 1. 0. 1. 0. 0. 1. 1. 0. 0. 1. 1. 0. 0. 0. 0. 0. 0. 0. 0. 0. 0. 0. 0. 0.
 0. 1. 1. 0. 0. 0. 0. 0. 1. 1. 0. 1. 0. 0. 1. 1. 0. 0. 0. 0. 0. 0. 0. 0.
 1. 1. 0. 0. 0. 1. 0. 0.]
Time taken: 23.994118213653564 seconds
Running combination 9 of 50
Fitting RandomForest...
Fitting Adaboost...
Fitting AdaBoost_2...
Fitting et...
Fitting gbc...
Fitting gbc_2...
Fitting gbc_3...
Fitting dt...
Fitting lr...
Fitting Lasso_1...
Fitting Lasso_2...
Fitting Lasso_3...
Fitting Lasso_4...
Fitting elasticnet...
VCF file created successfully.
pyseer stderr:  Read 1000 phenotypes
Detected continuous phenotype
Reading all variants

0variants [00:00, ?variants/s]
55variants [00:00, 545.60variants/s]
110variants [00:00, 484.73variants/s]
166variants [00:00, 515.61variants/s]
198variants [00:00, 520.41variants/s]
Applying correlation filtering

  0%|          | 0/198 [00:00<?, ?variants/s]
100%|██████████| 198/198 [00:00<00:00, 2729.34variants/s]
Fitting elastic net to top 148 variants
Best penalty (lambda) from cross-validation: 3.29E+01
Best R^2 from cross-validation: 0.413
Finding and printing selected variants
198 loaded variants
50 pre-filtered variants
148 tested variants
143 printed variants

True importance standardized:  [0.35891288 0.35891288 0.35891288 0.41416179 0.41416179 0.41416179
 0.98105063 0.98105063 0.98105063 1.         1.         1.
 0.58826984 0.58826984 0.58826984 0.703919   0.703919   0.703919
 0.80789078 0.80789078 0.80789078 0.91419667 0.91419667 0.91419667
 0.91825387 0.91825387 0.91825387 0.58598068 0.58598068 0.58598068
 0.         0.         0.         0.         0.         0.
 0.         0.         0.         0.         0.         0.
 0.         0.         0.         0.         0.         0.
 0.         0.         0.         0.         0.         0.
 0.         0.         0.         0.         0.         0.
 0.         0.         0.         0.         0.         0.
 0.         0.         0.         0.         0.         0.
 0.         0.         0.         0.         0.         0.
 0.         0.         0.         0.         0.         0.
 0.         0.         0.         0.         0.         0.
 0.         0.         0.         0.         0.         0.
 0.         0.         0.         0.         0.         0.
 0.         0.         0.         0.         0.         0.
 0.         0.         0.         0.         0.         0.
 0.         0.         0.         0.         0.         0.
 0.         0.         0.         0.         0.         0.
 0.         0.         0.         0.         0.         0.
 0.         0.         0.         0.         0.         0.
 0.         0.         0.         0.         0.         0.
 0.         0.         0.         0.         0.         0.
 0.         0.         0.         0.         0.         0.
 0.         0.         0.         0.         0.         0.
 0.         0.         0.         0.         0.         0.
 0.         0.         0.         0.         0.         0.
 0.         0.         0.         0.         0.         0.
 0.         0.         0.         0.         0.         0.
 0.         0.         0.         0.         0.         0.
 0.         0.         0.         0.         0.         0.
 0.         0.        ]
Normalized importance:  [0.         0.         0.         0.1553162  0.         0.1553162
 0.97634596 0.97634596 0.97634596 1.         1.         1.
 0.69268014 0.69268014 0.69268014 0.52254492 0.52254492 0.52254492
 0.98385672 0.98385672 0.98385672 0.5699302  0.5699302  0.5699302
 0.9953514  0.9953514  0.9953514  0.30460513 0.30460513 0.30460513
 0.         0.         0.         0.         0.         0.
 0.         0.         0.         0.         0.         0.
 0.         0.         0.         0.07035121 0.         0.
 0.09015827 0.         0.         0.         0.         0.
 0.         0.         0.         0.         0.         0.
 0.         0.         0.         0.         0.         0.
 0.         0.         0.         0.         0.         0.
 0.         0.         0.         0.         0.04620871 0.
 0.         0.         0.         0.         0.         0.
 0.         0.         0.         0.         0.         0.
 0.         0.         0.         0.         0.         0.
 0.         0.         0.         0.         0.         0.
 0.         0.         0.         0.         0.         0.
 0.         0.         0.         0.         0.         0.
 0.         0.         0.         0.         0.         0.
 0.         0.         0.         0.         0.         0.
 0.         0.         0.         0.         0.         0.
 0.         0.         0.         0.         0.         0.
 0.         0.         0.         0.         0.         0.
 0.         0.         0.         0.08852394 0.         0.
 0.         0.         0.         0.         0.         0.
 0.         0.         0.         0.         0.         0.
 0.         0.         0.         0.         0.         0.05319101
 0.         0.         0.         0.         0.         0.
 0.         0.         0.         0.         0.         0.
 0.         0.         0.         0.         0.         0.
 0.         0.         0.         0.         0.         0.
 0.         0.         0.         0.         0.         0.
 0.         0.        ]
deepbreaks
y_true:  [0. 0. 0. 0. 0. 0. 1. 1. 1. 1. 1. 1. 0. 0. 0. 0. 0. 0. 1. 1. 1. 1. 1. 1.
 1. 1. 1. 0. 0. 0. 0. 0. 0. 0. 0. 0. 0. 0. 0. 0. 0. 0. 0. 0. 0. 0. 0. 0.
 0. 0. 0. 0. 0. 0. 0. 0. 0. 0. 0. 0. 0. 0. 0. 0. 0. 0. 0. 0. 0. 0. 0. 0.
 0. 0. 0. 0. 0. 0. 0. 0. 0. 0. 0. 0. 0. 0. 0. 0. 0. 0. 0. 0. 0. 0. 0. 0.
 0. 0. 0. 0. 0. 0. 0. 0. 0. 0. 0. 0. 0. 0. 0. 0. 0. 0. 0. 0. 0. 0. 0. 0.
 0. 0. 0. 0. 0. 0. 0. 0. 0. 0. 0. 0. 0. 0. 0. 0. 0. 0. 0. 0. 0. 0. 0. 0.
 0. 0. 0. 0. 0. 0. 0. 0. 0. 0. 0. 0. 0. 0. 0. 0. 0. 0. 0. 0. 0. 0. 0. 0.
 0. 0. 0. 0. 0. 0. 0. 0. 0. 0. 0. 0. 0. 0. 0. 0. 0. 0. 0. 0. 0. 0. 0. 0.
 0. 0. 0. 0. 0. 0. 0. 0.]
y_pred:  [0. 0. 0. 0. 0. 0. 1. 1. 1. 1. 1. 1. 1. 1. 1. 0. 0. 0. 1. 1. 1. 1. 1. 1.
 1. 1. 1. 0. 0. 0. 0. 0. 0. 0. 0. 0. 0. 0. 0. 0. 0. 0. 0. 0. 0. 0. 0. 0.
 0. 0. 0. 0. 0. 0. 0. 0. 0. 0. 0. 0. 0. 0. 0. 0. 0. 0. 0. 0. 0. 0. 0. 0.
 0. 0. 0. 0. 0. 0. 0. 0. 0. 0. 0. 0. 0. 0. 0. 0. 0. 0. 0. 0. 0. 0. 0. 0.
 0. 0. 0. 0. 0. 0. 0. 0. 0. 0. 0. 0. 0. 0. 0. 0. 0. 0. 0. 0. 0. 0. 0. 0.
 0. 0. 0. 0. 0. 0. 0. 0. 0. 0. 0. 0. 0. 0. 0. 0. 0. 0. 0. 0. 0. 0. 0. 0.
 0. 0. 0. 0. 0. 0. 0. 0. 0. 0. 0. 0. 0. 0. 0. 0. 0. 0. 0. 0. 0. 0. 0. 0.
 0. 0. 0. 0. 0. 0. 0. 0. 0. 0. 0. 0. 0. 0. 0. 0. 0. 0. 0. 0. 0. 0. 0. 0.
 0. 0. 0. 0. 0. 0. 0. 0.]
Normalized importance:  [0.20479452 0.12260274 0.12876712 0.50821918 0.09109589 0.38630137
 0.89041096 0.48219178 0.53150685 1.         0.46506849 0.48219178
 0.84931507 0.38287671 0.06184932 0.68356164 0.4609589  0.46027397
 0.78767123 0.49794521 0.59109589 0.68424658 0.49041096 0.44452055
 0.86986301 0.31232877 0.53287671 0.64246575 0.07808219 0.28013699
 0.11027397 0.10342466 0.20958904 0.16438356 0.         0.16369863
 0.03821918 0.13630137 0.         0.01753425 0.         0.
 0.02712329 0.1239726  0.         0.35616438 0.         0.10890411
 0.18630137 0.18972603 0.14726027 0.1239726  0.11986301 0.25753425
 0.         0.29657534 0.12123288 0.         0.         0.19178082
 0.36506849 0.22260274 0.         0.1630137  0.         0.12534247
 0.19657534 0.17328767 0.         0.         0.26438356 0.19863014
 0.31369863 0.01280822 0.06849315 0.         0.24246575 0.16369863
 0.29863014 0.         0.24315068 0.2260274  0.08835616 0.00631507
 0.         0.20684932 0.19657534 0.10205479 0.29657534 0.
 0.         0.15890411 0.29315068 0.         0.35890411 0.30684932
 0.         0.06917808 0.1890411  0.03253425 0.         0.06417808
 0.         0.06541096 0.         0.15136986 0.         0.
 0.         0.         0.07465753 0.21849315 0.12123288 0.04534247
 0.33561644 0.09315068 0.08013699 0.         0.01239726 0.21986301
 0.12671233 0.13767123 0.1609589  0.00422603 0.14794521 0.00510959
 0.17876712 0.15821918 0.20958904 0.         0.         0.20136986
 0.03636986 0.20136986 0.08630137 0.11027397 0.         0.
 0.         0.04986301 0.         0.19863014 0.         0.16849315
 0.         0.26164384 0.27465753 0.38082192 0.         0.2109589
 0.08287671 0.19589041 0.2130137  0.40753425 0.1630137  0.06219178
 0.         0.         0.12808219 0.         0.28356164 0.
 0.10684932 0.13150685 0.15273973 0.09383562 0.25068493 0.31643836
 0.         0.27054795 0.16643836 0.         0.00979452 0.04958904
 0.         0.         0.26027397 0.         0.         0.
 0.25547945 0.         0.18493151 0.         0.26164384 0.
 0.20684932 0.06061644 0.06205479 0.         0.         0.
 0.08493151 0.         0.21986301 0.26438356 0.26712329 0.11438356
 0.         0.        ]
pyseer
y_true:  [0. 0. 0. 0. 0. 0. 1. 1. 1. 1. 1. 1. 0. 0. 0. 0. 0. 0. 1. 1. 1. 1. 1. 1.
 1. 1. 1. 0. 0. 0. 0. 0. 0. 0. 0. 0. 0. 0. 0. 0. 0. 0. 0. 0. 0. 0. 0. 0.
 0. 0. 0. 0. 0. 0. 0. 0. 0. 0. 0. 0. 0. 0. 0. 0. 0. 0. 0. 0. 0. 0. 0. 0.
 0. 0. 0. 0. 0. 0. 0. 0. 0. 0. 0. 0. 0. 0. 0. 0. 0. 0. 0. 0. 0. 0. 0. 0.
 0. 0. 0. 0. 0. 0. 0. 0. 0. 0. 0. 0. 0. 0. 0. 0. 0. 0. 0. 0. 0. 0. 0. 0.
 0. 0. 0. 0. 0. 0. 0. 0. 0. 0. 0. 0. 0. 0. 0. 0. 0. 0. 0. 0. 0. 0. 0. 0.
 0. 0. 0. 0. 0. 0. 0. 0. 0. 0. 0. 0. 0. 0. 0. 0. 0. 0. 0. 0. 0. 0. 0. 0.
 0. 0. 0. 0. 0. 0. 0. 0. 0. 0. 0. 0. 0. 0. 0. 0. 0. 0. 0. 0. 0. 0. 0. 0.
 0. 0. 0. 0. 0. 0. 0. 0.]
y_pred:  [1. 0. 0. 1. 0. 1. 1. 1. 1. 1. 1. 1. 1. 1. 0. 1. 1. 1. 1. 1. 1. 1. 1. 1.
 1. 1. 1. 1. 0. 1. 0. 0. 1. 0. 0. 0. 0. 0. 0. 0. 0. 0. 0. 0. 0. 1. 0. 0.
 0. 1. 0. 0. 0. 1. 0. 1. 0. 0. 0. 1. 1. 1. 0. 0. 0. 0. 1. 0. 0. 0. 1. 1.
 1. 0. 0. 0. 1. 0. 1. 0. 1. 1. 0. 0. 0. 1. 1. 0. 1. 0. 0. 0. 1. 0. 1. 1.
 0. 0. 0. 0. 0. 0. 0. 0. 0. 0. 0. 0. 0. 0. 0. 1. 0. 0. 1. 0. 0. 0. 0. 1.
 0. 0. 0. 0. 0. 0. 0. 0. 1. 0. 0. 1. 0. 1. 0. 0. 0. 0. 0. 0. 0. 1. 0. 0.
 0. 1. 1. 1. 0. 1. 0. 1. 1. 1. 0. 0. 0. 0. 0. 0. 1. 0. 0. 0. 0. 0. 1. 1.
 0. 1. 0. 0. 0. 0. 0. 0. 1. 0. 0. 0. 1. 0. 0. 0. 1. 0. 1. 0. 0. 0. 0. 0.
 0. 0. 1. 1. 1. 0. 0. 0.]
Time taken: 23.397343635559082 seconds
Running combination 10 of 50
Fitting RandomForest...
Fitting Adaboost...
Fitting AdaBoost_2...
Fitting et...
Fitting gbc...
Fitting gbc_2...
Fitting gbc_3...
Fitting dt...
Fitting lr...
Fitting Lasso_1...
Fitting Lasso_2...
Fitting Lasso_3...
Fitting Lasso_4...
Fitting elasticnet...
VCF file created successfully.
pyseer stderr:  Read 1000 phenotypes
Detected continuous phenotype
Reading all variants

0variants [00:00, ?variants/s]
54variants [00:00, 534.72variants/s]
108variants [00:00, 474.88variants/s]
163variants [00:00, 506.22variants/s]
198variants [00:00, 510.34variants/s]
Applying correlation filtering

  0%|          | 0/198 [00:00<?, ?variants/s]
100%|██████████| 198/198 [00:00<00:00, 2483.36variants/s]
Fitting elastic net to top 148 variants
Best penalty (lambda) from cross-validation: 1.48E+01
Best R^2 from cross-validation: 0.532
Finding and printing selected variants
198 loaded variants
50 pre-filtered variants
148 tested variants
140 printed variants

True importance standardized:  [0.83132769 0.83132769 0.83132769 0.3135501  0.3135501  0.3135501
 0.78399592 0.78399592 0.78399592 0.26328328 0.26328328 0.26328328
 0.66754637 0.66754637 0.66754637 1.         1.         1.
 0.67650404 0.67650404 0.67650404 0.58360273 0.58360273 0.58360273
 0.54706225 0.54706225 0.54706225 0.32466701 0.32466701 0.32466701
 0.         0.         0.         0.         0.         0.
 0.         0.         0.         0.         0.         0.
 0.         0.         0.         0.         0.         0.
 0.         0.         0.         0.         0.         0.
 0.         0.         0.         0.         0.         0.
 0.         0.         0.         0.         0.         0.
 0.         0.         0.         0.         0.         0.
 0.         0.         0.         0.         0.         0.
 0.         0.         0.         0.         0.         0.
 0.         0.         0.         0.         0.         0.
 0.         0.         0.         0.         0.         0.
 0.         0.         0.         0.         0.         0.
 0.         0.         0.         0.         0.         0.
 0.         0.         0.         0.         0.         0.
 0.         0.         0.         0.         0.         0.
 0.         0.         0.         0.         0.         0.
 0.         0.         0.         0.         0.         0.
 0.         0.         0.         0.         0.         0.
 0.         0.         0.         0.         0.         0.
 0.         0.         0.         0.         0.         0.
 0.         0.         0.         0.         0.         0.
 0.         0.         0.         0.         0.         0.
 0.         0.         0.         0.         0.         0.
 0.         0.         0.         0.         0.         0.
 0.         0.         0.         0.         0.         0.
 0.         0.         0.         0.         0.         0.
 0.         0.         0.         0.         0.         0.
 0.         0.         0.         0.         0.         0.
 0.         0.        ]
Normalized importance:  [0.65729522 0.65729522 0.65729522 0.13203655 0.13203655 0.13203655
 0.7248367  0.7248367  0.7248367  0.05416294 0.05416294 0.
 0.36775358 0.36775358 0.36775358 1.         1.         1.
 0.52326121 0.52326121 0.52326121 0.42416527 0.42416527 0.42416527
 0.39601214 0.39601214 0.39601214 0.06311877 0.06311877 0.06311877
 0.         0.         0.         0.         0.         0.
 0.02364325 0.         0.         0.         0.         0.
 0.         0.         0.         0.         0.         0.
 0.         0.         0.         0.         0.         0.
 0.         0.         0.         0.         0.         0.
 0.         0.         0.         0.         0.         0.
 0.         0.         0.         0.         0.         0.
 0.         0.         0.         0.         0.         0.
 0.         0.         0.         0.         0.         0.
 0.         0.         0.         0.         0.         0.
 0.         0.         0.         0.         0.         0.
 0.         0.         0.0155671  0.         0.         0.
 0.         0.         0.         0.         0.0143789  0.
 0.         0.         0.         0.         0.         0.00832499
 0.         0.         0.         0.         0.         0.
 0.         0.         0.         0.         0.         0.
 0.         0.         0.         0.         0.         0.
 0.         0.         0.         0.         0.         0.
 0.         0.         0.         0.         0.         0.
 0.         0.         0.         0.         0.         0.
 0.         0.         0.         0.         0.         0.
 0.         0.         0.         0.         0.         0.
 0.         0.         0.         0.         0.01489895 0.
 0.         0.         0.         0.         0.         0.
 0.         0.         0.         0.         0.         0.
 0.01368805 0.         0.         0.         0.         0.
 0.         0.         0.         0.         0.         0.
 0.         0.         0.         0.         0.         0.
 0.         0.        ]
deepbreaks
y_true:  [1. 1. 1. 0. 0. 0. 1. 1. 1. 0. 0. 0. 1. 1. 1. 1. 1. 1. 1. 1. 1. 0. 0. 0.
 0. 0. 0. 0. 0. 0. 0. 0. 0. 0. 0. 0. 0. 0. 0. 0. 0. 0. 0. 0. 0. 0. 0. 0.
 0. 0. 0. 0. 0. 0. 0. 0. 0. 0. 0. 0. 0. 0. 0. 0. 0. 0. 0. 0. 0. 0. 0. 0.
 0. 0. 0. 0. 0. 0. 0. 0. 0. 0. 0. 0. 0. 0. 0. 0. 0. 0. 0. 0. 0. 0. 0. 0.
 0. 0. 0. 0. 0. 0. 0. 0. 0. 0. 0. 0. 0. 0. 0. 0. 0. 0. 0. 0. 0. 0. 0. 0.
 0. 0. 0. 0. 0. 0. 0. 0. 0. 0. 0. 0. 0. 0. 0. 0. 0. 0. 0. 0. 0. 0. 0. 0.
 0. 0. 0. 0. 0. 0. 0. 0. 0. 0. 0. 0. 0. 0. 0. 0. 0. 0. 0. 0. 0. 0. 0. 0.
 0. 0. 0. 0. 0. 0. 0. 0. 0. 0. 0. 0. 0. 0. 0. 0. 0. 0. 0. 0. 0. 0. 0. 0.
 0. 0. 0. 0. 0. 0. 0. 0.]
y_pred:  [1. 1. 1. 0. 0. 0. 1. 1. 1. 0. 0. 0. 0. 0. 0. 1. 1. 1. 1. 1. 1. 1. 1. 1.
 1. 1. 1. 0. 0. 0. 0. 0. 0. 0. 0. 0. 0. 0. 0. 0. 0. 0. 0. 0. 0. 0. 0. 0.
 0. 0. 0. 0. 0. 0. 0. 0. 0. 0. 0. 0. 0. 0. 0. 0. 0. 0. 0. 0. 0. 0. 0. 0.
 0. 0. 0. 0. 0. 0. 0. 0. 0. 0. 0. 0. 0. 0. 0. 0. 0. 0. 0. 0. 0. 0. 0. 0.
 0. 0. 0. 0. 0. 0. 0. 0. 0. 0. 0. 0. 0. 0. 0. 0. 0. 0. 0. 0. 0. 0. 0. 0.
 0. 0. 0. 0. 0. 0. 0. 0. 0. 0. 0. 0. 0. 0. 0. 0. 0. 0. 0. 0. 0. 0. 0. 0.
 0. 0. 0. 0. 0. 0. 0. 0. 0. 0. 0. 0. 0. 0. 0. 0. 0. 0. 0. 0. 0. 0. 0. 0.
 0. 0. 0. 0. 0. 0. 0. 0. 0. 0. 0. 0. 0. 0. 0. 0. 0. 0. 0. 0. 0. 0. 0. 0.
 0. 0. 0. 0. 0. 0. 0. 0.]
Normalized importance:  [7.07070707e-01 3.34343434e-01 2.58080808e-01 3.61616162e-01
 1.63131313e-01 1.28787879e-01 7.67676768e-01 2.23232323e-01
 3.40404040e-01 1.67676768e-01 1.28282828e-01 2.13131313e-02
 6.11111111e-01 3.78787879e-01 1.74747475e-01 1.00000000e+00
 2.03535354e-01 2.30303030e-01 6.61616162e-01 2.44444444e-01
 2.67676768e-01 5.35353535e-01 1.03030303e-01 2.89393939e-01
 7.27272727e-01 1.47979798e-01 1.33838384e-01 2.91414141e-01
 1.18181818e-01 1.23232323e-01 0.00000000e+00 8.78787879e-02
 0.00000000e+00 6.81818182e-02 1.24747475e-01 2.06565657e-01
 4.69696970e-02 1.79292929e-01 1.52525253e-02 8.78787879e-02
 6.66666667e-02 1.18686869e-01 9.89898990e-02 0.00000000e+00
 0.00000000e+00 0.00000000e+00 0.00000000e+00 0.00000000e+00
 2.52020202e-01 1.71212121e-01 2.16666667e-01 1.80808081e-02
 0.00000000e+00 0.00000000e+00 6.41414141e-04 5.75757576e-02
 7.72727273e-02 4.86868687e-02 3.97474747e-02 0.00000000e+00
 2.43939394e-02 1.58585859e-03 0.00000000e+00 3.87878788e-02
 1.05555556e-01 7.52525253e-02 1.89898990e-01 1.05555556e-03
 0.00000000e+00 7.62626263e-02 0.00000000e+00 1.76767677e-02
 5.15151515e-02 0.00000000e+00 1.88383838e-01 8.83838384e-02
 7.87878788e-02 1.07575758e-01 1.79797980e-01 1.41919192e-01
 0.00000000e+00 0.00000000e+00 0.00000000e+00 0.00000000e+00
 1.34848485e-01 7.47474747e-02 4.18686869e-02 0.00000000e+00
 1.42424242e-02 0.00000000e+00 3.95959596e-02 0.00000000e+00
 1.16666667e-02 1.01515152e-01 1.26767677e-01 7.82828283e-02
 0.00000000e+00 8.98989899e-02 7.97979798e-02 1.05555556e-01
 1.20202020e-02 2.77777778e-02 0.00000000e+00 2.72222222e-02
 2.28787879e-01 1.45454545e-02 7.97979798e-02 1.94444444e-01
 0.00000000e+00 0.00000000e+00 0.00000000e+00 0.00000000e+00
 1.34343434e-01 1.44444444e-01 1.98484848e-02 3.97979798e-02
 0.00000000e+00 1.58080808e-01 1.60606061e-01 1.41919192e-01
 0.00000000e+00 2.03535354e-02 0.00000000e+00 0.00000000e+00
 6.86868687e-02 7.27272727e-02 0.00000000e+00 4.56060606e-02
 0.00000000e+00 1.50505051e-02 1.53535354e-01 0.00000000e+00
 0.00000000e+00 0.00000000e+00 4.66161616e-02 0.00000000e+00
 1.66666667e-01 0.00000000e+00 4.47979798e-02 1.24747475e-02
 0.00000000e+00 2.21212121e-02 0.00000000e+00 2.56060606e-02
 5.95959596e-02 1.60606061e-01 0.00000000e+00 0.00000000e+00
 7.17171717e-02 6.46464646e-02 0.00000000e+00 1.56565657e-01
 2.23232323e-02 1.58080808e-02 2.04040404e-03 0.00000000e+00
 6.31313131e-02 0.00000000e+00 4.75757576e-02 0.00000000e+00
 1.58585859e-01 2.40909091e-01 0.00000000e+00 7.07070707e-02
 2.39898990e-02 3.54040404e-02 1.83838384e-01 0.00000000e+00
 0.00000000e+00 7.67676768e-02 7.47474747e-04 1.02020202e-01
 6.51515152e-02 0.00000000e+00 9.44444444e-02 0.00000000e+00
 7.82828283e-02 0.00000000e+00 4.64646465e-02 0.00000000e+00
 1.22727273e-01 2.66161616e-02 3.67171717e-02 0.00000000e+00
 6.96969697e-02 0.00000000e+00 6.21212121e-03 2.11616162e-01
 2.03535354e-01 2.99494949e-02 0.00000000e+00 0.00000000e+00
 7.77777778e-02 1.63131313e-01 7.47474747e-02 1.03030303e-01
 0.00000000e+00 3.96464646e-03 0.00000000e+00 0.00000000e+00]
pyseer
y_true:  [1. 1. 1. 0. 0. 0. 1. 1. 1. 0. 0. 0. 1. 1. 1. 1. 1. 1. 1. 1. 1. 0. 0. 0.
 0. 0. 0. 0. 0. 0. 0. 0. 0. 0. 0. 0. 0. 0. 0. 0. 0. 0. 0. 0. 0. 0. 0. 0.
 0. 0. 0. 0. 0. 0. 0. 0. 0. 0. 0. 0. 0. 0. 0. 0. 0. 0. 0. 0. 0. 0. 0. 0.
 0. 0. 0. 0. 0. 0. 0. 0. 0. 0. 0. 0. 0. 0. 0. 0. 0. 0. 0. 0. 0. 0. 0. 0.
 0. 0. 0. 0. 0. 0. 0. 0. 0. 0. 0. 0. 0. 0. 0. 0. 0. 0. 0. 0. 0. 0. 0. 0.
 0. 0. 0. 0. 0. 0. 0. 0. 0. 0. 0. 0. 0. 0. 0. 0. 0. 0. 0. 0. 0. 0. 0. 0.
 0. 0. 0. 0. 0. 0. 0. 0. 0. 0. 0. 0. 0. 0. 0. 0. 0. 0. 0. 0. 0. 0. 0. 0.
 0. 0. 0. 0. 0. 0. 0. 0. 0. 0. 0. 0. 0. 0. 0. 0. 0. 0. 0. 0. 0. 0. 0. 0.
 0. 0. 0. 0. 0. 0. 0. 0.]
y_pred:  [1. 1. 1. 1. 1. 1. 1. 1. 1. 1. 1. 0. 1. 1. 1. 1. 1. 1. 1. 1. 1. 1. 1. 1.
 1. 1. 1. 1. 1. 1. 0. 0. 0. 0. 1. 1. 0. 1. 0. 0. 0. 1. 1. 0. 0. 0. 0. 0.
 1. 1. 1. 0. 0. 0. 0. 0. 0. 0. 0. 0. 0. 0. 0. 0. 1. 0. 1. 0. 0. 0. 0. 0.
 0. 0. 1. 1. 0. 1. 1. 1. 0. 0. 0. 0. 1. 0. 0. 0. 0. 0. 0. 0. 0. 1. 1. 0.
 0. 1. 0. 1. 0. 0. 0. 0. 1. 0. 0. 1. 0. 0. 0. 0. 1. 1. 0. 0. 0. 1. 1. 1.
 0. 0. 0. 0. 0. 0. 0. 0. 0. 0. 1. 0. 0. 0. 0. 0. 1. 0. 0. 0. 0. 0. 0. 0.
 0. 1. 0. 0. 0. 0. 0. 1. 0. 0. 0. 0. 0. 0. 0. 0. 1. 1. 0. 0. 0. 0. 1. 0.
 0. 0. 0. 1. 0. 0. 1. 0. 0. 0. 0. 0. 1. 0. 0. 0. 0. 0. 0. 1. 1. 0. 0. 0.
 0. 1. 0. 1. 0. 0. 0. 0.]
Time taken: 22.9743173122406 seconds
Running combination 11 of 50
Fitting RandomForest...
Fitting Adaboost...
Fitting AdaBoost_2...
Fitting et...
Fitting gbc...
Fitting gbc_2...
Fitting gbc_3...
Fitting dt...
Fitting lr...
Fitting Lasso_1...
Fitting Lasso_2...
Fitting Lasso_3...
Fitting Lasso_4...
Fitting elasticnet...
VCF file created successfully.
pyseer stderr:  Read 1000 phenotypes
Detected continuous phenotype
Reading all variants

0variants [00:00, ?variants/s]
54variants [00:00, 533.81variants/s]
108variants [00:00, 471.86variants/s]
164variants [00:00, 507.28variants/s]
198variants [00:00, 511.45variants/s]
Applying correlation filtering

  0%|          | 0/198 [00:00<?, ?variants/s]
100%|██████████| 198/198 [00:00<00:00, 2676.58variants/s]
Fitting elastic net to top 148 variants
Best penalty (lambda) from cross-validation: 3.90E+00
Best R^2 from cross-validation: 0.536
Finding and printing selected variants
198 loaded variants
50 pre-filtered variants
148 tested variants
141 printed variants

True importance standardized:  [0.82297027 0.82297027 0.82297027 0.72868051 0.72868051 0.72868051
 1.         1.         1.         0.2643625  0.2643625  0.2643625
 0.46750797 0.46750797 0.46750797 0.92821507 0.92821507 0.92821507
 0.58668176 0.58668176 0.58668176 0.16094004 0.16094004 0.16094004
 0.65852474 0.65852474 0.65852474 0.16992665 0.16992665 0.16992665
 0.         0.         0.         0.         0.         0.
 0.         0.         0.         0.         0.         0.
 0.         0.         0.         0.         0.         0.
 0.         0.         0.         0.         0.         0.
 0.         0.         0.         0.         0.         0.
 0.         0.         0.         0.         0.         0.
 0.         0.         0.         0.         0.         0.
 0.         0.         0.         0.         0.         0.
 0.         0.         0.         0.         0.         0.
 0.         0.         0.         0.         0.         0.
 0.         0.         0.         0.         0.         0.
 0.         0.         0.         0.         0.         0.
 0.         0.         0.         0.         0.         0.
 0.         0.         0.         0.         0.         0.
 0.         0.         0.         0.         0.         0.
 0.         0.         0.         0.         0.         0.
 0.         0.         0.         0.         0.         0.
 0.         0.         0.         0.         0.         0.
 0.         0.         0.         0.         0.         0.
 0.         0.         0.         0.         0.         0.
 0.         0.         0.         0.         0.         0.
 0.         0.         0.         0.         0.         0.
 0.         0.         0.         0.         0.         0.
 0.         0.         0.         0.         0.         0.
 0.         0.         0.         0.         0.         0.
 0.         0.         0.         0.         0.         0.
 0.         0.         0.         0.         0.         0.
 0.         0.         0.         0.         0.         0.
 0.         0.        ]
Normalized importance:  [0.88174591 0.88174591 0.88174591 0.51384948 0.51384948 0.51384948
 1.         1.         1.         0.12966952 0.12966952 0.
 0.26461951 0.26461951 0.26461951 0.91136153 0.91136153 0.91136153
 0.25559891 0.25559891 0.25559891 0.08270585 0.08270585 0.
 0.31435582 0.31435582 0.31435582 0.         0.         0.
 0.         0.         0.         0.         0.         0.
 0.         0.         0.         0.         0.         0.
 0.         0.         0.         0.         0.         0.
 0.         0.         0.         0.         0.         0.
 0.         0.         0.         0.         0.         0.
 0.         0.         0.         0.         0.         0.
 0.         0.         0.         0.         0.         0.
 0.         0.         0.         0.         0.         0.01852353
 0.         0.         0.         0.0391215  0.         0.
 0.         0.         0.         0.         0.         0.
 0.         0.         0.         0.         0.         0.
 0.         0.         0.         0.         0.         0.
 0.         0.         0.         0.         0.         0.
 0.         0.         0.         0.         0.0475101  0.
 0.         0.         0.         0.         0.         0.
 0.         0.         0.         0.         0.         0.
 0.         0.         0.01615312 0.         0.         0.
 0.         0.         0.         0.         0.         0.
 0.         0.         0.         0.         0.         0.
 0.         0.         0.         0.         0.         0.
 0.         0.         0.         0.         0.         0.
 0.         0.         0.         0.         0.         0.
 0.         0.         0.         0.         0.         0.
 0.         0.         0.         0.         0.         0.
 0.         0.         0.         0.         0.         0.
 0.         0.         0.         0.         0.         0.
 0.         0.         0.         0.         0.         0.
 0.         0.         0.         0.         0.         0.
 0.         0.        ]
deepbreaks
y_true:  [1. 1. 1. 1. 1. 1. 1. 1. 1. 0. 0. 0. 0. 0. 0. 1. 1. 1. 0. 0. 0. 0. 0. 0.
 1. 1. 1. 0. 0. 0. 0. 0. 0. 0. 0. 0. 0. 0. 0. 0. 0. 0. 0. 0. 0. 0. 0. 0.
 0. 0. 0. 0. 0. 0. 0. 0. 0. 0. 0. 0. 0. 0. 0. 0. 0. 0. 0. 0. 0. 0. 0. 0.
 0. 0. 0. 0. 0. 0. 0. 0. 0. 0. 0. 0. 0. 0. 0. 0. 0. 0. 0. 0. 0. 0. 0. 0.
 0. 0. 0. 0. 0. 0. 0. 0. 0. 0. 0. 0. 0. 0. 0. 0. 0. 0. 0. 0. 0. 0. 0. 0.
 0. 0. 0. 0. 0. 0. 0. 0. 0. 0. 0. 0. 0. 0. 0. 0. 0. 0. 0. 0. 0. 0. 0. 0.
 0. 0. 0. 0. 0. 0. 0. 0. 0. 0. 0. 0. 0. 0. 0. 0. 0. 0. 0. 0. 0. 0. 0. 0.
 0. 0. 0. 0. 0. 0. 0. 0. 0. 0. 0. 0. 0. 0. 0. 0. 0. 0. 0. 0. 0. 0. 0. 0.
 0. 0. 0. 0. 0. 0. 0. 0.]
y_pred:  [1. 1. 1. 1. 1. 1. 1. 1. 1. 0. 0. 0. 0. 0. 0. 1. 1. 1. 0. 0. 0. 0. 0. 0.
 1. 1. 1. 0. 0. 0. 0. 0. 0. 0. 0. 0. 0. 0. 0. 0. 0. 0. 0. 0. 0. 0. 0. 0.
 0. 0. 0. 0. 0. 0. 0. 0. 0. 0. 0. 0. 0. 0. 0. 0. 0. 0. 0. 0. 0. 0. 0. 0.
 0. 0. 0. 0. 0. 0. 0. 0. 0. 0. 0. 0. 0. 0. 0. 0. 0. 0. 0. 0. 0. 0. 0. 0.
 0. 0. 0. 0. 0. 0. 0. 0. 0. 0. 0. 0. 0. 0. 0. 0. 0. 0. 0. 0. 0. 0. 0. 0.
 0. 0. 0. 0. 0. 0. 0. 0. 0. 0. 0. 0. 0. 0. 0. 0. 0. 0. 0. 0. 0. 0. 0. 0.
 0. 0. 0. 0. 0. 0. 0. 0. 0. 0. 0. 0. 0. 0. 0. 0. 0. 0. 0. 0. 0. 0. 0. 0.
 0. 0. 0. 0. 0. 0. 0. 0. 0. 0. 0. 0. 0. 0. 0. 0. 0. 0. 0. 0. 0. 0. 0. 0.
 0. 0. 0. 0. 0. 0. 0. 0.]
Normalized importance:  [8.47191011e-01 2.21573034e-01 3.61797753e-01 6.29213483e-01
 3.73033708e-01 3.12359551e-01 1.00000000e+00 2.69662921e-01
 5.30337079e-01 3.39325843e-01 1.99550562e-01 4.11235955e-04
 6.13483146e-01 1.01123596e-02 1.73258427e-01 8.83146067e-01
 3.30337079e-01 5.12359551e-01 6.06741573e-01 1.65393258e-01
 1.73258427e-01 3.43820225e-01 1.63595506e-01 1.03595506e-01
 6.80898876e-01 1.42022472e-01 1.84494382e-01 0.00000000e+00
 0.00000000e+00 4.20224719e-02 0.00000000e+00 0.00000000e+00
 0.00000000e+00 1.04269663e-01 1.16179775e-02 0.00000000e+00
 1.55505618e-01 7.68539326e-02 5.82022472e-02 9.12359551e-02
 4.08988764e-03 9.50561798e-02 1.30786517e-01 5.19101124e-02
 1.28089888e-01 0.00000000e+00 0.00000000e+00 1.82471910e-01
 0.00000000e+00 4.38202247e-02 1.26516854e-01 1.36179775e-01
 7.84269663e-02 1.60000000e-02 0.00000000e+00 1.13932584e-01
 9.57303371e-02 1.40224719e-01 0.00000000e+00 4.15730337e-02
 0.00000000e+00 0.00000000e+00 0.00000000e+00 7.34831461e-02
 1.46516854e-01 0.00000000e+00 2.19325843e-01 1.29213483e-03
 0.00000000e+00 1.22921348e-02 1.36853933e-01 1.56853933e-01
 0.00000000e+00 4.92134831e-02 0.00000000e+00 1.30112360e-01
 0.00000000e+00 1.51460674e-01 6.53932584e-02 1.49213483e-01
 1.03146067e-01 1.43820225e-01 1.07191011e-01 5.91011236e-02
 1.18426966e-01 4.89887640e-03 4.04494382e-02 8.58426966e-02
 1.08089888e-01 3.10112360e-02 0.00000000e+00 7.43820225e-02
 7.34831461e-02 1.43370787e-01 0.00000000e+00 0.00000000e+00
 8.78651685e-02 9.01123596e-02 5.52808989e-02 0.00000000e+00
 0.00000000e+00 5.46067416e-03 0.00000000e+00 1.62247191e-01
 0.00000000e+00 2.80898876e-02 0.00000000e+00 1.28089888e-01
 1.14831461e-01 0.00000000e+00 8.69662921e-02 0.00000000e+00
 2.76404494e-01 1.57303371e-02 1.57528090e-01 0.00000000e+00
 0.00000000e+00 1.24044944e-01 0.00000000e+00 2.69662921e-02
 0.00000000e+00 7.16853933e-02 0.00000000e+00 6.29213483e-02
 3.19101124e-02 2.40449438e-01 0.00000000e+00 2.92134831e-02
 7.21348315e-02 5.07865169e-02 6.15730337e-02 1.86067416e-01
 0.00000000e+00 1.16853933e-01 1.82696629e-01 1.97752809e-02
 1.37303371e-01 0.00000000e+00 8.56179775e-02 0.00000000e+00
 1.18202247e-01 5.70786517e-02 1.44943820e-01 5.59550562e-03
 3.34831461e-02 5.52808989e-02 1.11685393e-02 5.55056180e-02
 0.00000000e+00 9.91011236e-02 1.93033708e-02 1.05168539e-01
 0.00000000e+00 5.01123596e-02 0.00000000e+00 2.38202247e-02
 0.00000000e+00 2.33707865e-03 4.04494382e-02 1.31460674e-01
 0.00000000e+00 0.00000000e+00 0.00000000e+00 0.00000000e+00
 1.11235955e-01 4.74157303e-03 1.68988764e-02 6.94382022e-02
 0.00000000e+00 1.25842697e-01 5.25842697e-02 3.28089888e-02
 2.89887640e-02 9.14606742e-02 0.00000000e+00 1.39775281e-01
 8.31460674e-02 7.07865169e-02 0.00000000e+00 1.40000000e-01
 1.95955056e-01 1.74606742e-01 0.00000000e+00 0.00000000e+00
 1.26966292e-01 6.96629213e-02 0.00000000e+00 0.00000000e+00
 2.40449438e-02 3.12359551e-02 0.00000000e+00 0.00000000e+00
 1.93707865e-01 6.06741573e-02 1.02247191e-01 6.47191011e-02
 0.00000000e+00 0.00000000e+00 0.00000000e+00 0.00000000e+00]
pyseer
y_true:  [1. 1. 1. 1. 1. 1. 1. 1. 1. 0. 0. 0. 0. 0. 0. 1. 1. 1. 0. 0. 0. 0. 0. 0.
 1. 1. 1. 0. 0. 0. 0. 0. 0. 0. 0. 0. 0. 0. 0. 0. 0. 0. 0. 0. 0. 0. 0. 0.
 0. 0. 0. 0. 0. 0. 0. 0. 0. 0. 0. 0. 0. 0. 0. 0. 0. 0. 0. 0. 0. 0. 0. 0.
 0. 0. 0. 0. 0. 0. 0. 0. 0. 0. 0. 0. 0. 0. 0. 0. 0. 0. 0. 0. 0. 0. 0. 0.
 0. 0. 0. 0. 0. 0. 0. 0. 0. 0. 0. 0. 0. 0. 0. 0. 0. 0. 0. 0. 0. 0. 0. 0.
 0. 0. 0. 0. 0. 0. 0. 0. 0. 0. 0. 0. 0. 0. 0. 0. 0. 0. 0. 0. 0. 0. 0. 0.
 0. 0. 0. 0. 0. 0. 0. 0. 0. 0. 0. 0. 0. 0. 0. 0. 0. 0. 0. 0. 0. 0. 0. 0.
 0. 0. 0. 0. 0. 0. 0. 0. 0. 0. 0. 0. 0. 0. 0. 0. 0. 0. 0. 0. 0. 0. 0. 0.
 0. 0. 0. 0. 0. 0. 0. 0.]
y_pred:  [1. 1. 1. 1. 1. 1. 1. 1. 1. 1. 1. 0. 1. 0. 1. 1. 1. 1. 1. 1. 1. 1. 1. 1.
 1. 1. 1. 0. 0. 0. 0. 0. 0. 1. 0. 0. 1. 0. 0. 0. 0. 0. 1. 0. 1. 0. 0. 1.
 0. 0. 1. 1. 0. 0. 0. 1. 0. 1. 0. 0. 0. 0. 0. 0. 1. 0. 1. 0. 0. 0. 1. 1.
 0. 0. 0. 1. 0. 1. 0. 1. 1. 1. 1. 0. 1. 0. 0. 0. 1. 0. 0. 0. 0. 1. 0. 0.
 0. 0. 0. 0. 0. 0. 0. 1. 0. 0. 0. 1. 1. 0. 0. 0. 1. 0. 1. 0. 0. 1. 0. 0.
 0. 0. 0. 0. 0. 1. 0. 0. 0. 0. 0. 1. 0. 1. 1. 0. 1. 0. 0. 0. 1. 0. 1. 0.
 0. 0. 0. 0. 0. 0. 0. 1. 0. 0. 0. 0. 0. 0. 0. 1. 0. 0. 0. 0. 1. 0. 0. 0.
 0. 1. 0. 0. 0. 0. 0. 1. 0. 0. 0. 1. 1. 1. 0. 0. 1. 0. 0. 0. 0. 0. 0. 0.
 1. 0. 1. 0. 0. 0. 0. 0.]
Time taken: 23.24191403388977 seconds
Running combination 12 of 50
Fitting RandomForest...
Fitting Adaboost...
Fitting AdaBoost_2...
Fitting et...
Fitting gbc...
Fitting gbc_2...
Fitting gbc_3...
Fitting dt...
Fitting lr...
Fitting Lasso_1...
Fitting Lasso_2...
Fitting Lasso_3...
Fitting Lasso_4...
Fitting elasticnet...
VCF file created successfully.
pyseer stderr:  Read 1000 phenotypes
Detected continuous phenotype
Reading all variants

0variants [00:00, ?variants/s]
55variants [00:00, 548.76variants/s]
110variants [00:00, 479.96variants/s]
166variants [00:00, 512.24variants/s]
198variants [00:00, 516.07variants/s]
Applying correlation filtering

  0%|          | 0/198 [00:00<?, ?variants/s]
100%|██████████| 198/198 [00:00<00:00, 2746.31variants/s]
Fitting elastic net to top 148 variants
Best penalty (lambda) from cross-validation: 4.93E+00
Best R^2 from cross-validation: 0.588
Finding and printing selected variants
198 loaded variants
50 pre-filtered variants
148 tested variants
146 printed variants

True importance standardized:  [0.61057314 0.61057314 0.61057314 0.96486404 0.96486404 0.96486404
 0.7598899  0.7598899  0.7598899  1.         1.         1.
 0.43456744 0.43456744 0.43456744 0.97093329 0.97093329 0.97093329
 0.48712727 0.48712727 0.48712727 0.57392655 0.57392655 0.57392655
 0.88243746 0.88243746 0.88243746 0.28470785 0.28470785 0.28470785
 0.         0.         0.         0.         0.         0.
 0.         0.         0.         0.         0.         0.
 0.         0.         0.         0.         0.         0.
 0.         0.         0.         0.         0.         0.
 0.         0.         0.         0.         0.         0.
 0.         0.         0.         0.         0.         0.
 0.         0.         0.         0.         0.         0.
 0.         0.         0.         0.         0.         0.
 0.         0.         0.         0.         0.         0.
 0.         0.         0.         0.         0.         0.
 0.         0.         0.         0.         0.         0.
 0.         0.         0.         0.         0.         0.
 0.         0.         0.         0.         0.         0.
 0.         0.         0.         0.         0.         0.
 0.         0.         0.         0.         0.         0.
 0.         0.         0.         0.         0.         0.
 0.         0.         0.         0.         0.         0.
 0.         0.         0.         0.         0.         0.
 0.         0.         0.         0.         0.         0.
 0.         0.         0.         0.         0.         0.
 0.         0.         0.         0.         0.         0.
 0.         0.         0.         0.         0.         0.
 0.         0.         0.         0.         0.         0.
 0.         0.         0.         0.         0.         0.
 0.         0.         0.         0.         0.         0.
 0.         0.         0.         0.         0.         0.
 0.         0.         0.         0.         0.         0.
 0.         0.         0.         0.         0.         0.
 0.         0.        ]
Normalized importance:  [0.33390177 0.33390177 0.33390177 1.         1.         1.
 0.77969264 0.77969264 0.77969264 0.66360762 0.66360762 0.66360762
 0.14968756 0.14968756 0.14968756 0.84737623 0.84737623 0.84737623
 0.11299567 0.11299567 0.11299567 0.23685528 0.23685528 0.23685528
 0.95815681 0.95815681 0.95815681 0.         0.         0.
 0.         0.         0.         0.         0.         0.
 0.         0.         0.         0.         0.         0.
 0.         0.         0.         0.         0.         0.
 0.         0.03415411 0.         0.         0.         0.
 0.         0.         0.         0.         0.         0.
 0.         0.05162864 0.         0.         0.         0.
 0.         0.00643639 0.         0.         0.         0.
 0.         0.         0.         0.         0.         0.
 0.         0.         0.05522464 0.         0.         0.
 0.         0.         0.         0.         0.         0.
 0.         0.         0.         0.         0.         0.
 0.         0.         0.         0.         0.         0.
 0.         0.         0.         0.         0.         0.
 0.         0.         0.         0.         0.         0.
 0.         0.         0.         0.         0.         0.
 0.         0.         0.         0.         0.         0.
 0.         0.         0.         0.         0.         0.
 0.         0.         0.         0.         0.         0.
 0.03028929 0.         0.         0.         0.         0.
 0.         0.         0.         0.         0.         0.
 0.         0.         0.         0.         0.         0.
 0.         0.         0.         0.         0.         0.
 0.         0.         0.00726057 0.         0.         0.
 0.         0.         0.         0.         0.         0.
 0.         0.         0.         0.         0.         0.03180891
 0.         0.         0.         0.         0.         0.
 0.         0.         0.07961415 0.         0.         0.
 0.         0.         0.         0.         0.         0.
 0.         0.        ]
deepbreaks
y_true:  [0. 0. 0. 1. 1. 1. 1. 1. 1. 1. 1. 1. 0. 0. 0. 1. 1. 1. 0. 0. 0. 0. 0. 0.
 1. 1. 1. 0. 0. 0. 0. 0. 0. 0. 0. 0. 0. 0. 0. 0. 0. 0. 0. 0. 0. 0. 0. 0.
 0. 0. 0. 0. 0. 0. 0. 0. 0. 0. 0. 0. 0. 0. 0. 0. 0. 0. 0. 0. 0. 0. 0. 0.
 0. 0. 0. 0. 0. 0. 0. 0. 0. 0. 0. 0. 0. 0. 0. 0. 0. 0. 0. 0. 0. 0. 0. 0.
 0. 0. 0. 0. 0. 0. 0. 0. 0. 0. 0. 0. 0. 0. 0. 0. 0. 0. 0. 0. 0. 0. 0. 0.
 0. 0. 0. 0. 0. 0. 0. 0. 0. 0. 0. 0. 0. 0. 0. 0. 0. 0. 0. 0. 0. 0. 0. 0.
 0. 0. 0. 0. 0. 0. 0. 0. 0. 0. 0. 0. 0. 0. 0. 0. 0. 0. 0. 0. 0. 0. 0. 0.
 0. 0. 0. 0. 0. 0. 0. 0. 0. 0. 0. 0. 0. 0. 0. 0. 0. 0. 0. 0. 0. 0. 0. 0.
 0. 0. 0. 0. 0. 0. 0. 0.]
y_pred:  [1. 1. 1. 1. 1. 1. 1. 1. 1. 1. 1. 1. 0. 0. 0. 1. 1. 1. 0. 0. 0. 0. 0. 0.
 1. 1. 1. 0. 0. 0. 0. 0. 0. 0. 0. 0. 0. 0. 0. 0. 0. 0. 0. 0. 0. 0. 0. 0.
 0. 0. 0. 0. 0. 0. 0. 0. 0. 0. 0. 0. 0. 0. 0. 0. 0. 0. 0. 0. 0. 0. 0. 0.
 0. 0. 0. 0. 0. 0. 0. 0. 0. 0. 0. 0. 0. 0. 0. 0. 0. 0. 0. 0. 0. 0. 0. 0.
 0. 0. 0. 0. 0. 0. 0. 0. 0. 0. 0. 0. 0. 0. 0. 0. 0. 0. 0. 0. 0. 0. 0. 0.
 0. 0. 0. 0. 0. 0. 0. 0. 0. 0. 0. 0. 0. 0. 0. 0. 0. 0. 0. 0. 0. 0. 0. 0.
 0. 0. 0. 0. 0. 0. 0. 0. 0. 0. 0. 0. 0. 0. 0. 0. 0. 0. 0. 0. 0. 0. 0. 0.
 0. 0. 0. 0. 0. 0. 0. 0. 0. 0. 0. 0. 0. 0. 0. 0. 0. 0. 0. 0. 0. 0. 0. 0.
 0. 0. 0. 0. 0. 0. 0. 0.]
Normalized importance:  [5.04232804e-01 7.56613757e-03 1.81481481e-01 9.89417989e-01
 3.07407407e-01 5.26984127e-03 6.77248677e-01 2.01587302e-01
 2.16402116e-01 8.04232804e-01 1.14814815e-01 1.69312169e-01
 4.11640212e-01 4.49206349e-02 1.24867725e-01 1.00000000e+00
 7.03703704e-02 7.19576720e-02 3.69841270e-01 1.43386243e-02
 8.88888889e-02 6.13756614e-01 1.79365079e-01 1.08994709e-01
 9.41798942e-01 2.38624339e-02 1.70899471e-01 1.55026455e-01
 8.35978836e-02 5.55555556e-02 5.28571429e-02 7.88359788e-02
 0.00000000e+00 0.00000000e+00 8.35978836e-02 1.07936508e-01
 0.00000000e+00 1.25925926e-03 3.55026455e-02 1.05291005e-01
 1.01587302e-02 0.00000000e+00 0.00000000e+00 1.44973545e-01
 4.32804233e-03 0.00000000e+00 0.00000000e+00 8.09523810e-02
 0.00000000e+00 1.53968254e-01 6.56084656e-02 1.32804233e-01
 1.05291005e-01 6.71957672e-03 1.26984127e-01 1.52910053e-01
 1.28571429e-01 0.00000000e+00 1.13756614e-01 1.95238095e-02
 1.39682540e-01 8.09523810e-02 1.54497354e-02 1.96825397e-02
 8.30687831e-02 1.41798942e-01 0.00000000e+00 7.67195767e-02
 1.77248677e-01 0.00000000e+00 7.98941799e-02 1.36507937e-01
 0.00000000e+00 0.00000000e+00 0.00000000e+00 0.00000000e+00
 7.98941799e-02 1.77248677e-02 9.68253968e-02 4.14814815e-03
 1.59259259e-01 0.00000000e+00 1.53968254e-02 1.70370370e-01
 0.00000000e+00 0.00000000e+00 2.02645503e-02 0.00000000e+00
 4.71428571e-02 1.31216931e-02 0.00000000e+00 1.92592593e-03
 0.00000000e+00 2.33333333e-01 0.00000000e+00 1.12169312e-02
 1.74074074e-02 0.00000000e+00 1.13227513e-01 2.94708995e-02
 0.00000000e+00 0.00000000e+00 1.40211640e-01 0.00000000e+00
 1.26984127e-01 1.39153439e-01 1.20105820e-01 6.98412698e-02
 1.65079365e-01 3.21693122e-03 1.34920635e-01 0.00000000e+00
 9.73544974e-02 1.61375661e-01 0.00000000e+00 1.49206349e-01
 7.88359788e-03 0.00000000e+00 1.87830688e-01 1.42328042e-01
 1.02645503e-01 9.31216931e-02 1.50793651e-03 0.00000000e+00
 0.00000000e+00 2.04232804e-01 6.56084656e-02 0.00000000e+00
 0.00000000e+00 0.00000000e+00 1.91534392e-02 8.09523810e-02
 1.14814815e-02 1.41798942e-01 1.36507937e-01 8.30687831e-02
 1.24867725e-01 0.00000000e+00 8.35978836e-02 0.00000000e+00
 7.14285714e-02 1.17989418e-02 3.26984127e-02 1.27513228e-01
 8.35978836e-03 1.58730159e-02 8.04232804e-02 1.43915344e-01
 0.00000000e+00 6.93121693e-02 0.00000000e+00 0.00000000e+00
 0.00000000e+00 8.41269841e-02 1.53439153e-02 1.64021164e-01
 0.00000000e+00 8.73015873e-02 0.00000000e+00 0.00000000e+00
 1.87301587e-01 0.00000000e+00 0.00000000e+00 6.61375661e-02
 2.35978836e-02 0.00000000e+00 6.66666667e-04 9.52380952e-02
 2.14285714e-01 7.61904762e-02 2.36507937e-02 1.74074074e-02
 2.81481481e-02 1.65079365e-01 6.45502646e-02 1.47089947e-02
 7.51322751e-02 1.55026455e-01 0.00000000e+00 1.12698413e-01
 0.00000000e+00 1.11640212e-01 5.29100529e-02 6.56084656e-02
 1.90476190e-02 7.93650794e-02 1.07407407e-01 3.38095238e-03
 2.27513228e-01 0.00000000e+00 0.00000000e+00 1.78835979e-01
 0.00000000e+00 1.13756614e-01 8.41269841e-02 1.06878307e-01
 7.35449735e-02 0.00000000e+00 0.00000000e+00 0.00000000e+00]
pyseer
y_true:  [0. 0. 0. 1. 1. 1. 1. 1. 1. 1. 1. 1. 0. 0. 0. 1. 1. 1. 0. 0. 0. 0. 0. 0.
 1. 1. 1. 0. 0. 0. 0. 0. 0. 0. 0. 0. 0. 0. 0. 0. 0. 0. 0. 0. 0. 0. 0. 0.
 0. 0. 0. 0. 0. 0. 0. 0. 0. 0. 0. 0. 0. 0. 0. 0. 0. 0. 0. 0. 0. 0. 0. 0.
 0. 0. 0. 0. 0. 0. 0. 0. 0. 0. 0. 0. 0. 0. 0. 0. 0. 0. 0. 0. 0. 0. 0. 0.
 0. 0. 0. 0. 0. 0. 0. 0. 0. 0. 0. 0. 0. 0. 0. 0. 0. 0. 0. 0. 0. 0. 0. 0.
 0. 0. 0. 0. 0. 0. 0. 0. 0. 0. 0. 0. 0. 0. 0. 0. 0. 0. 0. 0. 0. 0. 0. 0.
 0. 0. 0. 0. 0. 0. 0. 0. 0. 0. 0. 0. 0. 0. 0. 0. 0. 0. 0. 0. 0. 0. 0. 0.
 0. 0. 0. 0. 0. 0. 0. 0. 0. 0. 0. 0. 0. 0. 0. 0. 0. 0. 0. 0. 0. 0. 0. 0.
 0. 0. 0. 0. 0. 0. 0. 0.]
y_pred:  [1. 0. 1. 1. 1. 0. 1. 1. 1. 1. 1. 1. 1. 0. 1. 1. 0. 0. 1. 0. 1. 1. 1. 1.
 1. 0. 1. 1. 0. 0. 0. 0. 0. 0. 0. 1. 0. 0. 0. 1. 0. 0. 0. 1. 0. 0. 0. 0.
 0. 1. 0. 1. 1. 0. 1. 1. 1. 0. 1. 0. 1. 0. 0. 0. 0. 1. 0. 0. 1. 0. 0. 1.
 0. 0. 0. 0. 0. 0. 1. 0. 1. 0. 0. 1. 0. 0. 0. 0. 0. 0. 0. 0. 0. 1. 0. 0.
 0. 0. 1. 0. 0. 0. 1. 0. 1. 1. 1. 0. 1. 0. 1. 0. 1. 1. 0. 1. 0. 0. 1. 1.
 1. 1. 0. 0. 0. 1. 0. 0. 0. 0. 0. 0. 0. 1. 1. 0. 1. 0. 0. 0. 0. 0. 0. 1.
 0. 0. 0. 1. 0. 0. 0. 0. 0. 0. 0. 1. 0. 1. 0. 0. 1. 0. 0. 0. 0. 0. 0. 1.
 1. 0. 0. 0. 0. 1. 0. 0. 0. 1. 0. 1. 0. 1. 0. 0. 0. 0. 1. 0. 1. 0. 0. 1.
 0. 1. 0. 1. 0. 0. 0. 0.]
Time taken: 23.640634298324585 seconds
Running combination 13 of 50
Fitting RandomForest...
Fitting Adaboost...
Fitting AdaBoost_2...
Fitting et...
Fitting gbc...
Fitting gbc_2...
Fitting gbc_3...
Fitting dt...
Fitting lr...
Fitting Lasso_1...
Fitting Lasso_2...
Fitting Lasso_3...
Fitting Lasso_4...
Fitting elasticnet...
VCF file created successfully.
pyseer stderr:  Read 1000 phenotypes
Detected continuous phenotype
Reading all variants

0variants [00:00, ?variants/s]
56variants [00:00, 557.52variants/s]
112variants [00:00, 486.82variants/s]
168variants [00:00, 515.51variants/s]
198variants [00:00, 520.21variants/s]
Applying correlation filtering

  0%|          | 0/198 [00:00<?, ?variants/s]
100%|██████████| 198/198 [00:00<00:00, 2695.55variants/s]
Fitting elastic net to top 148 variants
Best penalty (lambda) from cross-validation: 3.78E+01
Best R^2 from cross-validation: 0.488
Finding and printing selected variants
198 loaded variants
50 pre-filtered variants
148 tested variants
143 printed variants

True importance standardized:  [0.92104233 0.92104233 0.92104233 1.         1.         1.
 0.21504118 0.21504118 0.21504118 0.87413784 0.87413784 0.87413784
 0.60183965 0.60183965 0.60183965 0.91146697 0.91146697 0.91146697
 0.88976104 0.88976104 0.88976104 0.26217165 0.26217165 0.26217165
 0.83685611 0.83685611 0.83685611 0.33237055 0.33237055 0.33237055
 0.         0.         0.         0.         0.         0.
 0.         0.         0.         0.         0.         0.
 0.         0.         0.         0.         0.         0.
 0.         0.         0.         0.         0.         0.
 0.         0.         0.         0.         0.         0.
 0.         0.         0.         0.         0.         0.
 0.         0.         0.         0.         0.         0.
 0.         0.         0.         0.         0.         0.
 0.         0.         0.         0.         0.         0.
 0.         0.         0.         0.         0.         0.
 0.         0.         0.         0.         0.         0.
 0.         0.         0.         0.         0.         0.
 0.         0.         0.         0.         0.         0.
 0.         0.         0.         0.         0.         0.
 0.         0.         0.         0.         0.         0.
 0.         0.         0.         0.         0.         0.
 0.         0.         0.         0.         0.         0.
 0.         0.         0.         0.         0.         0.
 0.         0.         0.         0.         0.         0.
 0.         0.         0.         0.         0.         0.
 0.         0.         0.         0.         0.         0.
 0.         0.         0.         0.         0.         0.
 0.         0.         0.         0.         0.         0.
 0.         0.         0.         0.         0.         0.
 0.         0.         0.         0.         0.         0.
 0.         0.         0.         0.         0.         0.
 0.         0.         0.         0.         0.         0.
 0.         0.         0.         0.         0.         0.
 0.         0.        ]
Normalized importance:  [0.35714709 0.35714709 0.35714709 0.89397215 0.89397215 0.89397215
 0.         0.         0.         0.563471   0.563471   0.563471
 0.38982497 0.38982497 0.38982497 0.60565128 0.60565128 0.60565128
 1.         1.         1.         0.05421811 0.         0.05421811
 0.50649627 0.50649627 0.50649627 0.16658515 0.16658515 0.16658515
 0.         0.         0.03261263 0.         0.         0.
 0.         0.         0.         0.         0.         0.
 0.         0.         0.         0.         0.         0.
 0.         0.         0.         0.         0.         0.
 0.01763864 0.         0.         0.         0.         0.
 0.         0.         0.         0.         0.         0.
 0.         0.         0.         0.         0.         0.
 0.         0.         0.         0.         0.         0.
 0.         0.02514965 0.         0.         0.         0.
 0.         0.         0.         0.         0.         0.
 0.         0.         0.         0.         0.         0.
 0.         0.         0.         0.         0.         0.
 0.         0.         0.         0.         0.         0.
 0.         0.         0.         0.         0.         0.
 0.         0.         0.04191888 0.         0.         0.
 0.         0.         0.         0.         0.         0.
 0.         0.         0.         0.         0.         0.
 0.         0.         0.         0.         0.         0.
 0.         0.         0.         0.         0.         0.
 0.         0.         0.         0.         0.02758874 0.
 0.         0.         0.         0.         0.         0.
 0.         0.         0.         0.         0.         0.
 0.         0.         0.         0.         0.         0.
 0.         0.         0.         0.         0.         0.
 0.         0.         0.0349237  0.         0.         0.
 0.         0.         0.         0.         0.         0.03496587
 0.         0.         0.         0.         0.         0.
 0.         0.         0.         0.         0.         0.
 0.         0.        ]
deepbreaks
y_true:  [1. 1. 1. 1. 1. 1. 0. 0. 0. 1. 1. 1. 0. 0. 0. 1. 1. 1. 1. 1. 1. 0. 0. 0.
 0. 0. 0. 0. 0. 0. 0. 0. 0. 0. 0. 0. 0. 0. 0. 0. 0. 0. 0. 0. 0. 0. 0. 0.
 0. 0. 0. 0. 0. 0. 0. 0. 0. 0. 0. 0. 0. 0. 0. 0. 0. 0. 0. 0. 0. 0. 0. 0.
 0. 0. 0. 0. 0. 0. 0. 0. 0. 0. 0. 0. 0. 0. 0. 0. 0. 0. 0. 0. 0. 0. 0. 0.
 0. 0. 0. 0. 0. 0. 0. 0. 0. 0. 0. 0. 0. 0. 0. 0. 0. 0. 0. 0. 0. 0. 0. 0.
 0. 0. 0. 0. 0. 0. 0. 0. 0. 0. 0. 0. 0. 0. 0. 0. 0. 0. 0. 0. 0. 0. 0. 0.
 0. 0. 0. 0. 0. 0. 0. 0. 0. 0. 0. 0. 0. 0. 0. 0. 0. 0. 0. 0. 0. 0. 0. 0.
 0. 0. 0. 0. 0. 0. 0. 0. 0. 0. 0. 0. 0. 0. 0. 0. 0. 0. 0. 0. 0. 0. 0. 0.
 0. 0. 0. 0. 0. 0. 0. 0.]
y_pred:  [0. 0. 0. 1. 1. 1. 0. 0. 0. 1. 1. 1. 1. 1. 1. 1. 1. 1. 1. 1. 1. 0. 0. 0.
 1. 1. 1. 0. 0. 0. 0. 0. 0. 0. 0. 0. 0. 0. 0. 0. 0. 0. 0. 0. 0. 0. 0. 0.
 0. 0. 0. 0. 0. 0. 0. 0. 0. 0. 0. 0. 0. 0. 0. 0. 0. 0. 0. 0. 0. 0. 0. 0.
 0. 0. 0. 0. 0. 0. 0. 0. 0. 0. 0. 0. 0. 0. 0. 0. 0. 0. 0. 0. 0. 0. 0. 0.
 0. 0. 0. 0. 0. 0. 0. 0. 0. 0. 0. 0. 0. 0. 0. 0. 0. 0. 0. 0. 0. 0. 0. 0.
 0. 0. 0. 0. 0. 0. 0. 0. 0. 0. 0. 0. 0. 0. 0. 0. 0. 0. 0. 0. 0. 0. 0. 0.
 0. 0. 0. 0. 0. 0. 0. 0. 0. 0. 0. 0. 0. 0. 0. 0. 0. 0. 0. 0. 0. 0. 0. 0.
 0. 0. 0. 0. 0. 0. 0. 0. 0. 0. 0. 0. 0. 0. 0. 0. 0. 0. 0. 0. 0. 0. 0. 0.
 0. 0. 0. 0. 0. 0. 0. 0.]
Normalized importance:  [0.67697595 0.27388316 0.24020619 1.         0.42955326 0.23024055
 0.05395189 0.25360825 0.08006873 0.83505155 0.47766323 0.06907216
 0.55670103 0.24295533 0.18006873 0.72164948 0.31408935 0.41580756
 0.93127148 0.31993127 0.49828179 0.15532646 0.06426117 0.29587629
 0.83505155 0.41580756 0.20515464 0.34707904 0.15738832 0.04398625
 0.16769759 0.02247423 0.2556701  0.01591065 0.         0.04020619
 0.         0.12680412 0.07457045 0.         0.02271478 0.01707904
 0.0137457  0.0532646  0.         0.12680412 0.18797251 0.00419244
 0.23573883 0.15670103 0.         0.         0.         0.0257732
 0.2185567  0.08178694 0.1395189  0.05120275 0.04982818 0.
 0.         0.11099656 0.03780069 0.06872852 0.07525773 0.08969072
 0.15498282 0.         0.10962199 0.07044674 0.06769759 0.
 0.05154639 0.01862543 0.         0.0975945  0.11099656 0.12371134
 0.13539519 0.18109966 0.         0.03360825 0.         0.0395189
 0.05773196 0.10034364 0.         0.02082474 0.06563574 0.
 0.         0.2137457  0.         0.07766323 0.         0.11340206
 0.12989691 0.         0.0030756  0.08006873 0.09896907 0.
 0.         0.         0.08900344 0.09278351 0.08694158 0.
 0.         0.15360825 0.04536082 0.         0.06632302 0.12130584
 0.         0.         0.19450172 0.08591065 0.         0.00398625
 0.12646048 0.20378007 0.14742268 0.         0.         0.01896907
 0.         0.01415808 0.         0.         0.03505155 0.
 0.         0.         0.20068729 0.         0.         0.11649485
 0.06975945 0.         0.09381443 0.05085911 0.         0.24742268
 0.03292096 0.         0.20790378 0.13436426 0.0790378  0.17319588
 0.08281787 0.         0.14364261 0.00810997 0.         0.
 0.         0.01415808 0.01697595 0.17010309 0.         0.
 0.10515464 0.         0.16151203 0.         0.01707904 0.12371134
 0.         0.11340206 0.08487973 0.         0.05773196 0.09415808
 0.0467354  0.13367698 0.16632302 0.07388316 0.03608247 0.01350515
 0.01670103 0.01419244 0.08247423 0.11649485 0.05120275 0.27869416
 0.         0.         0.0309622  0.02051546 0.0080756  0.10721649
 0.06357388 0.12268041 0.15670103 0.1838488  0.06254296 0.
 0.         0.        ]
pyseer
y_true:  [1. 1. 1. 1. 1. 1. 0. 0. 0. 1. 1. 1. 0. 0. 0. 1. 1. 1. 1. 1. 1. 0. 0. 0.
 0. 0. 0. 0. 0. 0. 0. 0. 0. 0. 0. 0. 0. 0. 0. 0. 0. 0. 0. 0. 0. 0. 0. 0.
 0. 0. 0. 0. 0. 0. 0. 0. 0. 0. 0. 0. 0. 0. 0. 0. 0. 0. 0. 0. 0. 0. 0. 0.
 0. 0. 0. 0. 0. 0. 0. 0. 0. 0. 0. 0. 0. 0. 0. 0. 0. 0. 0. 0. 0. 0. 0. 0.
 0. 0. 0. 0. 0. 0. 0. 0. 0. 0. 0. 0. 0. 0. 0. 0. 0. 0. 0. 0. 0. 0. 0. 0.
 0. 0. 0. 0. 0. 0. 0. 0. 0. 0. 0. 0. 0. 0. 0. 0. 0. 0. 0. 0. 0. 0. 0. 0.
 0. 0. 0. 0. 0. 0. 0. 0. 0. 0. 0. 0. 0. 0. 0. 0. 0. 0. 0. 0. 0. 0. 0. 0.
 0. 0. 0. 0. 0. 0. 0. 0. 0. 0. 0. 0. 0. 0. 0. 0. 0. 0. 0. 0. 0. 0. 0. 0.
 0. 0. 0. 0. 0. 0. 0. 0.]
y_pred:  [1. 1. 1. 1. 1. 1. 0. 1. 0. 1. 1. 0. 1. 1. 1. 1. 1. 1. 1. 1. 1. 1. 0. 1.
 1. 1. 1. 1. 1. 0. 1. 0. 1. 0. 0. 0. 0. 1. 0. 0. 0. 0. 0. 0. 0. 1. 1. 0.
 1. 1. 0. 0. 0. 0. 1. 0. 1. 0. 0. 0. 0. 1. 0. 0. 0. 0. 1. 0. 1. 0. 0. 0.
 0. 0. 0. 0. 1. 1. 1. 1. 0. 0. 0. 0. 0. 1. 0. 0. 0. 0. 0. 1. 0. 0. 0. 1.
 1. 0. 0. 0. 1. 0. 0. 0. 0. 0. 0. 0. 0. 1. 0. 0. 0. 1. 0. 0. 1. 0. 0. 0.
 1. 1. 1. 0. 0. 0. 0. 0. 0. 0. 0. 0. 0. 0. 1. 0. 0. 1. 0. 0. 0. 0. 0. 1.
 0. 0. 1. 1. 0. 1. 0. 0. 1. 0. 0. 0. 0. 0. 0. 1. 0. 0. 1. 0. 1. 0. 0. 1.
 0. 1. 0. 0. 0. 0. 0. 1. 1. 0. 0. 0. 0. 0. 0. 1. 0. 1. 0. 0. 0. 0. 0. 1.
 0. 1. 1. 1. 0. 0. 0. 0.]
Time taken: 23.094950914382935 seconds
Running combination 14 of 50
Fitting RandomForest...
Fitting Adaboost...
Fitting AdaBoost_2...
Fitting et...
Fitting gbc...
Fitting gbc_2...
Fitting gbc_3...
Fitting dt...
Fitting lr...
Fitting Lasso_1...
Fitting Lasso_2...
Fitting Lasso_3...
Fitting Lasso_4...
Fitting elasticnet...
VCF file created successfully.
pyseer stderr:  Read 1000 phenotypes
Detected continuous phenotype
Reading all variants

0variants [00:00, ?variants/s]
55variants [00:00, 541.88variants/s]
110variants [00:00, 481.03variants/s]
166variants [00:00, 511.98variants/s]
198variants [00:00, 515.88variants/s]
Applying correlation filtering

  0%|          | 0/198 [00:00<?, ?variants/s]
100%|██████████| 198/198 [00:00<00:00, 2715.99variants/s]
Fitting elastic net to top 148 variants
Best penalty (lambda) from cross-validation: 1.35E+01
Best R^2 from cross-validation: 0.530
Finding and printing selected variants
198 loaded variants
50 pre-filtered variants
148 tested variants
138 printed variants

True importance standardized:  [1.         1.         1.         0.64766829 0.64766829 0.64766829
 0.69146928 0.69146928 0.69146928 0.70866783 0.70866783 0.70866783
 0.28863095 0.28863095 0.28863095 0.34658675 0.34658675 0.34658675
 0.95289458 0.95289458 0.95289458 0.28978528 0.28978528 0.28978528
 0.47311887 0.47311887 0.47311887 0.17233873 0.17233873 0.17233873
 0.         0.         0.         0.         0.         0.
 0.         0.         0.         0.         0.         0.
 0.         0.         0.         0.         0.         0.
 0.         0.         0.         0.         0.         0.
 0.         0.         0.         0.         0.         0.
 0.         0.         0.         0.         0.         0.
 0.         0.         0.         0.         0.         0.
 0.         0.         0.         0.         0.         0.
 0.         0.         0.         0.         0.         0.
 0.         0.         0.         0.         0.         0.
 0.         0.         0.         0.         0.         0.
 0.         0.         0.         0.         0.         0.
 0.         0.         0.         0.         0.         0.
 0.         0.         0.         0.         0.         0.
 0.         0.         0.         0.         0.         0.
 0.         0.         0.         0.         0.         0.
 0.         0.         0.         0.         0.         0.
 0.         0.         0.         0.         0.         0.
 0.         0.         0.         0.         0.         0.
 0.         0.         0.         0.         0.         0.
 0.         0.         0.         0.         0.         0.
 0.         0.         0.         0.         0.         0.
 0.         0.         0.         0.         0.         0.
 0.         0.         0.         0.         0.         0.
 0.         0.         0.         0.         0.         0.
 0.         0.         0.         0.         0.         0.
 0.         0.         0.         0.         0.         0.
 0.         0.         0.         0.         0.         0.
 0.         0.        ]
Normalized importance:  [1.         1.         1.         0.41186278 0.41186278 0.41186278
 0.36195344 0.36195344 0.36195344 0.4486287  0.4486287  0.4486287
 0.08631912 0.08631912 0.08631912 0.07681232 0.07681232 0.07681232
 0.69761252 0.69761252 0.69761252 0.03776127 0.03776127 0.03776127
 0.13863889 0.13863889 0.13863889 0.         0.         0.
 0.         0.         0.         0.         0.         0.
 0.         0.         0.         0.         0.         0.
 0.         0.         0.01023076 0.         0.         0.
 0.         0.         0.         0.         0.         0.
 0.         0.         0.         0.         0.         0.
 0.         0.         0.         0.         0.         0.
 0.         0.         0.         0.         0.         0.
 0.         0.         0.         0.         0.         0.
 0.         0.         0.         0.         0.         0.
 0.         0.         0.         0.         0.         0.
 0.         0.         0.         0.         0.         0.
 0.         0.         0.         0.         0.         0.
 0.         0.         0.         0.         0.         0.
 0.         0.         0.         0.         0.         0.
 0.         0.         0.         0.         0.         0.
 0.         0.         0.         0.00942406 0.         0.
 0.         0.         0.         0.         0.         0.
 0.         0.         0.0110795  0.         0.         0.
 0.         0.         0.         0.         0.         0.
 0.         0.         0.         0.         0.         0.
 0.         0.         0.         0.         0.         0.
 0.         0.         0.         0.         0.         0.
 0.         0.         0.         0.         0.         0.
 0.         0.         0.03786959 0.         0.         0.
 0.         0.         0.         0.         0.         0.
 0.         0.         0.         0.         0.         0.
 0.         0.         0.         0.         0.         0.
 0.         0.         0.         0.         0.         0.
 0.         0.        ]
deepbreaks
y_true:  [1. 1. 1. 1. 1. 1. 1. 1. 1. 1. 1. 1. 0. 0. 0. 0. 0. 0. 1. 1. 1. 0. 0. 0.
 0. 0. 0. 0. 0. 0. 0. 0. 0. 0. 0. 0. 0. 0. 0. 0. 0. 0. 0. 0. 0. 0. 0. 0.
 0. 0. 0. 0. 0. 0. 0. 0. 0. 0. 0. 0. 0. 0. 0. 0. 0. 0. 0. 0. 0. 0. 0. 0.
 0. 0. 0. 0. 0. 0. 0. 0. 0. 0. 0. 0. 0. 0. 0. 0. 0. 0. 0. 0. 0. 0. 0. 0.
 0. 0. 0. 0. 0. 0. 0. 0. 0. 0. 0. 0. 0. 0. 0. 0. 0. 0. 0. 0. 0. 0. 0. 0.
 0. 0. 0. 0. 0. 0. 0. 0. 0. 0. 0. 0. 0. 0. 0. 0. 0. 0. 0. 0. 0. 0. 0. 0.
 0. 0. 0. 0. 0. 0. 0. 0. 0. 0. 0. 0. 0. 0. 0. 0. 0. 0. 0. 0. 0. 0. 0. 0.
 0. 0. 0. 0. 0. 0. 0. 0. 0. 0. 0. 0. 0. 0. 0. 0. 0. 0. 0. 0. 0. 0. 0. 0.
 0. 0. 0. 0. 0. 0. 0. 0.]
y_pred:  [1. 1. 1. 1. 1. 1. 1. 1. 1. 1. 1. 1. 0. 0. 0. 0. 0. 0. 1. 1. 1. 0. 0. 0.
 1. 1. 1. 0. 0. 0. 0. 0. 0. 0. 0. 0. 0. 0. 0. 0. 0. 0. 0. 0. 0. 0. 0. 0.
 0. 0. 0. 0. 0. 0. 0. 0. 0. 0. 0. 0. 0. 0. 0. 0. 0. 0. 0. 0. 0. 0. 0. 0.
 0. 0. 0. 0. 0. 0. 0. 0. 0. 0. 0. 0. 0. 0. 0. 0. 0. 0. 0. 0. 0. 0. 0. 0.
 0. 0. 0. 0. 0. 0. 0. 0. 0. 0. 0. 0. 0. 0. 0. 0. 0. 0. 0. 0. 0. 0. 0. 0.
 0. 0. 0. 0. 0. 0. 0. 0. 0. 0. 0. 0. 0. 0. 0. 0. 0. 0. 0. 0. 0. 0. 0. 0.
 0. 0. 0. 0. 0. 0. 0. 0. 0. 0. 0. 0. 0. 0. 0. 0. 0. 0. 0. 0. 0. 0. 0. 0.
 0. 0. 0. 0. 0. 0. 0. 0. 0. 0. 0. 0. 0. 0. 0. 0. 0. 0. 0. 0. 0. 0. 0. 0.
 0. 0. 0. 0. 0. 0. 0. 0.]
Normalized importance:  [0.99794239 0.6255144  0.67901235 0.65534979 0.25308642 0.4537037
 0.70061728 0.14814815 0.32304527 0.65020576 0.51131687 0.47222222
 0.37242798 0.17695473 0.23662551 0.30041152 0.12242798 0.22839506
 1.         0.49176955 0.30246914 0.31687243 0.06152263 0.04269547
 0.33127572 0.12242798 0.4063786  0.18930041 0.01399177 0.00822016
 0.04135802 0.         0.1563786  0.         0.         0.
 0.09814815 0.         0.         0.20679012 0.07674897 0.
 0.09248971 0.16975309 0.26748971 0.1409465  0.05421811 0.06738683
 0.02304527 0.13374486 0.16975309 0.         0.07510288 0.
 0.07705761 0.02788066 0.         0.         0.11934156 0.01409465
 0.         0.2654321  0.04825103 0.2037037  0.         0.
 0.15432099 0.23765432 0.08981481 0.1100823  0.09855967 0.13888889
 0.05133745 0.12242798 0.         0.01460905 0.         0.
 0.         0.05349794 0.         0.10164609 0.         0.
 0.24279835 0.         0.09845679 0.0042284  0.         0.13477366
 0.         0.03786008 0.08230453 0.20473251 0.         0.07993827
 0.         0.         0.01553498 0.         0.12962963 0.
 0.00945473 0.04876543 0.         0.13168724 0.1090535  0.05668724
 0.03960905 0.03888889 0.04238683 0.01604938 0.         0.05061728
 0.         0.01059671 0.14609053 0.         0.06872428 0.02407407
 0.         0.         0.         0.2037037  0.00382716 0.
 0.07211934 0.         0.10596708 0.10390947 0.         0.02335391
 0.         0.27057613 0.27366255 0.12860082 0.         0.06255144
 0.         0.15740741 0.03281893 0.08199588 0.04197531 0.
 0.         0.00937243 0.21296296 0.1718107  0.         0.02973251
 0.         0.         0.04969136 0.         0.02067901 0.09886831
 0.         0.05010288 0.01779835 0.         0.14197531 0.
 0.         0.11419753 0.05030864 0.1100823  0.         0.08467078
 0.         0.11728395 0.25411523 0.21090535 0.12860082 0.
 0.09238683 0.08209877 0.04516461 0.03106996 0.10802469 0.07962963
 0.         0.0494856  0.09773663 0.02026749 0.15432099 0.09773663
 0.11728395 0.06080247 0.05977366 0.08858025 0.         0.
 0.         0.10390947 0.         0.02006173 0.08909465 0.02757202
 0.         0.        ]
pyseer
y_true:  [1. 1. 1. 1. 1. 1. 1. 1. 1. 1. 1. 1. 0. 0. 0. 0. 0. 0. 1. 1. 1. 0. 0. 0.
 0. 0. 0. 0. 0. 0. 0. 0. 0. 0. 0. 0. 0. 0. 0. 0. 0. 0. 0. 0. 0. 0. 0. 0.
 0. 0. 0. 0. 0. 0. 0. 0. 0. 0. 0. 0. 0. 0. 0. 0. 0. 0. 0. 0. 0. 0. 0. 0.
 0. 0. 0. 0. 0. 0. 0. 0. 0. 0. 0. 0. 0. 0. 0. 0. 0. 0. 0. 0. 0. 0. 0. 0.
 0. 0. 0. 0. 0. 0. 0. 0. 0. 0. 0. 0. 0. 0. 0. 0. 0. 0. 0. 0. 0. 0. 0. 0.
 0. 0. 0. 0. 0. 0. 0. 0. 0. 0. 0. 0. 0. 0. 0. 0. 0. 0. 0. 0. 0. 0. 0. 0.
 0. 0. 0. 0. 0. 0. 0. 0. 0. 0. 0. 0. 0. 0. 0. 0. 0. 0. 0. 0. 0. 0. 0. 0.
 0. 0. 0. 0. 0. 0. 0. 0. 0. 0. 0. 0. 0. 0. 0. 0. 0. 0. 0. 0. 0. 0. 0. 0.
 0. 0. 0. 0. 0. 0. 0. 0.]
y_pred:  [1. 1. 1. 1. 1. 1. 1. 1. 1. 1. 1. 1. 1. 1. 1. 1. 1. 1. 1. 1. 1. 1. 0. 0.
 1. 1. 1. 1. 0. 0. 0. 0. 1. 0. 0. 0. 0. 0. 0. 1. 0. 0. 0. 1. 1. 1. 0. 0.
 0. 1. 1. 0. 0. 0. 0. 0. 0. 0. 1. 0. 0. 1. 0. 1. 0. 0. 1. 1. 0. 1. 0. 1.
 0. 1. 0. 0. 0. 0. 0. 0. 0. 1. 0. 0. 1. 0. 0. 0. 0. 1. 0. 0. 0. 1. 0. 0.
 0. 0. 0. 0. 1. 0. 0. 0. 0. 1. 1. 0. 0. 0. 0. 0. 0. 0. 0. 0. 1. 0. 0. 0.
 0. 0. 0. 1. 0. 0. 0. 0. 1. 1. 0. 0. 0. 1. 1. 1. 0. 0. 0. 1. 0. 0. 0. 0.
 0. 0. 1. 1. 0. 0. 0. 0. 0. 0. 0. 0. 0. 0. 0. 0. 1. 0. 0. 1. 0. 1. 0. 0.
 0. 1. 1. 1. 1. 0. 0. 0. 0. 0. 1. 0. 0. 0. 0. 0. 1. 0. 1. 0. 0. 0. 0. 0.
 0. 1. 0. 0. 0. 0. 0. 0.]
Time taken: 23.379275798797607 seconds
Running combination 15 of 50
Fitting RandomForest...
Fitting Adaboost...
Fitting AdaBoost_2...
Fitting et...
Fitting gbc...
Fitting gbc_2...
Fitting gbc_3...
Fitting dt...
Fitting lr...
Fitting Lasso_1...
Fitting Lasso_2...
Fitting Lasso_3...
Fitting Lasso_4...
Fitting elasticnet...
VCF file created successfully.
pyseer stderr:  Read 1000 phenotypes
Detected continuous phenotype
Reading all variants

0variants [00:00, ?variants/s]
55variants [00:00, 542.45variants/s]
110variants [00:00, 483.48variants/s]
166variants [00:00, 515.91variants/s]
198variants [00:00, 519.97variants/s]
Applying correlation filtering

  0%|          | 0/198 [00:00<?, ?variants/s]
100%|██████████| 198/198 [00:00<00:00, 2684.46variants/s]
Fitting elastic net to top 148 variants
Best penalty (lambda) from cross-validation: 7.21E+00
Best R^2 from cross-validation: 0.507
Finding and printing selected variants
198 loaded variants
50 pre-filtered variants
148 tested variants
141 printed variants

True importance standardized:  [0.62843552 0.62843552 0.62843552 0.79604452 0.79604452 0.79604452
 1.         1.         1.         0.70692092 0.70692092 0.70692092
 0.21566475 0.21566475 0.21566475 0.6087895  0.6087895  0.6087895
 0.47476601 0.47476601 0.47476601 0.55983123 0.55983123 0.55983123
 0.11855005 0.11855005 0.11855005 0.15202355 0.15202355 0.15202355
 0.         0.         0.         0.         0.         0.
 0.         0.         0.         0.         0.         0.
 0.         0.         0.         0.         0.         0.
 0.         0.         0.         0.         0.         0.
 0.         0.         0.         0.         0.         0.
 0.         0.         0.         0.         0.         0.
 0.         0.         0.         0.         0.         0.
 0.         0.         0.         0.         0.         0.
 0.         0.         0.         0.         0.         0.
 0.         0.         0.         0.         0.         0.
 0.         0.         0.         0.         0.         0.
 0.         0.         0.         0.         0.         0.
 0.         0.         0.         0.         0.         0.
 0.         0.         0.         0.         0.         0.
 0.         0.         0.         0.         0.         0.
 0.         0.         0.         0.         0.         0.
 0.         0.         0.         0.         0.         0.
 0.         0.         0.         0.         0.         0.
 0.         0.         0.         0.         0.         0.
 0.         0.         0.         0.         0.         0.
 0.         0.         0.         0.         0.         0.
 0.         0.         0.         0.         0.         0.
 0.         0.         0.         0.         0.         0.
 0.         0.         0.         0.         0.         0.
 0.         0.         0.         0.         0.         0.
 0.         0.         0.         0.         0.         0.
 0.         0.         0.         0.         0.         0.
 0.         0.         0.         0.         0.         0.
 0.         0.        ]
Normalized importance:  [0.61458386 0.61458386 0.61458386 0.79737374 0.79737374 0.79737374
 1.         1.         1.         0.97267415 0.97267415 0.97267415
 0.05496679 0.         0.05496679 0.47755673 0.47755673 0.47755673
 0.18925329 0.         0.18925329 0.48166212 0.48166212 0.48166212
 0.         0.         0.         0.         0.         0.
 0.         0.         0.         0.         0.         0.
 0.         0.         0.         0.         0.         0.
 0.08198259 0.         0.         0.         0.         0.
 0.         0.         0.         0.         0.         0.
 0.         0.         0.         0.         0.         0.
 0.         0.         0.         0.         0.         0.
 0.         0.         0.         0.         0.         0.
 0.         0.         0.         0.         0.         0.
 0.         0.         0.         0.         0.         0.
 0.         0.         0.         0.         0.         0.
 0.         0.         0.         0.         0.         0.
 0.         0.03797587 0.         0.         0.         0.
 0.         0.         0.         0.         0.         0.
 0.         0.         0.         0.         0.         0.
 0.         0.         0.         0.         0.         0.
 0.         0.         0.         0.         0.03858094 0.
 0.         0.         0.         0.         0.         0.
 0.         0.         0.         0.         0.         0.
 0.         0.         0.         0.         0.         0.
 0.         0.         0.         0.         0.         0.
 0.         0.         0.         0.         0.         0.
 0.         0.         0.         0.         0.         0.
 0.         0.         0.         0.         0.         0.
 0.         0.         0.         0.         0.         0.
 0.         0.         0.         0.         0.         0.
 0.         0.         0.         0.         0.         0.
 0.         0.         0.         0.         0.         0.
 0.         0.         0.         0.         0.         0.
 0.         0.        ]
deepbreaks
y_true:  [1. 1. 1. 1. 1. 1. 1. 1. 1. 1. 1. 1. 0. 0. 0. 1. 1. 1. 0. 0. 0. 0. 0. 0.
 0. 0. 0. 0. 0. 0. 0. 0. 0. 0. 0. 0. 0. 0. 0. 0. 0. 0. 0. 0. 0. 0. 0. 0.
 0. 0. 0. 0. 0. 0. 0. 0. 0. 0. 0. 0. 0. 0. 0. 0. 0. 0. 0. 0. 0. 0. 0. 0.
 0. 0. 0. 0. 0. 0. 0. 0. 0. 0. 0. 0. 0. 0. 0. 0. 0. 0. 0. 0. 0. 0. 0. 0.
 0. 0. 0. 0. 0. 0. 0. 0. 0. 0. 0. 0. 0. 0. 0. 0. 0. 0. 0. 0. 0. 0. 0. 0.
 0. 0. 0. 0. 0. 0. 0. 0. 0. 0. 0. 0. 0. 0. 0. 0. 0. 0. 0. 0. 0. 0. 0. 0.
 0. 0. 0. 0. 0. 0. 0. 0. 0. 0. 0. 0. 0. 0. 0. 0. 0. 0. 0. 0. 0. 0. 0. 0.
 0. 0. 0. 0. 0. 0. 0. 0. 0. 0. 0. 0. 0. 0. 0. 0. 0. 0. 0. 0. 0. 0. 0. 0.
 0. 0. 0. 0. 0. 0. 0. 0.]
y_pred:  [1. 1. 1. 1. 1. 1. 1. 1. 1. 1. 1. 1. 0. 0. 0. 0. 0. 0. 0. 0. 0. 1. 1. 1.
 0. 0. 0. 0. 0. 0. 0. 0. 0. 0. 0. 0. 0. 0. 0. 0. 0. 0. 0. 0. 0. 0. 0. 0.
 0. 0. 0. 0. 0. 0. 0. 0. 0. 0. 0. 0. 0. 0. 0. 0. 0. 0. 0. 0. 0. 0. 0. 0.
 0. 0. 0. 0. 0. 0. 0. 0. 0. 0. 0. 0. 0. 0. 0. 0. 0. 0. 0. 0. 0. 0. 0. 0.
 0. 0. 0. 0. 0. 0. 0. 0. 0. 0. 0. 0. 0. 0. 0. 0. 0. 0. 0. 0. 0. 0. 0. 0.
 0. 0. 0. 0. 0. 0. 0. 0. 0. 0. 0. 0. 0. 0. 0. 0. 0. 0. 0. 0. 0. 0. 0. 0.
 0. 0. 0. 0. 0. 0. 0. 0. 0. 0. 0. 0. 0. 0. 0. 0. 0. 0. 0. 0. 0. 0. 0. 0.
 0. 0. 0. 0. 0. 0. 0. 0. 0. 0. 0. 0. 0. 0. 0. 0. 0. 0. 0. 0. 0. 0. 0. 0.
 0. 0. 0. 0. 0. 0. 0. 0.]
Normalized importance:  [7.25826193e-01 4.03916769e-01 1.48102815e-01 7.99265606e-01
 4.84700122e-01 2.43574051e-01 1.00000000e+00 4.10036720e-01
 3.64749082e-01 7.67441860e-01 3.92900857e-01 2.50917993e-01
 3.30477356e-01 1.33414933e-01 2.28886169e-01 6.07099143e-01
 3.52509180e-01 2.08078335e-01 3.97796818e-01 1.56670747e-01
 3.36597307e-01 6.13219094e-01 2.23990208e-01 1.11138311e-01
 0.00000000e+00 1.19094247e-01 0.00000000e+00 1.67686659e-01
 0.00000000e+00 2.32558140e-02 0.00000000e+00 0.00000000e+00
 2.22766218e-01 1.33414933e-01 5.32435741e-02 2.75397797e-02
 0.00000000e+00 2.10526316e-01 5.00611995e-02 7.01346389e-02
 1.87270502e-01 1.17992656e-01 2.72949816e-01 0.00000000e+00
 0.00000000e+00 0.00000000e+00 0.00000000e+00 9.96328029e-02
 4.73684211e-02 1.52998776e-02 7.77233782e-02 3.01101591e-02
 0.00000000e+00 0.00000000e+00 1.82374541e-01 0.00000000e+00
 0.00000000e+00 6.65850673e-02 1.18482252e-01 1.35862913e-01
 0.00000000e+00 3.58629131e-02 0.00000000e+00 0.00000000e+00
 9.63280294e-02 0.00000000e+00 4.85924113e-02 4.81028152e-03
 6.84210526e-02 1.29742962e-01 5.04283966e-02 1.46878825e-01
 1.28518972e-01 1.03304774e-01 1.04039168e-01 1.54222766e-01
 4.68788250e-02 1.08935129e-01 0.00000000e+00 0.00000000e+00
 8.89840881e-02 0.00000000e+00 0.00000000e+00 1.18604651e-01
 6.19339045e-02 8.47001224e-02 1.82374541e-01 8.40881273e-02
 0.00000000e+00 9.31456548e-02 9.91432069e-04 1.87270502e-01
 2.59485924e-01 0.00000000e+00 0.00000000e+00 8.87392901e-02
 0.00000000e+00 1.92166463e-01 0.00000000e+00 3.88004896e-02
 0.00000000e+00 0.00000000e+00 0.00000000e+00 0.00000000e+00
 0.00000000e+00 6.26682987e-02 8.91064871e-02 0.00000000e+00
 0.00000000e+00 9.60832313e-02 0.00000000e+00 1.62790698e-01
 1.51774786e-01 0.00000000e+00 3.17013464e-02 4.82252142e-02
 4.62668299e-02 0.00000000e+00 1.23623011e-01 0.00000000e+00
 0.00000000e+00 4.73684211e-02 2.05630355e-02 1.19583843e-01
 1.94614443e-01 1.98286414e-01 6.79314565e-02 0.00000000e+00
 6.02203182e-02 1.35862913e-01 0.00000000e+00 0.00000000e+00
 1.10159119e-02 0.00000000e+00 2.85189718e-02 3.42717258e-02
 0.00000000e+00 0.00000000e+00 3.97796818e-02 1.14443084e-01
 0.00000000e+00 0.00000000e+00 1.13953488e-01 1.21297430e-01
 0.00000000e+00 5.41003672e-02 1.02815177e-02 1.23623011e-02
 8.13953488e-02 1.22399021e-01 0.00000000e+00 7.87025704e-02
 0.00000000e+00 1.15422277e-02 1.37086903e-02 2.81517748e-02
 1.54222766e-01 4.51652387e-02 1.09179927e-01 2.66829865e-02
 1.16646267e-01 4.33292534e-03 0.00000000e+00 0.00000000e+00
 3.17013464e-02 3.08445532e-02 0.00000000e+00 0.00000000e+00
 6.15667075e-02 0.00000000e+00 5.63035496e-02 1.46878825e-01
 4.43084455e-02 1.55446756e-01 4.21052632e-02 6.11995104e-02
 4.35740514e-02 8.38433293e-02 2.57037944e-02 7.79681763e-02
 2.39902081e-02 0.00000000e+00 4.05140759e-02 0.00000000e+00
 6.48714810e-02 5.33659731e-02 1.02447980e-02 1.62790698e-01
 3.02325581e-02 8.38433293e-02 7.80905753e-02 2.44798042e-02
 1.77478580e-01 6.74418605e-02 1.77478580e-02 3.99020808e-02
 6.34026928e-02 3.37821297e-02 0.00000000e+00 0.00000000e+00]
pyseer
y_true:  [1. 1. 1. 1. 1. 1. 1. 1. 1. 1. 1. 1. 0. 0. 0. 1. 1. 1. 0. 0. 0. 0. 0. 0.
 0. 0. 0. 0. 0. 0. 0. 0. 0. 0. 0. 0. 0. 0. 0. 0. 0. 0. 0. 0. 0. 0. 0. 0.
 0. 0. 0. 0. 0. 0. 0. 0. 0. 0. 0. 0. 0. 0. 0. 0. 0. 0. 0. 0. 0. 0. 0. 0.
 0. 0. 0. 0. 0. 0. 0. 0. 0. 0. 0. 0. 0. 0. 0. 0. 0. 0. 0. 0. 0. 0. 0. 0.
 0. 0. 0. 0. 0. 0. 0. 0. 0. 0. 0. 0. 0. 0. 0. 0. 0. 0. 0. 0. 0. 0. 0. 0.
 0. 0. 0. 0. 0. 0. 0. 0. 0. 0. 0. 0. 0. 0. 0. 0. 0. 0. 0. 0. 0. 0. 0. 0.
 0. 0. 0. 0. 0. 0. 0. 0. 0. 0. 0. 0. 0. 0. 0. 0. 0. 0. 0. 0. 0. 0. 0. 0.
 0. 0. 0. 0. 0. 0. 0. 0. 0. 0. 0. 0. 0. 0. 0. 0. 0. 0. 0. 0. 0. 0. 0. 0.
 0. 0. 0. 0. 0. 0. 0. 0.]
y_pred:  [1. 1. 1. 1. 1. 1. 1. 1. 1. 1. 1. 1. 1. 1. 1. 1. 1. 1. 1. 1. 1. 1. 1. 1.
 0. 1. 0. 1. 0. 0. 0. 0. 1. 1. 0. 0. 0. 1. 0. 0. 1. 1. 1. 0. 0. 0. 0. 1.
 0. 0. 0. 0. 0. 0. 1. 0. 0. 0. 1. 1. 0. 0. 0. 0. 1. 0. 0. 0. 0. 1. 0. 1.
 1. 1. 1. 1. 0. 1. 0. 0. 1. 0. 0. 1. 0. 0. 1. 0. 0. 1. 0. 1. 1. 0. 0. 0.
 0. 1. 0. 0. 0. 0. 0. 0. 0. 0. 1. 0. 0. 1. 0. 1. 1. 0. 0. 0. 0. 0. 1. 0.
 0. 0. 0. 1. 1. 1. 0. 0. 0. 1. 0. 0. 0. 0. 0. 0. 0. 0. 0. 1. 0. 0. 1. 1.
 0. 0. 0. 0. 0. 1. 0. 0. 0. 0. 0. 0. 1. 0. 1. 0. 1. 0. 0. 0. 0. 0. 0. 0.
 0. 0. 0. 1. 0. 1. 0. 0. 0. 0. 0. 0. 0. 0. 0. 0. 0. 0. 0. 1. 0. 0. 0. 0.
 1. 0. 0. 0. 0. 0. 0. 0.]
Time taken: 22.90399980545044 seconds
Running combination 16 of 50
Fitting RandomForest...
Fitting Adaboost...
Fitting AdaBoost_2...
Fitting et...
Fitting gbc...
Fitting gbc_2...
Fitting gbc_3...
Fitting dt...
Fitting lr...
Fitting Lasso_1...
Fitting Lasso_2...
Fitting Lasso_3...
Fitting Lasso_4...
Fitting elasticnet...
VCF file created successfully.
pyseer stderr:  Read 1000 phenotypes
Detected continuous phenotype
Reading all variants

0variants [00:00, ?variants/s]
53variants [00:00, 527.86variants/s]
106variants [00:00, 466.06variants/s]
162variants [00:00, 502.66variants/s]
198variants [00:00, 506.97variants/s]
Applying correlation filtering

  0%|          | 0/198 [00:00<?, ?variants/s]
100%|██████████| 198/198 [00:00<00:00, 2687.82variants/s]
Fitting elastic net to top 148 variants
Best penalty (lambda) from cross-validation: 7.23E+00
Best R^2 from cross-validation: 0.543
Finding and printing selected variants
198 loaded variants
50 pre-filtered variants
148 tested variants
141 printed variants

True importance standardized:  [0.61551769 0.61551769 0.61551769 0.39462485 0.39462485 0.39462485
 0.43471573 0.43471573 0.43471573 0.5785354  0.5785354  0.5785354
 0.6811531  0.6811531  0.6811531  0.73154084 0.73154084 0.73154084
 0.4452624  0.4452624  0.4452624  0.42924523 0.42924523 0.42924523
 0.42516945 0.42516945 0.42516945 1.         1.         1.
 0.         0.         0.         0.         0.         0.
 0.         0.         0.         0.         0.         0.
 0.         0.         0.         0.         0.         0.
 0.         0.         0.         0.         0.         0.
 0.         0.         0.         0.         0.         0.
 0.         0.         0.         0.         0.         0.
 0.         0.         0.         0.         0.         0.
 0.         0.         0.         0.         0.         0.
 0.         0.         0.         0.         0.         0.
 0.         0.         0.         0.         0.         0.
 0.         0.         0.         0.         0.         0.
 0.         0.         0.         0.         0.         0.
 0.         0.         0.         0.         0.         0.
 0.         0.         0.         0.         0.         0.
 0.         0.         0.         0.         0.         0.
 0.         0.         0.         0.         0.         0.
 0.         0.         0.         0.         0.         0.
 0.         0.         0.         0.         0.         0.
 0.         0.         0.         0.         0.         0.
 0.         0.         0.         0.         0.         0.
 0.         0.         0.         0.         0.         0.
 0.         0.         0.         0.         0.         0.
 0.         0.         0.         0.         0.         0.
 0.         0.         0.         0.         0.         0.
 0.         0.         0.         0.         0.         0.
 0.         0.         0.         0.         0.         0.
 0.         0.         0.         0.         0.         0.
 0.         0.         0.         0.         0.         0.
 0.         0.        ]
Normalized importance:  [0.3469514  0.3469514  0.3469514  0.07689434 0.07689434 0.07689434
 0.24518541 0.24518541 0.24518541 0.2172901  0.2172901  0.2172901
 0.70916385 0.70916385 0.70916385 0.82268214 0.82268214 0.82268214
 0.18783641 0.18783641 0.18783641 0.11361295 0.11361295 0.11361295
 0.14473266 0.14473266 0.14473266 1.         1.         1.
 0.         0.         0.         0.         0.         0.
 0.         0.         0.         0.         0.         0.
 0.         0.         0.         0.         0.         0.
 0.         0.         0.         0.09235502 0.         0.
 0.         0.         0.         0.         0.         0.
 0.         0.04452714 0.         0.         0.         0.
 0.         0.         0.         0.         0.         0.
 0.         0.         0.         0.         0.         0.
 0.         0.         0.         0.         0.         0.
 0.         0.         0.         0.         0.         0.
 0.         0.01787745 0.         0.         0.         0.
 0.         0.         0.         0.         0.         0.
 0.         0.         0.         0.         0.         0.
 0.         0.         0.         0.         0.         0.
 0.         0.         0.         0.         0.         0.
 0.         0.         0.         0.         0.         0.
 0.         0.         0.         0.         0.         0.
 0.         0.07103902 0.         0.         0.         0.
 0.         0.00433937 0.         0.         0.         0.04507571
 0.         0.         0.         0.         0.         0.
 0.         0.         0.         0.         0.         0.
 0.         0.         0.         0.02159844 0.         0.
 0.         0.05033049 0.02903156 0.         0.         0.
 0.01725317 0.         0.         0.05732403 0.         0.
 0.         0.         0.         0.         0.         0.
 0.         0.         0.         0.018398   0.         0.
 0.         0.         0.         0.         0.02398343 0.
 0.         0.         0.         0.         0.         0.
 0.         0.        ]
deepbreaks
y_true:  [1. 1. 1. 0. 0. 0. 0. 0. 0. 1. 1. 1. 1. 1. 1. 1. 1. 1. 0. 0. 0. 0. 0. 0.
 0. 0. 0. 1. 1. 1. 0. 0. 0. 0. 0. 0. 0. 0. 0. 0. 0. 0. 0. 0. 0. 0. 0. 0.
 0. 0. 0. 0. 0. 0. 0. 0. 0. 0. 0. 0. 0. 0. 0. 0. 0. 0. 0. 0. 0. 0. 0. 0.
 0. 0. 0. 0. 0. 0. 0. 0. 0. 0. 0. 0. 0. 0. 0. 0. 0. 0. 0. 0. 0. 0. 0. 0.
 0. 0. 0. 0. 0. 0. 0. 0. 0. 0. 0. 0. 0. 0. 0. 0. 0. 0. 0. 0. 0. 0. 0. 0.
 0. 0. 0. 0. 0. 0. 0. 0. 0. 0. 0. 0. 0. 0. 0. 0. 0. 0. 0. 0. 0. 0. 0. 0.
 0. 0. 0. 0. 0. 0. 0. 0. 0. 0. 0. 0. 0. 0. 0. 0. 0. 0. 0. 0. 0. 0. 0. 0.
 0. 0. 0. 0. 0. 0. 0. 0. 0. 0. 0. 0. 0. 0. 0. 0. 0. 0. 0. 0. 0. 0. 0. 0.
 0. 0. 0. 0. 0. 0. 0. 0.]
y_pred:  [1. 1. 1. 0. 0. 0. 1. 1. 1. 1. 1. 1. 1. 1. 1. 1. 1. 1. 1. 1. 1. 0. 0. 0.
 1. 1. 1. 1. 1. 1. 0. 0. 0. 0. 0. 0. 0. 0. 0. 0. 0. 0. 0. 0. 0. 0. 0. 0.
 0. 0. 0. 0. 0. 0. 0. 0. 0. 0. 0. 0. 0. 0. 0. 0. 0. 0. 0. 0. 0. 0. 0. 0.
 0. 0. 0. 0. 0. 0. 0. 0. 0. 0. 0. 0. 0. 0. 0. 0. 0. 0. 0. 0. 0. 0. 0. 0.
 0. 0. 0. 0. 0. 0. 0. 0. 0. 0. 0. 0. 0. 0. 0. 0. 0. 0. 0. 0. 0. 0. 0. 0.
 0. 0. 0. 0. 0. 0. 0. 0. 0. 0. 0. 0. 0. 0. 0. 0. 0. 0. 0. 0. 0. 0. 0. 0.
 0. 0. 0. 0. 0. 0. 0. 0. 0. 0. 0. 0. 0. 0. 0. 0. 0. 0. 0. 0. 0. 0. 0. 0.
 0. 0. 0. 0. 0. 0. 0. 0. 0. 0. 0. 0. 0. 0. 0. 0. 0. 0. 0. 0. 0. 0. 0. 0.
 0. 0. 0. 0. 0. 0. 0. 0.]
Normalized importance:  [0.54102564 0.17820513 0.25192308 0.32564103 0.04564103 0.12051282
 0.45769231 0.15512821 0.0475641  0.60769231 0.16858974 0.00621154
 0.71153846 0.13141026 0.23974359 0.84615385 0.13076923 0.15576923
 0.40961538 0.13653846 0.23846154 0.50576923 0.06378205 0.00494872
 0.40833333 0.18782051 0.15705128 1.         0.26602564 0.3224359
 0.18076923 0.         0.         0.04897436 0.01865385 0.
 0.03019231 0.22179487 0.02782051 0.07564103 0.         0.08910256
 0.08333333 0.05551282 0.21282051 0.16474359 0.04185897 0.06858974
 0.12948718 0.         0.17307692 0.29038462 0.         0.0350641
 0.16666667 0.         0.         0.         0.13269231 0.
 0.10576923 0.17884615 0.         0.10448718 0.03615385 0.07307692
 0.         0.15192308 0.01301282 0.         0.         0.07115385
 0.04839744 0.02628205 0.03064103 0.03064103 0.1224359  0.0125641
 0.07820513 0.         0.09166667 0.12307692 0.00282692 0.09423077
 0.02737179 0.         0.11730769 0.0249359  0.03987179 0.00884615
 0.1474359  0.06160256 0.         0.0724359  0.09551282 0.05596154
 0.07115385 0.04730769 0.02647436 0.         0.07435897 0.00536538
 0.01737179 0.         0.00291026 0.         0.         0.1724359
 0.01371795 0.04839744 0.         0.         0.01301282 0.17884615
 0.00523718 0.         0.16410256 0.         0.         0.15064103
 0.         0.         0.07435897 0.02301282 0.01025641 0.
 0.08782051 0.         0.         0.24807692 0.         0.02320513
 0.05185897 0.20128205 0.         0.19935897 0.02012821 0.
 0.         0.04794872 0.02108974 0.         0.18910256 0.12948718
 0.14679487 0.         0.06666667 0.         0.12179487 0.14230769
 0.00541667 0.08717949 0.17179487 0.         0.00705128 0.
 0.1025641  0.09102564 0.01576923 0.13910256 0.05237179 0.
 0.         0.2724359  0.16346154 0.11153846 0.         0.12435897
 0.18910256 0.08910256 0.08653846 0.18589744 0.1        0.09807692
 0.         0.         0.         0.         0.09358974 0.01224359
 0.         0.02564103 0.08333333 0.11346154 0.03788462 0.
 0.         0.         0.         0.14615385 0.19871795 0.15576923
 0.         0.         0.         0.         0.         0.12564103
 0.         0.        ]
pyseer
y_true:  [1. 1. 1. 0. 0. 0. 0. 0. 0. 1. 1. 1. 1. 1. 1. 1. 1. 1. 0. 0. 0. 0. 0. 0.
 0. 0. 0. 1. 1. 1. 0. 0. 0. 0. 0. 0. 0. 0. 0. 0. 0. 0. 0. 0. 0. 0. 0. 0.
 0. 0. 0. 0. 0. 0. 0. 0. 0. 0. 0. 0. 0. 0. 0. 0. 0. 0. 0. 0. 0. 0. 0. 0.
 0. 0. 0. 0. 0. 0. 0. 0. 0. 0. 0. 0. 0. 0. 0. 0. 0. 0. 0. 0. 0. 0. 0. 0.
 0. 0. 0. 0. 0. 0. 0. 0. 0. 0. 0. 0. 0. 0. 0. 0. 0. 0. 0. 0. 0. 0. 0. 0.
 0. 0. 0. 0. 0. 0. 0. 0. 0. 0. 0. 0. 0. 0. 0. 0. 0. 0. 0. 0. 0. 0. 0. 0.
 0. 0. 0. 0. 0. 0. 0. 0. 0. 0. 0. 0. 0. 0. 0. 0. 0. 0. 0. 0. 0. 0. 0. 0.
 0. 0. 0. 0. 0. 0. 0. 0. 0. 0. 0. 0. 0. 0. 0. 0. 0. 0. 0. 0. 0. 0. 0. 0.
 0. 0. 0. 0. 0. 0. 0. 0.]
y_pred:  [1. 1. 1. 1. 0. 1. 1. 1. 0. 1. 1. 0. 1. 1. 1. 1. 1. 1. 1. 1. 1. 1. 0. 0.
 1. 1. 1. 1. 1. 1. 1. 0. 0. 0. 0. 0. 0. 1. 0. 0. 0. 0. 0. 0. 1. 1. 0. 0.
 1. 0. 1. 1. 0. 0. 1. 0. 0. 0. 1. 0. 1. 1. 0. 1. 0. 0. 0. 1. 0. 0. 0. 0.
 0. 0. 0. 0. 1. 0. 0. 0. 0. 1. 0. 0. 0. 0. 1. 0. 0. 0. 1. 0. 0. 0. 1. 0.
 0. 0. 0. 0. 0. 0. 0. 0. 0. 0. 0. 1. 0. 0. 0. 0. 0. 1. 0. 0. 1. 0. 0. 1.
 0. 0. 0. 0. 0. 0. 0. 0. 0. 1. 0. 0. 0. 1. 0. 1. 0. 0. 0. 0. 0. 0. 1. 1.
 1. 0. 0. 0. 1. 1. 0. 0. 1. 0. 0. 0. 1. 0. 0. 1. 0. 0. 0. 1. 1. 1. 0. 1.
 1. 0. 0. 1. 1. 1. 0. 0. 0. 0. 0. 0. 0. 0. 0. 1. 0. 0. 0. 0. 0. 1. 1. 1.
 0. 0. 0. 0. 0. 1. 0. 0.]
Time taken: 23.574326515197754 seconds
Running combination 17 of 50
Fitting RandomForest...
Fitting Adaboost...
Fitting AdaBoost_2...
Fitting et...
Fitting gbc...
Fitting gbc_2...
Fitting gbc_3...
Fitting dt...
Fitting lr...
Fitting Lasso_1...
Fitting Lasso_2...
Fitting Lasso_3...
Fitting Lasso_4...
Fitting elasticnet...
VCF file created successfully.
pyseer stderr:  Read 1000 phenotypes
Detected continuous phenotype
Reading all variants

0variants [00:00, ?variants/s]
53variants [00:00, 527.80variants/s]
106variants [00:00, 470.36variants/s]
161variants [00:00, 502.86variants/s]
198variants [00:00, 507.09variants/s]
Applying correlation filtering

  0%|          | 0/198 [00:00<?, ?variants/s]
100%|██████████| 198/198 [00:00<00:00, 2449.52variants/s]
Fitting elastic net to top 148 variants
Best penalty (lambda) from cross-validation: 5.70E+01
Best R^2 from cross-validation: 0.490
Finding and printing selected variants
198 loaded variants
50 pre-filtered variants
148 tested variants
135 printed variants

True importance standardized:  [0.59191666 0.59191666 0.59191666 0.95840838 0.95840838 0.95840838
 0.80839311 0.80839311 0.80839311 0.70008434 0.70008434 0.70008434
 1.         1.         1.         0.59999246 0.59999246 0.59999246
 0.42283021 0.42283021 0.42283021 0.8255374  0.8255374  0.8255374
 0.46831944 0.46831944 0.46831944 0.9637577  0.9637577  0.9637577
 0.         0.         0.         0.         0.         0.
 0.         0.         0.         0.         0.         0.
 0.         0.         0.         0.         0.         0.
 0.         0.         0.         0.         0.         0.
 0.         0.         0.         0.         0.         0.
 0.         0.         0.         0.         0.         0.
 0.         0.         0.         0.         0.         0.
 0.         0.         0.         0.         0.         0.
 0.         0.         0.         0.         0.         0.
 0.         0.         0.         0.         0.         0.
 0.         0.         0.         0.         0.         0.
 0.         0.         0.         0.         0.         0.
 0.         0.         0.         0.         0.         0.
 0.         0.         0.         0.         0.         0.
 0.         0.         0.         0.         0.         0.
 0.         0.         0.         0.         0.         0.
 0.         0.         0.         0.         0.         0.
 0.         0.         0.         0.         0.         0.
 0.         0.         0.         0.         0.         0.
 0.         0.         0.         0.         0.         0.
 0.         0.         0.         0.         0.         0.
 0.         0.         0.         0.         0.         0.
 0.         0.         0.         0.         0.         0.
 0.         0.         0.         0.         0.         0.
 0.         0.         0.         0.         0.         0.
 0.         0.         0.         0.         0.         0.
 0.         0.         0.         0.         0.         0.
 0.         0.         0.         0.         0.         0.
 0.         0.        ]
Normalized importance:  [0.172764   0.172764   0.172764   0.9378354  0.9378354  0.9378354
 1.         1.         1.         0.55186569 0.55186569 0.55186569
 0.98791756 0.98791756 0.98791756 0.27753009 0.27753009 0.27753009
 0.09441315 0.         0.09441315 0.51526795 0.51526795 0.51526795
 0.13654529 0.13654529 0.13654529 0.65073758 0.65073758 0.65073758
 0.         0.         0.         0.         0.         0.
 0.         0.         0.         0.         0.         0.
 0.         0.         0.         0.         0.         0.
 0.         0.         0.         0.         0.         0.
 0.         0.01317119 0.         0.         0.         0.
 0.         0.         0.         0.         0.         0.
 0.         0.         0.         0.         0.         0.
 0.         0.         0.         0.         0.         0.
 0.         0.         0.         0.         0.         0.
 0.         0.         0.         0.         0.         0.
 0.         0.         0.         0.         0.         0.
 0.         0.         0.         0.         0.         0.
 0.         0.         0.         0.         0.         0.
 0.         0.         0.         0.         0.         0.
 0.         0.         0.         0.         0.         0.
 0.         0.         0.         0.         0.         0.
 0.         0.         0.         0.         0.         0.
 0.         0.         0.         0.         0.         0.00694443
 0.         0.         0.         0.         0.         0.
 0.         0.         0.         0.         0.         0.
 0.         0.         0.         0.         0.         0.
 0.         0.         0.         0.         0.         0.
 0.         0.         0.         0.         0.         0.
 0.         0.         0.         0.         0.         0.
 0.         0.         0.         0.         0.         0.
 0.06090943 0.         0.         0.         0.         0.
 0.         0.         0.         0.         0.         0.02022662
 0.         0.         0.         0.         0.         0.
 0.         0.        ]
deepbreaks
y_true:  [0. 0. 0. 1. 1. 1. 1. 1. 1. 0. 0. 0. 1. 1. 1. 0. 0. 0. 0. 0. 0. 1. 1. 1.
 0. 0. 0. 1. 1. 1. 0. 0. 0. 0. 0. 0. 0. 0. 0. 0. 0. 0. 0. 0. 0. 0. 0. 0.
 0. 0. 0. 0. 0. 0. 0. 0. 0. 0. 0. 0. 0. 0. 0. 0. 0. 0. 0. 0. 0. 0. 0. 0.
 0. 0. 0. 0. 0. 0. 0. 0. 0. 0. 0. 0. 0. 0. 0. 0. 0. 0. 0. 0. 0. 0. 0. 0.
 0. 0. 0. 0. 0. 0. 0. 0. 0. 0. 0. 0. 0. 0. 0. 0. 0. 0. 0. 0. 0. 0. 0. 0.
 0. 0. 0. 0. 0. 0. 0. 0. 0. 0. 0. 0. 0. 0. 0. 0. 0. 0. 0. 0. 0. 0. 0. 0.
 0. 0. 0. 0. 0. 0. 0. 0. 0. 0. 0. 0. 0. 0. 0. 0. 0. 0. 0. 0. 0. 0. 0. 0.
 0. 0. 0. 0. 0. 0. 0. 0. 0. 0. 0. 0. 0. 0. 0. 0. 0. 0. 0. 0. 0. 0. 0. 0.
 0. 0. 0. 0. 0. 0. 0. 0.]
y_pred:  [0. 0. 0. 1. 1. 1. 1. 1. 1. 1. 1. 1. 1. 1. 1. 0. 0. 0. 0. 0. 0. 1. 1. 1.
 0. 0. 0. 1. 1. 1. 0. 0. 0. 0. 0. 0. 0. 0. 0. 0. 0. 0. 0. 0. 0. 0. 0. 0.
 0. 0. 0. 0. 0. 0. 0. 0. 0. 0. 0. 0. 0. 0. 0. 0. 0. 0. 0. 0. 0. 0. 0. 0.
 0. 0. 0. 0. 0. 0. 0. 0. 0. 0. 0. 0. 0. 0. 0. 0. 0. 0. 0. 0. 0. 0. 0. 0.
 0. 0. 0. 0. 0. 0. 0. 0. 0. 0. 0. 0. 0. 0. 0. 0. 0. 0. 0. 0. 0. 0. 0. 0.
 0. 0. 0. 0. 0. 0. 0. 0. 0. 0. 0. 0. 0. 0. 0. 0. 0. 0. 0. 0. 0. 0. 0. 0.
 0. 0. 0. 0. 0. 0. 0. 0. 0. 0. 0. 0. 0. 0. 0. 0. 0. 0. 0. 0. 0. 0. 0. 0.
 0. 0. 0. 0. 0. 0. 0. 0. 0. 0. 0. 0. 0. 0. 0. 0. 0. 0. 0. 0. 0. 0. 0. 0.
 0. 0. 0. 0. 0. 0. 0. 0.]
Normalized importance:  [0.43220339 0.24774011 0.24152542 0.80508475 0.54237288 0.50564972
 0.86723164 0.43220339 0.40960452 0.8559322  0.36158192 0.34180791
 1.         0.68079096 0.47457627 0.73163842 0.1980226  0.3220339
 0.37853107 0.03079096 0.19039548 0.83050847 0.55932203 0.20451977
 0.57344633 0.22570621 0.31920904 0.9180791  0.37853107 0.40112994
 0.04124294 0.         0.         0.21525424 0.06440678 0.11016949
 0.2579096  0.24774011 0.         0.01720339 0.         0.
 0.         0.02158192 0.04067797 0.         0.09378531 0.09237288
 0.11271186 0.22344633 0.         0.27570621 0.         0.12966102
 0.         0.28531073 0.01844633 0.12033898 0.         0.
 0.01237288 0.19491525 0.         0.03361582 0.21694915 0.26497175
 0.         0.13898305 0.         0.22683616 0.03474576 0.0109322
 0.         0.         0.25084746 0.08983051 0.14067797 0.09548023
 0.00788136 0.0940678  0.11892655 0.37853107 0.         0.20875706
 0.21129944 0.18248588 0.19519774 0.05028249 0.         0.
 0.         0.11355932 0.         0.03926554 0.04011299 0.10508475
 0.09265537 0.01785311 0.         0.07966102 0.15677966 0.12627119
 0.14548023 0.21016949 0.07966102 0.         0.         0.33898305
 0.         0.         0.         0.0460452  0.         0.02937853
 0.1        0.13644068 0.         0.         0.20762712 0.
 0.         0.         0.         0.         0.1440678  0.31638418
 0.         0.         0.00734463 0.10649718 0.         0.
 0.15254237 0.25875706 0.13813559 0.         0.         0.11355932
 0.15225989 0.05338983 0.02245763 0.21214689 0.1240113  0.1319209
 0.21694915 0.         0.         0.         0.00443503 0.
 0.         0.26892655 0.19887006 0.04124294 0.20056497 0.07344633
 0.         0.05564972 0.03644068 0.22372881 0.         0.09745763
 0.00632768 0.         0.07768362 0.12485876 0.         0.
 0.00629944 0.         0.16751412 0.         0.08954802 0.13474576
 0.25225989 0.         0.1519774  0.05508475 0.         0.07146893
 0.31073446 0.         0.12824859 0.         0.11158192 0.06299435
 0.04124294 0.27627119 0.         0.         0.15141243 0.15310734
 0.         0.1259887  0.03135593 0.04576271 0.         0.
 0.         0.        ]
pyseer
y_true:  [0. 0. 0. 1. 1. 1. 1. 1. 1. 0. 0. 0. 1. 1. 1. 0. 0. 0. 0. 0. 0. 1. 1. 1.
 0. 0. 0. 1. 1. 1. 0. 0. 0. 0. 0. 0. 0. 0. 0. 0. 0. 0. 0. 0. 0. 0. 0. 0.
 0. 0. 0. 0. 0. 0. 0. 0. 0. 0. 0. 0. 0. 0. 0. 0. 0. 0. 0. 0. 0. 0. 0. 0.
 0. 0. 0. 0. 0. 0. 0. 0. 0. 0. 0. 0. 0. 0. 0. 0. 0. 0. 0. 0. 0. 0. 0. 0.
 0. 0. 0. 0. 0. 0. 0. 0. 0. 0. 0. 0. 0. 0. 0. 0. 0. 0. 0. 0. 0. 0. 0. 0.
 0. 0. 0. 0. 0. 0. 0. 0. 0. 0. 0. 0. 0. 0. 0. 0. 0. 0. 0. 0. 0. 0. 0. 0.
 0. 0. 0. 0. 0. 0. 0. 0. 0. 0. 0. 0. 0. 0. 0. 0. 0. 0. 0. 0. 0. 0. 0. 0.
 0. 0. 0. 0. 0. 0. 0. 0. 0. 0. 0. 0. 0. 0. 0. 0. 0. 0. 0. 0. 0. 0. 0. 0.
 0. 0. 0. 0. 0. 0. 0. 0.]
y_pred:  [1. 1. 1. 1. 1. 1. 1. 1. 1. 1. 1. 1. 1. 1. 1. 1. 1. 1. 1. 0. 1. 1. 1. 1.
 1. 1. 1. 1. 1. 1. 0. 0. 0. 1. 0. 0. 1. 1. 0. 0. 0. 0. 0. 0. 0. 0. 0. 0.
 0. 1. 0. 1. 0. 0. 0. 1. 0. 0. 0. 0. 0. 1. 0. 0. 1. 1. 0. 0. 0. 1. 0. 0.
 0. 0. 1. 0. 0. 0. 0. 0. 0. 1. 0. 1. 1. 1. 1. 0. 0. 0. 0. 0. 0. 0. 0. 0.
 0. 0. 0. 0. 1. 0. 1. 1. 0. 0. 0. 1. 0. 0. 0. 0. 0. 0. 0. 0. 0. 0. 1. 0.
 0. 0. 0. 0. 1. 1. 0. 0. 0. 0. 0. 0. 1. 1. 0. 0. 0. 0. 1. 0. 0. 1. 0. 0.
 1. 0. 0. 0. 0. 0. 0. 1. 1. 0. 1. 0. 0. 0. 0. 1. 0. 0. 0. 0. 0. 0. 0. 0.
 0. 0. 1. 0. 0. 0. 1. 0. 1. 0. 0. 0. 1. 0. 0. 0. 0. 0. 0. 1. 0. 0. 1. 1.
 0. 0. 0. 0. 0. 0. 0. 0.]
Time taken: 23.856059789657593 seconds
Running combination 18 of 50
Fitting RandomForest...
Fitting Adaboost...
Fitting AdaBoost_2...
Fitting et...
Fitting gbc...
Fitting gbc_2...
Fitting gbc_3...
Fitting dt...
Fitting lr...
Fitting Lasso_1...
Fitting Lasso_2...
Fitting Lasso_3...
Fitting Lasso_4...
Fitting elasticnet...
VCF file created successfully.
pyseer stderr:  Read 1000 phenotypes
Detected continuous phenotype
Reading all variants

0variants [00:00, ?variants/s]
55variants [00:00, 542.94variants/s]
110variants [00:00, 482.21variants/s]
166variants [00:00, 513.42variants/s]
198variants [00:00, 517.17variants/s]
Applying correlation filtering

  0%|          | 0/198 [00:00<?, ?variants/s]
100%|██████████| 198/198 [00:00<00:00, 2751.94variants/s]
Fitting elastic net to top 148 variants
Best penalty (lambda) from cross-validation: 2.00E+01
Best R^2 from cross-validation: 0.525
Finding and printing selected variants
198 loaded variants
50 pre-filtered variants
148 tested variants
139 printed variants

True importance standardized:  [0.38196294 0.38196294 0.38196294 0.3249506  0.3249506  0.3249506
 0.71321914 0.71321914 0.71321914 0.72372818 0.72372818 0.72372818
 0.97953501 0.97953501 0.97953501 0.22212976 0.22212976 0.22212976
 1.         1.         1.         0.51165206 0.51165206 0.51165206
 0.94728109 0.94728109 0.94728109 0.36329223 0.36329223 0.36329223
 0.         0.         0.         0.         0.         0.
 0.         0.         0.         0.         0.         0.
 0.         0.         0.         0.         0.         0.
 0.         0.         0.         0.         0.         0.
 0.         0.         0.         0.         0.         0.
 0.         0.         0.         0.         0.         0.
 0.         0.         0.         0.         0.         0.
 0.         0.         0.         0.         0.         0.
 0.         0.         0.         0.         0.         0.
 0.         0.         0.         0.         0.         0.
 0.         0.         0.         0.         0.         0.
 0.         0.         0.         0.         0.         0.
 0.         0.         0.         0.         0.         0.
 0.         0.         0.         0.         0.         0.
 0.         0.         0.         0.         0.         0.
 0.         0.         0.         0.         0.         0.
 0.         0.         0.         0.         0.         0.
 0.         0.         0.         0.         0.         0.
 0.         0.         0.         0.         0.         0.
 0.         0.         0.         0.         0.         0.
 0.         0.         0.         0.         0.         0.
 0.         0.         0.         0.         0.         0.
 0.         0.         0.         0.         0.         0.
 0.         0.         0.         0.         0.         0.
 0.         0.         0.         0.         0.         0.
 0.         0.         0.         0.         0.         0.
 0.         0.         0.         0.         0.         0.
 0.         0.         0.         0.         0.         0.
 0.         0.        ]
Normalized importance:  [0.06988877 0.         0.06988877 0.12795385 0.12795385 0.12795385
 0.83253806 0.83253806 0.83253806 0.58996481 0.58996481 0.58996481
 0.70718887 0.70718887 0.70718887 0.         0.         0.
 1.         1.         1.         0.25743476 0.25743476 0.25743476
 0.78640584 0.78640584 0.78640584 0.12462626 0.12462626 0.12462626
 0.         0.         0.         0.02687128 0.01583091 0.
 0.         0.         0.         0.         0.         0.
 0.         0.         0.         0.         0.         0.
 0.01827013 0.         0.         0.         0.         0.
 0.         0.         0.         0.         0.         0.
 0.         0.         0.         0.         0.         0.
 0.         0.         0.         0.         0.         0.
 0.         0.         0.         0.         0.         0.02203746
 0.         0.         0.         0.         0.         0.
 0.         0.         0.         0.         0.         0.
 0.         0.         0.         0.         0.         0.
 0.         0.         0.         0.         0.         0.
 0.         0.         0.         0.         0.04390965 0.
 0.01937355 0.         0.         0.         0.         0.
 0.         0.         0.         0.         0.         0.
 0.         0.         0.         0.         0.         0.
 0.         0.         0.         0.         0.         0.
 0.0293763  0.         0.         0.         0.         0.
 0.         0.         0.         0.         0.         0.
 0.         0.         0.         0.         0.         0.
 0.         0.         0.         0.         0.         0.
 0.         0.         0.         0.         0.         0.
 0.         0.         0.         0.         0.         0.
 0.         0.         0.         0.         0.         0.
 0.         0.         0.         0.         0.         0.
 0.         0.         0.         0.         0.01970256 0.
 0.         0.         0.         0.         0.         0.
 0.         0.         0.         0.         0.         0.
 0.         0.        ]
deepbreaks
y_true:  [0. 0. 0. 0. 0. 0. 1. 1. 1. 1. 1. 1. 1. 1. 1. 0. 0. 0. 1. 1. 1. 0. 0. 0.
 1. 1. 1. 0. 0. 0. 0. 0. 0. 0. 0. 0. 0. 0. 0. 0. 0. 0. 0. 0. 0. 0. 0. 0.
 0. 0. 0. 0. 0. 0. 0. 0. 0. 0. 0. 0. 0. 0. 0. 0. 0. 0. 0. 0. 0. 0. 0. 0.
 0. 0. 0. 0. 0. 0. 0. 0. 0. 0. 0. 0. 0. 0. 0. 0. 0. 0. 0. 0. 0. 0. 0. 0.
 0. 0. 0. 0. 0. 0. 0. 0. 0. 0. 0. 0. 0. 0. 0. 0. 0. 0. 0. 0. 0. 0. 0. 0.
 0. 0. 0. 0. 0. 0. 0. 0. 0. 0. 0. 0. 0. 0. 0. 0. 0. 0. 0. 0. 0. 0. 0. 0.
 0. 0. 0. 0. 0. 0. 0. 0. 0. 0. 0. 0. 0. 0. 0. 0. 0. 0. 0. 0. 0. 0. 0. 0.
 0. 0. 0. 0. 0. 0. 0. 0. 0. 0. 0. 0. 0. 0. 0. 0. 0. 0. 0. 0. 0. 0. 0. 0.
 0. 0. 0. 0. 0. 0. 0. 0.]
y_pred:  [0. 0. 0. 0. 0. 0. 1. 1. 1. 1. 1. 1. 1. 1. 1. 0. 0. 0. 1. 1. 1. 1. 1. 1.
 1. 1. 1. 0. 0. 0. 0. 0. 0. 0. 0. 0. 0. 0. 0. 0. 0. 0. 0. 0. 0. 0. 0. 0.
 0. 0. 0. 0. 0. 0. 0. 0. 0. 0. 0. 0. 0. 0. 0. 0. 0. 0. 0. 0. 0. 0. 0. 0.
 0. 0. 0. 0. 0. 0. 0. 0. 0. 0. 0. 0. 0. 0. 0. 0. 0. 0. 0. 0. 0. 0. 0. 0.
 0. 0. 0. 0. 0. 0. 0. 0. 0. 0. 0. 0. 0. 0. 0. 0. 0. 0. 0. 0. 0. 0. 0. 0.
 0. 0. 0. 0. 0. 0. 0. 0. 0. 0. 0. 0. 0. 0. 0. 0. 0. 0. 0. 0. 0. 0. 0. 0.
 0. 0. 0. 0. 0. 0. 0. 0. 0. 0. 0. 0. 0. 0. 0. 0. 0. 0. 0. 0. 0. 0. 0. 0.
 0. 0. 0. 0. 0. 0. 0. 0. 0. 0. 0. 0. 0. 0. 0. 0. 0. 0. 0. 0. 0. 0. 0. 0.
 0. 0. 0. 0. 0. 0. 0. 0.]
Normalized importance:  [0.376      0.09314286 0.11828571 0.392      0.         0.25885714
 0.75428571 0.52514286 0.21085714 0.54342857 0.34285714 0.39542857
 0.85714286 0.38742857 0.43542857 0.188      0.03097143 0.006
 0.90857143 0.45314286 0.52228571 0.52285714 0.348      0.11771429
 1.         0.19142857 0.40742857 0.41542857 0.33257143 0.
 0.         0.15028571 0.         0.18514286 0.14       0.15371429
 0.18685714 0.         0.156      0.10171429 0.         0.00265714
 0.19542857 0.         0.0452     0.         0.         0.
 0.30685714 0.14228571 0.05628571 0.14514286 0.         0.08742857
 0.03502857 0.         0.00286286 0.         0.0164     0.20914286
 0.         0.17085714 0.26628571 0.01422857 0.10742857 0.224
 0.         0.15085714 0.         0.03502857 0.05177143 0.02485714
 0.         0.11142857 0.02194286 0.13028571 0.088      0.30114286
 0.         0.         0.         0.09885714 0.10457143 0.01422857
 0.         0.         0.         0.01857143 0.13771429 0.05622857
 0.         0.         0.05771429 0.         0.         0.
 0.034      0.24342857 0.         0.01565714 0.08914286 0.18742857
 0.         0.14514286 0.03771429 0.09371429 0.248      0.
 0.13942857 0.         0.04102857 0.04622857 0.         0.09257143
 0.         0.09428571 0.09771429 0.08285714 0.         0.15142857
 0.10171429 0.09314286 0.         0.0184     0.17257143 0.24057143
 0.         0.14971429 0.06971429 0.04874286 0.10114286 0.
 0.188      0.00284    0.         0.         0.26685714 0.
 0.19371429 0.17485714 0.00258857 0.         0.12571429 0.03502857
 0.12857143 0.02394286 0.12342857 0.         0.00496571 0.00419429
 0.         0.         0.07714286 0.04011429 0.13314286 0.
 0.01445714 0.14685714 0.13314286 0.21485714 0.084      0.23885714
 0.         0.         0.176      0.04937143 0.25485714 0.
 0.13085714 0.         0.0416     0.         0.10171429 0.
 0.06742857 0.         0.         0.         0.         0.12971429
 0.11485714 0.08571429 0.09657143 0.00982857 0.28742857 0.
 0.         0.0136     0.15142857 0.02868571 0.01171429 0.07028571
 0.05942857 0.17314286 0.18742857 0.10171429 0.         0.01451429
 0.         0.        ]
pyseer
y_true:  [0. 0. 0. 0. 0. 0. 1. 1. 1. 1. 1. 1. 1. 1. 1. 0. 0. 0. 1. 1. 1. 0. 0. 0.
 1. 1. 1. 0. 0. 0. 0. 0. 0. 0. 0. 0. 0. 0. 0. 0. 0. 0. 0. 0. 0. 0. 0. 0.
 0. 0. 0. 0. 0. 0. 0. 0. 0. 0. 0. 0. 0. 0. 0. 0. 0. 0. 0. 0. 0. 0. 0. 0.
 0. 0. 0. 0. 0. 0. 0. 0. 0. 0. 0. 0. 0. 0. 0. 0. 0. 0. 0. 0. 0. 0. 0. 0.
 0. 0. 0. 0. 0. 0. 0. 0. 0. 0. 0. 0. 0. 0. 0. 0. 0. 0. 0. 0. 0. 0. 0. 0.
 0. 0. 0. 0. 0. 0. 0. 0. 0. 0. 0. 0. 0. 0. 0. 0. 0. 0. 0. 0. 0. 0. 0. 0.
 0. 0. 0. 0. 0. 0. 0. 0. 0. 0. 0. 0. 0. 0. 0. 0. 0. 0. 0. 0. 0. 0. 0. 0.
 0. 0. 0. 0. 0. 0. 0. 0. 0. 0. 0. 0. 0. 0. 0. 0. 0. 0. 0. 0. 0. 0. 0. 0.
 0. 0. 0. 0. 0. 0. 0. 0.]
y_pred:  [1. 0. 0. 1. 0. 1. 1. 1. 1. 1. 1. 1. 1. 1. 1. 1. 0. 0. 1. 1. 1. 1. 1. 0.
 1. 1. 1. 1. 1. 0. 0. 1. 0. 1. 1. 1. 1. 0. 1. 0. 0. 0. 1. 0. 0. 0. 0. 0.
 1. 1. 0. 1. 0. 0. 0. 0. 0. 0. 0. 1. 0. 1. 1. 0. 0. 1. 0. 1. 0. 0. 0. 0.
 0. 0. 0. 1. 0. 1. 0. 0. 0. 0. 0. 0. 0. 0. 0. 0. 1. 0. 0. 0. 0. 0. 0. 0.
 0. 1. 0. 0. 0. 1. 0. 1. 0. 0. 1. 0. 1. 0. 0. 0. 0. 0. 0. 0. 0. 0. 0. 1.
 0. 0. 0. 0. 1. 1. 0. 1. 0. 0. 0. 0. 1. 0. 0. 0. 1. 0. 1. 1. 0. 0. 1. 0.
 1. 0. 1. 0. 0. 0. 0. 0. 0. 0. 1. 0. 0. 1. 1. 1. 0. 1. 0. 0. 1. 0. 1. 0.
 1. 0. 0. 0. 0. 0. 0. 0. 0. 0. 0. 1. 0. 0. 0. 0. 1. 0. 0. 0. 1. 0. 0. 0.
 0. 1. 1. 0. 0. 0. 0. 0.]
Time taken: 23.810054063796997 seconds
Running combination 19 of 50
Fitting RandomForest...
Fitting Adaboost...
Fitting AdaBoost_2...
Fitting et...
Fitting gbc...
Fitting gbc_2...
Fitting gbc_3...
Fitting dt...
Fitting lr...
Fitting Lasso_1...
Fitting Lasso_2...
Fitting Lasso_3...
Fitting Lasso_4...
Fitting elasticnet...
VCF file created successfully.
pyseer stderr:  Read 1000 phenotypes
Detected continuous phenotype
Reading all variants

0variants [00:00, ?variants/s]
54variants [00:00, 530.99variants/s]
108variants [00:00, 465.14variants/s]
163variants [00:00, 500.08variants/s]
198variants [00:00, 505.30variants/s]
Applying correlation filtering

  0%|          | 0/198 [00:00<?, ?variants/s]
100%|██████████| 198/198 [00:00<00:00, 2728.31variants/s]
Fitting elastic net to top 148 variants
Best penalty (lambda) from cross-validation: 3.64E+00
Best R^2 from cross-validation: 0.532
Finding and printing selected variants
198 loaded variants
50 pre-filtered variants
148 tested variants
141 printed variants

True importance standardized:  [0.15509587 0.15509587 0.15509587 0.57974202 0.57974202 0.57974202
 0.61108975 0.61108975 0.61108975 0.38464085 0.38464085 0.38464085
 0.73650346 0.73650346 0.73650346 0.15645598 0.15645598 0.15645598
 1.         1.         1.         0.52494779 0.52494779 0.52494779
 0.25067434 0.25067434 0.25067434 0.35600325 0.35600325 0.35600325
 0.         0.         0.         0.         0.         0.
 0.         0.         0.         0.         0.         0.
 0.         0.         0.         0.         0.         0.
 0.         0.         0.         0.         0.         0.
 0.         0.         0.         0.         0.         0.
 0.         0.         0.         0.         0.         0.
 0.         0.         0.         0.         0.         0.
 0.         0.         0.         0.         0.         0.
 0.         0.         0.         0.         0.         0.
 0.         0.         0.         0.         0.         0.
 0.         0.         0.         0.         0.         0.
 0.         0.         0.         0.         0.         0.
 0.         0.         0.         0.         0.         0.
 0.         0.         0.         0.         0.         0.
 0.         0.         0.         0.         0.         0.
 0.         0.         0.         0.         0.         0.
 0.         0.         0.         0.         0.         0.
 0.         0.         0.         0.         0.         0.
 0.         0.         0.         0.         0.         0.
 0.         0.         0.         0.         0.         0.
 0.         0.         0.         0.         0.         0.
 0.         0.         0.         0.         0.         0.
 0.         0.         0.         0.         0.         0.
 0.         0.         0.         0.         0.         0.
 0.         0.         0.         0.         0.         0.
 0.         0.         0.         0.         0.         0.
 0.         0.         0.         0.         0.         0.
 0.         0.         0.         0.         0.         0.
 0.         0.        ]
Normalized importance:  [0.         0.         0.         0.29398315 0.29398315 0.29398315
 0.24908879 0.24908879 0.24908879 0.13935534 0.13935534 0.13935534
 0.36493264 0.36493264 0.36493264 0.12094084 0.12094084 0.12094084
 1.         1.         1.         0.23396405 0.23396405 0.23396405
 0.07888473 0.         0.         0.1389222  0.1389222  0.1389222
 0.         0.         0.         0.         0.         0.
 0.         0.         0.         0.         0.         0.
 0.         0.         0.         0.         0.032779   0.
 0.         0.         0.         0.         0.         0.
 0.         0.         0.         0.         0.         0.
 0.         0.         0.         0.         0.         0.
 0.         0.         0.01742747 0.         0.         0.
 0.         0.         0.         0.         0.         0.
 0.         0.         0.         0.04430399 0.         0.
 0.         0.         0.         0.02995279 0.         0.
 0.         0.         0.         0.         0.         0.
 0.         0.         0.         0.         0.         0.
 0.         0.         0.         0.         0.         0.
 0.         0.         0.         0.         0.         0.
 0.         0.         0.         0.         0.         0.
 0.         0.         0.         0.         0.         0.
 0.         0.         0.         0.         0.         0.
 0.03036182 0.         0.         0.         0.         0.
 0.         0.         0.         0.         0.         0.
 0.         0.         0.         0.         0.         0.
 0.         0.         0.         0.         0.         0.
 0.         0.         0.         0.         0.         0.
 0.         0.         0.         0.         0.         0.
 0.         0.         0.         0.         0.         0.
 0.         0.         0.         0.         0.         0.
 0.         0.         0.         0.         0.         0.
 0.         0.         0.         0.         0.         0.
 0.         0.         0.         0.         0.         0.
 0.         0.        ]
deepbreaks
y_true:  [0. 0. 0. 1. 1. 1. 1. 1. 1. 0. 0. 0. 1. 1. 1. 0. 0. 0. 1. 1. 1. 1. 1. 1.
 0. 0. 0. 0. 0. 0. 0. 0. 0. 0. 0. 0. 0. 0. 0. 0. 0. 0. 0. 0. 0. 0. 0. 0.
 0. 0. 0. 0. 0. 0. 0. 0. 0. 0. 0. 0. 0. 0. 0. 0. 0. 0. 0. 0. 0. 0. 0. 0.
 0. 0. 0. 0. 0. 0. 0. 0. 0. 0. 0. 0. 0. 0. 0. 0. 0. 0. 0. 0. 0. 0. 0. 0.
 0. 0. 0. 0. 0. 0. 0. 0. 0. 0. 0. 0. 0. 0. 0. 0. 0. 0. 0. 0. 0. 0. 0. 0.
 0. 0. 0. 0. 0. 0. 0. 0. 0. 0. 0. 0. 0. 0. 0. 0. 0. 0. 0. 0. 0. 0. 0. 0.
 0. 0. 0. 0. 0. 0. 0. 0. 0. 0. 0. 0. 0. 0. 0. 0. 0. 0. 0. 0. 0. 0. 0. 0.
 0. 0. 0. 0. 0. 0. 0. 0. 0. 0. 0. 0. 0. 0. 0. 0. 0. 0. 0. 0. 0. 0. 0. 0.
 0. 0. 0. 0. 0. 0. 0. 0.]
y_pred:  [0. 0. 0. 1. 1. 1. 1. 1. 1. 0. 0. 0. 1. 1. 1. 0. 0. 0. 1. 1. 1. 1. 1. 1.
 0. 0. 0. 0. 0. 0. 0. 0. 0. 0. 0. 0. 0. 0. 0. 0. 0. 0. 0. 0. 0. 0. 0. 0.
 0. 0. 0. 0. 0. 0. 0. 0. 0. 0. 0. 0. 0. 0. 0. 0. 0. 0. 0. 0. 0. 0. 0. 0.
 0. 0. 0. 0. 0. 0. 0. 0. 0. 0. 0. 0. 0. 0. 0. 0. 0. 0. 0. 0. 0. 0. 0. 0.
 0. 0. 0. 0. 0. 0. 0. 0. 0. 0. 0. 0. 0. 0. 0. 0. 0. 0. 0. 0. 0. 0. 0. 0.
 0. 0. 0. 0. 0. 0. 0. 0. 0. 0. 0. 0. 0. 0. 0. 0. 0. 0. 0. 0. 0. 0. 0. 0.
 0. 0. 0. 0. 0. 0. 0. 0. 0. 0. 0. 0. 0. 0. 0. 0. 0. 0. 0. 0. 0. 0. 0. 0.
 0. 0. 0. 0. 0. 0. 0. 0. 0. 0. 0. 0. 0. 0. 0. 0. 0. 0. 0. 0. 0. 0. 0. 0.
 0. 0. 0. 0. 0. 0. 0. 0.]
Normalized importance:  [0.25159574 0.11994681 0.         0.56117021 0.42287234 0.21515957
 0.69946809 0.01401596 0.3643617  0.42553191 0.26303191 0.10718085
 0.62765957 0.47340426 0.2712766  0.28723404 0.07632979 0.21409574
 1.         0.53723404 0.63297872 0.60106383 0.24015957 0.1518617
 0.31648936 0.29521277 0.08590426 0.35904255 0.30053191 0.14228723
 0.         0.07606383 0.13085106 0.10744681 0.13882979 0.
 0.         0.         0.14734043 0.02638298 0.10664894 0.
 0.         0.12207447 0.02529255 0.11648936 0.14069149 0.17154255
 0.075      0.0837766  0.12606383 0.07898936 0.06808511 0.
 0.16303191 0.00843085 0.         0.0056117  0.         0.09069149
 0.26223404 0.03537234 0.         0.02010638 0.         0.
 0.         0.         0.10957447 0.20904255 0.         0.
 0.14893617 0.08484043 0.07739362 0.         0.2        0.20132979
 0.1587766  0.         0.01880319 0.26861702 0.06382979 0.05718085
 0.18484043 0.         0.12765957 0.025      0.01316489 0.05797872
 0.         0.00243351 0.12925532 0.         0.13590426 0.10345745
 0.10638298 0.1462766  0.18643617 0.08404255 0.         0.08829787
 0.09654255 0.07819149 0.03164894 0.         0.18962766 0.00393617
 0.02167553 0.         0.08537234 0.20771277 0.12180851 0.08430851
 0.         0.11382979 0.07180851 0.         0.06117021 0.10026596
 0.04095745 0.06914894 0.         0.01430851 0.         0.05053191
 0.         0.         0.10106383 0.20957447 0.03430851 0.
 0.11196809 0.         0.03962766 0.         0.05212766 0.
 0.02143617 0.         0.10452128 0.0643617  0.04920213 0.09015957
 0.04255319 0.         0.05797872 0.07632979 0.         0.00230585
 0.04468085 0.08111702 0.         0.         0.         0.
 0.02819149 0.08058511 0.         0.         0.         0.
 0.16276596 0.         0.         0.         0.11728723 0.07021277
 0.09521277 0.         0.07792553 0.00211702 0.         0.06170213
 0.         0.05452128 0.04707447 0.06914894 0.         0.13643617
 0.16941489 0.10771277 0.21276596 0.         0.16276596 0.13351064
 0.15425532 0.         0.10531915 0.09335106 0.21755319 0.08351064
 0.09840426 0.10638298 0.13537234 0.05531915 0.         0.
 0.         0.        ]
pyseer
y_true:  [0. 0. 0. 1. 1. 1. 1. 1. 1. 0. 0. 0. 1. 1. 1. 0. 0. 0. 1. 1. 1. 1. 1. 1.
 0. 0. 0. 0. 0. 0. 0. 0. 0. 0. 0. 0. 0. 0. 0. 0. 0. 0. 0. 0. 0. 0. 0. 0.
 0. 0. 0. 0. 0. 0. 0. 0. 0. 0. 0. 0. 0. 0. 0. 0. 0. 0. 0. 0. 0. 0. 0. 0.
 0. 0. 0. 0. 0. 0. 0. 0. 0. 0. 0. 0. 0. 0. 0. 0. 0. 0. 0. 0. 0. 0. 0. 0.
 0. 0. 0. 0. 0. 0. 0. 0. 0. 0. 0. 0. 0. 0. 0. 0. 0. 0. 0. 0. 0. 0. 0. 0.
 0. 0. 0. 0. 0. 0. 0. 0. 0. 0. 0. 0. 0. 0. 0. 0. 0. 0. 0. 0. 0. 0. 0. 0.
 0. 0. 0. 0. 0. 0. 0. 0. 0. 0. 0. 0. 0. 0. 0. 0. 0. 0. 0. 0. 0. 0. 0. 0.
 0. 0. 0. 0. 0. 0. 0. 0. 0. 0. 0. 0. 0. 0. 0. 0. 0. 0. 0. 0. 0. 0. 0. 0.
 0. 0. 0. 0. 0. 0. 0. 0.]
y_pred:  [1. 1. 0. 1. 1. 1. 1. 0. 1. 1. 1. 1. 1. 1. 1. 1. 0. 1. 1. 1. 1. 1. 1. 1.
 1. 1. 0. 1. 1. 1. 0. 0. 1. 1. 1. 0. 0. 0. 1. 0. 1. 0. 0. 1. 0. 1. 1. 1.
 0. 0. 1. 0. 0. 0. 1. 0. 0. 0. 0. 0. 1. 0. 0. 0. 0. 0. 0. 0. 1. 1. 0. 0.
 1. 0. 0. 0. 1. 1. 1. 0. 0. 1. 0. 0. 1. 0. 1. 0. 0. 0. 0. 0. 1. 0. 1. 0.
 1. 1. 1. 0. 0. 0. 0. 0. 0. 0. 1. 0. 0. 0. 0. 1. 1. 0. 0. 1. 0. 0. 0. 0.
 0. 0. 0. 0. 0. 0. 0. 0. 0. 1. 0. 0. 1. 0. 0. 0. 0. 0. 0. 0. 0. 0. 0. 0.
 0. 0. 0. 0. 0. 0. 0. 0. 0. 0. 0. 0. 0. 0. 0. 0. 0. 0. 1. 0. 0. 0. 1. 0.
 0. 0. 0. 0. 0. 0. 0. 0. 0. 0. 0. 1. 1. 1. 1. 0. 1. 1. 1. 0. 1. 0. 1. 0.
 0. 1. 1. 0. 0. 0. 0. 0.]
Time taken: 23.10335087776184 seconds
Running combination 20 of 50
Fitting RandomForest...
Fitting Adaboost...
Fitting AdaBoost_2...
Fitting et...
Fitting gbc...
Fitting gbc_2...
Fitting gbc_3...
Fitting dt...
Fitting lr...
Fitting Lasso_1...
Fitting Lasso_2...
Fitting Lasso_3...
Fitting Lasso_4...
Fitting elasticnet...
VCF file created successfully.
pyseer stderr:  Read 1000 phenotypes
Detected continuous phenotype
Reading all variants

0variants [00:00, ?variants/s]
54variants [00:00, 530.62variants/s]
108variants [00:00, 465.13variants/s]
162variants [00:00, 494.55variants/s]
198variants [00:00, 501.85variants/s]
Applying correlation filtering

  0%|          | 0/198 [00:00<?, ?variants/s]
100%|██████████| 198/198 [00:00<00:00, 2724.56variants/s]
Fitting elastic net to top 148 variants
Best penalty (lambda) from cross-validation: 6.63E+01
Best R^2 from cross-validation: 0.460
Finding and printing selected variants
198 loaded variants
50 pre-filtered variants
148 tested variants
143 printed variants

True importance standardized:  [0.74603285 0.74603285 0.74603285 0.99945977 0.99945977 0.99945977
 0.86302738 0.86302738 0.86302738 0.83435008 0.83435008 0.83435008
 0.5286055  0.5286055  0.5286055  0.59382005 0.59382005 0.59382005
 0.96657615 0.96657615 0.96657615 0.51979845 0.51979845 0.51979845
 1.         1.         1.         0.37971594 0.37971594 0.37971594
 0.         0.         0.         0.         0.         0.
 0.         0.         0.         0.         0.         0.
 0.         0.         0.         0.         0.         0.
 0.         0.         0.         0.         0.         0.
 0.         0.         0.         0.         0.         0.
 0.         0.         0.         0.         0.         0.
 0.         0.         0.         0.         0.         0.
 0.         0.         0.         0.         0.         0.
 0.         0.         0.         0.         0.         0.
 0.         0.         0.         0.         0.         0.
 0.         0.         0.         0.         0.         0.
 0.         0.         0.         0.         0.         0.
 0.         0.         0.         0.         0.         0.
 0.         0.         0.         0.         0.         0.
 0.         0.         0.         0.         0.         0.
 0.         0.         0.         0.         0.         0.
 0.         0.         0.         0.         0.         0.
 0.         0.         0.         0.         0.         0.
 0.         0.         0.         0.         0.         0.
 0.         0.         0.         0.         0.         0.
 0.         0.         0.         0.         0.         0.
 0.         0.         0.         0.         0.         0.
 0.         0.         0.         0.         0.         0.
 0.         0.         0.         0.         0.         0.
 0.         0.         0.         0.         0.         0.
 0.         0.         0.         0.         0.         0.
 0.         0.         0.         0.         0.         0.
 0.         0.         0.         0.         0.         0.
 0.         0.        ]
Normalized importance:  [0.59133694 0.59133694 0.59133694 0.79839971 0.79839971 0.79839971
 0.54773176 0.54773176 0.54773176 0.5895875  0.5895875  0.5895875
 0.10100382 0.         0.10100382 0.28004064 0.28004064 0.28004064
 0.87181311 0.87181311 0.87181311 0.10251307 0.10251307 0.10251307
 1.         1.         1.         0.08312777 0.08312777 0.08312777
 0.         0.         0.         0.         0.         0.
 0.         0.         0.         0.         0.         0.
 0.         0.         0.         0.         0.         0.
 0.         0.         0.         0.         0.         0.
 0.         0.         0.         0.         0.01160017 0.
 0.         0.         0.         0.         0.         0.
 0.         0.         0.06807399 0.         0.         0.
 0.         0.         0.         0.         0.         0.
 0.         0.         0.         0.         0.         0.
 0.         0.         0.         0.         0.         0.
 0.         0.         0.01689543 0.         0.         0.
 0.         0.         0.         0.         0.         0.
 0.         0.         0.         0.         0.11297999 0.
 0.         0.         0.         0.         0.         0.
 0.         0.         0.         0.         0.         0.
 0.         0.         0.         0.         0.         0.
 0.         0.         0.         0.         0.         0.
 0.         0.         0.         0.         0.         0.
 0.         0.         0.         0.         0.0539059  0.
 0.         0.         0.         0.         0.         0.
 0.         0.         0.01580129 0.         0.         0.
 0.         0.         0.         0.         0.         0.
 0.         0.         0.         0.         0.         0.
 0.         0.         0.         0.         0.         0.
 0.         0.         0.         0.         0.         0.
 0.0427935  0.         0.         0.         0.         0.
 0.         0.         0.         0.         0.         0.
 0.         0.         0.         0.         0.         0.
 0.         0.        ]
deepbreaks
y_true:  [0. 0. 0. 1. 1. 1. 1. 1. 1. 1. 1. 1. 0. 0. 0. 0. 0. 0. 1. 1. 1. 0. 0. 0.
 1. 1. 1. 0. 0. 0. 0. 0. 0. 0. 0. 0. 0. 0. 0. 0. 0. 0. 0. 0. 0. 0. 0. 0.
 0. 0. 0. 0. 0. 0. 0. 0. 0. 0. 0. 0. 0. 0. 0. 0. 0. 0. 0. 0. 0. 0. 0. 0.
 0. 0. 0. 0. 0. 0. 0. 0. 0. 0. 0. 0. 0. 0. 0. 0. 0. 0. 0. 0. 0. 0. 0. 0.
 0. 0. 0. 0. 0. 0. 0. 0. 0. 0. 0. 0. 0. 0. 0. 0. 0. 0. 0. 0. 0. 0. 0. 0.
 0. 0. 0. 0. 0. 0. 0. 0. 0. 0. 0. 0. 0. 0. 0. 0. 0. 0. 0. 0. 0. 0. 0. 0.
 0. 0. 0. 0. 0. 0. 0. 0. 0. 0. 0. 0. 0. 0. 0. 0. 0. 0. 0. 0. 0. 0. 0. 0.
 0. 0. 0. 0. 0. 0. 0. 0. 0. 0. 0. 0. 0. 0. 0. 0. 0. 0. 0. 0. 0. 0. 0. 0.
 0. 0. 0. 0. 0. 0. 0. 0.]
y_pred:  [1. 1. 1. 1. 1. 1. 1. 1. 1. 1. 1. 1. 0. 0. 0. 0. 0. 0. 1. 1. 1. 0. 0. 0.
 1. 1. 1. 0. 0. 0. 0. 0. 0. 0. 0. 0. 0. 0. 0. 0. 0. 0. 0. 0. 0. 0. 0. 0.
 0. 0. 0. 0. 0. 0. 0. 0. 0. 0. 0. 0. 0. 0. 0. 0. 0. 0. 0. 0. 0. 0. 0. 0.
 0. 0. 0. 0. 0. 0. 0. 0. 0. 0. 0. 0. 0. 0. 0. 0. 0. 0. 0. 0. 0. 0. 0. 0.
 0. 0. 0. 0. 0. 0. 0. 0. 0. 0. 0. 0. 0. 0. 0. 0. 0. 0. 0. 0. 0. 0. 0. 0.
 0. 0. 0. 0. 0. 0. 0. 0. 0. 0. 0. 0. 0. 0. 0. 0. 0. 0. 0. 0. 0. 0. 0. 0.
 0. 0. 0. 0. 0. 0. 0. 0. 0. 0. 0. 0. 0. 0. 0. 0. 0. 0. 0. 0. 0. 0. 0. 0.
 0. 0. 0. 0. 0. 0. 0. 0. 0. 0. 0. 0. 0. 0. 0. 0. 0. 0. 0. 0. 0. 0. 0. 0.
 0. 0. 0. 0. 0. 0. 0. 0.]
Normalized importance:  [0.78684807 0.03786848 0.5170068  0.90929705 0.30839002 0.53287982
 0.67120181 0.2244898  0.39229025 0.8185941  0.         0.59183673
 0.20566893 0.0723356  0.32879819 0.5260771  0.31519274 0.35147392
 0.77324263 0.40816327 0.60090703 0.58503401 0.05034014 0.23129252
 1.         0.3446712  0.45578231 0.25170068 0.17437642 0.24489796
 0.         0.10408163 0.         0.06485261 0.15873016 0.26303855
 0.         0.05895692 0.         0.22471655 0.         0.
 0.         0.         0.22267574 0.         0.03537415 0.0324263
 0.         0.1968254  0.1154195  0.17369615 0.         0.
 0.         0.08231293 0.07437642 0.06507937 0.18888889 0.
 0.08072562 0.         0.         0.01390023 0.03106576 0.07641723
 0.12879819 0.         0.44217687 0.01721088 0.1399093  0.1122449
 0.21609977 0.12562358 0.         0.         0.03696145 0.20861678
 0.22539683 0.15442177 0.07800454 0.05600907 0.         0.04285714
 0.22335601 0.20816327 0.23582766 0.         0.         0.21201814
 0.15918367 0.04421769 0.12585034 0.130839   0.21746032 0.
 0.1537415  0.0069161  0.         0.24716553 0.02122449 0.14421769
 0.06530612 0.09229025 0.14671202 0.25623583 0.32199546 0.08594104
 0.21632653 0.0755102  0.15623583 0.03718821 0.         0.14988662
 0.14580499 0.09591837 0.24036281 0.         0.         0.1122449
 0.10929705 0.         0.07301587 0.         0.         0.10612245
 0.25396825 0.         0.13877551 0.00845805 0.22335601 0.
 0.24716553 0.22086168 0.         0.         0.03900227 0.17687075
 0.05873016 0.31746032 0.         0.10453515 0.11927438 0.
 0.         0.04444444 0.17777778 0.06485261 0.27210884 0.02229025
 0.32199546 0.         0.34013605 0.12040816 0.21927438 0.29024943
 0.         0.         0.19070295 0.29251701 0.00514739 0.23129252
 0.         0.15918367 0.         0.         0.05578231 0.25396825
 0.10544218 0.08004535 0.         0.         0.07460317 0.
 0.01367347 0.26077098 0.         0.09047619 0.32653061 0.
 0.06213152 0.         0.         0.         0.00931973 0.0207483
 0.00848073 0.1414966  0.         0.19183673 0.13333333 0.08639456
 0.         0.02630385 0.0569161  0.28344671 0.25623583 0.
 0.         0.        ]
pyseer
y_true:  [0. 0. 0. 1. 1. 1. 1. 1. 1. 1. 1. 1. 0. 0. 0. 0. 0. 0. 1. 1. 1. 0. 0. 0.
 1. 1. 1. 0. 0. 0. 0. 0. 0. 0. 0. 0. 0. 0. 0. 0. 0. 0. 0. 0. 0. 0. 0. 0.
 0. 0. 0. 0. 0. 0. 0. 0. 0. 0. 0. 0. 0. 0. 0. 0. 0. 0. 0. 0. 0. 0. 0. 0.
 0. 0. 0. 0. 0. 0. 0. 0. 0. 0. 0. 0. 0. 0. 0. 0. 0. 0. 0. 0. 0. 0. 0. 0.
 0. 0. 0. 0. 0. 0. 0. 0. 0. 0. 0. 0. 0. 0. 0. 0. 0. 0. 0. 0. 0. 0. 0. 0.
 0. 0. 0. 0. 0. 0. 0. 0. 0. 0. 0. 0. 0. 0. 0. 0. 0. 0. 0. 0. 0. 0. 0. 0.
 0. 0. 0. 0. 0. 0. 0. 0. 0. 0. 0. 0. 0. 0. 0. 0. 0. 0. 0. 0. 0. 0. 0. 0.
 0. 0. 0. 0. 0. 0. 0. 0. 0. 0. 0. 0. 0. 0. 0. 0. 0. 0. 0. 0. 0. 0. 0. 0.
 0. 0. 0. 0. 0. 0. 0. 0.]
y_pred:  [1. 0. 1. 1. 1. 1. 1. 1. 1. 1. 0. 1. 1. 0. 1. 1. 1. 1. 1. 1. 1. 1. 0. 1.
 1. 1. 1. 1. 1. 1. 0. 0. 0. 0. 1. 1. 0. 0. 0. 1. 0. 0. 0. 0. 1. 0. 0. 0.
 0. 1. 0. 1. 0. 0. 0. 0. 0. 0. 1. 0. 0. 0. 0. 0. 0. 0. 0. 0. 1. 0. 0. 0.
 1. 0. 0. 0. 0. 1. 1. 1. 0. 0. 0. 0. 1. 1. 1. 0. 0. 1. 1. 0. 0. 0. 1. 0.
 0. 0. 0. 1. 0. 0. 0. 0. 0. 1. 1. 0. 1. 0. 1. 0. 0. 0. 0. 0. 1. 0. 0. 0.
 0. 0. 0. 0. 0. 0. 1. 0. 0. 0. 1. 0. 1. 1. 0. 0. 0. 1. 0. 1. 0. 0. 0. 0.
 0. 0. 1. 0. 1. 0. 1. 0. 1. 0. 1. 1. 0. 0. 1. 1. 0. 1. 0. 1. 0. 0. 0. 1.
 0. 0. 0. 0. 0. 0. 0. 1. 0. 0. 1. 0. 0. 0. 0. 0. 0. 0. 0. 0. 0. 1. 0. 0.
 0. 0. 0. 1. 1. 0. 0. 0.]
Time taken: 23.385890007019043 seconds
Running combination 21 of 50
Fitting RandomForest...
Fitting Adaboost...
Fitting AdaBoost_2...
Fitting et...
Fitting gbc...
Fitting gbc_2...
Fitting gbc_3...
Fitting dt...
Fitting lr...
Fitting Lasso_1...
Fitting Lasso_2...
Fitting Lasso_3...
Fitting Lasso_4...
Fitting elasticnet...
VCF file created successfully.
pyseer stderr:  Read 1000 phenotypes
Detected continuous phenotype
Reading all variants

0variants [00:00, ?variants/s]
54variants [00:00, 539.17variants/s]
108variants [00:00, 475.65variants/s]
164variants [00:00, 510.29variants/s]
198variants [00:00, 515.15variants/s]
Applying correlation filtering

  0%|          | 0/198 [00:00<?, ?variants/s]
100%|██████████| 198/198 [00:00<00:00, 2698.91variants/s]
Fitting elastic net to top 148 variants
Best penalty (lambda) from cross-validation: 2.07E+01
Best R^2 from cross-validation: 0.432
Finding and printing selected variants
198 loaded variants
50 pre-filtered variants
148 tested variants
141 printed variants

True importance standardized:  [0.67469134 0.67469134 0.67469134 0.76721989 0.76721989 0.76721989
 0.67233618 0.67233618 0.67233618 0.40556101 0.40556101 0.40556101
 0.95386203 0.95386203 0.95386203 0.24762502 0.24762502 0.24762502
 0.13390677 0.13390677 0.13390677 0.64941262 0.64941262 0.64941262
 0.25196003 0.25196003 0.25196003 1.         1.         1.
 0.         0.         0.         0.         0.         0.
 0.         0.         0.         0.         0.         0.
 0.         0.         0.         0.         0.         0.
 0.         0.         0.         0.         0.         0.
 0.         0.         0.         0.         0.         0.
 0.         0.         0.         0.         0.         0.
 0.         0.         0.         0.         0.         0.
 0.         0.         0.         0.         0.         0.
 0.         0.         0.         0.         0.         0.
 0.         0.         0.         0.         0.         0.
 0.         0.         0.         0.         0.         0.
 0.         0.         0.         0.         0.         0.
 0.         0.         0.         0.         0.         0.
 0.         0.         0.         0.         0.         0.
 0.         0.         0.         0.         0.         0.
 0.         0.         0.         0.         0.         0.
 0.         0.         0.         0.         0.         0.
 0.         0.         0.         0.         0.         0.
 0.         0.         0.         0.         0.         0.
 0.         0.         0.         0.         0.         0.
 0.         0.         0.         0.         0.         0.
 0.         0.         0.         0.         0.         0.
 0.         0.         0.         0.         0.         0.
 0.         0.         0.         0.         0.         0.
 0.         0.         0.         0.         0.         0.
 0.         0.         0.         0.         0.         0.
 0.         0.         0.         0.         0.         0.
 0.         0.         0.         0.         0.         0.
 0.         0.        ]
Normalized importance:  [0.5115811  0.5115811  0.5115811  0.90674797 0.90674797 0.90674797
 0.54670925 0.54670925 0.54670925 0.20924822 0.20924822 0.20924822
 1.         1.         1.         0.         0.         0.
 0.         0.         0.         0.38963111 0.38963111 0.38963111
 0.10197642 0.10197642 0.10197642 0.80869633 0.80869633 0.80869633
 0.         0.         0.         0.         0.         0.
 0.         0.         0.         0.         0.         0.
 0.         0.         0.         0.         0.         0.
 0.         0.         0.         0.         0.         0.
 0.         0.         0.         0.         0.         0.
 0.         0.         0.         0.         0.         0.
 0.         0.         0.         0.         0.         0.
 0.         0.         0.         0.         0.         0.
 0.         0.         0.         0.         0.         0.
 0.         0.         0.         0.         0.         0.
 0.         0.         0.         0.         0.         0.
 0.04134912 0.         0.         0.         0.         0.
 0.         0.         0.         0.         0.         0.
 0.         0.         0.         0.         0.         0.
 0.         0.         0.         0.         0.         0.
 0.         0.         0.         0.         0.         0.
 0.         0.         0.         0.         0.         0.
 0.         0.         0.         0.         0.         0.
 0.         0.         0.         0.         0.         0.
 0.         0.         0.         0.         0.         0.
 0.         0.         0.         0.         0.         0.
 0.         0.         0.         0.         0.         0.
 0.         0.         0.         0.         0.         0.
 0.         0.         0.00965591 0.         0.         0.
 0.         0.         0.         0.         0.         0.
 0.         0.         0.         0.         0.         0.
 0.         0.         0.         0.         0.         0.
 0.         0.         0.         0.         0.         0.
 0.         0.        ]
deepbreaks
y_true:  [1. 1. 1. 1. 1. 1. 1. 1. 1. 0. 0. 0. 1. 1. 1. 0. 0. 0. 0. 0. 0. 0. 0. 0.
 0. 0. 0. 1. 1. 1. 0. 0. 0. 0. 0. 0. 0. 0. 0. 0. 0. 0. 0. 0. 0. 0. 0. 0.
 0. 0. 0. 0. 0. 0. 0. 0. 0. 0. 0. 0. 0. 0. 0. 0. 0. 0. 0. 0. 0. 0. 0. 0.
 0. 0. 0. 0. 0. 0. 0. 0. 0. 0. 0. 0. 0. 0. 0. 0. 0. 0. 0. 0. 0. 0. 0. 0.
 0. 0. 0. 0. 0. 0. 0. 0. 0. 0. 0. 0. 0. 0. 0. 0. 0. 0. 0. 0. 0. 0. 0. 0.
 0. 0. 0. 0. 0. 0. 0. 0. 0. 0. 0. 0. 0. 0. 0. 0. 0. 0. 0. 0. 0. 0. 0. 0.
 0. 0. 0. 0. 0. 0. 0. 0. 0. 0. 0. 0. 0. 0. 0. 0. 0. 0. 0. 0. 0. 0. 0. 0.
 0. 0. 0. 0. 0. 0. 0. 0. 0. 0. 0. 0. 0. 0. 0. 0. 0. 0. 0. 0. 0. 0. 0. 0.
 0. 0. 0. 0. 0. 0. 0. 0.]
y_pred:  [1. 1. 1. 1. 1. 1. 1. 1. 1. 0. 0. 0. 1. 1. 1. 0. 0. 0. 0. 0. 0. 0. 0. 0.
 0. 0. 0. 1. 1. 1. 0. 0. 0. 0. 0. 0. 0. 0. 0. 0. 0. 0. 0. 0. 0. 0. 0. 0.
 0. 0. 0. 0. 0. 0. 0. 0. 0. 0. 0. 0. 0. 0. 0. 0. 0. 0. 0. 0. 0. 0. 0. 0.
 0. 0. 0. 0. 0. 0. 0. 0. 0. 0. 0. 0. 0. 0. 0. 0. 0. 0. 0. 0. 0. 0. 0. 0.
 0. 0. 0. 0. 0. 0. 0. 0. 0. 0. 0. 0. 0. 0. 0. 0. 0. 0. 0. 0. 0. 0. 0. 0.
 0. 0. 0. 0. 0. 0. 0. 0. 0. 0. 0. 0. 0. 0. 0. 0. 0. 0. 0. 0. 0. 0. 0. 0.
 0. 0. 0. 0. 0. 0. 0. 0. 0. 0. 0. 0. 0. 0. 0. 0. 0. 0. 0. 0. 0. 0. 0. 0.
 0. 0. 0. 0. 0. 0. 0. 0. 0. 0. 0. 0. 0. 0. 0. 0. 0. 0. 0. 0. 0. 0. 0. 0.
 0. 0. 0. 0. 0. 0. 0. 0.]
Normalized importance:  [6.93750000e-01 3.25000000e-01 3.40178571e-01 8.32142857e-01
 3.91964286e-01 5.25000000e-01 7.57142857e-01 9.91071429e-02
 4.47321429e-01 5.01785714e-01 7.79464286e-02 3.28571429e-01
 9.46428571e-01 4.26785714e-01 4.62500000e-01 2.91964286e-01
 1.22321429e-01 1.24107143e-04 0.00000000e+00 2.25892857e-01
 2.10714286e-02 6.28571429e-01 4.46428571e-01 3.10714286e-01
 3.30357143e-01 1.29464286e-01 1.78571429e-01 1.00000000e+00
 4.03571429e-01 5.24107143e-01 0.00000000e+00 0.00000000e+00
 6.59821429e-03 0.00000000e+00 0.00000000e+00 1.76785714e-01
 0.00000000e+00 0.00000000e+00 1.16071429e-01 0.00000000e+00
 1.28571429e-01 1.98214286e-02 6.25892857e-02 1.91964286e-01
 1.58035714e-01 0.00000000e+00 0.00000000e+00 1.68750000e-01
 1.39285714e-01 0.00000000e+00 1.78571429e-01 2.22321429e-02
 1.13392857e-01 2.04464286e-01 0.00000000e+00 0.00000000e+00
 6.56250000e-02 0.00000000e+00 6.59821429e-02 0.00000000e+00
 1.80357143e-01 0.00000000e+00 1.25000000e-01 0.00000000e+00
 1.24107143e-01 1.59821429e-01 0.00000000e+00 3.14285714e-03
 1.15178571e-01 1.83928571e-01 3.54464286e-02 1.23214286e-01
 1.67857143e-01 0.00000000e+00 1.25000000e-01 0.00000000e+00
 2.72321429e-01 0.00000000e+00 0.00000000e+00 9.91071429e-02
 1.16964286e-01 2.06250000e-02 0.00000000e+00 1.58928571e-01
 7.74107143e-02 1.91964286e-01 9.73214286e-02 2.09821429e-02
 0.00000000e+00 3.89285714e-04 1.70535714e-01 1.53571429e-02
 8.57142857e-02 4.66964286e-02 1.03571429e-01 1.50000000e-01
 4.52678571e-01 1.64285714e-01 0.00000000e+00 1.69642857e-01
 7.08928571e-02 1.19642857e-01 5.23214286e-02 1.64285714e-01
 1.16964286e-01 1.92857143e-01 5.99107143e-02 2.25000000e-01
 0.00000000e+00 1.68750000e-01 1.33928571e-01 0.00000000e+00
 0.00000000e+00 1.95535714e-01 5.41964286e-02 0.00000000e+00
 1.37500000e-01 1.56250000e-01 1.47321429e-01 0.00000000e+00
 1.01785714e-01 0.00000000e+00 0.00000000e+00 4.41071429e-02
 3.50000000e-02 1.83928571e-01 2.90178571e-02 7.00000000e-02
 1.19642857e-01 5.96428571e-02 1.14285714e-01 1.22321429e-01
 0.00000000e+00 0.00000000e+00 3.44642857e-02 1.72321429e-01
 0.00000000e+00 1.24107143e-01 1.87500000e-01 0.00000000e+00
 0.00000000e+00 1.60714286e-01 1.25000000e-01 1.14285714e-01
 1.20535714e-01 4.13392857e-02 9.46428571e-02 0.00000000e+00
 0.00000000e+00 0.00000000e+00 4.96428571e-02 0.00000000e+00
 1.57142857e-01 0.00000000e+00 9.82142857e-03 9.82142857e-02
 0.00000000e+00 5.81250000e-02 0.00000000e+00 1.41964286e-01
 0.00000000e+00 1.17857143e-01 8.27678571e-02 1.77678571e-01
 3.80357143e-02 1.59821429e-02 1.41071429e-01 0.00000000e+00
 0.00000000e+00 0.00000000e+00 1.32142857e-01 7.75000000e-02
 4.82142857e-02 0.00000000e+00 1.13392857e-01 1.58928571e-01
 0.00000000e+00 0.00000000e+00 8.43750000e-02 1.42857143e-01
 0.00000000e+00 1.58928571e-01 1.57142857e-01 4.64285714e-02
 6.48214286e-02 0.00000000e+00 0.00000000e+00 8.69642857e-02
 1.54464286e-02 0.00000000e+00 0.00000000e+00 6.31250000e-02
 1.58928571e-01 8.52678571e-02 2.61607143e-01 1.27678571e-01
 0.00000000e+00 2.11607143e-01 0.00000000e+00 0.00000000e+00]
pyseer
y_true:  [1. 1. 1. 1. 1. 1. 1. 1. 1. 0. 0. 0. 1. 1. 1. 0. 0. 0. 0. 0. 0. 0. 0. 0.
 0. 0. 0. 1. 1. 1. 0. 0. 0. 0. 0. 0. 0. 0. 0. 0. 0. 0. 0. 0. 0. 0. 0. 0.
 0. 0. 0. 0. 0. 0. 0. 0. 0. 0. 0. 0. 0. 0. 0. 0. 0. 0. 0. 0. 0. 0. 0. 0.
 0. 0. 0. 0. 0. 0. 0. 0. 0. 0. 0. 0. 0. 0. 0. 0. 0. 0. 0. 0. 0. 0. 0. 0.
 0. 0. 0. 0. 0. 0. 0. 0. 0. 0. 0. 0. 0. 0. 0. 0. 0. 0. 0. 0. 0. 0. 0. 0.
 0. 0. 0. 0. 0. 0. 0. 0. 0. 0. 0. 0. 0. 0. 0. 0. 0. 0. 0. 0. 0. 0. 0. 0.
 0. 0. 0. 0. 0. 0. 0. 0. 0. 0. 0. 0. 0. 0. 0. 0. 0. 0. 0. 0. 0. 0. 0. 0.
 0. 0. 0. 0. 0. 0. 0. 0. 0. 0. 0. 0. 0. 0. 0. 0. 0. 0. 0. 0. 0. 0. 0. 0.
 0. 0. 0. 0. 0. 0. 0. 0.]
y_pred:  [1. 1. 1. 1. 1. 1. 1. 0. 1. 1. 0. 1. 1. 1. 1. 1. 0. 0. 0. 1. 0. 1. 1. 1.
 1. 1. 1. 1. 1. 1. 0. 0. 0. 0. 0. 1. 0. 0. 0. 0. 1. 0. 0. 1. 1. 0. 0. 1.
 1. 0. 1. 0. 0. 1. 0. 0. 0. 0. 0. 0. 1. 0. 1. 0. 0. 1. 0. 0. 0. 1. 0. 0.
 1. 0. 1. 0. 1. 0. 0. 0. 0. 0. 0. 1. 0. 1. 0. 0. 0. 0. 1. 0. 0. 0. 0. 1.
 1. 1. 0. 1. 0. 0. 0. 1. 0. 1. 0. 1. 0. 1. 1. 0. 0. 1. 0. 0. 1. 1. 1. 0.
 0. 0. 0. 0. 0. 1. 0. 0. 0. 0. 0. 0. 0. 0. 0. 1. 0. 0. 1. 0. 0. 1. 1. 0.
 0. 0. 0. 0. 0. 0. 0. 0. 1. 0. 0. 0. 0. 0. 0. 1. 0. 0. 0. 1. 0. 0. 1. 0.
 0. 0. 1. 0. 0. 0. 0. 1. 0. 0. 0. 1. 0. 1. 1. 0. 0. 0. 0. 0. 0. 0. 0. 0.
 1. 0. 1. 1. 0. 1. 0. 0.]
Time taken: 22.50004553794861 seconds
Running combination 22 of 50
Fitting RandomForest...
Fitting Adaboost...
Fitting AdaBoost_2...
Fitting et...
Fitting gbc...
Fitting gbc_2...
Fitting gbc_3...
Fitting dt...
Fitting lr...
Fitting Lasso_1...
Fitting Lasso_2...
Fitting Lasso_3...
Fitting Lasso_4...
Fitting elasticnet...
VCF file created successfully.
pyseer stderr:  Read 1000 phenotypes
Detected continuous phenotype
Reading all variants

0variants [00:00, ?variants/s]
54variants [00:00, 532.41variants/s]
108variants [00:00, 474.85variants/s]
165variants [00:00, 511.53variants/s]
198variants [00:00, 514.98variants/s]
Applying correlation filtering

  0%|          | 0/198 [00:00<?, ?variants/s]
100%|██████████| 198/198 [00:00<00:00, 2655.52variants/s]
Fitting elastic net to top 148 variants
Best penalty (lambda) from cross-validation: 1.56E+01
Best R^2 from cross-validation: 0.508
Finding and printing selected variants
198 loaded variants
50 pre-filtered variants
148 tested variants
143 printed variants

True importance standardized:  [0.77081068 0.77081068 0.77081068 0.4650166  0.4650166  0.4650166
 1.         1.         1.         0.77868562 0.77868562 0.77868562
 0.79631909 0.79631909 0.79631909 0.19917331 0.19917331 0.19917331
 0.66718192 0.66718192 0.66718192 0.50680035 0.50680035 0.50680035
 0.3118225  0.3118225  0.3118225  0.11499772 0.11499772 0.11499772
 0.         0.         0.         0.         0.         0.
 0.         0.         0.         0.         0.         0.
 0.         0.         0.         0.         0.         0.
 0.         0.         0.         0.         0.         0.
 0.         0.         0.         0.         0.         0.
 0.         0.         0.         0.         0.         0.
 0.         0.         0.         0.         0.         0.
 0.         0.         0.         0.         0.         0.
 0.         0.         0.         0.         0.         0.
 0.         0.         0.         0.         0.         0.
 0.         0.         0.         0.         0.         0.
 0.         0.         0.         0.         0.         0.
 0.         0.         0.         0.         0.         0.
 0.         0.         0.         0.         0.         0.
 0.         0.         0.         0.         0.         0.
 0.         0.         0.         0.         0.         0.
 0.         0.         0.         0.         0.         0.
 0.         0.         0.         0.         0.         0.
 0.         0.         0.         0.         0.         0.
 0.         0.         0.         0.         0.         0.
 0.         0.         0.         0.         0.         0.
 0.         0.         0.         0.         0.         0.
 0.         0.         0.         0.         0.         0.
 0.         0.         0.         0.         0.         0.
 0.         0.         0.         0.         0.         0.
 0.         0.         0.         0.         0.         0.
 0.         0.         0.         0.         0.         0.
 0.         0.         0.         0.         0.         0.
 0.         0.        ]
Normalized importance:  [1.         1.         1.         0.7716782  0.7716782  0.7716782
 0.97736276 0.97736276 0.97736276 0.98896703 0.98896703 0.98896703
 0.96933711 0.96933711 0.96933711 0.         0.         0.
 0.80494722 0.80494722 0.80494722 0.38017781 0.38017781 0.38017781
 0.68329593 0.68329593 0.68329593 0.23261956 0.23261956 0.
 0.         0.         0.         0.         0.         0.
 0.46298091 0.         0.         0.         0.         0.
 0.         0.         0.         0.         0.         0.
 0.         0.         0.         0.         0.         0.
 0.         0.         0.         0.         0.         0.
 0.         0.         0.         0.         0.         0.
 0.         0.         0.         0.         0.         0.29533765
 0.         0.         0.         0.         0.         0.
 0.         0.         0.         0.         0.         0.
 0.         0.         0.         0.         0.         0.
 0.         0.         0.         0.         0.         0.
 0.         0.         0.         0.         0.         0.
 0.         0.         0.         0.         0.         0.
 0.         0.         0.         0.         0.         0.33816609
 0.         0.         0.         0.         0.         0.
 0.         0.         0.         0.         0.         0.
 0.         0.         0.         0.         0.         0.
 0.         0.         0.         0.         0.         0.
 0.         0.         0.         0.         0.         0.
 0.         0.         0.         0.         0.         0.
 0.         0.         0.         0.         0.         0.
 0.         0.28473608 0.         0.         0.         0.
 0.         0.         0.         0.         0.         0.
 0.         0.         0.         0.         0.         0.
 0.         0.         0.         0.         0.         0.
 0.         0.         0.         0.         0.         0.
 0.         0.         0.         0.         0.         0.
 0.         0.         0.         0.         0.         0.
 0.         0.        ]
deepbreaks
y_true:  [1. 1. 1. 0. 0. 0. 1. 1. 1. 1. 1. 1. 1. 1. 1. 0. 0. 0. 1. 1. 1. 0. 0. 0.
 0. 0. 0. 0. 0. 0. 0. 0. 0. 0. 0. 0. 0. 0. 0. 0. 0. 0. 0. 0. 0. 0. 0. 0.
 0. 0. 0. 0. 0. 0. 0. 0. 0. 0. 0. 0. 0. 0. 0. 0. 0. 0. 0. 0. 0. 0. 0. 0.
 0. 0. 0. 0. 0. 0. 0. 0. 0. 0. 0. 0. 0. 0. 0. 0. 0. 0. 0. 0. 0. 0. 0. 0.
 0. 0. 0. 0. 0. 0. 0. 0. 0. 0. 0. 0. 0. 0. 0. 0. 0. 0. 0. 0. 0. 0. 0. 0.
 0. 0. 0. 0. 0. 0. 0. 0. 0. 0. 0. 0. 0. 0. 0. 0. 0. 0. 0. 0. 0. 0. 0. 0.
 0. 0. 0. 0. 0. 0. 0. 0. 0. 0. 0. 0. 0. 0. 0. 0. 0. 0. 0. 0. 0. 0. 0. 0.
 0. 0. 0. 0. 0. 0. 0. 0. 0. 0. 0. 0. 0. 0. 0. 0. 0. 0. 0. 0. 0. 0. 0. 0.
 0. 0. 0. 0. 0. 0. 0. 0.]
y_pred:  [1. 1. 1. 0. 0. 0. 1. 1. 1. 1. 1. 1. 1. 1. 1. 0. 0. 0. 1. 1. 1. 0. 0. 0.
 0. 0. 0. 0. 0. 0. 0. 0. 0. 0. 0. 0. 0. 0. 0. 0. 0. 0. 0. 0. 0. 0. 0. 0.
 0. 0. 0. 0. 0. 0. 0. 0. 0. 0. 0. 0. 0. 0. 0. 0. 0. 0. 0. 0. 0. 0. 0. 0.
 0. 0. 0. 0. 0. 0. 0. 0. 0. 0. 0. 0. 0. 0. 0. 0. 0. 0. 0. 0. 0. 0. 0. 0.
 0. 0. 0. 0. 0. 0. 0. 0. 0. 0. 0. 0. 0. 0. 0. 0. 0. 0. 0. 0. 0. 0. 0. 0.
 0. 0. 0. 0. 0. 0. 0. 0. 0. 0. 0. 0. 0. 0. 0. 0. 0. 0. 0. 0. 0. 0. 0. 0.
 0. 0. 0. 0. 0. 0. 0. 0. 0. 0. 0. 0. 0. 0. 0. 0. 0. 0. 0. 0. 0. 0. 0. 0.
 0. 0. 0. 0. 0. 0. 0. 0. 0. 0. 0. 0. 0. 0. 0. 0. 0. 0. 0. 0. 0. 0. 0. 0.
 0. 0. 0. 0. 0. 0. 0. 0.]
Normalized importance:  [0.8        0.3398374  0.41138211 0.63495935 0.22276423 0.
 1.         0.37804878 0.41219512 0.6495935  0.38130081 0.3398374
 0.93495935 0.26585366 0.34390244 0.14471545 0.         0.02837398
 0.6195122  0.32276423 0.22764228 0.43252033 0.16829268 0.33739837
 0.28211382 0.19837398 0.38617886 0.11300813 0.21707317 0.11219512
 0.09918699 0.09268293 0.         0.10813008 0.10569106 0.07650407
 0.13495935 0.1804878  0.         0.         0.18292683 0.
 0.         0.         0.10487805 0.13821138 0.         0.05626016
 0.14471545 0.         0.05300813 0.         0.00612195 0.04154472
 0.17804878 0.11300813 0.02634146 0.18699187 0.02479675 0.02934959
 0.2        0.         0.01365854 0.02292683 0.14552846 0.01211382
 0.0302439  0.09430894 0.         0.15365854 0.         0.23658537
 0.         0.11056911 0.01398374 0.32520325 0.1902439  0.0196748
 0.07544715 0.14227642 0.12276423 0.         0.12764228 0.04073171
 0.20081301 0.         0.11463415 0.08211382 0.05731707 0.01886179
 0.         0.13089431 0.         0.08211382 0.16178862 0.01333333
 0.11544715 0.05731707 0.06764228 0.06243902 0.         0.16341463
 0.0404065  0.         0.         0.28943089 0.04845528 0.07252033
 0.01439024 0.18943089 0.18455285 0.0701626  0.         0.21219512
 0.         0.01593496 0.         0.10243902 0.08455285 0.
 0.         0.         0.11056911 0.         0.11626016 0.02105691
 0.04317073 0.         0.09349593 0.         0.0702439  0.10813008
 0.17642276 0.         0.         0.00120325 0.04715447 0.0495122
 0.22682927 0.0696748  0.         0.         0.08113821 0.1398374
 0.06203252 0.07487805 0.         0.02894309 0.12276423 0.18861789
 0.         0.17804878 0.18861789 0.05878049 0.18617886 0.04447154
 0.05869919 0.17154472 0.10325203 0.         0.01569106 0.17235772
 0.         0.         0.         0.00246341 0.19186992 0.0500813
 0.05406504 0.08536585 0.         0.08211382 0.03292683 0.
 0.         0.         0.08861789 0.         0.         0.
 0.0399187  0.         0.12926829 0.         0.11626016 0.01260163
 0.16504065 0.02178862 0.         0.         0.03235772 0.01943089
 0.         0.12439024 0.         0.22439024 0.12764228 0.
 0.         0.        ]
pyseer
y_true:  [1. 1. 1. 0. 0. 0. 1. 1. 1. 1. 1. 1. 1. 1. 1. 0. 0. 0. 1. 1. 1. 0. 0. 0.
 0. 0. 0. 0. 0. 0. 0. 0. 0. 0. 0. 0. 0. 0. 0. 0. 0. 0. 0. 0. 0. 0. 0. 0.
 0. 0. 0. 0. 0. 0. 0. 0. 0. 0. 0. 0. 0. 0. 0. 0. 0. 0. 0. 0. 0. 0. 0. 0.
 0. 0. 0. 0. 0. 0. 0. 0. 0. 0. 0. 0. 0. 0. 0. 0. 0. 0. 0. 0. 0. 0. 0. 0.
 0. 0. 0. 0. 0. 0. 0. 0. 0. 0. 0. 0. 0. 0. 0. 0. 0. 0. 0. 0. 0. 0. 0. 0.
 0. 0. 0. 0. 0. 0. 0. 0. 0. 0. 0. 0. 0. 0. 0. 0. 0. 0. 0. 0. 0. 0. 0. 0.
 0. 0. 0. 0. 0. 0. 0. 0. 0. 0. 0. 0. 0. 0. 0. 0. 0. 0. 0. 0. 0. 0. 0. 0.
 0. 0. 0. 0. 0. 0. 0. 0. 0. 0. 0. 0. 0. 0. 0. 0. 0. 0. 0. 0. 0. 0. 0. 0.
 0. 0. 0. 0. 0. 0. 0. 0.]
y_pred:  [1. 1. 1. 1. 1. 0. 1. 1. 1. 1. 1. 1. 1. 1. 1. 1. 0. 0. 1. 1. 1. 1. 1. 1.
 1. 1. 1. 1. 1. 1. 0. 0. 0. 0. 0. 0. 1. 1. 0. 0. 1. 0. 0. 0. 0. 1. 0. 0.
 1. 0. 0. 0. 0. 0. 1. 1. 0. 1. 0. 0. 1. 0. 0. 0. 1. 0. 0. 0. 0. 1. 0. 1.
 0. 0. 0. 1. 1. 0. 0. 1. 1. 0. 1. 0. 1. 0. 1. 0. 0. 0. 0. 1. 0. 0. 1. 0.
 1. 0. 0. 0. 0. 1. 0. 0. 0. 1. 0. 0. 0. 1. 1. 0. 0. 1. 0. 0. 0. 0. 0. 0.
 0. 0. 0. 0. 1. 0. 0. 0. 0. 0. 0. 0. 1. 0. 0. 0. 0. 0. 1. 0. 0. 0. 0. 1.
 0. 0. 0. 0. 1. 1. 0. 1. 1. 0. 1. 0. 0. 1. 0. 0. 0. 1. 0. 0. 0. 0. 1. 0.
 0. 0. 0. 0. 0. 0. 0. 0. 0. 0. 0. 0. 0. 0. 1. 0. 1. 0. 1. 0. 0. 0. 0. 0.
 0. 1. 0. 1. 1. 0. 0. 0.]
Time taken: 22.666638612747192 seconds
Running combination 23 of 50
Fitting RandomForest...
Fitting Adaboost...
Fitting AdaBoost_2...
Fitting et...
Fitting gbc...
Fitting gbc_2...
Fitting gbc_3...
Fitting dt...
Fitting lr...
Fitting Lasso_1...
Fitting Lasso_2...
Fitting Lasso_3...
Fitting Lasso_4...
Fitting elasticnet...
VCF file created successfully.
pyseer stderr:  Read 1000 phenotypes
Detected continuous phenotype
Reading all variants

0variants [00:00, ?variants/s]
50variants [00:00, 494.73variants/s]
100variants [00:00, 453.57variants/s]
156variants [00:00, 496.20variants/s]
198variants [00:00, 500.26variants/s]
Applying correlation filtering

  0%|          | 0/198 [00:00<?, ?variants/s]
100%|██████████| 198/198 [00:00<00:00, 2655.02variants/s]
Fitting elastic net to top 148 variants
Best penalty (lambda) from cross-validation: 3.25E+01
Best R^2 from cross-validation: 0.466
Finding and printing selected variants
198 loaded variants
50 pre-filtered variants
148 tested variants
142 printed variants

True importance standardized:  [1.         1.         1.         0.74216826 0.74216826 0.74216826
 0.68726558 0.68726558 0.68726558 0.58475398 0.58475398 0.58475398
 0.41064862 0.41064862 0.41064862 0.83638712 0.83638712 0.83638712
 0.48890685 0.48890685 0.48890685 0.82468928 0.82468928 0.82468928
 0.15522868 0.15522868 0.15522868 0.90135207 0.90135207 0.90135207
 0.         0.         0.         0.         0.         0.
 0.         0.         0.         0.         0.         0.
 0.         0.         0.         0.         0.         0.
 0.         0.         0.         0.         0.         0.
 0.         0.         0.         0.         0.         0.
 0.         0.         0.         0.         0.         0.
 0.         0.         0.         0.         0.         0.
 0.         0.         0.         0.         0.         0.
 0.         0.         0.         0.         0.         0.
 0.         0.         0.         0.         0.         0.
 0.         0.         0.         0.         0.         0.
 0.         0.         0.         0.         0.         0.
 0.         0.         0.         0.         0.         0.
 0.         0.         0.         0.         0.         0.
 0.         0.         0.         0.         0.         0.
 0.         0.         0.         0.         0.         0.
 0.         0.         0.         0.         0.         0.
 0.         0.         0.         0.         0.         0.
 0.         0.         0.         0.         0.         0.
 0.         0.         0.         0.         0.         0.
 0.         0.         0.         0.         0.         0.
 0.         0.         0.         0.         0.         0.
 0.         0.         0.         0.         0.         0.
 0.         0.         0.         0.         0.         0.
 0.         0.         0.         0.         0.         0.
 0.         0.         0.         0.         0.         0.
 0.         0.         0.         0.         0.         0.
 0.         0.         0.         0.         0.         0.
 0.         0.        ]
Normalized importance:  [1.         1.         1.         0.77534129 0.77534129 0.77534129
 0.33072471 0.33072471 0.33072471 0.40750915 0.40750915 0.40750915
 0.12138402 0.12138402 0.12138402 0.55918018 0.55918018 0.55918018
 0.08256019 0.         0.08256019 0.62874622 0.62874622 0.62874622
 0.         0.         0.         0.74764333 0.74764333 0.74764333
 0.         0.         0.         0.00949549 0.         0.
 0.         0.         0.         0.         0.         0.
 0.         0.         0.         0.         0.         0.
 0.         0.         0.         0.         0.         0.
 0.         0.         0.         0.         0.         0.
 0.         0.         0.         0.         0.         0.
 0.01657226 0.         0.         0.         0.         0.
 0.         0.         0.         0.         0.11993773 0.
 0.         0.         0.         0.         0.         0.
 0.         0.         0.         0.         0.         0.
 0.         0.         0.         0.         0.         0.
 0.         0.         0.         0.         0.03615222 0.
 0.         0.         0.         0.         0.         0.
 0.         0.         0.         0.         0.         0.
 0.         0.         0.         0.         0.         0.
 0.         0.         0.         0.         0.         0.
 0.         0.         0.         0.         0.         0.
 0.         0.         0.         0.         0.         0.
 0.02096134 0.         0.         0.         0.         0.
 0.         0.         0.         0.         0.         0.
 0.         0.         0.         0.         0.         0.
 0.         0.         0.05969871 0.         0.01800611 0.
 0.         0.         0.         0.         0.         0.
 0.         0.         0.         0.         0.         0.
 0.         0.         0.         0.         0.         0.
 0.         0.         0.         0.         0.         0.
 0.         0.         0.         0.         0.         0.
 0.         0.         0.         0.         0.         0.
 0.         0.        ]
deepbreaks
y_true:  [1. 1. 1. 1. 1. 1. 0. 0. 0. 0. 0. 0. 0. 0. 0. 1. 1. 1. 0. 0. 0. 1. 1. 1.
 0. 0. 0. 1. 1. 1. 0. 0. 0. 0. 0. 0. 0. 0. 0. 0. 0. 0. 0. 0. 0. 0. 0. 0.
 0. 0. 0. 0. 0. 0. 0. 0. 0. 0. 0. 0. 0. 0. 0. 0. 0. 0. 0. 0. 0. 0. 0. 0.
 0. 0. 0. 0. 0. 0. 0. 0. 0. 0. 0. 0. 0. 0. 0. 0. 0. 0. 0. 0. 0. 0. 0. 0.
 0. 0. 0. 0. 0. 0. 0. 0. 0. 0. 0. 0. 0. 0. 0. 0. 0. 0. 0. 0. 0. 0. 0. 0.
 0. 0. 0. 0. 0. 0. 0. 0. 0. 0. 0. 0. 0. 0. 0. 0. 0. 0. 0. 0. 0. 0. 0. 0.
 0. 0. 0. 0. 0. 0. 0. 0. 0. 0. 0. 0. 0. 0. 0. 0. 0. 0. 0. 0. 0. 0. 0. 0.
 0. 0. 0. 0. 0. 0. 0. 0. 0. 0. 0. 0. 0. 0. 0. 0. 0. 0. 0. 0. 0. 0. 0. 0.
 0. 0. 0. 0. 0. 0. 0. 0.]
y_pred:  [1. 1. 1. 1. 1. 1. 0. 0. 0. 1. 1. 1. 0. 0. 0. 1. 1. 1. 0. 0. 0. 1. 1. 1.
 0. 0. 0. 1. 1. 1. 0. 0. 0. 0. 0. 0. 0. 0. 0. 0. 0. 0. 0. 0. 0. 0. 0. 0.
 0. 0. 0. 0. 0. 0. 0. 0. 0. 0. 0. 0. 0. 0. 0. 0. 0. 0. 0. 0. 0. 0. 0. 0.
 0. 0. 0. 0. 0. 0. 0. 0. 0. 0. 0. 0. 0. 0. 0. 0. 0. 0. 0. 0. 0. 0. 0. 0.
 0. 0. 0. 0. 0. 0. 0. 0. 0. 0. 0. 0. 0. 0. 0. 0. 0. 0. 0. 0. 0. 0. 0. 0.
 0. 0. 0. 0. 0. 0. 0. 0. 0. 0. 0. 0. 0. 0. 0. 0. 0. 0. 0. 0. 0. 0. 0. 0.
 0. 0. 0. 0. 0. 0. 0. 0. 0. 0. 0. 0. 0. 0. 0. 0. 0. 0. 0. 0. 0. 0. 0. 0.
 0. 0. 0. 0. 0. 0. 0. 0. 0. 0. 0. 0. 0. 0. 0. 0. 0. 0. 0. 0. 0. 0. 0. 0.
 0. 0. 0. 0. 0. 0. 0. 0.]
Normalized importance:  [0.93406593 0.47252747 0.40659341 0.94505495 0.32051282 0.18864469
 0.64835165 0.27289377 0.16117216 0.74725275 0.10879121 0.27472527
 0.64468864 0.04249084 0.05201465 0.86080586 0.33809524 0.14468864
 0.3992674  0.         0.26703297 0.91575092 0.04578755 0.53113553
 0.12930403 0.02835165 0.07985348 1.         0.1956044  0.55311355
 0.         0.         0.05201465 0.14505495 0.         0.
 0.07509158 0.16813187 0.1014652  0.04908425 0.16520147 0.
 0.         0.01527473 0.         0.13406593 0.         0.17216117
 0.10805861 0.07289377 0.05567766 0.04688645 0.         0.02344322
 0.         0.06776557 0.         0.17435897 0.12454212 0.00391941
 0.27472527 0.22820513 0.09194139 0.1003663  0.01622711 0.07069597
 0.08315018 0.12857143 0.14945055 0.17289377 0.15311355 0.20549451
 0.04798535 0.         0.         0.19413919 0.41758242 0.11611722
 0.26410256 0.12454212 0.15421245 0.25018315 0.10586081 0.
 0.         0.11355311 0.16886447 0.         0.03736264 0.30586081
 0.0978022  0.18498168 0.11465201 0.         0.         0.
 0.05641026 0.0974359  0.12380952 0.08131868 0.31318681 0.01600733
 0.00710623 0.17912088 0.25091575 0.         0.16153846 0.22380952
 0.1996337  0.         0.         0.02417582 0.         0.05054945
 0.05494505 0.         0.         0.02377289 0.18681319 0.05164835
 0.20769231 0.         0.19084249 0.12820513 0.         0.
 0.         0.         0.02505495 0.13919414 0.07655678 0.25970696
 0.         0.10549451 0.00879121 0.1014652  0.15641026 0.36996337
 0.02113553 0.         0.         0.12271062 0.20695971 0.14249084
 0.15201465 0.14835165 0.21648352 0.         0.12161172 0.09487179
 0.02340659 0.19120879 0.12747253 0.         0.1981685  0.
 0.07216117 0.         0.46153846 0.         0.1996337  0.
 0.11794872 0.13260073 0.13443223 0.00989011 0.01512821 0.06886447
 0.30769231 0.         0.14175824 0.16446886 0.         0.
 0.16446886 0.16703297 0.13846154 0.03699634 0.         0.
 0.         0.         0.         0.13663004 0.         0.01230769
 0.1010989  0.16117216 0.25897436 0.         0.         0.
 0.         0.         0.         0.         0.26227106 0.02443223
 0.         0.        ]
pyseer
y_true:  [1. 1. 1. 1. 1. 1. 0. 0. 0. 0. 0. 0. 0. 0. 0. 1. 1. 1. 0. 0. 0. 1. 1. 1.
 0. 0. 0. 1. 1. 1. 0. 0. 0. 0. 0. 0. 0. 0. 0. 0. 0. 0. 0. 0. 0. 0. 0. 0.
 0. 0. 0. 0. 0. 0. 0. 0. 0. 0. 0. 0. 0. 0. 0. 0. 0. 0. 0. 0. 0. 0. 0. 0.
 0. 0. 0. 0. 0. 0. 0. 0. 0. 0. 0. 0. 0. 0. 0. 0. 0. 0. 0. 0. 0. 0. 0. 0.
 0. 0. 0. 0. 0. 0. 0. 0. 0. 0. 0. 0. 0. 0. 0. 0. 0. 0. 0. 0. 0. 0. 0. 0.
 0. 0. 0. 0. 0. 0. 0. 0. 0. 0. 0. 0. 0. 0. 0. 0. 0. 0. 0. 0. 0. 0. 0. 0.
 0. 0. 0. 0. 0. 0. 0. 0. 0. 0. 0. 0. 0. 0. 0. 0. 0. 0. 0. 0. 0. 0. 0. 0.
 0. 0. 0. 0. 0. 0. 0. 0. 0. 0. 0. 0. 0. 0. 0. 0. 0. 0. 0. 0. 0. 0. 0. 0.
 0. 0. 0. 0. 0. 0. 0. 0.]
y_pred:  [1. 1. 1. 1. 1. 1. 1. 1. 1. 1. 0. 1. 1. 0. 0. 1. 1. 1. 1. 0. 1. 1. 0. 1.
 0. 0. 0. 1. 1. 1. 0. 0. 0. 1. 0. 0. 0. 1. 0. 0. 1. 0. 0. 0. 0. 0. 0. 1.
 0. 0. 0. 0. 0. 0. 0. 0. 0. 1. 0. 0. 1. 1. 0. 0. 0. 0. 0. 0. 1. 1. 1. 1.
 0. 0. 0. 1. 1. 0. 1. 0. 1. 1. 0. 0. 0. 0. 1. 0. 0. 1. 0. 1. 0. 0. 0. 0.
 0. 0. 0. 0. 1. 0. 0. 1. 1. 0. 1. 1. 1. 0. 0. 0. 0. 0. 0. 0. 0. 0. 1. 0.
 1. 0. 1. 0. 0. 0. 0. 0. 0. 1. 0. 1. 0. 0. 0. 0. 1. 1. 0. 0. 0. 0. 1. 1.
 1. 1. 1. 0. 0. 0. 0. 1. 0. 0. 1. 0. 0. 0. 1. 0. 1. 0. 0. 0. 0. 0. 0. 0.
 1. 0. 1. 1. 0. 0. 1. 1. 0. 0. 0. 0. 0. 0. 0. 0. 0. 0. 0. 1. 1. 0. 0. 0.
 0. 0. 0. 0. 1. 0. 0. 0.]
Time taken: 22.574108600616455 seconds
Running combination 24 of 50
Fitting RandomForest...
Fitting Adaboost...
Fitting AdaBoost_2...
Fitting et...
Fitting gbc...
Fitting gbc_2...
Fitting gbc_3...
Fitting dt...
Fitting lr...
Fitting Lasso_1...
Fitting Lasso_2...
Fitting Lasso_3...
Fitting Lasso_4...
Fitting elasticnet...
VCF file created successfully.
pyseer stderr:  Read 1000 phenotypes
Detected continuous phenotype
Reading all variants

0variants [00:00, ?variants/s]
52variants [00:00, 518.94variants/s]
104variants [00:00, 466.21variants/s]
160variants [00:00, 506.10variants/s]
198variants [00:00, 510.43variants/s]
Applying correlation filtering

  0%|          | 0/198 [00:00<?, ?variants/s]
100%|██████████| 198/198 [00:00<00:00, 2730.27variants/s]
Fitting elastic net to top 148 variants
Best penalty (lambda) from cross-validation: 2.62E+01
Best R^2 from cross-validation: 0.492
Finding and printing selected variants
198 loaded variants
50 pre-filtered variants
148 tested variants
144 printed variants

True importance standardized:  [0.64870339 0.64870339 0.64870339 0.85389409 0.85389409 0.85389409
 0.61027131 0.61027131 0.61027131 0.76667783 0.76667783 0.76667783
 0.35645543 0.35645543 0.35645543 1.         1.         1.
 0.83385607 0.83385607 0.83385607 0.77811864 0.77811864 0.77811864
 0.53153145 0.53153145 0.53153145 0.56362034 0.56362034 0.56362034
 0.         0.         0.         0.         0.         0.
 0.         0.         0.         0.         0.         0.
 0.         0.         0.         0.         0.         0.
 0.         0.         0.         0.         0.         0.
 0.         0.         0.         0.         0.         0.
 0.         0.         0.         0.         0.         0.
 0.         0.         0.         0.         0.         0.
 0.         0.         0.         0.         0.         0.
 0.         0.         0.         0.         0.         0.
 0.         0.         0.         0.         0.         0.
 0.         0.         0.         0.         0.         0.
 0.         0.         0.         0.         0.         0.
 0.         0.         0.         0.         0.         0.
 0.         0.         0.         0.         0.         0.
 0.         0.         0.         0.         0.         0.
 0.         0.         0.         0.         0.         0.
 0.         0.         0.         0.         0.         0.
 0.         0.         0.         0.         0.         0.
 0.         0.         0.         0.         0.         0.
 0.         0.         0.         0.         0.         0.
 0.         0.         0.         0.         0.         0.
 0.         0.         0.         0.         0.         0.
 0.         0.         0.         0.         0.         0.
 0.         0.         0.         0.         0.         0.
 0.         0.         0.         0.         0.         0.
 0.         0.         0.         0.         0.         0.
 0.         0.         0.         0.         0.         0.
 0.         0.         0.         0.         0.         0.
 0.         0.        ]
Normalized importance:  [0.19924449 0.19924449 0.19924449 0.76634919 0.76634919 0.76634919
 0.3071187  0.3071187  0.3071187  0.68920524 0.68920524 0.68920524
 0.03955886 0.03955886 0.         1.         1.         1.
 0.6720066  0.6720066  0.6720066  0.80212641 0.80212641 0.80212641
 0.11240357 0.11240357 0.11240357 0.13523061 0.13523061 0.13523061
 0.         0.         0.         0.         0.         0.
 0.         0.         0.         0.         0.         0.
 0.         0.         0.         0.         0.01143372 0.
 0.         0.         0.04371931 0.         0.         0.
 0.         0.         0.         0.         0.         0.
 0.         0.         0.         0.         0.         0.
 0.         0.         0.         0.         0.         0.
 0.         0.         0.         0.         0.         0.00600799
 0.         0.         0.         0.         0.         0.
 0.10858614 0.         0.         0.         0.         0.
 0.         0.         0.         0.         0.         0.
 0.         0.         0.         0.         0.         0.
 0.         0.         0.         0.         0.         0.
 0.         0.         0.         0.         0.         0.
 0.         0.         0.07689145 0.         0.         0.
 0.         0.         0.         0.         0.         0.
 0.02861315 0.         0.         0.         0.         0.
 0.         0.         0.         0.         0.         0.
 0.         0.         0.         0.         0.         0.
 0.         0.         0.         0.         0.         0.
 0.         0.         0.         0.         0.         0.
 0.         0.         0.         0.         0.         0.
 0.         0.         0.         0.         0.         0.
 0.         0.         0.         0.         0.         0.
 0.         0.         0.         0.         0.         0.
 0.         0.         0.         0.         0.         0.
 0.         0.         0.         0.         0.         0.
 0.         0.         0.         0.         0.         0.
 0.         0.        ]
deepbreaks
y_true:  [0. 0. 0. 1. 1. 1. 0. 0. 0. 1. 1. 1. 0. 0. 0. 1. 1. 1. 1. 1. 1. 1. 1. 1.
 0. 0. 0. 0. 0. 0. 0. 0. 0. 0. 0. 0. 0. 0. 0. 0. 0. 0. 0. 0. 0. 0. 0. 0.
 0. 0. 0. 0. 0. 0. 0. 0. 0. 0. 0. 0. 0. 0. 0. 0. 0. 0. 0. 0. 0. 0. 0. 0.
 0. 0. 0. 0. 0. 0. 0. 0. 0. 0. 0. 0. 0. 0. 0. 0. 0. 0. 0. 0. 0. 0. 0. 0.
 0. 0. 0. 0. 0. 0. 0. 0. 0. 0. 0. 0. 0. 0. 0. 0. 0. 0. 0. 0. 0. 0. 0. 0.
 0. 0. 0. 0. 0. 0. 0. 0. 0. 0. 0. 0. 0. 0. 0. 0. 0. 0. 0. 0. 0. 0. 0. 0.
 0. 0. 0. 0. 0. 0. 0. 0. 0. 0. 0. 0. 0. 0. 0. 0. 0. 0. 0. 0. 0. 0. 0. 0.
 0. 0. 0. 0. 0. 0. 0. 0. 0. 0. 0. 0. 0. 0. 0. 0. 0. 0. 0. 0. 0. 0. 0. 0.
 0. 0. 0. 0. 0. 0. 0. 0.]
y_pred:  [0. 0. 0. 1. 1. 1. 1. 1. 1. 1. 1. 1. 0. 0. 0. 1. 1. 1. 1. 1. 1. 1. 1. 1.
 0. 0. 0. 0. 0. 0. 0. 0. 0. 0. 0. 0. 0. 0. 0. 0. 0. 0. 0. 0. 0. 0. 0. 0.
 0. 0. 0. 0. 0. 0. 0. 0. 0. 0. 0. 0. 0. 0. 0. 0. 0. 0. 0. 0. 0. 0. 0. 0.
 0. 0. 0. 0. 0. 0. 0. 0. 0. 0. 0. 0. 0. 0. 0. 0. 0. 0. 0. 0. 0. 0. 0. 0.
 0. 0. 0. 0. 0. 0. 0. 0. 0. 0. 0. 0. 0. 0. 0. 0. 0. 0. 0. 0. 0. 0. 0. 0.
 0. 0. 0. 0. 0. 0. 0. 0. 0. 0. 0. 0. 0. 0. 0. 0. 0. 0. 0. 0. 0. 0. 0. 0.
 0. 0. 0. 0. 0. 0. 0. 0. 0. 0. 0. 0. 0. 0. 0. 0. 0. 0. 0. 0. 0. 0. 0. 0.
 0. 0. 0. 0. 0. 0. 0. 0. 0. 0. 0. 0. 0. 0. 0. 0. 0. 0. 0. 0. 0. 0. 0. 0.
 0. 0. 0. 0. 0. 0. 0. 0.]
Normalized importance:  [0.59148936 0.08851064 0.26       0.8        0.23914894 0.43829787
 0.6893617  0.20808511 0.14382979 0.71489362 0.17361702 0.40680851
 0.23148936 0.06468085 0.0493617  1.         0.34553191 0.35191489
 0.91914894 0.2587234  0.05319149 0.78297872 0.28595745 0.42425532
 0.47234043 0.09404255 0.19617021 0.3693617  0.2306383  0.30255319
 0.09446809 0.         0.14425532 0.01246809 0.         0.
 0.02757447 0.17319149 0.15191489 0.08680851 0.14680851 0.
 0.16978723 0.         0.         0.22340426 0.2506383  0.
 0.         0.00582979 0.23914894 0.12978723 0.12170213 0.
 0.         0.11446809 0.08595745 0.04978723 0.         0.00138298
 0.         0.20723404 0.06340426 0.14553191 0.22042553 0.01259574
 0.12170213 0.16553191 0.11319149 0.         0.         0.15659574
 0.09829787 0.13276596 0.04382979 0.04004255 0.         0.28340426
 0.         0.07617021 0.05361702 0.01702128 0.04182979 0.23234043
 0.27574468 0.13574468 0.01757447 0.27744681 0.05191489 0.05361702
 0.00795745 0.         0.         0.03531915 0.         0.08851064
 0.10382979 0.         0.06382979 0.22978723 0.09659574 0.06765957
 0.08765957 0.19787234 0.13191489 0.06042553 0.         0.11702128
 0.         0.03038298 0.         0.19191489 0.01280851 0.
 0.         0.         0.22510638 0.08680851 0.         0.01012766
 0.         0.         0.         0.03468085 0.1893617  0.
 0.34       0.12468085 0.07404255 0.06       0.11106383 0.10893617
 0.         0.11957447 0.19361702 0.10212766 0.16212766 0.08255319
 0.         0.04680851 0.14680851 0.         0.         0.04808511
 0.         0.10382979 0.11659574 0.         0.14680851 0.
 0.         0.19914894 0.         0.14212766 0.0133617  0.
 0.12340426 0.         0.13361702 0.         0.12212766 0.2387234
 0.10808511 0.04553191 0.07319149 0.22       0.         0.08510638
 0.06510638 0.1387234  0.         0.04425532 0.         0.02387234
 0.10851064 0.         0.         0.         0.15404255 0.04680851
 0.         0.15659574 0.         0.         0.03697872 0.06680851
 0.01595745 0.07319149 0.00438298 0.00923404 0.06765957 0.
 0.09489362 0.0252766  0.11702128 0.04157447 0.         0.1212766
 0.         0.        ]
pyseer
y_true:  [0. 0. 0. 1. 1. 1. 0. 0. 0. 1. 1. 1. 0. 0. 0. 1. 1. 1. 1. 1. 1. 1. 1. 1.
 0. 0. 0. 0. 0. 0. 0. 0. 0. 0. 0. 0. 0. 0. 0. 0. 0. 0. 0. 0. 0. 0. 0. 0.
 0. 0. 0. 0. 0. 0. 0. 0. 0. 0. 0. 0. 0. 0. 0. 0. 0. 0. 0. 0. 0. 0. 0. 0.
 0. 0. 0. 0. 0. 0. 0. 0. 0. 0. 0. 0. 0. 0. 0. 0. 0. 0. 0. 0. 0. 0. 0. 0.
 0. 0. 0. 0. 0. 0. 0. 0. 0. 0. 0. 0. 0. 0. 0. 0. 0. 0. 0. 0. 0. 0. 0. 0.
 0. 0. 0. 0. 0. 0. 0. 0. 0. 0. 0. 0. 0. 0. 0. 0. 0. 0. 0. 0. 0. 0. 0. 0.
 0. 0. 0. 0. 0. 0. 0. 0. 0. 0. 0. 0. 0. 0. 0. 0. 0. 0. 0. 0. 0. 0. 0. 0.
 0. 0. 0. 0. 0. 0. 0. 0. 0. 0. 0. 0. 0. 0. 0. 0. 0. 0. 0. 0. 0. 0. 0. 0.
 0. 0. 0. 0. 0. 0. 0. 0.]
y_pred:  [1. 0. 1. 1. 1. 1. 1. 1. 1. 1. 1. 1. 1. 0. 0. 1. 1. 1. 1. 1. 0. 1. 1. 1.
 1. 0. 1. 1. 1. 1. 0. 0. 1. 0. 0. 0. 0. 1. 1. 0. 1. 0. 1. 0. 0. 1. 1. 0.
 0. 0. 1. 1. 1. 0. 0. 0. 0. 0. 0. 0. 0. 1. 0. 1. 1. 0. 1. 1. 0. 0. 0. 1.
 0. 1. 0. 0. 0. 1. 0. 0. 0. 0. 0. 1. 1. 1. 0. 1. 0. 0. 0. 0. 0. 0. 0. 0.
 0. 0. 0. 1. 0. 0. 0. 1. 1. 0. 0. 1. 0. 0. 0. 1. 0. 0. 0. 0. 1. 0. 0. 0.
 0. 0. 0. 0. 1. 0. 1. 1. 0. 0. 0. 0. 0. 1. 1. 0. 1. 0. 0. 0. 1. 0. 0. 0.
 0. 0. 0. 0. 1. 0. 0. 1. 0. 1. 0. 0. 1. 0. 1. 0. 1. 1. 0. 0. 0. 1. 0. 0.
 0. 1. 0. 0. 0. 0. 0. 0. 0. 0. 1. 0. 0. 1. 0. 0. 0. 0. 0. 0. 0. 0. 0. 0.
 0. 0. 1. 0. 0. 1. 0. 0.]
Time taken: 23.069494247436523 seconds
Running combination 25 of 50
Fitting RandomForest...
Fitting Adaboost...
Fitting AdaBoost_2...
Fitting et...
Fitting gbc...
Fitting gbc_2...
Fitting gbc_3...
Fitting dt...
Fitting lr...
Fitting Lasso_1...
Fitting Lasso_2...
Fitting Lasso_3...
Fitting Lasso_4...
Fitting elasticnet...
VCF file created successfully.
pyseer stderr:  Read 1000 phenotypes
Detected continuous phenotype
Reading all variants

0variants [00:00, ?variants/s]
52variants [00:00, 517.53variants/s]
104variants [00:00, 466.88variants/s]
160variants [00:00, 506.12variants/s]
198variants [00:00, 510.53variants/s]
Applying correlation filtering

  0%|          | 0/198 [00:00<?, ?variants/s]
100%|██████████| 198/198 [00:00<00:00, 2708.39variants/s]
Fitting elastic net to top 148 variants
Best penalty (lambda) from cross-validation: 1.09E+01
Best R^2 from cross-validation: 0.530
Finding and printing selected variants
198 loaded variants
50 pre-filtered variants
148 tested variants
145 printed variants

True importance standardized:  [0.68979842 0.68979842 0.68979842 0.82803367 0.82803367 0.82803367
 0.30923624 0.30923624 0.30923624 0.35916643 0.35916643 0.35916643
 0.16848878 0.16848878 0.16848878 0.8108315  0.8108315  0.8108315
 0.41739281 0.41739281 0.41739281 1.         1.         1.
 0.88465766 0.88465766 0.88465766 0.11762859 0.11762859 0.11762859
 0.         0.         0.         0.         0.         0.
 0.         0.         0.         0.         0.         0.
 0.         0.         0.         0.         0.         0.
 0.         0.         0.         0.         0.         0.
 0.         0.         0.         0.         0.         0.
 0.         0.         0.         0.         0.         0.
 0.         0.         0.         0.         0.         0.
 0.         0.         0.         0.         0.         0.
 0.         0.         0.         0.         0.         0.
 0.         0.         0.         0.         0.         0.
 0.         0.         0.         0.         0.         0.
 0.         0.         0.         0.         0.         0.
 0.         0.         0.         0.         0.         0.
 0.         0.         0.         0.         0.         0.
 0.         0.         0.         0.         0.         0.
 0.         0.         0.         0.         0.         0.
 0.         0.         0.         0.         0.         0.
 0.         0.         0.         0.         0.         0.
 0.         0.         0.         0.         0.         0.
 0.         0.         0.         0.         0.         0.
 0.         0.         0.         0.         0.         0.
 0.         0.         0.         0.         0.         0.
 0.         0.         0.         0.         0.         0.
 0.         0.         0.         0.         0.         0.
 0.         0.         0.         0.         0.         0.
 0.         0.         0.         0.         0.         0.
 0.         0.         0.         0.         0.         0.
 0.         0.         0.         0.         0.         0.
 0.         0.        ]
Normalized importance:  [0.70747133 0.70747133 0.70747133 0.87469677 0.87469677 0.87469677
 0.07272826 0.07272826 0.         0.0982922  0.0982922  0.
 0.         0.         0.         0.86734861 0.86734861 0.86734861
 0.33046483 0.33046483 0.33046483 1.         1.         1.
 0.98878371 0.98878371 0.98878371 0.01191177 0.01191177 0.01191177
 0.         0.         0.         0.         0.         0.
 0.         0.         0.         0.         0.         0.
 0.         0.         0.         0.         0.         0.
 0.01457229 0.         0.         0.         0.         0.
 0.         0.         0.         0.         0.         0.
 0.         0.         0.         0.         0.         0.
 0.         0.         0.         0.         0.         0.
 0.         0.         0.         0.         0.         0.
 0.         0.         0.         0.         0.         0.
 0.         0.         0.0142636  0.         0.         0.
 0.         0.         0.         0.         0.         0.
 0.         0.         0.         0.         0.         0.
 0.         0.         0.         0.         0.         0.
 0.         0.         0.         0.         0.         0.
 0.         0.         0.         0.         0.         0.
 0.         0.         0.         0.         0.         0.
 0.         0.         0.00887721 0.         0.         0.
 0.         0.         0.         0.         0.         0.
 0.         0.         0.         0.         0.         0.
 0.         0.         0.         0.         0.         0.
 0.         0.         0.         0.         0.         0.
 0.         0.         0.         0.         0.         0.
 0.         0.         0.         0.         0.06064112 0.
 0.         0.         0.         0.         0.         0.
 0.         0.         0.         0.         0.         0.
 0.         0.         0.         0.         0.         0.
 0.         0.         0.         0.         0.         0.
 0.         0.         0.         0.         0.         0.
 0.         0.        ]
deepbreaks
y_true:  [1. 1. 1. 1. 1. 1. 0. 0. 0. 0. 0. 0. 0. 0. 0. 1. 1. 1. 0. 0. 0. 1. 1. 1.
 1. 1. 1. 0. 0. 0. 0. 0. 0. 0. 0. 0. 0. 0. 0. 0. 0. 0. 0. 0. 0. 0. 0. 0.
 0. 0. 0. 0. 0. 0. 0. 0. 0. 0. 0. 0. 0. 0. 0. 0. 0. 0. 0. 0. 0. 0. 0. 0.
 0. 0. 0. 0. 0. 0. 0. 0. 0. 0. 0. 0. 0. 0. 0. 0. 0. 0. 0. 0. 0. 0. 0. 0.
 0. 0. 0. 0. 0. 0. 0. 0. 0. 0. 0. 0. 0. 0. 0. 0. 0. 0. 0. 0. 0. 0. 0. 0.
 0. 0. 0. 0. 0. 0. 0. 0. 0. 0. 0. 0. 0. 0. 0. 0. 0. 0. 0. 0. 0. 0. 0. 0.
 0. 0. 0. 0. 0. 0. 0. 0. 0. 0. 0. 0. 0. 0. 0. 0. 0. 0. 0. 0. 0. 0. 0. 0.
 0. 0. 0. 0. 0. 0. 0. 0. 0. 0. 0. 0. 0. 0. 0. 0. 0. 0. 0. 0. 0. 0. 0. 0.
 0. 0. 0. 0. 0. 0. 0. 0.]
y_pred:  [1. 1. 1. 1. 1. 1. 0. 0. 0. 0. 0. 0. 0. 0. 0. 1. 1. 1. 0. 0. 0. 1. 1. 1.
 1. 1. 1. 0. 0. 0. 0. 0. 0. 0. 0. 0. 0. 0. 0. 0. 0. 0. 0. 0. 0. 0. 0. 0.
 0. 0. 0. 0. 0. 0. 0. 0. 0. 0. 0. 0. 0. 0. 0. 0. 0. 0. 0. 0. 0. 0. 0. 0.
 0. 0. 0. 0. 0. 0. 0. 0. 0. 0. 0. 0. 0. 0. 0. 0. 0. 0. 0. 0. 0. 0. 0. 0.
 0. 0. 0. 0. 0. 0. 0. 0. 0. 0. 0. 0. 0. 0. 0. 0. 0. 0. 0. 0. 0. 0. 0. 0.
 0. 0. 0. 0. 0. 0. 0. 0. 0. 0. 0. 0. 0. 0. 0. 0. 0. 0. 0. 0. 0. 0. 0. 0.
 0. 0. 0. 0. 0. 0. 0. 0. 0. 0. 0. 0. 0. 0. 0. 0. 0. 0. 0. 0. 0. 0. 0. 0.
 0. 0. 0. 0. 0. 0. 0. 0. 0. 0. 0. 0. 0. 0. 0. 0. 0. 0. 0. 0. 0. 0. 0. 0.
 0. 0. 0. 0. 0. 0. 0. 0.]
Normalized importance:  [8.01369863e-01 4.67808219e-01 1.30821918e-01 9.04109589e-01
 2.35616438e-01 1.21917808e-01 3.33561644e-01 2.63013699e-01
 3.35616438e-02 5.28082192e-01 3.37671233e-04 9.79452055e-02
 2.00684932e-01 0.00000000e+00 4.39726027e-02 9.24657534e-01
 3.73287671e-01 6.02739726e-03 5.54794521e-01 3.39041096e-02
 2.58219178e-01 1.00000000e+00 2.46575342e-01 4.55479452e-01
 7.80821918e-01 2.69178082e-01 4.18493151e-01 1.85616438e-01
 5.14383562e-02 1.47945205e-01 0.00000000e+00 6.01369863e-02
 8.28767123e-02 1.34246575e-01 0.00000000e+00 0.00000000e+00
 0.00000000e+00 1.52054795e-02 0.00000000e+00 3.82191781e-02
 1.56164384e-01 1.71917808e-01 0.00000000e+00 1.16438356e-01
 0.00000000e+00 6.78082192e-02 1.01369863e-01 6.45890411e-02
 1.83561644e-01 1.34246575e-01 2.22602740e-02 0.00000000e+00
 9.52054795e-02 1.71917808e-01 6.80136986e-02 2.59589041e-02
 1.02739726e-01 4.51369863e-02 1.12328767e-01 0.00000000e+00
 1.90410959e-01 1.44520548e-01 1.23972603e-01 2.41095890e-01
 1.63698630e-03 0.00000000e+00 8.42465753e-02 0.00000000e+00
 9.10958904e-02 1.36301370e-01 0.00000000e+00 0.00000000e+00
 6.09589041e-03 0.00000000e+00 0.00000000e+00 1.91095890e-01
 0.00000000e+00 0.00000000e+00 7.19178082e-02 1.84931507e-01
 1.28082192e-01 0.00000000e+00 6.29452055e-02 1.28767123e-02
 6.09589041e-02 1.48630137e-01 2.49315068e-01 8.76712329e-02
 1.56164384e-01 1.34931507e-01 0.00000000e+00 5.73972603e-02
 1.91780822e-01 0.00000000e+00 0.00000000e+00 8.28767123e-02
 4.36986301e-02 1.11643836e-01 0.00000000e+00 1.36301370e-01
 0.00000000e+00 4.08219178e-03 1.98630137e-01 7.73972603e-02
 0.00000000e+00 3.51369863e-01 1.50000000e-01 0.00000000e+00
 4.25342466e-02 4.46575342e-02 1.45205479e-01 1.69863014e-01
 9.79452055e-02 0.00000000e+00 0.00000000e+00 0.00000000e+00
 1.20547945e-01 0.00000000e+00 0.00000000e+00 2.97260274e-02
 1.56164384e-01 1.05479452e-01 3.87671233e-02 0.00000000e+00
 1.82876712e-03 5.36301370e-02 1.76712329e-01 1.06164384e-02
 2.56164384e-01 0.00000000e+00 3.54109589e-01 6.32876712e-02
 0.00000000e+00 0.00000000e+00 2.82191781e-02 1.31506849e-01
 0.00000000e+00 3.39041096e-02 1.08219178e-01 0.00000000e+00
 6.91780822e-02 9.45205479e-02 0.00000000e+00 7.19178082e-02
 1.93150685e-02 0.00000000e+00 6.71917808e-02 5.41095890e-02
 3.41095890e-02 0.00000000e+00 1.58219178e-01 1.15753425e-01
 5.08904110e-02 5.82876712e-02 3.55479452e-02 0.00000000e+00
 0.00000000e+00 0.00000000e+00 1.08219178e-01 0.00000000e+00
 0.00000000e+00 2.02054795e-02 3.67123288e-02 0.00000000e+00
 2.35616438e-02 0.00000000e+00 2.14383562e-01 3.13013699e-02
 2.97260274e-02 3.63698630e-02 7.32876712e-02 1.74657534e-02
 2.10958904e-03 3.44520548e-03 0.00000000e+00 1.68493151e-01
 1.07534247e-01 0.00000000e+00 7.67123288e-02 1.61643836e-01
 1.23972603e-02 0.00000000e+00 1.27397260e-01 8.63013699e-02
 3.06164384e-02 1.16438356e-01 2.23972603e-02 1.43835616e-01
 1.11643836e-01 2.23972603e-02 0.00000000e+00 5.06849315e-02
 0.00000000e+00 4.46575342e-02 3.76712329e-02 4.95890411e-02
 1.99315068e-01 0.00000000e+00 0.00000000e+00 0.00000000e+00]
pyseer
y_true:  [1. 1. 1. 1. 1. 1. 0. 0. 0. 0. 0. 0. 0. 0. 0. 1. 1. 1. 0. 0. 0. 1. 1. 1.
 1. 1. 1. 0. 0. 0. 0. 0. 0. 0. 0. 0. 0. 0. 0. 0. 0. 0. 0. 0. 0. 0. 0. 0.
 0. 0. 0. 0. 0. 0. 0. 0. 0. 0. 0. 0. 0. 0. 0. 0. 0. 0. 0. 0. 0. 0. 0. 0.
 0. 0. 0. 0. 0. 0. 0. 0. 0. 0. 0. 0. 0. 0. 0. 0. 0. 0. 0. 0. 0. 0. 0. 0.
 0. 0. 0. 0. 0. 0. 0. 0. 0. 0. 0. 0. 0. 0. 0. 0. 0. 0. 0. 0. 0. 0. 0. 0.
 0. 0. 0. 0. 0. 0. 0. 0. 0. 0. 0. 0. 0. 0. 0. 0. 0. 0. 0. 0. 0. 0. 0. 0.
 0. 0. 0. 0. 0. 0. 0. 0. 0. 0. 0. 0. 0. 0. 0. 0. 0. 0. 0. 0. 0. 0. 0. 0.
 0. 0. 0. 0. 0. 0. 0. 0. 0. 0. 0. 0. 0. 0. 0. 0. 0. 0. 0. 0. 0. 0. 0. 0.
 0. 0. 0. 0. 0. 0. 0. 0.]
y_pred:  [1. 1. 1. 1. 1. 1. 1. 1. 0. 1. 0. 1. 1. 0. 0. 1. 1. 0. 1. 0. 1. 1. 1. 1.
 1. 1. 1. 1. 0. 1. 0. 0. 0. 1. 0. 0. 0. 0. 0. 0. 1. 1. 0. 1. 0. 0. 1. 0.
 1. 1. 0. 0. 0. 1. 0. 0. 1. 0. 1. 0. 1. 1. 1. 1. 0. 0. 0. 0. 0. 1. 0. 0.
 0. 0. 0. 1. 0. 0. 0. 1. 1. 0. 0. 0. 0. 1. 1. 0. 1. 1. 0. 0. 1. 0. 0. 0.
 0. 1. 0. 1. 0. 0. 1. 0. 0. 1. 1. 0. 0. 0. 1. 1. 1. 0. 0. 0. 1. 0. 0. 0.
 1. 1. 0. 0. 0. 0. 1. 0. 1. 0. 1. 0. 0. 0. 0. 1. 0. 0. 1. 0. 0. 0. 0. 0.
 0. 0. 0. 0. 0. 0. 1. 1. 0. 0. 0. 0. 0. 0. 1. 0. 0. 0. 0. 0. 0. 0. 1. 0.
 0. 0. 0. 0. 0. 0. 0. 1. 1. 0. 0. 1. 0. 0. 1. 0. 0. 1. 0. 1. 1. 0. 0. 0.
 0. 0. 0. 0. 1. 0. 0. 0.]
Time taken: 22.05791735649109 seconds
Running combination 26 of 50
Fitting RandomForest...
Fitting Adaboost...
Fitting AdaBoost_2...
Fitting et...
Fitting gbc...
Fitting gbc_2...
Fitting gbc_3...
Fitting dt...
Fitting lr...
Fitting Lasso_1...
Fitting Lasso_2...
Fitting Lasso_3...
Fitting Lasso_4...
Fitting elasticnet...
VCF file created successfully.
pyseer stderr:  Read 1000 phenotypes
Detected continuous phenotype
Reading all variants

0variants [00:00, ?variants/s]
54variants [00:00, 534.12variants/s]
108variants [00:00, 475.83variants/s]
164variants [00:00, 510.52variants/s]
198variants [00:00, 514.89variants/s]
Applying correlation filtering

  0%|          | 0/198 [00:00<?, ?variants/s]
100%|██████████| 198/198 [00:00<00:00, 2696.57variants/s]
Fitting elastic net to top 148 variants
Best penalty (lambda) from cross-validation: 1.10E+01
Best R^2 from cross-validation: 0.454
Finding and printing selected variants
198 loaded variants
50 pre-filtered variants
148 tested variants
139 printed variants

True importance standardized:  [0.94416881 0.94416881 0.94416881 0.4613569  0.4613569  0.4613569
 1.         1.         1.         0.93945769 0.93945769 0.93945769
 0.18159269 0.18159269 0.18159269 0.1449656  0.1449656  0.1449656
 0.11731023 0.11731023 0.11731023 0.39829603 0.39829603 0.39829603
 0.61966473 0.61966473 0.61966473 0.62493383 0.62493383 0.62493383
 0.         0.         0.         0.         0.         0.
 0.         0.         0.         0.         0.         0.
 0.         0.         0.         0.         0.         0.
 0.         0.         0.         0.         0.         0.
 0.         0.         0.         0.         0.         0.
 0.         0.         0.         0.         0.         0.
 0.         0.         0.         0.         0.         0.
 0.         0.         0.         0.         0.         0.
 0.         0.         0.         0.         0.         0.
 0.         0.         0.         0.         0.         0.
 0.         0.         0.         0.         0.         0.
 0.         0.         0.         0.         0.         0.
 0.         0.         0.         0.         0.         0.
 0.         0.         0.         0.         0.         0.
 0.         0.         0.         0.         0.         0.
 0.         0.         0.         0.         0.         0.
 0.         0.         0.         0.         0.         0.
 0.         0.         0.         0.         0.         0.
 0.         0.         0.         0.         0.         0.
 0.         0.         0.         0.         0.         0.
 0.         0.         0.         0.         0.         0.
 0.         0.         0.         0.         0.         0.
 0.         0.         0.         0.         0.         0.
 0.         0.         0.         0.         0.         0.
 0.         0.         0.         0.         0.         0.
 0.         0.         0.         0.         0.         0.
 0.         0.         0.         0.         0.         0.
 0.         0.         0.         0.         0.         0.
 0.         0.        ]
Normalized importance:  [0.7251027  0.7251027  0.7251027  0.20648747 0.20648747 0.20648747
 1.         1.         1.         0.89480552 0.89480552 0.89480552
 0.         0.02381431 0.         0.01398113 0.         0.
 0.         0.         0.         0.09933969 0.09933969 0.
 0.82529133 0.82529133 0.82529133 0.65843358 0.65843358 0.65843358
 0.         0.         0.         0.         0.         0.
 0.         0.         0.         0.         0.         0.
 0.         0.         0.         0.         0.         0.
 0.         0.         0.         0.         0.         0.
 0.         0.         0.         0.         0.         0.
 0.         0.         0.         0.         0.         0.
 0.         0.         0.         0.         0.         0.
 0.         0.         0.         0.         0.         0.
 0.         0.         0.         0.         0.         0.
 0.         0.         0.         0.         0.         0.
 0.         0.         0.         0.         0.         0.
 0.         0.         0.         0.         0.         0.
 0.         0.         0.01686845 0.         0.         0.
 0.         0.         0.         0.         0.         0.
 0.         0.         0.         0.         0.         0.
 0.         0.         0.         0.         0.         0.
 0.         0.         0.         0.         0.         0.
 0.         0.         0.         0.         0.         0.
 0.         0.         0.         0.         0.         0.
 0.         0.         0.         0.         0.         0.
 0.         0.         0.         0.         0.         0.
 0.         0.         0.         0.01426735 0.         0.
 0.         0.         0.         0.         0.         0.
 0.0165329  0.         0.         0.         0.         0.
 0.         0.         0.         0.         0.         0.
 0.         0.         0.         0.         0.         0.
 0.         0.         0.         0.         0.         0.
 0.         0.         0.         0.         0.         0.
 0.         0.        ]
deepbreaks
y_true:  [1. 1. 1. 0. 0. 0. 1. 1. 1. 1. 1. 1. 0. 0. 0. 0. 0. 0. 0. 0. 0. 0. 0. 0.
 1. 1. 1. 1. 1. 1. 0. 0. 0. 0. 0. 0. 0. 0. 0. 0. 0. 0. 0. 0. 0. 0. 0. 0.
 0. 0. 0. 0. 0. 0. 0. 0. 0. 0. 0. 0. 0. 0. 0. 0. 0. 0. 0. 0. 0. 0. 0. 0.
 0. 0. 0. 0. 0. 0. 0. 0. 0. 0. 0. 0. 0. 0. 0. 0. 0. 0. 0. 0. 0. 0. 0. 0.
 0. 0. 0. 0. 0. 0. 0. 0. 0. 0. 0. 0. 0. 0. 0. 0. 0. 0. 0. 0. 0. 0. 0. 0.
 0. 0. 0. 0. 0. 0. 0. 0. 0. 0. 0. 0. 0. 0. 0. 0. 0. 0. 0. 0. 0. 0. 0. 0.
 0. 0. 0. 0. 0. 0. 0. 0. 0. 0. 0. 0. 0. 0. 0. 0. 0. 0. 0. 0. 0. 0. 0. 0.
 0. 0. 0. 0. 0. 0. 0. 0. 0. 0. 0. 0. 0. 0. 0. 0. 0. 0. 0. 0. 0. 0. 0. 0.
 0. 0. 0. 0. 0. 0. 0. 0.]
y_pred:  [1. 1. 1. 0. 0. 0. 1. 1. 1. 1. 1. 1. 0. 0. 0. 0. 0. 0. 0. 0. 0. 0. 0. 0.
 1. 1. 1. 1. 1. 1. 0. 0. 0. 0. 0. 0. 0. 0. 0. 0. 0. 0. 0. 0. 0. 0. 0. 0.
 0. 0. 0. 0. 0. 0. 0. 0. 0. 0. 0. 0. 0. 0. 0. 0. 0. 0. 0. 0. 0. 0. 0. 0.
 0. 0. 0. 0. 0. 0. 0. 0. 0. 0. 0. 0. 0. 0. 0. 0. 0. 0. 0. 0. 0. 0. 0. 0.
 0. 0. 0. 0. 0. 0. 0. 0. 0. 0. 0. 0. 0. 0. 0. 0. 0. 0. 0. 0. 0. 0. 0. 0.
 0. 0. 0. 0. 0. 0. 0. 0. 0. 0. 0. 0. 0. 0. 0. 0. 0. 0. 0. 0. 0. 0. 0. 0.
 0. 0. 0. 0. 0. 0. 0. 0. 0. 0. 0. 0. 0. 0. 0. 0. 0. 0. 0. 0. 0. 0. 0. 0.
 0. 0. 0. 0. 0. 0. 0. 0. 0. 0. 0. 0. 0. 0. 0. 0. 0. 0. 0. 0. 0. 0. 0. 0.
 0. 0. 0. 0. 0. 0. 0. 0.]
Normalized importance:  [1.00000000e+00 2.06557377e-01 2.74590164e-01 4.19672131e-01
 2.51639344e-01 1.90983607e-01 7.92622951e-01 4.75409836e-01
 2.92622951e-01 8.93442623e-01 2.77049180e-01 3.00000000e-01
 3.14754098e-01 1.04918033e-01 5.78688525e-02 2.74590164e-01
 4.18032787e-02 8.52459016e-02 1.85245902e-01 5.45081967e-03
 0.00000000e+00 2.16393443e-01 2.00819672e-01 2.47540984e-02
 7.76229508e-01 1.97540984e-01 2.53278689e-01 6.47540984e-01
 1.19672131e-01 2.87704918e-01 1.67213115e-02 1.77049180e-01
 4.04098361e-02 3.09836066e-02 4.40983607e-02 0.00000000e+00
 2.06557377e-01 1.89344262e-01 0.00000000e+00 2.13114754e-01
 7.28688525e-02 2.06557377e-01 0.00000000e+00 0.00000000e+00
 1.69672131e-01 1.05737705e-01 0.00000000e+00 5.80327869e-02
 1.58196721e-01 1.18032787e-01 2.68032787e-02 1.78688525e-01
 0.00000000e+00 2.45081967e-02 0.00000000e+00 5.27868852e-02
 9.26229508e-02 8.93442623e-02 1.07377049e-01 0.00000000e+00
 0.00000000e+00 1.99180328e-01 4.89344262e-02 9.67213115e-02
 0.00000000e+00 0.00000000e+00 0.00000000e+00 1.28688525e-01
 6.98360656e-02 1.84426230e-01 1.47540984e-01 2.28688525e-02
 2.42622951e-01 0.00000000e+00 2.65573770e-02 0.00000000e+00
 0.00000000e+00 0.00000000e+00 7.89344262e-02 1.02459016e-01
 1.81967213e-01 3.86065574e-03 1.07377049e-01 1.72950820e-01
 1.28688525e-01 2.40163934e-02 0.00000000e+00 0.00000000e+00
 0.00000000e+00 1.46721311e-01 0.00000000e+00 0.00000000e+00
 0.00000000e+00 4.26229508e-03 0.00000000e+00 0.00000000e+00
 3.36065574e-02 0.00000000e+00 1.32786885e-01 9.83606557e-02
 0.00000000e+00 1.99180328e-02 0.00000000e+00 0.00000000e+00
 2.55737705e-01 0.00000000e+00 2.22131148e-01 1.22131148e-01
 5.09836066e-02 9.09836066e-02 2.09836066e-01 1.03278689e-01
 0.00000000e+00 1.05737705e-01 2.59016393e-01 0.00000000e+00
 2.72950820e-01 1.27868852e-01 7.22131148e-02 5.04098361e-02
 2.63934426e-01 5.81967213e-02 7.92622951e-02 1.13934426e-01
 1.76229508e-01 6.53278689e-02 1.47540984e-01 1.45901639e-02
 8.09016393e-02 0.00000000e+00 0.00000000e+00 1.86885246e-01
 1.73770492e-01 2.50000000e-02 1.79508197e-01 3.95901639e-02
 0.00000000e+00 2.08196721e-02 0.00000000e+00 6.36065574e-03
 0.00000000e+00 3.05737705e-02 6.81147541e-02 6.21311475e-02
 0.00000000e+00 1.06557377e-01 1.63934426e-01 1.08196721e-01
 0.00000000e+00 0.00000000e+00 6.84426230e-02 1.14754098e-01
 0.00000000e+00 3.77049180e-02 0.00000000e+00 0.00000000e+00
 9.42622951e-03 1.40983607e-01 1.29508197e-01 1.99180328e-01
 3.63934426e-01 2.22950820e-01 0.00000000e+00 0.00000000e+00
 0.00000000e+00 0.00000000e+00 1.74590164e-01 0.00000000e+00
 2.18852459e-01 0.00000000e+00 0.00000000e+00 4.50819672e-02
 8.93442623e-02 1.58196721e-02 4.86885246e-02 0.00000000e+00
 0.00000000e+00 0.00000000e+00 0.00000000e+00 8.44262295e-02
 4.71311475e-02 6.00819672e-02 9.34426230e-03 5.30327869e-02
 7.95901639e-02 0.00000000e+00 1.16393443e-01 4.52459016e-02
 9.09836066e-02 0.00000000e+00 1.01639344e-01 1.47540984e-01
 7.72950820e-02 0.00000000e+00 2.90163934e-04 0.00000000e+00
 0.00000000e+00 1.74590164e-01 0.00000000e+00 0.00000000e+00]
pyseer
y_true:  [1. 1. 1. 0. 0. 0. 1. 1. 1. 1. 1. 1. 0. 0. 0. 0. 0. 0. 0. 0. 0. 0. 0. 0.
 1. 1. 1. 1. 1. 1. 0. 0. 0. 0. 0. 0. 0. 0. 0. 0. 0. 0. 0. 0. 0. 0. 0. 0.
 0. 0. 0. 0. 0. 0. 0. 0. 0. 0. 0. 0. 0. 0. 0. 0. 0. 0. 0. 0. 0. 0. 0. 0.
 0. 0. 0. 0. 0. 0. 0. 0. 0. 0. 0. 0. 0. 0. 0. 0. 0. 0. 0. 0. 0. 0. 0. 0.
 0. 0. 0. 0. 0. 0. 0. 0. 0. 0. 0. 0. 0. 0. 0. 0. 0. 0. 0. 0. 0. 0. 0. 0.
 0. 0. 0. 0. 0. 0. 0. 0. 0. 0. 0. 0. 0. 0. 0. 0. 0. 0. 0. 0. 0. 0. 0. 0.
 0. 0. 0. 0. 0. 0. 0. 0. 0. 0. 0. 0. 0. 0. 0. 0. 0. 0. 0. 0. 0. 0. 0. 0.
 0. 0. 0. 0. 0. 0. 0. 0. 0. 0. 0. 0. 0. 0. 0. 0. 0. 0. 0. 0. 0. 0. 0. 0.
 0. 0. 0. 0. 0. 0. 0. 0.]
y_pred:  [1. 1. 1. 1. 1. 1. 1. 1. 1. 1. 1. 1. 1. 0. 0. 1. 0. 0. 1. 0. 0. 1. 1. 0.
 1. 1. 1. 1. 1. 1. 0. 1. 0. 0. 0. 0. 1. 1. 0. 1. 0. 1. 0. 0. 1. 0. 0. 0.
 1. 1. 0. 1. 0. 0. 0. 0. 0. 0. 1. 0. 0. 1. 0. 0. 0. 0. 0. 1. 0. 1. 1. 0.
 1. 0. 0. 0. 0. 0. 0. 0. 1. 0. 1. 1. 1. 0. 0. 0. 0. 1. 0. 0. 0. 0. 0. 0.
 0. 0. 1. 0. 0. 0. 0. 0. 1. 0. 1. 1. 0. 0. 1. 0. 0. 0. 1. 0. 1. 1. 0. 0.
 1. 0. 0. 1. 1. 0. 1. 0. 0. 0. 0. 1. 1. 0. 1. 0. 0. 0. 0. 0. 0. 0. 0. 0.
 0. 0. 1. 1. 0. 0. 0. 1. 0. 0. 0. 0. 0. 1. 1. 1. 1. 1. 0. 0. 0. 0. 1. 0.
 1. 0. 0. 0. 0. 0. 0. 0. 0. 0. 0. 0. 0. 0. 0. 0. 0. 0. 1. 0. 0. 0. 0. 1.
 0. 0. 0. 0. 0. 1. 0. 0.]
Time taken: 22.504433631896973 seconds
Running combination 27 of 50
Fitting RandomForest...
Fitting Adaboost...
Fitting AdaBoost_2...
Fitting et...
Fitting gbc...
Fitting gbc_2...
Fitting gbc_3...
Fitting dt...
Fitting lr...
Fitting Lasso_1...
Fitting Lasso_2...
Fitting Lasso_3...
Fitting Lasso_4...
Fitting elasticnet...
VCF file created successfully.
pyseer stderr:  Read 1000 phenotypes
Detected continuous phenotype
Reading all variants

0variants [00:00, ?variants/s]
53variants [00:00, 527.71variants/s]
106variants [00:00, 469.66variants/s]
161variants [00:00, 503.89variants/s]
198variants [00:00, 508.88variants/s]
Applying correlation filtering

  0%|          | 0/198 [00:00<?, ?variants/s]
100%|██████████| 198/198 [00:00<00:00, 2643.86variants/s]
Fitting elastic net to top 148 variants
Best penalty (lambda) from cross-validation: 9.53E+00
Best R^2 from cross-validation: 0.533
Finding and printing selected variants
198 loaded variants
50 pre-filtered variants
148 tested variants
142 printed variants

True importance standardized:  [0.95442525 0.95442525 0.95442525 0.38515387 0.38515387 0.38515387
 0.59989135 0.59989135 0.59989135 0.82991144 0.82991144 0.82991144
 0.22554149 0.22554149 0.22554149 0.44724579 0.44724579 0.44724579
 0.28570305 0.28570305 0.28570305 0.72688276 0.72688276 0.72688276
 1.         1.         1.         0.14776538 0.14776538 0.14776538
 0.         0.         0.         0.         0.         0.
 0.         0.         0.         0.         0.         0.
 0.         0.         0.         0.         0.         0.
 0.         0.         0.         0.         0.         0.
 0.         0.         0.         0.         0.         0.
 0.         0.         0.         0.         0.         0.
 0.         0.         0.         0.         0.         0.
 0.         0.         0.         0.         0.         0.
 0.         0.         0.         0.         0.         0.
 0.         0.         0.         0.         0.         0.
 0.         0.         0.         0.         0.         0.
 0.         0.         0.         0.         0.         0.
 0.         0.         0.         0.         0.         0.
 0.         0.         0.         0.         0.         0.
 0.         0.         0.         0.         0.         0.
 0.         0.         0.         0.         0.         0.
 0.         0.         0.         0.         0.         0.
 0.         0.         0.         0.         0.         0.
 0.         0.         0.         0.         0.         0.
 0.         0.         0.         0.         0.         0.
 0.         0.         0.         0.         0.         0.
 0.         0.         0.         0.         0.         0.
 0.         0.         0.         0.         0.         0.
 0.         0.         0.         0.         0.         0.
 0.         0.         0.         0.         0.         0.
 0.         0.         0.         0.         0.         0.
 0.         0.         0.         0.         0.         0.
 0.         0.         0.         0.         0.         0.
 0.         0.        ]
Normalized importance:  [1.         1.         1.         0.23864659 0.23864659 0.23864659
 0.23754152 0.23754152 0.23754152 0.588849   0.588849   0.588849
 0.         0.         0.         0.23134127 0.23134127 0.23134127
 0.04640531 0.04640531 0.         0.49029747 0.49029747 0.49029747
 0.9190634  0.9190634  0.9190634  0.02525739 0.         0.
 0.         0.         0.         0.         0.         0.
 0.         0.         0.         0.         0.         0.
 0.         0.         0.         0.         0.         0.
 0.         0.         0.         0.         0.         0.
 0.         0.         0.         0.         0.         0.
 0.         0.         0.         0.         0.         0.
 0.         0.         0.         0.         0.01194169 0.
 0.         0.         0.         0.         0.         0.
 0.         0.         0.         0.         0.         0.
 0.         0.         0.         0.         0.         0.
 0.         0.         0.         0.         0.         0.
 0.         0.         0.         0.         0.         0.
 0.         0.         0.         0.         0.         0.
 0.         0.         0.         0.         0.         0.
 0.         0.         0.         0.         0.         0.
 0.         0.         0.         0.         0.         0.
 0.         0.         0.         0.         0.         0.
 0.         0.         0.         0.         0.         0.
 0.         0.         0.         0.         0.         0.
 0.         0.         0.         0.         0.         0.
 0.         0.         0.         0.         0.         0.
 0.         0.         0.         0.         0.         0.
 0.         0.         0.         0.         0.         0.
 0.         0.         0.         0.         0.         0.
 0.         0.         0.         0.         0.         0.
 0.         0.         0.         0.         0.         0.01479582
 0.         0.         0.         0.         0.         0.
 0.         0.         0.         0.         0.         0.
 0.         0.        ]
deepbreaks
y_true:  [1. 1. 1. 0. 0. 0. 1. 1. 1. 1. 1. 1. 0. 0. 0. 0. 0. 0. 0. 0. 0. 1. 1. 1.
 1. 1. 1. 0. 0. 0. 0. 0. 0. 0. 0. 0. 0. 0. 0. 0. 0. 0. 0. 0. 0. 0. 0. 0.
 0. 0. 0. 0. 0. 0. 0. 0. 0. 0. 0. 0. 0. 0. 0. 0. 0. 0. 0. 0. 0. 0. 0. 0.
 0. 0. 0. 0. 0. 0. 0. 0. 0. 0. 0. 0. 0. 0. 0. 0. 0. 0. 0. 0. 0. 0. 0. 0.
 0. 0. 0. 0. 0. 0. 0. 0. 0. 0. 0. 0. 0. 0. 0. 0. 0. 0. 0. 0. 0. 0. 0. 0.
 0. 0. 0. 0. 0. 0. 0. 0. 0. 0. 0. 0. 0. 0. 0. 0. 0. 0. 0. 0. 0. 0. 0. 0.
 0. 0. 0. 0. 0. 0. 0. 0. 0. 0. 0. 0. 0. 0. 0. 0. 0. 0. 0. 0. 0. 0. 0. 0.
 0. 0. 0. 0. 0. 0. 0. 0. 0. 0. 0. 0. 0. 0. 0. 0. 0. 0. 0. 0. 0. 0. 0. 0.
 0. 0. 0. 0. 0. 0. 0. 0.]
y_pred:  [1. 1. 1. 1. 1. 1. 0. 0. 0. 1. 1. 1. 0. 0. 0. 0. 0. 0. 0. 0. 0. 1. 1. 1.
 1. 1. 1. 0. 0. 0. 0. 0. 0. 0. 0. 0. 0. 0. 0. 0. 0. 0. 0. 0. 0. 0. 0. 0.
 0. 0. 0. 0. 0. 0. 0. 0. 0. 0. 0. 0. 0. 0. 0. 0. 0. 0. 0. 0. 0. 0. 0. 0.
 0. 0. 0. 0. 0. 0. 0. 0. 0. 0. 0. 0. 0. 0. 0. 0. 0. 0. 0. 0. 0. 0. 0. 0.
 0. 0. 0. 0. 0. 0. 0. 0. 0. 0. 0. 0. 0. 0. 0. 0. 0. 0. 0. 0. 0. 0. 0. 0.
 0. 0. 0. 0. 0. 0. 0. 0. 0. 0. 0. 0. 0. 0. 0. 0. 0. 0. 0. 0. 0. 0. 0. 0.
 0. 0. 0. 0. 0. 0. 0. 0. 0. 0. 0. 0. 0. 0. 0. 0. 0. 0. 0. 0. 0. 0. 0. 0.
 0. 0. 0. 0. 0. 0. 0. 0. 0. 0. 0. 0. 0. 0. 0. 0. 0. 0. 0. 0. 0. 0. 0. 0.
 0. 0. 0. 0. 0. 0. 0. 0.]
Normalized importance:  [0.88484848 0.42545455 0.28121212 0.44545455 0.16787879 0.05951515
 0.7030303  0.10424242 0.12       1.         0.13272727 0.0269697
 0.18363636 0.10181818 0.         0.46363636 0.15757576 0.20060606
 0.32969697 0.         0.00630303 0.76969697 0.20909091 0.10424242
 0.8969697  0.09636364 0.52909091 0.17393939 0.13757576 0.15878788
 0.         0.11333333 0.04539394 0.         0.05054545 0.
 0.04515152 0.02557576 0.         0.08969697 0.         0.09939394
 0.01654545 0.12909091 0.         0.         0.06036364 0.04975758
 0.         0.04072727 0.         0.         0.00449091 0.02381818
 0.         0.09272727 0.         0.02066667 0.         0.1369697
 0.16909091 0.         0.         0.06666667 0.         0.
 0.         0.03587879 0.04715152 0.         0.10969697 0.01460606
 0.1369697  0.         0.         0.01715152 0.         0.04866667
 0.06363636 0.03624242 0.         0.0470303  0.         0.
 0.         0.03163636 0.13575758 0.         0.         0.01
 0.         0.03363636 0.0630303  0.         0.03515152 0.09090909
 0.21030303 0.09090909 0.014      0.11939394 0.03727273 0.03527273
 0.         0.04115152 0.         0.         0.00775758 0.1230303
 0.         0.         0.00854545 0.05363636 0.06666667 0.03036364
 0.20666667 0.07333333 0.16242424 0.18484848 0.15090909 0.14181818
 0.06181818 0.20969697 0.         0.0130303  0.         0.14363636
 0.15454545 0.08424242 0.1230303  0.0489697  0.05727273 0.09090909
 0.02963636 0.05721212 0.01612121 0.09454545 0.01848485 0.06181818
 0.05206061 0.         0.01660606 0.22060606 0.18424242 0.09151515
 0.05854545 0.05733333 0.09939394 0.01981818 0.10727273 0.
 0.05951515 0.02       0.03230303 0.         0.         0.1030303
 0.07272727 0.06363636 0.15393939 0.0969697  0.07030303 0.
 0.         0.04775758 0.05       0.03509091 0.02951515 0.
 0.01127273 0.         0.08       0.         0.13939394 0.
 0.01763636 0.10909091 0.         0.         0.         0.05066667
 0.04       0.03066667 0.08909091 0.06042424 0.         0.13333333
 0.03078788 0.         0.         0.04036364 0.         0.17090909
 0.10424242 0.05109091 0.15393939 0.00666667 0.04430303 0.12727273
 0.         0.        ]
pyseer
y_true:  [1. 1. 1. 0. 0. 0. 1. 1. 1. 1. 1. 1. 0. 0. 0. 0. 0. 0. 0. 0. 0. 1. 1. 1.
 1. 1. 1. 0. 0. 0. 0. 0. 0. 0. 0. 0. 0. 0. 0. 0. 0. 0. 0. 0. 0. 0. 0. 0.
 0. 0. 0. 0. 0. 0. 0. 0. 0. 0. 0. 0. 0. 0. 0. 0. 0. 0. 0. 0. 0. 0. 0. 0.
 0. 0. 0. 0. 0. 0. 0. 0. 0. 0. 0. 0. 0. 0. 0. 0. 0. 0. 0. 0. 0. 0. 0. 0.
 0. 0. 0. 0. 0. 0. 0. 0. 0. 0. 0. 0. 0. 0. 0. 0. 0. 0. 0. 0. 0. 0. 0. 0.
 0. 0. 0. 0. 0. 0. 0. 0. 0. 0. 0. 0. 0. 0. 0. 0. 0. 0. 0. 0. 0. 0. 0. 0.
 0. 0. 0. 0. 0. 0. 0. 0. 0. 0. 0. 0. 0. 0. 0. 0. 0. 0. 0. 0. 0. 0. 0. 0.
 0. 0. 0. 0. 0. 0. 0. 0. 0. 0. 0. 0. 0. 0. 0. 0. 0. 0. 0. 0. 0. 0. 0. 0.
 0. 0. 0. 0. 0. 0. 0. 0.]
y_pred:  [1. 1. 1. 1. 1. 0. 1. 1. 1. 1. 1. 0. 1. 1. 0. 1. 1. 1. 1. 0. 0. 1. 1. 1.
 1. 1. 1. 1. 1. 1. 0. 1. 0. 0. 0. 0. 0. 0. 0. 1. 0. 1. 0. 1. 0. 0. 0. 0.
 0. 0. 0. 0. 0. 0. 0. 1. 0. 0. 0. 1. 1. 0. 0. 0. 0. 0. 0. 0. 0. 0. 1. 0.
 1. 0. 0. 0. 0. 0. 0. 0. 0. 0. 0. 0. 0. 0. 1. 0. 0. 0. 0. 0. 0. 0. 0. 1.
 1. 1. 0. 1. 0. 0. 0. 0. 0. 0. 0. 1. 0. 0. 0. 0. 0. 0. 1. 1. 1. 1. 1. 1.
 0. 1. 0. 0. 0. 1. 1. 1. 1. 0. 0. 1. 0. 0. 0. 1. 0. 0. 0. 0. 0. 1. 1. 1.
 0. 0. 1. 0. 1. 0. 0. 0. 0. 0. 0. 1. 1. 0. 1. 1. 0. 0. 0. 0. 0. 0. 0. 0.
 0. 0. 1. 0. 1. 0. 0. 1. 0. 0. 0. 0. 0. 0. 1. 0. 0. 1. 0. 0. 0. 0. 0. 1.
 1. 0. 1. 0. 0. 1. 0. 0.]
Time taken: 22.335984230041504 seconds
Running combination 28 of 50
Fitting RandomForest...
Fitting Adaboost...
Fitting AdaBoost_2...
Fitting et...
Fitting gbc...
Fitting gbc_2...
Fitting gbc_3...
Fitting dt...
Fitting lr...
Fitting Lasso_1...
Fitting Lasso_2...
Fitting Lasso_3...
Fitting Lasso_4...
Fitting elasticnet...
VCF file created successfully.
pyseer stderr:  Read 1000 phenotypes
Detected continuous phenotype
Reading all variants

0variants [00:00, ?variants/s]
54variants [00:00, 536.60variants/s]
108variants [00:00, 476.99variants/s]
164variants [00:00, 510.84variants/s]
198variants [00:00, 514.83variants/s]
Applying correlation filtering

  0%|          | 0/198 [00:00<?, ?variants/s]
100%|██████████| 198/198 [00:00<00:00, 2712.15variants/s]
Fitting elastic net to top 148 variants
Best penalty (lambda) from cross-validation: 8.78E+00
Best R^2 from cross-validation: 0.540
Finding and printing selected variants
198 loaded variants
50 pre-filtered variants
148 tested variants
141 printed variants

True importance standardized:  [0.27147506 0.27147506 0.27147506 0.39509752 0.39509752 0.39509752
 0.59311332 0.59311332 0.59311332 0.1604819  0.1604819  0.1604819
 0.97752513 0.97752513 0.97752513 0.94853168 0.94853168 0.94853168
 0.12441018 0.12441018 0.12441018 1.         1.         1.
 0.19798052 0.19798052 0.19798052 0.7322993  0.7322993  0.7322993
 0.         0.         0.         0.         0.         0.
 0.         0.         0.         0.         0.         0.
 0.         0.         0.         0.         0.         0.
 0.         0.         0.         0.         0.         0.
 0.         0.         0.         0.         0.         0.
 0.         0.         0.         0.         0.         0.
 0.         0.         0.         0.         0.         0.
 0.         0.         0.         0.         0.         0.
 0.         0.         0.         0.         0.         0.
 0.         0.         0.         0.         0.         0.
 0.         0.         0.         0.         0.         0.
 0.         0.         0.         0.         0.         0.
 0.         0.         0.         0.         0.         0.
 0.         0.         0.         0.         0.         0.
 0.         0.         0.         0.         0.         0.
 0.         0.         0.         0.         0.         0.
 0.         0.         0.         0.         0.         0.
 0.         0.         0.         0.         0.         0.
 0.         0.         0.         0.         0.         0.
 0.         0.         0.         0.         0.         0.
 0.         0.         0.         0.         0.         0.
 0.         0.         0.         0.         0.         0.
 0.         0.         0.         0.         0.         0.
 0.         0.         0.         0.         0.         0.
 0.         0.         0.         0.         0.         0.
 0.         0.         0.         0.         0.         0.
 0.         0.         0.         0.         0.         0.
 0.         0.         0.         0.         0.         0.
 0.         0.        ]
Normalized importance:  [0.         0.         0.         0.17231698 0.17231698 0.17231698
 0.3221729  0.3221729  0.3221729  0.         0.         0.
 0.69740924 0.69740924 0.69740924 1.         1.         1.
 0.         0.05692963 0.11629071 0.76436773 0.76436773 0.76436773
 0.         0.         0.         0.43203249 0.43203249 0.43203249
 0.         0.         0.02032559 0.         0.         0.
 0.         0.         0.         0.         0.         0.
 0.         0.         0.         0.         0.         0.
 0.         0.         0.         0.         0.         0.
 0.03267521 0.         0.         0.         0.         0.
 0.         0.         0.         0.         0.         0.
 0.         0.         0.         0.         0.         0.
 0.         0.         0.         0.         0.         0.
 0.         0.         0.         0.         0.         0.
 0.         0.         0.         0.00897527 0.         0.
 0.         0.         0.         0.         0.         0.
 0.         0.01688263 0.         0.         0.         0.
 0.         0.         0.         0.         0.         0.
 0.         0.         0.         0.         0.         0.
 0.         0.         0.         0.         0.00702487 0.
 0.         0.         0.         0.         0.         0.
 0.         0.         0.         0.         0.         0.
 0.         0.         0.         0.         0.         0.
 0.         0.         0.0474281  0.         0.         0.
 0.         0.         0.         0.         0.         0.
 0.         0.02802024 0.         0.         0.         0.
 0.         0.         0.         0.         0.         0.
 0.         0.         0.         0.         0.         0.
 0.         0.         0.         0.         0.         0.
 0.         0.         0.         0.         0.         0.
 0.         0.         0.         0.         0.         0.
 0.         0.         0.         0.         0.         0.
 0.         0.         0.         0.         0.         0.
 0.         0.        ]
deepbreaks
y_true:  [0. 0. 0. 0. 0. 0. 1. 1. 1. 0. 0. 0. 1. 1. 1. 1. 1. 1. 0. 0. 0. 1. 1. 1.
 0. 0. 0. 1. 1. 1. 0. 0. 0. 0. 0. 0. 0. 0. 0. 0. 0. 0. 0. 0. 0. 0. 0. 0.
 0. 0. 0. 0. 0. 0. 0. 0. 0. 0. 0. 0. 0. 0. 0. 0. 0. 0. 0. 0. 0. 0. 0. 0.
 0. 0. 0. 0. 0. 0. 0. 0. 0. 0. 0. 0. 0. 0. 0. 0. 0. 0. 0. 0. 0. 0. 0. 0.
 0. 0. 0. 0. 0. 0. 0. 0. 0. 0. 0. 0. 0. 0. 0. 0. 0. 0. 0. 0. 0. 0. 0. 0.
 0. 0. 0. 0. 0. 0. 0. 0. 0. 0. 0. 0. 0. 0. 0. 0. 0. 0. 0. 0. 0. 0. 0. 0.
 0. 0. 0. 0. 0. 0. 0. 0. 0. 0. 0. 0. 0. 0. 0. 0. 0. 0. 0. 0. 0. 0. 0. 0.
 0. 0. 0. 0. 0. 0. 0. 0. 0. 0. 0. 0. 0. 0. 0. 0. 0. 0. 0. 0. 0. 0. 0. 0.
 0. 0. 0. 0. 0. 0. 0. 0.]
y_pred:  [0. 0. 0. 0. 0. 0. 1. 1. 1. 0. 0. 0. 1. 1. 1. 1. 1. 1. 0. 0. 0. 1. 1. 1.
 0. 0. 0. 1. 1. 1. 0. 0. 0. 0. 0. 0. 0. 0. 0. 0. 0. 0. 0. 0. 0. 0. 0. 0.
 0. 0. 0. 0. 0. 0. 0. 0. 0. 0. 0. 0. 0. 0. 0. 0. 0. 0. 0. 0. 0. 0. 0. 0.
 0. 0. 0. 0. 0. 0. 0. 0. 0. 0. 0. 0. 0. 0. 0. 0. 0. 0. 0. 0. 0. 0. 0. 0.
 0. 0. 0. 0. 0. 0. 0. 0. 0. 0. 0. 0. 0. 0. 0. 0. 0. 0. 0. 0. 0. 0. 0. 0.
 0. 0. 0. 0. 0. 0. 0. 0. 0. 0. 0. 0. 0. 0. 0. 0. 0. 0. 0. 0. 0. 0. 0. 0.
 0. 0. 0. 0. 0. 0. 0. 0. 0. 0. 0. 0. 0. 0. 0. 0. 0. 0. 0. 0. 0. 0. 0. 0.
 0. 0. 0. 0. 0. 0. 0. 0. 0. 0. 0. 0. 0. 0. 0. 0. 0. 0. 0. 0. 0. 0. 0. 0.
 0. 0. 0. 0. 0. 0. 0. 0.]
Normalized importance:  [1.47328244e-01 1.73282443e-01 8.32061069e-02 4.24427481e-01
 6.43511450e-02 1.70992366e-01 5.93129771e-01 1.79389313e-01
 2.73282443e-01 1.15267176e-01 1.18320611e-01 0.00000000e+00
 9.23664122e-01 6.36641221e-02 4.11450382e-01 9.16030534e-01
 3.65648855e-01 2.54961832e-01 4.64122137e-02 1.09923664e-01
 2.39694656e-01 1.00000000e+00 1.19847328e-01 5.06106870e-01
 9.31297710e-02 1.26717557e-01 7.63358779e-02 8.77862595e-01
 4.71755725e-02 2.25954198e-01 8.24427481e-02 0.00000000e+00
 1.54198473e-01 7.51145038e-02 1.29770992e-01 0.00000000e+00
 6.05343511e-02 0.00000000e+00 6.17557252e-03 0.00000000e+00
 3.28244275e-02 2.54198473e-02 1.48091603e-02 1.37404580e-01
 0.00000000e+00 1.64885496e-01 6.29007634e-02 0.00000000e+00
 1.13740458e-01 9.54198473e-02 1.10687023e-01 0.00000000e+00
 3.45801527e-02 0.00000000e+00 1.35114504e-01 0.00000000e+00
 1.21374046e-01 0.00000000e+00 9.84732824e-02 0.00000000e+00
 3.42748092e-02 0.00000000e+00 0.00000000e+00 9.08396947e-02
 2.68702290e-01 8.93129771e-02 0.00000000e+00 0.00000000e+00
 0.00000000e+00 0.00000000e+00 1.42748092e-01 6.64885496e-02
 1.19847328e-01 2.56488550e-02 0.00000000e+00 6.29007634e-02
 5.04580153e-02 9.00763359e-02 1.36641221e-01 0.00000000e+00
 1.19083969e-01 0.00000000e+00 0.00000000e+00 2.80152672e-02
 0.00000000e+00 0.00000000e+00 1.83206107e-01 2.46564885e-01
 0.00000000e+00 1.05343511e-01 2.24427481e-01 7.41984733e-02
 1.86259542e-01 1.57251908e-01 0.00000000e+00 1.49618321e-01
 0.00000000e+00 9.92366412e-02 2.47328244e-02 0.00000000e+00
 3.45801527e-02 1.12213740e-01 0.00000000e+00 6.22137405e-04
 6.72519084e-02 2.04580153e-01 1.26717557e-01 2.98473282e-02
 0.00000000e+00 3.90839695e-02 0.00000000e+00 2.06870229e-01
 3.54961832e-02 3.30534351e-02 7.32061069e-02 7.05343511e-02
 7.32824427e-02 1.12977099e-01 1.45801527e-01 1.83206107e-01
 2.61832061e-02 0.00000000e+00 7.70992366e-02 2.12977099e-01
 6.41984733e-02 9.00763359e-02 0.00000000e+00 1.67938931e-01
 1.70992366e-01 1.00000000e-01 1.06106870e-01 8.77862595e-02
 1.82442748e-01 0.00000000e+00 8.32061069e-02 2.32061069e-01
 3.54198473e-02 0.00000000e+00 0.00000000e+00 3.00763359e-03
 1.04580153e-01 0.00000000e+00 4.99236641e-02 1.05343511e-01
 2.58778626e-02 1.79389313e-01 0.00000000e+00 4.64885496e-02
 3.77862595e-02 1.87786260e-01 5.76335878e-02 2.17557252e-01
 0.00000000e+00 8.09160305e-02 1.53435115e-01 6.90076336e-02
 1.57251908e-02 0.00000000e+00 7.47328244e-02 1.52671756e-01
 0.00000000e+00 0.00000000e+00 2.83969466e-02 0.00000000e+00
 1.51908397e-01 8.54961832e-02 0.00000000e+00 0.00000000e+00
 0.00000000e+00 0.00000000e+00 5.74045802e-02 1.78625954e-02
 8.47328244e-02 0.00000000e+00 0.00000000e+00 0.00000000e+00
 2.40458015e-02 4.09160305e-02 1.44274809e-01 0.00000000e+00
 0.00000000e+00 5.21374046e-02 0.00000000e+00 1.51145038e-02
 4.38167939e-02 0.00000000e+00 0.00000000e+00 3.16793893e-02
 1.08396947e-01 1.42748092e-02 0.00000000e+00 8.77862595e-02
 5.96183206e-02 0.00000000e+00 4.68702290e-02 6.29007634e-03
 6.52671756e-02 2.93893130e-03 0.00000000e+00 0.00000000e+00]
pyseer
y_true:  [0. 0. 0. 0. 0. 0. 1. 1. 1. 0. 0. 0. 1. 1. 1. 1. 1. 1. 0. 0. 0. 1. 1. 1.
 0. 0. 0. 1. 1. 1. 0. 0. 0. 0. 0. 0. 0. 0. 0. 0. 0. 0. 0. 0. 0. 0. 0. 0.
 0. 0. 0. 0. 0. 0. 0. 0. 0. 0. 0. 0. 0. 0. 0. 0. 0. 0. 0. 0. 0. 0. 0. 0.
 0. 0. 0. 0. 0. 0. 0. 0. 0. 0. 0. 0. 0. 0. 0. 0. 0. 0. 0. 0. 0. 0. 0. 0.
 0. 0. 0. 0. 0. 0. 0. 0. 0. 0. 0. 0. 0. 0. 0. 0. 0. 0. 0. 0. 0. 0. 0. 0.
 0. 0. 0. 0. 0. 0. 0. 0. 0. 0. 0. 0. 0. 0. 0. 0. 0. 0. 0. 0. 0. 0. 0. 0.
 0. 0. 0. 0. 0. 0. 0. 0. 0. 0. 0. 0. 0. 0. 0. 0. 0. 0. 0. 0. 0. 0. 0. 0.
 0. 0. 0. 0. 0. 0. 0. 0. 0. 0. 0. 0. 0. 0. 0. 0. 0. 0. 0. 0. 0. 0. 0. 0.
 0. 0. 0. 0. 0. 0. 0. 0.]
y_pred:  [1. 1. 0. 1. 0. 1. 1. 1. 1. 1. 1. 0. 1. 0. 1. 1. 1. 1. 0. 1. 1. 1. 1. 1.
 1. 1. 0. 1. 0. 1. 0. 0. 1. 0. 1. 0. 0. 0. 0. 0. 0. 0. 0. 1. 0. 1. 0. 0.
 1. 1. 1. 0. 0. 0. 1. 0. 1. 0. 1. 0. 0. 0. 0. 1. 1. 0. 0. 0. 0. 0. 1. 0.
 1. 0. 0. 0. 0. 0. 1. 0. 1. 0. 0. 0. 0. 0. 1. 1. 0. 1. 1. 0. 1. 1. 0. 1.
 0. 1. 0. 0. 0. 1. 0. 0. 0. 1. 1. 0. 0. 0. 0. 1. 0. 0. 0. 0. 0. 1. 1. 1.
 0. 0. 0. 1. 0. 0. 0. 1. 1. 1. 1. 0. 1. 0. 0. 1. 0. 0. 0. 0. 1. 0. 0. 1.
 0. 1. 0. 0. 0. 1. 0. 1. 0. 0. 1. 0. 0. 0. 0. 1. 0. 0. 0. 0. 1. 0. 0. 0.
 0. 0. 0. 0. 0. 0. 0. 0. 0. 0. 1. 0. 0. 0. 0. 0. 0. 0. 0. 0. 1. 0. 0. 0.
 0. 0. 0. 0. 0. 0. 0. 0.]
Time taken: 23.330098867416382 seconds
Running combination 29 of 50
Fitting RandomForest...
Fitting Adaboost...
Fitting AdaBoost_2...
Fitting et...
Fitting gbc...
Fitting gbc_2...
Fitting gbc_3...
Fitting dt...
Fitting lr...
Fitting Lasso_1...
Fitting Lasso_2...
Fitting Lasso_3...
Fitting Lasso_4...
Fitting elasticnet...
VCF file created successfully.
pyseer stderr:  Read 1000 phenotypes
Detected continuous phenotype
Reading all variants

0variants [00:00, ?variants/s]
53variants [00:00, 523.01variants/s]
106variants [00:00, 463.31variants/s]
161variants [00:00, 497.70variants/s]
198variants [00:00, 502.34variants/s]
Applying correlation filtering

  0%|          | 0/198 [00:00<?, ?variants/s]
100%|██████████| 198/198 [00:00<00:00, 2736.48variants/s]
Fitting elastic net to top 148 variants
Best penalty (lambda) from cross-validation: 9.26E+00
Best R^2 from cross-validation: 0.481
Finding and printing selected variants
198 loaded variants
50 pre-filtered variants
148 tested variants
142 printed variants

True importance standardized:  [0.56296807 0.56296807 0.56296807 0.38988708 0.38988708 0.38988708
 0.28260889 0.28260889 0.28260889 0.442804   0.442804   0.442804
 0.89462781 0.89462781 0.89462781 1.         1.         1.
 0.33522386 0.33522386 0.33522386 0.80070508 0.80070508 0.80070508
 0.3734759  0.3734759  0.3734759  0.8111767  0.8111767  0.8111767
 0.         0.         0.         0.         0.         0.
 0.         0.         0.         0.         0.         0.
 0.         0.         0.         0.         0.         0.
 0.         0.         0.         0.         0.         0.
 0.         0.         0.         0.         0.         0.
 0.         0.         0.         0.         0.         0.
 0.         0.         0.         0.         0.         0.
 0.         0.         0.         0.         0.         0.
 0.         0.         0.         0.         0.         0.
 0.         0.         0.         0.         0.         0.
 0.         0.         0.         0.         0.         0.
 0.         0.         0.         0.         0.         0.
 0.         0.         0.         0.         0.         0.
 0.         0.         0.         0.         0.         0.
 0.         0.         0.         0.         0.         0.
 0.         0.         0.         0.         0.         0.
 0.         0.         0.         0.         0.         0.
 0.         0.         0.         0.         0.         0.
 0.         0.         0.         0.         0.         0.
 0.         0.         0.         0.         0.         0.
 0.         0.         0.         0.         0.         0.
 0.         0.         0.         0.         0.         0.
 0.         0.         0.         0.         0.         0.
 0.         0.         0.         0.         0.         0.
 0.         0.         0.         0.         0.         0.
 0.         0.         0.         0.         0.         0.
 0.         0.         0.         0.         0.         0.
 0.         0.         0.         0.         0.         0.
 0.         0.        ]
Normalized importance:  [0.41826862 0.41826862 0.41826862 0.19057862 0.19057862 0.
 0.05288392 0.05288392 0.         0.27425678 0.27425678 0.27425678
 0.85763013 0.85763013 0.85763013 1.         1.         1.
 0.2660597  0.2660597  0.2660597  0.92439629 0.92439629 0.92439629
 0.07480223 0.07480223 0.07480223 0.73868657 0.73868657 0.73868657
 0.0064141  0.         0.         0.         0.         0.
 0.         0.         0.         0.         0.         0.
 0.         0.         0.         0.         0.00935853 0.
 0.         0.         0.         0.         0.         0.
 0.00749267 0.         0.         0.         0.         0.
 0.         0.         0.         0.         0.         0.
 0.         0.         0.         0.         0.         0.06873425
 0.         0.         0.         0.         0.         0.
 0.         0.         0.         0.         0.         0.01759788
 0.         0.         0.         0.         0.         0.
 0.         0.0239059  0.         0.04581793 0.         0.
 0.         0.         0.         0.         0.0257642  0.
 0.         0.         0.         0.         0.         0.
 0.         0.         0.         0.         0.         0.
 0.         0.         0.         0.         0.         0.
 0.         0.         0.         0.         0.         0.
 0.         0.         0.         0.         0.         0.
 0.         0.         0.         0.         0.         0.
 0.         0.         0.         0.         0.         0.
 0.05327808 0.         0.         0.02722801 0.         0.
 0.         0.         0.0389143  0.         0.         0.
 0.         0.         0.         0.         0.         0.
 0.         0.         0.         0.         0.         0.
 0.         0.         0.         0.         0.         0.
 0.         0.         0.         0.         0.04269412 0.
 0.         0.         0.         0.         0.         0.
 0.         0.         0.         0.         0.         0.
 0.         0.         0.         0.         0.07829889 0.
 0.         0.        ]
deepbreaks
y_true:  [1. 1. 1. 0. 0. 0. 0. 0. 0. 0. 0. 0. 1. 1. 1. 1. 1. 1. 0. 0. 0. 1. 1. 1.
 0. 0. 0. 1. 1. 1. 0. 0. 0. 0. 0. 0. 0. 0. 0. 0. 0. 0. 0. 0. 0. 0. 0. 0.
 0. 0. 0. 0. 0. 0. 0. 0. 0. 0. 0. 0. 0. 0. 0. 0. 0. 0. 0. 0. 0. 0. 0. 0.
 0. 0. 0. 0. 0. 0. 0. 0. 0. 0. 0. 0. 0. 0. 0. 0. 0. 0. 0. 0. 0. 0. 0. 0.
 0. 0. 0. 0. 0. 0. 0. 0. 0. 0. 0. 0. 0. 0. 0. 0. 0. 0. 0. 0. 0. 0. 0. 0.
 0. 0. 0. 0. 0. 0. 0. 0. 0. 0. 0. 0. 0. 0. 0. 0. 0. 0. 0. 0. 0. 0. 0. 0.
 0. 0. 0. 0. 0. 0. 0. 0. 0. 0. 0. 0. 0. 0. 0. 0. 0. 0. 0. 0. 0. 0. 0. 0.
 0. 0. 0. 0. 0. 0. 0. 0. 0. 0. 0. 0. 0. 0. 0. 0. 0. 0. 0. 0. 0. 0. 0. 0.
 0. 0. 0. 0. 0. 0. 0. 0.]
y_pred:  [1. 1. 1. 0. 0. 0. 0. 0. 0. 1. 1. 1. 1. 1. 1. 1. 1. 1. 1. 1. 1. 1. 1. 1.
 0. 0. 0. 1. 1. 1. 0. 0. 0. 0. 0. 0. 0. 0. 0. 0. 0. 0. 0. 0. 0. 0. 0. 0.
 0. 0. 0. 0. 0. 0. 0. 0. 0. 0. 0. 0. 0. 0. 0. 0. 0. 0. 0. 0. 0. 0. 0. 0.
 0. 0. 0. 0. 0. 0. 0. 0. 0. 0. 0. 0. 0. 0. 0. 0. 0. 0. 0. 0. 0. 0. 0. 0.
 0. 0. 0. 0. 0. 0. 0. 0. 0. 0. 0. 0. 0. 0. 0. 0. 0. 0. 0. 0. 0. 0. 0. 0.
 0. 0. 0. 0. 0. 0. 0. 0. 0. 0. 0. 0. 0. 0. 0. 0. 0. 0. 0. 0. 0. 0. 0. 0.
 0. 0. 0. 0. 0. 0. 0. 0. 0. 0. 0. 0. 0. 0. 0. 0. 0. 0. 0. 0. 0. 0. 0. 0.
 0. 0. 0. 0. 0. 0. 0. 0. 0. 0. 0. 0. 0. 0. 0. 0. 0. 0. 0. 0. 0. 0. 0. 0.
 0. 0. 0. 0. 0. 0. 0. 0.]
Normalized importance:  [6.98473282e-01 2.88167939e-01 4.48473282e-01 4.54198473e-01
 3.85496183e-01 4.04580153e-02 3.43511450e-01 2.67175573e-01
 5.07633588e-02 5.51526718e-01 4.19847328e-01 3.30152672e-01
 1.00000000e+00 6.45038168e-01 2.09923664e-01 9.77099237e-01
 5.47709924e-01 5.78244275e-01 5.43893130e-01 2.25190840e-01
 1.78053435e-01 7.55725191e-01 5.99236641e-01 4.25572519e-01
 3.98854962e-01 3.35877863e-01 1.28053435e-01 7.99618321e-01
 3.83587786e-01 5.40076336e-01 1.60496183e-01 1.20801527e-02
 0.00000000e+00 1.04580153e-01 0.00000000e+00 0.00000000e+00
 6.41221374e-02 4.63740458e-02 7.91984733e-02 1.98473282e-01
 0.00000000e+00 1.39694656e-01 1.05916031e-01 0.00000000e+00
 1.08206107e-01 1.58396947e-01 2.06106870e-01 0.00000000e+00
 1.80343511e-01 0.00000000e+00 1.76145038e-01 1.13740458e-01
 1.71374046e-01 2.19465649e-01 1.69465649e-01 5.00000000e-03
 3.01526718e-01 5.34351145e-02 2.00381679e-01 0.00000000e+00
 6.18320611e-02 0.00000000e+00 2.51908397e-01 6.04961832e-03
 0.00000000e+00 1.65839695e-01 0.00000000e+00 0.00000000e+00
 2.17557252e-01 2.40458015e-02 1.10114504e-01 2.42366412e-01
 0.00000000e+00 0.00000000e+00 9.86641221e-02 9.48473282e-02
 7.59541985e-02 2.06106870e-01 2.08015267e-02 0.00000000e+00
 0.00000000e+00 1.31297710e-01 1.13549618e-01 9.86641221e-02
 0.00000000e+00 4.29389313e-02 1.18320611e-01 1.01145038e-01
 1.21755725e-02 7.19465649e-02 1.14503817e-01 1.67938931e-01
 8.16793893e-02 2.93893130e-01 3.75954198e-02 0.00000000e+00
 0.00000000e+00 3.45419847e-02 2.88167939e-02 1.84923664e-01
 1.30916031e-01 1.98473282e-02 2.13740458e-01 7.40458015e-02
 1.54580153e-01 3.22519084e-01 9.10305344e-02 0.00000000e+00
 0.00000000e+00 0.00000000e+00 9.48473282e-02 0.00000000e+00
 1.73282443e-01 1.09923664e-01 2.80534351e-01 0.00000000e+00
 0.00000000e+00 0.00000000e+00 0.00000000e+00 0.00000000e+00
 1.44274809e-01 0.00000000e+00 0.00000000e+00 2.06106870e-02
 0.00000000e+00 7.51908397e-04 0.00000000e+00 0.00000000e+00
 1.18320611e-01 2.78625954e-02 0.00000000e+00 5.93511450e-02
 1.24045802e-01 6.24045802e-02 1.50000000e-01 8.62595420e-02
 7.32824427e-02 3.39694656e-03 1.31106870e-01 5.11450382e-03
 0.00000000e+00 1.18893130e-01 8.22519084e-02 0.00000000e+00
 3.12977099e-01 0.00000000e+00 0.00000000e+00 1.60687023e-01
 0.00000000e+00 1.85877863e-01 7.27099237e-02 0.00000000e+00
 2.55725191e-01 0.00000000e+00 2.02290076e-01 1.89312977e-01
 0.00000000e+00 6.66030534e-02 0.00000000e+00 1.11450382e-01
 1.16030534e-01 1.30916031e-01 0.00000000e+00 1.59160305e-03
 1.60305344e-01 0.00000000e+00 0.00000000e+00 5.26717557e-02
 2.30916031e-01 8.70229008e-02 0.00000000e+00 0.00000000e+00
 2.25190840e-01 2.59541985e-01 0.00000000e+00 0.00000000e+00
 6.39312977e-02 1.22328244e-01 1.60114504e-01 0.00000000e+00
 0.00000000e+00 1.42175573e-01 3.07251908e-01 0.00000000e+00
 0.00000000e+00 0.00000000e+00 6.20229008e-02 2.11832061e-02
 7.51908397e-02 8.56870229e-02 1.44274809e-01 1.09541985e-01
 1.90267176e-02 6.03053435e-02 1.10305344e-01 0.00000000e+00
 3.16793893e-01 5.97328244e-02 0.00000000e+00 0.00000000e+00]
pyseer
y_true:  [1. 1. 1. 0. 0. 0. 0. 0. 0. 0. 0. 0. 1. 1. 1. 1. 1. 1. 0. 0. 0. 1. 1. 1.
 0. 0. 0. 1. 1. 1. 0. 0. 0. 0. 0. 0. 0. 0. 0. 0. 0. 0. 0. 0. 0. 0. 0. 0.
 0. 0. 0. 0. 0. 0. 0. 0. 0. 0. 0. 0. 0. 0. 0. 0. 0. 0. 0. 0. 0. 0. 0. 0.
 0. 0. 0. 0. 0. 0. 0. 0. 0. 0. 0. 0. 0. 0. 0. 0. 0. 0. 0. 0. 0. 0. 0. 0.
 0. 0. 0. 0. 0. 0. 0. 0. 0. 0. 0. 0. 0. 0. 0. 0. 0. 0. 0. 0. 0. 0. 0. 0.
 0. 0. 0. 0. 0. 0. 0. 0. 0. 0. 0. 0. 0. 0. 0. 0. 0. 0. 0. 0. 0. 0. 0. 0.
 0. 0. 0. 0. 0. 0. 0. 0. 0. 0. 0. 0. 0. 0. 0. 0. 0. 0. 0. 0. 0. 0. 0. 0.
 0. 0. 0. 0. 0. 0. 0. 0. 0. 0. 0. 0. 0. 0. 0. 0. 0. 0. 0. 0. 0. 0. 0. 0.
 0. 0. 0. 0. 0. 0. 0. 0.]
y_pred:  [1. 1. 1. 1. 1. 0. 1. 1. 0. 1. 1. 1. 1. 1. 1. 1. 1. 1. 1. 1. 1. 1. 1. 1.
 1. 1. 0. 1. 1. 1. 1. 0. 0. 0. 0. 0. 0. 0. 0. 1. 0. 1. 0. 0. 0. 1. 1. 0.
 1. 0. 1. 0. 1. 1. 1. 0. 1. 0. 1. 0. 0. 0. 1. 0. 0. 1. 0. 0. 1. 0. 0. 1.
 0. 0. 0. 0. 0. 1. 0. 0. 0. 1. 0. 0. 0. 0. 0. 0. 0. 0. 0. 1. 0. 1. 0. 0.
 0. 0. 0. 1. 0. 0. 1. 0. 1. 1. 0. 0. 0. 0. 0. 0. 1. 0. 1. 0. 0. 0. 0. 0.
 1. 0. 0. 0. 0. 0. 0. 0. 0. 0. 0. 0. 0. 0. 1. 0. 0. 0. 1. 0. 0. 0. 0. 0.
 1. 0. 0. 1. 0. 1. 0. 0. 1. 0. 1. 1. 0. 0. 0. 0. 0. 0. 0. 0. 1. 0. 0. 0.
 1. 0. 0. 0. 1. 1. 0. 0. 0. 0. 1. 0. 0. 1. 1. 0. 0. 0. 0. 0. 0. 0. 1. 0.
 0. 0. 0. 0. 1. 0. 0. 0.]
Time taken: 22.749141454696655 seconds
Running combination 30 of 50
Fitting RandomForest...
Fitting Adaboost...
Fitting AdaBoost_2...
Fitting et...
Fitting gbc...
Fitting gbc_2...
Fitting gbc_3...
Fitting dt...
Fitting lr...
Fitting Lasso_1...
Fitting Lasso_2...
Fitting Lasso_3...
Fitting Lasso_4...
Fitting elasticnet...
VCF file created successfully.
pyseer stderr:  Read 1000 phenotypes
Detected continuous phenotype
Reading all variants

0variants [00:00, ?variants/s]
54variants [00:00, 539.28variants/s]
108variants [00:00, 471.02variants/s]
163variants [00:00, 502.51variants/s]
198variants [00:00, 507.76variants/s]
Applying correlation filtering

  0%|          | 0/198 [00:00<?, ?variants/s]
100%|██████████| 198/198 [00:00<00:00, 2733.40variants/s]
Fitting elastic net to top 148 variants
Best penalty (lambda) from cross-validation: 1.59E+01
Best R^2 from cross-validation: 0.495
Finding and printing selected variants
198 loaded variants
50 pre-filtered variants
148 tested variants
142 printed variants

True importance standardized:  [0.63795963 0.63795963 0.63795963 0.68807888 0.68807888 0.68807888
 0.58366003 0.58366003 0.58366003 0.18152041 0.18152041 0.18152041
 0.68169293 0.68169293 0.68169293 0.58915636 0.58915636 0.58915636
 0.73204072 0.73204072 0.73204072 0.84987982 0.84987982 0.84987982
 1.         1.         1.         0.4126257  0.4126257  0.4126257
 0.         0.         0.         0.         0.         0.
 0.         0.         0.         0.         0.         0.
 0.         0.         0.         0.         0.         0.
 0.         0.         0.         0.         0.         0.
 0.         0.         0.         0.         0.         0.
 0.         0.         0.         0.         0.         0.
 0.         0.         0.         0.         0.         0.
 0.         0.         0.         0.         0.         0.
 0.         0.         0.         0.         0.         0.
 0.         0.         0.         0.         0.         0.
 0.         0.         0.         0.         0.         0.
 0.         0.         0.         0.         0.         0.
 0.         0.         0.         0.         0.         0.
 0.         0.         0.         0.         0.         0.
 0.         0.         0.         0.         0.         0.
 0.         0.         0.         0.         0.         0.
 0.         0.         0.         0.         0.         0.
 0.         0.         0.         0.         0.         0.
 0.         0.         0.         0.         0.         0.
 0.         0.         0.         0.         0.         0.
 0.         0.         0.         0.         0.         0.
 0.         0.         0.         0.         0.         0.
 0.         0.         0.         0.         0.         0.
 0.         0.         0.         0.         0.         0.
 0.         0.         0.         0.         0.         0.
 0.         0.         0.         0.         0.         0.
 0.         0.         0.         0.         0.         0.
 0.         0.         0.         0.         0.         0.
 0.         0.        ]
Normalized importance:  [0.34978255 0.34978255 0.34978255 0.48524759 0.48524759 0.48524759
 0.45172913 0.45172913 0.45172913 0.         0.         0.
 0.33290226 0.33290226 0.33290226 0.30331959 0.30331959 0.30331959
 0.87196733 0.87196733 0.87196733 0.76465114 0.76465114 0.76465114
 1.         1.         1.         0.079818   0.079818   0.079818
 0.02410476 0.         0.         0.         0.         0.
 0.         0.         0.         0.         0.         0.
 0.         0.02216507 0.         0.         0.         0.
 0.         0.         0.         0.         0.         0.
 0.         0.         0.         0.         0.         0.
 0.         0.         0.         0.         0.         0.
 0.         0.         0.         0.         0.         0.
 0.         0.02507395 0.         0.         0.         0.
 0.         0.         0.         0.05889275 0.         0.
 0.         0.         0.         0.         0.         0.
 0.         0.         0.         0.         0.         0.
 0.         0.         0.         0.         0.         0.
 0.         0.         0.         0.         0.         0.
 0.         0.         0.         0.         0.         0.
 0.         0.         0.         0.         0.         0.
 0.         0.         0.         0.         0.         0.
 0.         0.         0.         0.         0.04702094 0.
 0.         0.         0.         0.         0.         0.
 0.         0.         0.         0.         0.         0.
 0.         0.         0.         0.         0.         0.
 0.         0.         0.         0.         0.         0.
 0.         0.         0.         0.         0.         0.
 0.         0.         0.         0.         0.         0.
 0.         0.         0.         0.         0.         0.
 0.         0.         0.         0.         0.         0.
 0.         0.         0.         0.         0.         0.
 0.         0.         0.         0.         0.         0.
 0.         0.         0.         0.         0.         0.
 0.         0.        ]
deepbreaks
y_true:  [0. 0. 0. 1. 1. 1. 0. 0. 0. 0. 0. 0. 1. 1. 1. 0. 0. 0. 1. 1. 1. 1. 1. 1.
 1. 1. 1. 0. 0. 0. 0. 0. 0. 0. 0. 0. 0. 0. 0. 0. 0. 0. 0. 0. 0. 0. 0. 0.
 0. 0. 0. 0. 0. 0. 0. 0. 0. 0. 0. 0. 0. 0. 0. 0. 0. 0. 0. 0. 0. 0. 0. 0.
 0. 0. 0. 0. 0. 0. 0. 0. 0. 0. 0. 0. 0. 0. 0. 0. 0. 0. 0. 0. 0. 0. 0. 0.
 0. 0. 0. 0. 0. 0. 0. 0. 0. 0. 0. 0. 0. 0. 0. 0. 0. 0. 0. 0. 0. 0. 0. 0.
 0. 0. 0. 0. 0. 0. 0. 0. 0. 0. 0. 0. 0. 0. 0. 0. 0. 0. 0. 0. 0. 0. 0. 0.
 0. 0. 0. 0. 0. 0. 0. 0. 0. 0. 0. 0. 0. 0. 0. 0. 0. 0. 0. 0. 0. 0. 0. 0.
 0. 0. 0. 0. 0. 0. 0. 0. 0. 0. 0. 0. 0. 0. 0. 0. 0. 0. 0. 0. 0. 0. 0. 0.
 0. 0. 0. 0. 0. 0. 0. 0.]
y_pred:  [1. 1. 1. 1. 1. 1. 1. 1. 1. 0. 0. 0. 0. 0. 0. 0. 0. 0. 1. 1. 1. 1. 1. 1.
 1. 1. 1. 0. 0. 0. 0. 0. 0. 0. 0. 0. 0. 0. 0. 0. 0. 0. 0. 0. 0. 0. 0. 0.
 0. 0. 0. 0. 0. 0. 0. 0. 0. 0. 0. 0. 0. 0. 0. 0. 0. 0. 0. 0. 0. 0. 0. 0.
 0. 0. 0. 0. 0. 0. 0. 0. 0. 0. 0. 0. 0. 0. 0. 0. 0. 0. 0. 0. 0. 0. 0. 0.
 0. 0. 0. 0. 0. 0. 0. 0. 0. 0. 0. 0. 0. 0. 0. 0. 0. 0. 0. 0. 0. 0. 0. 0.
 0. 0. 0. 0. 0. 0. 0. 0. 0. 0. 0. 0. 0. 0. 0. 0. 0. 0. 0. 0. 0. 0. 0. 0.
 0. 0. 0. 0. 0. 0. 0. 0. 0. 0. 0. 0. 0. 0. 0. 0. 0. 0. 0. 0. 0. 0. 0. 0.
 0. 0. 0. 0. 0. 0. 0. 0. 0. 0. 0. 0. 0. 0. 0. 0. 0. 0. 0. 0. 0. 0. 0. 0.
 0. 0. 0. 0. 0. 0. 0. 0.]
Normalized importance:  [0.45857143 0.1252381  0.37238095 0.78095238 0.15380952 0.03171429
 0.54285714 0.28714286 0.20190476 0.12       0.06142857 0.
 0.42190476 0.25380952 0.32       0.4347619  0.33809524 0.17619048
 0.67142857 0.28285714 0.22761905 0.68571429 0.21714286 0.37190476
 1.         0.         0.37380952 0.37619048 0.09285714 0.04538095
 0.17428571 0.08571429 0.01147619 0.01795238 0.0217619  0.
 0.1        0.         0.04461905 0.03395238 0.05095238 0.09857143
 0.         0.24380952 0.         0.         0.         0.04690476
 0.10333333 0.         0.2247619  0.09809524 0.         0.01066667
 0.         0.         0.00914286 0.06095238 0.08666667 0.04385714
 0.12285714 0.0432381  0.023      0.06       0.         0.09047619
 0.         0.007      0.         0.         0.10857143 0.24857143
 0.03804762 0.14       0.         0.06714286 0.05       0.
 0.         0.         0.         0.17904762 0.13142857 0.
 0.15190476 0.         0.         0.24095238 0.06761905 0.07619048
 0.         0.06380952 0.         0.1747619  0.         0.
 0.05238095 0.         0.07095238 0.02347619 0.1247619  0.10333333
 0.         0.18904762 0.18761905 0.11857143 0.         0.18714286
 0.04095238 0.1247619  0.0147619  0.0467619  0.         0.21
 0.02333333 0.08809524 0.         0.14619048 0.         0.06809524
 0.04333333 0.11761905 0.0267619  0.16380952 0.06952381 0.
 0.0752381  0.00456667 0.11380952 0.         0.25619048 0.07952381
 0.12       0.1052381  0.         0.13428571 0.06380952 0.10761905
 0.04366667 0.11285714 0.03795238 0.10571429 0.01714286 0.
 0.05428571 0.         0.         0.04719048 0.         0.
 0.10333333 0.17952381 0.         0.20047619 0.         0.08714286
 0.02128571 0.12       0.0852381  0.         0.         0.0652381
 0.         0.04495238 0.02809524 0.         0.10190476 0.2
 0.00719048 0.09571429 0.         0.         0.         0.07857143
 0.01385714 0.05333333 0.11666667 0.11238095 0.         0.
 0.16952381 0.13571429 0.10333333 0.06047619 0.21095238 0.
 0.05333333 0.08904762 0.17904762 0.         0.19095238 0.11142857
 0.02847619 0.19809524 0.15142857 0.0342381  0.06285714 0.
 0.         0.        ]
pyseer
y_true:  [0. 0. 0. 1. 1. 1. 0. 0. 0. 0. 0. 0. 1. 1. 1. 0. 0. 0. 1. 1. 1. 1. 1. 1.
 1. 1. 1. 0. 0. 0. 0. 0. 0. 0. 0. 0. 0. 0. 0. 0. 0. 0. 0. 0. 0. 0. 0. 0.
 0. 0. 0. 0. 0. 0. 0. 0. 0. 0. 0. 0. 0. 0. 0. 0. 0. 0. 0. 0. 0. 0. 0. 0.
 0. 0. 0. 0. 0. 0. 0. 0. 0. 0. 0. 0. 0. 0. 0. 0. 0. 0. 0. 0. 0. 0. 0. 0.
 0. 0. 0. 0. 0. 0. 0. 0. 0. 0. 0. 0. 0. 0. 0. 0. 0. 0. 0. 0. 0. 0. 0. 0.
 0. 0. 0. 0. 0. 0. 0. 0. 0. 0. 0. 0. 0. 0. 0. 0. 0. 0. 0. 0. 0. 0. 0. 0.
 0. 0. 0. 0. 0. 0. 0. 0. 0. 0. 0. 0. 0. 0. 0. 0. 0. 0. 0. 0. 0. 0. 0. 0.
 0. 0. 0. 0. 0. 0. 0. 0. 0. 0. 0. 0. 0. 0. 0. 0. 0. 0. 0. 0. 0. 0. 0. 0.
 0. 0. 0. 0. 0. 0. 0. 0.]
y_pred:  [1. 1. 1. 1. 1. 0. 1. 1. 1. 1. 0. 0. 1. 1. 1. 1. 1. 1. 1. 1. 1. 1. 1. 1.
 1. 0. 1. 1. 0. 0. 1. 0. 0. 0. 0. 0. 0. 0. 0. 0. 0. 0. 0. 1. 0. 0. 0. 0.
 1. 0. 1. 0. 0. 0. 0. 0. 0. 0. 0. 0. 1. 0. 0. 0. 0. 0. 0. 0. 0. 0. 1. 1.
 0. 1. 0. 0. 0. 0. 0. 0. 0. 1. 1. 0. 1. 0. 0. 1. 0. 0. 0. 0. 0. 1. 0. 0.
 0. 0. 0. 0. 1. 1. 0. 1. 1. 1. 0. 1. 0. 1. 0. 0. 0. 1. 0. 0. 0. 1. 0. 0.
 0. 1. 0. 1. 0. 0. 0. 0. 1. 0. 1. 0. 1. 1. 0. 1. 0. 1. 0. 1. 0. 1. 0. 0.
 0. 0. 0. 0. 0. 0. 1. 1. 0. 1. 0. 0. 0. 1. 0. 0. 0. 0. 0. 0. 0. 0. 0. 1.
 0. 0. 0. 0. 0. 0. 0. 0. 1. 1. 0. 0. 1. 1. 1. 0. 1. 0. 0. 0. 1. 0. 1. 1.
 0. 1. 1. 0. 0. 0. 0. 0.]
Time taken: 22.496275424957275 seconds
Running combination 31 of 50
Fitting RandomForest...
Fitting Adaboost...
Fitting AdaBoost_2...
Fitting et...
Fitting gbc...
Fitting gbc_2...
Fitting gbc_3...
Fitting dt...
Fitting lr...
Fitting Lasso_1...
Fitting Lasso_2...
Fitting Lasso_3...
Fitting Lasso_4...
Fitting elasticnet...
VCF file created successfully.
pyseer stderr:  Read 1000 phenotypes
Detected continuous phenotype
Reading all variants

0variants [00:00, ?variants/s]
53variants [00:00, 525.81variants/s]
106variants [00:00, 465.83variants/s]
162variants [00:00, 502.07variants/s]
198variants [00:00, 506.40variants/s]
Applying correlation filtering

  0%|          | 0/198 [00:00<?, ?variants/s]
100%|██████████| 198/198 [00:00<00:00, 2674.03variants/s]
Fitting elastic net to top 148 variants
Best penalty (lambda) from cross-validation: 4.58E+01
Best R^2 from cross-validation: 0.443
Finding and printing selected variants
198 loaded variants
50 pre-filtered variants
148 tested variants
139 printed variants

True importance standardized:  [0.59018307 0.59018307 0.59018307 1.         1.         1.
 0.40190179 0.40190179 0.40190179 0.98666962 0.98666962 0.98666962
 0.42970862 0.42970862 0.42970862 0.65550552 0.65550552 0.65550552
 0.72034359 0.72034359 0.72034359 0.43879009 0.43879009 0.43879009
 0.67842509 0.67842509 0.67842509 0.99303954 0.99303954 0.99303954
 0.         0.         0.         0.         0.         0.
 0.         0.         0.         0.         0.         0.
 0.         0.         0.         0.         0.         0.
 0.         0.         0.         0.         0.         0.
 0.         0.         0.         0.         0.         0.
 0.         0.         0.         0.         0.         0.
 0.         0.         0.         0.         0.         0.
 0.         0.         0.         0.         0.         0.
 0.         0.         0.         0.         0.         0.
 0.         0.         0.         0.         0.         0.
 0.         0.         0.         0.         0.         0.
 0.         0.         0.         0.         0.         0.
 0.         0.         0.         0.         0.         0.
 0.         0.         0.         0.         0.         0.
 0.         0.         0.         0.         0.         0.
 0.         0.         0.         0.         0.         0.
 0.         0.         0.         0.         0.         0.
 0.         0.         0.         0.         0.         0.
 0.         0.         0.         0.         0.         0.
 0.         0.         0.         0.         0.         0.
 0.         0.         0.         0.         0.         0.
 0.         0.         0.         0.         0.         0.
 0.         0.         0.         0.         0.         0.
 0.         0.         0.         0.         0.         0.
 0.         0.         0.         0.         0.         0.
 0.         0.         0.         0.         0.         0.
 0.         0.         0.         0.         0.         0.
 0.         0.         0.         0.         0.         0.
 0.         0.        ]
Normalized importance:  [0.36035034 0.36035034 0.36035034 1.         1.         1.
 0.1153744  0.1153744  0.1153744  0.63685344 0.63685344 0.63685344
 0.13056735 0.13056735 0.13056735 0.71937672 0.71937672 0.71937672
 0.29506953 0.29506953 0.29506953 0.17122897 0.17122897 0.17122897
 0.54654886 0.54654886 0.54654886 0.72147176 0.72147176 0.72147176
 0.         0.         0.         0.         0.         0.
 0.         0.         0.         0.         0.         0.
 0.         0.         0.         0.         0.         0.
 0.         0.         0.         0.         0.08938293 0.
 0.         0.         0.         0.         0.         0.
 0.         0.         0.         0.         0.         0.03567052
 0.         0.         0.         0.         0.         0.
 0.         0.         0.         0.         0.         0.
 0.         0.         0.         0.         0.         0.
 0.         0.         0.         0.         0.         0.
 0.         0.         0.         0.         0.         0.
 0.         0.         0.         0.         0.         0.
 0.         0.         0.         0.         0.         0.
 0.         0.         0.0088918  0.         0.         0.
 0.         0.         0.         0.         0.01364066 0.
 0.         0.         0.         0.         0.         0.
 0.         0.         0.         0.         0.         0.
 0.         0.         0.         0.         0.         0.
 0.         0.         0.         0.         0.         0.
 0.         0.06816225 0.         0.         0.         0.
 0.         0.         0.         0.         0.         0.
 0.         0.         0.         0.         0.02771807 0.
 0.         0.         0.         0.         0.         0.
 0.         0.         0.         0.         0.         0.
 0.         0.         0.         0.         0.         0.
 0.         0.         0.         0.         0.         0.
 0.         0.         0.         0.         0.         0.
 0.         0.         0.         0.         0.         0.
 0.         0.        ]
deepbreaks
y_true:  [0. 0. 0. 1. 1. 1. 0. 0. 0. 1. 1. 1. 0. 0. 0. 0. 0. 0. 1. 1. 1. 0. 0. 0.
 1. 1. 1. 1. 1. 1. 0. 0. 0. 0. 0. 0. 0. 0. 0. 0. 0. 0. 0. 0. 0. 0. 0. 0.
 0. 0. 0. 0. 0. 0. 0. 0. 0. 0. 0. 0. 0. 0. 0. 0. 0. 0. 0. 0. 0. 0. 0. 0.
 0. 0. 0. 0. 0. 0. 0. 0. 0. 0. 0. 0. 0. 0. 0. 0. 0. 0. 0. 0. 0. 0. 0. 0.
 0. 0. 0. 0. 0. 0. 0. 0. 0. 0. 0. 0. 0. 0. 0. 0. 0. 0. 0. 0. 0. 0. 0. 0.
 0. 0. 0. 0. 0. 0. 0. 0. 0. 0. 0. 0. 0. 0. 0. 0. 0. 0. 0. 0. 0. 0. 0. 0.
 0. 0. 0. 0. 0. 0. 0. 0. 0. 0. 0. 0. 0. 0. 0. 0. 0. 0. 0. 0. 0. 0. 0. 0.
 0. 0. 0. 0. 0. 0. 0. 0. 0. 0. 0. 0. 0. 0. 0. 0. 0. 0. 0. 0. 0. 0. 0. 0.
 0. 0. 0. 0. 0. 0. 0. 0.]
y_pred:  [1. 1. 1. 1. 1. 1. 0. 0. 0. 1. 1. 1. 0. 0. 0. 1. 1. 1. 0. 0. 0. 0. 0. 0.
 1. 1. 1. 1. 1. 1. 0. 0. 0. 0. 0. 0. 0. 0. 0. 0. 0. 0. 0. 0. 0. 0. 0. 0.
 0. 0. 0. 0. 0. 0. 0. 0. 0. 0. 0. 0. 0. 0. 0. 0. 0. 0. 0. 0. 0. 0. 0. 0.
 0. 0. 0. 0. 0. 0. 0. 0. 0. 0. 0. 0. 0. 0. 0. 0. 0. 0. 0. 0. 0. 0. 0. 0.
 0. 0. 0. 0. 0. 0. 0. 0. 0. 0. 0. 0. 0. 0. 0. 0. 0. 0. 0. 0. 0. 0. 0. 0.
 0. 0. 0. 0. 0. 0. 0. 0. 0. 0. 0. 0. 0. 0. 0. 0. 0. 0. 0. 0. 0. 0. 0. 0.
 0. 0. 0. 0. 0. 0. 0. 0. 0. 0. 0. 0. 0. 0. 0. 0. 0. 0. 0. 0. 0. 0. 0. 0.
 0. 0. 0. 0. 0. 0. 0. 0. 0. 0. 0. 0. 0. 0. 0. 0. 0. 0. 0. 0. 0. 0. 0. 0.
 0. 0. 0. 0. 0. 0. 0. 0.]
Normalized importance:  [0.82539683 0.00220635 0.14285714 1.         0.55952381 0.2968254
 0.26666667 0.20952381 0.15793651 0.84920635 0.36349206 0.35873016
 0.37579365 0.16944444 0.18968254 0.61507937 0.50396825 0.26428571
 0.73412698 0.10595238 0.18650794 0.44047619 0.16190476 0.16825397
 0.61904762 0.44047619 0.30436508 0.82936508 0.3015873  0.47619048
 0.07103175 0.         0.0734127  0.10992063 0.05515873 0.06269841
 0.         0.08253968 0.18888889 0.08809524 0.10079365 0.04087302
 0.03920635 0.0034127  0.         0.24960317 0.         0.13888889
 0.1452381  0.06031746 0.11666667 0.         0.36626984 0.10833333
 0.         0.         0.         0.         0.10515873 0.02765873
 0.         0.11031746 0.         0.10595238 0.         0.20912698
 0.10277778 0.03345238 0.01924603 0.0252381  0.         0.1297619
 0.05039683 0.01607143 0.04880952 0.00801587 0.         0.04166667
 0.14761905 0.1468254  0.1781746  0.16031746 0.05833333 0.11587302
 0.0734127  0.11904762 0.10634921 0.         0.09722222 0.13055556
 0.         0.         0.         0.1515873  0.09801587 0.
 0.08769841 0.06230159 0.01436508 0.2218254  0.         0.09285714
 0.         0.18650794 0.         0.         0.         0.
 0.19960317 0.         0.12698413 0.         0.23849206 0.06071429
 0.         0.         0.09722222 0.09365079 0.15555556 0.
 0.         0.05833333 0.00753968 0.03043651 0.         0.
 0.15039683 0.09047619 0.11230159 0.2297619  0.04880952 0.17738095
 0.17857143 0.         0.16904762 0.         0.         0.03123016
 0.07301587 0.         0.17857143 0.11746032 0.         0.
 0.         0.17539683 0.1202381  0.08888889 0.1531746  0.15595238
 0.         0.1952381  0.04801587 0.         0.15       0.18293651
 0.         0.         0.08690476 0.16309524 0.22301587 0.06150794
 0.         0.03674603 0.         0.00694444 0.08849206 0.1984127
 0.         0.13373016 0.16309524 0.04880952 0.125      0.
 0.         0.02492063 0.         0.         0.         0.09563492
 0.00371825 0.01722222 0.         0.03646825 0.         0.
 0.09761905 0.0115873  0.04563492 0.02753968 0.         0.
 0.06626984 0.05674603 0.04484127 0.         0.06230159 0.
 0.         0.        ]
pyseer
y_true:  [0. 0. 0. 1. 1. 1. 0. 0. 0. 1. 1. 1. 0. 0. 0. 0. 0. 0. 1. 1. 1. 0. 0. 0.
 1. 1. 1. 1. 1. 1. 0. 0. 0. 0. 0. 0. 0. 0. 0. 0. 0. 0. 0. 0. 0. 0. 0. 0.
 0. 0. 0. 0. 0. 0. 0. 0. 0. 0. 0. 0. 0. 0. 0. 0. 0. 0. 0. 0. 0. 0. 0. 0.
 0. 0. 0. 0. 0. 0. 0. 0. 0. 0. 0. 0. 0. 0. 0. 0. 0. 0. 0. 0. 0. 0. 0. 0.
 0. 0. 0. 0. 0. 0. 0. 0. 0. 0. 0. 0. 0. 0. 0. 0. 0. 0. 0. 0. 0. 0. 0. 0.
 0. 0. 0. 0. 0. 0. 0. 0. 0. 0. 0. 0. 0. 0. 0. 0. 0. 0. 0. 0. 0. 0. 0. 0.
 0. 0. 0. 0. 0. 0. 0. 0. 0. 0. 0. 0. 0. 0. 0. 0. 0. 0. 0. 0. 0. 0. 0. 0.
 0. 0. 0. 0. 0. 0. 0. 0. 0. 0. 0. 0. 0. 0. 0. 0. 0. 0. 0. 0. 0. 0. 0. 0.
 0. 0. 0. 0. 0. 0. 0. 0.]
y_pred:  [1. 0. 1. 1. 1. 1. 1. 1. 1. 1. 1. 1. 1. 1. 1. 1. 1. 1. 1. 0. 1. 1. 1. 1.
 1. 1. 1. 1. 1. 1. 0. 0. 0. 0. 0. 0. 0. 0. 1. 0. 0. 0. 0. 0. 0. 1. 0. 1.
 1. 0. 1. 0. 1. 0. 0. 0. 0. 0. 0. 0. 0. 0. 0. 0. 0. 1. 0. 0. 0. 0. 0. 1.
 0. 0. 0. 0. 0. 0. 1. 1. 1. 1. 0. 1. 0. 1. 0. 0. 0. 1. 0. 0. 0. 1. 0. 0.
 0. 0. 0. 1. 0. 0. 0. 1. 0. 0. 0. 0. 1. 0. 1. 0. 1. 0. 0. 0. 0. 0. 1. 0.
 0. 0. 0. 0. 0. 0. 1. 0. 0. 1. 0. 1. 1. 0. 1. 0. 0. 0. 0. 0. 1. 1. 0. 0.
 0. 1. 1. 0. 1. 1. 0. 1. 0. 0. 1. 1. 0. 0. 0. 1. 1. 0. 0. 0. 0. 0. 0. 1.
 0. 1. 1. 0. 1. 0. 0. 0. 0. 0. 0. 0. 0. 0. 0. 0. 0. 0. 0. 0. 0. 0. 0. 0.
 0. 0. 0. 0. 0. 0. 0. 0.]
Time taken: 22.723398685455322 seconds
Running combination 32 of 50
Fitting RandomForest...
Fitting Adaboost...
Fitting AdaBoost_2...
Fitting et...
Fitting gbc...
Fitting gbc_2...
Fitting gbc_3...
Fitting dt...
Fitting lr...
Fitting Lasso_1...
Fitting Lasso_2...
Fitting Lasso_3...
Fitting Lasso_4...
Fitting elasticnet...
VCF file created successfully.
pyseer stderr:  Read 1000 phenotypes
Detected continuous phenotype
Reading all variants

0variants [00:00, ?variants/s]
53variants [00:00, 523.16variants/s]
106variants [00:00, 467.76variants/s]
161variants [00:00, 501.57variants/s]
198variants [00:00, 506.03variants/s]
Applying correlation filtering

  0%|          | 0/198 [00:00<?, ?variants/s]
100%|██████████| 198/198 [00:00<00:00, 2684.99variants/s]
Fitting elastic net to top 148 variants
Best penalty (lambda) from cross-validation: 5.43E+00
Best R^2 from cross-validation: 0.523
Finding and printing selected variants
198 loaded variants
50 pre-filtered variants
148 tested variants
133 printed variants

True importance standardized:  [0.89066698 0.89066698 0.89066698 0.39184389 0.39184389 0.39184389
 0.13305741 0.13305741 0.13305741 1.         1.         1.
 0.40110491 0.40110491 0.40110491 0.29997681 0.29997681 0.29997681
 0.60805438 0.60805438 0.60805438 0.36863717 0.36863717 0.36863717
 0.66050391 0.66050391 0.66050391 0.90380757 0.90380757 0.90380757
 0.         0.         0.         0.         0.         0.
 0.         0.         0.         0.         0.         0.
 0.         0.         0.         0.         0.         0.
 0.         0.         0.         0.         0.         0.
 0.         0.         0.         0.         0.         0.
 0.         0.         0.         0.         0.         0.
 0.         0.         0.         0.         0.         0.
 0.         0.         0.         0.         0.         0.
 0.         0.         0.         0.         0.         0.
 0.         0.         0.         0.         0.         0.
 0.         0.         0.         0.         0.         0.
 0.         0.         0.         0.         0.         0.
 0.         0.         0.         0.         0.         0.
 0.         0.         0.         0.         0.         0.
 0.         0.         0.         0.         0.         0.
 0.         0.         0.         0.         0.         0.
 0.         0.         0.         0.         0.         0.
 0.         0.         0.         0.         0.         0.
 0.         0.         0.         0.         0.         0.
 0.         0.         0.         0.         0.         0.
 0.         0.         0.         0.         0.         0.
 0.         0.         0.         0.         0.         0.
 0.         0.         0.         0.         0.         0.
 0.         0.         0.         0.         0.         0.
 0.         0.         0.         0.         0.         0.
 0.         0.         0.         0.         0.         0.
 0.         0.         0.         0.         0.         0.
 0.         0.         0.         0.         0.         0.
 0.         0.        ]
Normalized importance:  [1.         1.         1.         0.13654676 0.13654676 0.
 0.         0.         0.         0.98887771 0.98887771 0.98887771
 0.24342687 0.24342687 0.24342687 0.12429    0.12429    0.
 0.73899266 0.73899266 0.73899266 0.22170704 0.22170704 0.22170704
 0.63234059 0.63234059 0.63234059 0.83605861 0.83605861 0.83605861
 0.         0.         0.         0.         0.03327602 0.
 0.         0.         0.         0.         0.         0.
 0.         0.         0.         0.         0.         0.
 0.         0.         0.         0.         0.         0.
 0.         0.02050785 0.         0.         0.         0.
 0.         0.         0.         0.         0.         0.
 0.         0.         0.         0.         0.         0.
 0.         0.         0.         0.         0.         0.
 0.         0.         0.         0.         0.         0.
 0.         0.         0.         0.         0.         0.
 0.         0.         0.         0.         0.         0.
 0.         0.         0.07980061 0.         0.         0.
 0.         0.         0.         0.         0.         0.
 0.         0.         0.         0.         0.         0.
 0.         0.         0.         0.         0.         0.
 0.         0.         0.         0.         0.         0.
 0.         0.         0.         0.         0.         0.
 0.         0.         0.07981901 0.         0.         0.
 0.         0.         0.         0.         0.         0.
 0.         0.         0.         0.         0.         0.
 0.         0.         0.         0.         0.         0.
 0.         0.         0.         0.         0.         0.
 0.         0.         0.         0.         0.         0.
 0.         0.03923788 0.         0.         0.         0.
 0.         0.         0.         0.         0.         0.
 0.         0.         0.         0.         0.         0.
 0.         0.         0.         0.         0.         0.
 0.         0.         0.         0.         0.         0.
 0.         0.        ]
deepbreaks
y_true:  [1. 1. 1. 0. 0. 0. 0. 0. 0. 1. 1. 1. 0. 0. 0. 0. 0. 0. 1. 1. 1. 0. 0. 0.
 1. 1. 1. 1. 1. 1. 0. 0. 0. 0. 0. 0. 0. 0. 0. 0. 0. 0. 0. 0. 0. 0. 0. 0.
 0. 0. 0. 0. 0. 0. 0. 0. 0. 0. 0. 0. 0. 0. 0. 0. 0. 0. 0. 0. 0. 0. 0. 0.
 0. 0. 0. 0. 0. 0. 0. 0. 0. 0. 0. 0. 0. 0. 0. 0. 0. 0. 0. 0. 0. 0. 0. 0.
 0. 0. 0. 0. 0. 0. 0. 0. 0. 0. 0. 0. 0. 0. 0. 0. 0. 0. 0. 0. 0. 0. 0. 0.
 0. 0. 0. 0. 0. 0. 0. 0. 0. 0. 0. 0. 0. 0. 0. 0. 0. 0. 0. 0. 0. 0. 0. 0.
 0. 0. 0. 0. 0. 0. 0. 0. 0. 0. 0. 0. 0. 0. 0. 0. 0. 0. 0. 0. 0. 0. 0. 0.
 0. 0. 0. 0. 0. 0. 0. 0. 0. 0. 0. 0. 0. 0. 0. 0. 0. 0. 0. 0. 0. 0. 0. 0.
 0. 0. 0. 0. 0. 0. 0. 0.]
y_pred:  [1. 1. 1. 0. 0. 0. 0. 0. 0. 1. 1. 1. 0. 0. 0. 0. 0. 0. 1. 1. 1. 0. 0. 0.
 1. 1. 1. 1. 1. 1. 0. 0. 0. 0. 0. 0. 0. 0. 0. 0. 0. 0. 0. 0. 0. 0. 0. 0.
 0. 0. 0. 0. 0. 0. 0. 0. 0. 0. 0. 0. 0. 0. 0. 0. 0. 0. 0. 0. 0. 0. 0. 0.
 0. 0. 0. 0. 0. 0. 0. 0. 0. 0. 0. 0. 0. 0. 0. 0. 0. 0. 0. 0. 0. 0. 0. 0.
 0. 0. 0. 0. 0. 0. 0. 0. 0. 0. 0. 0. 0. 0. 0. 0. 0. 0. 0. 0. 0. 0. 0. 0.
 0. 0. 0. 0. 0. 0. 0. 0. 0. 0. 0. 0. 0. 0. 0. 0. 0. 0. 0. 0. 0. 0. 0. 0.
 0. 0. 0. 0. 0. 0. 0. 0. 0. 0. 0. 0. 0. 0. 0. 0. 0. 0. 0. 0. 0. 0. 0. 0.
 0. 0. 0. 0. 0. 0. 0. 0. 0. 0. 0. 0. 0. 0. 0. 0. 0. 0. 0. 0. 0. 0. 0. 0.
 0. 0. 0. 0. 0. 0. 0. 0.]
Normalized importance:  [8.93203883e-01 4.63592233e-01 5.09708738e-01 4.07766990e-01
 1.77184466e-01 0.00000000e+00 1.64805825e-01 2.64563107e-01
 1.84708738e-01 1.00000000e+00 4.05339806e-01 3.47087379e-01
 4.83009709e-01 2.88834951e-01 2.20873786e-01 2.62135922e-01
 2.42718447e-01 8.27669903e-02 8.22815534e-01 4.12621359e-01
 1.66504854e-01 3.93203883e-01 1.47815534e-01 1.50000000e-01
 8.44660194e-01 4.73300971e-01 2.50000000e-01 8.56796117e-01
 4.22330097e-01 6.16504854e-01 0.00000000e+00 0.00000000e+00
 5.65533981e-03 0.00000000e+00 1.36650485e-01 1.65291262e-01
 1.23300971e-01 5.02427184e-02 0.00000000e+00 0.00000000e+00
 7.25728155e-03 1.52427184e-01 6.43203883e-02 4.73300971e-02
 1.01941748e-01 7.42718447e-02 8.44660194e-02 8.93203883e-02
 1.13834951e-01 0.00000000e+00 0.00000000e+00 0.00000000e+00
 0.00000000e+00 9.75728155e-03 1.64805825e-01 1.13592233e-01
 1.06067961e-01 2.11165049e-01 2.38592233e-03 1.82766990e-02
 0.00000000e+00 1.09223301e-02 0.00000000e+00 0.00000000e+00
 1.44660194e-01 0.00000000e+00 1.67475728e-01 0.00000000e+00
 3.42233010e-01 6.91747573e-02 9.32038835e-02 0.00000000e+00
 0.00000000e+00 0.00000000e+00 0.00000000e+00 0.00000000e+00
 7.03883495e-02 0.00000000e+00 0.00000000e+00 1.85436893e-01
 0.00000000e+00 1.21601942e-01 6.11650485e-02 1.23058252e-01
 1.33252427e-02 0.00000000e+00 0.00000000e+00 0.00000000e+00
 1.05582524e-01 1.25242718e-01 0.00000000e+00 0.00000000e+00
 0.00000000e+00 0.00000000e+00 0.00000000e+00 7.52427184e-02
 0.00000000e+00 0.00000000e+00 8.95631068e-02 0.00000000e+00
 1.39077670e-01 4.73300971e-02 4.36893204e-02 2.47572816e-02
 1.22330097e-01 0.00000000e+00 1.58252427e-01 4.66019417e-02
 0.00000000e+00 0.00000000e+00 1.45873786e-01 2.39563107e-02
 0.00000000e+00 0.00000000e+00 5.16990291e-02 1.30097087e-01
 6.26213592e-02 1.26699029e-01 1.11893204e-01 0.00000000e+00
 0.00000000e+00 2.31067961e-02 1.33737864e-01 1.28155340e-01
 1.11407767e-01 1.11650485e-01 0.00000000e+00 1.26699029e-02
 0.00000000e+00 6.38349515e-02 0.00000000e+00 0.00000000e+00
 5.29126214e-02 0.00000000e+00 1.02184466e-01 0.00000000e+00
 0.00000000e+00 0.00000000e+00 2.21844660e-01 0.00000000e+00
 1.54854369e-01 1.04611650e-01 6.31067961e-02 2.26941748e-01
 3.05825243e-02 0.00000000e+00 0.00000000e+00 4.70873786e-02
 1.23058252e-01 5.65533981e-02 0.00000000e+00 0.00000000e+00
 1.18932039e-01 1.09466019e-01 1.46844660e-01 7.47572816e-02
 1.05582524e-01 3.54368932e-02 7.52427184e-02 8.20388350e-02
 0.00000000e+00 1.16262136e-01 0.00000000e+00 1.41504854e-01
 4.22330097e-02 8.44660194e-04 0.00000000e+00 0.00000000e+00
 1.03640777e-01 1.96116505e-01 9.36893204e-03 0.00000000e+00
 4.80582524e-02 3.95631068e-02 7.06310680e-02 2.47572816e-02
 9.19902913e-02 1.51456311e-01 1.54368932e-01 7.28155340e-02
 1.45388350e-01 0.00000000e+00 0.00000000e+00 7.91262136e-02
 0.00000000e+00 0.00000000e+00 4.58737864e-02 1.97087379e-01
 0.00000000e+00 2.76699029e-01 2.24757282e-01 8.88349515e-02
 8.81067961e-02 1.61650485e-01 7.76699029e-02 0.00000000e+00
 1.04368932e-01 1.10436893e-01 0.00000000e+00 0.00000000e+00]
pyseer
y_true:  [1. 1. 1. 0. 0. 0. 0. 0. 0. 1. 1. 1. 0. 0. 0. 0. 0. 0. 1. 1. 1. 0. 0. 0.
 1. 1. 1. 1. 1. 1. 0. 0. 0. 0. 0. 0. 0. 0. 0. 0. 0. 0. 0. 0. 0. 0. 0. 0.
 0. 0. 0. 0. 0. 0. 0. 0. 0. 0. 0. 0. 0. 0. 0. 0. 0. 0. 0. 0. 0. 0. 0. 0.
 0. 0. 0. 0. 0. 0. 0. 0. 0. 0. 0. 0. 0. 0. 0. 0. 0. 0. 0. 0. 0. 0. 0. 0.
 0. 0. 0. 0. 0. 0. 0. 0. 0. 0. 0. 0. 0. 0. 0. 0. 0. 0. 0. 0. 0. 0. 0. 0.
 0. 0. 0. 0. 0. 0. 0. 0. 0. 0. 0. 0. 0. 0. 0. 0. 0. 0. 0. 0. 0. 0. 0. 0.
 0. 0. 0. 0. 0. 0. 0. 0. 0. 0. 0. 0. 0. 0. 0. 0. 0. 0. 0. 0. 0. 0. 0. 0.
 0. 0. 0. 0. 0. 0. 0. 0. 0. 0. 0. 0. 0. 0. 0. 0. 0. 0. 0. 0. 0. 0. 0. 0.
 0. 0. 0. 0. 0. 0. 0. 0.]
y_pred:  [1. 1. 1. 1. 1. 0. 1. 1. 1. 1. 1. 1. 1. 1. 1. 1. 1. 0. 1. 1. 1. 1. 1. 1.
 1. 1. 1. 1. 1. 1. 0. 0. 0. 0. 1. 1. 1. 0. 0. 0. 0. 1. 0. 0. 0. 0. 0. 0.
 1. 0. 0. 0. 0. 0. 1. 1. 0. 1. 0. 0. 0. 0. 0. 0. 1. 0. 1. 0. 1. 0. 0. 0.
 0. 0. 0. 0. 0. 0. 0. 1. 0. 1. 0. 1. 0. 0. 0. 0. 0. 1. 0. 0. 0. 0. 0. 0.
 0. 0. 0. 0. 1. 0. 0. 0. 1. 0. 1. 0. 0. 0. 1. 0. 0. 0. 0. 1. 0. 1. 0. 0.
 0. 0. 1. 1. 0. 0. 0. 0. 0. 0. 0. 0. 0. 0. 0. 0. 0. 0. 1. 0. 1. 0. 0. 1.
 0. 0. 0. 0. 1. 0. 0. 0. 1. 0. 1. 0. 0. 0. 0. 0. 0. 1. 0. 1. 0. 0. 0. 0.
 0. 1. 0. 0. 0. 0. 0. 0. 0. 1. 1. 0. 1. 0. 0. 0. 0. 0. 0. 1. 0. 1. 1. 0.
 0. 1. 0. 0. 0. 0. 0. 0.]
Time taken: 23.441932439804077 seconds
Running combination 33 of 50
Fitting RandomForest...
Fitting Adaboost...
Fitting AdaBoost_2...
Fitting et...
Fitting gbc...
Fitting gbc_2...
Fitting gbc_3...
Fitting dt...
Fitting lr...
Fitting Lasso_1...
Fitting Lasso_2...
Fitting Lasso_3...
Fitting Lasso_4...
Fitting elasticnet...
VCF file created successfully.
pyseer stderr:  Read 1000 phenotypes
Detected continuous phenotype
Reading all variants

0variants [00:00, ?variants/s]
54variants [00:00, 532.48variants/s]
108variants [00:00, 474.04variants/s]
163variants [00:00, 504.87variants/s]
198variants [00:00, 508.82variants/s]
Applying correlation filtering

  0%|          | 0/198 [00:00<?, ?variants/s]
100%|██████████| 198/198 [00:00<00:00, 2715.33variants/s]
Fitting elastic net to top 148 variants
Best penalty (lambda) from cross-validation: 7.44E+00
Best R^2 from cross-validation: 0.565
Finding and printing selected variants
198 loaded variants
50 pre-filtered variants
148 tested variants
138 printed variants

True importance standardized:  [0.11591854 0.11591854 0.11591854 0.21153987 0.21153987 0.21153987
 0.41420981 0.41420981 0.41420981 0.98366699 0.98366699 0.98366699
 0.71042522 0.71042522 0.71042522 0.19408434 0.19408434 0.19408434
 0.87168629 0.87168629 0.87168629 0.56179579 0.56179579 0.56179579
 0.46962862 0.46962862 0.46962862 1.         1.         1.
 0.         0.         0.         0.         0.         0.
 0.         0.         0.         0.         0.         0.
 0.         0.         0.         0.         0.         0.
 0.         0.         0.         0.         0.         0.
 0.         0.         0.         0.         0.         0.
 0.         0.         0.         0.         0.         0.
 0.         0.         0.         0.         0.         0.
 0.         0.         0.         0.         0.         0.
 0.         0.         0.         0.         0.         0.
 0.         0.         0.         0.         0.         0.
 0.         0.         0.         0.         0.         0.
 0.         0.         0.         0.         0.         0.
 0.         0.         0.         0.         0.         0.
 0.         0.         0.         0.         0.         0.
 0.         0.         0.         0.         0.         0.
 0.         0.         0.         0.         0.         0.
 0.         0.         0.         0.         0.         0.
 0.         0.         0.         0.         0.         0.
 0.         0.         0.         0.         0.         0.
 0.         0.         0.         0.         0.         0.
 0.         0.         0.         0.         0.         0.
 0.         0.         0.         0.         0.         0.
 0.         0.         0.         0.         0.         0.
 0.         0.         0.         0.         0.         0.
 0.         0.         0.         0.         0.         0.
 0.         0.         0.         0.         0.         0.
 0.         0.         0.         0.         0.         0.
 0.         0.         0.         0.         0.         0.
 0.         0.        ]
Normalized importance:  [0.01377527 0.01377527 0.01377527 0.07836986 0.         0.
 0.12986634 0.12986634 0.12986634 0.75793724 0.75793724 0.75793724
 0.62108748 0.62108748 0.62108748 0.         0.         0.
 0.64219566 0.64219566 0.64219566 0.32831748 0.32831748 0.32831748
 0.16943444 0.16943444 0.16943444 1.         1.         1.
 0.         0.         0.         0.         0.         0.
 0.         0.         0.         0.         0.         0.
 0.         0.         0.         0.         0.         0.
 0.         0.         0.         0.         0.         0.
 0.         0.         0.         0.         0.         0.
 0.         0.         0.         0.         0.         0.
 0.         0.         0.         0.         0.         0.
 0.         0.         0.         0.         0.         0.
 0.         0.02259873 0.         0.         0.         0.
 0.         0.         0.         0.         0.         0.
 0.         0.         0.         0.         0.         0.
 0.         0.         0.         0.         0.02533943 0.
 0.         0.         0.         0.         0.         0.
 0.         0.01240138 0.         0.         0.         0.
 0.         0.         0.         0.         0.07127172 0.
 0.         0.         0.         0.         0.         0.
 0.         0.         0.         0.         0.         0.
 0.         0.         0.         0.         0.         0.
 0.         0.         0.         0.         0.         0.
 0.         0.         0.         0.         0.         0.
 0.         0.         0.         0.         0.         0.
 0.         0.         0.         0.         0.         0.
 0.         0.         0.         0.         0.         0.
 0.         0.         0.         0.         0.         0.
 0.         0.         0.         0.         0.         0.
 0.         0.         0.         0.         0.         0.
 0.         0.         0.         0.         0.01644097 0.
 0.         0.         0.         0.         0.         0.
 0.         0.        ]
deepbreaks
y_true:  [0. 0. 0. 0. 0. 0. 0. 0. 0. 1. 1. 1. 1. 1. 1. 0. 0. 0. 1. 1. 1. 1. 1. 1.
 0. 0. 0. 1. 1. 1. 0. 0. 0. 0. 0. 0. 0. 0. 0. 0. 0. 0. 0. 0. 0. 0. 0. 0.
 0. 0. 0. 0. 0. 0. 0. 0. 0. 0. 0. 0. 0. 0. 0. 0. 0. 0. 0. 0. 0. 0. 0. 0.
 0. 0. 0. 0. 0. 0. 0. 0. 0. 0. 0. 0. 0. 0. 0. 0. 0. 0. 0. 0. 0. 0. 0. 0.
 0. 0. 0. 0. 0. 0. 0. 0. 0. 0. 0. 0. 0. 0. 0. 0. 0. 0. 0. 0. 0. 0. 0. 0.
 0. 0. 0. 0. 0. 0. 0. 0. 0. 0. 0. 0. 0. 0. 0. 0. 0. 0. 0. 0. 0. 0. 0. 0.
 0. 0. 0. 0. 0. 0. 0. 0. 0. 0. 0. 0. 0. 0. 0. 0. 0. 0. 0. 0. 0. 0. 0. 0.
 0. 0. 0. 0. 0. 0. 0. 0. 0. 0. 0. 0. 0. 0. 0. 0. 0. 0. 0. 0. 0. 0. 0. 0.
 0. 0. 0. 0. 0. 0. 0. 0.]
y_pred:  [0. 0. 0. 0. 0. 0. 0. 0. 0. 1. 1. 1. 1. 1. 1. 0. 0. 0. 1. 1. 1. 1. 1. 1.
 0. 0. 0. 1. 1. 1. 0. 0. 0. 0. 0. 0. 0. 0. 0. 0. 0. 0. 0. 0. 0. 0. 0. 0.
 0. 0. 0. 0. 0. 0. 0. 0. 0. 0. 0. 0. 0. 0. 0. 0. 0. 0. 0. 0. 0. 0. 0. 0.
 0. 0. 0. 0. 0. 0. 0. 0. 0. 0. 0. 0. 0. 0. 0. 0. 0. 0. 0. 0. 0. 0. 0. 0.
 0. 0. 0. 0. 0. 0. 0. 0. 0. 0. 0. 0. 0. 0. 0. 0. 0. 0. 0. 0. 0. 0. 0. 0.
 0. 0. 0. 0. 0. 0. 0. 0. 0. 0. 0. 0. 0. 0. 0. 0. 0. 0. 0. 0. 0. 0. 0. 0.
 0. 0. 0. 0. 0. 0. 0. 0. 0. 0. 0. 0. 0. 0. 0. 0. 0. 0. 0. 0. 0. 0. 0. 0.
 0. 0. 0. 0. 0. 0. 0. 0. 0. 0. 0. 0. 0. 0. 0. 0. 0. 0. 0. 0. 0. 0. 0. 0.
 0. 0. 0. 0. 0. 0. 0. 0.]
Normalized importance:  [1.72519084e-02 1.51145038e-01 0.00000000e+00 2.19847328e-01
 1.65648855e-01 2.11450382e-02 3.50381679e-01 2.64885496e-01
 0.00000000e+00 9.08396947e-01 4.17557252e-01 2.68702290e-01
 9.69465649e-01 9.61832061e-02 0.00000000e+00 1.08396947e-01
 0.00000000e+00 0.00000000e+00 6.35114504e-01 3.62595420e-01
 3.92366412e-01 5.41984733e-01 1.89312977e-01 2.46564885e-01
 4.40458015e-01 4.75572519e-02 1.95419847e-01 1.00000000e+00
 3.82442748e-01 2.16793893e-01 1.39694656e-02 1.81679389e-02
 3.90076336e-02 0.00000000e+00 0.00000000e+00 5.37404580e-02
 4.15267176e-02 0.00000000e+00 9.00763359e-02 3.07633588e-02
 0.00000000e+00 0.00000000e+00 0.00000000e+00 1.16030534e-01
 1.17557252e-02 3.12977099e-02 9.54198473e-02 7.70992366e-02
 0.00000000e+00 1.09923664e-02 3.24427481e-02 8.77862595e-02
 1.19847328e-01 6.66412214e-02 4.19847328e-02 7.51908397e-02
 0.00000000e+00 0.00000000e+00 1.20610687e-02 6.61068702e-02
 5.51145038e-02 4.60305344e-02 1.93129771e-01 1.71755725e-02
 3.09923664e-02 0.00000000e+00 4.65648855e-02 5.00000000e-02
 0.00000000e+00 5.98473282e-02 2.47328244e-02 1.86259542e-02
 4.76335878e-02 0.00000000e+00 0.00000000e+00 6.30534351e-02
 3.98473282e-02 4.01526718e-02 2.05343511e-02 1.49618321e-01
 5.83969466e-02 0.00000000e+00 2.17557252e-02 7.70992366e-02
 2.02290076e-02 0.00000000e+00 0.00000000e+00 1.10687023e-01
 0.00000000e+00 0.00000000e+00 1.23664122e-01 0.00000000e+00
 0.00000000e+00 1.09923664e-01 1.48091603e-01 8.24427481e-02
 4.38931298e-02 1.66412214e-02 1.66412214e-01 0.00000000e+00
 1.81679389e-01 2.49618321e-02 3.74045802e-02 1.20610687e-01
 1.36641221e-01 4.32824427e-02 0.00000000e+00 1.52671756e-02
 9.08396947e-02 5.98473282e-02 6.82442748e-02 4.25954198e-02
 0.00000000e+00 4.11450382e-02 0.00000000e+00 8.47328244e-02
 0.00000000e+00 1.19847328e-02 2.79389313e-01 6.67175573e-02
 0.00000000e+00 6.16030534e-02 9.31297710e-02 6.22900763e-02
 0.00000000e+00 2.65648855e-02 6.08396947e-02 0.00000000e+00
 1.32824427e-01 0.00000000e+00 0.00000000e+00 0.00000000e+00
 3.16793893e-02 0.00000000e+00 9.61832061e-02 0.00000000e+00
 1.88549618e-01 5.44274809e-02 6.45801527e-02 7.93893130e-02
 0.00000000e+00 9.69465649e-02 0.00000000e+00 1.87022901e-02
 1.32824427e-01 0.00000000e+00 0.00000000e+00 5.23664122e-02
 1.53435115e-01 1.02290076e-02 4.74045802e-02 0.00000000e+00
 4.28244275e-02 6.97709924e-03 2.64122137e-01 1.52671756e-01
 2.12213740e-03 1.09160305e-01 0.00000000e+00 0.00000000e+00
 8.47328244e-02 0.00000000e+00 7.42748092e-02 0.00000000e+00
 0.00000000e+00 7.93893130e-04 0.00000000e+00 8.62595420e-03
 0.00000000e+00 0.00000000e+00 0.00000000e+00 2.23664122e-02
 1.19847328e-01 4.76335878e-02 8.09160305e-02 7.54198473e-02
 9.46564885e-02 7.42748092e-02 8.93129771e-02 1.65648855e-02
 3.35877863e-02 0.00000000e+00 1.47328244e-02 0.00000000e+00
 0.00000000e+00 0.00000000e+00 0.00000000e+00 7.86259542e-02
 3.43511450e-02 0.00000000e+00 1.24427481e-01 6.32061069e-02
 3.83969466e-02 0.00000000e+00 0.00000000e+00 1.48091603e-02
 5.79389313e-02 1.05343511e-01 0.00000000e+00 0.00000000e+00]
pyseer
y_true:  [0. 0. 0. 0. 0. 0. 0. 0. 0. 1. 1. 1. 1. 1. 1. 0. 0. 0. 1. 1. 1. 1. 1. 1.
 0. 0. 0. 1. 1. 1. 0. 0. 0. 0. 0. 0. 0. 0. 0. 0. 0. 0. 0. 0. 0. 0. 0. 0.
 0. 0. 0. 0. 0. 0. 0. 0. 0. 0. 0. 0. 0. 0. 0. 0. 0. 0. 0. 0. 0. 0. 0. 0.
 0. 0. 0. 0. 0. 0. 0. 0. 0. 0. 0. 0. 0. 0. 0. 0. 0. 0. 0. 0. 0. 0. 0. 0.
 0. 0. 0. 0. 0. 0. 0. 0. 0. 0. 0. 0. 0. 0. 0. 0. 0. 0. 0. 0. 0. 0. 0. 0.
 0. 0. 0. 0. 0. 0. 0. 0. 0. 0. 0. 0. 0. 0. 0. 0. 0. 0. 0. 0. 0. 0. 0. 0.
 0. 0. 0. 0. 0. 0. 0. 0. 0. 0. 0. 0. 0. 0. 0. 0. 0. 0. 0. 0. 0. 0. 0. 0.
 0. 0. 0. 0. 0. 0. 0. 0. 0. 0. 0. 0. 0. 0. 0. 0. 0. 0. 0. 0. 0. 0. 0. 0.
 0. 0. 0. 0. 0. 0. 0. 0.]
y_pred:  [0. 1. 0. 1. 1. 0. 1. 1. 0. 1. 1. 1. 1. 1. 0. 1. 0. 0. 1. 1. 1. 1. 1. 1.
 1. 0. 1. 1. 1. 1. 0. 0. 0. 0. 0. 0. 0. 0. 1. 0. 0. 0. 0. 1. 0. 0. 1. 1.
 0. 0. 0. 1. 1. 1. 0. 1. 0. 0. 0. 0. 0. 0. 1. 0. 0. 0. 0. 0. 0. 0. 0. 0.
 0. 0. 0. 0. 0. 0. 0. 1. 0. 0. 0. 1. 0. 0. 0. 1. 0. 0. 1. 0. 0. 1. 1. 1.
 0. 0. 1. 0. 1. 0. 0. 1. 1. 0. 0. 0. 1. 0. 1. 0. 0. 0. 0. 1. 0. 0. 1. 1.
 0. 0. 1. 0. 0. 0. 0. 0. 1. 0. 0. 0. 0. 0. 1. 0. 1. 0. 0. 1. 0. 1. 0. 0.
 1. 0. 0. 0. 1. 0. 0. 0. 0. 0. 1. 1. 0. 1. 0. 0. 1. 0. 1. 0. 0. 0. 0. 0.
 0. 0. 0. 0. 1. 0. 1. 1. 1. 1. 1. 0. 0. 0. 0. 0. 0. 0. 0. 1. 0. 0. 1. 0.
 0. 0. 0. 0. 0. 1. 0. 0.]
Time taken: 22.425735473632812 seconds
Running combination 34 of 50
Fitting RandomForest...
Fitting Adaboost...
Fitting AdaBoost_2...
Fitting et...
Fitting gbc...
Fitting gbc_2...
Fitting gbc_3...
Fitting dt...
Fitting lr...
Fitting Lasso_1...
Fitting Lasso_2...
Fitting Lasso_3...
Fitting Lasso_4...
Fitting elasticnet...
VCF file created successfully.
pyseer stderr:  Read 1000 phenotypes
Detected continuous phenotype
Reading all variants

0variants [00:00, ?variants/s]
55variants [00:00, 540.69variants/s]
110variants [00:00, 479.09variants/s]
166variants [00:00, 511.45variants/s]
198variants [00:00, 515.85variants/s]
Applying correlation filtering

  0%|          | 0/198 [00:00<?, ?variants/s]
100%|██████████| 198/198 [00:00<00:00, 2633.61variants/s]
Fitting elastic net to top 148 variants
Best penalty (lambda) from cross-validation: 6.02E+00
Best R^2 from cross-validation: 0.504
Finding and printing selected variants
198 loaded variants
50 pre-filtered variants
148 tested variants
140 printed variants

True importance standardized:  [0.61880842 0.61880842 0.61880842 0.13789902 0.13789902 0.13789902
 1.         1.         1.         0.45026053 0.45026053 0.45026053
 0.58414485 0.58414485 0.58414485 0.29984686 0.29984686 0.29984686
 0.89025778 0.89025778 0.89025778 0.4829875  0.4829875  0.4829875
 0.40666391 0.40666391 0.40666391 0.70241819 0.70241819 0.70241819
 0.         0.         0.         0.         0.         0.
 0.         0.         0.         0.         0.         0.
 0.         0.         0.         0.         0.         0.
 0.         0.         0.         0.         0.         0.
 0.         0.         0.         0.         0.         0.
 0.         0.         0.         0.         0.         0.
 0.         0.         0.         0.         0.         0.
 0.         0.         0.         0.         0.         0.
 0.         0.         0.         0.         0.         0.
 0.         0.         0.         0.         0.         0.
 0.         0.         0.         0.         0.         0.
 0.         0.         0.         0.         0.         0.
 0.         0.         0.         0.         0.         0.
 0.         0.         0.         0.         0.         0.
 0.         0.         0.         0.         0.         0.
 0.         0.         0.         0.         0.         0.
 0.         0.         0.         0.         0.         0.
 0.         0.         0.         0.         0.         0.
 0.         0.         0.         0.         0.         0.
 0.         0.         0.         0.         0.         0.
 0.         0.         0.         0.         0.         0.
 0.         0.         0.         0.         0.         0.
 0.         0.         0.         0.         0.         0.
 0.         0.         0.         0.         0.         0.
 0.         0.         0.         0.         0.         0.
 0.         0.         0.         0.         0.         0.
 0.         0.         0.         0.         0.         0.
 0.         0.         0.         0.         0.         0.
 0.         0.        ]
Normalized importance:  [0.70853107 0.70853107 0.70853107 0.         0.         0.
 0.9846014  0.9846014  0.9846014  0.33636484 0.33636484 0.33636484
 0.41081639 0.41081639 0.41081639 0.         0.         0.
 1.         1.         1.         0.44421368 0.44421368 0.44421368
 0.15164376 0.15164376 0.15164376 0.77502375 0.77502375 0.77502375
 0.         0.         0.         0.         0.         0.
 0.         0.         0.         0.         0.         0.
 0.         0.         0.         0.         0.         0.
 0.         0.         0.         0.         0.         0.
 0.         0.         0.         0.         0.         0.
 0.         0.         0.         0.         0.         0.
 0.         0.         0.01692743 0.         0.         0.
 0.         0.         0.         0.         0.         0.
 0.         0.         0.         0.         0.         0.
 0.         0.         0.         0.         0.         0.
 0.         0.         0.         0.         0.         0.
 0.         0.         0.         0.         0.         0.
 0.         0.         0.         0.         0.         0.
 0.         0.         0.         0.         0.         0.
 0.         0.         0.         0.         0.         0.
 0.         0.         0.         0.         0.         0.
 0.         0.         0.         0.         0.         0.
 0.         0.         0.         0.         0.         0.
 0.         0.         0.         0.         0.         0.
 0.         0.         0.         0.         0.         0.
 0.         0.         0.         0.         0.         0.
 0.         0.         0.         0.         0.         0.
 0.         0.         0.         0.         0.         0.
 0.         0.         0.         0.         0.         0.
 0.         0.         0.         0.         0.         0.
 0.         0.         0.         0.         0.         0.
 0.         0.         0.         0.         0.         0.
 0.         0.         0.         0.         0.         0.
 0.         0.        ]
deepbreaks
y_true:  [1. 1. 1. 0. 0. 0. 1. 1. 1. 0. 0. 0. 1. 1. 1. 0. 0. 0. 1. 1. 1. 0. 0. 0.
 0. 0. 0. 1. 1. 1. 0. 0. 0. 0. 0. 0. 0. 0. 0. 0. 0. 0. 0. 0. 0. 0. 0. 0.
 0. 0. 0. 0. 0. 0. 0. 0. 0. 0. 0. 0. 0. 0. 0. 0. 0. 0. 0. 0. 0. 0. 0. 0.
 0. 0. 0. 0. 0. 0. 0. 0. 0. 0. 0. 0. 0. 0. 0. 0. 0. 0. 0. 0. 0. 0. 0. 0.
 0. 0. 0. 0. 0. 0. 0. 0. 0. 0. 0. 0. 0. 0. 0. 0. 0. 0. 0. 0. 0. 0. 0. 0.
 0. 0. 0. 0. 0. 0. 0. 0. 0. 0. 0. 0. 0. 0. 0. 0. 0. 0. 0. 0. 0. 0. 0. 0.
 0. 0. 0. 0. 0. 0. 0. 0. 0. 0. 0. 0. 0. 0. 0. 0. 0. 0. 0. 0. 0. 0. 0. 0.
 0. 0. 0. 0. 0. 0. 0. 0. 0. 0. 0. 0. 0. 0. 0. 0. 0. 0. 0. 0. 0. 0. 0. 0.
 0. 0. 0. 0. 0. 0. 0. 0.]
y_pred:  [1. 1. 1. 0. 0. 0. 1. 1. 1. 0. 0. 0. 0. 0. 0. 0. 0. 0. 1. 1. 1. 1. 1. 1.
 0. 0. 0. 1. 1. 1. 0. 0. 0. 0. 0. 0. 0. 0. 0. 0. 0. 0. 0. 0. 0. 0. 0. 0.
 0. 0. 0. 0. 0. 0. 0. 0. 0. 0. 0. 0. 0. 0. 0. 0. 0. 0. 0. 0. 0. 0. 0. 0.
 0. 0. 0. 0. 0. 0. 0. 0. 0. 0. 0. 0. 0. 0. 0. 0. 0. 0. 0. 0. 0. 0. 0. 0.
 0. 0. 0. 0. 0. 0. 0. 0. 0. 0. 0. 0. 0. 0. 0. 0. 0. 0. 0. 0. 0. 0. 0. 0.
 0. 0. 0. 0. 0. 0. 0. 0. 0. 0. 0. 0. 0. 0. 0. 0. 0. 0. 0. 0. 0. 0. 0. 0.
 0. 0. 0. 0. 0. 0. 0. 0. 0. 0. 0. 0. 0. 0. 0. 0. 0. 0. 0. 0. 0. 0. 0. 0.
 0. 0. 0. 0. 0. 0. 0. 0. 0. 0. 0. 0. 0. 0. 0. 0. 0. 0. 0. 0. 0. 0. 0. 0.
 0. 0. 0. 0. 0. 0. 0. 0.]
Normalized importance:  [0.61803279 0.09737705 0.3852459  0.22295082 0.         0.18852459
 1.         0.34098361 0.21639344 0.52459016 0.11114754 0.18688525
 0.56229508 0.26065574 0.13934426 0.26721311 0.05213115 0.08721311
 0.66557377 0.41803279 0.49180328 0.42131148 0.25901639 0.10819672
 0.34098361 0.         0.13639344 0.70491803 0.3295082  0.41311475
 0.02393443 0.05262295 0.         0.         0.14803279 0.00955738
 0.         0.         0.         0.13196721 0.         0.12081967
 0.         0.00727869 0.09754098 0.         0.12196721 0.11983607
 0.10278689 0.21967213 0.04393443 0.06868852 0.14819672 0.02065574
 0.11983607 0.11770492 0.02327869 0.04065574 0.23442623 0.06147541
 0.         0.04836066 0.         0.         0.         0.
 0.06491803 0.         0.09983607 0.0995082  0.00911475 0.00583607
 0.06852459 0.         0.01967213 0.02934426 0.06622951 0.
 0.         0.         0.05852459 0.02377049 0.03131148 0.04377049
 0.1852459  0.02459016 0.08295082 0.         0.06262295 0.0847541
 0.         0.         0.         0.04918033 0.20491803 0.01098361
 0.06967213 0.11360656 0.01542623 0.15377049 0.15606557 0.
 0.         0.09803279 0.         0.09508197 0.         0.09442623
 0.         0.0542623  0.09868852 0.07901639 0.         0.
 0.16262295 0.         0.08901639 0.09377049 0.         0.
 0.         0.         0.06278689 0.12147541 0.17377049 0.00713115
 0.04180328 0.08901639 0.13590164 0.         0.         0.23114754
 0.13885246 0.12295082 0.22786885 0.         0.15377049 0.12459016
 0.         0.02606557 0.         0.04622951 0.2147541  0.00927869
 0.12360656 0.         0.00480328 0.03836066 0.11131148 0.01704918
 0.12098361 0.04606557 0.2147541  0.         0.04918033 0.03459016
 0.03409836 0.         0.02983607 0.         0.         0.00829508
 0.         0.         0.06295082 0.         0.09081967 0.14770492
 0.06       0.05442623 0.         0.08327869 0.10639344 0.06737705
 0.08704918 0.08213115 0.11819672 0.         0.         0.04311475
 0.         0.10377049 0.07442623 0.0547541  0.03868852 0.02213115
 0.         0.08803279 0.0942623  0.12737705 0.01385246 0.
 0.         0.06803279 0.         0.04278689 0.01396721 0.
 0.         0.        ]
pyseer
y_true:  [1. 1. 1. 0. 0. 0. 1. 1. 1. 0. 0. 0. 1. 1. 1. 0. 0. 0. 1. 1. 1. 0. 0. 0.
 0. 0. 0. 1. 1. 1. 0. 0. 0. 0. 0. 0. 0. 0. 0. 0. 0. 0. 0. 0. 0. 0. 0. 0.
 0. 0. 0. 0. 0. 0. 0. 0. 0. 0. 0. 0. 0. 0. 0. 0. 0. 0. 0. 0. 0. 0. 0. 0.
 0. 0. 0. 0. 0. 0. 0. 0. 0. 0. 0. 0. 0. 0. 0. 0. 0. 0. 0. 0. 0. 0. 0. 0.
 0. 0. 0. 0. 0. 0. 0. 0. 0. 0. 0. 0. 0. 0. 0. 0. 0. 0. 0. 0. 0. 0. 0. 0.
 0. 0. 0. 0. 0. 0. 0. 0. 0. 0. 0. 0. 0. 0. 0. 0. 0. 0. 0. 0. 0. 0. 0. 0.
 0. 0. 0. 0. 0. 0. 0. 0. 0. 0. 0. 0. 0. 0. 0. 0. 0. 0. 0. 0. 0. 0. 0. 0.
 0. 0. 0. 0. 0. 0. 0. 0. 0. 0. 0. 0. 0. 0. 0. 0. 0. 0. 0. 0. 0. 0. 0. 0.
 0. 0. 0. 0. 0. 0. 0. 0.]
y_pred:  [1. 1. 1. 1. 0. 1. 1. 1. 1. 1. 1. 1. 1. 1. 1. 1. 0. 0. 1. 1. 1. 1. 1. 1.
 1. 0. 1. 1. 1. 1. 0. 0. 0. 0. 1. 0. 0. 0. 0. 1. 0. 1. 0. 0. 1. 0. 1. 1.
 1. 1. 0. 0. 1. 0. 1. 1. 0. 0. 1. 0. 0. 0. 0. 0. 0. 0. 0. 0. 1. 1. 0. 0.
 0. 0. 0. 0. 0. 0. 0. 0. 0. 0. 0. 0. 1. 0. 0. 0. 0. 0. 0. 0. 0. 0. 1. 0.
 0. 1. 0. 1. 1. 0. 0. 1. 0. 1. 0. 1. 0. 0. 1. 0. 0. 0. 1. 0. 0. 0. 0. 0.
 0. 0. 0. 1. 1. 0. 0. 0. 1. 0. 0. 1. 1. 1. 1. 0. 1. 1. 0. 0. 0. 0. 1. 0.
 1. 0. 0. 0. 1. 0. 1. 0. 1. 0. 0. 0. 0. 0. 0. 0. 0. 0. 0. 0. 0. 0. 0. 1.
 0. 0. 0. 0. 1. 0. 0. 0. 1. 0. 0. 0. 0. 1. 0. 0. 0. 0. 0. 0. 1. 1. 0. 0.
 0. 0. 0. 0. 0. 0. 0. 0.]
Time taken: 22.32876181602478 seconds
Running combination 35 of 50
Fitting RandomForest...
Fitting Adaboost...
Fitting AdaBoost_2...
Fitting et...
Fitting gbc...
Fitting gbc_2...
Fitting gbc_3...
Fitting dt...
Fitting lr...
Fitting Lasso_1...
Fitting Lasso_2...
Fitting Lasso_3...
Fitting Lasso_4...
Fitting elasticnet...
VCF file created successfully.
pyseer stderr:  Read 1000 phenotypes
Detected continuous phenotype
Reading all variants

0variants [00:00, ?variants/s]
54variants [00:00, 535.85variants/s]
108variants [00:00, 475.94variants/s]
165variants [00:00, 512.58variants/s]
198variants [00:00, 515.42variants/s]
Applying correlation filtering

  0%|          | 0/198 [00:00<?, ?variants/s]
100%|██████████| 198/198 [00:00<00:00, 2621.32variants/s]
Fitting elastic net to top 148 variants
Best penalty (lambda) from cross-validation: 6.48E+00
Best R^2 from cross-validation: 0.533
Finding and printing selected variants
198 loaded variants
50 pre-filtered variants
148 tested variants
140 printed variants

True importance standardized:  [0.27106573 0.27106573 0.27106573 0.36281498 0.36281498 0.36281498
 0.27861708 0.27861708 0.27861708 0.89023475 0.89023475 0.89023475
 0.62408214 0.62408214 0.62408214 0.27589032 0.27589032 0.27589032
 0.45472995 0.45472995 0.45472995 0.95757054 0.95757054 0.95757054
 0.30442002 0.30442002 0.30442002 1.         1.         1.
 0.         0.         0.         0.         0.         0.
 0.         0.         0.         0.         0.         0.
 0.         0.         0.         0.         0.         0.
 0.         0.         0.         0.         0.         0.
 0.         0.         0.         0.         0.         0.
 0.         0.         0.         0.         0.         0.
 0.         0.         0.         0.         0.         0.
 0.         0.         0.         0.         0.         0.
 0.         0.         0.         0.         0.         0.
 0.         0.         0.         0.         0.         0.
 0.         0.         0.         0.         0.         0.
 0.         0.         0.         0.         0.         0.
 0.         0.         0.         0.         0.         0.
 0.         0.         0.         0.         0.         0.
 0.         0.         0.         0.         0.         0.
 0.         0.         0.         0.         0.         0.
 0.         0.         0.         0.         0.         0.
 0.         0.         0.         0.         0.         0.
 0.         0.         0.         0.         0.         0.
 0.         0.         0.         0.         0.         0.
 0.         0.         0.         0.         0.         0.
 0.         0.         0.         0.         0.         0.
 0.         0.         0.         0.         0.         0.
 0.         0.         0.         0.         0.         0.
 0.         0.         0.         0.         0.         0.
 0.         0.         0.         0.         0.         0.
 0.         0.         0.         0.         0.         0.
 0.         0.         0.         0.         0.         0.
 0.         0.        ]
Normalized importance:  [0.19590842 0.19590842 0.19590842 0.06881556 0.06881556 0.06881556
 0.13345086 0.         0.13345086 0.72148375 0.72148375 0.72148375
 0.72324912 0.72324912 0.72324912 0.05999743 0.05999743 0.
 0.36200304 0.36200304 0.36200304 0.84572618 0.84572618 0.84572618
 0.05236465 0.         0.         1.         1.         1.
 0.         0.         0.         0.         0.         0.
 0.         0.         0.         0.         0.         0.
 0.0211899  0.         0.         0.         0.         0.
 0.         0.         0.         0.         0.         0.
 0.         0.         0.         0.         0.         0.
 0.         0.         0.         0.         0.         0.
 0.         0.         0.         0.         0.         0.
 0.         0.         0.         0.         0.         0.
 0.         0.         0.         0.         0.         0.
 0.         0.         0.         0.         0.         0.
 0.         0.         0.         0.         0.         0.
 0.         0.         0.         0.         0.         0.
 0.         0.         0.         0.         0.         0.
 0.         0.         0.         0.         0.         0.
 0.         0.         0.         0.03179394 0.         0.
 0.         0.         0.         0.         0.         0.
 0.         0.         0.         0.         0.         0.
 0.         0.         0.         0.         0.         0.
 0.         0.         0.         0.         0.         0.
 0.         0.         0.         0.         0.         0.
 0.         0.         0.         0.         0.         0.
 0.         0.         0.         0.         0.         0.
 0.         0.         0.         0.         0.         0.
 0.         0.         0.         0.         0.         0.
 0.01125022 0.         0.         0.         0.         0.
 0.10393937 0.         0.         0.         0.         0.
 0.         0.         0.         0.         0.         0.
 0.         0.         0.         0.         0.         0.
 0.         0.        ]
deepbreaks
y_true:  [0. 0. 0. 0. 0. 0. 0. 0. 0. 1. 1. 1. 1. 1. 1. 0. 0. 0. 1. 1. 1. 1. 1. 1.
 0. 0. 0. 1. 1. 1. 0. 0. 0. 0. 0. 0. 0. 0. 0. 0. 0. 0. 0. 0. 0. 0. 0. 0.
 0. 0. 0. 0. 0. 0. 0. 0. 0. 0. 0. 0. 0. 0. 0. 0. 0. 0. 0. 0. 0. 0. 0. 0.
 0. 0. 0. 0. 0. 0. 0. 0. 0. 0. 0. 0. 0. 0. 0. 0. 0. 0. 0. 0. 0. 0. 0. 0.
 0. 0. 0. 0. 0. 0. 0. 0. 0. 0. 0. 0. 0. 0. 0. 0. 0. 0. 0. 0. 0. 0. 0. 0.
 0. 0. 0. 0. 0. 0. 0. 0. 0. 0. 0. 0. 0. 0. 0. 0. 0. 0. 0. 0. 0. 0. 0. 0.
 0. 0. 0. 0. 0. 0. 0. 0. 0. 0. 0. 0. 0. 0. 0. 0. 0. 0. 0. 0. 0. 0. 0. 0.
 0. 0. 0. 0. 0. 0. 0. 0. 0. 0. 0. 0. 0. 0. 0. 0. 0. 0. 0. 0. 0. 0. 0. 0.
 0. 0. 0. 0. 0. 0. 0. 0.]
y_pred:  [0. 0. 0. 0. 0. 0. 0. 0. 0. 1. 1. 1. 1. 1. 1. 0. 0. 0. 1. 1. 1. 1. 1. 1.
 0. 0. 0. 1. 1. 1. 0. 0. 0. 0. 0. 0. 0. 0. 0. 0. 0. 0. 0. 0. 0. 0. 0. 0.
 0. 0. 0. 0. 0. 0. 0. 0. 0. 0. 0. 0. 0. 0. 0. 0. 0. 0. 0. 0. 0. 0. 0. 0.
 0. 0. 0. 0. 0. 0. 0. 0. 0. 0. 0. 0. 0. 0. 0. 0. 0. 0. 0. 0. 0. 0. 0. 0.
 0. 0. 0. 0. 0. 0. 0. 0. 0. 0. 0. 0. 0. 0. 0. 0. 0. 0. 0. 0. 0. 0. 0. 0.
 0. 0. 0. 0. 0. 0. 0. 0. 0. 0. 0. 0. 0. 0. 0. 0. 0. 0. 0. 0. 0. 0. 0. 0.
 0. 0. 0. 0. 0. 0. 0. 0. 0. 0. 0. 0. 0. 0. 0. 0. 0. 0. 0. 0. 0. 0. 0. 0.
 0. 0. 0. 0. 0. 0. 0. 0. 0. 0. 0. 0. 0. 0. 0. 0. 0. 0. 0. 0. 0. 0. 0. 0.
 0. 0. 0. 0. 0. 0. 0. 0.]
Normalized importance:  [2.85576923e-01 1.22115385e-01 3.21153846e-02 1.75000000e-01
 1.47115385e-01 1.78846154e-01 1.99038462e-01 6.35576923e-02
 1.82692308e-01 6.00000000e-01 2.69230769e-01 3.50961538e-01
 6.69230769e-01 2.86538462e-01 1.50961538e-01 2.46153846e-01
 7.69230769e-02 0.00000000e+00 4.24038462e-01 8.25000000e-02
 2.25961538e-01 1.00000000e+00 7.25961538e-02 1.64423077e-01
 8.48076923e-02 8.50000000e-02 2.00000000e-02 7.79807692e-01
 2.75961538e-01 4.08653846e-01 0.00000000e+00 0.00000000e+00
 3.48076923e-02 2.42307692e-01 9.80769231e-02 5.09615385e-02
 1.47115385e-01 8.43269231e-02 1.05769231e-01 6.86538462e-02
 9.71153846e-02 0.00000000e+00 2.08653846e-01 1.28846154e-01
 6.10576923e-02 5.42307692e-02 0.00000000e+00 0.00000000e+00
 1.96153846e-01 0.00000000e+00 1.11538462e-01 2.42307692e-02
 1.54807692e-01 1.55769231e-01 2.38461538e-01 8.91346154e-02
 0.00000000e+00 1.37500000e-01 2.44230769e-01 1.51923077e-01
 1.68269231e-01 5.20192308e-02 6.99038462e-03 1.56730769e-01
 0.00000000e+00 1.50000000e-01 8.32692308e-02 0.00000000e+00
 7.32692308e-02 4.75000000e-02 0.00000000e+00 2.93269231e-02
 0.00000000e+00 8.49038462e-02 2.27884615e-02 9.61538462e-02
 0.00000000e+00 1.10576923e-01 0.00000000e+00 3.32692308e-02
 1.27884615e-01 2.04807692e-02 4.77884615e-03 1.28846154e-01
 1.08653846e-01 0.00000000e+00 0.00000000e+00 1.26923077e-01
 5.34615385e-02 0.00000000e+00 3.22115385e-02 0.00000000e+00
 0.00000000e+00 6.50000000e-02 3.20192308e-02 0.00000000e+00
 1.61538462e-01 1.39423077e-01 5.55769231e-02 6.14423077e-03
 1.55769231e-01 5.25961538e-02 1.65384615e-03 9.38461538e-02
 9.52884615e-04 0.00000000e+00 0.00000000e+00 0.00000000e+00
 9.61538462e-02 1.26923077e-02 5.99038462e-02 0.00000000e+00
 3.25961538e-02 0.00000000e+00 1.57692308e-01 1.69230769e-01
 1.17307692e-01 1.55769231e-01 8.42307692e-02 0.00000000e+00
 7.91346154e-02 0.00000000e+00 0.00000000e+00 0.00000000e+00
 1.25961538e-01 0.00000000e+00 0.00000000e+00 1.29807692e-01
 2.56730769e-02 7.26923077e-02 0.00000000e+00 9.80769231e-02
 4.93269231e-02 0.00000000e+00 0.00000000e+00 8.93269231e-03
 0.00000000e+00 5.26923077e-02 1.16346154e-01 2.06730769e-02
 8.07692308e-02 0.00000000e+00 1.00000000e-01 0.00000000e+00
 5.35576923e-02 2.10576923e-01 1.03846154e-01 7.46153846e-02
 0.00000000e+00 0.00000000e+00 3.11538462e-02 0.00000000e+00
 3.44230769e-02 0.00000000e+00 9.90384615e-02 0.00000000e+00
 0.00000000e+00 5.83653846e-02 4.75961538e-02 1.33653846e-02
 7.68269231e-02 0.00000000e+00 8.09615385e-02 0.00000000e+00
 4.51923077e-02 1.28846154e-01 1.89423077e-02 1.26923077e-01
 1.19230769e-01 5.60576923e-02 1.80769231e-03 1.17307692e-01
 1.19230769e-01 0.00000000e+00 7.29807692e-02 4.82692308e-02
 0.00000000e+00 0.00000000e+00 0.00000000e+00 1.88461538e-02
 1.55769231e-01 0.00000000e+00 0.00000000e+00 2.00000000e-02
 0.00000000e+00 5.03846154e-02 5.89423077e-02 2.36538462e-02
 0.00000000e+00 0.00000000e+00 1.89423077e-03 1.23076923e-01
 0.00000000e+00 5.54807692e-02 1.87500000e-01 0.00000000e+00
 0.00000000e+00 0.00000000e+00 0.00000000e+00 0.00000000e+00]
pyseer
y_true:  [0. 0. 0. 0. 0. 0. 0. 0. 0. 1. 1. 1. 1. 1. 1. 0. 0. 0. 1. 1. 1. 1. 1. 1.
 0. 0. 0. 1. 1. 1. 0. 0. 0. 0. 0. 0. 0. 0. 0. 0. 0. 0. 0. 0. 0. 0. 0. 0.
 0. 0. 0. 0. 0. 0. 0. 0. 0. 0. 0. 0. 0. 0. 0. 0. 0. 0. 0. 0. 0. 0. 0. 0.
 0. 0. 0. 0. 0. 0. 0. 0. 0. 0. 0. 0. 0. 0. 0. 0. 0. 0. 0. 0. 0. 0. 0. 0.
 0. 0. 0. 0. 0. 0. 0. 0. 0. 0. 0. 0. 0. 0. 0. 0. 0. 0. 0. 0. 0. 0. 0. 0.
 0. 0. 0. 0. 0. 0. 0. 0. 0. 0. 0. 0. 0. 0. 0. 0. 0. 0. 0. 0. 0. 0. 0. 0.
 0. 0. 0. 0. 0. 0. 0. 0. 0. 0. 0. 0. 0. 0. 0. 0. 0. 0. 0. 0. 0. 0. 0. 0.
 0. 0. 0. 0. 0. 0. 0. 0. 0. 0. 0. 0. 0. 0. 0. 0. 0. 0. 0. 0. 0. 0. 0. 0.
 0. 0. 0. 0. 0. 0. 0. 0.]
y_pred:  [1. 1. 0. 1. 1. 1. 1. 0. 1. 1. 1. 1. 1. 1. 1. 1. 0. 0. 1. 0. 1. 1. 0. 1.
 0. 0. 0. 1. 1. 1. 0. 0. 0. 1. 1. 0. 1. 0. 1. 0. 1. 0. 1. 1. 0. 0. 0. 0.
 1. 0. 1. 0. 1. 1. 1. 0. 0. 1. 1. 1. 1. 0. 0. 1. 0. 1. 0. 0. 0. 0. 0. 0.
 0. 0. 0. 1. 0. 1. 0. 0. 1. 0. 0. 1. 1. 0. 0. 1. 0. 0. 0. 0. 0. 0. 0. 0.
 1. 1. 0. 0. 1. 0. 0. 1. 0. 0. 0. 0. 1. 0. 0. 0. 0. 0. 1. 1. 1. 1. 0. 0.
 0. 0. 0. 0. 1. 0. 0. 1. 0. 0. 0. 1. 0. 0. 0. 0. 0. 0. 1. 0. 0. 0. 1. 0.
 0. 1. 1. 0. 0. 0. 0. 0. 0. 0. 1. 0. 0. 0. 0. 0. 0. 0. 0. 0. 0. 1. 0. 1.
 1. 0. 0. 1. 1. 0. 0. 0. 0. 0. 0. 0. 1. 0. 0. 0. 0. 0. 0. 0. 0. 0. 0. 1.
 0. 0. 1. 0. 0. 0. 0. 0.]
Time taken: 22.485455751419067 seconds
Running combination 36 of 50
Fitting RandomForest...
Fitting Adaboost...
Fitting AdaBoost_2...
Fitting et...
Fitting gbc...
Fitting gbc_2...
Fitting gbc_3...
Fitting dt...
Fitting lr...
Fitting Lasso_1...
Fitting Lasso_2...
Fitting Lasso_3...
Fitting Lasso_4...
Fitting elasticnet...
VCF file created successfully.
pyseer stderr:  Read 1000 phenotypes
Detected continuous phenotype
Reading all variants

0variants [00:00, ?variants/s]
54variants [00:00, 532.86variants/s]
108variants [00:00, 444.93variants/s]
164variants [00:00, 489.71variants/s]
198variants [00:00, 495.82variants/s]
Applying correlation filtering

  0%|          | 0/198 [00:00<?, ?variants/s]
100%|██████████| 198/198 [00:00<00:00, 2675.96variants/s]
Fitting elastic net to top 148 variants
Best penalty (lambda) from cross-validation: 2.42E+00
Best R^2 from cross-validation: 0.506
Finding and printing selected variants
198 loaded variants
50 pre-filtered variants
148 tested variants
141 printed variants

True importance standardized:  [0.38995666 0.38995666 0.38995666 0.20863539 0.20863539 0.20863539
 1.         1.         1.         0.41614291 0.41614291 0.41614291
 0.31069931 0.31069931 0.31069931 0.449004   0.449004   0.449004
 0.73207362 0.73207362 0.73207362 0.5267205  0.5267205  0.5267205
 0.86654818 0.86654818 0.86654818 0.38711253 0.38711253 0.38711253
 0.         0.         0.         0.         0.         0.
 0.         0.         0.         0.         0.         0.
 0.         0.         0.         0.         0.         0.
 0.         0.         0.         0.         0.         0.
 0.         0.         0.         0.         0.         0.
 0.         0.         0.         0.         0.         0.
 0.         0.         0.         0.         0.         0.
 0.         0.         0.         0.         0.         0.
 0.         0.         0.         0.         0.         0.
 0.         0.         0.         0.         0.         0.
 0.         0.         0.         0.         0.         0.
 0.         0.         0.         0.         0.         0.
 0.         0.         0.         0.         0.         0.
 0.         0.         0.         0.         0.         0.
 0.         0.         0.         0.         0.         0.
 0.         0.         0.         0.         0.         0.
 0.         0.         0.         0.         0.         0.
 0.         0.         0.         0.         0.         0.
 0.         0.         0.         0.         0.         0.
 0.         0.         0.         0.         0.         0.
 0.         0.         0.         0.         0.         0.
 0.         0.         0.         0.         0.         0.
 0.         0.         0.         0.         0.         0.
 0.         0.         0.         0.         0.         0.
 0.         0.         0.         0.         0.         0.
 0.         0.         0.         0.         0.         0.
 0.         0.         0.         0.         0.         0.
 0.         0.         0.         0.         0.         0.
 0.         0.        ]
Normalized importance:  [0.42501368 0.42501368 0.42501368 0.18755627 0.         0.
 1.         1.         1.         0.40117611 0.40117611 0.40117611
 0.32021492 0.32021492 0.32021492 0.47432582 0.47432582 0.47432582
 0.83456769 0.83456769 0.83456769 0.39306275 0.39306275 0.39306275
 0.92466553 0.92466553 0.92466553 0.42035811 0.42035811 0.42035811
 0.         0.         0.08507409 0.         0.         0.
 0.         0.         0.         0.         0.         0.
 0.         0.         0.         0.         0.         0.
 0.         0.         0.         0.         0.         0.
 0.         0.         0.         0.         0.         0.
 0.         0.         0.         0.         0.         0.
 0.         0.         0.         0.         0.         0.
 0.         0.         0.13798158 0.         0.         0.
 0.         0.         0.         0.         0.         0.
 0.         0.         0.         0.         0.         0.
 0.         0.         0.         0.         0.         0.
 0.         0.         0.         0.         0.         0.
 0.         0.         0.         0.         0.         0.
 0.         0.08975485 0.         0.         0.         0.
 0.         0.         0.         0.         0.         0.
 0.         0.         0.         0.         0.         0.
 0.         0.         0.         0.         0.         0.
 0.         0.         0.         0.         0.         0.
 0.         0.         0.         0.         0.         0.
 0.         0.         0.         0.         0.         0.
 0.         0.         0.         0.         0.         0.
 0.         0.         0.         0.         0.         0.
 0.         0.         0.         0.         0.         0.
 0.         0.         0.         0.         0.         0.
 0.         0.         0.         0.         0.         0.
 0.05652997 0.         0.         0.         0.10345691 0.
 0.         0.         0.         0.08269985 0.         0.
 0.         0.         0.         0.         0.         0.
 0.         0.        ]
deepbreaks
y_true:  [0. 0. 0. 0. 0. 0. 1. 1. 1. 0. 0. 0. 0. 0. 0. 1. 1. 1. 1. 1. 1. 1. 1. 1.
 1. 1. 1. 0. 0. 0. 0. 0. 0. 0. 0. 0. 0. 0. 0. 0. 0. 0. 0. 0. 0. 0. 0. 0.
 0. 0. 0. 0. 0. 0. 0. 0. 0. 0. 0. 0. 0. 0. 0. 0. 0. 0. 0. 0. 0. 0. 0. 0.
 0. 0. 0. 0. 0. 0. 0. 0. 0. 0. 0. 0. 0. 0. 0. 0. 0. 0. 0. 0. 0. 0. 0. 0.
 0. 0. 0. 0. 0. 0. 0. 0. 0. 0. 0. 0. 0. 0. 0. 0. 0. 0. 0. 0. 0. 0. 0. 0.
 0. 0. 0. 0. 0. 0. 0. 0. 0. 0. 0. 0. 0. 0. 0. 0. 0. 0. 0. 0. 0. 0. 0. 0.
 0. 0. 0. 0. 0. 0. 0. 0. 0. 0. 0. 0. 0. 0. 0. 0. 0. 0. 0. 0. 0. 0. 0. 0.
 0. 0. 0. 0. 0. 0. 0. 0. 0. 0. 0. 0. 0. 0. 0. 0. 0. 0. 0. 0. 0. 0. 0. 0.
 0. 0. 0. 0. 0. 0. 0. 0.]
y_pred:  [1. 1. 1. 0. 0. 0. 1. 1. 1. 0. 0. 0. 0. 0. 0. 1. 1. 1. 1. 1. 1. 0. 0. 0.
 1. 1. 1. 1. 1. 1. 0. 0. 0. 0. 0. 0. 0. 0. 0. 0. 0. 0. 0. 0. 0. 0. 0. 0.
 0. 0. 0. 0. 0. 0. 0. 0. 0. 0. 0. 0. 0. 0. 0. 0. 0. 0. 0. 0. 0. 0. 0. 0.
 0. 0. 0. 0. 0. 0. 0. 0. 0. 0. 0. 0. 0. 0. 0. 0. 0. 0. 0. 0. 0. 0. 0. 0.
 0. 0. 0. 0. 0. 0. 0. 0. 0. 0. 0. 0. 0. 0. 0. 0. 0. 0. 0. 0. 0. 0. 0. 0.
 0. 0. 0. 0. 0. 0. 0. 0. 0. 0. 0. 0. 0. 0. 0. 0. 0. 0. 0. 0. 0. 0. 0. 0.
 0. 0. 0. 0. 0. 0. 0. 0. 0. 0. 0. 0. 0. 0. 0. 0. 0. 0. 0. 0. 0. 0. 0. 0.
 0. 0. 0. 0. 0. 0. 0. 0. 0. 0. 0. 0. 0. 0. 0. 0. 0. 0. 0. 0. 0. 0. 0. 0.
 0. 0. 0. 0. 0. 0. 0. 0.]
Normalized importance:  [5.88516746e-01 0.00000000e+00 2.71291866e-01 3.50717703e-01
 0.00000000e+00 2.74641148e-02 9.52153110e-01 7.17703349e-01
 4.05741627e-01 5.21531100e-01 1.77511962e-01 0.00000000e+00
 2.53588517e-01 2.63157895e-01 3.14354067e-01 6.12440191e-01
 1.93301435e-01 2.44976077e-01 9.09090909e-01 3.04784689e-01
 6.22009569e-01 5.69377990e-01 2.18660287e-01 1.84688995e-01
 1.00000000e+00 5.02392344e-01 3.96172249e-01 5.40669856e-01
 1.44019139e-01 2.06698565e-01 1.39234450e-01 1.89473684e-02
 1.81339713e-01 5.45454545e-02 0.00000000e+00 1.81339713e-02
 0.00000000e+00 0.00000000e+00 1.22488038e-01 0.00000000e+00
 3.00478469e-02 0.00000000e+00 4.88038278e-02 0.00000000e+00
 2.28229665e-02 0.00000000e+00 0.00000000e+00 1.90430622e-01
 1.24880383e-02 2.12918660e-01 1.09569378e-01 1.33014354e-01
 3.15789474e-02 0.00000000e+00 0.00000000e+00 5.26315789e-02
 0.00000000e+00 2.83732057e-02 1.74162679e-01 2.31578947e-01
 1.45933014e-01 1.10526316e-02 0.00000000e+00 3.91866029e-02
 2.52153110e-02 3.15311005e-02 1.08612440e-01 3.02870813e-02
 0.00000000e+00 0.00000000e+00 2.93779904e-03 6.02870813e-02
 5.07177033e-02 0.00000000e+00 3.49760766e-01 1.62200957e-01
 1.61244019e-02 4.55980861e-02 5.59808612e-02 1.79425837e-01
 7.22488038e-02 2.39234450e-02 3.28708134e-03 8.03827751e-02
 1.97607656e-01 8.42105263e-02 1.49282297e-01 0.00000000e+00
 1.46411483e-01 0.00000000e+00 4.34928230e-02 3.07655502e-02
 0.00000000e+00 0.00000000e+00 6.65071770e-02 0.00000000e+00
 0.00000000e+00 4.45454545e-02 4.92822967e-03 1.34449761e-01
 1.67464115e-01 1.56937799e-01 0.00000000e+00 0.00000000e+00
 6.55502392e-02 1.31578947e-01 2.11004785e-01 1.07655502e-01
 0.00000000e+00 3.57416268e-01 0.00000000e+00 0.00000000e+00
 4.66985646e-02 9.61722488e-02 7.32057416e-03 0.00000000e+00
 7.89473684e-02 6.31578947e-02 0.00000000e+00 1.66028708e-01
 8.56459330e-02 1.04306220e-01 2.01913876e-01 2.64114833e-02
 9.66507177e-02 6.88995215e-02 0.00000000e+00 0.00000000e+00
 2.36363636e-01 1.11004785e-01 0.00000000e+00 0.00000000e+00
 1.65550239e-01 1.62679426e-02 1.16267943e-01 0.00000000e+00
 0.00000000e+00 2.14354067e-01 0.00000000e+00 0.00000000e+00
 0.00000000e+00 6.98564593e-02 1.65550239e-01 1.92344498e-01
 0.00000000e+00 0.00000000e+00 0.00000000e+00 2.28229665e-02
 1.59808612e-01 4.58851675e-02 4.67464115e-02 0.00000000e+00
 6.02870813e-02 4.20095694e-02 9.56937799e-03 0.00000000e+00
 1.84688995e-02 1.56937799e-01 3.39712919e-02 0.00000000e+00
 5.83732057e-02 7.84688995e-04 2.88995215e-01 0.00000000e+00
 2.44976077e-02 9.76076555e-02 1.33492823e-01 0.00000000e+00
 0.00000000e+00 3.43540670e-01 1.79425837e-01 0.00000000e+00
 6.69856459e-02 6.36363636e-02 1.62200957e-01 3.25358852e-02
 1.12918660e-01 1.36363636e-01 1.47368421e-01 0.00000000e+00
 1.94258373e-01 8.85167464e-02 2.13397129e-01 5.98086124e-02
 1.94736842e-01 0.00000000e+00 2.00000000e-02 4.78468900e-02
 0.00000000e+00 1.94258373e-01 1.87081340e-02 0.00000000e+00
 6.55502392e-02 1.35885167e-01 4.83253589e-03 0.00000000e+00
 0.00000000e+00 0.00000000e+00 0.00000000e+00 0.00000000e+00]
pyseer
y_true:  [0. 0. 0. 0. 0. 0. 1. 1. 1. 0. 0. 0. 0. 0. 0. 1. 1. 1. 1. 1. 1. 1. 1. 1.
 1. 1. 1. 0. 0. 0. 0. 0. 0. 0. 0. 0. 0. 0. 0. 0. 0. 0. 0. 0. 0. 0. 0. 0.
 0. 0. 0. 0. 0. 0. 0. 0. 0. 0. 0. 0. 0. 0. 0. 0. 0. 0. 0. 0. 0. 0. 0. 0.
 0. 0. 0. 0. 0. 0. 0. 0. 0. 0. 0. 0. 0. 0. 0. 0. 0. 0. 0. 0. 0. 0. 0. 0.
 0. 0. 0. 0. 0. 0. 0. 0. 0. 0. 0. 0. 0. 0. 0. 0. 0. 0. 0. 0. 0. 0. 0. 0.
 0. 0. 0. 0. 0. 0. 0. 0. 0. 0. 0. 0. 0. 0. 0. 0. 0. 0. 0. 0. 0. 0. 0. 0.
 0. 0. 0. 0. 0. 0. 0. 0. 0. 0. 0. 0. 0. 0. 0. 0. 0. 0. 0. 0. 0. 0. 0. 0.
 0. 0. 0. 0. 0. 0. 0. 0. 0. 0. 0. 0. 0. 0. 0. 0. 0. 0. 0. 0. 0. 0. 0. 0.
 0. 0. 0. 0. 0. 0. 0. 0.]
y_pred:  [1. 0. 1. 1. 0. 0. 1. 1. 1. 1. 1. 0. 1. 1. 1. 1. 1. 1. 1. 1. 1. 1. 1. 1.
 1. 1. 1. 1. 1. 1. 1. 0. 1. 0. 0. 0. 0. 0. 1. 0. 0. 0. 0. 0. 0. 0. 0. 1.
 0. 1. 0. 1. 0. 0. 0. 0. 0. 0. 1. 1. 1. 0. 0. 0. 0. 0. 0. 0. 0. 0. 0. 0.
 0. 0. 1. 1. 0. 0. 0. 1. 0. 0. 0. 0. 1. 0. 1. 0. 1. 0. 0. 0. 0. 0. 0. 0.
 0. 0. 0. 1. 1. 1. 0. 0. 0. 1. 1. 0. 0. 1. 0. 0. 0. 0. 0. 0. 0. 0. 0. 1.
 0. 0. 1. 0. 0. 0. 0. 0. 1. 1. 0. 0. 1. 0. 1. 0. 0. 1. 0. 0. 0. 0. 1. 1.
 0. 0. 0. 0. 1. 0. 0. 0. 0. 0. 0. 0. 0. 1. 0. 0. 0. 0. 1. 0. 0. 0. 1. 0.
 0. 1. 1. 0. 0. 0. 1. 0. 1. 1. 1. 0. 1. 0. 1. 0. 1. 0. 0. 0. 0. 1. 0. 0.
 0. 1. 0. 0. 0. 0. 0. 0.]
Time taken: 22.106170654296875 seconds
Running combination 37 of 50
Fitting RandomForest...
Fitting Adaboost...
Fitting AdaBoost_2...
Fitting et...
Fitting gbc...
Fitting gbc_2...
Fitting gbc_3...
Fitting dt...
Fitting lr...
Fitting Lasso_1...
Fitting Lasso_2...
Fitting Lasso_3...
Fitting Lasso_4...
Fitting elasticnet...
VCF file created successfully.
pyseer stderr:  Read 1000 phenotypes
Detected continuous phenotype
Reading all variants

0variants [00:00, ?variants/s]
56variants [00:00, 553.48variants/s]
112variants [00:00, 486.13variants/s]
168variants [00:00, 516.57variants/s]
198variants [00:00, 520.82variants/s]
Applying correlation filtering

  0%|          | 0/198 [00:00<?, ?variants/s]
100%|██████████| 198/198 [00:00<00:00, 2543.17variants/s]
Fitting elastic net to top 148 variants
Best penalty (lambda) from cross-validation: 1.18E+01
Best R^2 from cross-validation: 0.478
Finding and printing selected variants
198 loaded variants
50 pre-filtered variants
148 tested variants
139 printed variants

True importance standardized:  [0.41574129 0.41574129 0.41574129 1.         1.         1.
 0.63989226 0.63989226 0.63989226 0.30150328 0.30150328 0.30150328
 0.68173942 0.68173942 0.68173942 0.39285781 0.39285781 0.39285781
 0.29236573 0.29236573 0.29236573 0.20086007 0.20086007 0.20086007
 0.91013488 0.91013488 0.91013488 0.72363934 0.72363934 0.72363934
 0.         0.         0.         0.         0.         0.
 0.         0.         0.         0.         0.         0.
 0.         0.         0.         0.         0.         0.
 0.         0.         0.         0.         0.         0.
 0.         0.         0.         0.         0.         0.
 0.         0.         0.         0.         0.         0.
 0.         0.         0.         0.         0.         0.
 0.         0.         0.         0.         0.         0.
 0.         0.         0.         0.         0.         0.
 0.         0.         0.         0.         0.         0.
 0.         0.         0.         0.         0.         0.
 0.         0.         0.         0.         0.         0.
 0.         0.         0.         0.         0.         0.
 0.         0.         0.         0.         0.         0.
 0.         0.         0.         0.         0.         0.
 0.         0.         0.         0.         0.         0.
 0.         0.         0.         0.         0.         0.
 0.         0.         0.         0.         0.         0.
 0.         0.         0.         0.         0.         0.
 0.         0.         0.         0.         0.         0.
 0.         0.         0.         0.         0.         0.
 0.         0.         0.         0.         0.         0.
 0.         0.         0.         0.         0.         0.
 0.         0.         0.         0.         0.         0.
 0.         0.         0.         0.         0.         0.
 0.         0.         0.         0.         0.         0.
 0.         0.         0.         0.         0.         0.
 0.         0.         0.         0.         0.         0.
 0.         0.        ]
Normalized importance:  [0.16387782 0.16387782 0.16387782 0.9692045  0.9692045  0.9692045
 0.2229376  0.2229376  0.2229376  0.1136054  0.1136054  0.1136054
 0.54399323 0.54399323 0.54399323 0.1414255  0.1414255  0.1414255
 0.0783761  0.0783761  0.0783761  0.09712094 0.         0.
 1.         1.         1.         0.40461115 0.40461115 0.40461115
 0.         0.         0.         0.         0.         0.01236144
 0.         0.         0.         0.         0.         0.
 0.         0.         0.         0.         0.         0.
 0.         0.         0.13193236 0.         0.         0.
 0.         0.         0.         0.         0.         0.
 0.         0.         0.06621667 0.         0.         0.
 0.01915484 0.         0.         0.         0.         0.
 0.         0.         0.         0.         0.         0.
 0.         0.         0.         0.         0.         0.03028914
 0.         0.         0.         0.         0.01474046 0.
 0.         0.         0.         0.         0.         0.
 0.         0.         0.04760254 0.         0.         0.
 0.         0.         0.         0.         0.         0.
 0.02369331 0.         0.         0.         0.         0.
 0.         0.         0.         0.         0.         0.
 0.         0.         0.         0.         0.         0.
 0.         0.         0.         0.         0.         0.
 0.         0.         0.         0.         0.         0.
 0.         0.         0.         0.         0.         0.
 0.         0.         0.         0.         0.         0.
 0.         0.         0.         0.         0.         0.03236499
 0.         0.         0.         0.         0.         0.
 0.         0.         0.         0.         0.         0.
 0.         0.         0.         0.         0.         0.
 0.         0.         0.         0.         0.         0.
 0.         0.06863666 0.         0.         0.         0.
 0.         0.02029175 0.         0.         0.         0.
 0.         0.         0.         0.         0.         0.
 0.         0.        ]
deepbreaks
y_true:  [0. 0. 0. 1. 1. 1. 1. 1. 1. 0. 0. 0. 1. 1. 1. 0. 0. 0. 0. 0. 0. 0. 0. 0.
 1. 1. 1. 1. 1. 1. 0. 0. 0. 0. 0. 0. 0. 0. 0. 0. 0. 0. 0. 0. 0. 0. 0. 0.
 0. 0. 0. 0. 0. 0. 0. 0. 0. 0. 0. 0. 0. 0. 0. 0. 0. 0. 0. 0. 0. 0. 0. 0.
 0. 0. 0. 0. 0. 0. 0. 0. 0. 0. 0. 0. 0. 0. 0. 0. 0. 0. 0. 0. 0. 0. 0. 0.
 0. 0. 0. 0. 0. 0. 0. 0. 0. 0. 0. 0. 0. 0. 0. 0. 0. 0. 0. 0. 0. 0. 0. 0.
 0. 0. 0. 0. 0. 0. 0. 0. 0. 0. 0. 0. 0. 0. 0. 0. 0. 0. 0. 0. 0. 0. 0. 0.
 0. 0. 0. 0. 0. 0. 0. 0. 0. 0. 0. 0. 0. 0. 0. 0. 0. 0. 0. 0. 0. 0. 0. 0.
 0. 0. 0. 0. 0. 0. 0. 0. 0. 0. 0. 0. 0. 0. 0. 0. 0. 0. 0. 0. 0. 0. 0. 0.
 0. 0. 0. 0. 0. 0. 0. 0.]
y_pred:  [1. 1. 1. 1. 1. 1. 1. 1. 1. 0. 0. 0. 1. 1. 1. 1. 1. 1. 0. 0. 0. 0. 0. 0.
 1. 1. 1. 1. 1. 1. 0. 0. 0. 0. 0. 0. 0. 0. 0. 0. 0. 0. 0. 0. 0. 0. 0. 0.
 0. 0. 0. 0. 0. 0. 0. 0. 0. 0. 0. 0. 0. 0. 0. 0. 0. 0. 0. 0. 0. 0. 0. 0.
 0. 0. 0. 0. 0. 0. 0. 0. 0. 0. 0. 0. 0. 0. 0. 0. 0. 0. 0. 0. 0. 0. 0. 0.
 0. 0. 0. 0. 0. 0. 0. 0. 0. 0. 0. 0. 0. 0. 0. 0. 0. 0. 0. 0. 0. 0. 0. 0.
 0. 0. 0. 0. 0. 0. 0. 0. 0. 0. 0. 0. 0. 0. 0. 0. 0. 0. 0. 0. 0. 0. 0. 0.
 0. 0. 0. 0. 0. 0. 0. 0. 0. 0. 0. 0. 0. 0. 0. 0. 0. 0. 0. 0. 0. 0. 0. 0.
 0. 0. 0. 0. 0. 0. 0. 0. 0. 0. 0. 0. 0. 0. 0. 0. 0. 0. 0. 0. 0. 0. 0. 0.
 0. 0. 0. 0. 0. 0. 0. 0.]
Normalized importance:  [2.47873633e-01 3.39003645e-01 3.18347509e-01 1.00000000e+00
 5.29769137e-01 4.31348724e-01 6.90157959e-01 3.14702309e-01
 0.00000000e+00 3.81530984e-01 1.12879708e-01 2.04131227e-01
 7.33900365e-01 4.83596598e-01 1.51883354e-01 5.07897934e-01
 1.53098420e-01 1.77399757e-01 2.08991495e-01 2.29647631e-01
 2.36938032e-01 3.25637910e-01 1.21263670e-01 9.01579587e-02
 9.07654921e-01 5.46780073e-01 5.58930741e-01 5.90522479e-01
 3.46294046e-01 4.99392467e-01 5.34629405e-02 8.79708384e-02
 0.00000000e+00 1.84690158e-01 0.00000000e+00 1.99270960e-01
 5.39489672e-02 5.82017011e-02 4.14337789e-02 1.42162819e-02
 4.55650061e-02 0.00000000e+00 0.00000000e+00 6.58566221e-02
 0.00000000e+00 1.55528554e-01 6.64641555e-02 4.56865128e-02
 0.00000000e+00 4.76306197e-03 3.62089915e-01 1.02308627e-01
 0.00000000e+00 1.31227217e-01 0.00000000e+00 5.60145808e-02
 0.00000000e+00 1.40947752e-01 9.10085055e-02 1.66464156e-04
 1.04495747e-01 0.00000000e+00 2.06561361e-01 0.00000000e+00
 1.61603888e-01 1.03888214e-01 2.56379101e-01 2.85540705e-02
 0.00000000e+00 0.00000000e+00 0.00000000e+00 0.00000000e+00
 3.97326853e-03 0.00000000e+00 1.76184690e-01 0.00000000e+00
 1.48238153e-01 0.00000000e+00 5.91737546e-02 2.04131227e-01
 0.00000000e+00 7.25394897e-02 1.23936817e-01 3.30498177e-01
 2.52733900e-02 1.74969623e-01 0.00000000e+00 4.69015796e-02
 1.05346294e-01 1.96840826e-01 1.55528554e-01 7.60631835e-02
 1.12758202e-01 1.70109356e-01 0.00000000e+00 0.00000000e+00
 0.00000000e+00 0.00000000e+00 1.39732685e-01 1.79829891e-02
 6.78007290e-02 9.86634265e-02 0.00000000e+00 0.00000000e+00
 0.00000000e+00 0.00000000e+00 0.00000000e+00 8.04374241e-03
 1.15309842e-01 1.37302552e-01 0.00000000e+00 1.87120292e-01
 0.00000000e+00 1.50668287e-01 1.18590522e-01 2.18712029e-02
 3.06196841e-02 2.06561361e-01 0.00000000e+00 7.54556501e-02
 5.56500608e-02 0.00000000e+00 6.98663426e-02 0.00000000e+00
 0.00000000e+00 8.72417983e-02 1.50668287e-01 1.43377886e-01
 0.00000000e+00 7.84933171e-03 0.00000000e+00 1.56743621e-01
 0.00000000e+00 2.10206561e-01 4.86026731e-02 5.89307412e-02
 2.21142163e-01 5.26123937e-02 1.65249089e-02 0.00000000e+00
 0.00000000e+00 7.36330498e-02 0.00000000e+00 2.15066829e-02
 3.26852977e-02 7.89793439e-02 0.00000000e+00 9.96354800e-02
 4.13122722e-02 0.00000000e+00 0.00000000e+00 3.56014581e-02
 2.38153098e-01 3.76670717e-02 5.46780073e-02 1.77399757e-01
 5.06682868e-02 1.55528554e-01 3.92466586e-03 0.00000000e+00
 0.00000000e+00 0.00000000e+00 0.00000000e+00 1.53098420e-01
 1.33657351e-02 7.07168894e-02 1.05710814e-01 0.00000000e+00
 1.27582017e-01 1.04495747e-01 0.00000000e+00 0.00000000e+00
 9.30741191e-02 1.81044957e-01 3.66950182e-02 9.17375456e-02
 8.62697448e-02 1.00850547e-01 2.75820170e-01 1.30012151e-01
 0.00000000e+00 1.91980559e-01 1.51883354e-02 2.01701094e-02
 1.21506683e-01 0.00000000e+00 0.00000000e+00 9.86634265e-02
 2.90400972e-02 4.56865128e-02 1.21506683e-03 1.25151883e-01
 0.00000000e+00 0.00000000e+00 0.00000000e+00 0.00000000e+00
 8.35965978e-02 1.15309842e-01 0.00000000e+00 0.00000000e+00]
pyseer
y_true:  [0. 0. 0. 1. 1. 1. 1. 1. 1. 0. 0. 0. 1. 1. 1. 0. 0. 0. 0. 0. 0. 0. 0. 0.
 1. 1. 1. 1. 1. 1. 0. 0. 0. 0. 0. 0. 0. 0. 0. 0. 0. 0. 0. 0. 0. 0. 0. 0.
 0. 0. 0. 0. 0. 0. 0. 0. 0. 0. 0. 0. 0. 0. 0. 0. 0. 0. 0. 0. 0. 0. 0. 0.
 0. 0. 0. 0. 0. 0. 0. 0. 0. 0. 0. 0. 0. 0. 0. 0. 0. 0. 0. 0. 0. 0. 0. 0.
 0. 0. 0. 0. 0. 0. 0. 0. 0. 0. 0. 0. 0. 0. 0. 0. 0. 0. 0. 0. 0. 0. 0. 0.
 0. 0. 0. 0. 0. 0. 0. 0. 0. 0. 0. 0. 0. 0. 0. 0. 0. 0. 0. 0. 0. 0. 0. 0.
 0. 0. 0. 0. 0. 0. 0. 0. 0. 0. 0. 0. 0. 0. 0. 0. 0. 0. 0. 0. 0. 0. 0. 0.
 0. 0. 0. 0. 0. 0. 0. 0. 0. 0. 0. 0. 0. 0. 0. 0. 0. 0. 0. 0. 0. 0. 0. 0.
 0. 0. 0. 0. 0. 0. 0. 0.]
y_pred:  [1. 1. 1. 1. 1. 1. 1. 1. 0. 1. 1. 1. 1. 1. 1. 1. 1. 1. 1. 1. 1. 1. 1. 0.
 1. 1. 1. 1. 1. 1. 0. 0. 0. 1. 0. 1. 0. 0. 0. 0. 0. 0. 0. 0. 0. 1. 0. 0.
 0. 0. 1. 0. 0. 1. 0. 0. 0. 1. 0. 0. 0. 0. 1. 0. 1. 0. 1. 0. 0. 0. 0. 0.
 0. 0. 1. 0. 1. 0. 0. 1. 0. 0. 1. 1. 0. 1. 0. 0. 0. 1. 1. 0. 0. 1. 0. 0.
 0. 0. 1. 0. 0. 0. 0. 0. 0. 0. 0. 0. 1. 1. 0. 1. 0. 1. 1. 0. 0. 1. 0. 0.
 0. 0. 0. 0. 0. 0. 1. 1. 0. 0. 0. 1. 0. 1. 0. 0. 1. 0. 0. 0. 0. 0. 0. 0.
 0. 0. 0. 0. 0. 0. 0. 0. 1. 0. 0. 1. 0. 1. 0. 0. 0. 0. 0. 1. 0. 0. 0. 0.
 1. 0. 0. 0. 0. 1. 0. 0. 0. 0. 1. 1. 0. 1. 0. 0. 1. 0. 0. 0. 0. 0. 0. 1.
 0. 0. 0. 0. 0. 1. 0. 0.]
Time taken: 22.993671894073486 seconds
Running combination 38 of 50
Fitting RandomForest...
Fitting Adaboost...
Fitting AdaBoost_2...
Fitting et...
Fitting gbc...
Fitting gbc_2...
Fitting gbc_3...
Fitting dt...
Fitting lr...
Fitting Lasso_1...
Fitting Lasso_2...
Fitting Lasso_3...
Fitting Lasso_4...
Fitting elasticnet...
VCF file created successfully.
pyseer stderr:  Read 1000 phenotypes
Detected continuous phenotype
Reading all variants

0variants [00:00, ?variants/s]
54variants [00:00, 538.49variants/s]
108variants [00:00, 475.00variants/s]
164variants [00:00, 509.50variants/s]
198variants [00:00, 514.05variants/s]
Applying correlation filtering

  0%|          | 0/198 [00:00<?, ?variants/s]
100%|██████████| 198/198 [00:00<00:00, 2698.97variants/s]
Fitting elastic net to top 148 variants
Best penalty (lambda) from cross-validation: 4.48E+00
Best R^2 from cross-validation: 0.620
Finding and printing selected variants
198 loaded variants
50 pre-filtered variants
148 tested variants
146 printed variants

True importance standardized:  [1.         1.         1.         0.80381593 0.80381593 0.80381593
 0.50374364 0.50374364 0.50374364 0.84086949 0.84086949 0.84086949
 0.85412498 0.85412498 0.85412498 0.49995995 0.49995995 0.49995995
 0.81497228 0.81497228 0.81497228 0.36891598 0.36891598 0.36891598
 0.36217514 0.36217514 0.36217514 0.31519236 0.31519236 0.31519236
 0.         0.         0.         0.         0.         0.
 0.         0.         0.         0.         0.         0.
 0.         0.         0.         0.         0.         0.
 0.         0.         0.         0.         0.         0.
 0.         0.         0.         0.         0.         0.
 0.         0.         0.         0.         0.         0.
 0.         0.         0.         0.         0.         0.
 0.         0.         0.         0.         0.         0.
 0.         0.         0.         0.         0.         0.
 0.         0.         0.         0.         0.         0.
 0.         0.         0.         0.         0.         0.
 0.         0.         0.         0.         0.         0.
 0.         0.         0.         0.         0.         0.
 0.         0.         0.         0.         0.         0.
 0.         0.         0.         0.         0.         0.
 0.         0.         0.         0.         0.         0.
 0.         0.         0.         0.         0.         0.
 0.         0.         0.         0.         0.         0.
 0.         0.         0.         0.         0.         0.
 0.         0.         0.         0.         0.         0.
 0.         0.         0.         0.         0.         0.
 0.         0.         0.         0.         0.         0.
 0.         0.         0.         0.         0.         0.
 0.         0.         0.         0.         0.         0.
 0.         0.         0.         0.         0.         0.
 0.         0.         0.         0.         0.         0.
 0.         0.         0.         0.         0.         0.
 0.         0.         0.         0.         0.         0.
 0.         0.        ]
Normalized importance:  [1.         1.         1.         0.73542091 0.73542091 0.73542091
 0.181379   0.181379   0.181379   0.62726904 0.62726904 0.62726904
 0.79554837 0.79554837 0.79554837 0.41491615 0.41491615 0.41491615
 0.48249153 0.48249153 0.48249153 0.05934621 0.         0.05934621
 0.10027335 0.10027335 0.10027335 0.0929513  0.0929513  0.0929513
 0.         0.         0.         0.         0.         0.
 0.         0.         0.         0.         0.         0.
 0.         0.         0.         0.         0.         0.
 0.         0.         0.         0.         0.         0.
 0.         0.         0.         0.         0.         0.
 0.         0.         0.         0.         0.         0.
 0.         0.         0.         0.01054201 0.         0.
 0.         0.         0.         0.         0.         0.
 0.         0.         0.         0.         0.         0.
 0.         0.         0.         0.         0.         0.
 0.         0.         0.         0.         0.         0.07927144
 0.         0.         0.         0.         0.         0.
 0.         0.         0.         0.         0.         0.
 0.         0.         0.         0.         0.         0.01732256
 0.         0.         0.01685533 0.         0.         0.
 0.         0.         0.         0.         0.         0.
 0.         0.         0.         0.         0.         0.
 0.         0.         0.         0.         0.         0.
 0.         0.         0.         0.         0.         0.
 0.         0.         0.         0.         0.         0.01292011
 0.         0.         0.         0.         0.         0.02035471
 0.         0.         0.         0.         0.01192729 0.
 0.         0.         0.         0.         0.         0.
 0.         0.         0.         0.         0.         0.
 0.         0.         0.         0.         0.         0.
 0.         0.         0.         0.         0.01273007 0.
 0.         0.         0.         0.         0.01234138 0.
 0.         0.         0.         0.         0.         0.
 0.         0.        ]
deepbreaks
y_true:  [1. 1. 1. 1. 1. 1. 0. 0. 0. 1. 1. 1. 1. 1. 1. 0. 0. 0. 1. 1. 1. 0. 0. 0.
 0. 0. 0. 0. 0. 0. 0. 0. 0. 0. 0. 0. 0. 0. 0. 0. 0. 0. 0. 0. 0. 0. 0. 0.
 0. 0. 0. 0. 0. 0. 0. 0. 0. 0. 0. 0. 0. 0. 0. 0. 0. 0. 0. 0. 0. 0. 0. 0.
 0. 0. 0. 0. 0. 0. 0. 0. 0. 0. 0. 0. 0. 0. 0. 0. 0. 0. 0. 0. 0. 0. 0. 0.
 0. 0. 0. 0. 0. 0. 0. 0. 0. 0. 0. 0. 0. 0. 0. 0. 0. 0. 0. 0. 0. 0. 0. 0.
 0. 0. 0. 0. 0. 0. 0. 0. 0. 0. 0. 0. 0. 0. 0. 0. 0. 0. 0. 0. 0. 0. 0. 0.
 0. 0. 0. 0. 0. 0. 0. 0. 0. 0. 0. 0. 0. 0. 0. 0. 0. 0. 0. 0. 0. 0. 0. 0.
 0. 0. 0. 0. 0. 0. 0. 0. 0. 0. 0. 0. 0. 0. 0. 0. 0. 0. 0. 0. 0. 0. 0. 0.
 0. 0. 0. 0. 0. 0. 0. 0.]
y_pred:  [1. 1. 1. 1. 1. 1. 1. 1. 1. 1. 1. 1. 1. 1. 1. 1. 1. 1. 1. 1. 1. 0. 0. 0.
 0. 0. 0. 0. 0. 0. 0. 0. 0. 0. 0. 0. 0. 0. 0. 0. 0. 0. 0. 0. 0. 0. 0. 0.
 0. 0. 0. 0. 0. 0. 0. 0. 0. 0. 0. 0. 0. 0. 0. 0. 0. 0. 0. 0. 0. 0. 0. 0.
 0. 0. 0. 0. 0. 0. 0. 0. 0. 0. 0. 0. 0. 0. 0. 0. 0. 0. 0. 0. 0. 0. 0. 0.
 0. 0. 0. 0. 0. 0. 0. 0. 0. 0. 0. 0. 0. 0. 0. 0. 0. 0. 0. 0. 0. 0. 0. 0.
 0. 0. 0. 0. 0. 0. 0. 0. 0. 0. 0. 0. 0. 0. 0. 0. 0. 0. 0. 0. 0. 0. 0. 0.
 0. 0. 0. 0. 0. 0. 0. 0. 0. 0. 0. 0. 0. 0. 0. 0. 0. 0. 0. 0. 0. 0. 0. 0.
 0. 0. 0. 0. 0. 0. 0. 0. 0. 0. 0. 0. 0. 0. 0. 0. 0. 0. 0. 0. 0. 0. 0. 0.
 0. 0. 0. 0. 0. 0. 0. 0.]
Normalized importance:  [9.52569170e-01 6.95652174e-02 2.53754941e-01 8.30039526e-01
 1.40711462e-01 2.68774704e-02 4.15019763e-01 1.21739130e-01
 1.17391304e-01 6.67984190e-01 2.39130435e-01 1.50197628e-01
 1.00000000e+00 9.56521739e-02 8.06324111e-02 3.73517787e-01
 1.84189723e-01 2.09486166e-01 8.30039526e-01 1.42292490e-02
 3.38735178e-02 4.54545455e-01 1.44664032e-01 0.00000000e+00
 3.37944664e-01 6.67984190e-02 1.76284585e-01 3.87351779e-01
 1.09090909e-01 1.19762846e-02 0.00000000e+00 0.00000000e+00
 4.98023715e-02 0.00000000e+00 0.00000000e+00 9.56521739e-02
 3.62845850e-02 0.00000000e+00 6.79841897e-02 0.00000000e+00
 5.84980237e-02 1.71146245e-02 1.00790514e-01 1.01581028e-01
 0.00000000e+00 0.00000000e+00 1.37944664e-02 3.47430830e-02
 3.49802372e-02 9.60474308e-02 0.00000000e+00 0.00000000e+00
 1.33596838e-01 0.00000000e+00 1.75494071e-01 4.34782609e-02
 0.00000000e+00 6.91699605e-02 5.57312253e-02 0.00000000e+00
 3.32411067e-02 0.00000000e+00 4.54545455e-03 5.25691700e-02
 8.26086957e-04 0.00000000e+00 1.30434783e-01 0.00000000e+00
 0.00000000e+00 6.36363636e-02 1.53359684e-01 0.00000000e+00
 2.19367589e-02 1.19762846e-01 0.00000000e+00 8.85375494e-02
 1.71936759e-01 5.17786561e-03 0.00000000e+00 9.05138340e-02
 5.84980237e-02 6.91699605e-02 6.83794466e-02 1.34387352e-01
 2.38735178e-03 8.69565217e-02 4.74308300e-02 3.17391304e-02
 8.57707510e-02 8.33992095e-03 5.65217391e-02 0.00000000e+00
 0.00000000e+00 7.35177866e-02 1.15415020e-01 2.73122530e-01
 8.49802372e-02 0.00000000e+00 0.00000000e+00 1.23320158e-01
 9.88142292e-02 0.00000000e+00 0.00000000e+00 6.91699605e-02
 8.65612648e-02 1.28063241e-01 6.12648221e-02 0.00000000e+00
 6.83794466e-02 1.73517787e-01 8.97233202e-02 1.30434783e-02
 1.28063241e-01 7.58893281e-02 7.23320158e-02 1.04347826e-01
 1.92885375e-01 0.00000000e+00 0.00000000e+00 1.23320158e-01
 3.44664032e-02 6.48221344e-02 0.00000000e+00 1.45454545e-01
 8.30039526e-02 1.05138340e-01 0.00000000e+00 0.00000000e+00
 9.68379447e-02 4.74308300e-02 1.46640316e-01 0.00000000e+00
 0.00000000e+00 6.32411067e-02 4.90118577e-03 5.37549407e-02
 5.57312253e-02 1.44664032e-01 9.48616601e-02 0.00000000e+00
 2.94466403e-02 2.96442688e-02 1.00395257e-01 0.00000000e+00
 4.11067194e-03 0.00000000e+00 1.01185771e-01 5.61264822e-02
 1.92490119e-01 1.89723320e-01 1.01185771e-01 1.70355731e-02
 3.63636364e-02 4.58498024e-02 0.00000000e+00 1.28458498e-01
 0.00000000e+00 9.40711462e-02 0.00000000e+00 0.00000000e+00
 1.24901186e-01 7.19367589e-02 1.35573123e-01 6.08695652e-02
 4.03162055e-02 1.01185771e-02 0.00000000e+00 0.00000000e+00
 0.00000000e+00 2.90513834e-02 6.04743083e-02 5.25691700e-03
 0.00000000e+00 1.45454545e-01 0.00000000e+00 0.00000000e+00
 4.82213439e-02 6.08695652e-02 0.00000000e+00 3.22134387e-02
 0.00000000e+00 5.73122530e-02 2.28853755e-02 7.90513834e-02
 1.05928854e-01 9.72332016e-02 1.66007905e-01 2.77075099e-03
 0.00000000e+00 5.45454545e-02 1.87351779e-01 1.39920949e-01
 1.21739130e-01 6.08695652e-03 1.26877470e-01 3.41106719e-02
 7.43083004e-02 0.00000000e+00 0.00000000e+00 0.00000000e+00]
pyseer
y_true:  [1. 1. 1. 1. 1. 1. 0. 0. 0. 1. 1. 1. 1. 1. 1. 0. 0. 0. 1. 1. 1. 0. 0. 0.
 0. 0. 0. 0. 0. 0. 0. 0. 0. 0. 0. 0. 0. 0. 0. 0. 0. 0. 0. 0. 0. 0. 0. 0.
 0. 0. 0. 0. 0. 0. 0. 0. 0. 0. 0. 0. 0. 0. 0. 0. 0. 0. 0. 0. 0. 0. 0. 0.
 0. 0. 0. 0. 0. 0. 0. 0. 0. 0. 0. 0. 0. 0. 0. 0. 0. 0. 0. 0. 0. 0. 0. 0.
 0. 0. 0. 0. 0. 0. 0. 0. 0. 0. 0. 0. 0. 0. 0. 0. 0. 0. 0. 0. 0. 0. 0. 0.
 0. 0. 0. 0. 0. 0. 0. 0. 0. 0. 0. 0. 0. 0. 0. 0. 0. 0. 0. 0. 0. 0. 0. 0.
 0. 0. 0. 0. 0. 0. 0. 0. 0. 0. 0. 0. 0. 0. 0. 0. 0. 0. 0. 0. 0. 0. 0. 0.
 0. 0. 0. 0. 0. 0. 0. 0. 0. 0. 0. 0. 0. 0. 0. 0. 0. 0. 0. 0. 0. 0. 0. 0.
 0. 0. 0. 0. 0. 0. 0. 0.]
y_pred:  [1. 0. 1. 1. 1. 0. 1. 1. 1. 1. 1. 1. 1. 1. 0. 1. 1. 1. 1. 0. 0. 1. 1. 0.
 1. 0. 1. 1. 1. 0. 0. 0. 0. 0. 0. 1. 0. 0. 0. 0. 0. 0. 1. 1. 0. 0. 0. 0.
 0. 1. 0. 0. 1. 0. 1. 0. 0. 0. 0. 0. 0. 0. 0. 0. 0. 0. 1. 0. 0. 0. 1. 0.
 0. 1. 0. 1. 1. 0. 0. 1. 0. 0. 0. 1. 0. 1. 0. 0. 1. 0. 0. 0. 0. 0. 1. 1.
 1. 0. 0. 1. 1. 0. 0. 0. 1. 1. 0. 0. 0. 1. 1. 0. 1. 0. 0. 1. 1. 0. 0. 1.
 0. 0. 0. 1. 0. 1. 0. 0. 1. 0. 1. 0. 0. 0. 0. 0. 0. 1. 1. 0. 0. 0. 1. 0.
 0. 0. 1. 0. 1. 1. 1. 0. 0. 0. 0. 1. 0. 1. 0. 0. 1. 0. 1. 0. 0. 0. 0. 0.
 0. 0. 0. 0. 0. 1. 0. 0. 0. 0. 0. 0. 0. 0. 0. 0. 1. 1. 1. 0. 0. 0. 1. 1.
 1. 0. 1. 0. 0. 0. 0. 0.]
Time taken: 23.14600372314453 seconds
Running combination 39 of 50
Fitting RandomForest...
Fitting Adaboost...
Fitting AdaBoost_2...
Fitting et...
Fitting gbc...
Fitting gbc_2...
Fitting gbc_3...
Fitting dt...
Fitting lr...
Fitting Lasso_1...
Fitting Lasso_2...
Fitting Lasso_3...
Fitting Lasso_4...
Fitting elasticnet...
VCF file created successfully.
pyseer stderr:  Read 1000 phenotypes
Detected continuous phenotype
Reading all variants

0variants [00:00, ?variants/s]
53variants [00:00, 524.06variants/s]
106variants [00:00, 470.66variants/s]
162variants [00:00, 508.72variants/s]
198variants [00:00, 510.46variants/s]
Applying correlation filtering

  0%|          | 0/198 [00:00<?, ?variants/s]
100%|██████████| 198/198 [00:00<00:00, 2694.27variants/s]
Fitting elastic net to top 148 variants
Best penalty (lambda) from cross-validation: 8.93E+00
Best R^2 from cross-validation: 0.460
Finding and printing selected variants
198 loaded variants
50 pre-filtered variants
148 tested variants
136 printed variants

True importance standardized:  [0.17867008 0.17867008 0.17867008 0.38192986 0.38192986 0.38192986
 0.56953246 0.56953246 0.56953246 0.42846919 0.42846919 0.42846919
 1.         1.         1.         0.1401725  0.1401725  0.1401725
 0.64680573 0.64680573 0.64680573 0.5412161  0.5412161  0.5412161
 0.47190984 0.47190984 0.47190984 0.88415431 0.88415431 0.88415431
 0.         0.         0.         0.         0.         0.
 0.         0.         0.         0.         0.         0.
 0.         0.         0.         0.         0.         0.
 0.         0.         0.         0.         0.         0.
 0.         0.         0.         0.         0.         0.
 0.         0.         0.         0.         0.         0.
 0.         0.         0.         0.         0.         0.
 0.         0.         0.         0.         0.         0.
 0.         0.         0.         0.         0.         0.
 0.         0.         0.         0.         0.         0.
 0.         0.         0.         0.         0.         0.
 0.         0.         0.         0.         0.         0.
 0.         0.         0.         0.         0.         0.
 0.         0.         0.         0.         0.         0.
 0.         0.         0.         0.         0.         0.
 0.         0.         0.         0.         0.         0.
 0.         0.         0.         0.         0.         0.
 0.         0.         0.         0.         0.         0.
 0.         0.         0.         0.         0.         0.
 0.         0.         0.         0.         0.         0.
 0.         0.         0.         0.         0.         0.
 0.         0.         0.         0.         0.         0.
 0.         0.         0.         0.         0.         0.
 0.         0.         0.         0.         0.         0.
 0.         0.         0.         0.         0.         0.
 0.         0.         0.         0.         0.         0.
 0.         0.         0.         0.         0.         0.
 0.         0.         0.         0.         0.         0.
 0.         0.        ]
Normalized importance:  [0.         0.         0.         0.06650408 0.06650408 0.
 0.47688948 0.47688948 0.47688948 0.28963427 0.28963427 0.28963427
 1.         1.         1.         0.03635037 0.         0.
 0.50119652 0.50119652 0.50119652 0.30249136 0.30249136 0.30249136
 0.24648459 0.24648459 0.24648459 0.71981719 0.71981719 0.71981719
 0.         0.         0.         0.         0.         0.
 0.         0.         0.         0.         0.         0.
 0.         0.         0.         0.         0.         0.
 0.         0.         0.         0.         0.         0.
 0.01031233 0.         0.         0.         0.         0.
 0.         0.         0.         0.         0.         0.
 0.         0.         0.         0.         0.         0.
 0.         0.         0.         0.         0.         0.
 0.         0.         0.         0.         0.         0.
 0.         0.         0.         0.         0.         0.
 0.         0.         0.         0.         0.         0.
 0.         0.         0.         0.         0.         0.
 0.         0.         0.         0.         0.         0.01709939
 0.         0.         0.         0.         0.         0.
 0.         0.         0.         0.         0.         0.
 0.         0.         0.         0.03652381 0.         0.
 0.         0.         0.         0.05277365 0.         0.
 0.         0.         0.0342022  0.         0.         0.
 0.         0.02991861 0.         0.         0.         0.
 0.         0.         0.         0.         0.0220928  0.
 0.         0.         0.         0.         0.         0.
 0.         0.         0.         0.         0.         0.
 0.         0.         0.         0.         0.         0.
 0.         0.         0.         0.0284004  0.         0.
 0.         0.         0.         0.         0.         0.
 0.         0.         0.         0.         0.         0.
 0.         0.         0.         0.         0.01857395 0.
 0.         0.         0.         0.         0.         0.
 0.         0.        ]
deepbreaks
y_true:  [0. 0. 0. 0. 0. 0. 1. 1. 1. 0. 0. 0. 1. 1. 1. 0. 0. 0. 1. 1. 1. 1. 1. 1.
 0. 0. 0. 1. 1. 1. 0. 0. 0. 0. 0. 0. 0. 0. 0. 0. 0. 0. 0. 0. 0. 0. 0. 0.
 0. 0. 0. 0. 0. 0. 0. 0. 0. 0. 0. 0. 0. 0. 0. 0. 0. 0. 0. 0. 0. 0. 0. 0.
 0. 0. 0. 0. 0. 0. 0. 0. 0. 0. 0. 0. 0. 0. 0. 0. 0. 0. 0. 0. 0. 0. 0. 0.
 0. 0. 0. 0. 0. 0. 0. 0. 0. 0. 0. 0. 0. 0. 0. 0. 0. 0. 0. 0. 0. 0. 0. 0.
 0. 0. 0. 0. 0. 0. 0. 0. 0. 0. 0. 0. 0. 0. 0. 0. 0. 0. 0. 0. 0. 0. 0. 0.
 0. 0. 0. 0. 0. 0. 0. 0. 0. 0. 0. 0. 0. 0. 0. 0. 0. 0. 0. 0. 0. 0. 0. 0.
 0. 0. 0. 0. 0. 0. 0. 0. 0. 0. 0. 0. 0. 0. 0. 0. 0. 0. 0. 0. 0. 0. 0. 0.
 0. 0. 0. 0. 0. 0. 0. 0.]
y_pred:  [0. 0. 0. 0. 0. 0. 1. 1. 1. 1. 1. 1. 1. 1. 1. 0. 0. 0. 1. 1. 1. 1. 1. 1.
 0. 0. 0. 1. 1. 1. 0. 0. 0. 0. 0. 0. 0. 0. 0. 0. 0. 0. 0. 0. 0. 0. 0. 0.
 0. 0. 0. 0. 0. 0. 0. 0. 0. 0. 0. 0. 0. 0. 0. 0. 0. 0. 0. 0. 0. 0. 0. 0.
 0. 0. 0. 0. 0. 0. 0. 0. 0. 0. 0. 0. 0. 0. 0. 0. 0. 0. 0. 0. 0. 0. 0. 0.
 0. 0. 0. 0. 0. 0. 0. 0. 0. 0. 0. 0. 0. 0. 0. 0. 0. 0. 0. 0. 0. 0. 0. 0.
 0. 0. 0. 0. 0. 0. 0. 0. 0. 0. 0. 0. 0. 0. 0. 0. 0. 0. 0. 0. 0. 0. 0. 0.
 0. 0. 0. 0. 0. 0. 0. 0. 0. 0. 0. 0. 0. 0. 0. 0. 0. 0. 0. 0. 0. 0. 0. 0.
 0. 0. 0. 0. 0. 0. 0. 0. 0. 0. 0. 0. 0. 0. 0. 0. 0. 0. 0. 0. 0. 0. 0. 0.
 0. 0. 0. 0. 0. 0. 0. 0.]
Normalized importance:  [2.29773463e-01 3.65695793e-02 5.40453074e-03 3.02588997e-01
 2.66990291e-01 5.40453074e-02 6.27831715e-01 6.53721683e-02
 3.89967638e-01 4.61165049e-01 2.00647249e-01 3.36569579e-01
 1.00000000e+00 3.81877023e-01 6.68284790e-01 1.79611650e-01
 1.33818770e-01 8.89967638e-03 7.15210356e-01 2.00647249e-01
 3.70550162e-01 5.37216828e-01 2.21682848e-01 2.34627832e-01
 6.26213592e-01 3.22006472e-01 2.23300971e-02 8.30097087e-01
 3.73786408e-01 4.93527508e-01 1.68284790e-02 0.00000000e+00
 3.54368932e-02 0.00000000e+00 7.13592233e-02 3.52750809e-03
 0.00000000e+00 8.00970874e-02 0.00000000e+00 0.00000000e+00
 1.03398058e-01 0.00000000e+00 4.75728155e-03 8.67313916e-02
 1.10032362e-01 7.68608414e-02 3.33333333e-02 2.45954693e-01
 1.65048544e-01 1.05501618e-02 1.03074434e-01 3.00970874e-02
 0.00000000e+00 7.54045307e-02 1.09061489e-01 1.97411003e-01
 1.89320388e-02 0.00000000e+00 0.00000000e+00 0.00000000e+00
 1.34304207e-01 0.00000000e+00 0.00000000e+00 3.49514563e-02
 0.00000000e+00 9.09385113e-03 0.00000000e+00 1.05501618e-01
 1.30420712e-01 1.81229773e-01 1.17637540e-01 4.59546926e-02
 1.90938511e-02 1.59708738e-01 1.02427184e-01 0.00000000e+00
 0.00000000e+00 0.00000000e+00 1.01941748e-02 1.13106796e-01
 4.91909385e-02 1.86084142e-02 1.63430421e-01 0.00000000e+00
 1.00647249e-01 0.00000000e+00 1.65048544e-01 0.00000000e+00
 0.00000000e+00 5.35598706e-03 0.00000000e+00 0.00000000e+00
 0.00000000e+00 1.47249191e-02 0.00000000e+00 1.19902913e-02
 1.99029126e-02 1.40291262e-01 0.00000000e+00 0.00000000e+00
 2.78317152e-02 1.05016181e-02 2.18446602e-02 1.23300971e-01
 0.00000000e+00 1.76375405e-01 0.00000000e+00 7.45954693e-02
 2.00647249e-01 0.00000000e+00 0.00000000e+00 9.17475728e-02
 8.73786408e-02 1.27184466e-01 8.81877023e-02 3.60841424e-02
 1.00970874e-01 3.81877023e-02 0.00000000e+00 0.00000000e+00
 3.39805825e-02 0.00000000e+00 8.78640777e-02 2.03883495e-01
 6.92556634e-03 1.15695793e-01 9.28802589e-02 3.23624595e-04
 2.23300971e-01 1.11326861e-01 0.00000000e+00 2.45954693e-01
 0.00000000e+00 1.71521036e-01 2.47572816e-01 2.63754045e-02
 7.29773463e-02 3.33333333e-02 0.00000000e+00 1.77993528e-01
 6.86084142e-02 5.59870550e-02 4.11003236e-02 3.41423948e-02
 3.60841424e-02 0.00000000e+00 1.65048544e-01 0.00000000e+00
 1.97411003e-01 0.00000000e+00 4.72491909e-02 2.07119741e-01
 2.07119741e-02 1.16343042e-01 9.67637540e-02 0.00000000e+00
 0.00000000e+00 2.99352751e-01 0.00000000e+00 5.03236246e-02
 4.49838188e-02 3.85113269e-02 4.49838188e-02 0.00000000e+00
 0.00000000e+00 5.14563107e-02 0.00000000e+00 0.00000000e+00
 1.26213592e-01 0.00000000e+00 0.00000000e+00 2.52427184e-01
 0.00000000e+00 4.07766990e-02 0.00000000e+00 0.00000000e+00
 1.15533981e-01 0.00000000e+00 1.18122977e-01 0.00000000e+00
 1.30582524e-01 0.00000000e+00 0.00000000e+00 0.00000000e+00
 1.32847896e-01 8.02588997e-02 0.00000000e+00 1.02103560e-01
 9.59546926e-02 0.00000000e+00 2.24919094e-01 1.20226537e-02
 0.00000000e+00 1.53236246e-01 2.15210356e-02 0.00000000e+00
 0.00000000e+00 9.95145631e-02 0.00000000e+00 0.00000000e+00]
pyseer
y_true:  [0. 0. 0. 0. 0. 0. 1. 1. 1. 0. 0. 0. 1. 1. 1. 0. 0. 0. 1. 1. 1. 1. 1. 1.
 0. 0. 0. 1. 1. 1. 0. 0. 0. 0. 0. 0. 0. 0. 0. 0. 0. 0. 0. 0. 0. 0. 0. 0.
 0. 0. 0. 0. 0. 0. 0. 0. 0. 0. 0. 0. 0. 0. 0. 0. 0. 0. 0. 0. 0. 0. 0. 0.
 0. 0. 0. 0. 0. 0. 0. 0. 0. 0. 0. 0. 0. 0. 0. 0. 0. 0. 0. 0. 0. 0. 0. 0.
 0. 0. 0. 0. 0. 0. 0. 0. 0. 0. 0. 0. 0. 0. 0. 0. 0. 0. 0. 0. 0. 0. 0. 0.
 0. 0. 0. 0. 0. 0. 0. 0. 0. 0. 0. 0. 0. 0. 0. 0. 0. 0. 0. 0. 0. 0. 0. 0.
 0. 0. 0. 0. 0. 0. 0. 0. 0. 0. 0. 0. 0. 0. 0. 0. 0. 0. 0. 0. 0. 0. 0. 0.
 0. 0. 0. 0. 0. 0. 0. 0. 0. 0. 0. 0. 0. 0. 0. 0. 0. 0. 0. 0. 0. 0. 0. 0.
 0. 0. 0. 0. 0. 0. 0. 0.]
y_pred:  [1. 0. 0. 1. 1. 0. 1. 0. 1. 1. 1. 1. 1. 1. 1. 1. 1. 0. 1. 1. 1. 1. 1. 1.
 1. 1. 0. 1. 1. 1. 0. 0. 0. 0. 0. 0. 0. 0. 0. 0. 1. 0. 0. 0. 1. 0. 0. 1.
 1. 0. 1. 0. 0. 0. 1. 1. 0. 0. 0. 0. 1. 0. 0. 0. 0. 0. 0. 1. 1. 1. 1. 0.
 0. 1. 1. 0. 0. 0. 0. 1. 0. 0. 1. 0. 0. 0. 1. 0. 0. 0. 0. 0. 0. 0. 0. 0.
 0. 1. 0. 0. 0. 0. 0. 1. 0. 1. 0. 0. 1. 0. 0. 0. 0. 1. 0. 0. 0. 0. 0. 0.
 0. 0. 0. 1. 0. 1. 0. 0. 1. 1. 0. 1. 0. 1. 1. 0. 0. 0. 0. 1. 0. 0. 0. 0.
 0. 0. 1. 0. 1. 0. 0. 1. 0. 1. 0. 0. 0. 1. 0. 0. 0. 0. 0. 0. 0. 0. 0. 0.
 1. 0. 0. 1. 0. 0. 0. 0. 1. 0. 1. 0. 1. 0. 0. 0. 1. 0. 0. 1. 0. 0. 1. 0.
 0. 1. 0. 0. 0. 0. 0. 0.]
Time taken: 22.333900928497314 seconds
Running combination 40 of 50
Fitting RandomForest...
Fitting Adaboost...
Fitting AdaBoost_2...
Fitting et...
Fitting gbc...
Fitting gbc_2...
Fitting gbc_3...
Fitting dt...
Fitting lr...
Fitting Lasso_1...
Fitting Lasso_2...
Fitting Lasso_3...
Fitting Lasso_4...
Fitting elasticnet...
VCF file created successfully.
pyseer stderr:  Read 1000 phenotypes
Detected continuous phenotype
Reading all variants

0variants [00:00, ?variants/s]
54variants [00:00, 535.96variants/s]
108variants [00:00, 472.71variants/s]
164variants [00:00, 506.44variants/s]
198variants [00:00, 511.13variants/s]
Applying correlation filtering

  0%|          | 0/198 [00:00<?, ?variants/s]
100%|██████████| 198/198 [00:00<00:00, 2572.41variants/s]
Fitting elastic net to top 148 variants
Best penalty (lambda) from cross-validation: 6.05E+01
Best R^2 from cross-validation: 0.431
Finding and printing selected variants
198 loaded variants
50 pre-filtered variants
148 tested variants
137 printed variants

True importance standardized:  [0.1837462  0.1837462  0.1837462  0.46063966 0.46063966 0.46063966
 0.95589334 0.95589334 0.95589334 1.         1.         1.
 0.96526301 0.96526301 0.96526301 0.99141813 0.99141813 0.99141813
 0.27142099 0.27142099 0.27142099 0.93000055 0.93000055 0.93000055
 0.82939722 0.82939722 0.82939722 0.91014242 0.91014242 0.91014242
 0.         0.         0.         0.         0.         0.
 0.         0.         0.         0.         0.         0.
 0.         0.         0.         0.         0.         0.
 0.         0.         0.         0.         0.         0.
 0.         0.         0.         0.         0.         0.
 0.         0.         0.         0.         0.         0.
 0.         0.         0.         0.         0.         0.
 0.         0.         0.         0.         0.         0.
 0.         0.         0.         0.         0.         0.
 0.         0.         0.         0.         0.         0.
 0.         0.         0.         0.         0.         0.
 0.         0.         0.         0.         0.         0.
 0.         0.         0.         0.         0.         0.
 0.         0.         0.         0.         0.         0.
 0.         0.         0.         0.         0.         0.
 0.         0.         0.         0.         0.         0.
 0.         0.         0.         0.         0.         0.
 0.         0.         0.         0.         0.         0.
 0.         0.         0.         0.         0.         0.
 0.         0.         0.         0.         0.         0.
 0.         0.         0.         0.         0.         0.
 0.         0.         0.         0.         0.         0.
 0.         0.         0.         0.         0.         0.
 0.         0.         0.         0.         0.         0.
 0.         0.         0.         0.         0.         0.
 0.         0.         0.         0.         0.         0.
 0.         0.         0.         0.         0.         0.
 0.         0.         0.         0.         0.         0.
 0.         0.        ]
Normalized importance:  [0.         0.         0.         0.06933084 0.06933084 0.06933084
 0.50353654 0.50353654 0.50353654 1.         1.         1.
 0.64239506 0.64239506 0.64239506 0.55186152 0.55186152 0.55186152
 0.07033224 0.07033224 0.07033224 0.680879   0.680879   0.680879
 0.98065483 0.98065483 0.98065483 0.62842886 0.62842886 0.62842886
 0.         0.         0.         0.02411658 0.         0.
 0.00419799 0.         0.         0.01878474 0.         0.
 0.02370615 0.         0.         0.         0.         0.06017698
 0.         0.         0.         0.         0.03504594 0.
 0.         0.         0.         0.         0.01927885 0.
 0.         0.         0.         0.         0.         0.
 0.         0.         0.         0.         0.03266313 0.
 0.         0.         0.         0.         0.         0.
 0.         0.         0.         0.         0.         0.
 0.         0.         0.         0.         0.         0.
 0.         0.         0.         0.         0.         0.
 0.         0.         0.         0.         0.         0.
 0.         0.         0.         0.         0.         0.00811559
 0.0131277  0.         0.         0.         0.         0.
 0.         0.         0.         0.         0.         0.
 0.         0.         0.02502963 0.         0.         0.
 0.         0.         0.         0.         0.         0.
 0.         0.         0.         0.         0.         0.06172363
 0.         0.         0.         0.         0.         0.
 0.         0.         0.         0.03245787 0.01131311 0.
 0.0146711  0.         0.         0.         0.         0.
 0.         0.         0.         0.         0.         0.
 0.         0.         0.         0.         0.         0.
 0.         0.         0.         0.         0.         0.
 0.         0.         0.         0.         0.         0.
 0.         0.         0.         0.         0.         0.
 0.         0.         0.         0.         0.         0.
 0.         0.0190363  0.01299861 0.         0.         0.
 0.         0.        ]
deepbreaks
y_true:  [0. 0. 0. 0. 0. 0. 1. 1. 1. 1. 1. 1. 1. 1. 1. 1. 1. 1. 0. 0. 0. 1. 1. 1.
 0. 0. 0. 0. 0. 0. 0. 0. 0. 0. 0. 0. 0. 0. 0. 0. 0. 0. 0. 0. 0. 0. 0. 0.
 0. 0. 0. 0. 0. 0. 0. 0. 0. 0. 0. 0. 0. 0. 0. 0. 0. 0. 0. 0. 0. 0. 0. 0.
 0. 0. 0. 0. 0. 0. 0. 0. 0. 0. 0. 0. 0. 0. 0. 0. 0. 0. 0. 0. 0. 0. 0. 0.
 0. 0. 0. 0. 0. 0. 0. 0. 0. 0. 0. 0. 0. 0. 0. 0. 0. 0. 0. 0. 0. 0. 0. 0.
 0. 0. 0. 0. 0. 0. 0. 0. 0. 0. 0. 0. 0. 0. 0. 0. 0. 0. 0. 0. 0. 0. 0. 0.
 0. 0. 0. 0. 0. 0. 0. 0. 0. 0. 0. 0. 0. 0. 0. 0. 0. 0. 0. 0. 0. 0. 0. 0.
 0. 0. 0. 0. 0. 0. 0. 0. 0. 0. 0. 0. 0. 0. 0. 0. 0. 0. 0. 0. 0. 0. 0. 0.
 0. 0. 0. 0. 0. 0. 0. 0.]
y_pred:  [0. 0. 0. 0. 0. 0. 1. 1. 1. 1. 1. 1. 1. 1. 1. 1. 1. 1. 1. 1. 1. 1. 1. 1.
 1. 1. 1. 1. 1. 1. 0. 0. 0. 0. 0. 0. 0. 0. 0. 0. 0. 0. 0. 0. 0. 0. 0. 0.
 0. 0. 0. 0. 0. 0. 0. 0. 0. 0. 0. 0. 0. 0. 0. 0. 0. 0. 0. 0. 0. 0. 0. 0.
 0. 0. 0. 0. 0. 0. 0. 0. 0. 0. 0. 0. 0. 0. 0. 0. 0. 0. 0. 0. 0. 0. 0. 0.
 0. 0. 0. 0. 0. 0. 0. 0. 0. 0. 0. 0. 0. 0. 0. 0. 0. 0. 0. 0. 0. 0. 0. 0.
 0. 0. 0. 0. 0. 0. 0. 0. 0. 0. 0. 0. 0. 0. 0. 0. 0. 0. 0. 0. 0. 0. 0. 0.
 0. 0. 0. 0. 0. 0. 0. 0. 0. 0. 0. 0. 0. 0. 0. 0. 0. 0. 0. 0. 0. 0. 0. 0.
 0. 0. 0. 0. 0. 0. 0. 0. 0. 0. 0. 0. 0. 0. 0. 0. 0. 0. 0. 0. 0. 0. 0. 0.
 0. 0. 0. 0. 0. 0. 0. 0.]
Normalized importance:  [0.         0.         0.         0.38801262 0.25362776 0.15520505
 0.61829653 0.47949527 0.54574132 1.         0.41640379 0.25047319
 0.73817035 0.28391167 0.39747634 0.84227129 0.1851735  0.44164038
 0.49842271 0.22365931 0.         0.58675079 0.45425868 0.33123028
 0.67507886 0.32176656 0.51735016 0.79810726 0.31388013 0.37223975
 0.00227445 0.         0.22208202 0.37539432 0.14542587 0.15394322
 0.05205047 0.         0.20410095 0.31451104 0.         0.19274448
 0.03249211 0.01511041 0.         0.0829653  0.06119874 0.15615142
 0.18958991 0.07570978 0.07760252 0.06876972 0.2615142  0.
 0.26182965 0.06435331 0.15299685 0.10851735 0.33753943 0.12523659
 0.23343849 0.08895899 0.18927445 0.         0.         0.0637224
 0.         0.23690852 0.11829653 0.04037855 0.10504732 0.08107256
 0.00511041 0.01785489 0.         0.         0.         0.06498423
 0.02009464 0.         0.14731861 0.06309148 0.         0.14826498
 0.         0.04794953 0.10378549 0.17665615 0.21293375 0.
 0.         0.08044164 0.12870662 0.06940063 0.23722397 0.19810726
 0.01700315 0.20662461 0.23817035 0.08706625 0.         0.
 0.         0.         0.08895899 0.1148265  0.         0.06561514
 0.3148265  0.         0.1318612  0.         0.0318612  0.07981073
 0.09116719 0.         0.         0.         0.         0.07539432
 0.10473186 0.         0.20536278 0.14416404 0.1126183  0.14794953
 0.         0.06435331 0.02094637 0.08927445 0.09432177 0.14858044
 0.18548896 0.         0.07760252 0.         0.         0.34384858
 0.         0.         0.10788644 0.         0.         0.
 0.10694006 0.14006309 0.         0.31388013 0.09085174 0.04164038
 0.28201893 0.         0.03438486 0.         0.1488959  0.11861199
 0.1340694  0.0340694  0.10031546 0.24794953 0.09716088 0.
 0.21230284 0.         0.02148265 0.35962145 0.14731861 0.29179811
 0.         0.         0.         0.09053628 0.         0.16529968
 0.12429022 0.         0.         0.         0.17287066 0.
 0.         0.         0.11766562 0.0977918  0.09968454 0.11135647
 0.1488959  0.         0.04353312 0.         0.05425868 0.
 0.05520505 0.21955836 0.22018927 0.07129338 0.         0.
 0.         0.        ]
pyseer
y_true:  [0. 0. 0. 0. 0. 0. 1. 1. 1. 1. 1. 1. 1. 1. 1. 1. 1. 1. 0. 0. 0. 1. 1. 1.
 0. 0. 0. 0. 0. 0. 0. 0. 0. 0. 0. 0. 0. 0. 0. 0. 0. 0. 0. 0. 0. 0. 0. 0.
 0. 0. 0. 0. 0. 0. 0. 0. 0. 0. 0. 0. 0. 0. 0. 0. 0. 0. 0. 0. 0. 0. 0. 0.
 0. 0. 0. 0. 0. 0. 0. 0. 0. 0. 0. 0. 0. 0. 0. 0. 0. 0. 0. 0. 0. 0. 0. 0.
 0. 0. 0. 0. 0. 0. 0. 0. 0. 0. 0. 0. 0. 0. 0. 0. 0. 0. 0. 0. 0. 0. 0. 0.
 0. 0. 0. 0. 0. 0. 0. 0. 0. 0. 0. 0. 0. 0. 0. 0. 0. 0. 0. 0. 0. 0. 0. 0.
 0. 0. 0. 0. 0. 0. 0. 0. 0. 0. 0. 0. 0. 0. 0. 0. 0. 0. 0. 0. 0. 0. 0. 0.
 0. 0. 0. 0. 0. 0. 0. 0. 0. 0. 0. 0. 0. 0. 0. 0. 0. 0. 0. 0. 0. 0. 0. 0.
 0. 0. 0. 0. 0. 0. 0. 0.]
y_pred:  [0. 0. 0. 1. 1. 1. 1. 1. 1. 1. 1. 1. 1. 1. 1. 1. 1. 1. 1. 1. 0. 1. 1. 1.
 1. 1. 1. 1. 1. 1. 0. 0. 1. 1. 1. 1. 0. 0. 1. 1. 0. 1. 0. 0. 0. 0. 0. 1.
 1. 0. 0. 0. 1. 0. 1. 0. 1. 0. 1. 0. 1. 0. 1. 0. 0. 0. 0. 1. 0. 0. 0. 0.
 0. 0. 0. 0. 0. 0. 0. 0. 1. 0. 0. 1. 0. 0. 0. 1. 1. 0. 0. 0. 0. 0. 1. 1.
 0. 1. 1. 0. 0. 0. 0. 0. 0. 0. 0. 0. 1. 0. 0. 0. 0. 0. 0. 0. 0. 0. 0. 0.
 0. 0. 1. 0. 0. 1. 0. 0. 0. 0. 0. 1. 1. 0. 0. 0. 0. 1. 0. 0. 0. 0. 0. 0.
 0. 0. 0. 1. 0. 0. 1. 0. 0. 0. 1. 0. 0. 0. 0. 1. 0. 0. 1. 0. 0. 1. 1. 1.
 0. 0. 0. 0. 0. 1. 0. 0. 0. 0. 1. 0. 0. 0. 0. 0. 0. 0. 1. 0. 0. 0. 0. 0.
 0. 1. 1. 0. 0. 0. 0. 0.]
Time taken: 29.024422645568848 seconds
Running combination 41 of 50
Fitting RandomForest...
Fitting Adaboost...
Fitting AdaBoost_2...
Fitting et...
Fitting gbc...
Fitting gbc_2...
Fitting gbc_3...
Fitting dt...
Fitting lr...
Fitting Lasso_1...
Fitting Lasso_2...
Fitting Lasso_3...
Fitting Lasso_4...
Fitting elasticnet...
VCF file created successfully.
pyseer stderr:  Read 1000 phenotypes
Detected continuous phenotype
Reading all variants

0variants [00:00, ?variants/s]
54variants [00:00, 531.50variants/s]
108variants [00:00, 468.95variants/s]
162variants [00:00, 498.27variants/s]
198variants [00:00, 504.42variants/s]
Applying correlation filtering

  0%|          | 0/198 [00:00<?, ?variants/s]
100%|██████████| 198/198 [00:00<00:00, 2714.84variants/s]
Fitting elastic net to top 148 variants
Best penalty (lambda) from cross-validation: 1.30E+01
Best R^2 from cross-validation: 0.498
Finding and printing selected variants
198 loaded variants
50 pre-filtered variants
148 tested variants
146 printed variants

True importance standardized:  [0.5345614  0.5345614  0.5345614  0.20659626 0.20659626 0.20659626
 0.13741803 0.13741803 0.13741803 0.19278033 0.19278033 0.19278033
 0.96177077 0.96177077 0.96177077 1.         1.         1.
 0.563674   0.563674   0.563674   0.68345977 0.68345977 0.68345977
 0.70125783 0.70125783 0.70125783 0.93890883 0.93890883 0.93890883
 0.         0.         0.         0.         0.         0.
 0.         0.         0.         0.         0.         0.
 0.         0.         0.         0.         0.         0.
 0.         0.         0.         0.         0.         0.
 0.         0.         0.         0.         0.         0.
 0.         0.         0.         0.         0.         0.
 0.         0.         0.         0.         0.         0.
 0.         0.         0.         0.         0.         0.
 0.         0.         0.         0.         0.         0.
 0.         0.         0.         0.         0.         0.
 0.         0.         0.         0.         0.         0.
 0.         0.         0.         0.         0.         0.
 0.         0.         0.         0.         0.         0.
 0.         0.         0.         0.         0.         0.
 0.         0.         0.         0.         0.         0.
 0.         0.         0.         0.         0.         0.
 0.         0.         0.         0.         0.         0.
 0.         0.         0.         0.         0.         0.
 0.         0.         0.         0.         0.         0.
 0.         0.         0.         0.         0.         0.
 0.         0.         0.         0.         0.         0.
 0.         0.         0.         0.         0.         0.
 0.         0.         0.         0.         0.         0.
 0.         0.         0.         0.         0.         0.
 0.         0.         0.         0.         0.         0.
 0.         0.         0.         0.         0.         0.
 0.         0.         0.         0.         0.         0.
 0.         0.         0.         0.         0.         0.
 0.         0.        ]
Normalized importance:  [0.31670983 0.31670983 0.31670983 0.         0.         0.
 0.         0.         0.         0.03592856 0.         0.03592856
 0.79297767 0.79297767 0.79297767 0.97829797 0.97829797 0.97829797
 0.39190305 0.39190305 0.39190305 0.37233708 0.37233708 0.37233708
 0.56629275 0.56629275 0.56629275 1.         1.         1.
 0.         0.         0.         0.         0.         0.
 0.         0.         0.         0.         0.         0.
 0.         0.         0.         0.         0.         0.
 0.         0.         0.         0.         0.         0.
 0.         0.         0.         0.         0.         0.
 0.         0.         0.         0.         0.         0.
 0.         0.         0.         0.         0.         0.
 0.         0.         0.         0.         0.         0.
 0.         0.         0.         0.         0.         0.
 0.         0.         0.         0.         0.         0.
 0.         0.         0.         0.         0.         0.
 0.         0.         0.         0.         0.         0.
 0.         0.         0.         0.         0.         0.
 0.         0.         0.         0.         0.         0.
 0.         0.         0.         0.         0.         0.
 0.         0.         0.         0.01738104 0.         0.02237903
 0.         0.         0.         0.         0.         0.
 0.         0.         0.         0.         0.         0.
 0.         0.         0.         0.         0.         0.
 0.         0.         0.         0.         0.         0.
 0.         0.         0.         0.         0.         0.
 0.         0.         0.         0.         0.         0.
 0.         0.         0.02189001 0.         0.         0.
 0.         0.         0.         0.         0.         0.
 0.         0.         0.         0.         0.         0.
 0.         0.         0.         0.         0.         0.
 0.         0.         0.         0.         0.         0.
 0.         0.         0.         0.         0.         0.
 0.         0.        ]
deepbreaks
y_true:  [0. 0. 0. 0. 0. 0. 0. 0. 0. 0. 0. 0. 1. 1. 1. 1. 1. 1. 0. 0. 0. 1. 1. 1.
 1. 1. 1. 1. 1. 1. 0. 0. 0. 0. 0. 0. 0. 0. 0. 0. 0. 0. 0. 0. 0. 0. 0. 0.
 0. 0. 0. 0. 0. 0. 0. 0. 0. 0. 0. 0. 0. 0. 0. 0. 0. 0. 0. 0. 0. 0. 0. 0.
 0. 0. 0. 0. 0. 0. 0. 0. 0. 0. 0. 0. 0. 0. 0. 0. 0. 0. 0. 0. 0. 0. 0. 0.
 0. 0. 0. 0. 0. 0. 0. 0. 0. 0. 0. 0. 0. 0. 0. 0. 0. 0. 0. 0. 0. 0. 0. 0.
 0. 0. 0. 0. 0. 0. 0. 0. 0. 0. 0. 0. 0. 0. 0. 0. 0. 0. 0. 0. 0. 0. 0. 0.
 0. 0. 0. 0. 0. 0. 0. 0. 0. 0. 0. 0. 0. 0. 0. 0. 0. 0. 0. 0. 0. 0. 0. 0.
 0. 0. 0. 0. 0. 0. 0. 0. 0. 0. 0. 0. 0. 0. 0. 0. 0. 0. 0. 0. 0. 0. 0. 0.
 0. 0. 0. 0. 0. 0. 0. 0.]
y_pred:  [0. 0. 0. 0. 0. 0. 0. 0. 0. 0. 0. 0. 1. 1. 1. 1. 1. 1. 1. 1. 1. 0. 0. 0.
 1. 1. 1. 1. 1. 1. 0. 0. 0. 0. 0. 0. 0. 0. 0. 0. 0. 0. 0. 0. 0. 0. 0. 0.
 0. 0. 0. 0. 0. 0. 0. 0. 0. 0. 0. 0. 0. 0. 0. 0. 0. 0. 0. 0. 0. 0. 0. 0.
 0. 0. 0. 0. 0. 0. 0. 0. 0. 0. 0. 0. 0. 0. 0. 0. 0. 0. 0. 0. 0. 0. 0. 0.
 0. 0. 0. 0. 0. 0. 0. 0. 0. 0. 0. 0. 0. 0. 0. 0. 0. 0. 0. 0. 0. 0. 0. 0.
 0. 0. 0. 0. 0. 0. 0. 0. 0. 0. 0. 0. 0. 0. 0. 0. 0. 0. 0. 0. 0. 0. 0. 0.
 0. 0. 0. 0. 0. 0. 0. 0. 0. 0. 0. 0. 0. 0. 0. 0. 0. 0. 0. 0. 0. 0. 0. 0.
 0. 0. 0. 0. 0. 0. 0. 0. 0. 0. 0. 0. 0. 0. 0. 0. 0. 0. 0. 0. 0. 0. 0. 0.
 0. 0. 0. 0. 0. 0. 0. 0.]
Normalized importance:  [5.30872483e-01 2.12080537e-01 2.30872483e-01 1.65771812e-01
 1.75167785e-01 1.31543624e-02 1.25503356e-01 0.00000000e+00
 0.00000000e+00 2.35570470e-01 7.85234899e-03 1.69127517e-01
 8.99328859e-01 1.26845638e-01 3.20805369e-01 1.00000000e+00
 3.64429530e-01 2.83221477e-01 5.83892617e-01 1.10067114e-01
 2.08053691e-01 4.33557047e-01 3.31543624e-01 2.61744966e-01
 5.20805369e-01 2.48993289e-01 3.89932886e-01 7.98657718e-01
 4.42953020e-01 3.96644295e-01 0.00000000e+00 1.46308725e-01
 4.40268456e-02 9.19463087e-02 0.00000000e+00 8.38926174e-02
 1.24161074e-02 9.46308725e-02 0.00000000e+00 0.00000000e+00
 1.02684564e-01 6.65771812e-02 3.14093960e-02 0.00000000e+00
 1.02684564e-01 0.00000000e+00 1.80536913e-01 1.61744966e-02
 1.18120805e-01 1.22818792e-01 1.26845638e-01 0.00000000e+00
 0.00000000e+00 3.26845638e-02 4.16107383e-02 1.34899329e-02
 7.44966443e-02 2.40268456e-01 1.22147651e-01 1.04026846e-01
 1.04697987e-01 2.64429530e-02 8.32214765e-02 1.17449664e-01
 1.00671141e-01 0.00000000e+00 0.00000000e+00 2.93288591e-02
 0.00000000e+00 6.42953020e-02 1.38926174e-01 6.77852349e-02
 9.26174497e-02 0.00000000e+00 0.00000000e+00 2.56375839e-02
 1.06711409e-01 2.08053691e-01 5.87248322e-02 0.00000000e+00
 2.55704698e-02 0.00000000e+00 1.65771812e-01 2.06711409e-02
 1.23489933e-01 0.00000000e+00 1.81208054e-01 0.00000000e+00
 2.59731544e-01 3.86577181e-02 5.14765101e-02 1.20805369e-01
 0.00000000e+00 1.68456376e-02 1.06040268e-01 1.17449664e-01
 8.85906040e-02 2.09395973e-02 0.00000000e+00 0.00000000e+00
 1.49664430e-01 7.65100671e-02 1.30872483e-01 1.81208054e-01
 0.00000000e+00 1.02013423e-02 3.01342282e-02 0.00000000e+00
 1.19463087e-01 0.00000000e+00 5.06711409e-04 4.06040268e-02
 0.00000000e+00 0.00000000e+00 1.06040268e-02 8.45637584e-02
 7.44966443e-02 0.00000000e+00 1.62416107e-01 3.91275168e-02
 0.00000000e+00 2.23489933e-02 1.20805369e-01 1.79194631e-01
 2.91275168e-02 1.63087248e-02 0.00000000e+00 0.00000000e+00
 5.14765101e-02 1.87919463e-01 1.23489933e-01 1.60402685e-01
 0.00000000e+00 0.00000000e+00 1.82550336e-01 0.00000000e+00
 0.00000000e+00 4.89932886e-02 5.11409396e-02 7.18120805e-02
 1.48993289e-02 2.73825503e-01 6.63758389e-02 0.00000000e+00
 1.04697987e-02 1.71140940e-01 6.77852349e-02 1.02013423e-02
 1.71140940e-01 1.06040268e-01 1.90604027e-03 0.00000000e+00
 8.05369128e-03 0.00000000e+00 6.97986577e-02 1.65771812e-02
 6.64429530e-02 0.00000000e+00 0.00000000e+00 7.04697987e-02
 5.32214765e-02 9.26174497e-02 8.45637584e-02 0.00000000e+00
 8.85906040e-02 7.18120805e-02 2.05369128e-02 0.00000000e+00
 3.00000000e-02 1.78523490e-01 9.39597315e-02 0.00000000e+00
 1.64429530e-01 3.40939597e-02 0.00000000e+00 2.16107383e-02
 1.47651007e-01 1.57046980e-01 0.00000000e+00 0.00000000e+00
 0.00000000e+00 1.73825503e-02 0.00000000e+00 6.04026846e-02
 3.60402685e-02 4.04026846e-02 4.62416107e-02 0.00000000e+00
 1.10067114e-01 0.00000000e+00 1.52348993e-02 0.00000000e+00
 6.22818792e-02 1.22147651e-02 6.23489933e-02 0.00000000e+00
 3.12080537e-02 1.20805369e-01 0.00000000e+00 0.00000000e+00]
pyseer
y_true:  [0. 0. 0. 0. 0. 0. 0. 0. 0. 0. 0. 0. 1. 1. 1. 1. 1. 1. 0. 0. 0. 1. 1. 1.
 1. 1. 1. 1. 1. 1. 0. 0. 0. 0. 0. 0. 0. 0. 0. 0. 0. 0. 0. 0. 0. 0. 0. 0.
 0. 0. 0. 0. 0. 0. 0. 0. 0. 0. 0. 0. 0. 0. 0. 0. 0. 0. 0. 0. 0. 0. 0. 0.
 0. 0. 0. 0. 0. 0. 0. 0. 0. 0. 0. 0. 0. 0. 0. 0. 0. 0. 0. 0. 0. 0. 0. 0.
 0. 0. 0. 0. 0. 0. 0. 0. 0. 0. 0. 0. 0. 0. 0. 0. 0. 0. 0. 0. 0. 0. 0. 0.
 0. 0. 0. 0. 0. 0. 0. 0. 0. 0. 0. 0. 0. 0. 0. 0. 0. 0. 0. 0. 0. 0. 0. 0.
 0. 0. 0. 0. 0. 0. 0. 0. 0. 0. 0. 0. 0. 0. 0. 0. 0. 0. 0. 0. 0. 0. 0. 0.
 0. 0. 0. 0. 0. 0. 0. 0. 0. 0. 0. 0. 0. 0. 0. 0. 0. 0. 0. 0. 0. 0. 0. 0.
 0. 0. 0. 0. 0. 0. 0. 0.]
y_pred:  [1. 1. 1. 1. 1. 0. 1. 0. 0. 1. 0. 1. 1. 1. 1. 1. 1. 1. 1. 1. 1. 1. 1. 1.
 1. 1. 1. 1. 1. 1. 0. 1. 0. 0. 0. 0. 0. 1. 0. 0. 1. 0. 0. 0. 1. 0. 1. 0.
 1. 1. 1. 0. 0. 0. 0. 0. 0. 1. 1. 1. 1. 0. 0. 1. 1. 0. 0. 0. 0. 0. 1. 0.
 1. 0. 0. 0. 1. 1. 0. 0. 0. 0. 1. 0. 1. 0. 1. 0. 1. 0. 0. 1. 0. 0. 1. 1.
 0. 0. 0. 0. 1. 0. 1. 1. 0. 0. 0. 0. 1. 0. 0. 0. 0. 0. 0. 0. 0. 0. 1. 0.
 0. 0. 1. 1. 0. 0. 0. 0. 0. 1. 1. 1. 0. 0. 1. 0. 0. 0. 0. 0. 0. 1. 0. 0.
 0. 1. 0. 0. 1. 1. 0. 0. 0. 0. 0. 0. 0. 0. 0. 0. 0. 1. 0. 0. 0. 0. 0. 0.
 0. 1. 1. 0. 1. 0. 0. 0. 1. 1. 0. 0. 0. 0. 0. 0. 0. 0. 0. 0. 1. 0. 0. 0.
 0. 0. 0. 0. 0. 1. 0. 0.]
Time taken: 22.21526288986206 seconds
Running combination 42 of 50
Fitting RandomForest...
Fitting Adaboost...
Fitting AdaBoost_2...
Fitting et...
Fitting gbc...
Fitting gbc_2...
Fitting gbc_3...
Fitting dt...
Fitting lr...
Fitting Lasso_1...
Fitting Lasso_2...
Fitting Lasso_3...
Fitting Lasso_4...
Fitting elasticnet...
VCF file created successfully.
pyseer stderr:  Read 1000 phenotypes
Detected continuous phenotype
Reading all variants

0variants [00:00, ?variants/s]
54variants [00:00, 535.53variants/s]
108variants [00:00, 472.44variants/s]
164variants [00:00, 505.83variants/s]
198variants [00:00, 510.22variants/s]
Applying correlation filtering

  0%|          | 0/198 [00:00<?, ?variants/s]
100%|██████████| 198/198 [00:00<00:00, 2690.28variants/s]
Fitting elastic net to top 148 variants
Best penalty (lambda) from cross-validation: 1.00E+01
Best R^2 from cross-validation: 0.509
Finding and printing selected variants
198 loaded variants
50 pre-filtered variants
148 tested variants
140 printed variants

True importance standardized:  [0.72123242 0.72123242 0.72123242 0.12169114 0.12169114 0.12169114
 0.35482246 0.35482246 0.35482246 0.25663649 0.25663649 0.25663649
 0.95628864 0.95628864 0.95628864 0.86729352 0.86729352 0.86729352
 0.1788323  0.1788323  0.1788323  1.         1.         1.
 0.49389141 0.49389141 0.49389141 0.80155759 0.80155759 0.80155759
 0.         0.         0.         0.         0.         0.
 0.         0.         0.         0.         0.         0.
 0.         0.         0.         0.         0.         0.
 0.         0.         0.         0.         0.         0.
 0.         0.         0.         0.         0.         0.
 0.         0.         0.         0.         0.         0.
 0.         0.         0.         0.         0.         0.
 0.         0.         0.         0.         0.         0.
 0.         0.         0.         0.         0.         0.
 0.         0.         0.         0.         0.         0.
 0.         0.         0.         0.         0.         0.
 0.         0.         0.         0.         0.         0.
 0.         0.         0.         0.         0.         0.
 0.         0.         0.         0.         0.         0.
 0.         0.         0.         0.         0.         0.
 0.         0.         0.         0.         0.         0.
 0.         0.         0.         0.         0.         0.
 0.         0.         0.         0.         0.         0.
 0.         0.         0.         0.         0.         0.
 0.         0.         0.         0.         0.         0.
 0.         0.         0.         0.         0.         0.
 0.         0.         0.         0.         0.         0.
 0.         0.         0.         0.         0.         0.
 0.         0.         0.         0.         0.         0.
 0.         0.         0.         0.         0.         0.
 0.         0.         0.         0.         0.         0.
 0.         0.         0.         0.         0.         0.
 0.         0.         0.         0.         0.         0.
 0.         0.        ]
Normalized importance:  [0.34553937 0.34553937 0.34553937 0.         0.         0.
 0.09311908 0.         0.09311908 0.10015536 0.10015536 0.10015536
 0.82066261 0.82066261 0.82066261 0.84044396 0.84044396 0.84044396
 0.04680915 0.         0.         1.         1.         1.
 0.13790744 0.13790744 0.13790744 0.67888603 0.67888603 0.67888603
 0.         0.         0.         0.         0.         0.
 0.         0.         0.         0.         0.         0.
 0.         0.         0.         0.         0.         0.
 0.         0.         0.         0.         0.         0.
 0.         0.         0.         0.         0.         0.
 0.02557444 0.         0.         0.         0.         0.
 0.         0.         0.         0.         0.         0.
 0.         0.         0.         0.         0.         0.
 0.         0.         0.         0.         0.         0.
 0.         0.         0.         0.         0.         0.
 0.         0.         0.         0.         0.         0.
 0.         0.         0.         0.         0.         0.
 0.         0.         0.         0.         0.         0.
 0.         0.         0.         0.         0.         0.
 0.         0.         0.         0.         0.         0.01093403
 0.         0.         0.         0.         0.         0.
 0.         0.         0.         0.         0.         0.
 0.         0.         0.         0.         0.         0.
 0.         0.         0.         0.         0.         0.
 0.         0.         0.         0.         0.         0.
 0.         0.         0.         0.         0.         0.
 0.         0.         0.         0.         0.         0.
 0.         0.         0.         0.         0.         0.
 0.         0.         0.         0.         0.         0.
 0.         0.         0.         0.         0.         0.
 0.         0.         0.         0.         0.         0.
 0.         0.         0.         0.         0.         0.
 0.         0.         0.         0.         0.         0.
 0.         0.        ]
deepbreaks
y_true:  [1. 1. 1. 0. 0. 0. 0. 0. 0. 0. 0. 0. 1. 1. 1. 1. 1. 1. 0. 0. 0. 1. 1. 1.
 0. 0. 0. 1. 1. 1. 0. 0. 0. 0. 0. 0. 0. 0. 0. 0. 0. 0. 0. 0. 0. 0. 0. 0.
 0. 0. 0. 0. 0. 0. 0. 0. 0. 0. 0. 0. 0. 0. 0. 0. 0. 0. 0. 0. 0. 0. 0. 0.
 0. 0. 0. 0. 0. 0. 0. 0. 0. 0. 0. 0. 0. 0. 0. 0. 0. 0. 0. 0. 0. 0. 0. 0.
 0. 0. 0. 0. 0. 0. 0. 0. 0. 0. 0. 0. 0. 0. 0. 0. 0. 0. 0. 0. 0. 0. 0. 0.
 0. 0. 0. 0. 0. 0. 0. 0. 0. 0. 0. 0. 0. 0. 0. 0. 0. 0. 0. 0. 0. 0. 0. 0.
 0. 0. 0. 0. 0. 0. 0. 0. 0. 0. 0. 0. 0. 0. 0. 0. 0. 0. 0. 0. 0. 0. 0. 0.
 0. 0. 0. 0. 0. 0. 0. 0. 0. 0. 0. 0. 0. 0. 0. 0. 0. 0. 0. 0. 0. 0. 0. 0.
 0. 0. 0. 0. 0. 0. 0. 0.]
y_pred:  [1. 1. 1. 0. 0. 0. 0. 0. 0. 0. 0. 0. 1. 1. 1. 1. 1. 1. 0. 0. 0. 1. 1. 1.
 0. 0. 0. 1. 1. 1. 0. 0. 0. 0. 0. 0. 0. 0. 0. 0. 0. 0. 0. 0. 0. 0. 0. 0.
 0. 0. 0. 0. 0. 0. 0. 0. 0. 0. 0. 0. 0. 0. 0. 0. 0. 0. 0. 0. 0. 0. 0. 0.
 0. 0. 0. 0. 0. 0. 0. 0. 0. 0. 0. 0. 0. 0. 0. 0. 0. 0. 0. 0. 0. 0. 0. 0.
 0. 0. 0. 0. 0. 0. 0. 0. 0. 0. 0. 0. 0. 0. 0. 0. 0. 0. 0. 0. 0. 0. 0. 0.
 0. 0. 0. 0. 0. 0. 0. 0. 0. 0. 0. 0. 0. 0. 0. 0. 0. 0. 0. 0. 0. 0. 0. 0.
 0. 0. 0. 0. 0. 0. 0. 0. 0. 0. 0. 0. 0. 0. 0. 0. 0. 0. 0. 0. 0. 0. 0. 0.
 0. 0. 0. 0. 0. 0. 0. 0. 0. 0. 0. 0. 0. 0. 0. 0. 0. 0. 0. 0. 0. 0. 0. 0.
 0. 0. 0. 0. 0. 0. 0. 0.]
Normalized importance:  [7.13861386e-01 3.06930693e-01 6.79207921e-02 1.00990099e-01
 1.93069307e-03 5.77227723e-02 3.18811881e-01 6.14851485e-02
 2.17821782e-01 3.18811881e-01 2.94059406e-02 9.80198020e-02
 1.00000000e+00 2.52475248e-01 3.70297030e-01 8.75247525e-01
 2.87128713e-01 3.85148515e-01 3.39603960e-01 7.40594059e-02
 3.05940594e-03 9.70297030e-01 4.79207921e-01 5.51485149e-01
 4.15841584e-01 2.83168317e-01 1.34653465e-01 9.36633663e-01
 2.18811881e-01 2.45544554e-01 8.75247525e-02 0.00000000e+00
 2.73267327e-02 7.24752475e-02 0.00000000e+00 0.00000000e+00
 0.00000000e+00 5.89108911e-02 0.00000000e+00 0.00000000e+00
 0.00000000e+00 7.07920792e-02 1.33663366e-01 7.64356436e-02
 1.22772277e-01 0.00000000e+00 1.71287129e-01 0.00000000e+00
 0.00000000e+00 0.00000000e+00 1.05940594e-01 8.72277228e-02
 1.62376238e-01 0.00000000e+00 0.00000000e+00 0.00000000e+00
 1.69306931e-01 5.77227723e-02 1.62376238e-01 0.00000000e+00
 1.24752475e-01 4.53465347e-02 8.61386139e-03 7.00990099e-02
 2.14851485e-01 1.57425743e-02 1.94059406e-01 1.56435644e-01
 7.42574257e-02 1.04950495e-01 1.25742574e-02 2.38613861e-02
 1.25742574e-01 1.01980198e-01 1.31683168e-02 0.00000000e+00
 2.54455446e-02 0.00000000e+00 0.00000000e+00 1.67326733e-01
 1.07920792e-02 0.00000000e+00 0.00000000e+00 0.00000000e+00
 0.00000000e+00 1.41584158e-01 1.24752475e-01 1.93069307e-02
 0.00000000e+00 5.42574257e-02 3.26732673e-02 8.00000000e-02
 0.00000000e+00 0.00000000e+00 1.27722772e-03 1.29702970e-01
 0.00000000e+00 1.45544554e-02 0.00000000e+00 3.18811881e-02
 1.24752475e-01 1.05940594e-01 1.31683168e-02 0.00000000e+00
 0.00000000e+00 0.00000000e+00 7.27722772e-02 0.00000000e+00
 5.96039604e-02 9.12871287e-02 3.40594059e-02 1.36633663e-01
 1.44554455e-01 5.06930693e-02 1.10891089e-01 4.71287129e-02
 1.50495050e-02 2.21782178e-02 4.34653465e-02 1.92079208e-01
 1.19801980e-01 0.00000000e+00 9.87128713e-02 1.00000000e-01
 2.35643564e-01 7.92079208e-02 8.83168317e-02 0.00000000e+00
 2.22772277e-02 3.11881188e-02 6.98019802e-02 1.00990099e-01
 0.00000000e+00 9.13861386e-02 0.00000000e+00 0.00000000e+00
 1.12871287e-01 2.01980198e-02 0.00000000e+00 0.00000000e+00
 1.22772277e-01 1.22772277e-01 3.28712871e-02 6.18811881e-03
 0.00000000e+00 1.00000000e-02 7.37623762e-04 8.26732673e-02
 1.62376238e-01 2.45544554e-02 0.00000000e+00 8.91089109e-02
 0.00000000e+00 0.00000000e+00 8.97029703e-02 2.34653465e-01
 0.00000000e+00 4.65346535e-02 1.03960396e-02 1.01980198e-01
 1.05940594e-01 0.00000000e+00 3.99009901e-02 1.11881188e-01
 0.00000000e+00 8.86138614e-02 3.94059406e-02 6.01980198e-02
 4.87128713e-02 4.65346535e-02 0.00000000e+00 3.16831683e-02
 1.26732673e-01 1.10891089e-01 0.00000000e+00 0.00000000e+00
 1.66336634e-01 3.70297030e-02 5.29702970e-02 1.24752475e-01
 0.00000000e+00 0.00000000e+00 0.00000000e+00 1.52475248e-02
 1.03960396e-01 1.29702970e-01 4.12871287e-02 1.94059406e-01
 2.15841584e-03 0.00000000e+00 0.00000000e+00 0.00000000e+00
 1.03960396e-01 0.00000000e+00 1.82178218e-01 0.00000000e+00
 0.00000000e+00 0.00000000e+00 0.00000000e+00 0.00000000e+00]
pyseer
y_true:  [1. 1. 1. 0. 0. 0. 0. 0. 0. 0. 0. 0. 1. 1. 1. 1. 1. 1. 0. 0. 0. 1. 1. 1.
 0. 0. 0. 1. 1. 1. 0. 0. 0. 0. 0. 0. 0. 0. 0. 0. 0. 0. 0. 0. 0. 0. 0. 0.
 0. 0. 0. 0. 0. 0. 0. 0. 0. 0. 0. 0. 0. 0. 0. 0. 0. 0. 0. 0. 0. 0. 0. 0.
 0. 0. 0. 0. 0. 0. 0. 0. 0. 0. 0. 0. 0. 0. 0. 0. 0. 0. 0. 0. 0. 0. 0. 0.
 0. 0. 0. 0. 0. 0. 0. 0. 0. 0. 0. 0. 0. 0. 0. 0. 0. 0. 0. 0. 0. 0. 0. 0.
 0. 0. 0. 0. 0. 0. 0. 0. 0. 0. 0. 0. 0. 0. 0. 0. 0. 0. 0. 0. 0. 0. 0. 0.
 0. 0. 0. 0. 0. 0. 0. 0. 0. 0. 0. 0. 0. 0. 0. 0. 0. 0. 0. 0. 0. 0. 0. 0.
 0. 0. 0. 0. 0. 0. 0. 0. 0. 0. 0. 0. 0. 0. 0. 0. 0. 0. 0. 0. 0. 0. 0. 0.
 0. 0. 0. 0. 0. 0. 0. 0.]
y_pred:  [1. 1. 0. 1. 0. 0. 1. 0. 1. 1. 0. 1. 1. 1. 1. 1. 1. 1. 1. 0. 0. 1. 1. 1.
 1. 1. 1. 1. 1. 1. 0. 0. 0. 0. 0. 0. 0. 0. 0. 0. 0. 0. 1. 0. 1. 0. 1. 0.
 0. 0. 1. 0. 1. 0. 0. 0. 1. 0. 1. 0. 1. 0. 0. 0. 1. 0. 1. 1. 0. 1. 0. 0.
 1. 1. 0. 0. 0. 0. 0. 1. 0. 0. 0. 0. 0. 1. 1. 0. 0. 0. 0. 0. 0. 0. 0. 1.
 0. 0. 0. 0. 1. 1. 0. 0. 0. 0. 0. 0. 0. 0. 0. 1. 1. 0. 1. 0. 0. 0. 0. 1.
 1. 0. 1. 1. 1. 0. 0. 0. 0. 0. 0. 1. 0. 1. 0. 0. 1. 0. 0. 0. 1. 1. 0. 0.
 0. 0. 0. 0. 1. 0. 0. 0. 0. 0. 0. 1. 0. 0. 0. 1. 1. 0. 0. 1. 0. 0. 0. 0.
 0. 0. 0. 0. 1. 1. 0. 0. 1. 0. 0. 1. 0. 0. 0. 0. 1. 1. 0. 1. 0. 0. 0. 0.
 1. 0. 1. 0. 0. 0. 0. 0.]
Time taken: 21.974889039993286 seconds
Running combination 43 of 50
Fitting RandomForest...
Fitting Adaboost...
Fitting AdaBoost_2...
Fitting et...
Fitting gbc...
Fitting gbc_2...
Fitting gbc_3...
Fitting dt...
Fitting lr...
Fitting Lasso_1...
Fitting Lasso_2...
Fitting Lasso_3...
Fitting Lasso_4...
Fitting elasticnet...
VCF file created successfully.
pyseer stderr:  Read 1000 phenotypes
Detected continuous phenotype
Reading all variants

0variants [00:00, ?variants/s]
54variants [00:00, 537.66variants/s]
108variants [00:00, 474.13variants/s]
164variants [00:00, 510.42variants/s]
198variants [00:00, 514.31variants/s]
Applying correlation filtering

  0%|          | 0/198 [00:00<?, ?variants/s]
100%|██████████| 198/198 [00:00<00:00, 2676.29variants/s]
Fitting elastic net to top 148 variants
Best penalty (lambda) from cross-validation: 9.88E+00
Best R^2 from cross-validation: 0.462
Finding and printing selected variants
198 loaded variants
50 pre-filtered variants
148 tested variants
144 printed variants

True importance standardized:  [0.37119209 0.37119209 0.37119209 0.27345441 0.27345441 0.27345441
 0.3151244  0.3151244  0.3151244  0.42017989 0.42017989 0.42017989
 0.83877507 0.83877507 0.83877507 0.75298848 0.75298848 0.75298848
 0.84245349 0.84245349 0.84245349 1.         1.         1.
 0.67835116 0.67835116 0.67835116 0.15440207 0.15440207 0.15440207
 0.         0.         0.         0.         0.         0.
 0.         0.         0.         0.         0.         0.
 0.         0.         0.         0.         0.         0.
 0.         0.         0.         0.         0.         0.
 0.         0.         0.         0.         0.         0.
 0.         0.         0.         0.         0.         0.
 0.         0.         0.         0.         0.         0.
 0.         0.         0.         0.         0.         0.
 0.         0.         0.         0.         0.         0.
 0.         0.         0.         0.         0.         0.
 0.         0.         0.         0.         0.         0.
 0.         0.         0.         0.         0.         0.
 0.         0.         0.         0.         0.         0.
 0.         0.         0.         0.         0.         0.
 0.         0.         0.         0.         0.         0.
 0.         0.         0.         0.         0.         0.
 0.         0.         0.         0.         0.         0.
 0.         0.         0.         0.         0.         0.
 0.         0.         0.         0.         0.         0.
 0.         0.         0.         0.         0.         0.
 0.         0.         0.         0.         0.         0.
 0.         0.         0.         0.         0.         0.
 0.         0.         0.         0.         0.         0.
 0.         0.         0.         0.         0.         0.
 0.         0.         0.         0.         0.         0.
 0.         0.         0.         0.         0.         0.
 0.         0.         0.         0.         0.         0.
 0.         0.         0.         0.         0.         0.
 0.         0.        ]
Normalized importance:  [0.11029116 0.11029116 0.11029116 0.1110328  0.1110328  0.1110328
 0.24279158 0.         0.         0.27351697 0.27351697 0.27351697
 0.97958185 0.97958185 0.97958185 0.83460785 0.83460785 0.83460785
 0.94395016 0.94395016 0.94395016 1.         1.         1.
 0.72501521 0.72501521 0.72501521 0.         0.05649277 0.
 0.         0.         0.         0.         0.         0.12687301
 0.         0.         0.         0.         0.         0.
 0.         0.         0.         0.         0.         0.
 0.         0.         0.         0.         0.         0.
 0.         0.06497833 0.07092166 0.         0.         0.00803523
 0.         0.         0.         0.         0.         0.
 0.         0.         0.         0.         0.02481939 0.
 0.         0.         0.         0.         0.         0.06757924
 0.         0.         0.         0.         0.         0.
 0.         0.         0.         0.         0.         0.
 0.         0.         0.         0.         0.         0.
 0.         0.         0.         0.         0.         0.
 0.         0.         0.         0.         0.         0.
 0.         0.         0.         0.         0.         0.
 0.         0.         0.02954427 0.         0.         0.
 0.         0.         0.         0.         0.         0.
 0.         0.         0.         0.         0.04722624 0.
 0.         0.         0.         0.01443806 0.03901199 0.
 0.         0.         0.         0.         0.02840876 0.
 0.         0.         0.         0.         0.         0.
 0.         0.         0.         0.         0.         0.
 0.         0.13118442 0.         0.         0.         0.
 0.         0.         0.         0.         0.         0.
 0.         0.         0.         0.02746988 0.         0.
 0.         0.         0.         0.         0.         0.
 0.         0.         0.         0.         0.         0.
 0.         0.         0.         0.         0.         0.
 0.         0.         0.         0.         0.         0.
 0.         0.        ]
deepbreaks
y_true:  [0. 0. 0. 0. 0. 0. 0. 0. 0. 0. 0. 0. 1. 1. 1. 1. 1. 1. 1. 1. 1. 1. 1. 1.
 1. 1. 1. 0. 0. 0. 0. 0. 0. 0. 0. 0. 0. 0. 0. 0. 0. 0. 0. 0. 0. 0. 0. 0.
 0. 0. 0. 0. 0. 0. 0. 0. 0. 0. 0. 0. 0. 0. 0. 0. 0. 0. 0. 0. 0. 0. 0. 0.
 0. 0. 0. 0. 0. 0. 0. 0. 0. 0. 0. 0. 0. 0. 0. 0. 0. 0. 0. 0. 0. 0. 0. 0.
 0. 0. 0. 0. 0. 0. 0. 0. 0. 0. 0. 0. 0. 0. 0. 0. 0. 0. 0. 0. 0. 0. 0. 0.
 0. 0. 0. 0. 0. 0. 0. 0. 0. 0. 0. 0. 0. 0. 0. 0. 0. 0. 0. 0. 0. 0. 0. 0.
 0. 0. 0. 0. 0. 0. 0. 0. 0. 0. 0. 0. 0. 0. 0. 0. 0. 0. 0. 0. 0. 0. 0. 0.
 0. 0. 0. 0. 0. 0. 0. 0. 0. 0. 0. 0. 0. 0. 0. 0. 0. 0. 0. 0. 0. 0. 0. 0.
 0. 0. 0. 0. 0. 0. 0. 0.]
y_pred:  [0. 0. 0. 0. 0. 0. 1. 0. 0. 1. 1. 1. 1. 1. 1. 1. 1. 1. 1. 1. 1. 1. 1. 1.
 1. 1. 1. 0. 0. 0. 0. 0. 0. 0. 0. 0. 0. 0. 0. 0. 0. 0. 0. 0. 0. 0. 0. 0.
 0. 0. 0. 0. 0. 0. 0. 0. 0. 0. 0. 0. 0. 0. 0. 0. 0. 0. 0. 0. 0. 0. 0. 0.
 0. 0. 0. 0. 0. 0. 0. 0. 0. 0. 0. 0. 0. 0. 0. 0. 0. 0. 0. 0. 0. 0. 0. 0.
 0. 0. 0. 0. 0. 0. 0. 0. 0. 0. 0. 0. 0. 0. 0. 0. 0. 0. 0. 0. 0. 0. 0. 0.
 0. 0. 0. 0. 0. 0. 0. 0. 0. 0. 0. 0. 0. 0. 0. 0. 0. 0. 0. 0. 0. 0. 0. 0.
 0. 0. 0. 0. 0. 0. 0. 0. 0. 0. 0. 0. 0. 1. 0. 0. 0. 0. 0. 0. 0. 0. 0. 0.
 0. 0. 0. 0. 0. 0. 0. 0. 0. 0. 0. 0. 0. 0. 0. 0. 0. 0. 0. 0. 0. 0. 0. 0.
 0. 0. 0. 0. 0. 0. 0. 0.]
Normalized importance:  [3.36394948e-01 1.07807118e-01 2.36509759e-01 2.72101033e-01
 2.51435132e-01 1.08266361e-01 5.43053961e-01 5.21239954e-02
 4.07577497e-02 4.21354765e-01 2.33065442e-01 2.27324914e-01
 9.88518944e-01 3.03099885e-01 1.72215844e-01 7.37083812e-01
 4.16762342e-01 3.93800230e-01 7.93340987e-01 3.50172216e-01
 3.05396096e-01 1.00000000e+00 2.20436280e-01 5.33869116e-01
 7.84156142e-01 3.07692308e-01 2.26176808e-01 6.52123995e-02
 2.45694604e-01 3.52468427e-02 2.43398393e-01 0.00000000e+00
 7.77267509e-03 1.91733639e-01 8.84041332e-02 2.23880597e-01
 9.62112514e-02 0.00000000e+00 0.00000000e+00 1.95177956e-01
 1.27439724e-01 1.61882893e-01 7.38231917e-02 0.00000000e+00
 0.00000000e+00 3.38691160e-02 2.91618829e-02 0.00000000e+00
 4.67278990e-02 0.00000000e+00 2.57175660e-01 2.30769231e-02
 1.34328358e-02 2.68656716e-01 7.65786452e-02 2.25028703e-01
 1.97474168e-01 0.00000000e+00 1.91733639e-01 1.84845006e-01
 1.17106774e-01 1.61882893e-01 0.00000000e+00 8.04822044e-02
 9.43742824e-02 0.00000000e+00 8.73708381e-02 9.38002296e-02
 1.25143513e-01 1.63030999e-01 2.83582090e-01 7.35935706e-02
 0.00000000e+00 0.00000000e+00 1.01033295e-01 0.00000000e+00
 0.00000000e+00 2.34213548e-01 0.00000000e+00 2.85878301e-02
 8.15154994e-03 0.00000000e+00 0.00000000e+00 0.00000000e+00
 0.00000000e+00 1.19402985e-01 0.00000000e+00 3.46727899e-02
 0.00000000e+00 0.00000000e+00 3.96096441e-02 9.82778416e-02
 0.00000000e+00 0.00000000e+00 1.54994259e-01 0.00000000e+00
 2.06659013e-02 0.00000000e+00 1.83696900e-01 5.69460390e-02
 0.00000000e+00 7.61194030e-02 2.67508611e-01 7.92192882e-04
 0.00000000e+00 0.00000000e+00 9.62112514e-03 0.00000000e+00
 6.48679679e-02 0.00000000e+00 0.00000000e+00 0.00000000e+00
 0.00000000e+00 1.33180253e-01 1.20551091e-01 1.85993111e-01
 2.15843858e-01 0.00000000e+00 1.11710677e-01 7.04936854e-02
 5.62571757e-02 0.00000000e+00 4.16762342e-02 9.42594719e-02
 2.10103330e-01 1.09873708e-01 6.55568312e-03 1.83696900e-01
 1.67623421e-02 5.33869116e-02 2.13547646e-01 0.00000000e+00
 0.00000000e+00 1.26291619e-01 1.18254879e-01 1.74512055e-01
 2.56027555e-01 1.14236510e-02 0.00000000e+00 0.00000000e+00
 1.80252583e-01 1.07692308e-01 1.63030999e-01 0.00000000e+00
 0.00000000e+00 0.00000000e+00 6.85419059e-02 0.00000000e+00
 1.84845006e-01 0.00000000e+00 9.07003444e-02 0.00000000e+00
 1.34328358e-01 6.87715270e-03 5.90126292e-03 1.23995408e-01
 2.77841561e-02 3.40987371e-01 1.21699196e-01 1.26291619e-01
 5.61423651e-02 5.37313433e-02 1.30884041e-01 1.32032147e-01
 5.53386912e-02 0.00000000e+00 5.16647532e-02 5.80941447e-02
 2.21584386e-01 1.92881745e-01 1.54994259e-01 1.42365098e-01
 4.24799082e-02 0.00000000e+00 8.20895522e-02 0.00000000e+00
 0.00000000e+00 3.90355913e-02 7.89896670e-02 0.00000000e+00
 1.77956372e-01 1.68771527e-01 1.09644087e-02 3.63949483e-03
 1.40068886e-01 8.86337543e-03 0.00000000e+00 0.00000000e+00
 1.94029851e-03 0.00000000e+00 9.88518944e-02 5.30424799e-03
 2.65212400e-01 3.44431688e-02 1.20551091e-01 6.15384615e-02
 1.38920781e-01 1.58438576e-01 0.00000000e+00 0.00000000e+00]
pyseer
y_true:  [0. 0. 0. 0. 0. 0. 0. 0. 0. 0. 0. 0. 1. 1. 1. 1. 1. 1. 1. 1. 1. 1. 1. 1.
 1. 1. 1. 0. 0. 0. 0. 0. 0. 0. 0. 0. 0. 0. 0. 0. 0. 0. 0. 0. 0. 0. 0. 0.
 0. 0. 0. 0. 0. 0. 0. 0. 0. 0. 0. 0. 0. 0. 0. 0. 0. 0. 0. 0. 0. 0. 0. 0.
 0. 0. 0. 0. 0. 0. 0. 0. 0. 0. 0. 0. 0. 0. 0. 0. 0. 0. 0. 0. 0. 0. 0. 0.
 0. 0. 0. 0. 0. 0. 0. 0. 0. 0. 0. 0. 0. 0. 0. 0. 0. 0. 0. 0. 0. 0. 0. 0.
 0. 0. 0. 0. 0. 0. 0. 0. 0. 0. 0. 0. 0. 0. 0. 0. 0. 0. 0. 0. 0. 0. 0. 0.
 0. 0. 0. 0. 0. 0. 0. 0. 0. 0. 0. 0. 0. 0. 0. 0. 0. 0. 0. 0. 0. 0. 0. 0.
 0. 0. 0. 0. 0. 0. 0. 0. 0. 0. 0. 0. 0. 0. 0. 0. 0. 0. 0. 0. 0. 0. 0. 0.
 0. 0. 0. 0. 0. 0. 0. 0.]
y_pred:  [1. 0. 1. 1. 1. 0. 1. 0. 0. 1. 1. 1. 1. 1. 1. 1. 1. 1. 1. 1. 1. 1. 1. 1.
 1. 1. 1. 0. 1. 0. 1. 0. 0. 1. 0. 1. 0. 0. 0. 1. 1. 1. 0. 0. 0. 0. 0. 0.
 0. 0. 1. 0. 0. 1. 0. 1. 1. 0. 1. 1. 0. 1. 0. 0. 0. 0. 0. 0. 1. 1. 1. 0.
 0. 0. 0. 0. 0. 1. 0. 0. 0. 0. 0. 0. 0. 0. 0. 0. 0. 0. 0. 0. 0. 0. 1. 0.
 0. 0. 1. 0. 0. 0. 1. 0. 0. 0. 0. 0. 0. 0. 0. 0. 0. 1. 0. 1. 1. 0. 0. 0.
 0. 0. 0. 0. 1. 0. 0. 1. 0. 0. 1. 0. 0. 1. 0. 1. 1. 0. 0. 0. 1. 0. 1. 0.
 0. 0. 0. 0. 1. 0. 0. 0. 1. 0. 0. 1. 0. 1. 0. 1. 0. 0. 1. 1. 0. 0. 0. 0.
 1. 1. 1. 1. 0. 0. 0. 0. 0. 0. 0. 0. 1. 1. 0. 0. 1. 0. 0. 0. 0. 0. 0. 0.
 1. 0. 0. 0. 1. 1. 0. 0.]
Time taken: 22.779784202575684 seconds
Running combination 44 of 50
Fitting RandomForest...
Fitting Adaboost...
Fitting AdaBoost_2...
Fitting et...
Fitting gbc...
Fitting gbc_2...
Fitting gbc_3...
Fitting dt...
Fitting lr...
Fitting Lasso_1...
Fitting Lasso_2...
Fitting Lasso_3...
Fitting Lasso_4...
Fitting elasticnet...
VCF file created successfully.
pyseer stderr:  Read 1000 phenotypes
Detected continuous phenotype
Reading all variants

0variants [00:00, ?variants/s]
52variants [00:00, 518.82variants/s]
104variants [00:00, 455.17variants/s]
156variants [00:00, 482.42variants/s]
198variants [00:00, 488.33variants/s]
Applying correlation filtering

  0%|          | 0/198 [00:00<?, ?variants/s]
100%|██████████| 198/198 [00:00<00:00, 2742.15variants/s]
Fitting elastic net to top 148 variants
Best penalty (lambda) from cross-validation: 1.18E+01
Best R^2 from cross-validation: 0.552
Finding and printing selected variants
198 loaded variants
50 pre-filtered variants
148 tested variants
142 printed variants

True importance standardized:  [0.23775195 0.23775195 0.23775195 0.54248634 0.54248634 0.54248634
 1.         1.         1.         0.61046326 0.61046326 0.61046326
 0.89733861 0.89733861 0.89733861 0.18206417 0.18206417 0.18206417
 0.92471612 0.92471612 0.92471612 0.61080554 0.61080554 0.61080554
 0.59422113 0.59422113 0.59422113 0.22712595 0.22712595 0.22712595
 0.         0.         0.         0.         0.         0.
 0.         0.         0.         0.         0.         0.
 0.         0.         0.         0.         0.         0.
 0.         0.         0.         0.         0.         0.
 0.         0.         0.         0.         0.         0.
 0.         0.         0.         0.         0.         0.
 0.         0.         0.         0.         0.         0.
 0.         0.         0.         0.         0.         0.
 0.         0.         0.         0.         0.         0.
 0.         0.         0.         0.         0.         0.
 0.         0.         0.         0.         0.         0.
 0.         0.         0.         0.         0.         0.
 0.         0.         0.         0.         0.         0.
 0.         0.         0.         0.         0.         0.
 0.         0.         0.         0.         0.         0.
 0.         0.         0.         0.         0.         0.
 0.         0.         0.         0.         0.         0.
 0.         0.         0.         0.         0.         0.
 0.         0.         0.         0.         0.         0.
 0.         0.         0.         0.         0.         0.
 0.         0.         0.         0.         0.         0.
 0.         0.         0.         0.         0.         0.
 0.         0.         0.         0.         0.         0.
 0.         0.         0.         0.         0.         0.
 0.         0.         0.         0.         0.         0.
 0.         0.         0.         0.         0.         0.
 0.         0.         0.         0.         0.         0.
 0.         0.         0.         0.         0.         0.
 0.         0.        ]
Normalized importance:  [0.16716797 0.16716797 0.16716797 0.14300463 0.14300463 0.14300463
 0.90637782 0.90637782 0.90637782 0.46899506 0.46899506 0.46899506
 1.         1.         1.         0.03662452 0.03662452 0.03662452
 0.86609411 0.86609411 0.86609411 0.35775268 0.35775268 0.35775268
 0.25677084 0.25677084 0.25677084 0.09564347 0.         0.09564347
 0.         0.         0.         0.         0.         0.
 0.         0.         0.         0.         0.         0.01106145
 0.         0.         0.01950868 0.         0.         0.
 0.         0.         0.         0.         0.         0.
 0.         0.         0.         0.         0.         0.
 0.         0.         0.         0.         0.         0.
 0.         0.         0.         0.         0.         0.
 0.         0.         0.         0.         0.         0.
 0.         0.         0.         0.         0.         0.
 0.         0.         0.         0.         0.         0.
 0.         0.         0.         0.         0.         0.
 0.         0.         0.         0.         0.         0.
 0.         0.         0.         0.         0.         0.
 0.         0.         0.         0.         0.         0.
 0.         0.         0.03425811 0.         0.         0.
 0.         0.         0.         0.         0.         0.
 0.         0.         0.         0.         0.         0.
 0.         0.         0.         0.         0.         0.
 0.         0.         0.         0.         0.         0.
 0.         0.         0.         0.         0.         0.
 0.         0.         0.         0.         0.         0.
 0.         0.         0.         0.         0.         0.
 0.         0.         0.         0.         0.         0.
 0.         0.         0.         0.         0.         0.
 0.         0.02887865 0.         0.         0.         0.
 0.         0.         0.         0.         0.         0.
 0.         0.         0.         0.         0.         0.
 0.         0.         0.         0.         0.         0.
 0.         0.        ]
deepbreaks
y_true:  [0. 0. 0. 0. 0. 0. 1. 1. 1. 1. 1. 1. 1. 1. 1. 0. 0. 0. 1. 1. 1. 1. 1. 1.
 0. 0. 0. 0. 0. 0. 0. 0. 0. 0. 0. 0. 0. 0. 0. 0. 0. 0. 0. 0. 0. 0. 0. 0.
 0. 0. 0. 0. 0. 0. 0. 0. 0. 0. 0. 0. 0. 0. 0. 0. 0. 0. 0. 0. 0. 0. 0. 0.
 0. 0. 0. 0. 0. 0. 0. 0. 0. 0. 0. 0. 0. 0. 0. 0. 0. 0. 0. 0. 0. 0. 0. 0.
 0. 0. 0. 0. 0. 0. 0. 0. 0. 0. 0. 0. 0. 0. 0. 0. 0. 0. 0. 0. 0. 0. 0. 0.
 0. 0. 0. 0. 0. 0. 0. 0. 0. 0. 0. 0. 0. 0. 0. 0. 0. 0. 0. 0. 0. 0. 0. 0.
 0. 0. 0. 0. 0. 0. 0. 0. 0. 0. 0. 0. 0. 0. 0. 0. 0. 0. 0. 0. 0. 0. 0. 0.
 0. 0. 0. 0. 0. 0. 0. 0. 0. 0. 0. 0. 0. 0. 0. 0. 0. 0. 0. 0. 0. 0. 0. 0.
 0. 0. 0. 0. 0. 0. 0. 0.]
y_pred:  [0. 0. 0. 0. 0. 0. 1. 1. 1. 1. 1. 1. 1. 1. 1. 0. 0. 0. 1. 1. 1. 1. 1. 1.
 1. 1. 1. 0. 0. 0. 0. 0. 0. 0. 0. 0. 0. 0. 0. 0. 0. 0. 0. 0. 0. 0. 0. 0.
 0. 0. 0. 0. 0. 0. 0. 0. 0. 0. 0. 0. 0. 0. 0. 0. 0. 0. 0. 0. 0. 0. 0. 0.
 0. 0. 0. 0. 0. 0. 0. 0. 0. 0. 0. 0. 0. 0. 0. 0. 0. 0. 0. 0. 0. 0. 0. 0.
 0. 0. 0. 0. 0. 0. 0. 0. 0. 0. 0. 0. 0. 0. 0. 0. 0. 0. 0. 0. 0. 0. 0. 0.
 0. 0. 0. 0. 0. 0. 0. 0. 0. 0. 0. 0. 0. 0. 0. 0. 0. 0. 0. 0. 0. 0. 0. 0.
 0. 0. 0. 0. 0. 0. 0. 0. 0. 0. 0. 0. 0. 0. 0. 0. 0. 0. 0. 0. 0. 0. 0. 0.
 0. 0. 0. 0. 0. 0. 0. 0. 0. 0. 0. 0. 0. 0. 0. 0. 0. 0. 0. 0. 0. 0. 0. 0.
 0. 0. 0. 0. 0. 0. 0. 0.]
Normalized importance:  [3.60571429e-01 4.02857143e-02 2.01142857e-01 3.16000000e-01
 2.23428571e-01 2.38857143e-01 9.71428571e-01 2.03428571e-01
 3.69142857e-01 7.25714286e-01 2.34285714e-01 1.88571429e-01
 1.00000000e+00 1.05142857e-01 3.06285714e-01 6.51428571e-02
 0.00000000e+00 2.69142857e-01 9.37142857e-01 2.42285714e-01
 2.65142857e-01 6.05714286e-01 2.24571429e-01 1.96571429e-01
 6.68571429e-01 2.01714286e-02 2.09714286e-01 4.30285714e-01
 9.08571429e-02 1.70857143e-02 1.89142857e-01 1.21714286e-01
 1.22285714e-01 1.05714286e-02 9.60000000e-02 3.36000000e-02
 3.48000000e-02 0.00000000e+00 6.80000000e-02 1.54857143e-01
 0.00000000e+00 1.69714286e-01 0.00000000e+00 1.61142857e-01
 2.12000000e-01 7.82857143e-02 0.00000000e+00 9.60000000e-02
 8.57142857e-02 7.82857143e-02 6.57142857e-02 7.37142857e-03
 4.98285714e-02 0.00000000e+00 0.00000000e+00 3.46857143e-02
 0.00000000e+00 7.02857143e-02 0.00000000e+00 1.46857143e-01
 5.51428571e-02 4.70857143e-02 0.00000000e+00 8.28571429e-03
 2.17714286e-01 1.45714286e-01 0.00000000e+00 6.97142857e-02
 1.13142857e-01 5.01714286e-02 8.05714286e-02 0.00000000e+00
 1.81714286e-01 9.31428571e-02 1.11428571e-01 6.74285714e-02
 0.00000000e+00 0.00000000e+00 4.28571429e-02 1.80000000e-01
 5.65142857e-02 9.71428571e-02 1.24571429e-01 5.41142857e-02
 0.00000000e+00 5.82857143e-02 0.00000000e+00 9.94285714e-02
 0.00000000e+00 0.00000000e+00 2.20571429e-02 0.00000000e+00
 9.14285714e-02 0.00000000e+00 3.32000000e-02 9.20000000e-02
 0.00000000e+00 0.00000000e+00 1.06285714e-01 9.71428571e-02
 1.20000000e-02 7.20000000e-03 1.14285714e-01 1.16571429e-01
 0.00000000e+00 7.71428571e-02 0.00000000e+00 8.22857143e-02
 0.00000000e+00 2.52571429e-01 5.00000000e-02 7.94285714e-02
 3.54857143e-02 0.00000000e+00 8.51428571e-02 1.36571429e-01
 1.93714286e-01 1.32571429e-01 1.49714286e-01 9.14285714e-02
 2.11428571e-02 0.00000000e+00 1.14285714e-01 3.25714286e-02
 0.00000000e+00 0.00000000e+00 7.02857143e-02 2.20571429e-02
 4.90857143e-04 4.62285714e-02 1.42857143e-02 0.00000000e+00
 0.00000000e+00 1.20000000e-01 0.00000000e+00 1.34285714e-01
 0.00000000e+00 1.38857143e-01 1.66285714e-02 3.82285714e-03
 0.00000000e+00 9.25714286e-02 0.00000000e+00 0.00000000e+00
 1.22857143e-01 5.54285714e-02 0.00000000e+00 8.62857143e-02
 0.00000000e+00 1.78285714e-01 1.61714286e-01 1.28000000e-01
 7.42857143e-04 1.84000000e-02 6.85714286e-02 4.52571429e-02
 1.27428571e-01 0.00000000e+00 0.00000000e+00 0.00000000e+00
 3.56000000e-02 0.00000000e+00 4.78857143e-02 0.00000000e+00
 0.00000000e+00 0.00000000e+00 0.00000000e+00 3.43428571e-02
 5.07428571e-02 5.60000000e-02 0.00000000e+00 8.80000000e-02
 1.73142857e-01 3.18285714e-01 0.00000000e+00 1.52571429e-01
 3.52000000e-02 4.21142857e-02 0.00000000e+00 2.08571429e-02
 0.00000000e+00 2.20000000e-02 1.67428571e-03 7.48571429e-02
 1.66285714e-01 6.17142857e-02 1.98285714e-01 4.28571429e-02
 3.46857143e-02 0.00000000e+00 6.34285714e-02 0.00000000e+00
 0.00000000e+00 0.00000000e+00 1.66285714e-01 0.00000000e+00
 9.65714286e-02 0.00000000e+00 0.00000000e+00 0.00000000e+00]
pyseer
y_true:  [0. 0. 0. 0. 0. 0. 1. 1. 1. 1. 1. 1. 1. 1. 1. 0. 0. 0. 1. 1. 1. 1. 1. 1.
 0. 0. 0. 0. 0. 0. 0. 0. 0. 0. 0. 0. 0. 0. 0. 0. 0. 0. 0. 0. 0. 0. 0. 0.
 0. 0. 0. 0. 0. 0. 0. 0. 0. 0. 0. 0. 0. 0. 0. 0. 0. 0. 0. 0. 0. 0. 0. 0.
 0. 0. 0. 0. 0. 0. 0. 0. 0. 0. 0. 0. 0. 0. 0. 0. 0. 0. 0. 0. 0. 0. 0. 0.
 0. 0. 0. 0. 0. 0. 0. 0. 0. 0. 0. 0. 0. 0. 0. 0. 0. 0. 0. 0. 0. 0. 0. 0.
 0. 0. 0. 0. 0. 0. 0. 0. 0. 0. 0. 0. 0. 0. 0. 0. 0. 0. 0. 0. 0. 0. 0. 0.
 0. 0. 0. 0. 0. 0. 0. 0. 0. 0. 0. 0. 0. 0. 0. 0. 0. 0. 0. 0. 0. 0. 0. 0.
 0. 0. 0. 0. 0. 0. 0. 0. 0. 0. 0. 0. 0. 0. 0. 0. 0. 0. 0. 0. 0. 0. 0. 0.
 0. 0. 0. 0. 0. 0. 0. 0.]
y_pred:  [1. 0. 1. 1. 1. 1. 1. 1. 1. 1. 1. 1. 1. 1. 1. 0. 0. 1. 1. 1. 1. 1. 1. 1.
 1. 0. 1. 1. 0. 0. 1. 1. 1. 0. 1. 0. 0. 0. 0. 1. 0. 1. 0. 1. 1. 0. 0. 1.
 0. 0. 0. 0. 0. 0. 0. 0. 0. 0. 0. 1. 0. 0. 0. 0. 1. 1. 0. 0. 1. 0. 0. 0.
 1. 1. 1. 0. 0. 0. 0. 1. 0. 1. 1. 0. 0. 0. 0. 1. 0. 0. 0. 0. 0. 0. 0. 1.
 0. 0. 1. 1. 0. 0. 1. 1. 0. 0. 0. 0. 0. 1. 0. 0. 0. 0. 0. 1. 1. 1. 1. 0.
 0. 0. 1. 0. 0. 0. 0. 0. 0. 0. 0. 0. 0. 1. 0. 1. 0. 1. 0. 0. 0. 1. 0. 0.
 1. 0. 0. 0. 0. 1. 1. 1. 0. 0. 0. 0. 1. 0. 0. 0. 0. 0. 0. 0. 0. 0. 0. 0.
 0. 0. 0. 0. 1. 1. 0. 1. 0. 0. 0. 0. 0. 0. 0. 0. 1. 0. 1. 0. 0. 0. 0. 0.
 0. 0. 1. 0. 1. 0. 0. 0.]
Time taken: 22.36607837677002 seconds
Running combination 45 of 50
Fitting RandomForest...
Fitting Adaboost...
Fitting AdaBoost_2...
Fitting et...
Fitting gbc...
Fitting gbc_2...
Fitting gbc_3...
Fitting dt...
Fitting lr...
Fitting Lasso_1...
Fitting Lasso_2...
Fitting Lasso_3...
Fitting Lasso_4...
Fitting elasticnet...
VCF file created successfully.
pyseer stderr:  Read 1000 phenotypes
Detected continuous phenotype
Reading all variants

0variants [00:00, ?variants/s]
54variants [00:00, 538.10variants/s]
108variants [00:00, 475.06variants/s]
163variants [00:00, 503.51variants/s]
198variants [00:00, 509.42variants/s]
Applying correlation filtering

  0%|          | 0/198 [00:00<?, ?variants/s]
100%|██████████| 198/198 [00:00<00:00, 2705.05variants/s]
Fitting elastic net to top 148 variants
Best penalty (lambda) from cross-validation: 5.98E+00
Best R^2 from cross-validation: 0.583
Finding and printing selected variants
198 loaded variants
50 pre-filtered variants
148 tested variants
137 printed variants

True importance standardized:  [0.31123686 0.31123686 0.31123686 0.16484194 0.16484194 0.16484194
 0.23884341 0.23884341 0.23884341 0.55800873 0.55800873 0.55800873
 0.77626    0.77626    0.77626    0.99691037 0.99691037 0.99691037
 0.63162082 0.63162082 0.63162082 0.36243606 0.36243606 0.36243606
 1.         1.         1.         0.92519826 0.92519826 0.92519826
 0.         0.         0.         0.         0.         0.
 0.         0.         0.         0.         0.         0.
 0.         0.         0.         0.         0.         0.
 0.         0.         0.         0.         0.         0.
 0.         0.         0.         0.         0.         0.
 0.         0.         0.         0.         0.         0.
 0.         0.         0.         0.         0.         0.
 0.         0.         0.         0.         0.         0.
 0.         0.         0.         0.         0.         0.
 0.         0.         0.         0.         0.         0.
 0.         0.         0.         0.         0.         0.
 0.         0.         0.         0.         0.         0.
 0.         0.         0.         0.         0.         0.
 0.         0.         0.         0.         0.         0.
 0.         0.         0.         0.         0.         0.
 0.         0.         0.         0.         0.         0.
 0.         0.         0.         0.         0.         0.
 0.         0.         0.         0.         0.         0.
 0.         0.         0.         0.         0.         0.
 0.         0.         0.         0.         0.         0.
 0.         0.         0.         0.         0.         0.
 0.         0.         0.         0.         0.         0.
 0.         0.         0.         0.         0.         0.
 0.         0.         0.         0.         0.         0.
 0.         0.         0.         0.         0.         0.
 0.         0.         0.         0.         0.         0.
 0.         0.         0.         0.         0.         0.
 0.         0.         0.         0.         0.         0.
 0.         0.        ]
Normalized importance:  [0.09086618 0.09086618 0.09086618 0.03955174 0.03955174 0.03955174
 0.04008522 0.         0.04008522 0.15242958 0.15242958 0.15242958
 0.71777989 0.71777989 0.71777989 0.76176768 0.76176768 0.76176768
 0.33994904 0.33994904 0.33994904 0.11870574 0.11870574 0.
 0.82136304 0.82136304 0.82136304 1.         1.         1.
 0.         0.         0.         0.         0.         0.
 0.         0.         0.         0.         0.         0.
 0.         0.         0.         0.         0.         0.
 0.         0.         0.         0.         0.         0.
 0.         0.         0.         0.         0.         0.
 0.         0.         0.         0.         0.         0.
 0.         0.         0.         0.         0.         0.
 0.         0.         0.         0.         0.         0.
 0.         0.         0.         0.         0.         0.
 0.         0.         0.         0.         0.         0.
 0.         0.         0.         0.         0.         0.
 0.         0.02453327 0.         0.02214896 0.         0.
 0.         0.         0.         0.         0.         0.
 0.         0.         0.         0.         0.         0.02393511
 0.         0.         0.         0.         0.         0.
 0.         0.         0.         0.         0.         0.
 0.         0.         0.         0.         0.         0.
 0.         0.         0.         0.         0.         0.
 0.         0.         0.         0.         0.         0.
 0.         0.         0.         0.         0.         0.
 0.         0.         0.         0.         0.         0.
 0.         0.         0.         0.         0.         0.
 0.         0.         0.         0.         0.         0.
 0.         0.02899643 0.         0.         0.         0.
 0.         0.         0.         0.         0.         0.
 0.         0.         0.         0.         0.         0.
 0.         0.         0.         0.         0.         0.
 0.         0.         0.         0.04820008 0.         0.
 0.         0.        ]
deepbreaks
y_true:  [0. 0. 0. 0. 0. 0. 0. 0. 0. 0. 0. 0. 1. 1. 1. 1. 1. 1. 1. 1. 1. 0. 0. 0.
 1. 1. 1. 1. 1. 1. 0. 0. 0. 0. 0. 0. 0. 0. 0. 0. 0. 0. 0. 0. 0. 0. 0. 0.
 0. 0. 0. 0. 0. 0. 0. 0. 0. 0. 0. 0. 0. 0. 0. 0. 0. 0. 0. 0. 0. 0. 0. 0.
 0. 0. 0. 0. 0. 0. 0. 0. 0. 0. 0. 0. 0. 0. 0. 0. 0. 0. 0. 0. 0. 0. 0. 0.
 0. 0. 0. 0. 0. 0. 0. 0. 0. 0. 0. 0. 0. 0. 0. 0. 0. 0. 0. 0. 0. 0. 0. 0.
 0. 0. 0. 0. 0. 0. 0. 0. 0. 0. 0. 0. 0. 0. 0. 0. 0. 0. 0. 0. 0. 0. 0. 0.
 0. 0. 0. 0. 0. 0. 0. 0. 0. 0. 0. 0. 0. 0. 0. 0. 0. 0. 0. 0. 0. 0. 0. 0.
 0. 0. 0. 0. 0. 0. 0. 0. 0. 0. 0. 0. 0. 0. 0. 0. 0. 0. 0. 0. 0. 0. 0. 0.
 0. 0. 0. 0. 0. 0. 0. 0.]
y_pred:  [0. 0. 0. 0. 0. 0. 0. 0. 0. 1. 1. 1. 1. 1. 1. 1. 1. 1. 1. 1. 1. 0. 0. 0.
 1. 1. 1. 1. 1. 1. 0. 0. 0. 0. 0. 0. 0. 0. 0. 0. 0. 0. 0. 0. 0. 0. 0. 0.
 0. 0. 0. 0. 0. 0. 0. 0. 0. 0. 0. 0. 0. 0. 0. 0. 0. 0. 0. 0. 0. 0. 0. 0.
 0. 0. 0. 0. 0. 0. 0. 0. 0. 0. 0. 0. 0. 0. 0. 0. 0. 0. 0. 0. 0. 0. 0. 0.
 0. 0. 0. 0. 0. 0. 0. 0. 0. 0. 0. 0. 0. 0. 0. 0. 0. 0. 0. 0. 0. 0. 0. 0.
 0. 0. 0. 0. 0. 0. 0. 0. 0. 0. 0. 0. 0. 0. 0. 0. 0. 0. 0. 0. 0. 0. 0. 0.
 0. 0. 0. 0. 0. 0. 0. 0. 0. 0. 0. 0. 0. 0. 0. 0. 0. 0. 0. 0. 0. 0. 0. 0.
 0. 0. 0. 0. 0. 0. 0. 0. 0. 0. 0. 0. 0. 0. 0. 0. 0. 0. 0. 0. 0. 0. 0. 0.
 0. 0. 0. 0. 0. 0. 0. 0.]
Normalized importance:  [1.61707633e-01 1.97930142e-01 2.10866753e-01 1.87580854e-01
 1.48771022e-01 8.20181113e-02 2.84605433e-01 8.78395860e-02
 8.13712807e-02 3.97153946e-01 1.64294955e-01 3.55756792e-01
 7.99482536e-01 4.11384217e-01 2.75549806e-01 8.73221216e-01
 2.93661061e-01 2.66494179e-01 6.45536869e-01 3.91979301e-01
 1.84993532e-01 3.98447607e-01 7.11513583e-02 1.29366106e-01
 1.00000000e+00 2.72962484e-01 3.54463131e-01 7.80077620e-01
 4.23027167e-01 4.47606727e-01 0.00000000e+00 0.00000000e+00
 0.00000000e+00 0.00000000e+00 1.01681759e-02 0.00000000e+00
 0.00000000e+00 1.37128072e-02 0.00000000e+00 0.00000000e+00
 2.19922380e-01 1.26261320e-01 1.27554981e-01 4.60543338e-02
 0.00000000e+00 0.00000000e+00 1.91461837e-03 0.00000000e+00
 4.83829237e-02 5.13583441e-02 0.00000000e+00 1.97930142e-02
 0.00000000e+00 0.00000000e+00 0.00000000e+00 1.30659767e-01
 4.12677878e-02 0.00000000e+00 1.63001294e-01 1.30659767e-01
 9.75420440e-02 0.00000000e+00 0.00000000e+00 2.56144890e-01
 7.07632600e-02 9.15912031e-02 0.00000000e+00 0.00000000e+00
 0.00000000e+00 7.30918499e-02 0.00000000e+00 1.39715395e-01
 1.77231565e-01 1.88874515e-01 6.53298836e-02 2.08279431e-01
 0.00000000e+00 4.90297542e-02 0.00000000e+00 4.20439845e-02
 8.75808538e-02 1.84993532e-01 9.54721863e-02 3.31177232e-02
 0.00000000e+00 4.52781371e-02 2.56144890e-01 6.85640362e-02
 0.00000000e+00 7.07632600e-02 1.25485123e-01 5.56274256e-02
 5.22639069e-02 2.38033635e-02 8.53816300e-02 1.23544631e-02
 7.21862872e-02 1.81112549e-01 1.16817594e-01 1.35834411e-01
 0.00000000e+00 0.00000000e+00 0.00000000e+00 1.12548512e-01
 1.16558862e-01 0.00000000e+00 0.00000000e+00 0.00000000e+00
 4.33376455e-02 1.23415265e-02 2.67787840e-02 1.75937904e-01
 5.66623545e-02 1.53945666e-01 1.16429495e-01 1.75937904e-02
 1.46183700e-02 0.00000000e+00 7.21862872e-04 6.88227684e-02
 2.66494179e-02 0.00000000e+00 6.33893920e-02 3.50582147e-02
 0.00000000e+00 2.25097025e-01 1.72056921e-02 0.00000000e+00
 0.00000000e+00 6.14489004e-02 1.44890039e-01 1.18240621e-02
 3.60931436e-02 0.00000000e+00 0.00000000e+00 1.35834411e-01
 1.38421734e-01 1.02975420e-01 1.68175938e-01 1.69469599e-01
 0.00000000e+00 9.58602846e-02 8.53816300e-02 4.89003881e-02
 0.00000000e+00 2.31565330e-02 0.00000000e+00 3.82923674e-02
 1.22897801e-01 1.69469599e-01 0.00000000e+00 0.00000000e+00
 0.00000000e+00 6.02846054e-02 6.32600259e-04 4.79948254e-02
 3.94566624e-02 0.00000000e+00 7.93014230e-02 8.15006468e-03
 3.67399741e-02 1.10090556e-01 5.62742561e-02 2.09573092e-01
 3.14359638e-02 0.00000000e+00 0.00000000e+00 0.00000000e+00
 8.48641656e-02 1.91461837e-01 5.18758085e-02 5.23932730e-02
 8.18887451e-02 6.90815006e-02 0.00000000e+00 0.00000000e+00
 0.00000000e+00 1.43596378e-01 5.75679172e-02 8.60284605e-03
 0.00000000e+00 0.00000000e+00 2.05692109e-01 0.00000000e+00
 0.00000000e+00 7.25743855e-02 1.11513583e-01 8.65459250e-03
 0.00000000e+00 1.68175938e-01 0.00000000e+00 6.99870634e-02
 0.00000000e+00 0.00000000e+00 7.30918499e-02 2.14747736e-01
 3.06597671e-02 0.00000000e+00 0.00000000e+00 0.00000000e+00]
pyseer
y_true:  [0. 0. 0. 0. 0. 0. 0. 0. 0. 0. 0. 0. 1. 1. 1. 1. 1. 1. 1. 1. 1. 0. 0. 0.
 1. 1. 1. 1. 1. 1. 0. 0. 0. 0. 0. 0. 0. 0. 0. 0. 0. 0. 0. 0. 0. 0. 0. 0.
 0. 0. 0. 0. 0. 0. 0. 0. 0. 0. 0. 0. 0. 0. 0. 0. 0. 0. 0. 0. 0. 0. 0. 0.
 0. 0. 0. 0. 0. 0. 0. 0. 0. 0. 0. 0. 0. 0. 0. 0. 0. 0. 0. 0. 0. 0. 0. 0.
 0. 0. 0. 0. 0. 0. 0. 0. 0. 0. 0. 0. 0. 0. 0. 0. 0. 0. 0. 0. 0. 0. 0. 0.
 0. 0. 0. 0. 0. 0. 0. 0. 0. 0. 0. 0. 0. 0. 0. 0. 0. 0. 0. 0. 0. 0. 0. 0.
 0. 0. 0. 0. 0. 0. 0. 0. 0. 0. 0. 0. 0. 0. 0. 0. 0. 0. 0. 0. 0. 0. 0. 0.
 0. 0. 0. 0. 0. 0. 0. 0. 0. 0. 0. 0. 0. 0. 0. 0. 0. 0. 0. 0. 0. 0. 0. 0.
 0. 0. 0. 0. 0. 0. 0. 0.]
y_pred:  [1. 1. 1. 1. 1. 0. 1. 0. 0. 1. 1. 1. 1. 1. 1. 1. 1. 1. 1. 1. 1. 1. 0. 1.
 1. 1. 1. 1. 1. 1. 0. 0. 0. 0. 0. 0. 0. 0. 0. 0. 1. 1. 1. 0. 0. 0. 0. 0.
 0. 0. 0. 0. 0. 0. 0. 1. 0. 0. 1. 1. 1. 0. 0. 1. 0. 1. 0. 0. 0. 0. 0. 1.
 1. 1. 0. 1. 0. 0. 0. 0. 0. 1. 1. 0. 0. 0. 1. 0. 0. 0. 1. 0. 0. 0. 0. 0.
 0. 1. 1. 1. 0. 0. 0. 1. 1. 0. 0. 0. 0. 0. 0. 1. 0. 1. 1. 0. 0. 0. 0. 0.
 0. 0. 0. 0. 0. 1. 0. 0. 0. 0. 1. 0. 0. 0. 0. 1. 1. 1. 1. 1. 0. 1. 0. 0.
 0. 0. 0. 0. 1. 1. 0. 0. 0. 0. 0. 0. 0. 0. 0. 0. 0. 1. 0. 1. 0. 0. 0. 0.
 0. 1. 0. 0. 0. 0. 0. 0. 0. 1. 0. 0. 0. 0. 1. 0. 0. 0. 1. 0. 0. 1. 0. 0.
 0. 0. 0. 1. 0. 0. 0. 0.]
Time taken: 22.73432159423828 seconds
Running combination 46 of 50
Fitting RandomForest...
Fitting Adaboost...
Fitting AdaBoost_2...
Fitting et...
Fitting gbc...
Fitting gbc_2...
Fitting gbc_3...
Fitting dt...
Fitting lr...
Fitting Lasso_1...
Fitting Lasso_2...
Fitting Lasso_3...
Fitting Lasso_4...
Fitting elasticnet...
VCF file created successfully.
pyseer stderr:  Read 1000 phenotypes
Detected continuous phenotype
Reading all variants

0variants [00:00, ?variants/s]
54variants [00:00, 536.52variants/s]
108variants [00:00, 472.41variants/s]
164variants [00:00, 506.54variants/s]
198variants [00:00, 511.22variants/s]
Applying correlation filtering

  0%|          | 0/198 [00:00<?, ?variants/s]
100%|██████████| 198/198 [00:00<00:00, 2694.98variants/s]
Fitting elastic net to top 148 variants
Best penalty (lambda) from cross-validation: 1.27E+01
Best R^2 from cross-validation: 0.498
Finding and printing selected variants
198 loaded variants
50 pre-filtered variants
148 tested variants
136 printed variants

True importance standardized:  [0.32869551 0.32869551 0.32869551 0.11574138 0.11574138 0.11574138
 1.         1.         1.         0.97378042 0.97378042 0.97378042
 0.94504103 0.94504103 0.94504103 0.18665912 0.18665912 0.18665912
 0.43354142 0.43354142 0.43354142 0.59945256 0.59945256 0.59945256
 0.1763993  0.1763993  0.1763993  0.85119023 0.85119023 0.85119023
 0.         0.         0.         0.         0.         0.
 0.         0.         0.         0.         0.         0.
 0.         0.         0.         0.         0.         0.
 0.         0.         0.         0.         0.         0.
 0.         0.         0.         0.         0.         0.
 0.         0.         0.         0.         0.         0.
 0.         0.         0.         0.         0.         0.
 0.         0.         0.         0.         0.         0.
 0.         0.         0.         0.         0.         0.
 0.         0.         0.         0.         0.         0.
 0.         0.         0.         0.         0.         0.
 0.         0.         0.         0.         0.         0.
 0.         0.         0.         0.         0.         0.
 0.         0.         0.         0.         0.         0.
 0.         0.         0.         0.         0.         0.
 0.         0.         0.         0.         0.         0.
 0.         0.         0.         0.         0.         0.
 0.         0.         0.         0.         0.         0.
 0.         0.         0.         0.         0.         0.
 0.         0.         0.         0.         0.         0.
 0.         0.         0.         0.         0.         0.
 0.         0.         0.         0.         0.         0.
 0.         0.         0.         0.         0.         0.
 0.         0.         0.         0.         0.         0.
 0.         0.         0.         0.         0.         0.
 0.         0.         0.         0.         0.         0.
 0.         0.         0.         0.         0.         0.
 0.         0.         0.         0.         0.         0.
 0.         0.        ]
Normalized importance:  [0.11314694 0.11314694 0.11314694 0.01967819 0.         0.01967819
 0.84485422 0.84485422 0.84485422 0.62073644 0.62073644 0.62073644
 1.         1.         1.         0.         0.         0.01132142
 0.33185687 0.33185687 0.33185687 0.50935138 0.50935138 0.50935138
 0.         0.         0.         0.74386464 0.74386464 0.74386464
 0.         0.         0.         0.         0.         0.
 0.         0.         0.         0.         0.         0.
 0.         0.         0.         0.         0.         0.
 0.         0.         0.         0.         0.         0.
 0.         0.         0.         0.         0.         0.
 0.         0.         0.         0.         0.         0.
 0.00960778 0.         0.         0.         0.         0.
 0.         0.         0.         0.         0.         0.
 0.         0.         0.         0.         0.         0.
 0.         0.01986059 0.         0.         0.         0.
 0.         0.         0.         0.         0.         0.
 0.         0.         0.         0.         0.         0.
 0.         0.         0.         0.         0.         0.
 0.         0.         0.         0.         0.         0.
 0.         0.         0.         0.         0.         0.
 0.         0.         0.         0.         0.         0.
 0.         0.         0.         0.         0.         0.
 0.         0.         0.         0.02431188 0.         0.
 0.         0.         0.         0.         0.         0.
 0.         0.         0.         0.         0.         0.
 0.         0.         0.         0.         0.         0.01352914
 0.         0.         0.         0.         0.         0.
 0.         0.01098664 0.         0.         0.         0.
 0.         0.         0.         0.         0.         0.
 0.         0.         0.         0.         0.         0.
 0.         0.         0.         0.         0.         0.
 0.         0.         0.         0.         0.         0.
 0.         0.         0.         0.         0.         0.
 0.         0.        ]
deepbreaks
y_true:  [0. 0. 0. 0. 0. 0. 1. 1. 1. 1. 1. 1. 1. 1. 1. 0. 0. 0. 0. 0. 0. 1. 1. 1.
 0. 0. 0. 1. 1. 1. 0. 0. 0. 0. 0. 0. 0. 0. 0. 0. 0. 0. 0. 0. 0. 0. 0. 0.
 0. 0. 0. 0. 0. 0. 0. 0. 0. 0. 0. 0. 0. 0. 0. 0. 0. 0. 0. 0. 0. 0. 0. 0.
 0. 0. 0. 0. 0. 0. 0. 0. 0. 0. 0. 0. 0. 0. 0. 0. 0. 0. 0. 0. 0. 0. 0. 0.
 0. 0. 0. 0. 0. 0. 0. 0. 0. 0. 0. 0. 0. 0. 0. 0. 0. 0. 0. 0. 0. 0. 0. 0.
 0. 0. 0. 0. 0. 0. 0. 0. 0. 0. 0. 0. 0. 0. 0. 0. 0. 0. 0. 0. 0. 0. 0. 0.
 0. 0. 0. 0. 0. 0. 0. 0. 0. 0. 0. 0. 0. 0. 0. 0. 0. 0. 0. 0. 0. 0. 0. 0.
 0. 0. 0. 0. 0. 0. 0. 0. 0. 0. 0. 0. 0. 0. 0. 0. 0. 0. 0. 0. 0. 0. 0. 0.
 0. 0. 0. 0. 0. 0. 0. 0.]
y_pred:  [0. 0. 0. 0. 0. 0. 1. 1. 1. 1. 1. 1. 1. 1. 1. 0. 0. 0. 0. 0. 0. 1. 1. 1.
 0. 0. 0. 1. 1. 1. 0. 0. 0. 0. 0. 0. 0. 0. 0. 0. 0. 0. 0. 0. 0. 0. 0. 0.
 0. 0. 0. 0. 0. 0. 0. 0. 0. 0. 0. 0. 0. 0. 0. 0. 0. 0. 0. 0. 0. 0. 0. 0.
 0. 0. 0. 0. 0. 0. 0. 0. 0. 0. 0. 0. 0. 0. 0. 0. 0. 0. 0. 0. 0. 0. 0. 0.
 0. 0. 0. 0. 0. 0. 0. 0. 0. 0. 0. 0. 0. 0. 0. 0. 0. 0. 0. 0. 0. 0. 0. 0.
 0. 0. 0. 0. 0. 0. 0. 0. 0. 0. 0. 0. 0. 0. 0. 0. 0. 0. 0. 0. 0. 0. 0. 0.
 0. 0. 0. 0. 0. 0. 0. 0. 0. 0. 0. 0. 0. 0. 0. 0. 0. 0. 0. 0. 0. 0. 0. 0.
 0. 0. 0. 0. 0. 0. 0. 0. 0. 0. 0. 0. 0. 0. 0. 0. 0. 0. 0. 0. 0. 0. 0. 0.
 0. 0. 0. 0. 0. 0. 0. 0.]
Normalized importance:  [0.44       0.14666667 0.2125     0.11833333 0.08916667 0.08583333
 0.93333333 0.39833333 0.32833333 1.         0.25916667 0.4075
 0.94166667 0.39833333 0.33166667 0.10416667 0.10333333 0.13083333
 0.71916667 0.0445     0.25083333 0.64083333 0.33166667 0.125
 0.12083333 0.02108333 0.         0.75416667 0.2025     0.5625
 0.09166667 0.15583333 0.04025    0.         0.08191667 0.
 0.11166667 0.         0.         0.         0.16       0.12666667
 0.         0.01833333 0.19166667 0.0975     0.         0.
 0.0875     0.         0.05566667 0.11166667 0.04466667 0.
 0.         0.02216667 0.02       0.         0.00266667 0.12916667
 0.         0.12416667 0.10416667 0.07666667 0.02925    0.
 0.16166667 0.23083333 0.03716667 0.         0.18583333 0.
 0.12916667 0.07475    0.18583333 0.         0.         0.15333333
 0.011      0.1125     0.2325     0.18416667 0.2175     0.05041667
 0.22       0.11416667 0.02366667 0.13       0.         0.
 0.05091667 0.06891667 0.         0.05183333 0.12083333 0.
 0.1425     0.         0.         0.06883333 0.         0.
 0.10166667 0.04775    0.         0.12       0.         0.00340833
 0.         0.         0.205      0.0595     0.         0.07666667
 0.12833333 0.         0.03108333 0.04483333 0.         0.16916667
 0.0425     0.04041667 0.074      0.         0.0245     0.08666667
 0.03116667 0.21166667 0.07075    0.         0.06075    0.05158333
 0.         0.         0.         0.28       0.         0.11166667
 0.         0.07783333 0.03666667 0.1425     0.         0.
 0.05983333 0.073      0.         0.0375     0.145      0.
 0.09416667 0.2425     0.         0.         0.         0.10833333
 0.         0.0875     0.         0.01141667 0.04275    0.13666667
 0.1325     0.07341667 0.         0.054      0.01116667 0.28083333
 0.20166667 0.13583333 0.11833333 0.06358333 0.13166667 0.
 0.         0.         0.03216667 0.04741667 0.         0.21333333
 0.         0.         0.         0.04275    0.17083333 0.05191667
 0.19666667 0.06441667 0.         0.0975     0.         0.01583333
 0.07758333 0.21833333 0.         0.         0.07241667 0.15666667
 0.         0.        ]
pyseer
y_true:  [0. 0. 0. 0. 0. 0. 1. 1. 1. 1. 1. 1. 1. 1. 1. 0. 0. 0. 0. 0. 0. 1. 1. 1.
 0. 0. 0. 1. 1. 1. 0. 0. 0. 0. 0. 0. 0. 0. 0. 0. 0. 0. 0. 0. 0. 0. 0. 0.
 0. 0. 0. 0. 0. 0. 0. 0. 0. 0. 0. 0. 0. 0. 0. 0. 0. 0. 0. 0. 0. 0. 0. 0.
 0. 0. 0. 0. 0. 0. 0. 0. 0. 0. 0. 0. 0. 0. 0. 0. 0. 0. 0. 0. 0. 0. 0. 0.
 0. 0. 0. 0. 0. 0. 0. 0. 0. 0. 0. 0. 0. 0. 0. 0. 0. 0. 0. 0. 0. 0. 0. 0.
 0. 0. 0. 0. 0. 0. 0. 0. 0. 0. 0. 0. 0. 0. 0. 0. 0. 0. 0. 0. 0. 0. 0. 0.
 0. 0. 0. 0. 0. 0. 0. 0. 0. 0. 0. 0. 0. 0. 0. 0. 0. 0. 0. 0. 0. 0. 0. 0.
 0. 0. 0. 0. 0. 0. 0. 0. 0. 0. 0. 0. 0. 0. 0. 0. 0. 0. 0. 0. 0. 0. 0. 0.
 0. 0. 0. 0. 0. 0. 0. 0.]
y_pred:  [1. 1. 1. 1. 0. 0. 1. 1. 1. 1. 1. 1. 1. 1. 1. 0. 0. 1. 1. 0. 1. 1. 1. 1.
 1. 0. 0. 1. 1. 1. 0. 1. 0. 0. 0. 0. 1. 0. 0. 0. 1. 1. 0. 0. 1. 0. 0. 0.
 0. 0. 0. 1. 0. 0. 0. 0. 0. 0. 0. 1. 0. 1. 0. 0. 0. 0. 1. 1. 0. 0. 1. 0.
 1. 0. 1. 0. 0. 1. 0. 1. 1. 1. 1. 0. 1. 1. 0. 1. 0. 0. 0. 0. 0. 0. 1. 0.
 1. 0. 0. 0. 0. 0. 0. 0. 0. 1. 0. 0. 0. 0. 1. 0. 0. 0. 1. 0. 0. 0. 0. 1.
 0. 0. 0. 0. 0. 0. 0. 1. 0. 0. 0. 0. 0. 0. 0. 1. 0. 1. 0. 0. 0. 1. 0. 0.
 0. 0. 0. 0. 1. 0. 0. 1. 0. 0. 0. 0. 0. 0. 0. 0. 0. 1. 1. 0. 0. 0. 0. 1.
 1. 1. 1. 0. 1. 0. 0. 0. 0. 0. 0. 1. 0. 0. 0. 0. 1. 0. 1. 0. 0. 0. 0. 0.
 0. 1. 0. 0. 0. 1. 0. 0.]
Time taken: 22.05523705482483 seconds
Running combination 47 of 50
Fitting RandomForest...
Fitting Adaboost...
Fitting AdaBoost_2...
Fitting et...
Fitting gbc...
Fitting gbc_2...
Fitting gbc_3...
Fitting dt...
Fitting lr...
Fitting Lasso_1...
Fitting Lasso_2...
Fitting Lasso_3...
Fitting Lasso_4...
Fitting elasticnet...
VCF file created successfully.
pyseer stderr:  Read 1000 phenotypes
Detected continuous phenotype
Reading all variants

0variants [00:00, ?variants/s]
53variants [00:00, 522.28variants/s]
106variants [00:00, 470.68variants/s]
161variants [00:00, 503.24variants/s]
198variants [00:00, 508.78variants/s]
Applying correlation filtering

  0%|          | 0/198 [00:00<?, ?variants/s]
100%|██████████| 198/198 [00:00<00:00, 2512.57variants/s]
Fitting elastic net to top 148 variants
Best penalty (lambda) from cross-validation: 9.49E+00
Best R^2 from cross-validation: 0.532
Finding and printing selected variants
198 loaded variants
50 pre-filtered variants
148 tested variants
135 printed variants

True importance standardized:  [0.37790991 0.37790991 0.37790991 0.11268065 0.11268065 0.11268065
 1.         1.         1.         0.17789333 0.17789333 0.17789333
 0.7743657  0.7743657  0.7743657  0.64861966 0.64861966 0.64861966
 0.1279964  0.1279964  0.1279964  0.49154851 0.49154851 0.49154851
 0.50049036 0.50049036 0.50049036 0.89889626 0.89889626 0.89889626
 0.         0.         0.         0.         0.         0.
 0.         0.         0.         0.         0.         0.
 0.         0.         0.         0.         0.         0.
 0.         0.         0.         0.         0.         0.
 0.         0.         0.         0.         0.         0.
 0.         0.         0.         0.         0.         0.
 0.         0.         0.         0.         0.         0.
 0.         0.         0.         0.         0.         0.
 0.         0.         0.         0.         0.         0.
 0.         0.         0.         0.         0.         0.
 0.         0.         0.         0.         0.         0.
 0.         0.         0.         0.         0.         0.
 0.         0.         0.         0.         0.         0.
 0.         0.         0.         0.         0.         0.
 0.         0.         0.         0.         0.         0.
 0.         0.         0.         0.         0.         0.
 0.         0.         0.         0.         0.         0.
 0.         0.         0.         0.         0.         0.
 0.         0.         0.         0.         0.         0.
 0.         0.         0.         0.         0.         0.
 0.         0.         0.         0.         0.         0.
 0.         0.         0.         0.         0.         0.
 0.         0.         0.         0.         0.         0.
 0.         0.         0.         0.         0.         0.
 0.         0.         0.         0.         0.         0.
 0.         0.         0.         0.         0.         0.
 0.         0.         0.         0.         0.         0.
 0.         0.         0.         0.         0.         0.
 0.         0.        ]
Normalized importance:  [0.13445246 0.13445246 0.13445246 0.         0.         0.
 1.         1.         1.         0.09340628 0.         0.
 0.55604728 0.55604728 0.55604728 0.52215987 0.52215987 0.52215987
 0.         0.         0.         0.19145543 0.19145543 0.19145543
 0.36224528 0.36224528 0.36224528 0.81560627 0.81560627 0.81560627
 0.         0.         0.         0.         0.         0.
 0.         0.         0.         0.         0.03039252 0.
 0.         0.         0.         0.         0.         0.
 0.         0.         0.         0.         0.         0.
 0.         0.         0.         0.         0.         0.
 0.04526766 0.         0.         0.         0.         0.
 0.         0.         0.         0.         0.         0.01769319
 0.         0.         0.         0.         0.         0.
 0.0249881  0.         0.00611545 0.         0.         0.
 0.         0.         0.         0.         0.         0.
 0.         0.         0.         0.         0.         0.
 0.         0.         0.         0.         0.         0.
 0.         0.         0.         0.         0.         0.
 0.         0.         0.         0.         0.         0.
 0.         0.         0.         0.         0.         0.
 0.         0.         0.         0.         0.         0.
 0.         0.         0.         0.         0.         0.
 0.         0.         0.         0.         0.         0.
 0.         0.02897482 0.         0.03797621 0.         0.
 0.         0.         0.         0.         0.         0.
 0.         0.         0.         0.         0.         0.
 0.         0.         0.         0.         0.         0.
 0.         0.         0.         0.         0.         0.
 0.         0.         0.         0.         0.         0.
 0.         0.         0.         0.         0.         0.
 0.         0.         0.         0.         0.         0.
 0.         0.         0.         0.         0.         0.
 0.         0.         0.         0.         0.         0.
 0.         0.        ]
deepbreaks
y_true:  [0. 0. 0. 0. 0. 0. 1. 1. 1. 0. 0. 0. 1. 1. 1. 1. 1. 1. 0. 0. 0. 0. 0. 0.
 1. 1. 1. 1. 1. 1. 0. 0. 0. 0. 0. 0. 0. 0. 0. 0. 0. 0. 0. 0. 0. 0. 0. 0.
 0. 0. 0. 0. 0. 0. 0. 0. 0. 0. 0. 0. 0. 0. 0. 0. 0. 0. 0. 0. 0. 0. 0. 0.
 0. 0. 0. 0. 0. 0. 0. 0. 0. 0. 0. 0. 0. 0. 0. 0. 0. 0. 0. 0. 0. 0. 0. 0.
 0. 0. 0. 0. 0. 0. 0. 0. 0. 0. 0. 0. 0. 0. 0. 0. 0. 0. 0. 0. 0. 0. 0. 0.
 0. 0. 0. 0. 0. 0. 0. 0. 0. 0. 0. 0. 0. 0. 0. 0. 0. 0. 0. 0. 0. 0. 0. 0.
 0. 0. 0. 0. 0. 0. 0. 0. 0. 0. 0. 0. 0. 0. 0. 0. 0. 0. 0. 0. 0. 0. 0. 0.
 0. 0. 0. 0. 0. 0. 0. 0. 0. 0. 0. 0. 0. 0. 0. 0. 0. 0. 0. 0. 0. 0. 0. 0.
 0. 0. 0. 0. 0. 0. 0. 0.]
y_pred:  [0. 0. 0. 0. 0. 0. 1. 1. 1. 0. 0. 0. 1. 1. 1. 1. 1. 1. 0. 0. 0. 0. 0. 0.
 1. 1. 1. 1. 1. 1. 0. 0. 0. 0. 0. 0. 0. 0. 0. 0. 0. 0. 0. 0. 0. 0. 0. 0.
 0. 0. 0. 0. 0. 0. 0. 0. 0. 0. 0. 0. 0. 0. 0. 0. 0. 0. 0. 0. 0. 0. 0. 0.
 0. 0. 0. 0. 0. 0. 0. 0. 0. 0. 0. 0. 0. 0. 0. 0. 0. 0. 0. 0. 0. 0. 0. 0.
 0. 0. 0. 0. 0. 0. 0. 0. 0. 0. 0. 0. 0. 0. 0. 0. 0. 0. 0. 0. 0. 0. 0. 0.
 0. 0. 0. 0. 0. 0. 0. 0. 0. 0. 0. 0. 0. 0. 0. 0. 0. 0. 0. 0. 0. 0. 0. 0.
 0. 0. 0. 0. 0. 0. 0. 0. 0. 0. 0. 0. 0. 0. 0. 0. 0. 0. 0. 0. 0. 0. 0. 0.
 0. 0. 0. 0. 0. 0. 0. 0. 0. 0. 0. 0. 0. 0. 0. 0. 0. 0. 0. 0. 0. 0. 0. 0.
 0. 0. 0. 0. 0. 0. 0. 0.]
Normalized importance:  [5.56179775e-01 6.12359551e-02 2.38764045e-01 1.64325843e-02
 5.50561798e-02 9.76123596e-02 1.00000000e+00 5.74438202e-01
 4.80337079e-01 2.68258427e-01 0.00000000e+00 9.49438202e-02
 7.73876404e-01 4.91573034e-01 3.77808989e-01 8.23033708e-01
 4.32584270e-01 1.33426966e-01 2.68258427e-03 8.35674157e-02
 1.36376404e-01 4.33988764e-01 3.60955056e-01 2.21910112e-01
 6.92415730e-01 1.23455056e-01 2.34550562e-01 9.24157303e-01
 5.51966292e-01 3.28651685e-01 0.00000000e+00 8.27247191e-02
 1.27387640e-01 0.00000000e+00 1.93820225e-01 0.00000000e+00
 7.48595506e-02 1.68539326e-01 7.66853933e-02 0.00000000e+00
 2.55617978e-01 1.05758427e-01 1.29213483e-01 5.43539326e-02
 0.00000000e+00 1.71348315e-01 1.13764045e-01 1.32303371e-01
 2.05056180e-03 0.00000000e+00 0.00000000e+00 0.00000000e+00
 4.10112360e-02 3.80617978e-02 0.00000000e+00 0.00000000e+00
 3.49719101e-02 0.00000000e+00 0.00000000e+00 0.00000000e+00
 2.30337079e-01 1.72752809e-01 6.79775281e-02 8.01966292e-02
 1.69943820e-01 0.00000000e+00 1.23735955e-01 1.05477528e-01
 6.03932584e-02 4.73314607e-02 2.12078652e-01 1.96629213e-01
 6.61516854e-02 0.00000000e+00 1.35533708e-02 7.16292135e-02
 3.06179775e-02 1.14747191e-01 1.71348315e-01 1.81179775e-02
 2.47191011e-01 0.00000000e+00 1.96629213e-01 5.91292135e-02
 0.00000000e+00 9.62078652e-02 0.00000000e+00 1.75561798e-01
 2.14887640e-01 1.33567416e-02 4.85955056e-02 0.00000000e+00
 0.00000000e+00 8.25842697e-02 0.00000000e+00 8.35674157e-02
 1.18398876e-01 5.00000000e-02 0.00000000e+00 1.81179775e-02
 5.11235955e-02 0.00000000e+00 1.12359551e-01 0.00000000e+00
 8.63764045e-02 2.03651685e-02 0.00000000e+00 1.58707865e-01
 2.27528090e-02 9.21348315e-02 0.00000000e+00 1.01123596e-01
 1.71348315e-02 7.83707865e-02 6.76966292e-02 0.00000000e+00
 6.25000000e-02 1.41853933e-01 1.47471910e-02 0.00000000e+00
 0.00000000e+00 6.68539326e-02 6.53089888e-02 5.87078652e-02
 0.00000000e+00 0.00000000e+00 0.00000000e+00 3.62359551e-02
 1.02387640e-01 2.42977528e-01 7.59831461e-02 0.00000000e+00
 1.41853933e-02 1.54494382e-02 0.00000000e+00 0.00000000e+00
 3.55337079e-02 0.00000000e+00 1.06039326e-02 1.75561798e-01
 0.00000000e+00 2.59831461e-01 1.28511236e-01 1.03651685e-01
 0.00000000e+00 8.27247191e-02 9.07303371e-02 7.12078652e-02
 0.00000000e+00 0.00000000e+00 0.00000000e+00 1.54494382e-01
 0.00000000e+00 0.00000000e+00 0.00000000e+00 1.08848315e-02
 8.31460674e-02 6.03932584e-02 0.00000000e+00 0.00000000e+00
 1.35674157e-01 8.18820225e-04 2.44382022e-01 0.00000000e+00
 0.00000000e+00 1.06741573e-01 2.09269663e-01 1.01966292e-01
 1.41853933e-01 8.35674157e-02 4.43820225e-02 0.00000000e+00
 1.04915730e-01 1.57303371e-01 9.95786517e-03 0.00000000e+00
 0.00000000e+00 2.71067416e-02 1.41853933e-01 1.12500000e-01
 5.68820225e-02 0.00000000e+00 0.00000000e+00 0.00000000e+00
 7.27528090e-02 1.86797753e-01 0.00000000e+00 0.00000000e+00
 1.91011236e-02 0.00000000e+00 0.00000000e+00 1.47471910e-02
 0.00000000e+00 0.00000000e+00 0.00000000e+00 4.08707865e-02
 0.00000000e+00 9.29775281e-03 0.00000000e+00 0.00000000e+00]
pyseer
y_true:  [0. 0. 0. 0. 0. 0. 1. 1. 1. 0. 0. 0. 1. 1. 1. 1. 1. 1. 0. 0. 0. 0. 0. 0.
 1. 1. 1. 1. 1. 1. 0. 0. 0. 0. 0. 0. 0. 0. 0. 0. 0. 0. 0. 0. 0. 0. 0. 0.
 0. 0. 0. 0. 0. 0. 0. 0. 0. 0. 0. 0. 0. 0. 0. 0. 0. 0. 0. 0. 0. 0. 0. 0.
 0. 0. 0. 0. 0. 0. 0. 0. 0. 0. 0. 0. 0. 0. 0. 0. 0. 0. 0. 0. 0. 0. 0. 0.
 0. 0. 0. 0. 0. 0. 0. 0. 0. 0. 0. 0. 0. 0. 0. 0. 0. 0. 0. 0. 0. 0. 0. 0.
 0. 0. 0. 0. 0. 0. 0. 0. 0. 0. 0. 0. 0. 0. 0. 0. 0. 0. 0. 0. 0. 0. 0. 0.
 0. 0. 0. 0. 0. 0. 0. 0. 0. 0. 0. 0. 0. 0. 0. 0. 0. 0. 0. 0. 0. 0. 0. 0.
 0. 0. 0. 0. 0. 0. 0. 0. 0. 0. 0. 0. 0. 0. 0. 0. 0. 0. 0. 0. 0. 0. 0. 0.
 0. 0. 0. 0. 0. 0. 0. 0.]
y_pred:  [1. 0. 1. 0. 0. 1. 1. 1. 1. 1. 0. 0. 1. 1. 1. 1. 1. 1. 0. 0. 1. 1. 1. 1.
 1. 1. 1. 1. 1. 1. 0. 0. 1. 0. 1. 0. 0. 1. 0. 0. 1. 1. 1. 0. 0. 1. 1. 1.
 0. 0. 0. 0. 0. 0. 0. 0. 0. 0. 0. 0. 1. 1. 0. 0. 1. 0. 1. 1. 0. 0. 1. 1.
 0. 0. 0. 0. 0. 1. 1. 0. 1. 0. 1. 0. 0. 0. 0. 1. 1. 0. 0. 0. 0. 0. 0. 0.
 1. 0. 0. 0. 0. 0. 1. 0. 0. 0. 0. 1. 0. 0. 0. 1. 0. 0. 0. 0. 0. 1. 0. 0.
 0. 0. 0. 0. 0. 0. 0. 0. 1. 1. 0. 0. 0. 0. 0. 0. 0. 0. 0. 1. 0. 1. 1. 1.
 0. 0. 0. 0. 0. 0. 0. 1. 0. 0. 0. 0. 0. 0. 0. 0. 1. 0. 1. 0. 0. 1. 1. 1.
 1. 0. 0. 0. 1. 1. 0. 0. 0. 0. 1. 1. 0. 0. 0. 0. 0. 1. 0. 0. 0. 0. 0. 0.
 0. 0. 0. 0. 0. 0. 0. 0.]
Time taken: 26.54988121986389 seconds
Running combination 48 of 50
Fitting RandomForest...
Fitting Adaboost...
Fitting AdaBoost_2...
Fitting et...
Fitting gbc...
Fitting gbc_2...
Fitting gbc_3...
Fitting dt...
Fitting lr...
Fitting Lasso_1...
Fitting Lasso_2...
Fitting Lasso_3...
Fitting Lasso_4...
Fitting elasticnet...
VCF file created successfully.
pyseer stderr:  Read 1000 phenotypes
Detected continuous phenotype
Reading all variants

0variants [00:00, ?variants/s]
54variants [00:00, 537.21variants/s]
108variants [00:00, 477.69variants/s]
163variants [00:00, 508.36variants/s]
198variants [00:00, 513.72variants/s]
Applying correlation filtering

  0%|          | 0/198 [00:00<?, ?variants/s]
100%|██████████| 198/198 [00:00<00:00, 2676.15variants/s]
Fitting elastic net to top 148 variants
Best penalty (lambda) from cross-validation: 9.66E+00
Best R^2 from cross-validation: 0.522
Finding and printing selected variants
198 loaded variants
50 pre-filtered variants
148 tested variants
145 printed variants

True importance standardized:  [0.66012965 0.66012965 0.66012965 0.25434208 0.25434208 0.25434208
 0.21372888 0.21372888 0.21372888 0.93748828 0.93748828 0.93748828
 0.63005588 0.63005588 0.63005588 1.         1.         1.
 0.39718589 0.39718589 0.39718589 0.75763366 0.75763366 0.75763366
 0.49921762 0.49921762 0.49921762 0.42398268 0.42398268 0.42398268
 0.         0.         0.         0.         0.         0.
 0.         0.         0.         0.         0.         0.
 0.         0.         0.         0.         0.         0.
 0.         0.         0.         0.         0.         0.
 0.         0.         0.         0.         0.         0.
 0.         0.         0.         0.         0.         0.
 0.         0.         0.         0.         0.         0.
 0.         0.         0.         0.         0.         0.
 0.         0.         0.         0.         0.         0.
 0.         0.         0.         0.         0.         0.
 0.         0.         0.         0.         0.         0.
 0.         0.         0.         0.         0.         0.
 0.         0.         0.         0.         0.         0.
 0.         0.         0.         0.         0.         0.
 0.         0.         0.         0.         0.         0.
 0.         0.         0.         0.         0.         0.
 0.         0.         0.         0.         0.         0.
 0.         0.         0.         0.         0.         0.
 0.         0.         0.         0.         0.         0.
 0.         0.         0.         0.         0.         0.
 0.         0.         0.         0.         0.         0.
 0.         0.         0.         0.         0.         0.
 0.         0.         0.         0.         0.         0.
 0.         0.         0.         0.         0.         0.
 0.         0.         0.         0.         0.         0.
 0.         0.         0.         0.         0.         0.
 0.         0.         0.         0.         0.         0.
 0.         0.         0.         0.         0.         0.
 0.         0.        ]
Normalized importance:  [0.43876893 0.43876893 0.43876893 0.         0.         0.
 0.04011494 0.         0.         1.         1.         1.
 0.53895523 0.53895523 0.53895523 0.87354863 0.87354863 0.87354863
 0.42163129 0.42163129 0.42163129 0.87233642 0.87233642 0.87233642
 0.21238711 0.21238711 0.21238711 0.33631343 0.33631343 0.33631343
 0.         0.         0.         0.         0.         0.
 0.         0.         0.         0.         0.         0.
 0.         0.         0.         0.         0.         0.
 0.         0.         0.         0.         0.         0.
 0.         0.         0.         0.         0.         0.
 0.         0.         0.         0.         0.         0.
 0.         0.         0.         0.         0.         0.
 0.         0.         0.         0.         0.         0.
 0.         0.         0.         0.         0.         0.03676292
 0.         0.         0.         0.         0.         0.
 0.         0.         0.         0.         0.         0.
 0.         0.         0.         0.         0.         0.
 0.02434483 0.         0.         0.         0.         0.
 0.         0.         0.         0.         0.         0.
 0.         0.         0.         0.         0.         0.
 0.         0.         0.         0.         0.         0.
 0.         0.         0.         0.         0.         0.
 0.         0.         0.         0.         0.         0.
 0.         0.         0.         0.         0.         0.
 0.         0.         0.         0.         0.         0.00432625
 0.         0.         0.         0.         0.         0.
 0.         0.         0.         0.         0.         0.
 0.         0.         0.         0.         0.         0.
 0.         0.         0.         0.         0.         0.
 0.0186987  0.         0.         0.         0.         0.
 0.         0.         0.         0.         0.         0.
 0.         0.         0.         0.         0.         0.
 0.         0.         0.         0.         0.         0.
 0.         0.        ]
deepbreaks
y_true:  [1. 1. 1. 0. 0. 0. 0. 0. 0. 1. 1. 1. 1. 1. 1. 1. 1. 1. 0. 0. 0. 1. 1. 1.
 0. 0. 0. 0. 0. 0. 0. 0. 0. 0. 0. 0. 0. 0. 0. 0. 0. 0. 0. 0. 0. 0. 0. 0.
 0. 0. 0. 0. 0. 0. 0. 0. 0. 0. 0. 0. 0. 0. 0. 0. 0. 0. 0. 0. 0. 0. 0. 0.
 0. 0. 0. 0. 0. 0. 0. 0. 0. 0. 0. 0. 0. 0. 0. 0. 0. 0. 0. 0. 0. 0. 0. 0.
 0. 0. 0. 0. 0. 0. 0. 0. 0. 0. 0. 0. 0. 0. 0. 0. 0. 0. 0. 0. 0. 0. 0. 0.
 0. 0. 0. 0. 0. 0. 0. 0. 0. 0. 0. 0. 0. 0. 0. 0. 0. 0. 0. 0. 0. 0. 0. 0.
 0. 0. 0. 0. 0. 0. 0. 0. 0. 0. 0. 0. 0. 0. 0. 0. 0. 0. 0. 0. 0. 0. 0. 0.
 0. 0. 0. 0. 0. 0. 0. 0. 0. 0. 0. 0. 0. 0. 0. 0. 0. 0. 0. 0. 0. 0. 0. 0.
 0. 0. 0. 0. 0. 0. 0. 0.]
y_pred:  [1. 1. 1. 0. 0. 0. 0. 0. 0. 1. 1. 1. 1. 1. 1. 1. 1. 1. 0. 0. 0. 1. 1. 1.
 0. 0. 0. 0. 0. 0. 0. 0. 0. 0. 0. 0. 0. 0. 0. 0. 0. 0. 0. 0. 0. 0. 0. 0.
 0. 0. 0. 0. 0. 0. 0. 0. 0. 0. 0. 0. 0. 0. 0. 0. 0. 0. 0. 0. 0. 0. 0. 0.
 0. 0. 0. 0. 0. 0. 0. 0. 0. 0. 0. 0. 0. 0. 0. 0. 0. 0. 0. 0. 0. 0. 0. 0.
 0. 0. 0. 0. 0. 0. 0. 0. 0. 0. 0. 0. 0. 0. 0. 0. 0. 0. 0. 0. 0. 0. 0. 0.
 0. 0. 0. 0. 0. 0. 0. 0. 0. 0. 0. 0. 0. 0. 0. 0. 0. 0. 0. 0. 0. 0. 0. 0.
 0. 0. 0. 0. 0. 0. 0. 0. 0. 0. 0. 0. 0. 0. 0. 0. 0. 0. 0. 0. 0. 0. 0. 0.
 0. 0. 0. 0. 0. 0. 0. 0. 0. 0. 0. 0. 0. 0. 0. 0. 0. 0. 0. 0. 0. 0. 0. 0.
 0. 0. 0. 0. 0. 0. 0. 0.]
Normalized importance:  [6.88405797e-01 2.73913043e-01 1.11594203e-01 2.73913043e-01
 1.12318841e-01 6.31884058e-02 2.86231884e-01 2.42028986e-01
 9.42028986e-02 9.34782609e-01 4.22463768e-01 1.28985507e-01
 5.97826087e-01 2.57246377e-01 2.95652174e-01 1.00000000e+00
 5.40579710e-02 3.90579710e-01 6.77536232e-01 3.53623188e-01
 1.68115942e-01 8.33333333e-01 2.55072464e-01 4.04347826e-01
 6.49275362e-01 0.00000000e+00 1.06521739e-01 4.19565217e-01
 3.21739130e-01 1.97101449e-01 4.56521739e-02 0.00000000e+00
 3.18115942e-02 8.11594203e-03 1.68115942e-01 0.00000000e+00
 0.00000000e+00 0.00000000e+00 2.25362319e-02 2.12318841e-01
 0.00000000e+00 0.00000000e+00 0.00000000e+00 7.18840580e-03
 1.95652174e-01 8.40579710e-02 6.04347826e-02 6.57246377e-02
 8.98550725e-02 0.00000000e+00 1.22463768e-01 0.00000000e+00
 1.78260870e-01 1.29710145e-01 0.00000000e+00 1.28985507e-01
 1.14492754e-03 5.48550725e-02 1.08695652e-01 0.00000000e+00
 0.00000000e+00 8.91304348e-03 7.07246377e-02 1.08695652e-01
 1.73188406e-01 2.88405797e-01 0.00000000e+00 0.00000000e+00
 0.00000000e+00 3.21739130e-02 0.00000000e+00 1.09420290e-01
 4.73188406e-02 0.00000000e+00 1.21739130e-01 8.84057971e-02
 0.00000000e+00 1.14492754e-01 1.23913043e-01 1.57246377e-02
 1.67391304e-01 4.63043478e-02 7.24637681e-02 2.47101449e-01
 2.14492754e-01 8.47826087e-02 5.41304348e-02 1.57971014e-01
 8.47826087e-02 4.37681159e-02 1.47826087e-01 1.22463768e-01
 0.00000000e+00 4.70289855e-02 1.80434783e-01 1.13768116e-01
 2.00000000e-01 0.00000000e+00 2.50724638e-02 0.00000000e+00
 2.39130435e-02 0.00000000e+00 2.05797101e-01 2.55797101e-02
 1.20289855e-01 1.38405797e-01 0.00000000e+00 0.00000000e+00
 1.26086957e-01 4.76086957e-03 5.82608696e-02 0.00000000e+00
 0.00000000e+00 0.00000000e+00 1.05797101e-01 1.44202899e-01
 4.21014493e-02 0.00000000e+00 0.00000000e+00 0.00000000e+00
 8.84057971e-02 0.00000000e+00 2.42028986e-02 1.06521739e-02
 1.44927536e-01 2.01449275e-01 2.90579710e-02 1.70289855e-01
 1.31884058e-02 1.10144928e-01 1.86956522e-01 1.99275362e-01
 1.45652174e-01 9.78260870e-02 1.57246377e-03 1.92028986e-01
 1.03623188e-01 8.69565217e-03 4.10869565e-03 0.00000000e+00
 0.00000000e+00 1.00724638e-01 9.27536232e-02 0.00000000e+00
 1.07971014e-01 1.68840580e-02 1.17391304e-02 0.00000000e+00
 1.00000000e-01 1.17391304e-01 3.03623188e-02 0.00000000e+00
 6.52173913e-02 5.18840580e-02 0.00000000e+00 8.26086957e-02
 3.12318841e-02 1.62318841e-02 1.31884058e-01 0.00000000e+00
 5.64492754e-02 0.00000000e+00 1.44927536e-01 0.00000000e+00
 0.00000000e+00 3.62318841e-02 8.84057971e-02 1.00724638e-01
 2.03623188e-01 0.00000000e+00 0.00000000e+00 7.39130435e-02
 0.00000000e+00 1.29710145e-01 1.83333333e-01 0.00000000e+00
 7.46376812e-04 2.02898551e-01 0.00000000e+00 7.75362319e-02
 1.28260870e-01 1.08695652e-01 2.99275362e-02 5.15217391e-02
 0.00000000e+00 1.05072464e-01 0.00000000e+00 1.55797101e-01
 0.00000000e+00 1.10869565e-01 4.58695652e-02 7.10144928e-02
 5.03623188e-02 0.00000000e+00 0.00000000e+00 0.00000000e+00
 1.79710145e-01 2.83333333e-02 0.00000000e+00 0.00000000e+00]
pyseer
y_true:  [1. 1. 1. 0. 0. 0. 0. 0. 0. 1. 1. 1. 1. 1. 1. 1. 1. 1. 0. 0. 0. 1. 1. 1.
 0. 0. 0. 0. 0. 0. 0. 0. 0. 0. 0. 0. 0. 0. 0. 0. 0. 0. 0. 0. 0. 0. 0. 0.
 0. 0. 0. 0. 0. 0. 0. 0. 0. 0. 0. 0. 0. 0. 0. 0. 0. 0. 0. 0. 0. 0. 0. 0.
 0. 0. 0. 0. 0. 0. 0. 0. 0. 0. 0. 0. 0. 0. 0. 0. 0. 0. 0. 0. 0. 0. 0. 0.
 0. 0. 0. 0. 0. 0. 0. 0. 0. 0. 0. 0. 0. 0. 0. 0. 0. 0. 0. 0. 0. 0. 0. 0.
 0. 0. 0. 0. 0. 0. 0. 0. 0. 0. 0. 0. 0. 0. 0. 0. 0. 0. 0. 0. 0. 0. 0. 0.
 0. 0. 0. 0. 0. 0. 0. 0. 0. 0. 0. 0. 0. 0. 0. 0. 0. 0. 0. 0. 0. 0. 0. 0.
 0. 0. 0. 0. 0. 0. 0. 0. 0. 0. 0. 0. 0. 0. 0. 0. 0. 0. 0. 0. 0. 0. 0. 0.
 0. 0. 0. 0. 0. 0. 0. 0.]
y_pred:  [1. 1. 1. 1. 1. 0. 1. 1. 0. 1. 1. 1. 1. 1. 1. 1. 0. 1. 1. 1. 1. 1. 1. 1.
 1. 0. 0. 1. 1. 1. 0. 0. 0. 0. 1. 0. 0. 0. 0. 1. 0. 0. 0. 0. 1. 0. 0. 0.
 0. 0. 1. 0. 1. 1. 0. 1. 0. 0. 1. 0. 0. 0. 0. 1. 1. 1. 0. 0. 0. 0. 0. 1.
 0. 0. 1. 0. 0. 1. 1. 0. 1. 0. 0. 1. 1. 0. 0. 1. 0. 0. 1. 1. 0. 0. 1. 1.
 1. 0. 0. 0. 0. 0. 1. 0. 1. 1. 0. 0. 1. 0. 0. 0. 0. 0. 0. 1. 0. 0. 0. 0.
 0. 0. 0. 0. 1. 1. 0. 1. 0. 1. 1. 1. 1. 0. 0. 1. 0. 0. 0. 0. 0. 0. 0. 0.
 0. 0. 0. 0. 0. 1. 0. 0. 0. 0. 0. 0. 0. 0. 1. 0. 0. 0. 1. 0. 0. 0. 0. 0.
 1. 0. 0. 0. 0. 1. 1. 0. 0. 1. 0. 0. 1. 1. 0. 0. 0. 0. 0. 1. 0. 1. 0. 0.
 0. 0. 0. 0. 1. 0. 0. 0.]
Time taken: 22.505931615829468 seconds
Running combination 49 of 50
Fitting RandomForest...
Fitting Adaboost...
Fitting AdaBoost_2...
Fitting et...
Fitting gbc...
Fitting gbc_2...
Fitting gbc_3...
Fitting dt...
Fitting lr...
Fitting Lasso_1...
Fitting Lasso_2...
Fitting Lasso_3...
Fitting Lasso_4...
Fitting elasticnet...
VCF file created successfully.
pyseer stderr:  Read 1000 phenotypes
Detected continuous phenotype
Reading all variants

0variants [00:00, ?variants/s]
55variants [00:00, 549.32variants/s]
110variants [00:00, 481.24variants/s]
166variants [00:00, 511.09variants/s]
198variants [00:00, 515.58variants/s]
Applying correlation filtering

  0%|          | 0/198 [00:00<?, ?variants/s]
100%|██████████| 198/198 [00:00<00:00, 2731.89variants/s]
Fitting elastic net to top 148 variants
Best penalty (lambda) from cross-validation: 1.41E+01
Best R^2 from cross-validation: 0.529
Finding and printing selected variants
198 loaded variants
50 pre-filtered variants
148 tested variants
142 printed variants

True importance standardized:  [0.2634983  0.2634983  0.2634983  0.89828867 0.89828867 0.89828867
 0.92186265 0.92186265 0.92186265 0.45266697 0.45266697 0.45266697
 0.13783736 0.13783736 0.13783736 0.57694486 0.57694486 0.57694486
 0.85359274 0.85359274 0.85359274 1.         1.         1.
 0.58840146 0.58840146 0.58840146 0.80239426 0.80239426 0.80239426
 0.         0.         0.         0.         0.         0.
 0.         0.         0.         0.         0.         0.
 0.         0.         0.         0.         0.         0.
 0.         0.         0.         0.         0.         0.
 0.         0.         0.         0.         0.         0.
 0.         0.         0.         0.         0.         0.
 0.         0.         0.         0.         0.         0.
 0.         0.         0.         0.         0.         0.
 0.         0.         0.         0.         0.         0.
 0.         0.         0.         0.         0.         0.
 0.         0.         0.         0.         0.         0.
 0.         0.         0.         0.         0.         0.
 0.         0.         0.         0.         0.         0.
 0.         0.         0.         0.         0.         0.
 0.         0.         0.         0.         0.         0.
 0.         0.         0.         0.         0.         0.
 0.         0.         0.         0.         0.         0.
 0.         0.         0.         0.         0.         0.
 0.         0.         0.         0.         0.         0.
 0.         0.         0.         0.         0.         0.
 0.         0.         0.         0.         0.         0.
 0.         0.         0.         0.         0.         0.
 0.         0.         0.         0.         0.         0.
 0.         0.         0.         0.         0.         0.
 0.         0.         0.         0.         0.         0.
 0.         0.         0.         0.         0.         0.
 0.         0.         0.         0.         0.         0.
 0.         0.         0.         0.         0.         0.
 0.         0.        ]
Normalized importance:  [0.         0.05518071 0.         0.69055045 0.69055045 0.69055045
 0.65222017 0.65222017 0.65222017 0.11614421 0.11614421 0.11614421
 0.         0.         0.         0.2347796  0.2347796  0.2347796
 0.97821852 0.97821852 0.97821852 1.         1.         1.
 0.13372337 0.13372337 0.         0.39085893 0.39085893 0.39085893
 0.         0.         0.         0.         0.         0.
 0.         0.         0.         0.         0.         0.
 0.         0.         0.         0.         0.         0.
 0.         0.         0.         0.         0.         0.
 0.         0.         0.         0.         0.         0.
 0.         0.         0.         0.         0.         0.
 0.02835881 0.         0.         0.02159577 0.         0.
 0.         0.         0.         0.         0.         0.
 0.         0.         0.         0.         0.         0.
 0.         0.         0.         0.         0.         0.01286644
 0.         0.         0.         0.         0.         0.
 0.         0.         0.         0.         0.         0.
 0.         0.         0.         0.         0.         0.
 0.         0.         0.         0.         0.         0.
 0.         0.         0.         0.         0.         0.
 0.         0.         0.         0.         0.         0.
 0.         0.         0.         0.         0.         0.
 0.         0.07360689 0.         0.         0.         0.
 0.         0.         0.         0.         0.         0.
 0.         0.         0.         0.01208148 0.         0.
 0.         0.         0.         0.         0.         0.
 0.         0.         0.         0.         0.         0.
 0.         0.         0.         0.         0.         0.
 0.         0.         0.         0.         0.         0.
 0.         0.         0.         0.         0.         0.
 0.         0.         0.         0.         0.         0.
 0.         0.         0.         0.         0.         0.03357792
 0.02910401 0.         0.         0.         0.         0.
 0.         0.        ]
deepbreaks
y_true:  [0. 0. 0. 1. 1. 1. 1. 1. 1. 0. 0. 0. 0. 0. 0. 0. 0. 0. 1. 1. 1. 1. 1. 1.
 0. 0. 0. 1. 1. 1. 0. 0. 0. 0. 0. 0. 0. 0. 0. 0. 0. 0. 0. 0. 0. 0. 0. 0.
 0. 0. 0. 0. 0. 0. 0. 0. 0. 0. 0. 0. 0. 0. 0. 0. 0. 0. 0. 0. 0. 0. 0. 0.
 0. 0. 0. 0. 0. 0. 0. 0. 0. 0. 0. 0. 0. 0. 0. 0. 0. 0. 0. 0. 0. 0. 0. 0.
 0. 0. 0. 0. 0. 0. 0. 0. 0. 0. 0. 0. 0. 0. 0. 0. 0. 0. 0. 0. 0. 0. 0. 0.
 0. 0. 0. 0. 0. 0. 0. 0. 0. 0. 0. 0. 0. 0. 0. 0. 0. 0. 0. 0. 0. 0. 0. 0.
 0. 0. 0. 0. 0. 0. 0. 0. 0. 0. 0. 0. 0. 0. 0. 0. 0. 0. 0. 0. 0. 0. 0. 0.
 0. 0. 0. 0. 0. 0. 0. 0. 0. 0. 0. 0. 0. 0. 0. 0. 0. 0. 0. 0. 0. 0. 0. 0.
 0. 0. 0. 0. 0. 0. 0. 0.]
y_pred:  [0. 0. 0. 1. 1. 1. 1. 1. 1. 0. 0. 0. 0. 0. 0. 1. 1. 1. 1. 1. 1. 1. 1. 1.
 0. 0. 0. 1. 1. 1. 0. 0. 0. 0. 0. 0. 0. 0. 0. 0. 0. 0. 0. 0. 0. 0. 0. 0.
 0. 0. 0. 0. 0. 0. 0. 0. 0. 0. 0. 0. 0. 0. 0. 0. 0. 0. 0. 0. 0. 0. 0. 0.
 0. 0. 0. 0. 0. 0. 0. 0. 0. 0. 0. 0. 0. 0. 0. 0. 0. 0. 0. 0. 0. 0. 0. 0.
 0. 0. 0. 0. 0. 0. 0. 0. 0. 0. 0. 0. 0. 0. 0. 0. 0. 0. 0. 0. 0. 0. 0. 0.
 0. 0. 0. 0. 0. 0. 0. 0. 0. 0. 0. 0. 0. 0. 0. 0. 0. 0. 0. 0. 0. 0. 0. 0.
 0. 0. 0. 0. 0. 0. 0. 0. 0. 0. 0. 0. 0. 0. 0. 0. 0. 0. 0. 0. 0. 0. 0. 0.
 0. 0. 0. 0. 0. 0. 0. 0. 0. 0. 0. 0. 0. 0. 0. 0. 0. 0. 0. 0. 0. 0. 0. 0.
 0. 0. 0. 0. 0. 0. 0. 0.]
Normalized importance:  [0.29639175 0.07680412 0.04489691 0.87113402 0.3185567  0.29278351
 1.         0.23556701 0.31649485 0.56185567 0.05412371 0.15257732
 0.20360825 0.12783505 0.04865979 0.52061856 0.26494845 0.0328866
 0.96907216 0.22525773 0.32164948 0.96391753 0.33659794 0.45412371
 0.55154639 0.37216495 0.03221649 0.67010309 0.29329897 0.15515464
 0.01242268 0.         0.09329897 0.         0.11804124 0.0685567
 0.02159794 0.         0.01824742 0.11237113 0.14329897 0.08350515
 0.14484536 0.         0.         0.10824742 0.01860825 0.
 0.         0.         0.14175258 0.07835052 0.17731959 0.015
 0.05139175 0.23402062 0.19948454 0.0056701  0.14845361 0.00876289
 0.         0.1056701  0.0685567  0.         0.06340206 0.
 0.06340206 0.         0.00572165 0.27268041 0.15773196 0.1128866
 0.0106701  0.05206186 0.         0.         0.06701031 0.25670103
 0.00623711 0.17783505 0.00453608 0.00541237 0.20670103 0.
 0.00451031 0.01989691 0.02505155 0.00613402 0.14896907 0.04195876
 0.         0.         0.         0.         0.06185567 0.00747423
 0.05515464 0.04046392 0.09742268 0.         0.03551546 0.05824742
 0.         0.         0.22164948 0.26134021 0.         0.14690722
 0.         0.00236598 0.08195876 0.         0.         0.01350515
 0.         0.         0.         0.21649485 0.12628866 0.
 0.27216495 0.         0.         0.11082474 0.13247423 0.
 0.03948454 0.02912371 0.10154639 0.03608247 0.         0.21443299
 0.07061856 0.11597938 0.         0.03525773 0.         0.08247423
 0.06030928 0.06597938 0.         0.03463918 0.12525773 0.0121134
 0.         0.         0.         0.15154639 0.         0.
 0.09484536 0.02680412 0.0046701  0.         0.11649485 0.00793814
 0.04685567 0.12164948 0.         0.         0.08247423 0.13247423
 0.12731959 0.         0.         0.         0.03402062 0.
 0.         0.         0.01654639 0.04778351 0.0157732  0.07989691
 0.06597938 0.         0.         0.00737113 0.17628866 0.01618557
 0.16701031 0.         0.         0.16597938 0.18762887 0.02082474
 0.25927835 0.10309278 0.03417526 0.13865979 0.14381443 0.28659794
 0.21546392 0.04860825 0.07938144 0.09381443 0.16958763 0.
 0.         0.        ]
pyseer
y_true:  [0. 0. 0. 1. 1. 1. 1. 1. 1. 0. 0. 0. 0. 0. 0. 0. 0. 0. 1. 1. 1. 1. 1. 1.
 0. 0. 0. 1. 1. 1. 0. 0. 0. 0. 0. 0. 0. 0. 0. 0. 0. 0. 0. 0. 0. 0. 0. 0.
 0. 0. 0. 0. 0. 0. 0. 0. 0. 0. 0. 0. 0. 0. 0. 0. 0. 0. 0. 0. 0. 0. 0. 0.
 0. 0. 0. 0. 0. 0. 0. 0. 0. 0. 0. 0. 0. 0. 0. 0. 0. 0. 0. 0. 0. 0. 0. 0.
 0. 0. 0. 0. 0. 0. 0. 0. 0. 0. 0. 0. 0. 0. 0. 0. 0. 0. 0. 0. 0. 0. 0. 0.
 0. 0. 0. 0. 0. 0. 0. 0. 0. 0. 0. 0. 0. 0. 0. 0. 0. 0. 0. 0. 0. 0. 0. 0.
 0. 0. 0. 0. 0. 0. 0. 0. 0. 0. 0. 0. 0. 0. 0. 0. 0. 0. 0. 0. 0. 0. 0. 0.
 0. 0. 0. 0. 0. 0. 0. 0. 0. 0. 0. 0. 0. 0. 0. 0. 0. 0. 0. 0. 0. 0. 0. 0.
 0. 0. 0. 0. 0. 0. 0. 0.]
y_pred:  [1. 0. 0. 1. 1. 1. 1. 1. 1. 1. 0. 1. 1. 1. 0. 1. 1. 0. 1. 1. 1. 1. 1. 1.
 1. 1. 0. 1. 1. 1. 0. 0. 0. 0. 1. 0. 0. 0. 0. 1. 1. 0. 1. 0. 0. 1. 0. 0.
 0. 0. 1. 0. 1. 0. 0. 1. 1. 0. 1. 0. 0. 1. 0. 0. 0. 0. 0. 0. 0. 1. 1. 1.
 0. 0. 0. 0. 0. 1. 0. 1. 0. 0. 1. 0. 0. 0. 0. 0. 1. 0. 0. 0. 0. 0. 0. 0.
 0. 0. 1. 0. 0. 0. 0. 0. 1. 1. 0. 1. 0. 0. 0. 0. 0. 0. 0. 0. 0. 1. 1. 0.
 1. 0. 0. 1. 1. 0. 0. 0. 1. 0. 0. 1. 0. 1. 0. 0. 0. 0. 0. 0. 0. 0. 1. 0.
 0. 0. 0. 1. 0. 0. 0. 0. 0. 0. 1. 0. 0. 1. 0. 0. 0. 1. 1. 0. 0. 0. 0. 0.
 0. 0. 0. 0. 0. 0. 0. 0. 0. 0. 1. 0. 1. 0. 0. 1. 1. 0. 1. 1. 0. 1. 1. 1.
 1. 0. 0. 0. 1. 0. 0. 0.]
Time taken: 22.42665457725525 seconds
Running combination 50 of 50
Fitting RandomForest...
Fitting Adaboost...
Fitting AdaBoost_2...
Fitting et...
Fitting gbc...
Fitting gbc_2...
Fitting gbc_3...
Fitting dt...
Fitting lr...
Fitting Lasso_1...
Fitting Lasso_2...
Fitting Lasso_3...
Fitting Lasso_4...
Fitting elasticnet...
VCF file created successfully.
pyseer stderr:  Read 1000 phenotypes
Detected continuous phenotype
Reading all variants

0variants [00:00, ?variants/s]
55variants [00:00, 542.72variants/s]
110variants [00:00, 482.35variants/s]
166variants [00:00, 513.99variants/s]
198variants [00:00, 518.13variants/s]
Applying correlation filtering

  0%|          | 0/198 [00:00<?, ?variants/s]
100%|██████████| 198/198 [00:00<00:00, 2706.28variants/s]
Fitting elastic net to top 148 variants
Best penalty (lambda) from cross-validation: 1.55E+01
Best R^2 from cross-validation: 0.478
Finding and printing selected variants
198 loaded variants
50 pre-filtered variants
148 tested variants
139 printed variants

True importance standardized:  [0.3580103  0.3580103  0.3580103  0.71795394 0.71795394 0.71795394
 0.22243094 0.22243094 0.22243094 0.19514043 0.19514043 0.19514043
 0.29838728 0.29838728 0.29838728 0.57053472 0.57053472 0.57053472
 0.75067305 0.75067305 0.75067305 0.95085418 0.95085418 0.95085418
 0.78481289 0.78481289 0.78481289 1.         1.         1.
 0.         0.         0.         0.         0.         0.
 0.         0.         0.         0.         0.         0.
 0.         0.         0.         0.         0.         0.
 0.         0.         0.         0.         0.         0.
 0.         0.         0.         0.         0.         0.
 0.         0.         0.         0.         0.         0.
 0.         0.         0.         0.         0.         0.
 0.         0.         0.         0.         0.         0.
 0.         0.         0.         0.         0.         0.
 0.         0.         0.         0.         0.         0.
 0.         0.         0.         0.         0.         0.
 0.         0.         0.         0.         0.         0.
 0.         0.         0.         0.         0.         0.
 0.         0.         0.         0.         0.         0.
 0.         0.         0.         0.         0.         0.
 0.         0.         0.         0.         0.         0.
 0.         0.         0.         0.         0.         0.
 0.         0.         0.         0.         0.         0.
 0.         0.         0.         0.         0.         0.
 0.         0.         0.         0.         0.         0.
 0.         0.         0.         0.         0.         0.
 0.         0.         0.         0.         0.         0.
 0.         0.         0.         0.         0.         0.
 0.         0.         0.         0.         0.         0.
 0.         0.         0.         0.         0.         0.
 0.         0.         0.         0.         0.         0.
 0.         0.         0.         0.         0.         0.
 0.         0.         0.         0.         0.         0.
 0.         0.        ]
Normalized importance:  [0.05817104 0.         0.05817104 0.40772426 0.40772426 0.40772426
 0.         0.         0.         0.         0.         0.
 0.07224725 0.07224725 0.         0.1123353  0.1123353  0.1123353
 0.58365211 0.58365211 0.58365211 0.87396856 0.87396856 0.87396856
 0.58527459 0.58527459 0.58527459 1.         1.         1.
 0.         0.         0.         0.         0.         0.
 0.         0.         0.         0.         0.         0.
 0.         0.         0.         0.         0.         0.
 0.         0.01851335 0.         0.         0.         0.
 0.         0.         0.         0.         0.         0.
 0.         0.         0.         0.         0.         0.
 0.         0.         0.         0.         0.         0.
 0.         0.         0.         0.         0.         0.
 0.         0.         0.         0.         0.         0.
 0.         0.         0.         0.         0.         0.
 0.         0.         0.         0.         0.         0.
 0.         0.         0.         0.         0.         0.
 0.         0.         0.         0.         0.         0.
 0.         0.03291656 0.         0.         0.         0.
 0.         0.         0.         0.         0.         0.
 0.         0.         0.         0.         0.         0.02275756
 0.         0.         0.         0.         0.         0.
 0.         0.         0.         0.         0.         0.
 0.         0.         0.         0.         0.         0.
 0.         0.         0.         0.         0.         0.
 0.         0.         0.         0.         0.         0.
 0.         0.         0.         0.         0.         0.
 0.         0.         0.         0.         0.         0.
 0.         0.         0.         0.         0.         0.
 0.         0.         0.02601208 0.         0.         0.
 0.         0.         0.         0.         0.         0.
 0.         0.         0.         0.         0.         0.
 0.         0.         0.         0.         0.         0.
 0.         0.        ]
deepbreaks
y_true:  [0. 0. 0. 1. 1. 1. 0. 0. 0. 0. 0. 0. 0. 0. 0. 0. 0. 0. 1. 1. 1. 1. 1. 1.
 1. 1. 1. 1. 1. 1. 0. 0. 0. 0. 0. 0. 0. 0. 0. 0. 0. 0. 0. 0. 0. 0. 0. 0.
 0. 0. 0. 0. 0. 0. 0. 0. 0. 0. 0. 0. 0. 0. 0. 0. 0. 0. 0. 0. 0. 0. 0. 0.
 0. 0. 0. 0. 0. 0. 0. 0. 0. 0. 0. 0. 0. 0. 0. 0. 0. 0. 0. 0. 0. 0. 0. 0.
 0. 0. 0. 0. 0. 0. 0. 0. 0. 0. 0. 0. 0. 0. 0. 0. 0. 0. 0. 0. 0. 0. 0. 0.
 0. 0. 0. 0. 0. 0. 0. 0. 0. 0. 0. 0. 0. 0. 0. 0. 0. 0. 0. 0. 0. 0. 0. 0.
 0. 0. 0. 0. 0. 0. 0. 0. 0. 0. 0. 0. 0. 0. 0. 0. 0. 0. 0. 0. 0. 0. 0. 0.
 0. 0. 0. 0. 0. 0. 0. 0. 0. 0. 0. 0. 0. 0. 0. 0. 0. 0. 0. 0. 0. 0. 0. 0.
 0. 0. 0. 0. 0. 0. 0. 0.]
y_pred:  [0. 0. 0. 1. 1. 1. 0. 0. 0. 0. 0. 0. 0. 0. 0. 0. 0. 0. 1. 1. 1. 1. 1. 1.
 1. 1. 1. 1. 1. 1. 0. 0. 0. 0. 0. 0. 0. 0. 0. 0. 0. 0. 0. 0. 0. 0. 0. 0.
 0. 0. 0. 0. 0. 0. 0. 0. 0. 0. 0. 0. 0. 0. 0. 0. 0. 0. 0. 0. 0. 0. 0. 0.
 0. 0. 0. 0. 0. 0. 0. 0. 0. 0. 0. 0. 0. 0. 0. 0. 0. 0. 0. 0. 0. 0. 0. 0.
 0. 0. 0. 0. 0. 0. 0. 0. 0. 0. 0. 0. 0. 0. 0. 0. 0. 0. 0. 0. 0. 0. 0. 0.
 0. 0. 0. 0. 0. 0. 0. 0. 0. 0. 0. 0. 0. 0. 0. 0. 0. 0. 0. 0. 0. 0. 0. 0.
 0. 0. 0. 0. 0. 0. 0. 0. 0. 0. 0. 0. 0. 0. 0. 0. 0. 0. 0. 0. 0. 0. 0. 0.
 0. 0. 0. 0. 0. 0. 0. 0. 0. 0. 0. 0. 0. 0. 0. 0. 0. 0. 0. 0. 0. 0. 0. 0.
 0. 0. 0. 0. 0. 0. 0. 0.]
Normalized importance:  [2.89285714e-01 1.31250000e-03 2.58035714e-01 7.31250000e-01
 1.93750000e-01 3.33035714e-01 1.18750000e-01 1.48214286e-01
 1.15178571e-01 0.00000000e+00 1.16071429e-01 1.25892857e-01
 3.84821429e-01 2.21428571e-01 1.01785714e-02 4.52678571e-01
 2.54464286e-01 2.73214286e-01 7.19642857e-01 4.12500000e-01
 2.83928571e-01 9.46428571e-01 5.22321429e-01 2.09821429e-01
 7.91071429e-01 3.03571429e-01 4.23214286e-01 1.00000000e+00
 4.44642857e-01 4.16071429e-01 1.25892857e-01 4.58035714e-02
 0.00000000e+00 0.00000000e+00 1.30357143e-01 0.00000000e+00
 4.68750000e-02 0.00000000e+00 1.18750000e-01 2.33928571e-02
 0.00000000e+00 1.20535714e-01 5.50000000e-02 5.63392857e-02
 0.00000000e+00 2.70535714e-02 1.80357143e-01 0.00000000e+00
 0.00000000e+00 2.84821429e-01 1.43750000e-01 5.93750000e-02
 1.74107143e-01 1.95535714e-03 4.90178571e-03 0.00000000e+00
 1.33928571e-01 0.00000000e+00 0.00000000e+00 0.00000000e+00
 0.00000000e+00 0.00000000e+00 0.00000000e+00 5.47321429e-02
 1.04464286e-01 1.37500000e-01 8.50892857e-02 0.00000000e+00
 1.34821429e-02 0.00000000e+00 0.00000000e+00 2.00892857e-02
 1.33928571e-01 9.82142857e-02 0.00000000e+00 0.00000000e+00
 0.00000000e+00 0.00000000e+00 1.79464286e-01 1.42857143e-01
 1.26785714e-01 1.35714286e-01 0.00000000e+00 1.80357143e-02
 1.61607143e-01 2.50000000e-02 1.09821429e-01 7.37500000e-02
 8.51785714e-02 7.75000000e-02 1.81250000e-01 0.00000000e+00
 5.58928571e-02 3.79464286e-02 1.22321429e-02 1.59821429e-01
 1.05357143e-01 5.49107143e-02 1.16071429e-01 0.00000000e+00
 4.06250000e-02 0.00000000e+00 1.59821429e-01 0.00000000e+00
 1.25000000e-01 0.00000000e+00 5.24107143e-03 2.64285714e-02
 0.00000000e+00 1.77678571e-01 7.83928571e-02 3.51785714e-04
 2.62500000e-02 9.91071429e-02 0.00000000e+00 1.83928571e-01
 1.10714286e-01 1.54464286e-01 6.17857143e-02 0.00000000e+00
 1.01785714e-01 1.34821429e-01 1.38392857e-01 0.00000000e+00
 7.26785714e-02 1.89285714e-01 0.00000000e+00 0.00000000e+00
 8.33035714e-02 1.15178571e-01 1.76785714e-01 7.43750000e-02
 2.08928571e-01 0.00000000e+00 1.23214286e-01 8.66964286e-02
 0.00000000e+00 8.81250000e-02 6.72321429e-02 1.69642857e-01
 0.00000000e+00 0.00000000e+00 0.00000000e+00 0.00000000e+00
 0.00000000e+00 7.93750000e-02 2.01785714e-02 0.00000000e+00
 5.72321429e-02 6.69642857e-02 0.00000000e+00 2.90178571e-02
 0.00000000e+00 5.32142857e-02 7.42857143e-02 3.33035714e-02
 0.00000000e+00 1.28571429e-01 7.81250000e-02 0.00000000e+00
 1.02678571e-01 2.07142857e-01 0.00000000e+00 0.00000000e+00
 6.95535714e-02 0.00000000e+00 1.88392857e-01 6.25000000e-02
 0.00000000e+00 1.36607143e-02 0.00000000e+00 1.48214286e-01
 1.74107143e-01 9.91071429e-02 1.13392857e-01 6.73214286e-02
 1.31250000e-01 1.17857143e-01 1.13392857e-01 8.12500000e-02
 6.77678571e-02 0.00000000e+00 9.91071429e-03 2.58928571e-02
 0.00000000e+00 4.25892857e-02 0.00000000e+00 4.49107143e-02
 0.00000000e+00 0.00000000e+00 0.00000000e+00 9.55357143e-02
 1.87500000e-01 3.87500000e-03 1.00892857e-01 0.00000000e+00
 6.77678571e-02 1.97321429e-02 0.00000000e+00 0.00000000e+00]
pyseer
y_true:  [0. 0. 0. 1. 1. 1. 0. 0. 0. 0. 0. 0. 0. 0. 0. 0. 0. 0. 1. 1. 1. 1. 1. 1.
 1. 1. 1. 1. 1. 1. 0. 0. 0. 0. 0. 0. 0. 0. 0. 0. 0. 0. 0. 0. 0. 0. 0. 0.
 0. 0. 0. 0. 0. 0. 0. 0. 0. 0. 0. 0. 0. 0. 0. 0. 0. 0. 0. 0. 0. 0. 0. 0.
 0. 0. 0. 0. 0. 0. 0. 0. 0. 0. 0. 0. 0. 0. 0. 0. 0. 0. 0. 0. 0. 0. 0. 0.
 0. 0. 0. 0. 0. 0. 0. 0. 0. 0. 0. 0. 0. 0. 0. 0. 0. 0. 0. 0. 0. 0. 0. 0.
 0. 0. 0. 0. 0. 0. 0. 0. 0. 0. 0. 0. 0. 0. 0. 0. 0. 0. 0. 0. 0. 0. 0. 0.
 0. 0. 0. 0. 0. 0. 0. 0. 0. 0. 0. 0. 0. 0. 0. 0. 0. 0. 0. 0. 0. 0. 0. 0.
 0. 0. 0. 0. 0. 0. 0. 0. 0. 0. 0. 0. 0. 0. 0. 0. 0. 0. 0. 0. 0. 0. 0. 0.
 0. 0. 0. 0. 0. 0. 0. 0.]
y_pred:  [1. 0. 1. 1. 1. 1. 1. 1. 1. 0. 1. 1. 1. 1. 0. 1. 1. 1. 1. 1. 1. 1. 1. 1.
 1. 1. 1. 1. 1. 1. 1. 0. 0. 0. 1. 0. 0. 0. 1. 0. 0. 1. 0. 0. 0. 0. 1. 0.
 0. 1. 1. 0. 1. 0. 0. 0. 1. 0. 0. 0. 0. 0. 0. 0. 0. 1. 0. 0. 0. 0. 0. 0.
 1. 0. 0. 0. 0. 0. 1. 1. 1. 1. 0. 0. 1. 0. 0. 0. 0. 0. 1. 0. 0. 0. 0. 1.
 0. 0. 1. 0. 0. 0. 1. 0. 1. 0. 0. 0. 0. 1. 0. 0. 0. 0. 0. 1. 1. 1. 0. 0.
 0. 1. 1. 0. 0. 1. 0. 0. 0. 1. 1. 0. 1. 0. 1. 0. 0. 0. 0. 1. 0. 0. 0. 0.
 0. 0. 0. 0. 0. 0. 0. 0. 0. 0. 0. 0. 0. 1. 0. 0. 0. 1. 0. 0. 0. 0. 1. 0.
 0. 0. 0. 1. 1. 0. 1. 0. 1. 1. 1. 0. 0. 0. 0. 0. 0. 0. 0. 0. 0. 0. 0. 0.
 1. 0. 0. 0. 0. 0. 0. 0.]
Time taken: 25.962299585342407 seconds
