Number of combinations:  50
Running combination 1 of 50
Fitting RandomForest...
Fitting Adaboost...
Fitting AdaBoost_2...
Fitting et...
Fitting gbc...
Fitting gbc_2...
Fitting gbc_3...
Fitting dt...
Fitting lr...
Fitting Lasso_1...
Fitting Lasso_2...
Fitting Lasso_3...
Fitting Lasso_4...
Fitting elasticnet...
VCF file created successfully.
pyseer stderr:  Read 1000 phenotypes
Detected continuous phenotype
Reading all variants

0variants [00:00, ?variants/s]
55variants [00:00, 541.78variants/s]
110variants [00:00, 475.17variants/s]
165variants [00:00, 504.18variants/s]
198variants [00:00, 510.25variants/s]
Applying correlation filtering

  0%|          | 0/198 [00:00<?, ?variants/s]
100%|██████████| 198/198 [00:00<00:00, 2617.12variants/s]
Fitting elastic net to top 148 variants
Best penalty (lambda) from cross-validation: 2.95E+01
Best R^2 from cross-validation: 0.435
Finding and printing selected variants
198 loaded variants
50 pre-filtered variants
148 tested variants
136 printed variants

True importance standardized:  [0.56991159 0.56991159 0.56991159 0.56991159 0.56991159 0.56991159
 0.56991159 0.71009437 0.71009437 0.71009437 0.71009437 0.71009437
 0.71009437 0.71009437 0.22798046 0.22798046 0.22798046 0.22798046
 0.22798046 0.22798046 0.22798046 0.2799305  0.2799305  0.2799305
 0.2799305  0.2799305  0.2799305  0.2799305  0.68555005 0.68555005
 0.68555005 0.68555005 0.68555005 0.68555005 0.68555005 0.94791893
 0.94791893 0.94791893 0.94791893 0.94791893 0.94791893 0.94791893
 0.299675   0.299675   0.299675   0.299675   0.299675   0.299675
 0.299675   0.61978542 0.61978542 0.61978542 0.61978542 0.61978542
 0.61978542 0.61978542 1.         1.         1.         1.
 1.         1.         1.         0.80001838 0.80001838 0.80001838
 0.80001838 0.80001838 0.80001838 0.80001838 0.         0.
 0.         0.         0.         0.         0.         0.
 0.         0.         0.         0.         0.         0.
 0.         0.         0.         0.         0.         0.
 0.         0.         0.         0.         0.         0.
 0.         0.         0.         0.         0.         0.
 0.         0.         0.         0.         0.         0.
 0.         0.         0.         0.         0.         0.
 0.         0.         0.         0.         0.         0.
 0.         0.         0.         0.         0.         0.
 0.         0.         0.         0.         0.         0.
 0.         0.         0.         0.         0.         0.
 0.         0.         0.         0.         0.         0.
 0.         0.         0.         0.         0.         0.
 0.         0.         0.         0.         0.         0.
 0.         0.         0.         0.         0.         0.
 0.         0.         0.         0.         0.         0.
 0.         0.         0.         0.         0.         0.
 0.         0.         0.         0.         0.         0.
 0.         0.         0.         0.         0.         0.
 0.         0.         0.         0.         0.         0.
 0.         0.         0.         0.         0.         0.
 0.         0.        ]
Normalized importance:  [0.30084914 0.30084914 0.30084914 0.30084914 0.30084914 0.30084914
 0.30084914 0.37267819 0.37267819 0.37267819 0.37267819 0.37267819
 0.37267819 0.37267819 0.04350731 0.         0.         0.
 0.         0.         0.         0.         0.         0.
 0.         0.         0.02814487 0.         0.41484364 0.41484364
 0.41484364 0.41484364 0.41484364 0.41484364 0.41484364 1.
 1.         1.         1.         1.         1.         1.
 0.1233312  0.         0.1233312  0.1233312  0.1233312  0.1233312
 0.1233312  0.26941936 0.26941936 0.26941936 0.26941936 0.26941936
 0.26941936 0.26941936 0.9056549  0.9056549  0.9056549  0.9056549
 0.9056549  0.9056549  0.9056549  0.59185953 0.59185953 0.59185953
 0.59185953 0.59185953 0.59185953 0.59185953 0.         0.
 0.         0.         0.         0.         0.         0.
 0.02854143 0.         0.         0.         0.         0.
 0.         0.         0.         0.         0.         0.
 0.02544574 0.         0.         0.         0.01606389 0.
 0.         0.         0.         0.         0.         0.
 0.         0.         0.         0.         0.         0.
 0.         0.         0.         0.         0.         0.
 0.         0.         0.         0.         0.         0.
 0.         0.         0.04231362 0.         0.         0.
 0.03859632 0.         0.         0.         0.         0.
 0.         0.         0.         0.         0.         0.
 0.         0.         0.         0.         0.         0.
 0.         0.         0.         0.         0.         0.
 0.         0.         0.         0.         0.         0.
 0.         0.         0.         0.         0.         0.
 0.         0.         0.         0.         0.         0.
 0.         0.         0.         0.         0.         0.
 0.01729797 0.         0.         0.00735915 0.         0.
 0.         0.         0.         0.         0.         0.
 0.         0.         0.         0.         0.         0.
 0.         0.         0.         0.         0.         0.
 0.         0.        ]
deepbreaks
y_true:  [0. 0. 0. 0. 0. 0. 0. 1. 1. 1. 1. 1. 1. 1. 0. 0. 0. 0. 0. 0. 0. 0. 0. 0.
 0. 0. 0. 0. 1. 1. 1. 1. 1. 1. 1. 1. 1. 1. 1. 1. 1. 1. 0. 0. 0. 0. 0. 0.
 0. 0. 0. 0. 0. 0. 0. 0. 1. 1. 1. 1. 1. 1. 1. 1. 1. 1. 1. 1. 1. 1. 0. 0.
 0. 0. 0. 0. 0. 0. 0. 0. 0. 0. 0. 0. 0. 0. 0. 0. 0. 0. 0. 0. 0. 0. 0. 0.
 0. 0. 0. 0. 0. 0. 0. 0. 0. 0. 0. 0. 0. 0. 0. 0. 0. 0. 0. 0. 0. 0. 0. 0.
 0. 0. 0. 0. 0. 0. 0. 0. 0. 0. 0. 0. 0. 0. 0. 0. 0. 0. 0. 0. 0. 0. 0. 0.
 0. 0. 0. 0. 0. 0. 0. 0. 0. 0. 0. 0. 0. 0. 0. 0. 0. 0. 0. 0. 0. 0. 0. 0.
 0. 0. 0. 0. 0. 0. 0. 0. 0. 0. 0. 0. 0. 0. 0. 0. 0. 0. 0. 0. 0. 0. 0. 0.
 0. 0. 0. 0. 0. 0. 0. 0.]
y_pred:  [0. 0. 0. 0. 0. 0. 0. 1. 1. 1. 1. 1. 1. 1. 0. 0. 0. 0. 0. 0. 0. 0. 0. 0.
 0. 0. 0. 0. 1. 1. 1. 1. 1. 1. 1. 1. 1. 1. 1. 1. 1. 1. 0. 0. 0. 0. 0. 0.
 0. 0. 0. 0. 0. 0. 0. 0. 1. 1. 1. 1. 1. 1. 1. 1. 1. 1. 1. 1. 1. 1. 0. 0.
 0. 0. 0. 0. 0. 0. 0. 0. 0. 0. 0. 0. 0. 0. 0. 0. 0. 0. 0. 0. 0. 0. 0. 0.
 0. 0. 0. 0. 0. 0. 0. 0. 0. 0. 0. 0. 0. 0. 0. 0. 0. 0. 0. 0. 0. 0. 0. 0.
 0. 0. 0. 0. 0. 0. 0. 0. 0. 0. 0. 0. 0. 0. 0. 0. 0. 0. 0. 0. 0. 0. 0. 0.
 0. 0. 0. 0. 0. 0. 0. 0. 0. 0. 0. 0. 0. 0. 0. 0. 0. 0. 0. 0. 0. 0. 0. 0.
 0. 0. 0. 0. 0. 0. 0. 0. 0. 0. 0. 0. 0. 0. 0. 0. 0. 0. 0. 0. 0. 0. 0. 0.
 0. 0. 0. 0. 0. 0. 0. 0.]
Normalized importance:  [6.43356643e-01 2.88461538e-01 4.51048951e-01 5.89160839e-03
 1.06818182e-01 3.44405594e-01 5.24475524e-01 5.94405594e-01
 4.75524476e-01 0.00000000e+00 4.58041958e-01 4.72027972e-01
 4.17832168e-01 2.23776224e-01 4.35314685e-01 0.00000000e+00
 1.33741259e-01 0.00000000e+00 1.00874126e-01 1.06468531e-01
 1.33041958e-01 1.88811189e-01 4.37062937e-02 1.80069930e-01
 6.78321678e-02 4.70279720e-02 3.68881119e-01 0.00000000e+00
 8.56643357e-01 3.21678322e-01 4.82517483e-01 1.65909091e-01
 1.66258741e-01 5.06993007e-01 3.58391608e-01 1.00000000e+00
 5.54195804e-01 5.94405594e-01 4.30069930e-01 7.37762238e-01
 0.00000000e+00 3.60139860e-01 3.12937063e-01 1.10314685e-01
 4.19580420e-01 3.44405594e-01 2.41258741e-01 4.42307692e-01
 1.71153846e-01 4.79020979e-01 3.51398601e-01 0.00000000e+00
 3.58391608e-01 3.35664336e-01 3.65384615e-01 4.38811189e-01
 8.84615385e-01 3.58391608e-01 5.29720280e-01 2.76223776e-01
 5.68181818e-01 4.49300699e-01 7.13286713e-01 7.39510490e-01
 3.33916084e-01 4.31818182e-01 2.86713287e-01 5.76923077e-02
 5.19230769e-01 5.12237762e-01 0.00000000e+00 0.00000000e+00
 0.00000000e+00 9.70279720e-02 0.00000000e+00 0.00000000e+00
 0.00000000e+00 3.96853147e-03 1.22552448e-01 8.93356643e-02
 0.00000000e+00 0.00000000e+00 6.57342657e-02 3.33916084e-02
 0.00000000e+00 0.00000000e+00 7.76223776e-02 2.39510490e-01
 1.54195804e-01 2.32517483e-01 2.97202797e-01 1.20454545e-01
 0.00000000e+00 2.25524476e-01 2.11538462e-01 0.00000000e+00
 5.24475524e-02 1.39160839e-01 0.00000000e+00 0.00000000e+00
 2.32517483e-01 0.00000000e+00 6.52097902e-02 0.00000000e+00
 3.79370629e-01 2.84965035e-01 1.47552448e-01 0.00000000e+00
 0.00000000e+00 5.03496503e-02 1.45979021e-01 4.68531469e-01
 7.62237762e-02 1.25174825e-01 1.15559441e-01 0.00000000e+00
 1.11538462e-01 0.00000000e+00 0.00000000e+00 2.55244755e-01
 9.45804196e-02 0.00000000e+00 1.76573427e-01 0.00000000e+00
 0.00000000e+00 3.58391608e-02 3.72377622e-01 4.30069930e-02
 0.00000000e+00 3.58391608e-02 3.88111888e-01 0.00000000e+00
 0.00000000e+00 0.00000000e+00 9.12587413e-02 0.00000000e+00
 2.70979021e-01 0.00000000e+00 3.75874126e-01 0.00000000e+00
 0.00000000e+00 9.21328671e-02 0.00000000e+00 2.34265734e-01
 0.00000000e+00 1.83566434e-01 1.25000000e-01 6.38111888e-02
 1.04195804e-01 0.00000000e+00 4.10839161e-02 1.26223776e-01
 0.00000000e+00 0.00000000e+00 0.00000000e+00 1.99300699e-01
 1.73601399e-02 3.67132867e-02 3.37412587e-01 5.03496503e-02
 0.00000000e+00 0.00000000e+00 0.00000000e+00 3.93356643e-03
 0.00000000e+00 0.00000000e+00 0.00000000e+00 6.53846154e-04
 0.00000000e+00 1.07517483e-01 8.39160839e-03 6.43356643e-02
 2.34265734e-01 2.06293706e-01 3.04195804e-01 0.00000000e+00
 0.00000000e+00 2.48251748e-01 0.00000000e+00 0.00000000e+00
 0.00000000e+00 0.00000000e+00 2.76223776e-01 2.53496503e-01
 1.90559441e-01 7.09790210e-02 1.80069930e-01 0.00000000e+00
 0.00000000e+00 5.33216783e-02 0.00000000e+00 0.00000000e+00
 0.00000000e+00 2.13286713e-01 3.12937063e-02 7.22027972e-02
 2.32517483e-01 8.70629371e-02 0.00000000e+00 0.00000000e+00]
pyseer
y_true:  [0. 0. 0. 0. 0. 0. 0. 1. 1. 1. 1. 1. 1. 1. 0. 0. 0. 0. 0. 0. 0. 0. 0. 0.
 0. 0. 0. 0. 1. 1. 1. 1. 1. 1. 1. 1. 1. 1. 1. 1. 1. 1. 0. 0. 0. 0. 0. 0.
 0. 0. 0. 0. 0. 0. 0. 0. 1. 1. 1. 1. 1. 1. 1. 1. 1. 1. 1. 1. 1. 1. 0. 0.
 0. 0. 0. 0. 0. 0. 0. 0. 0. 0. 0. 0. 0. 0. 0. 0. 0. 0. 0. 0. 0. 0. 0. 0.
 0. 0. 0. 0. 0. 0. 0. 0. 0. 0. 0. 0. 0. 0. 0. 0. 0. 0. 0. 0. 0. 0. 0. 0.
 0. 0. 0. 0. 0. 0. 0. 0. 0. 0. 0. 0. 0. 0. 0. 0. 0. 0. 0. 0. 0. 0. 0. 0.
 0. 0. 0. 0. 0. 0. 0. 0. 0. 0. 0. 0. 0. 0. 0. 0. 0. 0. 0. 0. 0. 0. 0. 0.
 0. 0. 0. 0. 0. 0. 0. 0. 0. 0. 0. 0. 0. 0. 0. 0. 0. 0. 0. 0. 0. 0. 0. 0.
 0. 0. 0. 0. 0. 0. 0. 0.]
y_pred:  [1. 1. 1. 0. 0. 1. 1. 1. 1. 0. 1. 1. 1. 0. 1. 0. 0. 0. 0. 0. 0. 0. 0. 0.
 0. 0. 1. 0. 1. 1. 1. 0. 0. 1. 1. 1. 1. 1. 1. 1. 0. 1. 1. 0. 1. 1. 1. 1.
 0. 1. 1. 0. 1. 1. 1. 1. 1. 1. 1. 1. 1. 1. 1. 1. 1. 1. 1. 0. 1. 1. 0. 0.
 0. 0. 0. 0. 0. 0. 0. 0. 0. 0. 0. 0. 0. 0. 0. 1. 0. 1. 1. 0. 0. 1. 0. 0.
 0. 0. 0. 0. 1. 0. 0. 0. 1. 1. 0. 0. 0. 0. 0. 1. 0. 0. 0. 0. 0. 0. 0. 1.
 0. 0. 0. 0. 0. 0. 1. 0. 0. 0. 1. 0. 0. 0. 0. 0. 1. 0. 1. 0. 0. 0. 0. 1.
 0. 0. 0. 0. 0. 0. 0. 0. 0. 0. 0. 0. 0. 0. 1. 0. 0. 0. 0. 0. 0. 0. 0. 0.
 0. 0. 0. 0. 1. 0. 1. 0. 0. 1. 0. 0. 0. 0. 1. 1. 0. 0. 0. 0. 0. 0. 0. 0.
 0. 0. 0. 0. 1. 0. 0. 0.]
Time taken: 25.963719129562378 seconds
Running combination 2 of 50
Fitting RandomForest...
Fitting Adaboost...
Fitting AdaBoost_2...
Fitting et...
Fitting gbc...
Fitting gbc_2...
Fitting gbc_3...
Fitting dt...
Fitting lr...
Fitting Lasso_1...
Fitting Lasso_2...
Fitting Lasso_3...
Fitting Lasso_4...
Fitting elasticnet...
VCF file created successfully.
pyseer stderr:  Read 1000 phenotypes
Detected continuous phenotype
Reading all variants

0variants [00:00, ?variants/s]
54variants [00:00, 538.06variants/s]
108variants [00:00, 473.01variants/s]
165variants [00:00, 510.46variants/s]
198variants [00:00, 514.36variants/s]
Applying correlation filtering

  0%|          | 0/198 [00:00<?, ?variants/s]
100%|██████████| 198/198 [00:00<00:00, 2675.62variants/s]
Fitting elastic net to top 148 variants
Best penalty (lambda) from cross-validation: 4.09E+01
Best R^2 from cross-validation: 0.480
Finding and printing selected variants
198 loaded variants
50 pre-filtered variants
148 tested variants
135 printed variants

True importance standardized:  [0.5951182  0.5951182  0.5951182  0.5951182  0.5951182  0.5951182
 0.5951182  0.27117038 0.27117038 0.27117038 0.27117038 0.27117038
 0.27117038 0.27117038 0.58584074 0.58584074 0.58584074 0.58584074
 0.58584074 0.58584074 0.58584074 0.90598518 0.90598518 0.90598518
 0.90598518 0.90598518 0.90598518 0.90598518 0.13564219 0.13564219
 0.13564219 0.13564219 0.13564219 0.13564219 0.13564219 0.75889806
 0.75889806 0.75889806 0.75889806 0.75889806 0.75889806 0.75889806
 0.90716733 0.90716733 0.90716733 0.90716733 0.90716733 0.90716733
 0.90716733 1.         1.         1.         1.         1.
 1.         1.         0.18238519 0.18238519 0.18238519 0.18238519
 0.18238519 0.18238519 0.18238519 0.80373216 0.80373216 0.80373216
 0.80373216 0.80373216 0.80373216 0.80373216 0.         0.
 0.         0.         0.         0.         0.         0.
 0.         0.         0.         0.         0.         0.
 0.         0.         0.         0.         0.         0.
 0.         0.         0.         0.         0.         0.
 0.         0.         0.         0.         0.         0.
 0.         0.         0.         0.         0.         0.
 0.         0.         0.         0.         0.         0.
 0.         0.         0.         0.         0.         0.
 0.         0.         0.         0.         0.         0.
 0.         0.         0.         0.         0.         0.
 0.         0.         0.         0.         0.         0.
 0.         0.         0.         0.         0.         0.
 0.         0.         0.         0.         0.         0.
 0.         0.         0.         0.         0.         0.
 0.         0.         0.         0.         0.         0.
 0.         0.         0.         0.         0.         0.
 0.         0.         0.         0.         0.         0.
 0.         0.         0.         0.         0.         0.
 0.         0.         0.         0.         0.         0.
 0.         0.         0.         0.         0.         0.
 0.         0.         0.         0.         0.         0.
 0.         0.        ]
Normalized importance:  [0.42284521 0.42284521 0.42284521 0.42284521 0.42284521 0.42284521
 0.42284521 0.         0.         0.         0.         0.
 0.         0.         0.23822148 0.23822148 0.23822148 0.23822148
 0.23822148 0.23822148 0.23822148 0.7786835  0.7786835  0.7786835
 0.7786835  0.7786835  0.7786835  0.7786835  0.03961725 0.
 0.         0.         0.         0.03961725 0.03961725 0.38676131
 0.38676131 0.38676131 0.38676131 0.38676131 0.38676131 0.38676131
 0.84840899 0.84840899 0.84840899 0.84840899 0.84840899 0.84840899
 0.84840899 1.         1.         1.         1.         1.
 1.         1.         0.08921221 0.08921221 0.08921221 0.08921221
 0.08921221 0.08921221 0.08921221 0.70381906 0.70381906 0.70381906
 0.70381906 0.70381906 0.70381906 0.70381906 0.         0.
 0.         0.         0.01913715 0.         0.         0.
 0.         0.         0.08765041 0.         0.         0.
 0.         0.         0.         0.         0.         0.
 0.         0.         0.         0.         0.         0.
 0.20126968 0.10137718 0.         0.         0.         0.
 0.         0.         0.         0.         0.         0.
 0.         0.         0.         0.         0.         0.00648547
 0.         0.0194588  0.         0.         0.         0.
 0.         0.         0.         0.         0.         0.03128586
 0.         0.         0.         0.         0.         0.
 0.         0.         0.         0.         0.         0.03396308
 0.04136004 0.         0.         0.         0.         0.
 0.         0.         0.         0.         0.         0.
 0.         0.         0.         0.         0.         0.
 0.         0.         0.         0.01303694 0.         0.
 0.         0.         0.         0.         0.         0.
 0.         0.         0.         0.         0.         0.
 0.         0.         0.         0.         0.         0.
 0.         0.         0.         0.         0.         0.
 0.         0.         0.         0.         0.         0.
 0.         0.         0.         0.         0.         0.
 0.         0.        ]
deepbreaks
y_true:  [0. 0. 0. 0. 0. 0. 0. 0. 0. 0. 0. 0. 0. 0. 0. 0. 0. 0. 0. 0. 0. 1. 1. 1.
 1. 1. 1. 1. 0. 0. 0. 0. 0. 0. 0. 1. 1. 1. 1. 1. 1. 1. 1. 1. 1. 1. 1. 1.
 1. 1. 1. 1. 1. 1. 1. 1. 0. 0. 0. 0. 0. 0. 0. 1. 1. 1. 1. 1. 1. 1. 0. 0.
 0. 0. 0. 0. 0. 0. 0. 0. 0. 0. 0. 0. 0. 0. 0. 0. 0. 0. 0. 0. 0. 0. 0. 0.
 0. 0. 0. 0. 0. 0. 0. 0. 0. 0. 0. 0. 0. 0. 0. 0. 0. 0. 0. 0. 0. 0. 0. 0.
 0. 0. 0. 0. 0. 0. 0. 0. 0. 0. 0. 0. 0. 0. 0. 0. 0. 0. 0. 0. 0. 0. 0. 0.
 0. 0. 0. 0. 0. 0. 0. 0. 0. 0. 0. 0. 0. 0. 0. 0. 0. 0. 0. 0. 0. 0. 0. 0.
 0. 0. 0. 0. 0. 0. 0. 0. 0. 0. 0. 0. 0. 0. 0. 0. 0. 0. 0. 0. 0. 0. 0. 0.
 0. 0. 0. 0. 0. 0. 0. 0.]
y_pred:  [1. 1. 1. 1. 1. 1. 1. 0. 0. 0. 0. 0. 0. 0. 0. 0. 0. 0. 0. 0. 0. 1. 1. 1.
 1. 1. 1. 1. 0. 0. 0. 0. 0. 0. 0. 0. 0. 0. 0. 0. 0. 0. 1. 1. 1. 1. 1. 1.
 1. 1. 1. 1. 1. 1. 1. 1. 0. 0. 0. 0. 0. 0. 0. 1. 1. 1. 1. 1. 1. 1. 0. 0.
 0. 0. 0. 0. 0. 0. 0. 0. 0. 0. 0. 0. 0. 0. 0. 0. 0. 0. 0. 0. 0. 0. 0. 0.
 0. 0. 0. 0. 0. 0. 0. 0. 0. 0. 0. 0. 0. 0. 0. 0. 0. 0. 0. 0. 0. 0. 0. 0.
 0. 0. 0. 0. 0. 0. 0. 0. 0. 0. 0. 0. 0. 0. 0. 0. 0. 0. 0. 0. 0. 0. 0. 0.
 0. 0. 0. 0. 0. 0. 0. 0. 0. 0. 0. 0. 0. 0. 0. 0. 0. 0. 0. 0. 0. 0. 0. 0.
 0. 0. 0. 0. 0. 0. 0. 0. 0. 0. 0. 0. 0. 0. 0. 0. 0. 0. 0. 0. 0. 0. 0. 0.
 0. 0. 0. 0. 0. 0. 0. 0.]
Normalized importance:  [6.00000000e-01 0.00000000e+00 1.14563107e-01 3.71844660e-01
 2.85436893e-01 4.77669903e-01 3.61165049e-03 1.33980583e-01
 8.69902913e-02 1.00970874e-01 2.20388350e-01 0.00000000e+00
 8.57281553e-02 6.88349515e-02 4.82524272e-01 9.58252427e-02
 1.04854369e-01 2.42718447e-01 7.54368932e-02 3.88349515e-01
 5.29126214e-01 7.04854369e-01 4.67961165e-01 4.97087379e-01
 4.19417476e-01 3.44660194e-01 2.37864078e-01 3.45631068e-01
 1.17475728e-01 0.00000000e+00 8.59223301e-03 0.00000000e+00
 2.15533981e-02 2.25242718e-01 3.19417476e-01 6.23300971e-01
 1.18446602e-01 4.54368932e-01 2.87378641e-01 2.96116505e-01
 1.74757282e-01 5.21359223e-01 7.83495146e-01 4.69902913e-01
 2.15533981e-01 3.06796117e-01 4.23300971e-01 2.77669903e-01
 4.89320388e-01 1.00000000e+00 3.32038835e-01 4.58252427e-01
 3.95145631e-01 3.11650485e-01 4.68932039e-01 6.12621359e-01
 2.97087379e-01 1.76699029e-01 2.55339806e-01 4.37864078e-02
 2.02912621e-02 8.68932039e-02 1.65048544e-01 6.52427184e-01
 4.26213592e-01 4.22330097e-01 3.26213592e-01 4.94174757e-01
 1.48543689e-01 3.91262136e-01 4.03883495e-02 2.02912621e-01
 1.92233010e-01 0.00000000e+00 1.96116505e-01 0.00000000e+00
 6.92233010e-02 2.61165049e-01 0.00000000e+00 7.51456311e-02
 3.38834951e-01 0.00000000e+00 6.88349515e-03 1.62135922e-01
 0.00000000e+00 0.00000000e+00 0.00000000e+00 2.67961165e-03
 4.67961165e-02 2.30097087e-01 0.00000000e+00 0.00000000e+00
 1.54368932e-01 3.13592233e-02 0.00000000e+00 6.03883495e-02
 5.50485437e-01 4.11650485e-01 0.00000000e+00 2.28155340e-01
 0.00000000e+00 2.18446602e-01 0.00000000e+00 8.00000000e-02
 0.00000000e+00 1.82524272e-01 0.00000000e+00 0.00000000e+00
 3.21359223e-01 0.00000000e+00 0.00000000e+00 0.00000000e+00
 0.00000000e+00 2.37864078e-01 0.00000000e+00 2.04854369e-01
 0.00000000e+00 1.50485437e-01 0.00000000e+00 6.10679612e-02
 0.00000000e+00 0.00000000e+00 0.00000000e+00 0.00000000e+00
 0.00000000e+00 4.40776699e-02 8.29126214e-02 3.19417476e-02
 1.04854369e-01 7.44660194e-02 3.08737864e-02 0.00000000e+00
 0.00000000e+00 6.70873786e-02 3.33980583e-02 2.15533981e-01
 1.58252427e-01 2.24271845e-01 2.67961165e-01 1.89320388e-01
 0.00000000e+00 5.66990291e-02 1.43689320e-01 3.47572816e-02
 2.52427184e-01 0.00000000e+00 0.00000000e+00 0.00000000e+00
 1.89320388e-01 1.60194175e-01 1.16504854e-01 0.00000000e+00
 1.33980583e-01 1.70873786e-01 2.78640777e-01 0.00000000e+00
 1.15533981e-01 2.97087379e-01 0.00000000e+00 1.13592233e-01
 2.64077670e-01 1.84466019e-01 2.16504854e-01 0.00000000e+00
 0.00000000e+00 0.00000000e+00 0.00000000e+00 0.00000000e+00
 0.00000000e+00 0.00000000e+00 3.40776699e-01 0.00000000e+00
 0.00000000e+00 0.00000000e+00 8.02912621e-02 0.00000000e+00
 0.00000000e+00 0.00000000e+00 0.00000000e+00 0.00000000e+00
 5.92233010e-04 0.00000000e+00 0.00000000e+00 3.45631068e-01
 1.10679612e-01 1.64077670e-01 0.00000000e+00 5.48543689e-02
 2.01941748e-01 2.99029126e-01 8.62135922e-02 0.00000000e+00
 0.00000000e+00 0.00000000e+00 0.00000000e+00 1.89320388e-01
 1.31067961e-02 4.22330097e-02 0.00000000e+00 0.00000000e+00]
pyseer
y_true:  [0. 0. 0. 0. 0. 0. 0. 0. 0. 0. 0. 0. 0. 0. 0. 0. 0. 0. 0. 0. 0. 1. 1. 1.
 1. 1. 1. 1. 0. 0. 0. 0. 0. 0. 0. 1. 1. 1. 1. 1. 1. 1. 1. 1. 1. 1. 1. 1.
 1. 1. 1. 1. 1. 1. 1. 1. 0. 0. 0. 0. 0. 0. 0. 1. 1. 1. 1. 1. 1. 1. 0. 0.
 0. 0. 0. 0. 0. 0. 0. 0. 0. 0. 0. 0. 0. 0. 0. 0. 0. 0. 0. 0. 0. 0. 0. 0.
 0. 0. 0. 0. 0. 0. 0. 0. 0. 0. 0. 0. 0. 0. 0. 0. 0. 0. 0. 0. 0. 0. 0. 0.
 0. 0. 0. 0. 0. 0. 0. 0. 0. 0. 0. 0. 0. 0. 0. 0. 0. 0. 0. 0. 0. 0. 0. 0.
 0. 0. 0. 0. 0. 0. 0. 0. 0. 0. 0. 0. 0. 0. 0. 0. 0. 0. 0. 0. 0. 0. 0. 0.
 0. 0. 0. 0. 0. 0. 0. 0. 0. 0. 0. 0. 0. 0. 0. 0. 0. 0. 0. 0. 0. 0. 0. 0.
 0. 0. 0. 0. 0. 0. 0. 0.]
y_pred:  [1. 0. 0. 1. 1. 1. 0. 0. 0. 0. 1. 0. 0. 0. 1. 0. 0. 1. 0. 1. 1. 1. 1. 1.
 1. 1. 1. 1. 0. 0. 0. 0. 0. 1. 1. 1. 0. 1. 1. 1. 0. 1. 1. 1. 1. 1. 1. 1.
 1. 1. 1. 1. 1. 1. 1. 1. 1. 0. 1. 0. 0. 0. 0. 1. 1. 1. 1. 1. 0. 1. 0. 1.
 0. 0. 0. 0. 0. 1. 0. 0. 1. 0. 0. 0. 0. 0. 0. 0. 0. 1. 0. 0. 0. 0. 0. 0.
 1. 1. 0. 1. 0. 1. 0. 0. 0. 0. 0. 0. 1. 0. 0. 0. 0. 1. 0. 1. 0. 0. 0. 0.
 0. 0. 0. 0. 0. 0. 0. 0. 0. 0. 0. 0. 0. 0. 0. 1. 0. 1. 1. 0. 0. 0. 0. 0.
 1. 0. 0. 0. 0. 0. 0. 0. 0. 0. 1. 0. 0. 1. 0. 0. 1. 0. 1. 0. 0. 0. 0. 0.
 0. 0. 1. 0. 0. 0. 0. 0. 0. 0. 0. 0. 0. 0. 0. 1. 0. 0. 0. 0. 1. 1. 0. 0.
 0. 0. 0. 0. 0. 0. 0. 0.]
Time taken: 23.595028162002563 seconds
Running combination 3 of 50
Fitting RandomForest...
Fitting Adaboost...
Fitting AdaBoost_2...
Fitting et...
Fitting gbc...
Fitting gbc_2...
Fitting gbc_3...
Fitting dt...
Fitting lr...
Fitting Lasso_1...
Fitting Lasso_2...
Fitting Lasso_3...
Fitting Lasso_4...
Fitting elasticnet...
VCF file created successfully.
pyseer stderr:  Read 1000 phenotypes
Detected continuous phenotype
Reading all variants

0variants [00:00, ?variants/s]
56variants [00:00, 558.97variants/s]
112variants [00:00, 430.30variants/s]
168variants [00:00, 479.69variants/s]
198variants [00:00, 487.98variants/s]
Applying correlation filtering

  0%|          | 0/198 [00:00<?, ?variants/s]
100%|██████████| 198/198 [00:00<00:00, 2710.18variants/s]
Fitting elastic net to top 148 variants
Best penalty (lambda) from cross-validation: 8.67E+00
Best R^2 from cross-validation: 0.519
Finding and printing selected variants
198 loaded variants
50 pre-filtered variants
148 tested variants
139 printed variants

True importance standardized:  [0.50937291 0.50937291 0.50937291 0.50937291 0.50937291 0.50937291
 0.50937291 0.46279551 0.46279551 0.46279551 0.46279551 0.46279551
 0.46279551 0.46279551 0.74084597 0.74084597 0.74084597 0.74084597
 0.74084597 0.74084597 0.74084597 0.94947339 0.94947339 0.94947339
 0.94947339 0.94947339 0.94947339 0.94947339 0.75325962 0.75325962
 0.75325962 0.75325962 0.75325962 0.75325962 0.75325962 0.52447662
 0.52447662 0.52447662 0.52447662 0.52447662 0.52447662 0.52447662
 0.15355169 0.15355169 0.15355169 0.15355169 0.15355169 0.15355169
 0.15355169 0.87129014 0.87129014 0.87129014 0.87129014 0.87129014
 0.87129014 0.87129014 0.53060544 0.53060544 0.53060544 0.53060544
 0.53060544 0.53060544 0.53060544 1.         1.         1.
 1.         1.         1.         1.         0.         0.
 0.         0.         0.         0.         0.         0.
 0.         0.         0.         0.         0.         0.
 0.         0.         0.         0.         0.         0.
 0.         0.         0.         0.         0.         0.
 0.         0.         0.         0.         0.         0.
 0.         0.         0.         0.         0.         0.
 0.         0.         0.         0.         0.         0.
 0.         0.         0.         0.         0.         0.
 0.         0.         0.         0.         0.         0.
 0.         0.         0.         0.         0.         0.
 0.         0.         0.         0.         0.         0.
 0.         0.         0.         0.         0.         0.
 0.         0.         0.         0.         0.         0.
 0.         0.         0.         0.         0.         0.
 0.         0.         0.         0.         0.         0.
 0.         0.         0.         0.         0.         0.
 0.         0.         0.         0.         0.         0.
 0.         0.         0.         0.         0.         0.
 0.         0.         0.         0.         0.         0.
 0.         0.         0.         0.         0.         0.
 0.         0.         0.         0.         0.         0.
 0.         0.        ]
Normalized importance:  [0.17693494 0.17693494 0.17693494 0.17693494 0.17693494 0.17693494
 0.17693494 0.45427791 0.45427791 0.45427791 0.45427791 0.45427791
 0.45427791 0.45427791 0.40815482 0.40815482 0.40815482 0.40815482
 0.40815482 0.40815482 0.40815482 0.76918791 0.76918791 0.76918791
 0.76918791 0.76918791 0.76918791 0.76918791 0.65392594 0.65392594
 0.65392594 0.65392594 0.65392594 0.65392594 0.65392594 0.21060779
 0.21060779 0.21060779 0.21060779 0.21060779 0.21060779 0.21060779
 0.         0.         0.         0.         0.         0.
 0.         0.84791139 0.84791139 0.84791139 0.84791139 0.84791139
 0.84791139 0.84791139 0.35936876 0.35936876 0.35936876 0.35936876
 0.35936876 0.35936876 0.35936876 1.         1.         1.
 1.         1.         1.         1.         0.         0.
 0.         0.         0.         0.         0.         0.
 0.05027547 0.         0.         0.04732855 0.         0.
 0.         0.07063998 0.         0.07661276 0.         0.
 0.         0.         0.         0.         0.         0.
 0.         0.         0.         0.         0.         0.
 0.09735111 0.         0.         0.         0.         0.
 0.         0.         0.         0.         0.         0.
 0.         0.         0.         0.         0.         0.
 0.         0.         0.         0.         0.         0.
 0.         0.         0.         0.         0.         0.
 0.         0.         0.         0.         0.         0.
 0.         0.         0.         0.         0.         0.
 0.         0.         0.         0.         0.         0.
 0.         0.         0.         0.         0.         0.03137802
 0.02505451 0.         0.         0.         0.         0.08291218
 0.03391154 0.         0.         0.         0.         0.
 0.         0.         0.         0.         0.         0.
 0.         0.         0.         0.         0.         0.
 0.         0.         0.         0.         0.         0.
 0.         0.         0.         0.         0.         0.
 0.         0.         0.05654087 0.         0.         0.
 0.         0.        ]
deepbreaks
y_true:  [0. 0. 0. 0. 0. 0. 0. 0. 0. 0. 0. 0. 0. 0. 1. 1. 1. 1. 1. 1. 1. 1. 1. 1.
 1. 1. 1. 1. 1. 1. 1. 1. 1. 1. 1. 0. 0. 0. 0. 0. 0. 0. 0. 0. 0. 0. 0. 0.
 0. 1. 1. 1. 1. 1. 1. 1. 0. 0. 0. 0. 0. 0. 0. 1. 1. 1. 1. 1. 1. 1. 0. 0.
 0. 0. 0. 0. 0. 0. 0. 0. 0. 0. 0. 0. 0. 0. 0. 0. 0. 0. 0. 0. 0. 0. 0. 0.
 0. 0. 0. 0. 0. 0. 0. 0. 0. 0. 0. 0. 0. 0. 0. 0. 0. 0. 0. 0. 0. 0. 0. 0.
 0. 0. 0. 0. 0. 0. 0. 0. 0. 0. 0. 0. 0. 0. 0. 0. 0. 0. 0. 0. 0. 0. 0. 0.
 0. 0. 0. 0. 0. 0. 0. 0. 0. 0. 0. 0. 0. 0. 0. 0. 0. 0. 0. 0. 0. 0. 0. 0.
 0. 0. 0. 0. 0. 0. 0. 0. 0. 0. 0. 0. 0. 0. 0. 0. 0. 0. 0. 0. 0. 0. 0. 0.
 0. 0. 0. 0. 0. 0. 0. 0.]
y_pred:  [0. 0. 0. 0. 0. 0. 0. 1. 1. 1. 1. 1. 1. 1. 1. 1. 1. 1. 1. 1. 1. 1. 1. 1.
 1. 1. 1. 1. 1. 1. 1. 1. 1. 1. 1. 0. 0. 0. 0. 0. 0. 0. 0. 0. 0. 0. 0. 0.
 0. 1. 1. 1. 1. 1. 1. 1. 0. 0. 0. 0. 0. 0. 0. 1. 1. 1. 1. 1. 1. 1. 0. 0.
 0. 0. 0. 0. 0. 0. 0. 0. 0. 0. 0. 0. 0. 0. 0. 0. 0. 0. 0. 0. 0. 0. 0. 0.
 0. 0. 0. 0. 0. 0. 0. 0. 0. 0. 0. 0. 0. 0. 0. 0. 0. 0. 0. 0. 0. 0. 0. 0.
 0. 0. 0. 0. 0. 0. 0. 0. 0. 0. 0. 0. 0. 0. 0. 0. 0. 0. 0. 0. 0. 0. 0. 0.
 0. 0. 0. 0. 0. 0. 0. 0. 0. 0. 0. 0. 0. 0. 0. 0. 0. 0. 0. 0. 0. 0. 0. 0.
 0. 0. 0. 0. 0. 0. 0. 0. 0. 0. 0. 0. 0. 0. 0. 0. 0. 0. 0. 0. 0. 0. 0. 0.
 0. 0. 0. 0. 0. 0. 0. 0.]
Normalized importance:  [0.23831776 0.4135514  0.0703271  0.13224299 0.24766355 0.11168224
 0.08457944 0.44392523 0.35514019 0.02303738 0.43224299 0.14672897
 0.15327103 0.03551402 0.46028037 0.35747664 0.43925234 0.21448598
 0.06775701 0.42056075 0.13364486 0.77570093 0.35514019 0.0478972
 0.11098131 0.20303738 0.18434579 0.60747664 0.54672897 0.60280374
 0.25       0.29906542 0.17102804 0.15070093 0.27336449 0.40420561
 0.02233645 0.07523364 0.06401869 0.17406542 0.39719626 0.19742991
 0.         0.         0.14556075 0.01630841 0.         0.
 0.00925234 0.66588785 0.11495327 0.32476636 0.2088785  0.60046729
 0.28271028 0.13598131 0.56074766 0.3411215  0.25       0.13971963
 0.16051402 0.06285047 0.30373832 1.         0.46261682 0.44859813
 0.44158879 0.23364486 0.03107477 0.3317757  0.16565421 0.17827103
 0.05841121 0.03271028 0.09696262 0.         0.         0.
 0.25934579 0.21098131 0.05654206 0.31074766 0.         0.
 0.04883178 0.38317757 0.         0.23364486 0.13457944 0.00507009
 0.         0.01787383 0.         0.0453271  0.         0.
 0.13878505 0.10116822 0.31308411 0.02757009 0.         0.
 0.3317757  0.14813084 0.         0.00453271 0.13948598 0.10537383
 0.         0.         0.27336449 0.         0.         0.
 0.01670561 0.05981308 0.00133645 0.         0.1203271  0.02018692
 0.1296729  0.00181308 0.2546729  0.15537383 0.10233645 0.14485981
 0.06028037 0.         0.         0.         0.         0.
 0.07827103 0.04088785 0.10630841 0.05630841 0.09392523 0.
 0.         0.         0.         0.         0.13714953 0.06985981
 0.05537383 0.         0.14228972 0.1661215  0.00259346 0.
 0.02268692 0.         0.15934579 0.         0.         0.1703271
 0.2546729  0.05420561 0.         0.10864486 0.02158879 0.22897196
 0.04579439 0.18481308 0.         0.15607477 0.24299065 0.
 0.         0.11051402 0.         0.         0.23364486 0.
 0.         0.         0.         0.0546729  0.         0.
 0.         0.20070093 0.         0.         0.         0.
 0.         0.         0.15070093 0.07640187 0.         0.1453271
 0.23364486 0.01065421 0.03831776 0.         0.08411215 0.07663551
 0.         0.        ]
pyseer
y_true:  [0. 0. 0. 0. 0. 0. 0. 0. 0. 0. 0. 0. 0. 0. 1. 1. 1. 1. 1. 1. 1. 1. 1. 1.
 1. 1. 1. 1. 1. 1. 1. 1. 1. 1. 1. 0. 0. 0. 0. 0. 0. 0. 0. 0. 0. 0. 0. 0.
 0. 1. 1. 1. 1. 1. 1. 1. 0. 0. 0. 0. 0. 0. 0. 1. 1. 1. 1. 1. 1. 1. 0. 0.
 0. 0. 0. 0. 0. 0. 0. 0. 0. 0. 0. 0. 0. 0. 0. 0. 0. 0. 0. 0. 0. 0. 0. 0.
 0. 0. 0. 0. 0. 0. 0. 0. 0. 0. 0. 0. 0. 0. 0. 0. 0. 0. 0. 0. 0. 0. 0. 0.
 0. 0. 0. 0. 0. 0. 0. 0. 0. 0. 0. 0. 0. 0. 0. 0. 0. 0. 0. 0. 0. 0. 0. 0.
 0. 0. 0. 0. 0. 0. 0. 0. 0. 0. 0. 0. 0. 0. 0. 0. 0. 0. 0. 0. 0. 0. 0. 0.
 0. 0. 0. 0. 0. 0. 0. 0. 0. 0. 0. 0. 0. 0. 0. 0. 0. 0. 0. 0. 0. 0. 0. 0.
 0. 0. 0. 0. 0. 0. 0. 0.]
y_pred:  [1. 1. 0. 0. 1. 0. 0. 1. 1. 0. 1. 1. 1. 0. 1. 1. 1. 1. 0. 1. 0. 1. 1. 0.
 0. 1. 1. 1. 1. 1. 1. 1. 1. 1. 1. 1. 0. 0. 0. 1. 1. 1. 0. 0. 0. 0. 0. 0.
 0. 1. 0. 1. 1. 1. 1. 0. 1. 1. 1. 0. 1. 0. 1. 1. 1. 1. 1. 1. 0. 1. 1. 1.
 0. 0. 0. 0. 0. 0. 1. 1. 0. 1. 0. 0. 0. 1. 0. 1. 0. 0. 0. 0. 0. 0. 0. 0.
 0. 0. 1. 0. 0. 0. 1. 1. 0. 0. 0. 0. 0. 0. 1. 0. 0. 0. 0. 0. 0. 0. 0. 0.
 0. 0. 1. 1. 0. 0. 0. 0. 0. 0. 0. 0. 0. 0. 0. 0. 0. 0. 0. 0. 0. 0. 0. 0.
 0. 0. 0. 1. 0. 0. 0. 0. 1. 0. 0. 1. 1. 0. 0. 0. 0. 1. 0. 1. 0. 1. 1. 0.
 0. 0. 0. 0. 1. 0. 0. 0. 0. 0. 0. 0. 0. 1. 0. 0. 0. 0. 0. 0. 1. 0. 0. 0.
 1. 0. 0. 0. 0. 0. 0. 0.]
Time taken: 23.86980128288269 seconds
Running combination 4 of 50
Fitting RandomForest...
Fitting Adaboost...
Fitting AdaBoost_2...
Fitting et...
Fitting gbc...
Fitting gbc_2...
Fitting gbc_3...
Fitting dt...
Fitting lr...
Fitting Lasso_1...
Fitting Lasso_2...
Fitting Lasso_3...
Fitting Lasso_4...
Fitting elasticnet...
VCF file created successfully.
pyseer stderr:  Read 1000 phenotypes
Detected continuous phenotype
Reading all variants

0variants [00:00, ?variants/s]
54variants [00:00, 530.50variants/s]
108variants [00:00, 465.26variants/s]
163variants [00:00, 498.72variants/s]
198variants [00:00, 503.18variants/s]
Applying correlation filtering

  0%|          | 0/198 [00:00<?, ?variants/s]
100%|██████████| 198/198 [00:00<00:00, 2736.95variants/s]
Fitting elastic net to top 148 variants
Best penalty (lambda) from cross-validation: 6.52E+00
Best R^2 from cross-validation: 0.513
Finding and printing selected variants
198 loaded variants
50 pre-filtered variants
148 tested variants
135 printed variants

True importance standardized:  [0.36488159 0.36488159 0.36488159 0.36488159 0.36488159 0.36488159
 0.36488159 0.36011686 0.36011686 0.36011686 0.36011686 0.36011686
 0.36011686 0.36011686 0.33128543 0.33128543 0.33128543 0.33128543
 0.33128543 0.33128543 0.33128543 0.91976866 0.91976866 0.91976866
 0.91976866 0.91976866 0.91976866 0.91976866 0.59288471 0.59288471
 0.59288471 0.59288471 0.59288471 0.59288471 0.59288471 0.46244848
 0.46244848 0.46244848 0.46244848 0.46244848 0.46244848 0.46244848
 1.         1.         1.         1.         1.         1.
 1.         0.68139626 0.68139626 0.68139626 0.68139626 0.68139626
 0.68139626 0.68139626 0.19192219 0.19192219 0.19192219 0.19192219
 0.19192219 0.19192219 0.19192219 0.3281542  0.3281542  0.3281542
 0.3281542  0.3281542  0.3281542  0.3281542  0.         0.
 0.         0.         0.         0.         0.         0.
 0.         0.         0.         0.         0.         0.
 0.         0.         0.         0.         0.         0.
 0.         0.         0.         0.         0.         0.
 0.         0.         0.         0.         0.         0.
 0.         0.         0.         0.         0.         0.
 0.         0.         0.         0.         0.         0.
 0.         0.         0.         0.         0.         0.
 0.         0.         0.         0.         0.         0.
 0.         0.         0.         0.         0.         0.
 0.         0.         0.         0.         0.         0.
 0.         0.         0.         0.         0.         0.
 0.         0.         0.         0.         0.         0.
 0.         0.         0.         0.         0.         0.
 0.         0.         0.         0.         0.         0.
 0.         0.         0.         0.         0.         0.
 0.         0.         0.         0.         0.         0.
 0.         0.         0.         0.         0.         0.
 0.         0.         0.         0.         0.         0.
 0.         0.         0.         0.         0.         0.
 0.         0.         0.         0.         0.         0.
 0.         0.        ]
Normalized importance:  [0.22180857 0.22180857 0.22180857 0.22180857 0.22180857 0.22180857
 0.22180857 0.1501619  0.1501619  0.1501619  0.1501619  0.1501619
 0.1501619  0.1501619  0.26630933 0.26630933 0.26630933 0.26630933
 0.26630933 0.26630933 0.26630933 0.80456259 0.80456259 0.80456259
 0.80456259 0.80456259 0.80456259 0.80456259 0.73285001 0.73285001
 0.73285001 0.73285001 0.73285001 0.73285001 0.73285001 0.32350714
 0.32350714 0.32350714 0.32350714 0.32350714 0.32350714 0.32350714
 1.         1.         1.         1.         1.         1.
 1.         0.80392815 0.80392815 0.80392815 0.80392815 0.80392815
 0.80392815 0.80392815 0.05651554 0.05651554 0.05651554 0.05651554
 0.05651554 0.05651554 0.05651554 0.23607754 0.23607754 0.23607754
 0.23607754 0.23607754 0.23607754 0.23607754 0.05556097 0.
 0.         0.         0.         0.         0.         0.
 0.         0.         0.         0.         0.02233091 0.
 0.         0.04719902 0.         0.         0.         0.
 0.05982882 0.         0.         0.         0.         0.
 0.         0.03431817 0.         0.         0.         0.
 0.         0.01791148 0.         0.         0.         0.
 0.03280233 0.         0.         0.         0.         0.
 0.         0.         0.         0.         0.         0.
 0.         0.         0.         0.02229063 0.         0.03540102
 0.         0.         0.         0.         0.         0.
 0.         0.         0.         0.         0.04002811 0.
 0.         0.         0.         0.         0.         0.
 0.         0.         0.         0.         0.         0.
 0.         0.05452706 0.         0.         0.         0.
 0.         0.027701   0.         0.         0.         0.
 0.         0.01947239 0.         0.         0.         0.
 0.         0.         0.         0.         0.         0.
 0.         0.         0.         0.00972859 0.         0.
 0.         0.         0.         0.05887581 0.         0.
 0.         0.         0.         0.         0.         0.02882624
 0.         0.         0.         0.         0.         0.
 0.         0.        ]
deepbreaks
y_true:  [0. 0. 0. 0. 0. 0. 0. 0. 0. 0. 0. 0. 0. 0. 0. 0. 0. 0. 0. 0. 0. 1. 1. 1.
 1. 1. 1. 1. 1. 1. 1. 1. 1. 1. 1. 1. 1. 1. 1. 1. 1. 1. 1. 1. 1. 1. 1. 1.
 1. 1. 1. 1. 1. 1. 1. 1. 0. 0. 0. 0. 0. 0. 0. 0. 0. 0. 0. 0. 0. 0. 0. 0.
 0. 0. 0. 0. 0. 0. 0. 0. 0. 0. 0. 0. 0. 0. 0. 0. 0. 0. 0. 0. 0. 0. 0. 0.
 0. 0. 0. 0. 0. 0. 0. 0. 0. 0. 0. 0. 0. 0. 0. 0. 0. 0. 0. 0. 0. 0. 0. 0.
 0. 0. 0. 0. 0. 0. 0. 0. 0. 0. 0. 0. 0. 0. 0. 0. 0. 0. 0. 0. 0. 0. 0. 0.
 0. 0. 0. 0. 0. 0. 0. 0. 0. 0. 0. 0. 0. 0. 0. 0. 0. 0. 0. 0. 0. 0. 0. 0.
 0. 0. 0. 0. 0. 0. 0. 0. 0. 0. 0. 0. 0. 0. 0. 0. 0. 0. 0. 0. 0. 0. 0. 0.
 0. 0. 0. 0. 0. 0. 0. 0.]
y_pred:  [0. 0. 0. 0. 0. 0. 0. 0. 0. 0. 0. 0. 0. 0. 1. 1. 1. 1. 1. 1. 1. 1. 1. 1.
 1. 1. 1. 1. 1. 1. 1. 1. 1. 1. 1. 1. 1. 1. 1. 1. 1. 1. 1. 1. 1. 1. 1. 1.
 1. 1. 1. 1. 1. 1. 1. 1. 0. 0. 0. 0. 0. 0. 0. 1. 1. 1. 1. 1. 1. 1. 0. 0.
 0. 0. 0. 0. 0. 0. 0. 0. 0. 0. 0. 0. 0. 0. 0. 0. 0. 0. 0. 0. 0. 0. 0. 0.
 0. 0. 0. 0. 0. 0. 0. 0. 0. 0. 0. 0. 0. 0. 0. 0. 0. 0. 0. 0. 0. 0. 0. 0.
 0. 0. 0. 0. 0. 0. 0. 0. 0. 0. 0. 0. 0. 0. 0. 0. 0. 0. 0. 0. 0. 0. 0. 0.
 0. 0. 0. 0. 0. 0. 0. 0. 0. 0. 0. 0. 0. 0. 0. 0. 0. 0. 0. 0. 0. 0. 0. 0.
 0. 0. 0. 0. 0. 0. 0. 0. 0. 0. 0. 0. 0. 0. 0. 0. 0. 0. 0. 0. 0. 0. 0. 0.
 0. 0. 0. 0. 0. 0. 0. 0.]
Normalized importance:  [0.28894009 0.32764977 0.35253456 0.29677419 0.26682028 0.08248848
 0.13456221 0.43225806 0.16912442 0.25069124 0.04746544 0.
 0.37050691 0.18156682 0.26866359 0.31520737 0.41797235 0.1764977
 0.05760369 0.34239631 0.04930876 0.88018433 0.52995392 0.53456221
 0.39493088 0.24884793 0.19308756 0.64516129 0.68202765 0.27281106
 0.53917051 0.4516129  0.02202765 0.36866359 0.32073733 0.55760369
 0.22396313 0.08248848 0.15760369 0.11105991 0.13271889 0.32258065
 1.         0.52534562 0.07419355 0.74654378 0.41658986 0.39585253
 0.71428571 0.80645161 0.51612903 0.50230415 0.11889401 0.46082949
 0.24792627 0.20230415 0.21382488 0.12718894 0.12626728 0.
 0.         0.04884793 0.08341014 0.25990783 0.21843318 0.37327189
 0.0259447  0.20829493 0.19032258 0.26682028 0.36866359 0.
 0.13686636 0.         0.         0.         0.03267281 0.
 0.         0.08709677 0.08801843 0.04331797 0.05898618 0.
 0.23456221 0.4437788  0.         0.         0.         0.
 0.19723502 0.         0.         0.03341014 0.         0.
 0.20092166 0.13917051 0.29815668 0.24654378 0.         0.
 0.         0.19308756 0.0764977  0.20691244 0.0302765  0.03571429
 0.29585253 0.         0.06589862 0.         0.17327189 0.30276498
 0.020553   0.         0.10829493 0.         0.         0.
 0.         0.19308756 0.         0.11198157 0.17327189 0.29723502
 0.         0.02304147 0.         0.09170507 0.         0.
 0.19447005 0.00870968 0.05990783 0.01875576 0.22488479 0.
 0.02004608 0.         0.08986175 0.         0.29677419 0.18801843
 0.22488479 0.14884793 0.         0.07096774 0.0435023  0.
 0.         0.19723502 0.         0.         0.04069124 0.02525346
 0.18248848 0.32580645 0.         0.         0.18663594 0.
 0.         0.08110599 0.06682028 0.01082949 0.         0.
 0.10138249 0.         0.04018433 0.         0.33087558 0.
 0.         0.22073733 0.         0.         0.         0.
 0.0221659  0.         0.         0.14331797 0.         0.0516129
 0.         0.         0.10414747 0.10184332 0.12119816 0.28940092
 0.20599078 0.18341014 0.         0.         0.07695853 0.
 0.         0.        ]
pyseer
y_true:  [0. 0. 0. 0. 0. 0. 0. 0. 0. 0. 0. 0. 0. 0. 0. 0. 0. 0. 0. 0. 0. 1. 1. 1.
 1. 1. 1. 1. 1. 1. 1. 1. 1. 1. 1. 1. 1. 1. 1. 1. 1. 1. 1. 1. 1. 1. 1. 1.
 1. 1. 1. 1. 1. 1. 1. 1. 0. 0. 0. 0. 0. 0. 0. 0. 0. 0. 0. 0. 0. 0. 0. 0.
 0. 0. 0. 0. 0. 0. 0. 0. 0. 0. 0. 0. 0. 0. 0. 0. 0. 0. 0. 0. 0. 0. 0. 0.
 0. 0. 0. 0. 0. 0. 0. 0. 0. 0. 0. 0. 0. 0. 0. 0. 0. 0. 0. 0. 0. 0. 0. 0.
 0. 0. 0. 0. 0. 0. 0. 0. 0. 0. 0. 0. 0. 0. 0. 0. 0. 0. 0. 0. 0. 0. 0. 0.
 0. 0. 0. 0. 0. 0. 0. 0. 0. 0. 0. 0. 0. 0. 0. 0. 0. 0. 0. 0. 0. 0. 0. 0.
 0. 0. 0. 0. 0. 0. 0. 0. 0. 0. 0. 0. 0. 0. 0. 0. 0. 0. 0. 0. 0. 0. 0. 0.
 0. 0. 0. 0. 0. 0. 0. 0.]
y_pred:  [1. 1. 1. 1. 1. 0. 0. 1. 0. 1. 0. 0. 1. 0. 1. 1. 1. 0. 0. 1. 0. 1. 1. 1.
 1. 1. 1. 1. 1. 1. 1. 1. 0. 1. 1. 1. 1. 0. 0. 0. 0. 1. 1. 1. 0. 1. 1. 1.
 1. 1. 1. 1. 0. 1. 1. 1. 1. 0. 0. 0. 0. 0. 0. 1. 1. 1. 0. 1. 0. 1. 1. 0.
 0. 0. 0. 0. 0. 0. 0. 0. 0. 0. 0. 0. 1. 1. 0. 0. 0. 0. 1. 0. 0. 0. 0. 0.
 1. 0. 1. 1. 0. 0. 0. 1. 0. 1. 0. 0. 1. 0. 0. 0. 0. 1. 0. 0. 0. 0. 0. 0.
 0. 1. 0. 0. 0. 1. 0. 0. 0. 0. 0. 0. 1. 0. 0. 0. 1. 0. 0. 0. 0. 0. 1. 0.
 1. 0. 0. 0. 0. 0. 0. 1. 0. 0. 0. 0. 0. 1. 0. 0. 0. 0. 0. 0. 0. 0. 0. 0.
 0. 0. 0. 0. 1. 0. 0. 1. 0. 0. 0. 0. 0. 0. 0. 0. 0. 0. 0. 0. 0. 0. 0. 1.
 1. 0. 0. 0. 0. 0. 0. 0.]
Time taken: 22.64435911178589 seconds
Running combination 5 of 50
Fitting RandomForest...
Fitting Adaboost...
Fitting AdaBoost_2...
Fitting et...
Fitting gbc...
Fitting gbc_2...
Fitting gbc_3...
Fitting dt...
Fitting lr...
Fitting Lasso_1...
Fitting Lasso_2...
Fitting Lasso_3...
Fitting Lasso_4...
Fitting elasticnet...
VCF file created successfully.
pyseer stderr:  Read 1000 phenotypes
Detected continuous phenotype
Reading all variants

0variants [00:00, ?variants/s]
54variants [00:00, 530.41variants/s]
108variants [00:00, 468.12variants/s]
162variants [00:00, 497.41variants/s]
198variants [00:00, 501.95variants/s]
Applying correlation filtering

  0%|          | 0/198 [00:00<?, ?variants/s]
100%|██████████| 198/198 [00:00<00:00, 2649.06variants/s]
Fitting elastic net to top 148 variants
Best penalty (lambda) from cross-validation: 2.08E+01
Best R^2 from cross-validation: 0.453
Finding and printing selected variants
198 loaded variants
50 pre-filtered variants
148 tested variants
138 printed variants

True importance standardized:  [0.27582114 0.27582114 0.27582114 0.27582114 0.27582114 0.27582114
 0.27582114 0.17992159 0.17992159 0.17992159 0.17992159 0.17992159
 0.17992159 0.17992159 0.42462006 0.42462006 0.42462006 0.42462006
 0.42462006 0.42462006 0.42462006 0.9522536  0.9522536  0.9522536
 0.9522536  0.9522536  0.9522536  0.9522536  0.80834735 0.80834735
 0.80834735 0.80834735 0.80834735 0.80834735 0.80834735 0.58686303
 0.58686303 0.58686303 0.58686303 0.58686303 0.58686303 0.58686303
 1.         1.         1.         1.         1.         1.
 1.         0.53436644 0.53436644 0.53436644 0.53436644 0.53436644
 0.53436644 0.53436644 0.29124059 0.29124059 0.29124059 0.29124059
 0.29124059 0.29124059 0.29124059 0.92459164 0.92459164 0.92459164
 0.92459164 0.92459164 0.92459164 0.92459164 0.         0.
 0.         0.         0.         0.         0.         0.
 0.         0.         0.         0.         0.         0.
 0.         0.         0.         0.         0.         0.
 0.         0.         0.         0.         0.         0.
 0.         0.         0.         0.         0.         0.
 0.         0.         0.         0.         0.         0.
 0.         0.         0.         0.         0.         0.
 0.         0.         0.         0.         0.         0.
 0.         0.         0.         0.         0.         0.
 0.         0.         0.         0.         0.         0.
 0.         0.         0.         0.         0.         0.
 0.         0.         0.         0.         0.         0.
 0.         0.         0.         0.         0.         0.
 0.         0.         0.         0.         0.         0.
 0.         0.         0.         0.         0.         0.
 0.         0.         0.         0.         0.         0.
 0.         0.         0.         0.         0.         0.
 0.         0.         0.         0.         0.         0.
 0.         0.         0.         0.         0.         0.
 0.         0.         0.         0.         0.         0.
 0.         0.         0.         0.         0.         0.
 0.         0.        ]
Normalized importance:  [0.09094324 0.09094324 0.09094324 0.09094324 0.09094324 0.09094324
 0.09094324 0.05857719 0.05857719 0.05857719 0.05857719 0.05857719
 0.05857719 0.         0.25712263 0.25712263 0.25712263 0.25712263
 0.25712263 0.25712263 0.25712263 1.         1.         1.
 1.         1.         1.         1.         0.62774337 0.62774337
 0.62774337 0.62774337 0.62774337 0.62774337 0.62774337 0.26492959
 0.26492959 0.26492959 0.26492959 0.26492959 0.26492959 0.26492959
 0.9099496  0.9099496  0.9099496  0.9099496  0.9099496  0.9099496
 0.9099496  0.26772313 0.26772313 0.26772313 0.26772313 0.26772313
 0.26772313 0.26772313 0.03709133 0.         0.         0.
 0.         0.         0.         0.82902755 0.82902755 0.82902755
 0.82902755 0.82902755 0.82902755 0.82902755 0.         0.
 0.         0.         0.         0.         0.         0.
 0.         0.         0.         0.         0.         0.
 0.         0.         0.         0.         0.         0.
 0.         0.         0.         0.         0.         0.
 0.         0.         0.         0.02826535 0.         0.
 0.         0.         0.         0.         0.         0.
 0.         0.         0.         0.         0.         0.
 0.         0.         0.         0.         0.08185563 0.
 0.         0.         0.         0.         0.         0.06999878
 0.         0.         0.         0.         0.         0.07352178
 0.         0.         0.03341255 0.         0.         0.
 0.         0.         0.         0.         0.         0.
 0.         0.         0.         0.         0.         0.
 0.         0.01861381 0.         0.         0.         0.
 0.         0.         0.         0.03944268 0.         0.
 0.         0.         0.         0.         0.         0.
 0.         0.         0.         0.         0.         0.
 0.         0.         0.03793762 0.         0.         0.
 0.         0.         0.         0.         0.         0.
 0.         0.         0.         0.         0.         0.
 0.         0.         0.0329679  0.         0.         0.
 0.         0.        ]
deepbreaks
y_true:  [0. 0. 0. 0. 0. 0. 0. 0. 0. 0. 0. 0. 0. 0. 0. 0. 0. 0. 0. 0. 0. 1. 1. 1.
 1. 1. 1. 1. 1. 1. 1. 1. 1. 1. 1. 1. 1. 1. 1. 1. 1. 1. 1. 1. 1. 1. 1. 1.
 1. 0. 0. 0. 0. 0. 0. 0. 0. 0. 0. 0. 0. 0. 0. 1. 1. 1. 1. 1. 1. 1. 0. 0.
 0. 0. 0. 0. 0. 0. 0. 0. 0. 0. 0. 0. 0. 0. 0. 0. 0. 0. 0. 0. 0. 0. 0. 0.
 0. 0. 0. 0. 0. 0. 0. 0. 0. 0. 0. 0. 0. 0. 0. 0. 0. 0. 0. 0. 0. 0. 0. 0.
 0. 0. 0. 0. 0. 0. 0. 0. 0. 0. 0. 0. 0. 0. 0. 0. 0. 0. 0. 0. 0. 0. 0. 0.
 0. 0. 0. 0. 0. 0. 0. 0. 0. 0. 0. 0. 0. 0. 0. 0. 0. 0. 0. 0. 0. 0. 0. 0.
 0. 0. 0. 0. 0. 0. 0. 0. 0. 0. 0. 0. 0. 0. 0. 0. 0. 0. 0. 0. 0. 0. 0. 0.
 0. 0. 0. 0. 0. 0. 0. 0.]
y_pred:  [0. 0. 0. 0. 0. 0. 0. 0. 0. 0. 0. 0. 0. 0. 0. 0. 0. 0. 0. 0. 0. 1. 1. 1.
 1. 1. 1. 1. 1. 1. 1. 1. 1. 1. 1. 1. 1. 1. 1. 1. 1. 1. 1. 1. 1. 1. 1. 1.
 1. 1. 1. 1. 1. 1. 1. 1. 0. 0. 0. 0. 0. 0. 0. 1. 1. 1. 1. 1. 1. 1. 0. 0.
 0. 0. 0. 0. 0. 0. 0. 0. 0. 0. 0. 0. 0. 0. 0. 0. 0. 0. 0. 0. 0. 0. 0. 0.
 0. 0. 0. 0. 0. 0. 0. 0. 0. 0. 0. 0. 0. 0. 0. 0. 0. 0. 0. 0. 0. 0. 0. 0.
 0. 0. 0. 0. 0. 0. 0. 0. 0. 0. 0. 0. 0. 0. 0. 0. 0. 0. 0. 0. 0. 0. 0. 0.
 0. 0. 0. 0. 0. 0. 0. 0. 0. 0. 0. 0. 0. 0. 0. 0. 0. 0. 0. 0. 0. 0. 0. 0.
 0. 0. 0. 0. 0. 0. 0. 0. 0. 0. 0. 0. 0. 0. 0. 0. 0. 0. 0. 0. 0. 0. 0. 0.
 0. 0. 0. 0. 0. 0. 0. 0.]
Normalized importance:  [3.10546875e-01 1.99218750e-01 2.55859375e-01 1.61914062e-02
 0.00000000e+00 1.27929688e-01 2.07031250e-01 2.81250000e-01
 1.72460937e-01 2.59765625e-01 7.18750000e-02 1.90039062e-01
 0.00000000e+00 1.68359375e-01 7.08984375e-01 2.85156250e-01
 7.50000000e-02 1.21289063e-01 0.00000000e+00 4.10156250e-01
 2.91015625e-02 1.00000000e+00 8.08593750e-01 5.58593750e-01
 1.61132812e-01 5.07812500e-01 5.31250000e-01 3.69140625e-01
 7.46093750e-01 5.72265625e-01 7.55859375e-02 5.74218750e-01
 4.19921875e-01 4.35546875e-01 4.49218750e-01 6.21093750e-01
 2.89062500e-01 4.66796875e-01 2.20703125e-01 4.29687500e-01
 1.15820312e-01 3.49609375e-01 8.96484375e-01 2.01171875e-01
 5.03906250e-01 5.05859375e-01 5.50781250e-01 4.02343750e-01
 5.03906250e-01 6.58203125e-01 1.28515625e-01 1.99218750e-01
 5.46875000e-01 2.57812500e-01 4.92187500e-01 1.30273438e-01
 1.90234375e-01 4.00390625e-02 3.71093750e-02 7.07031250e-02
 1.59375000e-01 1.18164062e-01 6.60156250e-02 9.35546875e-01
 8.84765625e-01 1.47460938e-01 6.15234375e-01 1.18750000e-01
 4.41406250e-01 6.93359375e-01 2.44140625e-01 0.00000000e+00
 1.08398438e-01 1.78515625e-01 1.76953125e-01 5.15625000e-02
 0.00000000e+00 9.78515625e-02 0.00000000e+00 1.75781250e-01
 3.51562500e-01 0.00000000e+00 2.40234375e-01 2.10937500e-01
 3.22265625e-01 0.00000000e+00 1.39257812e-01 1.99218750e-01
 3.90625000e-01 2.16796875e-01 0.00000000e+00 0.00000000e+00
 0.00000000e+00 1.41601562e-01 0.00000000e+00 1.09179688e-01
 0.00000000e+00 1.51171875e-01 0.00000000e+00 2.26562500e-01
 1.92578125e-01 0.00000000e+00 0.00000000e+00 1.63085938e-01
 5.33203125e-02 0.00000000e+00 0.00000000e+00 3.76953125e-02
 0.00000000e+00 0.00000000e+00 1.25195313e-03 0.00000000e+00
 4.45312500e-01 0.00000000e+00 0.00000000e+00 3.47656250e-02
 0.00000000e+00 1.83984375e-01 4.62890625e-01 1.22265625e-02
 0.00000000e+00 0.00000000e+00 0.00000000e+00 0.00000000e+00
 0.00000000e+00 5.07812500e-01 0.00000000e+00 0.00000000e+00
 0.00000000e+00 5.09765625e-02 2.12890625e-01 3.33984375e-01
 1.60742187e-01 1.39843750e-01 2.98828125e-01 0.00000000e+00
 9.82421875e-02 0.00000000e+00 0.00000000e+00 3.61328125e-01
 0.00000000e+00 1.63085938e-01 6.09375000e-02 4.02343750e-02
 2.44140625e-02 0.00000000e+00 2.50000000e-01 0.00000000e+00
 5.66406250e-02 0.00000000e+00 5.66406250e-02 6.58203125e-02
 0.00000000e+00 2.34375000e-01 3.16406250e-04 0.00000000e+00
 0.00000000e+00 0.00000000e+00 0.00000000e+00 2.85156250e-01
 0.00000000e+00 0.00000000e+00 0.00000000e+00 0.00000000e+00
 0.00000000e+00 3.22265625e-01 1.90039062e-01 2.42187500e-01
 0.00000000e+00 1.06445312e-01 0.00000000e+00 2.14843750e-01
 0.00000000e+00 1.97265625e-01 0.00000000e+00 0.00000000e+00
 1.78320312e-01 1.46875000e-01 0.00000000e+00 3.41796875e-01
 1.45898438e-01 8.63281250e-02 0.00000000e+00 2.81250000e-02
 0.00000000e+00 1.00585938e-01 1.58984375e-01 0.00000000e+00
 6.09375000e-02 0.00000000e+00 1.79882813e-01 1.15234375e-01
 1.07031250e-01 0.00000000e+00 4.51171875e-01 4.92187500e-02
 1.85156250e-01 2.34375000e-01 0.00000000e+00 0.00000000e+00]
pyseer
y_true:  [0. 0. 0. 0. 0. 0. 0. 0. 0. 0. 0. 0. 0. 0. 0. 0. 0. 0. 0. 0. 0. 1. 1. 1.
 1. 1. 1. 1. 1. 1. 1. 1. 1. 1. 1. 1. 1. 1. 1. 1. 1. 1. 1. 1. 1. 1. 1. 1.
 1. 0. 0. 0. 0. 0. 0. 0. 0. 0. 0. 0. 0. 0. 0. 1. 1. 1. 1. 1. 1. 1. 0. 0.
 0. 0. 0. 0. 0. 0. 0. 0. 0. 0. 0. 0. 0. 0. 0. 0. 0. 0. 0. 0. 0. 0. 0. 0.
 0. 0. 0. 0. 0. 0. 0. 0. 0. 0. 0. 0. 0. 0. 0. 0. 0. 0. 0. 0. 0. 0. 0. 0.
 0. 0. 0. 0. 0. 0. 0. 0. 0. 0. 0. 0. 0. 0. 0. 0. 0. 0. 0. 0. 0. 0. 0. 0.
 0. 0. 0. 0. 0. 0. 0. 0. 0. 0. 0. 0. 0. 0. 0. 0. 0. 0. 0. 0. 0. 0. 0. 0.
 0. 0. 0. 0. 0. 0. 0. 0. 0. 0. 0. 0. 0. 0. 0. 0. 0. 0. 0. 0. 0. 0. 0. 0.
 0. 0. 0. 0. 0. 0. 0. 0.]
y_pred:  [1. 1. 1. 0. 0. 0. 1. 1. 0. 1. 0. 0. 0. 0. 1. 1. 0. 0. 0. 1. 0. 1. 1. 1.
 0. 1. 1. 1. 1. 1. 0. 1. 1. 1. 1. 1. 1. 1. 1. 1. 0. 1. 1. 1. 1. 1. 1. 1.
 1. 1. 0. 1. 1. 1. 1. 0. 0. 0. 0. 0. 0. 0. 0. 1. 1. 0. 1. 0. 1. 1. 1. 0.
 0. 0. 0. 0. 0. 0. 0. 0. 1. 0. 1. 1. 1. 0. 0. 1. 1. 1. 0. 0. 0. 0. 0. 0.
 0. 0. 0. 1. 0. 0. 0. 0. 0. 0. 0. 0. 0. 0. 0. 0. 1. 0. 0. 0. 0. 0. 1. 0.
 0. 0. 0. 0. 0. 1. 0. 0. 0. 0. 1. 1. 0. 0. 1. 0. 0. 0. 0. 1. 0. 0. 0. 0.
 0. 0. 1. 0. 0. 0. 0. 0. 0. 1. 0. 0. 0. 0. 0. 1. 0. 0. 0. 0. 0. 1. 0. 1.
 0. 0. 0. 1. 0. 0. 0. 0. 0. 0. 0. 1. 0. 0. 0. 0. 0. 0. 0. 0. 0. 0. 0. 0.
 0. 0. 1. 0. 0. 1. 0. 0.]
Time taken: 23.14943218231201 seconds
Running combination 6 of 50
Fitting RandomForest...
Fitting Adaboost...
Fitting AdaBoost_2...
Fitting et...
Fitting gbc...
Fitting gbc_2...
Fitting gbc_3...
Fitting dt...
Fitting lr...
Fitting Lasso_1...
Fitting Lasso_2...
Fitting Lasso_3...
Fitting Lasso_4...
Fitting elasticnet...
VCF file created successfully.
pyseer stderr:  Read 1000 phenotypes
Detected continuous phenotype
Reading all variants

0variants [00:00, ?variants/s]
56variants [00:00, 555.21variants/s]
112variants [00:00, 483.02variants/s]
168variants [00:00, 513.24variants/s]
198variants [00:00, 518.28variants/s]
Applying correlation filtering

  0%|          | 0/198 [00:00<?, ?variants/s]
100%|██████████| 198/198 [00:00<00:00, 2759.98variants/s]
Fitting elastic net to top 148 variants
Best penalty (lambda) from cross-validation: 2.09E+01
Best R^2 from cross-validation: 0.560
Finding and printing selected variants
198 loaded variants
50 pre-filtered variants
148 tested variants
137 printed variants

True importance standardized:  [0.39610484 0.39610484 0.39610484 0.39610484 0.39610484 0.39610484
 0.39610484 0.86615194 0.86615194 0.86615194 0.86615194 0.86615194
 0.86615194 0.86615194 0.15121996 0.15121996 0.15121996 0.15121996
 0.15121996 0.15121996 0.15121996 0.62780502 0.62780502 0.62780502
 0.62780502 0.62780502 0.62780502 0.62780502 0.78248726 0.78248726
 0.78248726 0.78248726 0.78248726 0.78248726 0.78248726 0.32926694
 0.32926694 0.32926694 0.32926694 0.32926694 0.32926694 0.32926694
 0.93195418 0.93195418 0.93195418 0.93195418 0.93195418 0.93195418
 0.93195418 1.         1.         1.         1.         1.
 1.         1.         0.23586464 0.23586464 0.23586464 0.23586464
 0.23586464 0.23586464 0.23586464 0.90500113 0.90500113 0.90500113
 0.90500113 0.90500113 0.90500113 0.90500113 0.         0.
 0.         0.         0.         0.         0.         0.
 0.         0.         0.         0.         0.         0.
 0.         0.         0.         0.         0.         0.
 0.         0.         0.         0.         0.         0.
 0.         0.         0.         0.         0.         0.
 0.         0.         0.         0.         0.         0.
 0.         0.         0.         0.         0.         0.
 0.         0.         0.         0.         0.         0.
 0.         0.         0.         0.         0.         0.
 0.         0.         0.         0.         0.         0.
 0.         0.         0.         0.         0.         0.
 0.         0.         0.         0.         0.         0.
 0.         0.         0.         0.         0.         0.
 0.         0.         0.         0.         0.         0.
 0.         0.         0.         0.         0.         0.
 0.         0.         0.         0.         0.         0.
 0.         0.         0.         0.         0.         0.
 0.         0.         0.         0.         0.         0.
 0.         0.         0.         0.         0.         0.
 0.         0.         0.         0.         0.         0.
 0.         0.         0.         0.         0.         0.
 0.         0.        ]
Normalized importance:  [0.11310285 0.11310285 0.11310285 0.11310285 0.11310285 0.11310285
 0.11310285 0.90031332 0.90031332 0.90031332 0.90031332 0.90031332
 0.90031332 0.90031332 0.07997604 0.07997604 0.07997604 0.
 0.07997604 0.         0.         0.46682916 0.46682916 0.46682916
 0.46682916 0.46682916 0.46682916 0.46682916 0.66897568 0.66897568
 0.66897568 0.66897568 0.66897568 0.66897568 0.66897568 0.20811564
 0.20811564 0.20811564 0.20811564 0.20811564 0.20811564 0.20811564
 0.82367842 0.82367842 0.82367842 0.82367842 0.82367842 0.82367842
 0.82367842 1.         1.         1.         1.         1.
 1.         1.         0.0691137  0.0691137  0.         0.0691137
 0.0691137  0.0691137  0.0691137  0.71181102 0.71181102 0.71181102
 0.71181102 0.71181102 0.71181102 0.71181102 0.         0.01459251
 0.         0.         0.         0.         0.         0.
 0.         0.         0.         0.         0.         0.
 0.         0.         0.         0.         0.04564995 0.
 0.01344005 0.         0.         0.         0.00813255 0.
 0.0129587  0.         0.         0.         0.03372989 0.
 0.         0.         0.         0.         0.         0.
 0.         0.         0.01057883 0.01054599 0.01716606 0.02403758
 0.         0.         0.         0.         0.         0.
 0.         0.         0.         0.         0.         0.
 0.         0.         0.         0.         0.01320226 0.01274392
 0.         0.         0.         0.         0.         0.
 0.         0.         0.         0.         0.         0.
 0.         0.         0.         0.         0.         0.
 0.         0.         0.         0.         0.         0.
 0.03016586 0.         0.         0.         0.         0.
 0.         0.00627464 0.         0.         0.         0.
 0.         0.         0.         0.         0.         0.01593434
 0.01751811 0.         0.         0.         0.         0.00228606
 0.         0.02100146 0.         0.         0.01280124 0.
 0.         0.         0.         0.         0.         0.
 0.         0.         0.         0.         0.         0.
 0.         0.        ]
deepbreaks
y_true:  [0. 0. 0. 0. 0. 0. 0. 1. 1. 1. 1. 1. 1. 1. 0. 0. 0. 0. 0. 0. 0. 0. 0. 0.
 0. 0. 0. 0. 1. 1. 1. 1. 1. 1. 1. 0. 0. 0. 0. 0. 0. 0. 1. 1. 1. 1. 1. 1.
 1. 1. 1. 1. 1. 1. 1. 1. 0. 0. 0. 0. 0. 0. 0. 1. 1. 1. 1. 1. 1. 1. 0. 0.
 0. 0. 0. 0. 0. 0. 0. 0. 0. 0. 0. 0. 0. 0. 0. 0. 0. 0. 0. 0. 0. 0. 0. 0.
 0. 0. 0. 0. 0. 0. 0. 0. 0. 0. 0. 0. 0. 0. 0. 0. 0. 0. 0. 0. 0. 0. 0. 0.
 0. 0. 0. 0. 0. 0. 0. 0. 0. 0. 0. 0. 0. 0. 0. 0. 0. 0. 0. 0. 0. 0. 0. 0.
 0. 0. 0. 0. 0. 0. 0. 0. 0. 0. 0. 0. 0. 0. 0. 0. 0. 0. 0. 0. 0. 0. 0. 0.
 0. 0. 0. 0. 0. 0. 0. 0. 0. 0. 0. 0. 0. 0. 0. 0. 0. 0. 0. 0. 0. 0. 0. 0.
 0. 0. 0. 0. 0. 0. 0. 0.]
y_pred:  [0. 0. 0. 0. 0. 0. 0. 1. 1. 1. 1. 1. 1. 1. 0. 0. 0. 0. 0. 0. 0. 1. 1. 1.
 1. 1. 1. 1. 1. 1. 1. 1. 1. 1. 1. 1. 1. 1. 1. 1. 1. 1. 1. 1. 1. 1. 1. 1.
 1. 1. 1. 1. 1. 1. 1. 1. 0. 0. 0. 0. 0. 0. 0. 1. 1. 1. 1. 1. 1. 1. 0. 0.
 0. 0. 0. 0. 0. 0. 0. 0. 0. 0. 0. 0. 0. 0. 0. 0. 0. 0. 0. 0. 0. 0. 0. 0.
 0. 0. 0. 0. 0. 0. 0. 0. 0. 0. 0. 0. 0. 0. 0. 0. 0. 0. 0. 0. 0. 0. 0. 0.
 0. 0. 0. 0. 0. 0. 0. 0. 0. 0. 0. 0. 0. 0. 0. 0. 0. 0. 0. 0. 0. 0. 0. 0.
 0. 0. 0. 0. 0. 0. 0. 0. 0. 0. 0. 0. 0. 0. 0. 0. 0. 0. 0. 0. 0. 0. 0. 0.
 0. 0. 0. 0. 0. 0. 0. 0. 0. 0. 0. 0. 0. 0. 0. 0. 0. 0. 0. 0. 0. 0. 0. 0.
 0. 0. 0. 0. 0. 0. 0. 0.]
Normalized importance:  [0.32416953 0.22680412 0.3024055  0.         0.19473081 0.
 0.09198167 0.71248568 0.56701031 0.2416953  0.48568156 0.59793814
 0.20962199 0.56701031 0.33906071 0.28751432 0.         0.15578465
 0.20160367 0.16953036 0.         0.60824742 0.09610538 0.14318442
 0.30469645 0.48453608 0.45017182 0.26231386 0.65750286 0.44329897
 0.39289805 0.32531501 0.43642612 0.32646048 0.30355097 0.53150057
 0.28407789 0.28407789 0.18327606 0.11305842 0.22680412 0.06540664
 0.86368843 0.54180985 0.32875143 0.4513173  0.52233677 0.53379152
 0.1534937  1.         0.38946163 0.51088202 0.33104238 0.22565865
 0.49713631 0.49828179 0.23482245 0.04925544 0.11912944 0.05578465
 0.14547537 0.08522337 0.3814433  0.97709049 0.69186712 0.12829324
 0.13402062 0.25658648 0.45017182 0.10595647 0.12943872 0.06139748
 0.         0.         0.         0.         0.10320733 0.
 0.         0.         0.24513173 0.         0.         0.
 0.1443299  0.17296678 0.02565865 0.         0.33447881 0.12485682
 0.23138603 0.2371134  0.04375716 0.         0.23940435 0.
 0.22107675 0.18327606 0.         0.         0.18442153 0.17067583
 0.         0.13860252 0.         0.         0.00549828 0.
 0.         0.08064147 0.25544101 0.2325315  0.3115693  0.15463918
 0.         0.25773196 0.19816724 0.         0.02038946 0.12943872
 0.34478809 0.05624284 0.06185567 0.19129439 0.         0.
 0.         0.         0.         0.10985109 0.20962199 0.41237113
 0.32416953 0.18442153 0.         0.27720504 0.         0.
 0.04994273 0.         0.08854525 0.19358534 0.13860252 0.04959908
 0.01764032 0.14318442 0.         0.         0.         0.18785796
 0.         0.         0.34478809 0.18556701 0.13516609 0.
 0.33562428 0.         0.         0.         0.         0.01466208
 0.05853379 0.19816724 0.32760596 0.13516609 0.30469645 0.13631157
 0.07262314 0.         0.         0.07262314 0.04478809 0.16494845
 0.34249714 0.05693013 0.14776632 0.         0.         0.20045819
 0.14089347 0.15693013 0.09140893 0.         0.28178694 0.19816724
 0.         0.         0.         0.         0.         0.
 0.         0.         0.         0.         0.         0.07502864
 0.         0.        ]
pyseer
y_true:  [0. 0. 0. 0. 0. 0. 0. 1. 1. 1. 1. 1. 1. 1. 0. 0. 0. 0. 0. 0. 0. 0. 0. 0.
 0. 0. 0. 0. 1. 1. 1. 1. 1. 1. 1. 0. 0. 0. 0. 0. 0. 0. 1. 1. 1. 1. 1. 1.
 1. 1. 1. 1. 1. 1. 1. 1. 0. 0. 0. 0. 0. 0. 0. 1. 1. 1. 1. 1. 1. 1. 0. 0.
 0. 0. 0. 0. 0. 0. 0. 0. 0. 0. 0. 0. 0. 0. 0. 0. 0. 0. 0. 0. 0. 0. 0. 0.
 0. 0. 0. 0. 0. 0. 0. 0. 0. 0. 0. 0. 0. 0. 0. 0. 0. 0. 0. 0. 0. 0. 0. 0.
 0. 0. 0. 0. 0. 0. 0. 0. 0. 0. 0. 0. 0. 0. 0. 0. 0. 0. 0. 0. 0. 0. 0. 0.
 0. 0. 0. 0. 0. 0. 0. 0. 0. 0. 0. 0. 0. 0. 0. 0. 0. 0. 0. 0. 0. 0. 0. 0.
 0. 0. 0. 0. 0. 0. 0. 0. 0. 0. 0. 0. 0. 0. 0. 0. 0. 0. 0. 0. 0. 0. 0. 0.
 0. 0. 0. 0. 0. 0. 0. 0.]
y_pred:  [1. 1. 1. 0. 0. 0. 0. 1. 1. 1. 1. 1. 1. 1. 1. 1. 0. 0. 1. 0. 0. 1. 0. 0.
 1. 1. 1. 1. 1. 1. 1. 1. 1. 1. 1. 1. 1. 1. 0. 0. 1. 0. 1. 1. 1. 1. 1. 1.
 0. 1. 1. 1. 1. 1. 1. 1. 1. 0. 0. 0. 0. 0. 1. 1. 1. 0. 0. 1. 1. 0. 0. 0.
 0. 0. 0. 0. 0. 0. 0. 0. 1. 0. 0. 0. 0. 0. 0. 0. 1. 0. 1. 1. 0. 0. 1. 0.
 1. 0. 0. 0. 0. 0. 0. 0. 0. 0. 0. 0. 0. 0. 1. 1. 1. 0. 0. 1. 0. 0. 0. 0.
 1. 0. 0. 0. 0. 0. 0. 0. 0. 0. 1. 1. 1. 0. 0. 1. 0. 0. 0. 0. 0. 0. 0. 0.
 0. 0. 0. 0. 0. 0. 0. 0. 1. 0. 0. 0. 1. 0. 0. 0. 0. 0. 0. 0. 1. 0. 1. 0.
 0. 0. 0. 0. 0. 0. 1. 0. 0. 0. 0. 0. 0. 0. 0. 0. 1. 0. 0. 0. 0. 0. 0. 0.
 0. 0. 0. 0. 0. 0. 0. 0.]
Time taken: 24.147738218307495 seconds
Running combination 7 of 50
Fitting RandomForest...
Fitting Adaboost...
Fitting AdaBoost_2...
Fitting et...
Fitting gbc...
Fitting gbc_2...
Fitting gbc_3...
Fitting dt...
Fitting lr...
Fitting Lasso_1...
Fitting Lasso_2...
Fitting Lasso_3...
Fitting Lasso_4...
Fitting elasticnet...
VCF file created successfully.
pyseer stderr:  Read 1000 phenotypes
Detected continuous phenotype
Reading all variants

0variants [00:00, ?variants/s]
52variants [00:00, 516.64variants/s]
104variants [00:00, 446.52variants/s]
156variants [00:00, 473.70variants/s]
198variants [00:00, 479.27variants/s]
Applying correlation filtering

  0%|          | 0/198 [00:00<?, ?variants/s]
100%|██████████| 198/198 [00:00<00:00, 2456.23variants/s]
Fitting elastic net to top 148 variants
Best penalty (lambda) from cross-validation: 3.50E+01
Best R^2 from cross-validation: 0.501
Finding and printing selected variants
198 loaded variants
50 pre-filtered variants
148 tested variants
139 printed variants

True importance standardized:  [0.87911328 0.87911328 0.87911328 0.87911328 0.87911328 0.87911328
 0.87911328 0.77424998 0.77424998 0.77424998 0.77424998 0.77424998
 0.77424998 0.77424998 0.84678023 0.84678023 0.84678023 0.84678023
 0.84678023 0.84678023 0.84678023 0.34716839 0.34716839 0.34716839
 0.34716839 0.34716839 0.34716839 0.34716839 0.51187986 0.51187986
 0.51187986 0.51187986 0.51187986 0.51187986 0.51187986 0.56948266
 0.56948266 0.56948266 0.56948266 0.56948266 0.56948266 0.56948266
 0.5371198  0.5371198  0.5371198  0.5371198  0.5371198  0.5371198
 0.5371198  0.9695412  0.9695412  0.9695412  0.9695412  0.9695412
 0.9695412  0.9695412  0.58442066 0.58442066 0.58442066 0.58442066
 0.58442066 0.58442066 0.58442066 1.         1.         1.
 1.         1.         1.         1.         0.         0.
 0.         0.         0.         0.         0.         0.
 0.         0.         0.         0.         0.         0.
 0.         0.         0.         0.         0.         0.
 0.         0.         0.         0.         0.         0.
 0.         0.         0.         0.         0.         0.
 0.         0.         0.         0.         0.         0.
 0.         0.         0.         0.         0.         0.
 0.         0.         0.         0.         0.         0.
 0.         0.         0.         0.         0.         0.
 0.         0.         0.         0.         0.         0.
 0.         0.         0.         0.         0.         0.
 0.         0.         0.         0.         0.         0.
 0.         0.         0.         0.         0.         0.
 0.         0.         0.         0.         0.         0.
 0.         0.         0.         0.         0.         0.
 0.         0.         0.         0.         0.         0.
 0.         0.         0.         0.         0.         0.
 0.         0.         0.         0.         0.         0.
 0.         0.         0.         0.         0.         0.
 0.         0.         0.         0.         0.         0.
 0.         0.         0.         0.         0.         0.
 0.         0.        ]
Normalized importance:  [0.67985442 0.67985442 0.67985442 0.67985442 0.67985442 0.67985442
 0.67985442 0.54269868 0.54269868 0.54269868 0.54269868 0.54269868
 0.54269868 0.54269868 0.67020449 0.67020449 0.67020449 0.67020449
 0.67020449 0.67020449 0.67020449 0.09283793 0.09283793 0.09283793
 0.09283793 0.09283793 0.09283793 0.09283793 0.31194959 0.31194959
 0.31194959 0.31194959 0.31194959 0.31194959 0.31194959 0.146177
 0.146177   0.146177   0.146177   0.146177   0.146177   0.146177
 0.08657791 0.08657791 0.08657791 0.08657791 0.08657791 0.08657791
 0.         1.         1.         1.         1.         1.
 1.         1.         0.14610814 0.14610814 0.14610814 0.14610814
 0.14610814 0.14610814 0.14610814 0.89008809 0.89008809 0.89008809
 0.89008809 0.89008809 0.89008809 0.89008809 0.         0.
 0.         0.         0.         0.         0.         0.
 0.         0.         0.         0.         0.         0.
 0.         0.01171727 0.         0.         0.         0.
 0.         0.         0.         0.         0.         0.
 0.         0.         0.07018123 0.         0.         0.
 0.         0.         0.         0.         0.         0.
 0.         0.         0.         0.         0.         0.
 0.         0.         0.         0.         0.         0.
 0.02627388 0.         0.         0.         0.         0.00836165
 0.         0.         0.         0.         0.         0.
 0.         0.         0.         0.         0.         0.
 0.         0.         0.         0.         0.         0.
 0.02976861 0.         0.         0.         0.         0.
 0.         0.         0.         0.         0.         0.
 0.         0.         0.         0.         0.         0.
 0.         0.         0.         0.         0.         0.
 0.         0.         0.03037112 0.         0.         0.
 0.         0.         0.         0.         0.         0.
 0.         0.         0.         0.         0.         0.
 0.         0.         0.         0.         0.         0.
 0.         0.02602519 0.         0.         0.         0.02018654
 0.         0.        ]
deepbreaks
y_true:  [1. 1. 1. 1. 1. 1. 1. 1. 1. 1. 1. 1. 1. 1. 1. 1. 1. 1. 1. 1. 1. 0. 0. 0.
 0. 0. 0. 0. 0. 0. 0. 0. 0. 0. 0. 0. 0. 0. 0. 0. 0. 0. 0. 0. 0. 0. 0. 0.
 0. 1. 1. 1. 1. 1. 1. 1. 0. 0. 0. 0. 0. 0. 0. 1. 1. 1. 1. 1. 1. 1. 0. 0.
 0. 0. 0. 0. 0. 0. 0. 0. 0. 0. 0. 0. 0. 0. 0. 0. 0. 0. 0. 0. 0. 0. 0. 0.
 0. 0. 0. 0. 0. 0. 0. 0. 0. 0. 0. 0. 0. 0. 0. 0. 0. 0. 0. 0. 0. 0. 0. 0.
 0. 0. 0. 0. 0. 0. 0. 0. 0. 0. 0. 0. 0. 0. 0. 0. 0. 0. 0. 0. 0. 0. 0. 0.
 0. 0. 0. 0. 0. 0. 0. 0. 0. 0. 0. 0. 0. 0. 0. 0. 0. 0. 0. 0. 0. 0. 0. 0.
 0. 0. 0. 0. 0. 0. 0. 0. 0. 0. 0. 0. 0. 0. 0. 0. 0. 0. 0. 0. 0. 0. 0. 0.
 0. 0. 0. 0. 0. 0. 0. 0.]
y_pred:  [1. 1. 1. 1. 1. 1. 1. 1. 1. 1. 1. 1. 1. 1. 1. 1. 1. 1. 1. 1. 1. 0. 0. 0.
 0. 0. 0. 0. 1. 1. 1. 1. 1. 1. 1. 0. 0. 0. 0. 0. 0. 0. 0. 0. 0. 0. 0. 0.
 0. 1. 1. 1. 1. 1. 1. 1. 0. 0. 0. 0. 0. 0. 0. 1. 1. 1. 1. 1. 1. 1. 0. 0.
 0. 0. 0. 0. 0. 0. 0. 0. 0. 0. 0. 0. 0. 0. 0. 0. 0. 0. 0. 0. 0. 0. 0. 0.
 0. 0. 0. 0. 0. 0. 0. 0. 0. 0. 0. 0. 0. 0. 0. 0. 0. 0. 0. 0. 0. 0. 0. 0.
 0. 0. 0. 0. 0. 0. 0. 0. 0. 0. 0. 0. 0. 0. 0. 0. 0. 0. 0. 0. 0. 0. 0. 0.
 0. 0. 0. 0. 0. 0. 0. 0. 0. 0. 0. 0. 0. 0. 0. 0. 0. 0. 0. 0. 0. 0. 0. 0.
 0. 0. 0. 0. 0. 0. 0. 0. 0. 0. 0. 0. 0. 0. 0. 0. 0. 0. 0. 0. 0. 0. 0. 0.
 0. 0. 0. 0. 0. 0. 0. 0.]
Normalized importance:  [8.61111111e-01 3.02222222e-01 5.03333333e-01 2.70000000e-01
 6.36666667e-01 6.38888889e-01 3.91111111e-01 4.51111111e-01
 2.37777778e-01 6.60000000e-01 5.03333333e-01 2.82222222e-01
 3.18888889e-01 4.74444444e-01 7.22222222e-01 4.47777778e-01
 5.46666667e-01 3.76666667e-01 5.37777778e-01 4.42222222e-01
 1.63333333e-01 2.63333333e-01 0.00000000e+00 4.41111111e-01
 2.46666667e-01 2.17777778e-01 0.00000000e+00 1.02444444e-01
 6.41111111e-01 6.82222222e-01 4.78888889e-01 1.66666667e-01
 1.50000000e-01 1.63333333e-01 2.88888889e-01 4.54444444e-01
 2.75555556e-01 2.84444444e-01 2.60000000e-01 0.00000000e+00
 5.76666667e-01 2.18888889e-01 3.13333333e-01 0.00000000e+00
 2.51111111e-01 3.87777778e-01 5.91111111e-01 2.45555556e-01
 2.01111111e-01 1.00000000e+00 5.20000000e-01 5.88888889e-01
 3.96666667e-01 3.67777778e-01 5.94444444e-01 3.01111111e-01
 5.28888889e-01 2.10000000e-01 1.12222222e-01 4.01111111e-02
 5.63333333e-01 3.90000000e-01 0.00000000e+00 9.96666667e-01
 4.50000000e-01 3.10000000e-01 4.24444444e-01 6.76666667e-01
 5.41111111e-01 4.35555556e-01 9.44444444e-02 3.84444444e-01
 0.00000000e+00 6.80000000e-02 1.09777778e-01 0.00000000e+00
 0.00000000e+00 3.54444444e-02 6.91111111e-02 0.00000000e+00
 4.05555556e-02 9.44444444e-02 0.00000000e+00 5.00000000e-03
 3.86666667e-01 3.28888889e-01 0.00000000e+00 0.00000000e+00
 8.16666667e-02 5.68888889e-02 1.21111111e-01 0.00000000e+00
 7.48888889e-02 2.43333333e-01 1.44444444e-01 1.26666667e-01
 0.00000000e+00 0.00000000e+00 3.27777778e-01 0.00000000e+00
 0.00000000e+00 0.00000000e+00 0.00000000e+00 2.53333333e-02
 1.67777778e-01 4.58888889e-01 1.92222222e-01 0.00000000e+00
 4.58888889e-01 0.00000000e+00 3.43333333e-02 1.36666667e-01
 3.00000000e-01 1.11111111e-01 0.00000000e+00 9.16666667e-02
 1.76666667e-01 0.00000000e+00 0.00000000e+00 6.33333333e-02
 3.48888889e-01 1.35555556e-01 7.75555556e-02 5.16666667e-02
 2.21111111e-01 4.07777778e-01 0.00000000e+00 0.00000000e+00
 3.36666667e-01 0.00000000e+00 2.16666667e-01 0.00000000e+00
 2.68888889e-01 2.93333333e-01 0.00000000e+00 0.00000000e+00
 3.42222222e-01 9.02222222e-02 0.00000000e+00 3.13333333e-02
 2.32222222e-01 0.00000000e+00 0.00000000e+00 0.00000000e+00
 2.35555556e-01 0.00000000e+00 1.21111111e-01 0.00000000e+00
 1.94444444e-02 2.82222222e-01 2.41111111e-02 0.00000000e+00
 0.00000000e+00 0.00000000e+00 1.95555556e-01 0.00000000e+00
 0.00000000e+00 0.00000000e+00 9.58888889e-02 2.20000000e-01
 0.00000000e+00 0.00000000e+00 0.00000000e+00 0.00000000e+00
 0.00000000e+00 0.00000000e+00 0.00000000e+00 2.30000000e-01
 0.00000000e+00 3.51111111e-02 3.54444444e-01 0.00000000e+00
 0.00000000e+00 0.00000000e+00 5.73333333e-04 4.06666667e-02
 3.77777778e-01 0.00000000e+00 9.76666667e-02 5.36666667e-02
 1.34444444e-01 0.00000000e+00 6.66666667e-02 3.47777778e-02
 2.08888889e-01 0.00000000e+00 2.12222222e-01 0.00000000e+00
 2.13333333e-01 0.00000000e+00 1.94444444e-01 2.50000000e-01
 2.54444444e-01 1.95555556e-01 9.00000000e-02 0.00000000e+00
 5.04444444e-02 3.61111111e-01 0.00000000e+00 0.00000000e+00]
pyseer
y_true:  [1. 1. 1. 1. 1. 1. 1. 1. 1. 1. 1. 1. 1. 1. 1. 1. 1. 1. 1. 1. 1. 0. 0. 0.
 0. 0. 0. 0. 0. 0. 0. 0. 0. 0. 0. 0. 0. 0. 0. 0. 0. 0. 0. 0. 0. 0. 0. 0.
 0. 1. 1. 1. 1. 1. 1. 1. 0. 0. 0. 0. 0. 0. 0. 1. 1. 1. 1. 1. 1. 1. 0. 0.
 0. 0. 0. 0. 0. 0. 0. 0. 0. 0. 0. 0. 0. 0. 0. 0. 0. 0. 0. 0. 0. 0. 0. 0.
 0. 0. 0. 0. 0. 0. 0. 0. 0. 0. 0. 0. 0. 0. 0. 0. 0. 0. 0. 0. 0. 0. 0. 0.
 0. 0. 0. 0. 0. 0. 0. 0. 0. 0. 0. 0. 0. 0. 0. 0. 0. 0. 0. 0. 0. 0. 0. 0.
 0. 0. 0. 0. 0. 0. 0. 0. 0. 0. 0. 0. 0. 0. 0. 0. 0. 0. 0. 0. 0. 0. 0. 0.
 0. 0. 0. 0. 0. 0. 0. 0. 0. 0. 0. 0. 0. 0. 0. 0. 0. 0. 0. 0. 0. 0. 0. 0.
 0. 0. 0. 0. 0. 0. 0. 0.]
y_pred:  [1. 1. 1. 1. 1. 1. 1. 1. 0. 1. 1. 1. 1. 1. 1. 1. 1. 1. 1. 1. 0. 1. 0. 1.
 0. 0. 0. 0. 1. 1. 1. 0. 0. 0. 1. 1. 1. 1. 1. 0. 1. 0. 1. 0. 1. 1. 1. 0.
 0. 1. 1. 1. 1. 1. 1. 1. 1. 0. 0. 0. 1. 1. 0. 1. 1. 1. 1. 1. 1. 1. 0. 1.
 0. 0. 0. 0. 0. 0. 0. 0. 0. 0. 0. 0. 1. 1. 0. 0. 0. 0. 0. 0. 0. 0. 0. 0.
 0. 0. 1. 0. 0. 0. 0. 0. 0. 1. 0. 0. 1. 0. 0. 0. 1. 0. 0. 0. 0. 0. 0. 0.
 1. 0. 0. 0. 0. 1. 0. 0. 1. 0. 0. 0. 1. 1. 0. 0. 1. 0. 0. 0. 0. 0. 0. 0.
 0. 0. 0. 0. 0. 1. 0. 0. 0. 0. 0. 0. 0. 0. 0. 0. 0. 0. 0. 0. 0. 0. 0. 0.
 0. 0. 1. 0. 0. 0. 0. 0. 1. 0. 0. 0. 0. 0. 0. 0. 0. 0. 0. 0. 0. 0. 0. 1.
 1. 0. 0. 0. 0. 1. 0. 0.]
Time taken: 27.53466510772705 seconds
Running combination 8 of 50
Fitting RandomForest...
Fitting Adaboost...
Fitting AdaBoost_2...
Fitting et...
Fitting gbc...
Fitting gbc_2...
Fitting gbc_3...
Fitting dt...
Fitting lr...
Fitting Lasso_1...
Fitting Lasso_2...
Fitting Lasso_3...
Fitting Lasso_4...
Fitting elasticnet...
VCF file created successfully.
pyseer stderr:  Read 1000 phenotypes
Detected continuous phenotype
Reading all variants

0variants [00:00, ?variants/s]
54variants [00:00, 539.29variants/s]
108variants [00:00, 474.54variants/s]
164variants [00:00, 508.28variants/s]
198variants [00:00, 512.74variants/s]
Applying correlation filtering

  0%|          | 0/198 [00:00<?, ?variants/s]
100%|██████████| 198/198 [00:00<00:00, 2735.36variants/s]
Fitting elastic net to top 148 variants
Best penalty (lambda) from cross-validation: 1.02E+01
Best R^2 from cross-validation: 0.526
Finding and printing selected variants
198 loaded variants
50 pre-filtered variants
148 tested variants
138 printed variants

True importance standardized:  [0.19300499 0.19300499 0.19300499 0.19300499 0.19300499 0.19300499
 0.19300499 0.44935475 0.44935475 0.44935475 0.44935475 0.44935475
 0.44935475 0.44935475 0.83584076 0.83584076 0.83584076 0.83584076
 0.83584076 0.83584076 0.83584076 0.34079643 0.34079643 0.34079643
 0.34079643 0.34079643 0.34079643 0.34079643 0.36655929 0.36655929
 0.36655929 0.36655929 0.36655929 0.36655929 0.36655929 0.25599163
 0.25599163 0.25599163 0.25599163 0.25599163 0.25599163 0.25599163
 0.25938233 0.25938233 0.25938233 0.25938233 0.25938233 0.25938233
 0.25938233 0.61377944 0.61377944 0.61377944 0.61377944 0.61377944
 0.61377944 0.61377944 0.88429357 0.88429357 0.88429357 0.88429357
 0.88429357 0.88429357 0.88429357 1.         1.         1.
 1.         1.         1.         1.         0.         0.
 0.         0.         0.         0.         0.         0.
 0.         0.         0.         0.         0.         0.
 0.         0.         0.         0.         0.         0.
 0.         0.         0.         0.         0.         0.
 0.         0.         0.         0.         0.         0.
 0.         0.         0.         0.         0.         0.
 0.         0.         0.         0.         0.         0.
 0.         0.         0.         0.         0.         0.
 0.         0.         0.         0.         0.         0.
 0.         0.         0.         0.         0.         0.
 0.         0.         0.         0.         0.         0.
 0.         0.         0.         0.         0.         0.
 0.         0.         0.         0.         0.         0.
 0.         0.         0.         0.         0.         0.
 0.         0.         0.         0.         0.         0.
 0.         0.         0.         0.         0.         0.
 0.         0.         0.         0.         0.         0.
 0.         0.         0.         0.         0.         0.
 0.         0.         0.         0.         0.         0.
 0.         0.         0.         0.         0.         0.
 0.         0.         0.         0.         0.         0.
 0.         0.        ]
Normalized importance:  [0.01726667 0.         0.01726667 0.         0.         0.01726667
 0.         0.24914685 0.24914685 0.24914685 0.24914685 0.24914685
 0.24914685 0.24914685 0.80710454 0.80710454 0.80710454 0.80710454
 0.80710454 0.80710454 0.80710454 0.08554273 0.08554273 0.08554273
 0.08554273 0.08554273 0.08554273 0.08554273 0.         0.
 0.         0.         0.         0.         0.         0.16983021
 0.16983021 0.16983021 0.16983021 0.16983021 0.16983021 0.16983021
 0.         0.         0.0250374  0.01920558 0.03688904 0.
 0.         0.31024886 0.31024886 0.31024886 0.31024886 0.31024886
 0.31024886 0.31024886 0.81815554 0.81815554 0.81815554 0.81815554
 0.81815554 0.81815554 0.81815554 1.         1.         1.
 1.         1.         1.         1.         0.         0.
 0.         0.         0.06372818 0.         0.         0.
 0.         0.         0.         0.         0.         0.
 0.         0.0103632  0.02594791 0.         0.         0.
 0.         0.         0.         0.         0.         0.
 0.         0.         0.         0.00564382 0.         0.
 0.02149014 0.         0.         0.         0.01995513 0.
 0.         0.         0.         0.         0.         0.00836682
 0.02825348 0.         0.         0.         0.         0.
 0.         0.         0.         0.         0.         0.
 0.         0.         0.         0.         0.         0.
 0.         0.         0.         0.         0.         0.
 0.         0.         0.00950892 0.         0.01904523 0.
 0.         0.         0.01865224 0.         0.         0.
 0.         0.         0.         0.         0.         0.
 0.         0.         0.         0.         0.         0.0467425
 0.         0.         0.         0.         0.         0.00494614
 0.         0.         0.         0.         0.         0.
 0.02366815 0.03787841 0.         0.01943475 0.         0.01535686
 0.         0.         0.         0.         0.03204544 0.
 0.         0.02280723 0.         0.01704803 0.0411926  0.01563443
 0.         0.01107619 0.         0.         0.         0.
 0.         0.        ]
deepbreaks
y_true:  [0. 0. 0. 0. 0. 0. 0. 1. 1. 1. 1. 1. 1. 1. 1. 1. 1. 1. 1. 1. 1. 0. 0. 0.
 0. 0. 0. 0. 0. 0. 0. 0. 0. 0. 0. 0. 0. 0. 0. 0. 0. 0. 0. 0. 0. 0. 0. 0.
 0. 1. 1. 1. 1. 1. 1. 1. 1. 1. 1. 1. 1. 1. 1. 1. 1. 1. 1. 1. 1. 1. 0. 0.
 0. 0. 0. 0. 0. 0. 0. 0. 0. 0. 0. 0. 0. 0. 0. 0. 0. 0. 0. 0. 0. 0. 0. 0.
 0. 0. 0. 0. 0. 0. 0. 0. 0. 0. 0. 0. 0. 0. 0. 0. 0. 0. 0. 0. 0. 0. 0. 0.
 0. 0. 0. 0. 0. 0. 0. 0. 0. 0. 0. 0. 0. 0. 0. 0. 0. 0. 0. 0. 0. 0. 0. 0.
 0. 0. 0. 0. 0. 0. 0. 0. 0. 0. 0. 0. 0. 0. 0. 0. 0. 0. 0. 0. 0. 0. 0. 0.
 0. 0. 0. 0. 0. 0. 0. 0. 0. 0. 0. 0. 0. 0. 0. 0. 0. 0. 0. 0. 0. 0. 0. 0.
 0. 0. 0. 0. 0. 0. 0. 0.]
y_pred:  [0. 0. 0. 0. 0. 0. 0. 1. 1. 1. 1. 1. 1. 1. 1. 1. 1. 1. 1. 1. 1. 0. 0. 0.
 0. 0. 0. 0. 0. 0. 0. 0. 0. 0. 0. 1. 1. 1. 1. 1. 1. 1. 0. 0. 0. 0. 0. 0.
 0. 1. 1. 1. 1. 1. 1. 1. 1. 1. 1. 1. 1. 1. 1. 1. 1. 1. 1. 1. 1. 1. 0. 0.
 0. 0. 0. 0. 0. 0. 0. 0. 0. 0. 0. 0. 0. 0. 0. 0. 0. 0. 0. 0. 0. 0. 0. 0.
 0. 0. 0. 0. 0. 0. 0. 0. 0. 0. 0. 0. 0. 0. 0. 0. 0. 0. 0. 0. 0. 0. 0. 0.
 0. 0. 0. 0. 0. 0. 0. 0. 0. 0. 0. 0. 0. 0. 0. 0. 0. 0. 0. 0. 0. 0. 0. 0.
 0. 0. 0. 0. 0. 0. 0. 0. 0. 0. 0. 0. 0. 0. 0. 0. 0. 0. 0. 0. 0. 0. 0. 0.
 0. 0. 0. 0. 0. 0. 0. 0. 0. 0. 0. 0. 0. 0. 0. 0. 0. 0. 0. 0. 0. 0. 0. 0.
 0. 0. 0. 0. 0. 0. 0. 0.]
Normalized importance:  [1.88345865e-01 0.00000000e+00 2.56766917e-01 1.04887218e-01
 1.87969925e-01 4.36090226e-04 3.83458647e-02 5.30075188e-01
 2.63533835e-03 9.58646617e-02 3.62781955e-01 5.26315789e-01
 2.89849624e-01 1.59774436e-01 9.81203008e-01 2.12781955e-01
 5.71428571e-01 2.51503759e-01 6.42857143e-01 3.28947368e-01
 4.21052632e-01 4.39849624e-01 0.00000000e+00 1.64285714e-01
 7.63157895e-02 4.02255639e-01 1.35338346e-01 2.09774436e-01
 1.80075188e-01 4.06015038e-01 0.00000000e+00 0.00000000e+00
 0.00000000e+00 7.21804511e-02 6.09022556e-02 3.87218045e-01
 9.51127820e-02 2.06766917e-01 6.31578947e-03 4.21052632e-01
 4.02255639e-01 0.00000000e+00 8.00751880e-02 1.63157895e-01
 2.15413534e-01 2.01503759e-01 1.88345865e-01 8.00751880e-02
 1.09398496e-03 7.33082707e-01 1.00375940e-01 1.31954887e-01
 1.77067669e-01 3.12406015e-01 5.67669173e-01 2.40601504e-01
 8.57142857e-01 3.43609023e-01 4.54887218e-01 4.06015038e-01
 3.57142857e-01 5.86466165e-01 5.56390977e-01 1.00000000e+00
 7.06766917e-01 5.90225564e-01 4.73684211e-01 5.52631579e-01
 5.07518797e-01 5.11278195e-01 1.46992481e-01 6.76691729e-02
 1.91353383e-01 0.00000000e+00 3.79699248e-01 0.00000000e+00
 0.00000000e+00 0.00000000e+00 0.00000000e+00 1.92857143e-01
 1.21428571e-01 0.00000000e+00 0.00000000e+00 1.72556391e-01
 8.15789474e-02 4.13533835e-01 3.56390977e-01 0.00000000e+00
 0.00000000e+00 1.90977444e-01 0.00000000e+00 2.96992481e-03
 1.76691729e-01 1.33458647e-01 4.54887218e-02 0.00000000e+00
 1.30075188e-01 1.69548872e-03 0.00000000e+00 2.66165414e-01
 0.00000000e+00 4.73684211e-02 4.21052632e-01 1.24436090e-01
 2.38345865e-01 0.00000000e+00 2.03383459e-01 0.00000000e+00
 1.62781955e-01 0.00000000e+00 0.00000000e+00 1.27067669e-01
 1.04135338e-01 1.27443609e-01 2.17669173e-01 0.00000000e+00
 0.00000000e+00 1.18421053e-01 0.00000000e+00 2.40601504e-02
 1.11278195e-01 1.25563910e-01 0.00000000e+00 1.40225564e-01
 0.00000000e+00 0.00000000e+00 8.64661654e-02 5.97744361e-02
 0.00000000e+00 1.89849624e-02 0.00000000e+00 0.00000000e+00
 1.34210526e-01 0.00000000e+00 1.02255639e-01 1.87218045e-01
 0.00000000e+00 6.91729323e-02 6.16541353e-02 3.09022556e-02
 8.30827068e-02 0.00000000e+00 2.32330827e-01 0.00000000e+00
 0.00000000e+00 0.00000000e+00 2.50751880e-01 9.06015038e-02
 4.32330827e-02 0.00000000e+00 2.00751880e-01 0.00000000e+00
 0.00000000e+00 0.00000000e+00 0.00000000e+00 0.00000000e+00
 0.00000000e+00 0.00000000e+00 1.12030075e-01 2.17293233e-01
 3.59398496e-02 4.09774436e-01 0.00000000e+00 0.00000000e+00
 0.00000000e+00 0.00000000e+00 9.54887218e-02 1.87218045e-01
 1.40225564e-01 0.00000000e+00 2.42857143e-03 0.00000000e+00
 6.95488722e-02 8.27067669e-02 1.91353383e-01 2.11278195e-01
 0.00000000e+00 2.72932331e-01 0.00000000e+00 1.13533835e-01
 1.51127820e-01 4.39849624e-02 1.00000000e-01 2.24436090e-01
 2.25187970e-01 0.00000000e+00 9.96240602e-02 2.81203008e-01
 0.00000000e+00 1.67293233e-01 2.71052632e-01 2.53759398e-01
 3.37969925e-01 3.83458647e-01 0.00000000e+00 0.00000000e+00
 0.00000000e+00 0.00000000e+00 0.00000000e+00 0.00000000e+00]
pyseer
y_true:  [0. 0. 0. 0. 0. 0. 0. 1. 1. 1. 1. 1. 1. 1. 1. 1. 1. 1. 1. 1. 1. 0. 0. 0.
 0. 0. 0. 0. 0. 0. 0. 0. 0. 0. 0. 0. 0. 0. 0. 0. 0. 0. 0. 0. 0. 0. 0. 0.
 0. 1. 1. 1. 1. 1. 1. 1. 1. 1. 1. 1. 1. 1. 1. 1. 1. 1. 1. 1. 1. 1. 0. 0.
 0. 0. 0. 0. 0. 0. 0. 0. 0. 0. 0. 0. 0. 0. 0. 0. 0. 0. 0. 0. 0. 0. 0. 0.
 0. 0. 0. 0. 0. 0. 0. 0. 0. 0. 0. 0. 0. 0. 0. 0. 0. 0. 0. 0. 0. 0. 0. 0.
 0. 0. 0. 0. 0. 0. 0. 0. 0. 0. 0. 0. 0. 0. 0. 0. 0. 0. 0. 0. 0. 0. 0. 0.
 0. 0. 0. 0. 0. 0. 0. 0. 0. 0. 0. 0. 0. 0. 0. 0. 0. 0. 0. 0. 0. 0. 0. 0.
 0. 0. 0. 0. 0. 0. 0. 0. 0. 0. 0. 0. 0. 0. 0. 0. 0. 0. 0. 0. 0. 0. 0. 0.
 0. 0. 0. 0. 0. 0. 0. 0.]
y_pred:  [1. 0. 1. 0. 1. 0. 0. 1. 0. 0. 1. 1. 1. 0. 1. 1. 1. 1. 1. 1. 1. 1. 0. 0.
 0. 1. 0. 1. 0. 1. 0. 0. 0. 0. 0. 1. 0. 1. 0. 1. 1. 0. 0. 0. 1. 1. 1. 0.
 0. 1. 0. 0. 0. 1. 1. 1. 1. 1. 1. 1. 1. 1. 1. 1. 1. 1. 1. 1. 1. 1. 0. 0.
 1. 0. 1. 0. 0. 0. 0. 1. 0. 0. 0. 0. 0. 1. 1. 0. 0. 1. 0. 0. 0. 0. 0. 0.
 0. 0. 0. 1. 0. 0. 1. 0. 1. 0. 1. 0. 0. 0. 0. 0. 0. 0. 1. 0. 0. 0. 0. 0.
 0. 0. 0. 0. 0. 0. 0. 0. 0. 0. 0. 0. 0. 0. 0. 0. 0. 0. 0. 0. 0. 0. 1. 0.
 0. 0. 1. 0. 0. 0. 1. 0. 0. 0. 0. 0. 0. 0. 0. 1. 0. 1. 0. 0. 0. 0. 0. 0.
 0. 0. 0. 0. 0. 0. 1. 1. 0. 1. 0. 0. 0. 0. 0. 1. 1. 0. 0. 1. 0. 0. 1. 1.
 1. 1. 0. 0. 0. 0. 0. 0.]
Time taken: 24.240759134292603 seconds
Running combination 9 of 50
Fitting RandomForest...
Fitting Adaboost...
Fitting AdaBoost_2...
Fitting et...
Fitting gbc...
Fitting gbc_2...
Fitting gbc_3...
Fitting dt...
Fitting lr...
Fitting Lasso_1...
Fitting Lasso_2...
Fitting Lasso_3...
Fitting Lasso_4...
Fitting elasticnet...
VCF file created successfully.
pyseer stderr:  Read 1000 phenotypes
Detected continuous phenotype
Reading all variants

0variants [00:00, ?variants/s]
55variants [00:00, 547.12variants/s]
110variants [00:00, 483.10variants/s]
166variants [00:00, 513.83variants/s]
198variants [00:00, 518.19variants/s]
Applying correlation filtering

  0%|          | 0/198 [00:00<?, ?variants/s]
100%|██████████| 198/198 [00:00<00:00, 2724.42variants/s]
Fitting elastic net to top 148 variants
Best penalty (lambda) from cross-validation: 4.17E+01
Best R^2 from cross-validation: 0.500
Finding and printing selected variants
198 loaded variants
50 pre-filtered variants
148 tested variants
135 printed variants

True importance standardized:  [0.52388273 0.52388273 0.52388273 0.52388273 0.52388273 0.52388273
 0.52388273 0.66755086 0.66755086 0.66755086 0.66755086 0.66755086
 0.66755086 0.66755086 0.22459718 0.22459718 0.22459718 0.22459718
 0.22459718 0.22459718 0.22459718 0.99736355 0.99736355 0.99736355
 0.99736355 0.99736355 0.99736355 0.99736355 0.34381929 0.34381929
 0.34381929 0.34381929 0.34381929 0.34381929 0.34381929 0.9599688
 0.9599688  0.9599688  0.9599688  0.9599688  0.9599688  0.9599688
 0.41297736 0.41297736 0.41297736 0.41297736 0.41297736 0.41297736
 0.41297736 0.86099308 0.86099308 0.86099308 0.86099308 0.86099308
 0.86099308 0.86099308 1.         1.         1.         1.
 1.         1.         1.         0.66614787 0.66614787 0.66614787
 0.66614787 0.66614787 0.66614787 0.66614787 0.         0.
 0.         0.         0.         0.         0.         0.
 0.         0.         0.         0.         0.         0.
 0.         0.         0.         0.         0.         0.
 0.         0.         0.         0.         0.         0.
 0.         0.         0.         0.         0.         0.
 0.         0.         0.         0.         0.         0.
 0.         0.         0.         0.         0.         0.
 0.         0.         0.         0.         0.         0.
 0.         0.         0.         0.         0.         0.
 0.         0.         0.         0.         0.         0.
 0.         0.         0.         0.         0.         0.
 0.         0.         0.         0.         0.         0.
 0.         0.         0.         0.         0.         0.
 0.         0.         0.         0.         0.         0.
 0.         0.         0.         0.         0.         0.
 0.         0.         0.         0.         0.         0.
 0.         0.         0.         0.         0.         0.
 0.         0.         0.         0.         0.         0.
 0.         0.         0.         0.         0.         0.
 0.         0.         0.         0.         0.         0.
 0.         0.         0.         0.         0.         0.
 0.         0.        ]
Normalized importance:  [0.17651228 0.17651228 0.17651228 0.17651228 0.17651228 0.17651228
 0.17651228 0.48466305 0.48466305 0.48466305 0.48466305 0.48466305
 0.48466305 0.48466305 0.04739479 0.         0.04739479 0.04739479
 0.04739479 0.         0.04739479 1.         1.         1.
 1.         1.         1.         1.         0.05379141 0.05379141
 0.05379141 0.05379141 0.05379141 0.05379141 0.         0.95741786
 0.95741786 0.95741786 0.95741786 0.95741786 0.95741786 0.95741786
 0.21585001 0.21585001 0.21585001 0.21585001 0.21585001 0.21585001
 0.21585001 0.91500977 0.91500977 0.91500977 0.91500977 0.91500977
 0.91500977 0.91500977 0.52188979 0.52188979 0.52188979 0.52188979
 0.52188979 0.52188979 0.52188979 0.24840623 0.24840623 0.24840623
 0.24840623 0.24840623 0.24840623 0.24840623 0.0234847  0.
 0.         0.         0.         0.         0.         0.
 0.         0.         0.         0.         0.07650729 0.
 0.         0.         0.         0.01082423 0.05866564 0.
 0.         0.         0.         0.         0.         0.
 0.         0.01666626 0.         0.         0.         0.01192949
 0.         0.         0.         0.         0.         0.
 0.         0.         0.         0.         0.         0.
 0.03708059 0.         0.         0.         0.         0.
 0.         0.         0.         0.         0.         0.
 0.         0.         0.         0.         0.         0.
 0.         0.00789282 0.         0.         0.         0.
 0.         0.03232134 0.         0.         0.00445907 0.
 0.         0.         0.         0.         0.00855804 0.
 0.         0.         0.01002693 0.         0.         0.
 0.         0.02042034 0.         0.         0.         0.
 0.         0.         0.         0.         0.         0.
 0.         0.         0.         0.         0.         0.
 0.         0.         0.         0.         0.         0.
 0.         0.         0.         0.         0.         0.
 0.         0.         0.         0.05057241 0.         0.
 0.         0.         0.         0.         0.         0.00567137
 0.         0.        ]
deepbreaks
y_true:  [0. 0. 0. 0. 0. 0. 0. 1. 1. 1. 1. 1. 1. 1. 0. 0. 0. 0. 0. 0. 0. 1. 1. 1.
 1. 1. 1. 1. 0. 0. 0. 0. 0. 0. 0. 1. 1. 1. 1. 1. 1. 1. 0. 0. 0. 0. 0. 0.
 0. 1. 1. 1. 1. 1. 1. 1. 1. 1. 1. 1. 1. 1. 1. 0. 0. 0. 0. 0. 0. 0. 0. 0.
 0. 0. 0. 0. 0. 0. 0. 0. 0. 0. 0. 0. 0. 0. 0. 0. 0. 0. 0. 0. 0. 0. 0. 0.
 0. 0. 0. 0. 0. 0. 0. 0. 0. 0. 0. 0. 0. 0. 0. 0. 0. 0. 0. 0. 0. 0. 0. 0.
 0. 0. 0. 0. 0. 0. 0. 0. 0. 0. 0. 0. 0. 0. 0. 0. 0. 0. 0. 0. 0. 0. 0. 0.
 0. 0. 0. 0. 0. 0. 0. 0. 0. 0. 0. 0. 0. 0. 0. 0. 0. 0. 0. 0. 0. 0. 0. 0.
 0. 0. 0. 0. 0. 0. 0. 0. 0. 0. 0. 0. 0. 0. 0. 0. 0. 0. 0. 0. 0. 0. 0. 0.
 0. 0. 0. 0. 0. 0. 0. 0.]
y_pred:  [0. 0. 0. 0. 0. 0. 0. 1. 1. 1. 1. 1. 1. 1. 0. 0. 0. 0. 0. 0. 0. 1. 1. 1.
 1. 1. 1. 1. 0. 0. 0. 0. 0. 0. 0. 1. 1. 1. 1. 1. 1. 1. 0. 0. 0. 0. 0. 0.
 0. 1. 1. 1. 1. 1. 1. 1. 1. 1. 1. 1. 1. 1. 1. 1. 1. 1. 1. 1. 1. 1. 0. 0.
 0. 0. 0. 0. 0. 0. 0. 0. 0. 0. 0. 0. 0. 0. 0. 0. 0. 0. 0. 0. 0. 0. 0. 0.
 0. 0. 0. 0. 0. 0. 0. 0. 0. 0. 0. 0. 0. 0. 0. 0. 0. 0. 0. 0. 0. 0. 0. 0.
 0. 0. 0. 0. 0. 0. 0. 0. 0. 0. 0. 0. 0. 0. 0. 0. 0. 0. 0. 0. 0. 0. 0. 0.
 0. 0. 0. 0. 0. 0. 0. 0. 0. 0. 0. 0. 0. 0. 0. 0. 0. 0. 0. 0. 0. 0. 0. 0.
 0. 0. 0. 0. 0. 0. 0. 0. 0. 0. 0. 0. 0. 0. 0. 0. 0. 0. 0. 0. 0. 0. 0. 0.
 0. 0. 0. 0. 0. 0. 0. 0.]
Normalized importance:  [5.47058824e-01 4.09243697e-02 0.00000000e+00 4.73949580e-01
 1.21848739e-01 5.33613445e-01 3.35294118e-01 6.29411765e-01
 5.64705882e-01 0.00000000e+00 5.86554622e-01 2.89075630e-01
 5.70588235e-01 4.02521008e-01 2.58823529e-01 4.50420168e-02
 2.55462185e-01 2.94957983e-01 9.83193277e-02 5.52941176e-04
 1.55462185e-01 7.91596639e-01 2.51260504e-01 5.61344538e-01
 2.70588235e-01 4.13445378e-01 8.82352941e-01 5.22689076e-01
 3.09243697e-01 0.00000000e+00 2.38655462e-01 2.96638655e-01
 2.79831933e-01 9.49579832e-02 3.41176471e-03 1.00000000e+00
 4.03361345e-01 3.94957983e-01 5.26050420e-01 3.84873950e-01
 3.31932773e-01 5.16806723e-01 5.13445378e-01 3.79831933e-01
 1.84033613e-01 0.00000000e+00 6.84873950e-02 1.83193277e-01
 2.73949580e-01 9.91596639e-01 6.63865546e-01 7.52941176e-02
 1.36974790e-02 5.99159664e-01 3.89075630e-01 5.00840336e-01
 8.12605042e-01 3.33613445e-01 4.78991597e-01 5.96638655e-01
 4.04201681e-01 2.87394958e-01 6.63865546e-01 7.61344538e-01
 5.32773109e-01 3.73949580e-02 2.66386555e-01 1.94957983e-01
 1.53781513e-01 2.37815126e-01 3.45378151e-01 2.56302521e-01
 0.00000000e+00 1.73949580e-02 0.00000000e+00 0.00000000e+00
 3.26890756e-01 0.00000000e+00 1.84873950e-01 0.00000000e+00
 4.23529412e-01 0.00000000e+00 4.54621849e-01 4.73109244e-01
 0.00000000e+00 0.00000000e+00 0.00000000e+00 5.26890756e-02
 3.73109244e-01 0.00000000e+00 2.00840336e-01 0.00000000e+00
 0.00000000e+00 1.68907563e-01 5.00000000e-02 2.41176471e-02
 0.00000000e+00 2.90756303e-01 0.00000000e+00 1.03361345e-02
 2.65546218e-02 1.00000000e-01 2.67226891e-01 1.68067227e-01
 6.34453782e-02 8.57142857e-02 0.00000000e+00 7.13445378e-02
 0.00000000e+00 2.18487395e-01 1.63865546e-01 1.94957983e-01
 1.83193277e-01 0.00000000e+00 4.48739496e-01 1.89915966e-01
 1.84033613e-01 0.00000000e+00 0.00000000e+00 3.74789916e-01
 0.00000000e+00 2.10924370e-01 4.84033613e-01 0.00000000e+00
 0.00000000e+00 0.00000000e+00 3.72268908e-01 5.49579832e-03
 0.00000000e+00 1.91596639e-01 0.00000000e+00 2.32773109e-01
 0.00000000e+00 2.54621849e-01 0.00000000e+00 0.00000000e+00
 0.00000000e+00 8.82352941e-02 0.00000000e+00 4.20168067e-01
 1.01680672e-01 2.42016807e-01 1.62184874e-01 1.81512605e-01
 0.00000000e+00 4.14285714e-02 1.10924370e-01 0.00000000e+00
 2.32773109e-01 2.01680672e-02 1.22689076e-01 0.00000000e+00
 0.00000000e+00 0.00000000e+00 0.00000000e+00 2.75630252e-01
 0.00000000e+00 3.73949580e-01 0.00000000e+00 2.03361345e-01
 0.00000000e+00 1.13445378e-01 2.48739496e-01 5.57142857e-02
 1.95798319e-01 0.00000000e+00 1.02521008e-01 0.00000000e+00
 1.11764706e-01 4.42016807e-02 0.00000000e+00 2.89915966e-02
 0.00000000e+00 0.00000000e+00 0.00000000e+00 0.00000000e+00
 5.28571429e-02 2.54621849e-01 0.00000000e+00 0.00000000e+00
 0.00000000e+00 6.31092437e-02 0.00000000e+00 0.00000000e+00
 0.00000000e+00 1.94117647e-01 5.57142857e-04 1.31092437e-01
 7.51260504e-04 1.33613445e-01 0.00000000e+00 0.00000000e+00
 0.00000000e+00 2.02521008e-01 0.00000000e+00 0.00000000e+00
 0.00000000e+00 0.00000000e+00 0.00000000e+00 0.00000000e+00]
pyseer
y_true:  [0. 0. 0. 0. 0. 0. 0. 1. 1. 1. 1. 1. 1. 1. 0. 0. 0. 0. 0. 0. 0. 1. 1. 1.
 1. 1. 1. 1. 0. 0. 0. 0. 0. 0. 0. 1. 1. 1. 1. 1. 1. 1. 0. 0. 0. 0. 0. 0.
 0. 1. 1. 1. 1. 1. 1. 1. 1. 1. 1. 1. 1. 1. 1. 0. 0. 0. 0. 0. 0. 0. 0. 0.
 0. 0. 0. 0. 0. 0. 0. 0. 0. 0. 0. 0. 0. 0. 0. 0. 0. 0. 0. 0. 0. 0. 0. 0.
 0. 0. 0. 0. 0. 0. 0. 0. 0. 0. 0. 0. 0. 0. 0. 0. 0. 0. 0. 0. 0. 0. 0. 0.
 0. 0. 0. 0. 0. 0. 0. 0. 0. 0. 0. 0. 0. 0. 0. 0. 0. 0. 0. 0. 0. 0. 0. 0.
 0. 0. 0. 0. 0. 0. 0. 0. 0. 0. 0. 0. 0. 0. 0. 0. 0. 0. 0. 0. 0. 0. 0. 0.
 0. 0. 0. 0. 0. 0. 0. 0. 0. 0. 0. 0. 0. 0. 0. 0. 0. 0. 0. 0. 0. 0. 0. 0.
 0. 0. 0. 0. 0. 0. 0. 0.]
y_pred:  [1. 0. 0. 1. 0. 1. 1. 1. 1. 0. 1. 1. 1. 1. 1. 0. 1. 1. 0. 0. 0. 1. 1. 1.
 1. 1. 1. 1. 1. 0. 0. 1. 1. 0. 0. 1. 1. 1. 1. 1. 1. 1. 1. 1. 0. 0. 0. 0.
 1. 1. 1. 0. 0. 1. 1. 1. 1. 1. 1. 1. 1. 1. 1. 1. 1. 0. 1. 0. 0. 0. 1. 1.
 0. 0. 0. 0. 1. 0. 0. 0. 1. 0. 1. 1. 0. 0. 0. 0. 1. 0. 0. 0. 0. 0. 0. 0.
 0. 1. 0. 0. 0. 0. 1. 0. 0. 0. 0. 0. 0. 0. 0. 0. 0. 0. 1. 0. 0. 0. 0. 1.
 0. 0. 1. 0. 0. 0. 1. 0. 0. 0. 0. 0. 0. 1. 0. 0. 0. 0. 0. 1. 0. 1. 0. 0.
 0. 0. 0. 0. 0. 0. 0. 0. 0. 0. 0. 1. 0. 1. 0. 0. 0. 0. 1. 0. 0. 0. 0. 0.
 0. 0. 0. 0. 0. 0. 0. 0. 0. 1. 0. 0. 0. 0. 0. 0. 0. 0. 0. 0. 0. 0. 0. 0.
 0. 0. 0. 0. 0. 0. 0. 0.]
Time taken: 23.409196376800537 seconds
Running combination 10 of 50
Fitting RandomForest...
Fitting Adaboost...
Fitting AdaBoost_2...
Fitting et...
Fitting gbc...
Fitting gbc_2...
Fitting gbc_3...
Fitting dt...
Fitting lr...
Fitting Lasso_1...
Fitting Lasso_2...
Fitting Lasso_3...
Fitting Lasso_4...
Fitting elasticnet...
VCF file created successfully.
pyseer stderr:  Read 1000 phenotypes
Detected continuous phenotype
Reading all variants

0variants [00:00, ?variants/s]
54variants [00:00, 535.00variants/s]
108variants [00:00, 476.18variants/s]
164variants [00:00, 509.68variants/s]
198variants [00:00, 513.62variants/s]
Applying correlation filtering

  0%|          | 0/198 [00:00<?, ?variants/s]
100%|██████████| 198/198 [00:00<00:00, 2664.21variants/s]
Fitting elastic net to top 148 variants
Best penalty (lambda) from cross-validation: 4.27E+01
Best R^2 from cross-validation: 0.420
Finding and printing selected variants
198 loaded variants
50 pre-filtered variants
148 tested variants
138 printed variants

True importance standardized:  [0.25064278 0.25064278 0.25064278 0.25064278 0.25064278 0.25064278
 0.25064278 0.60756844 0.60756844 0.60756844 0.60756844 0.60756844
 0.60756844 0.60756844 0.62512605 0.62512605 0.62512605 0.62512605
 0.62512605 0.62512605 0.62512605 0.23319409 0.23319409 0.23319409
 0.23319409 0.23319409 0.23319409 0.23319409 0.69810888 0.69810888
 0.69810888 0.69810888 0.69810888 0.69810888 0.69810888 0.83158769
 0.83158769 0.83158769 0.83158769 0.83158769 0.83158769 0.83158769
 0.13071721 0.13071721 0.13071721 0.13071721 0.13071721 0.13071721
 0.13071721 0.52697475 0.52697475 0.52697475 0.52697475 0.52697475
 0.52697475 0.52697475 0.85503551 0.85503551 0.85503551 0.85503551
 0.85503551 0.85503551 0.85503551 1.         1.         1.
 1.         1.         1.         1.         0.         0.
 0.         0.         0.         0.         0.         0.
 0.         0.         0.         0.         0.         0.
 0.         0.         0.         0.         0.         0.
 0.         0.         0.         0.         0.         0.
 0.         0.         0.         0.         0.         0.
 0.         0.         0.         0.         0.         0.
 0.         0.         0.         0.         0.         0.
 0.         0.         0.         0.         0.         0.
 0.         0.         0.         0.         0.         0.
 0.         0.         0.         0.         0.         0.
 0.         0.         0.         0.         0.         0.
 0.         0.         0.         0.         0.         0.
 0.         0.         0.         0.         0.         0.
 0.         0.         0.         0.         0.         0.
 0.         0.         0.         0.         0.         0.
 0.         0.         0.         0.         0.         0.
 0.         0.         0.         0.         0.         0.
 0.         0.         0.         0.         0.         0.
 0.         0.         0.         0.         0.         0.
 0.         0.         0.         0.         0.         0.
 0.         0.         0.         0.         0.         0.
 0.         0.        ]
Normalized importance:  [0.03146202 0.03146202 0.         0.         0.         0.03146202
 0.03146202 0.49098121 0.49098121 0.49098121 0.49098121 0.49098121
 0.49098121 0.49098121 0.85212437 0.85212437 0.85212437 0.85212437
 0.85212437 0.85212437 0.85212437 0.04306265 0.04306265 0.04306265
 0.         0.04306265 0.         0.04306265 0.36779947 0.36779947
 0.36779947 0.36779947 0.36779947 0.36779947 0.36779947 0.89872747
 0.89872747 0.89872747 0.89872747 0.89872747 0.89872747 0.89872747
 0.         0.         0.         0.         0.         0.
 0.         0.29913066 0.29913066 0.29913066 0.29913066 0.29913066
 0.29913066 0.29913066 0.66685669 0.66685669 0.66685669 0.66685669
 0.66685669 0.66685669 0.66685669 1.         1.         1.
 1.         1.         1.         1.         0.         0.
 0.         0.         0.         0.01062719 0.         0.
 0.         0.         0.         0.         0.         0.
 0.         0.         0.         0.         0.         0.
 0.02626335 0.0598674  0.         0.         0.         0.
 0.         0.         0.         0.         0.         0.
 0.         0.         0.         0.         0.         0.
 0.         0.         0.         0.         0.         0.
 0.         0.         0.         0.         0.         0.
 0.         0.         0.         0.         0.         0.
 0.         0.         0.         0.         0.         0.
 0.         0.         0.01061785 0.         0.         0.
 0.         0.         0.         0.         0.         0.
 0.         0.         0.         0.         0.         0.
 0.         0.         0.         0.         0.         0.
 0.         0.         0.         0.         0.         0.
 0.         0.         0.         0.         0.         0.
 0.         0.         0.         0.         0.00607772 0.
 0.         0.         0.         0.         0.01441071 0.
 0.         0.         0.         0.         0.         0.
 0.         0.         0.         0.         0.         0.
 0.         0.         0.         0.         0.         0.
 0.         0.        ]
deepbreaks
y_true:  [0. 0. 0. 0. 0. 0. 0. 0. 0. 0. 0. 0. 0. 0. 1. 1. 1. 1. 1. 1. 1. 0. 0. 0.
 0. 0. 0. 0. 1. 1. 1. 1. 1. 1. 1. 1. 1. 1. 1. 1. 1. 1. 0. 0. 0. 0. 0. 0.
 0. 0. 0. 0. 0. 0. 0. 0. 1. 1. 1. 1. 1. 1. 1. 1. 1. 1. 1. 1. 1. 1. 0. 0.
 0. 0. 0. 0. 0. 0. 0. 0. 0. 0. 0. 0. 0. 0. 0. 0. 0. 0. 0. 0. 0. 0. 0. 0.
 0. 0. 0. 0. 0. 0. 0. 0. 0. 0. 0. 0. 0. 0. 0. 0. 0. 0. 0. 0. 0. 0. 0. 0.
 0. 0. 0. 0. 0. 0. 0. 0. 0. 0. 0. 0. 0. 0. 0. 0. 0. 0. 0. 0. 0. 0. 0. 0.
 0. 0. 0. 0. 0. 0. 0. 0. 0. 0. 0. 0. 0. 0. 0. 0. 0. 0. 0. 0. 0. 0. 0. 0.
 0. 0. 0. 0. 0. 0. 0. 0. 0. 0. 0. 0. 0. 0. 0. 0. 0. 0. 0. 0. 0. 0. 0. 0.
 0. 0. 0. 0. 0. 0. 0. 0.]
y_pred:  [0. 0. 0. 0. 0. 0. 0. 1. 1. 1. 1. 1. 1. 1. 1. 1. 1. 1. 1. 1. 1. 0. 0. 0.
 0. 0. 0. 0. 0. 0. 0. 0. 0. 0. 0. 1. 1. 1. 1. 1. 1. 1. 0. 0. 0. 0. 0. 0.
 0. 0. 0. 0. 0. 0. 0. 0. 1. 1. 1. 1. 1. 1. 1. 1. 1. 1. 1. 1. 1. 1. 0. 0.
 0. 0. 0. 0. 0. 0. 0. 0. 0. 0. 0. 0. 0. 0. 0. 0. 0. 0. 0. 0. 0. 0. 0. 0.
 0. 0. 0. 0. 0. 0. 0. 0. 0. 0. 0. 0. 0. 0. 0. 0. 0. 0. 0. 0. 0. 0. 0. 0.
 0. 0. 0. 0. 0. 0. 0. 0. 0. 0. 0. 0. 0. 0. 0. 0. 0. 0. 0. 0. 0. 0. 0. 0.
 0. 0. 0. 0. 0. 0. 0. 0. 0. 0. 0. 0. 0. 0. 0. 0. 0. 0. 0. 0. 0. 0. 0. 0.
 0. 0. 0. 0. 0. 0. 0. 0. 0. 0. 0. 0. 0. 0. 0. 0. 0. 0. 0. 0. 0. 0. 0. 0.
 0. 0. 0. 0. 0. 0. 0. 0.]
Normalized importance:  [0.16088766 0.2038835  0.02898752 0.04923717 0.         0.24687933
 0.05520111 0.67683773 0.19278779 0.44937587 0.14424411 0.32177531
 0.33841886 0.61719834 0.79334258 0.39389736 0.53536755 0.57281553
 0.34535368 0.38973648 0.56726768 0.19417476 0.16504854 0.2482663
 0.08058252 0.33009709 0.01428571 0.17059639 0.77808599 0.
 0.42024965 0.54785021 0.24271845 0.57975035 0.33287101 1.
 0.28016644 0.16504854 0.6185853  0.46463245 0.35090153 0.81830791
 0.         0.0332871  0.         0.         0.         0.22052705
 0.         0.57975035 0.04133148 0.46601942 0.37725381 0.57004161
 0.17475728 0.42163662 0.70596394 0.64909847 0.         0.5963939
 0.67545076 0.48959778 0.45353675 0.98613037 0.83217753 0.73509015
 0.52981969 0.40221914 0.36615811 0.49237171 0.         0.
 0.04937587 0.27461859 0.21081831 0.04230236 0.26213592 0.2038835
 0.         0.00418863 0.09126214 0.14424411 0.23994452 0.09944521
 0.01511789 0.         0.09972261 0.22330097 0.13730929 0.01019417
 0.35783634 0.27600555 0.         0.         0.00436893 0.
 0.         0.08613037 0.42857143 0.         0.32871012 0.
 0.         0.10055479 0.00446602 0.         0.         0.
 0.         0.19417476 0.10943135 0.         0.         0.17753121
 0.         0.00171983 0.         0.         0.19001387 0.
 0.02343967 0.         0.37309293 0.         0.07489598 0.08723994
 0.13398058 0.10804438 0.10166436 0.14563107 0.04909847 0.13231623
 0.         0.02246879 0.14008322 0.04216366 0.259362   0.11220527
 0.         0.14840499 0.         0.         0.11567268 0.09819695
 0.11192788 0.         0.15117892 0.         0.         0.
 0.20665742 0.21775312 0.17475728 0.06102635 0.31900139 0.
 0.         0.         0.11983356 0.         0.36199723 0.
 0.         0.02135922 0.05589459 0.25797503 0.11816921 0.
 0.11567268 0.         0.09861304 0.09334258 0.06726768 0.
 0.2260749  0.         0.         0.23162275 0.19694868 0.
 0.         0.29403606 0.09667129 0.         0.09708738 0.
 0.         0.20110957 0.         0.         0.25381415 0.
 0.17753121 0.         0.         0.00807212 0.09708738 0.0334258
 0.         0.        ]
pyseer
y_true:  [0. 0. 0. 0. 0. 0. 0. 0. 0. 0. 0. 0. 0. 0. 1. 1. 1. 1. 1. 1. 1. 0. 0. 0.
 0. 0. 0. 0. 1. 1. 1. 1. 1. 1. 1. 1. 1. 1. 1. 1. 1. 1. 0. 0. 0. 0. 0. 0.
 0. 0. 0. 0. 0. 0. 0. 0. 1. 1. 1. 1. 1. 1. 1. 1. 1. 1. 1. 1. 1. 1. 0. 0.
 0. 0. 0. 0. 0. 0. 0. 0. 0. 0. 0. 0. 0. 0. 0. 0. 0. 0. 0. 0. 0. 0. 0. 0.
 0. 0. 0. 0. 0. 0. 0. 0. 0. 0. 0. 0. 0. 0. 0. 0. 0. 0. 0. 0. 0. 0. 0. 0.
 0. 0. 0. 0. 0. 0. 0. 0. 0. 0. 0. 0. 0. 0. 0. 0. 0. 0. 0. 0. 0. 0. 0. 0.
 0. 0. 0. 0. 0. 0. 0. 0. 0. 0. 0. 0. 0. 0. 0. 0. 0. 0. 0. 0. 0. 0. 0. 0.
 0. 0. 0. 0. 0. 0. 0. 0. 0. 0. 0. 0. 0. 0. 0. 0. 0. 0. 0. 0. 0. 0. 0. 0.
 0. 0. 0. 0. 0. 0. 0. 0.]
y_pred:  [0. 1. 0. 0. 0. 1. 0. 1. 0. 1. 0. 1. 1. 1. 1. 1. 1. 1. 1. 1. 1. 0. 0. 1.
 0. 1. 0. 0. 1. 0. 1. 1. 1. 1. 1. 1. 1. 0. 1. 1. 1. 1. 0. 0. 0. 0. 0. 1.
 0. 1. 0. 1. 1. 1. 0. 1. 1. 1. 0. 1. 1. 1. 1. 1. 1. 1. 1. 1. 1. 1. 0. 0.
 0. 1. 1. 0. 1. 1. 0. 0. 0. 0. 1. 0. 0. 0. 0. 1. 0. 0. 1. 1. 0. 0. 0. 0.
 0. 0. 1. 0. 1. 0. 0. 0. 0. 0. 0. 0. 0. 0. 0. 0. 0. 0. 0. 0. 0. 0. 0. 0.
 0. 0. 1. 0. 0. 0. 0. 0. 0. 0. 0. 0. 0. 0. 0. 0. 1. 0. 0. 0. 0. 0. 0. 0.
 0. 0. 0. 0. 0. 0. 1. 1. 0. 0. 1. 0. 0. 0. 0. 0. 1. 0. 0. 0. 0. 1. 0. 0.
 0. 0. 0. 0. 0. 0. 1. 0. 0. 1. 0. 0. 0. 1. 0. 0. 0. 0. 0. 1. 0. 0. 1. 0.
 0. 0. 0. 0. 0. 0. 0. 0.]
Time taken: 21.997952938079834 seconds
Running combination 11 of 50
Fitting RandomForest...
Fitting Adaboost...
Fitting AdaBoost_2...
Fitting et...
Fitting gbc...
Fitting gbc_2...
Fitting gbc_3...
Fitting dt...
Fitting lr...
Fitting Lasso_1...
Fitting Lasso_2...
Fitting Lasso_3...
Fitting Lasso_4...
Fitting elasticnet...
VCF file created successfully.
pyseer stderr:  Read 1000 phenotypes
Detected continuous phenotype
Reading all variants

0variants [00:00, ?variants/s]
53variants [00:00, 524.96variants/s]
106variants [00:00, 466.02variants/s]
161variants [00:00, 499.10variants/s]
198variants [00:00, 503.62variants/s]
Applying correlation filtering

  0%|          | 0/198 [00:00<?, ?variants/s]
100%|██████████| 198/198 [00:00<00:00, 2707.43variants/s]
Fitting elastic net to top 148 variants
Best penalty (lambda) from cross-validation: 4.54E+00
Best R^2 from cross-validation: 0.504
Finding and printing selected variants
198 loaded variants
50 pre-filtered variants
148 tested variants
138 printed variants

True importance standardized:  [0.39861975 0.39861975 0.39861975 0.39861975 0.39861975 0.39861975
 0.39861975 0.37248256 0.37248256 0.37248256 0.37248256 0.37248256
 0.37248256 0.37248256 0.62793206 0.62793206 0.62793206 0.62793206
 0.62793206 0.62793206 0.62793206 0.4990341  0.4990341  0.4990341
 0.4990341  0.4990341  0.4990341  0.4990341  1.         1.
 1.         1.         1.         1.         1.         0.5472942
 0.5472942  0.5472942  0.5472942  0.5472942  0.5472942  0.5472942
 0.43597466 0.43597466 0.43597466 0.43597466 0.43597466 0.43597466
 0.43597466 0.47592841 0.47592841 0.47592841 0.47592841 0.47592841
 0.47592841 0.47592841 0.13609031 0.13609031 0.13609031 0.13609031
 0.13609031 0.13609031 0.13609031 0.43350102 0.43350102 0.43350102
 0.43350102 0.43350102 0.43350102 0.43350102 0.         0.
 0.         0.         0.         0.         0.         0.
 0.         0.         0.         0.         0.         0.
 0.         0.         0.         0.         0.         0.
 0.         0.         0.         0.         0.         0.
 0.         0.         0.         0.         0.         0.
 0.         0.         0.         0.         0.         0.
 0.         0.         0.         0.         0.         0.
 0.         0.         0.         0.         0.         0.
 0.         0.         0.         0.         0.         0.
 0.         0.         0.         0.         0.         0.
 0.         0.         0.         0.         0.         0.
 0.         0.         0.         0.         0.         0.
 0.         0.         0.         0.         0.         0.
 0.         0.         0.         0.         0.         0.
 0.         0.         0.         0.         0.         0.
 0.         0.         0.         0.         0.         0.
 0.         0.         0.         0.         0.         0.
 0.         0.         0.         0.         0.         0.
 0.         0.         0.         0.         0.         0.
 0.         0.         0.         0.         0.         0.
 0.         0.         0.         0.         0.         0.
 0.         0.        ]
Normalized importance:  [0.24819849 0.24819849 0.24819849 0.24819849 0.24819849 0.24819849
 0.24819849 0.09560364 0.09560364 0.09560364 0.09560364 0.09560364
 0.09560364 0.         0.43801427 0.43801427 0.43801427 0.43801427
 0.43801427 0.43801427 0.43801427 0.19741571 0.19741571 0.19741571
 0.19741571 0.19741571 0.19741571 0.19741571 1.         1.
 1.         1.         1.         1.         1.         0.25755142
 0.25755142 0.25755142 0.25755142 0.25755142 0.25755142 0.25755142
 0.12835953 0.12835953 0.12835953 0.12835953 0.12835953 0.12835953
 0.12835953 0.32097007 0.32097007 0.32097007 0.32097007 0.32097007
 0.32097007 0.32097007 0.01303015 0.         0.         0.01303015
 0.01303015 0.01303015 0.         0.21952897 0.21952897 0.21952897
 0.21952897 0.21952897 0.21952897 0.21952897 0.         0.
 0.         0.         0.         0.         0.         0.
 0.         0.         0.         0.         0.         0.
 0.         0.         0.         0.         0.         0.
 0.         0.         0.         0.02601691 0.         0.
 0.         0.         0.         0.         0.         0.
 0.         0.         0.         0.         0.         0.
 0.         0.         0.         0.         0.         0.
 0.         0.         0.         0.         0.         0.
 0.         0.         0.         0.02665095 0.         0.
 0.         0.         0.         0.         0.         0.
 0.         0.0240116  0.         0.         0.         0.
 0.         0.01789546 0.         0.01849655 0.         0.
 0.         0.         0.         0.         0.         0.
 0.         0.         0.01962393 0.         0.         0.
 0.         0.         0.         0.00419065 0.         0.
 0.         0.         0.         0.         0.         0.
 0.         0.02384724 0.         0.         0.         0.
 0.         0.         0.         0.         0.         0.
 0.01160873 0.         0.         0.         0.         0.
 0.         0.         0.         0.         0.         0.
 0.         0.         0.         0.02092776 0.         0.
 0.         0.        ]
deepbreaks
y_true:  [0. 0. 0. 0. 0. 0. 0. 0. 0. 0. 0. 0. 0. 0. 1. 1. 1. 1. 1. 1. 1. 1. 1. 1.
 1. 1. 1. 1. 1. 1. 1. 1. 1. 1. 1. 1. 1. 1. 1. 1. 1. 1. 0. 0. 0. 0. 0. 0.
 0. 1. 1. 1. 1. 1. 1. 1. 0. 0. 0. 0. 0. 0. 0. 0. 0. 0. 0. 0. 0. 0. 0. 0.
 0. 0. 0. 0. 0. 0. 0. 0. 0. 0. 0. 0. 0. 0. 0. 0. 0. 0. 0. 0. 0. 0. 0. 0.
 0. 0. 0. 0. 0. 0. 0. 0. 0. 0. 0. 0. 0. 0. 0. 0. 0. 0. 0. 0. 0. 0. 0. 0.
 0. 0. 0. 0. 0. 0. 0. 0. 0. 0. 0. 0. 0. 0. 0. 0. 0. 0. 0. 0. 0. 0. 0. 0.
 0. 0. 0. 0. 0. 0. 0. 0. 0. 0. 0. 0. 0. 0. 0. 0. 0. 0. 0. 0. 0. 0. 0. 0.
 0. 0. 0. 0. 0. 0. 0. 0. 0. 0. 0. 0. 0. 0. 0. 0. 0. 0. 0. 0. 0. 0. 0. 0.
 0. 0. 0. 0. 0. 0. 0. 0.]
y_pred:  [1. 1. 1. 1. 1. 1. 1. 0. 0. 0. 0. 0. 0. 0. 1. 1. 1. 1. 1. 1. 1. 0. 0. 0.
 0. 0. 0. 0. 1. 1. 1. 1. 1. 1. 1. 1. 1. 1. 1. 1. 1. 1. 0. 0. 0. 0. 0. 0.
 0. 1. 1. 1. 1. 1. 1. 1. 0. 0. 0. 0. 0. 0. 0. 1. 1. 1. 1. 1. 1. 1. 0. 0.
 0. 0. 0. 0. 0. 0. 0. 0. 0. 0. 0. 0. 0. 0. 0. 0. 0. 0. 0. 0. 0. 0. 0. 0.
 0. 0. 0. 0. 0. 0. 0. 0. 0. 0. 0. 0. 0. 0. 0. 0. 0. 0. 0. 0. 0. 0. 0. 0.
 0. 0. 0. 0. 0. 0. 0. 0. 0. 0. 0. 0. 0. 0. 0. 0. 0. 0. 0. 0. 0. 0. 0. 0.
 0. 0. 0. 0. 0. 0. 0. 0. 0. 0. 0. 0. 0. 0. 0. 0. 0. 0. 0. 0. 0. 0. 0. 0.
 0. 0. 0. 0. 0. 0. 0. 0. 0. 0. 0. 0. 0. 0. 0. 0. 0. 0. 0. 0. 0. 0. 0. 0.
 0. 0. 0. 0. 0. 0. 0. 0.]
Normalized importance:  [0.52879581 0.16230366 0.1973822  0.2539267  0.13036649 0.35183246
 0.34397906 0.19581152 0.31727749 0.42931937 0.11989529 0.24921466
 0.10157068 0.         0.56020942 0.36596859 0.54450262 0.26858639
 0.20104712 0.         0.44450262 0.58115183 0.07277487 0.28272251
 0.18534031 0.27382199 0.14240838 0.15863874 1.         0.66492147
 0.33350785 0.2513089  0.58638743 0.51570681 0.39319372 0.50942408
 0.19842932 0.33141361 0.20157068 0.16753927 0.37696335 0.42931937
 0.30732984 0.31099476 0.15811518 0.21099476 0.18795812 0.08010471
 0.14554974 0.51361257 0.10314136 0.16963351 0.10314136 0.39371728
 0.08429319 0.32146597 0.02853403 0.04581152 0.         0.2565445
 0.06492147 0.11151832 0.01209424 0.35078534 0.20680628 0.33769634
 0.00691099 0.39633508 0.         0.27120419 0.17853403 0.
 0.         0.17434555 0.         0.         0.         0.
 0.         0.         0.         0.14764398 0.         0.0134555
 0.17015707 0.08795812 0.         0.         0.14502618 0.
 0.16230366 0.22565445 0.         0.15706806 0.         0.
 0.0108377  0.1895288  0.04722513 0.21204188 0.24136126 0.
 0.         0.         0.         0.19319372 0.17225131 0.13089005
 0.00832461 0.08638743 0.         0.         0.2078534  0.18481675
 0.         0.1382199  0.         0.07172775 0.07905759 0.
 0.         0.         0.         0.36963351 0.         0.
 0.06073298 0.         0.         0.20680628 0.05759162 0.0591623
 0.         0.21204188 0.         0.10418848 0.13141361 0.14554974
 0.         0.45078534 0.11675393 0.13455497 0.         0.0947644
 0.         0.         0.10680628 0.         0.14136126 0.
 0.16649215 0.         0.27486911 0.         0.11256545 0.07905759
 0.         0.04596859 0.18691099 0.08691099 0.0539267  0.
 0.         0.         0.13350785 0.         0.08062827 0.
 0.06335079 0.11465969 0.         0.17434555 0.01712042 0.17486911
 0.         0.         0.26701571 0.02534031 0.1434555  0.20104712
 0.28272251 0.05       0.16858639 0.         0.         0.17486911
 0.05811518 0.10104712 0.         0.08534031 0.01486911 0.
 0.20890052 0.08010471 0.00261257 0.11832461 0.02329843 0.
 0.         0.        ]
pyseer
y_true:  [0. 0. 0. 0. 0. 0. 0. 0. 0. 0. 0. 0. 0. 0. 1. 1. 1. 1. 1. 1. 1. 1. 1. 1.
 1. 1. 1. 1. 1. 1. 1. 1. 1. 1. 1. 1. 1. 1. 1. 1. 1. 1. 0. 0. 0. 0. 0. 0.
 0. 1. 1. 1. 1. 1. 1. 1. 0. 0. 0. 0. 0. 0. 0. 0. 0. 0. 0. 0. 0. 0. 0. 0.
 0. 0. 0. 0. 0. 0. 0. 0. 0. 0. 0. 0. 0. 0. 0. 0. 0. 0. 0. 0. 0. 0. 0. 0.
 0. 0. 0. 0. 0. 0. 0. 0. 0. 0. 0. 0. 0. 0. 0. 0. 0. 0. 0. 0. 0. 0. 0. 0.
 0. 0. 0. 0. 0. 0. 0. 0. 0. 0. 0. 0. 0. 0. 0. 0. 0. 0. 0. 0. 0. 0. 0. 0.
 0. 0. 0. 0. 0. 0. 0. 0. 0. 0. 0. 0. 0. 0. 0. 0. 0. 0. 0. 0. 0. 0. 0. 0.
 0. 0. 0. 0. 0. 0. 0. 0. 0. 0. 0. 0. 0. 0. 0. 0. 0. 0. 0. 0. 0. 0. 0. 0.
 0. 0. 0. 0. 0. 0. 0. 0.]
y_pred:  [1. 0. 1. 1. 0. 1. 1. 1. 1. 1. 0. 1. 0. 0. 1. 1. 1. 1. 1. 0. 1. 1. 0. 1.
 1. 1. 0. 0. 1. 1. 1. 1. 1. 1. 1. 1. 1. 1. 1. 0. 1. 1. 1. 1. 0. 1. 1. 0.
 0. 1. 0. 0. 0. 1. 0. 1. 0. 0. 0. 1. 0. 0. 0. 1. 1. 1. 0. 1. 0. 1. 1. 0.
 0. 1. 0. 0. 0. 0. 0. 0. 0. 0. 0. 0. 1. 0. 0. 0. 0. 0. 0. 1. 0. 0. 0. 0.
 0. 1. 0. 1. 1. 0. 0. 0. 0. 1. 1. 0. 0. 0. 0. 0. 1. 1. 0. 0. 0. 0. 0. 0.
 0. 0. 0. 1. 0. 0. 0. 0. 0. 1. 0. 0. 0. 1. 0. 0. 0. 0. 0. 1. 0. 0. 0. 0.
 0. 0. 0. 0. 0. 0. 0. 0. 1. 0. 0. 0. 0. 0. 1. 0. 0. 0. 0. 0. 0. 0. 0. 0.
 0. 0. 0. 1. 0. 1. 0. 0. 1. 0. 0. 1. 1. 0. 0. 0. 0. 1. 0. 0. 0. 0. 0. 0.
 1. 0. 0. 0. 0. 0. 0. 0.]
Time taken: 22.99002456665039 seconds
Running combination 12 of 50
Fitting RandomForest...
Fitting Adaboost...
Fitting AdaBoost_2...
Fitting et...
Fitting gbc...
Fitting gbc_2...
Fitting gbc_3...
Fitting dt...
Fitting lr...
Fitting Lasso_1...
Fitting Lasso_2...
Fitting Lasso_3...
Fitting Lasso_4...
Fitting elasticnet...
VCF file created successfully.
pyseer stderr:  Read 1000 phenotypes
Detected continuous phenotype
Reading all variants

0variants [00:00, ?variants/s]
55variants [00:00, 542.05variants/s]
110variants [00:00, 339.75variants/s]
165variants [00:00, 410.46variants/s]
198variants [00:00, 424.13variants/s]
Applying correlation filtering

  0%|          | 0/198 [00:00<?, ?variants/s]
100%|██████████| 198/198 [00:00<00:00, 2500.49variants/s]
Fitting elastic net to top 148 variants
Best penalty (lambda) from cross-validation: 1.46E+01
Best R^2 from cross-validation: 0.506
Finding and printing selected variants
198 loaded variants
50 pre-filtered variants
148 tested variants
141 printed variants

True importance standardized:  [0.21731336 0.21731336 0.21731336 0.21731336 0.21731336 0.21731336
 0.21731336 0.23482184 0.23482184 0.23482184 0.23482184 0.23482184
 0.23482184 0.23482184 0.36253414 0.36253414 0.36253414 0.36253414
 0.36253414 0.36253414 0.36253414 1.         1.         1.
 1.         1.         1.         1.         0.97816299 0.97816299
 0.97816299 0.97816299 0.97816299 0.97816299 0.97816299 0.88212751
 0.88212751 0.88212751 0.88212751 0.88212751 0.88212751 0.88212751
 0.29375577 0.29375577 0.29375577 0.29375577 0.29375577 0.29375577
 0.29375577 0.68055585 0.68055585 0.68055585 0.68055585 0.68055585
 0.68055585 0.68055585 0.47110413 0.47110413 0.47110413 0.47110413
 0.47110413 0.47110413 0.47110413 0.71776079 0.71776079 0.71776079
 0.71776079 0.71776079 0.71776079 0.71776079 0.         0.
 0.         0.         0.         0.         0.         0.
 0.         0.         0.         0.         0.         0.
 0.         0.         0.         0.         0.         0.
 0.         0.         0.         0.         0.         0.
 0.         0.         0.         0.         0.         0.
 0.         0.         0.         0.         0.         0.
 0.         0.         0.         0.         0.         0.
 0.         0.         0.         0.         0.         0.
 0.         0.         0.         0.         0.         0.
 0.         0.         0.         0.         0.         0.
 0.         0.         0.         0.         0.         0.
 0.         0.         0.         0.         0.         0.
 0.         0.         0.         0.         0.         0.
 0.         0.         0.         0.         0.         0.
 0.         0.         0.         0.         0.         0.
 0.         0.         0.         0.         0.         0.
 0.         0.         0.         0.         0.         0.
 0.         0.         0.         0.         0.         0.
 0.         0.         0.         0.         0.         0.
 0.         0.         0.         0.         0.         0.
 0.         0.         0.         0.         0.         0.
 0.         0.        ]
Normalized importance:  [0.03800182 0.03800182 0.03800182 0.03800182 0.03800182 0.03800182
 0.03800182 0.0672647  0.         0.         0.0672647  0.
 0.         0.0672647  0.12085294 0.12085294 0.12085294 0.12085294
 0.12085294 0.12085294 0.12085294 1.         1.         1.
 1.         1.         1.         1.         0.79349377 0.79349377
 0.79349377 0.79349377 0.79349377 0.79349377 0.79349377 0.86950823
 0.86950823 0.86950823 0.86950823 0.86950823 0.86950823 0.86950823
 0.         0.         0.         0.         0.07282916 0.
 0.         0.51704441 0.51704441 0.51704441 0.51704441 0.51704441
 0.51704441 0.51704441 0.12638726 0.12638726 0.12638726 0.12638726
 0.12638726 0.12638726 0.12638726 0.56867272 0.56867272 0.56867272
 0.56867272 0.56867272 0.56867272 0.56867272 0.         0.
 0.         0.         0.         0.         0.         0.
 0.         0.         0.         0.         0.         0.
 0.         0.         0.         0.         0.         0.
 0.         0.         0.         0.01266974 0.         0.
 0.         0.         0.         0.         0.         0.
 0.0237251  0.         0.         0.         0.         0.
 0.         0.02087776 0.         0.         0.         0.
 0.         0.         0.         0.         0.         0.
 0.         0.         0.         0.         0.         0.
 0.         0.         0.         0.         0.         0.
 0.         0.         0.02041303 0.         0.         0.
 0.         0.         0.         0.         0.         0.
 0.         0.         0.         0.         0.         0.
 0.         0.         0.         0.         0.         0.
 0.         0.         0.         0.         0.         0.
 0.02920712 0.         0.         0.         0.         0.
 0.         0.0639259  0.         0.         0.         0.
 0.         0.         0.         0.         0.         0.
 0.         0.00852289 0.         0.         0.         0.
 0.         0.         0.         0.01983077 0.         0.
 0.         0.         0.         0.         0.02052892 0.
 0.         0.        ]
deepbreaks
y_true:  [0. 0. 0. 0. 0. 0. 0. 0. 0. 0. 0. 0. 0. 0. 0. 0. 0. 0. 0. 0. 0. 1. 1. 1.
 1. 1. 1. 1. 1. 1. 1. 1. 1. 1. 1. 1. 1. 1. 1. 1. 1. 1. 0. 0. 0. 0. 0. 0.
 0. 1. 1. 1. 1. 1. 1. 1. 0. 0. 0. 0. 0. 0. 0. 1. 1. 1. 1. 1. 1. 1. 0. 0.
 0. 0. 0. 0. 0. 0. 0. 0. 0. 0. 0. 0. 0. 0. 0. 0. 0. 0. 0. 0. 0. 0. 0. 0.
 0. 0. 0. 0. 0. 0. 0. 0. 0. 0. 0. 0. 0. 0. 0. 0. 0. 0. 0. 0. 0. 0. 0. 0.
 0. 0. 0. 0. 0. 0. 0. 0. 0. 0. 0. 0. 0. 0. 0. 0. 0. 0. 0. 0. 0. 0. 0. 0.
 0. 0. 0. 0. 0. 0. 0. 0. 0. 0. 0. 0. 0. 0. 0. 0. 0. 0. 0. 0. 0. 0. 0. 0.
 0. 0. 0. 0. 0. 0. 0. 0. 0. 0. 0. 0. 0. 0. 0. 0. 0. 0. 0. 0. 0. 0. 0. 0.
 0. 0. 0. 0. 0. 0. 0. 0.]
y_pred:  [0. 0. 0. 0. 0. 0. 0. 0. 0. 0. 0. 0. 0. 0. 0. 0. 0. 0. 0. 0. 0. 1. 1. 1.
 1. 1. 1. 1. 1. 1. 1. 1. 1. 1. 1. 1. 1. 1. 1. 1. 1. 1. 0. 0. 0. 0. 0. 0.
 0. 1. 1. 1. 1. 1. 1. 1. 0. 0. 0. 0. 0. 0. 0. 1. 1. 1. 1. 1. 1. 1. 0. 0.
 0. 0. 0. 0. 0. 0. 0. 0. 0. 0. 0. 0. 0. 0. 0. 0. 0. 0. 0. 0. 0. 0. 0. 0.
 0. 0. 0. 0. 0. 0. 0. 0. 0. 0. 0. 0. 0. 0. 0. 0. 0. 0. 0. 0. 0. 0. 0. 0.
 0. 0. 0. 0. 0. 0. 0. 0. 0. 0. 0. 0. 0. 0. 0. 0. 0. 0. 0. 0. 0. 0. 0. 0.
 0. 0. 0. 0. 0. 0. 0. 0. 0. 0. 0. 0. 0. 0. 0. 0. 0. 0. 0. 0. 0. 0. 0. 0.
 0. 0. 0. 0. 0. 0. 0. 0. 0. 0. 0. 0. 0. 0. 0. 0. 0. 0. 0. 0. 0. 0. 0. 0.
 0. 0. 0. 0. 0. 0. 0. 0.]
Normalized importance:  [9.55625990e-02 1.61648177e-01 5.07131537e-02 7.55942948e-02
 6.68779715e-03 2.12361331e-01 2.12361331e-01 2.48811410e-01
 4.19968304e-02 0.00000000e+00 4.16798732e-01 9.90491284e-02
 8.14580032e-02 5.27733756e-02 3.01109350e-01 1.49128368e-01
 8.17749604e-02 1.64817750e-01 5.07131537e-02 2.34548336e-01
 2.09191759e-01 9.14421553e-01 5.30903328e-01 3.69255151e-01
 6.92551506e-01 3.61331220e-01 4.73851030e-01 5.89540412e-02
 8.68462758e-01 4.15213946e-01 3.31220285e-01 2.70998415e-01
 3.80348653e-01 5.46751189e-01 3.02694136e-01 1.00000000e+00
 1.16957211e-02 4.46909667e-01 3.34389857e-01 3.62916006e-01
 4.94453249e-01 1.61648177e-01 2.55150555e-01 6.35499208e-02
 0.00000000e+00 2.13946117e-01 4.32646593e-01 0.00000000e+00
 7.82884311e-03 6.22820919e-01 3.35974643e-01 3.66085578e-01
 4.83359746e-01 3.01109350e-01 0.00000000e+00 3.05863708e-01
 2.96354992e-01 5.11885895e-02 3.62916006e-01 5.41996830e-03
 2.50396197e-01 1.98098257e-02 3.50237718e-01 7.02060222e-01
 2.77337559e-01 0.00000000e+00 3.35974643e-01 4.35816165e-01
 4.23137876e-01 2.25039620e-01 0.00000000e+00 0.00000000e+00
 0.00000000e+00 9.30269414e-02 2.86846276e-01 1.17908082e-01
 0.00000000e+00 1.42313788e-01 0.00000000e+00 2.69413629e-01
 2.18700475e-01 0.00000000e+00 0.00000000e+00 2.67828843e-02
 1.28684628e-01 0.00000000e+00 5.81616482e-02 4.56418384e-01
 7.30586371e-02 2.80507132e-01 0.00000000e+00 3.02694136e-01
 8.58954041e-02 1.58320127e-02 0.00000000e+00 0.00000000e+00
 0.00000000e+00 1.60063391e-01 2.82091918e-02 0.00000000e+00
 3.66085578e-01 1.00316957e-01 4.73851030e-01 0.00000000e+00
 7.70206022e-02 0.00000000e+00 0.00000000e+00 2.51980983e-01
 2.29793978e-01 2.21870048e-01 2.45641838e-01 2.31378764e-01
 2.85261490e-01 2.86846276e-01 0.00000000e+00 0.00000000e+00
 0.00000000e+00 0.00000000e+00 1.31854200e-01 0.00000000e+00
 0.00000000e+00 2.02852615e-01 0.00000000e+00 1.40729002e-01
 1.41204437e-01 1.43106181e-01 9.28684628e-02 2.39302694e-01
 2.15530903e-01 9.66719493e-02 1.53565769e-01 2.26624406e-01
 0.00000000e+00 2.02852615e-01 2.66244057e-01 0.00000000e+00
 0.00000000e+00 1.38827258e-01 1.45166403e-01 1.38668780e-02
 0.00000000e+00 0.00000000e+00 0.00000000e+00 0.00000000e+00
 0.00000000e+00 1.50396197e-01 8.05071315e-02 0.00000000e+00
 0.00000000e+00 0.00000000e+00 1.96513471e-01 0.00000000e+00
 0.00000000e+00 4.12044374e-01 0.00000000e+00 1.11251981e-01
 8.38351823e-03 0.00000000e+00 2.12361331e-02 0.00000000e+00
 3.93026941e-01 3.69255151e-02 1.80665610e-01 0.00000000e+00
 0.00000000e+00 9.66719493e-02 8.41521395e-02 0.00000000e+00
 4.29477021e-04 4.24722662e-01 0.00000000e+00 1.82250396e-01
 2.86846276e-01 0.00000000e+00 0.00000000e+00 1.41838352e-01
 2.64659271e-01 1.74326466e-01 1.35340729e-01 1.11885895e-01
 1.00316957e-01 3.74009509e-01 0.00000000e+00 1.20126783e-01
 9.73058637e-02 1.29793978e-01 8.00316957e-03 0.00000000e+00
 0.00000000e+00 1.50396197e-01 2.34548336e-01 0.00000000e+00
 4.29477021e-02 0.00000000e+00 0.00000000e+00 1.21077655e-01
 2.37717908e-01 0.00000000e+00 0.00000000e+00 0.00000000e+00]
pyseer
y_true:  [0. 0. 0. 0. 0. 0. 0. 0. 0. 0. 0. 0. 0. 0. 0. 0. 0. 0. 0. 0. 0. 1. 1. 1.
 1. 1. 1. 1. 1. 1. 1. 1. 1. 1. 1. 1. 1. 1. 1. 1. 1. 1. 0. 0. 0. 0. 0. 0.
 0. 1. 1. 1. 1. 1. 1. 1. 0. 0. 0. 0. 0. 0. 0. 1. 1. 1. 1. 1. 1. 1. 0. 0.
 0. 0. 0. 0. 0. 0. 0. 0. 0. 0. 0. 0. 0. 0. 0. 0. 0. 0. 0. 0. 0. 0. 0. 0.
 0. 0. 0. 0. 0. 0. 0. 0. 0. 0. 0. 0. 0. 0. 0. 0. 0. 0. 0. 0. 0. 0. 0. 0.
 0. 0. 0. 0. 0. 0. 0. 0. 0. 0. 0. 0. 0. 0. 0. 0. 0. 0. 0. 0. 0. 0. 0. 0.
 0. 0. 0. 0. 0. 0. 0. 0. 0. 0. 0. 0. 0. 0. 0. 0. 0. 0. 0. 0. 0. 0. 0. 0.
 0. 0. 0. 0. 0. 0. 0. 0. 0. 0. 0. 0. 0. 0. 0. 0. 0. 0. 0. 0. 0. 0. 0. 0.
 0. 0. 0. 0. 0. 0. 0. 0.]
y_pred:  [0. 0. 0. 0. 0. 1. 1. 1. 0. 0. 1. 0. 0. 0. 1. 0. 0. 0. 0. 1. 1. 1. 1. 1.
 1. 1. 1. 0. 1. 1. 1. 1. 1. 1. 1. 1. 0. 1. 1. 1. 1. 0. 1. 0. 0. 1. 1. 0.
 0. 1. 1. 1. 1. 1. 0. 1. 1. 0. 1. 0. 1. 0. 1. 1. 1. 0. 1. 1. 1. 1. 0. 0.
 0. 0. 1. 0. 0. 0. 0. 1. 1. 0. 0. 0. 0. 0. 0. 1. 0. 1. 0. 1. 0. 0. 0. 0.
 0. 0. 0. 0. 1. 0. 1. 0. 0. 0. 0. 1. 1. 1. 1. 1. 1. 1. 0. 0. 0. 0. 0. 0.
 0. 0. 0. 0. 0. 0. 0. 1. 1. 0. 0. 1. 0. 0. 1. 0. 0. 0. 0. 0. 0. 0. 0. 0.
 0. 0. 0. 0. 0. 0. 0. 0. 0. 1. 0. 0. 0. 0. 0. 0. 1. 0. 0. 0. 0. 0. 0. 0.
 0. 1. 0. 0. 1. 0. 0. 0. 1. 0. 0. 0. 0. 1. 0. 0. 0. 0. 0. 0. 0. 0. 1. 0.
 0. 0. 0. 0. 1. 0. 0. 0.]
Time taken: 23.913300037384033 seconds
Running combination 13 of 50
Fitting RandomForest...
Fitting Adaboost...
Fitting AdaBoost_2...
Fitting et...
Fitting gbc...
Fitting gbc_2...
Fitting gbc_3...
Fitting dt...
Fitting lr...
Fitting Lasso_1...
Fitting Lasso_2...
Fitting Lasso_3...
Fitting Lasso_4...
Fitting elasticnet...
VCF file created successfully.
pyseer stderr:  Read 1000 phenotypes
Detected continuous phenotype
Reading all variants

0variants [00:00, ?variants/s]
55variants [00:00, 548.74variants/s]
110variants [00:00, 480.39variants/s]
166variants [00:00, 511.72variants/s]
198variants [00:00, 515.91variants/s]
Applying correlation filtering

  0%|          | 0/198 [00:00<?, ?variants/s]
100%|██████████| 198/198 [00:00<00:00, 2619.62variants/s]
Fitting elastic net to top 148 variants
Best penalty (lambda) from cross-validation: 1.22E+01
Best R^2 from cross-validation: 0.532
Finding and printing selected variants
198 loaded variants
50 pre-filtered variants
148 tested variants
130 printed variants

True importance standardized:  [0.53670822 0.53670822 0.53670822 0.53670822 0.53670822 0.53670822
 0.53670822 0.50624634 0.50624634 0.50624634 0.50624634 0.50624634
 0.50624634 0.50624634 0.70784971 0.70784971 0.70784971 0.70784971
 0.70784971 0.70784971 0.70784971 0.19112103 0.19112103 0.19112103
 0.19112103 0.19112103 0.19112103 0.19112103 0.63589033 0.63589033
 0.63589033 0.63589033 0.63589033 0.63589033 0.63589033 1.
 1.         1.         1.         1.         1.         1.
 0.21685804 0.21685804 0.21685804 0.21685804 0.21685804 0.21685804
 0.21685804 0.41831378 0.41831378 0.41831378 0.41831378 0.41831378
 0.41831378 0.41831378 0.45817924 0.45817924 0.45817924 0.45817924
 0.45817924 0.45817924 0.45817924 0.42978355 0.42978355 0.42978355
 0.42978355 0.42978355 0.42978355 0.42978355 0.         0.
 0.         0.         0.         0.         0.         0.
 0.         0.         0.         0.         0.         0.
 0.         0.         0.         0.         0.         0.
 0.         0.         0.         0.         0.         0.
 0.         0.         0.         0.         0.         0.
 0.         0.         0.         0.         0.         0.
 0.         0.         0.         0.         0.         0.
 0.         0.         0.         0.         0.         0.
 0.         0.         0.         0.         0.         0.
 0.         0.         0.         0.         0.         0.
 0.         0.         0.         0.         0.         0.
 0.         0.         0.         0.         0.         0.
 0.         0.         0.         0.         0.         0.
 0.         0.         0.         0.         0.         0.
 0.         0.         0.         0.         0.         0.
 0.         0.         0.         0.         0.         0.
 0.         0.         0.         0.         0.         0.
 0.         0.         0.         0.         0.         0.
 0.         0.         0.         0.         0.         0.
 0.         0.         0.         0.         0.         0.
 0.         0.         0.         0.         0.         0.
 0.         0.        ]
Normalized importance:  [0.17497935 0.17497935 0.17497935 0.17497935 0.17497935 0.17497935
 0.17497935 0.18573272 0.18573272 0.18573272 0.18573272 0.18573272
 0.18573272 0.18573272 0.42980231 0.42980231 0.42980231 0.42980231
 0.42980231 0.42980231 0.42980231 0.06686989 0.06686989 0.06686989
 0.06686989 0.06686989 0.06686989 0.06686989 0.43354467 0.43354467
 0.43354467 0.43354467 0.43354467 0.43354467 0.43354467 1.
 1.         1.         1.         1.         1.         1.
 0.02477633 0.         0.         0.02477633 0.         0.02477633
 0.02477633 0.11040383 0.11040383 0.11040383 0.11040383 0.11040383
 0.11040383 0.11040383 0.30739977 0.30739977 0.30739977 0.30739977
 0.30739977 0.30739977 0.30739977 0.23181194 0.23181194 0.23181194
 0.23181194 0.23181194 0.23181194 0.23181194 0.         0.00832804
 0.         0.         0.         0.         0.         0.
 0.         0.         0.         0.         0.         0.
 0.02167055 0.         0.         0.         0.         0.
 0.         0.         0.         0.         0.         0.
 0.         0.         0.         0.         0.         0.01967603
 0.         0.         0.         0.         0.         0.
 0.         0.         0.02817452 0.         0.01182696 0.
 0.         0.01207934 0.         0.0154831  0.         0.
 0.         0.         0.02576157 0.         0.         0.
 0.         0.         0.         0.01040501 0.         0.
 0.01823771 0.         0.         0.         0.         0.
 0.         0.         0.         0.         0.         0.
 0.         0.         0.         0.         0.         0.
 0.         0.         0.         0.         0.         0.
 0.         0.         0.         0.         0.01814717 0.
 0.         0.         0.         0.         0.         0.
 0.         0.         0.         0.         0.         0.02841326
 0.         0.         0.         0.         0.         0.
 0.         0.         0.         0.04184996 0.         0.
 0.         0.         0.         0.         0.         0.
 0.         0.00702334 0.         0.         0.         0.
 0.         0.        ]
deepbreaks
y_true:  [1. 1. 1. 1. 1. 1. 1. 1. 1. 1. 1. 1. 1. 1. 1. 1. 1. 1. 1. 1. 1. 0. 0. 0.
 0. 0. 0. 0. 1. 1. 1. 1. 1. 1. 1. 1. 1. 1. 1. 1. 1. 1. 0. 0. 0. 0. 0. 0.
 0. 0. 0. 0. 0. 0. 0. 0. 0. 0. 0. 0. 0. 0. 0. 0. 0. 0. 0. 0. 0. 0. 0. 0.
 0. 0. 0. 0. 0. 0. 0. 0. 0. 0. 0. 0. 0. 0. 0. 0. 0. 0. 0. 0. 0. 0. 0. 0.
 0. 0. 0. 0. 0. 0. 0. 0. 0. 0. 0. 0. 0. 0. 0. 0. 0. 0. 0. 0. 0. 0. 0. 0.
 0. 0. 0. 0. 0. 0. 0. 0. 0. 0. 0. 0. 0. 0. 0. 0. 0. 0. 0. 0. 0. 0. 0. 0.
 0. 0. 0. 0. 0. 0. 0. 0. 0. 0. 0. 0. 0. 0. 0. 0. 0. 0. 0. 0. 0. 0. 0. 0.
 0. 0. 0. 0. 0. 0. 0. 0. 0. 0. 0. 0. 0. 0. 0. 0. 0. 0. 0. 0. 0. 0. 0. 0.
 0. 0. 0. 0. 0. 0. 0. 0.]
y_pred:  [0. 0. 0. 0. 0. 0. 0. 1. 1. 1. 1. 1. 1. 1. 1. 1. 1. 1. 1. 1. 1. 0. 0. 0.
 0. 0. 0. 0. 1. 1. 1. 1. 1. 1. 1. 1. 1. 1. 1. 1. 1. 1. 0. 0. 0. 0. 0. 0.
 0. 0. 0. 0. 0. 0. 0. 0. 1. 1. 1. 1. 1. 1. 1. 1. 1. 1. 1. 1. 1. 1. 0. 0.
 0. 0. 0. 0. 0. 0. 0. 0. 0. 0. 0. 0. 0. 0. 0. 0. 0. 0. 0. 0. 0. 0. 0. 0.
 0. 0. 0. 0. 0. 0. 0. 0. 0. 0. 0. 0. 0. 0. 0. 0. 0. 0. 0. 0. 0. 0. 0. 0.
 0. 0. 0. 0. 0. 0. 0. 0. 0. 0. 0. 0. 0. 0. 0. 0. 0. 0. 0. 0. 0. 0. 0. 0.
 0. 0. 0. 0. 0. 0. 0. 0. 0. 0. 0. 0. 0. 0. 0. 0. 0. 0. 0. 0. 0. 0. 0. 0.
 0. 0. 0. 0. 0. 0. 0. 0. 0. 0. 0. 0. 0. 0. 0. 0. 0. 0. 0. 0. 0. 0. 0. 0.
 0. 0. 0. 0. 0. 0. 0. 0.]
Normalized importance:  [5.39603960e-01 1.81683168e-01 2.47524752e-01 2.07425743e-01
 2.33910891e-01 3.04455446e-01 1.55198020e-01 4.87623762e-01
 2.79702970e-01 2.06188119e-01 1.17574257e-01 2.82178218e-01
 2.08168317e-01 2.62376238e-01 6.83168317e-01 4.28217822e-01
 2.82178218e-01 4.40594059e-01 3.26732673e-01 3.11881188e-01
 2.43564356e-01 2.79702970e-01 2.06435644e-02 4.08415842e-01
 5.94059406e-02 0.00000000e+00 7.84653465e-02 2.05940594e-01
 7.52475248e-01 1.52970297e-01 4.33168317e-01 1.05198020e-01
 1.72772277e-01 5.02475248e-01 3.11881188e-01 1.00000000e+00
 2.77227723e-01 2.92079208e-01 3.41584158e-01 5.81683168e-01
 8.09405941e-01 7.15346535e-01 1.41336634e-01 0.00000000e+00
 0.00000000e+00 8.93564356e-02 0.00000000e+00 1.72277228e-01
 2.82178218e-01 2.50000000e-01 2.94554455e-01 0.00000000e+00
 1.42326733e-01 2.36881188e-01 2.29702970e-01 2.57425743e-01
 5.12376238e-01 3.16831683e-01 7.97029703e-02 1.92574257e-01
 3.01980198e-01 3.83663366e-01 1.99257426e-01 4.23267327e-01
 1.92821782e-01 6.50990099e-02 4.00990099e-01 5.29702970e-01
 6.78217822e-02 1.38861386e-01 1.95297030e-01 1.78960396e-01
 0.00000000e+00 0.00000000e+00 0.00000000e+00 0.00000000e+00
 6.53465347e-02 6.80693069e-02 0.00000000e+00 1.11633663e-01
 3.88613861e-02 0.00000000e+00 0.00000000e+00 1.39356436e-01
 2.57425743e-01 0.00000000e+00 0.00000000e+00 1.72029703e-01
 1.23762376e-01 2.42574257e-01 1.87871287e-01 5.56930693e-02
 6.33663366e-02 8.96039604e-02 1.22772277e-01 1.01485149e-01
 1.28217822e-01 1.04950495e-01 5.84158416e-02 0.00000000e+00
 2.67326733e-02 2.34900990e-02 3.98514851e-02 0.00000000e+00
 9.95049505e-02 0.00000000e+00 5.56930693e-02 1.13366337e-02
 0.00000000e+00 0.00000000e+00 1.90099010e-01 0.00000000e+00
 2.20297030e-01 0.00000000e+00 0.00000000e+00 9.45544554e-02
 0.00000000e+00 2.64851485e-01 0.00000000e+00 0.00000000e+00
 4.00990099e-02 5.29702970e-02 2.57425743e-01 1.38118812e-01
 0.00000000e+00 0.00000000e+00 0.00000000e+00 3.86138614e-02
 0.00000000e+00 2.27970297e-01 0.00000000e+00 0.00000000e+00
 2.67326733e-01 0.00000000e+00 0.00000000e+00 0.00000000e+00
 0.00000000e+00 5.64356436e-02 0.00000000e+00 1.07920792e-01
 0.00000000e+00 0.00000000e+00 7.77227723e-02 0.00000000e+00
 0.00000000e+00 1.70544554e-01 0.00000000e+00 0.00000000e+00
 1.20049505e-01 0.00000000e+00 0.00000000e+00 1.63613861e-01
 8.39108911e-02 0.00000000e+00 0.00000000e+00 0.00000000e+00
 7.47524752e-02 1.49009901e-01 0.00000000e+00 3.56435644e-04
 1.15346535e-01 0.00000000e+00 0.00000000e+00 1.26980198e-01
 9.95049505e-02 0.00000000e+00 0.00000000e+00 0.00000000e+00
 0.00000000e+00 1.28465347e-01 0.00000000e+00 1.45049505e-01
 0.00000000e+00 1.84900990e-01 0.00000000e+00 0.00000000e+00
 1.17574257e-01 0.00000000e+00 5.09900990e-02 0.00000000e+00
 0.00000000e+00 0.00000000e+00 0.00000000e+00 3.06930693e-01
 3.46534653e-02 0.00000000e+00 1.44801980e-01 3.68811881e-02
 0.00000000e+00 1.48514851e-01 1.93564356e-02 8.31683168e-02
 2.04702970e-01 1.13613861e-01 0.00000000e+00 0.00000000e+00
 1.94801980e-01 0.00000000e+00 0.00000000e+00 0.00000000e+00]
pyseer
y_true:  [1. 1. 1. 1. 1. 1. 1. 1. 1. 1. 1. 1. 1. 1. 1. 1. 1. 1. 1. 1. 1. 0. 0. 0.
 0. 0. 0. 0. 1. 1. 1. 1. 1. 1. 1. 1. 1. 1. 1. 1. 1. 1. 0. 0. 0. 0. 0. 0.
 0. 0. 0. 0. 0. 0. 0. 0. 0. 0. 0. 0. 0. 0. 0. 0. 0. 0. 0. 0. 0. 0. 0. 0.
 0. 0. 0. 0. 0. 0. 0. 0. 0. 0. 0. 0. 0. 0. 0. 0. 0. 0. 0. 0. 0. 0. 0. 0.
 0. 0. 0. 0. 0. 0. 0. 0. 0. 0. 0. 0. 0. 0. 0. 0. 0. 0. 0. 0. 0. 0. 0. 0.
 0. 0. 0. 0. 0. 0. 0. 0. 0. 0. 0. 0. 0. 0. 0. 0. 0. 0. 0. 0. 0. 0. 0. 0.
 0. 0. 0. 0. 0. 0. 0. 0. 0. 0. 0. 0. 0. 0. 0. 0. 0. 0. 0. 0. 0. 0. 0. 0.
 0. 0. 0. 0. 0. 0. 0. 0. 0. 0. 0. 0. 0. 0. 0. 0. 0. 0. 0. 0. 0. 0. 0. 0.
 0. 0. 0. 0. 0. 0. 0. 0.]
y_pred:  [1. 1. 1. 1. 1. 1. 0. 1. 1. 1. 0. 1. 1. 1. 1. 1. 1. 1. 1. 1. 1. 1. 0. 1.
 0. 0. 0. 1. 1. 0. 1. 0. 1. 1. 1. 1. 1. 1. 1. 1. 1. 1. 0. 0. 0. 0. 0. 0.
 1. 1. 1. 0. 0. 1. 1. 1. 1. 1. 0. 1. 1. 1. 1. 1. 1. 0. 1. 1. 0. 0. 1. 1.
 0. 0. 0. 0. 0. 0. 0. 0. 0. 0. 0. 0. 1. 0. 0. 0. 0. 1. 1. 0. 0. 0. 0. 0.
 0. 0. 0. 0. 0. 0. 0. 0. 0. 0. 0. 0. 0. 0. 1. 0. 1. 0. 0. 0. 0. 1. 0. 0.
 0. 0. 1. 0. 0. 0. 0. 0. 0. 1. 0. 0. 1. 0. 0. 0. 0. 0. 0. 0. 0. 0. 0. 0.
 0. 0. 0. 0. 0. 0. 0. 0. 0. 0. 0. 0. 0. 0. 0. 0. 0. 0. 0. 0. 0. 0. 0. 0.
 0. 0. 0. 0. 0. 1. 0. 0. 0. 0. 0. 0. 0. 0. 0. 1. 0. 0. 0. 0. 0. 0. 0. 0.
 1. 0. 0. 0. 1. 0. 0. 0.]
Time taken: 22.841704845428467 seconds
Running combination 14 of 50
Fitting RandomForest...
Fitting Adaboost...
Fitting AdaBoost_2...
Fitting et...
Fitting gbc...
Fitting gbc_2...
Fitting gbc_3...
Fitting dt...
Fitting lr...
Fitting Lasso_1...
Fitting Lasso_2...
Fitting Lasso_3...
Fitting Lasso_4...
Fitting elasticnet...
VCF file created successfully.
pyseer stderr:  Read 1000 phenotypes
Detected continuous phenotype
Reading all variants

0variants [00:00, ?variants/s]
54variants [00:00, 533.11variants/s]
108variants [00:00, 471.82variants/s]
163variants [00:00, 502.59variants/s]
198variants [00:00, 507.60variants/s]
Applying correlation filtering

  0%|          | 0/198 [00:00<?, ?variants/s]
100%|██████████| 198/198 [00:00<00:00, 2704.10variants/s]
Fitting elastic net to top 148 variants
Best penalty (lambda) from cross-validation: 2.10E+01
Best R^2 from cross-validation: 0.526
Finding and printing selected variants
198 loaded variants
50 pre-filtered variants
148 tested variants
139 printed variants

True importance standardized:  [1.         1.         1.         1.         1.         1.
 1.         0.57566143 0.57566143 0.57566143 0.57566143 0.57566143
 0.57566143 0.57566143 0.304638   0.304638   0.304638   0.304638
 0.304638   0.304638   0.304638   0.80809309 0.80809309 0.80809309
 0.80809309 0.80809309 0.80809309 0.80809309 0.59242286 0.59242286
 0.59242286 0.59242286 0.59242286 0.59242286 0.59242286 0.76656194
 0.76656194 0.76656194 0.76656194 0.76656194 0.76656194 0.76656194
 0.96646061 0.96646061 0.96646061 0.96646061 0.96646061 0.96646061
 0.96646061 0.50698819 0.50698819 0.50698819 0.50698819 0.50698819
 0.50698819 0.50698819 0.42874074 0.42874074 0.42874074 0.42874074
 0.42874074 0.42874074 0.42874074 0.36312567 0.36312567 0.36312567
 0.36312567 0.36312567 0.36312567 0.36312567 0.         0.
 0.         0.         0.         0.         0.         0.
 0.         0.         0.         0.         0.         0.
 0.         0.         0.         0.         0.         0.
 0.         0.         0.         0.         0.         0.
 0.         0.         0.         0.         0.         0.
 0.         0.         0.         0.         0.         0.
 0.         0.         0.         0.         0.         0.
 0.         0.         0.         0.         0.         0.
 0.         0.         0.         0.         0.         0.
 0.         0.         0.         0.         0.         0.
 0.         0.         0.         0.         0.         0.
 0.         0.         0.         0.         0.         0.
 0.         0.         0.         0.         0.         0.
 0.         0.         0.         0.         0.         0.
 0.         0.         0.         0.         0.         0.
 0.         0.         0.         0.         0.         0.
 0.         0.         0.         0.         0.         0.
 0.         0.         0.         0.         0.         0.
 0.         0.         0.         0.         0.         0.
 0.         0.         0.         0.         0.         0.
 0.         0.         0.         0.         0.         0.
 0.         0.        ]
Normalized importance:  [0.87665306 0.87665306 0.87665306 0.87665306 0.87665306 0.87665306
 0.87665306 0.11894336 0.11894336 0.11894336 0.11894336 0.11894336
 0.11894336 0.11894336 0.09224049 0.09224049 0.09224049 0.09224049
 0.09224049 0.09224049 0.09224049 1.         1.         1.
 1.         1.         1.         1.         0.42755709 0.42755709
 0.42755709 0.42755709 0.42755709 0.42755709 0.42755709 0.54953348
 0.54953348 0.54953348 0.54953348 0.54953348 0.54953348 0.54953348
 0.79339186 0.79339186 0.79339186 0.79339186 0.79339186 0.79339186
 0.79339186 0.11860046 0.11860046 0.11860046 0.11860046 0.11860046
 0.11860046 0.11860046 0.21636924 0.21636924 0.21636924 0.21636924
 0.21636924 0.21636924 0.21636924 0.25562594 0.25562594 0.25562594
 0.25562594 0.25562594 0.25562594 0.25562594 0.         0.
 0.00655303 0.02013483 0.         0.01035553 0.         0.
 0.         0.         0.01930326 0.00772394 0.         0.
 0.         0.         0.         0.         0.         0.
 0.         0.         0.         0.         0.         0.
 0.         0.         0.01032037 0.         0.         0.
 0.         0.         0.         0.         0.         0.
 0.         0.0355275  0.         0.0260559  0.         0.
 0.         0.00677288 0.         0.         0.         0.
 0.         0.         0.         0.         0.         0.
 0.         0.         0.         0.         0.         0.
 0.         0.         0.         0.         0.         0.
 0.0237161  0.         0.         0.         0.08042179 0.
 0.         0.         0.         0.         0.         0.
 0.         0.         0.         0.         0.         0.
 0.         0.         0.         0.01852598 0.         0.
 0.02961789 0.         0.         0.         0.         0.
 0.         0.         0.         0.         0.         0.
 0.         0.         0.         0.         0.         0.
 0.         0.         0.         0.         0.         0.
 0.         0.         0.         0.         0.         0.
 0.         0.         0.02208151 0.         0.         0.
 0.         0.        ]
deepbreaks
y_true:  [1. 1. 1. 1. 1. 1. 1. 0. 0. 0. 0. 0. 0. 0. 0. 0. 0. 0. 0. 0. 0. 1. 1. 1.
 1. 1. 1. 1. 1. 1. 1. 1. 1. 1. 1. 1. 1. 1. 1. 1. 1. 1. 1. 1. 1. 1. 1. 1.
 1. 0. 0. 0. 0. 0. 0. 0. 0. 0. 0. 0. 0. 0. 0. 0. 0. 0. 0. 0. 0. 0. 0. 0.
 0. 0. 0. 0. 0. 0. 0. 0. 0. 0. 0. 0. 0. 0. 0. 0. 0. 0. 0. 0. 0. 0. 0. 0.
 0. 0. 0. 0. 0. 0. 0. 0. 0. 0. 0. 0. 0. 0. 0. 0. 0. 0. 0. 0. 0. 0. 0. 0.
 0. 0. 0. 0. 0. 0. 0. 0. 0. 0. 0. 0. 0. 0. 0. 0. 0. 0. 0. 0. 0. 0. 0. 0.
 0. 0. 0. 0. 0. 0. 0. 0. 0. 0. 0. 0. 0. 0. 0. 0. 0. 0. 0. 0. 0. 0. 0. 0.
 0. 0. 0. 0. 0. 0. 0. 0. 0. 0. 0. 0. 0. 0. 0. 0. 0. 0. 0. 0. 0. 0. 0. 0.
 0. 0. 0. 0. 0. 0. 0. 0.]
y_pred:  [1. 1. 1. 1. 1. 1. 1. 0. 0. 0. 0. 0. 0. 0. 0. 0. 0. 0. 0. 0. 0. 1. 1. 1.
 1. 1. 1. 1. 1. 1. 1. 1. 1. 1. 1. 1. 1. 1. 1. 1. 1. 1. 1. 1. 1. 1. 1. 1.
 1. 0. 0. 0. 0. 0. 0. 0. 0. 0. 0. 0. 0. 0. 0. 1. 1. 1. 1. 1. 1. 1. 0. 0.
 0. 0. 0. 0. 0. 0. 0. 0. 0. 0. 0. 0. 0. 0. 0. 0. 0. 0. 0. 0. 0. 0. 0. 0.
 0. 0. 0. 0. 0. 0. 0. 0. 0. 0. 0. 0. 0. 0. 0. 0. 0. 0. 0. 0. 0. 0. 0. 0.
 0. 0. 0. 0. 0. 0. 0. 0. 0. 0. 0. 0. 0. 0. 0. 0. 0. 0. 0. 0. 0. 0. 0. 0.
 0. 0. 0. 0. 0. 0. 0. 0. 0. 0. 0. 0. 0. 0. 0. 0. 0. 0. 0. 0. 0. 0. 0. 0.
 0. 0. 0. 0. 0. 0. 0. 0. 0. 0. 0. 0. 0. 0. 0. 0. 0. 0. 0. 0. 0. 0. 0. 0.
 0. 0. 0. 0. 0. 0. 0. 0.]
Normalized importance:  [1.         0.21105882 0.76470588 0.67529412 0.77411765 0.81411765
 0.61882353 0.33411765 0.36470588 0.28705882 0.40705882 0.40941176
 0.20941176 0.29411765 0.29411765 0.47294118 0.33882353 0.10541176
 0.06588235 0.         0.28       0.84470588 0.49647059 0.28941176
 0.89882353 0.61647059 0.38352941 0.60235294 0.55294118 0.18729412
 0.48235294 0.27764706 0.56470588 0.37647059 0.41647059 0.86117647
 0.39294118 0.49647059 0.45176471 0.32705882 0.34588235 0.40470588
 0.98588235 0.81882353 0.34352941 0.49882353 0.27764706 0.71764706
 0.54588235 0.4        0.21082353 0.26117647 0.30352941 0.30117647
 0.31529412 0.24235294 0.36470588 0.26588235 0.30117647 0.59058824
 0.06611765 0.27058824 0.21294118 0.53647059 0.         0.09082353
 0.35058824 0.12611765 0.52705882 0.11741176 0.11882353 0.
 0.06141176 0.32235294 0.15529412 0.04329412 0.01538824 0.
 0.         0.         0.40941176 0.21176471 0.03741176 0.
 0.27529412 0.04258824 0.         0.         0.         0.18917647
 0.         0.05788235 0.         0.         0.         0.10517647
 0.32941176 0.02988235 0.38588235 0.04047059 0.14070588 0.
 0.08376471 0.04352941 0.10682353 0.         0.         0.16376471
 0.         0.34117647 0.03082353 0.08376471 0.09858824 0.06682353
 0.22       0.40470588 0.         0.         0.07882353 0.13270588
 0.128      0.         0.35294118 0.08847059 0.15105882 0.04258824
 0.         0.         0.         0.         0.00588235 0.14917647
 0.         0.31058824 0.13247059 0.         0.         0.07835294
 0.38352941 0.02776471 0.124      0.17835294 0.43529412 0.11082353
 0.         0.10870588 0.04329412 0.         0.         0.
 0.         0.         0.         0.13552941 0.00736471 0.
 0.17505882 0.35529412 0.08305882 0.25176471 0.07223529 0.
 0.03035294 0.         0.         0.         0.35764706 0.08658824
 0.09411765 0.         0.         0.         0.         0.02254118
 0.         0.116      0.         0.         0.         0.
 0.         0.15129412 0.         0.         0.         0.10329412
 0.         0.         0.11035294 0.28470588 0.16305882 0.
 0.         0.17623529 0.24705882 0.         0.         0.02729412
 0.         0.        ]
pyseer
y_true:  [1. 1. 1. 1. 1. 1. 1. 0. 0. 0. 0. 0. 0. 0. 0. 0. 0. 0. 0. 0. 0. 1. 1. 1.
 1. 1. 1. 1. 1. 1. 1. 1. 1. 1. 1. 1. 1. 1. 1. 1. 1. 1. 1. 1. 1. 1. 1. 1.
 1. 0. 0. 0. 0. 0. 0. 0. 0. 0. 0. 0. 0. 0. 0. 0. 0. 0. 0. 0. 0. 0. 0. 0.
 0. 0. 0. 0. 0. 0. 0. 0. 0. 0. 0. 0. 0. 0. 0. 0. 0. 0. 0. 0. 0. 0. 0. 0.
 0. 0. 0. 0. 0. 0. 0. 0. 0. 0. 0. 0. 0. 0. 0. 0. 0. 0. 0. 0. 0. 0. 0. 0.
 0. 0. 0. 0. 0. 0. 0. 0. 0. 0. 0. 0. 0. 0. 0. 0. 0. 0. 0. 0. 0. 0. 0. 0.
 0. 0. 0. 0. 0. 0. 0. 0. 0. 0. 0. 0. 0. 0. 0. 0. 0. 0. 0. 0. 0. 0. 0. 0.
 0. 0. 0. 0. 0. 0. 0. 0. 0. 0. 0. 0. 0. 0. 0. 0. 0. 0. 0. 0. 0. 0. 0. 0.
 0. 0. 0. 0. 0. 0. 0. 0.]
y_pred:  [1. 0. 1. 1. 1. 1. 1. 1. 1. 1. 1. 1. 0. 1. 1. 1. 1. 0. 0. 0. 1. 1. 1. 1.
 1. 1. 1. 1. 1. 0. 1. 1. 1. 1. 1. 1. 1. 1. 1. 1. 1. 1. 1. 1. 1. 1. 1. 1.
 1. 1. 0. 1. 1. 1. 1. 0. 1. 1. 1. 1. 0. 1. 0. 1. 0. 0. 1. 0. 1. 0. 0. 0.
 0. 1. 0. 0. 0. 0. 0. 0. 1. 0. 0. 0. 1. 0. 0. 0. 0. 0. 0. 0. 0. 0. 0. 0.
 1. 0. 1. 0. 0. 0. 0. 0. 0. 0. 0. 0. 0. 1. 0. 0. 0. 0. 0. 1. 0. 0. 0. 0.
 0. 0. 1. 0. 0. 0. 0. 0. 0. 0. 0. 0. 0. 1. 0. 0. 0. 0. 1. 0. 0. 0. 1. 0.
 0. 0. 0. 0. 0. 0. 0. 0. 0. 0. 0. 0. 0. 1. 0. 0. 0. 0. 0. 0. 0. 0. 1. 0.
 0. 0. 0. 0. 0. 0. 0. 0. 0. 0. 0. 0. 0. 0. 0. 0. 0. 0. 0. 0. 0. 1. 0. 0.
 0. 0. 0. 0. 0. 0. 0. 0.]
Time taken: 23.391083002090454 seconds
Running combination 15 of 50
Fitting RandomForest...
Fitting Adaboost...
Fitting AdaBoost_2...
Fitting et...
Fitting gbc...
Fitting gbc_2...
Fitting gbc_3...
Fitting dt...
Fitting lr...
Fitting Lasso_1...
Fitting Lasso_2...
Fitting Lasso_3...
Fitting Lasso_4...
Fitting elasticnet...
VCF file created successfully.
pyseer stderr:  Read 1000 phenotypes
Detected continuous phenotype
Reading all variants

0variants [00:00, ?variants/s]
55variants [00:00, 546.45variants/s]
110variants [00:00, 367.69variants/s]
165variants [00:00, 432.86variants/s]
198variants [00:00, 445.29variants/s]
Applying correlation filtering

  0%|          | 0/198 [00:00<?, ?variants/s]
100%|██████████| 198/198 [00:00<00:00, 2460.60variants/s]
Fitting elastic net to top 148 variants
Best penalty (lambda) from cross-validation: 1.42E+01
Best R^2 from cross-validation: 0.496
Finding and printing selected variants
198 loaded variants
50 pre-filtered variants
148 tested variants
133 printed variants

True importance standardized:  [0.44232697 0.44232697 0.44232697 0.44232697 0.44232697 0.44232697
 0.44232697 0.34752615 0.34752615 0.34752615 0.34752615 0.34752615
 0.34752615 0.34752615 0.60139657 0.60139657 0.60139657 0.60139657
 0.60139657 0.60139657 0.60139657 0.37171181 0.37171181 0.37171181
 0.37171181 0.37171181 0.37171181 0.37171181 0.42458284 0.42458284
 0.42458284 0.42458284 0.42458284 0.42458284 0.42458284 0.37767774
 0.37767774 0.37767774 0.37767774 0.37767774 0.37767774 0.37767774
 0.96877253 0.96877253 0.96877253 0.96877253 0.96877253 0.96877253
 0.96877253 1.         1.         1.         1.         1.
 1.         1.         0.2550682  0.2550682  0.2550682  0.2550682
 0.2550682  0.2550682  0.2550682  0.53193959 0.53193959 0.53193959
 0.53193959 0.53193959 0.53193959 0.53193959 0.         0.
 0.         0.         0.         0.         0.         0.
 0.         0.         0.         0.         0.         0.
 0.         0.         0.         0.         0.         0.
 0.         0.         0.         0.         0.         0.
 0.         0.         0.         0.         0.         0.
 0.         0.         0.         0.         0.         0.
 0.         0.         0.         0.         0.         0.
 0.         0.         0.         0.         0.         0.
 0.         0.         0.         0.         0.         0.
 0.         0.         0.         0.         0.         0.
 0.         0.         0.         0.         0.         0.
 0.         0.         0.         0.         0.         0.
 0.         0.         0.         0.         0.         0.
 0.         0.         0.         0.         0.         0.
 0.         0.         0.         0.         0.         0.
 0.         0.         0.         0.         0.         0.
 0.         0.         0.         0.         0.         0.
 0.         0.         0.         0.         0.         0.
 0.         0.         0.         0.         0.         0.
 0.         0.         0.         0.         0.         0.
 0.         0.         0.         0.         0.         0.
 0.         0.        ]
Normalized importance:  [0.17516181 0.17516181 0.17516181 0.17516181 0.17516181 0.17516181
 0.17516181 0.08062056 0.08062056 0.08062056 0.08062056 0.08062056
 0.08062056 0.08062056 0.33127139 0.33127139 0.33127139 0.33127139
 0.33127139 0.33127139 0.33127139 0.29583839 0.29583839 0.29583839
 0.29583839 0.29583839 0.29583839 0.29583839 0.19974348 0.19974348
 0.19974348 0.19974348 0.19974348 0.19974348 0.19974348 0.16706844
 0.16706844 0.16706844 0.16706844 0.16706844 0.16706844 0.16706844
 1.         1.         1.         1.         1.         1.
 1.         0.94973684 0.94973684 0.94973684 0.94973684 0.94973684
 0.94973684 0.94973684 0.06199094 0.06199094 0.06199094 0.06199094
 0.06199094 0.06199094 0.06199094 0.3265322  0.3265322  0.3265322
 0.3265322  0.3265322  0.3265322  0.3265322  0.         0.
 0.         0.         0.         0.         0.         0.
 0.         0.01209545 0.         0.         0.         0.
 0.         0.         0.         0.         0.         0.
 0.         0.         0.         0.         0.         0.
 0.         0.         0.02447401 0.         0.         0.
 0.         0.         0.         0.         0.         0.
 0.         0.         0.         0.         0.         0.
 0.         0.         0.         0.         0.         0.
 0.         0.         0.         0.         0.         0.
 0.         0.         0.         0.         0.         0.
 0.         0.         0.         0.         0.         0.
 0.         0.         0.         0.         0.         0.
 0.         0.04461937 0.         0.         0.         0.
 0.         0.         0.         0.         0.         0.
 0.         0.         0.         0.         0.         0.01078268
 0.         0.         0.         0.         0.         0.
 0.         0.         0.         0.         0.         0.
 0.         0.         0.         0.01101086 0.         0.
 0.03128098 0.         0.         0.         0.         0.
 0.03508357 0.         0.         0.         0.         0.
 0.         0.         0.         0.         0.         0.
 0.         0.        ]
deepbreaks
y_true:  [1. 1. 1. 1. 1. 1. 1. 0. 0. 0. 0. 0. 0. 0. 1. 1. 1. 1. 1. 1. 1. 0. 0. 0.
 0. 0. 0. 0. 0. 0. 0. 0. 0. 0. 0. 0. 0. 0. 0. 0. 0. 0. 1. 1. 1. 1. 1. 1.
 1. 1. 1. 1. 1. 1. 1. 1. 0. 0. 0. 0. 0. 0. 0. 1. 1. 1. 1. 1. 1. 1. 0. 0.
 0. 0. 0. 0. 0. 0. 0. 0. 0. 0. 0. 0. 0. 0. 0. 0. 0. 0. 0. 0. 0. 0. 0. 0.
 0. 0. 0. 0. 0. 0. 0. 0. 0. 0. 0. 0. 0. 0. 0. 0. 0. 0. 0. 0. 0. 0. 0. 0.
 0. 0. 0. 0. 0. 0. 0. 0. 0. 0. 0. 0. 0. 0. 0. 0. 0. 0. 0. 0. 0. 0. 0. 0.
 0. 0. 0. 0. 0. 0. 0. 0. 0. 0. 0. 0. 0. 0. 0. 0. 0. 0. 0. 0. 0. 0. 0. 0.
 0. 0. 0. 0. 0. 0. 0. 0. 0. 0. 0. 0. 0. 0. 0. 0. 0. 0. 0. 0. 0. 0. 0. 0.
 0. 0. 0. 0. 0. 0. 0. 0.]
y_pred:  [0. 0. 0. 0. 0. 0. 0. 0. 0. 0. 0. 0. 0. 0. 1. 1. 1. 1. 1. 1. 1. 1. 1. 1.
 1. 1. 1. 1. 1. 1. 1. 1. 1. 1. 1. 0. 0. 0. 0. 0. 0. 0. 1. 1. 1. 1. 1. 1.
 1. 1. 1. 1. 1. 1. 1. 1. 0. 0. 0. 0. 0. 0. 0. 1. 1. 1. 1. 1. 1. 1. 0. 0.
 0. 0. 0. 0. 0. 0. 0. 0. 0. 0. 0. 0. 0. 0. 0. 0. 0. 0. 0. 0. 0. 0. 0. 0.
 0. 0. 0. 0. 0. 0. 0. 0. 0. 0. 0. 0. 0. 0. 0. 0. 0. 0. 0. 0. 0. 0. 0. 0.
 0. 0. 0. 0. 0. 0. 0. 0. 0. 0. 0. 0. 0. 0. 0. 0. 0. 0. 0. 0. 0. 0. 0. 0.
 0. 0. 0. 0. 0. 0. 0. 0. 0. 0. 0. 0. 0. 0. 0. 0. 0. 0. 0. 0. 0. 0. 0. 0.
 0. 0. 0. 0. 0. 0. 0. 0. 0. 0. 0. 0. 0. 0. 0. 0. 0. 0. 0. 0. 0. 0. 0. 0.
 0. 0. 0. 0. 0. 0. 0. 0.]
Normalized importance:  [0.53996737 0.         0.39641109 0.11631321 0.         0.11566069
 0.26427406 0.22675367 0.06965742 0.36052202 0.10587276 0.39641109
 0.19902121 0.07683524 0.57748777 0.24959217 0.11794454 0.14355628
 0.03164763 0.2675367  0.22185971 0.35073409 0.23817292 0.3588907
 0.28384992 0.17455139 0.13735726 0.03882545 0.56933116 0.22838499
 0.25285481 0.03474715 0.11517129 0.30668842 0.00433931 0.44861338
 0.23980424 0.03523654 0.05497553 0.24306688 0.00512235 0.16166395
 1.         0.12381729 0.18760196 0.56117455 0.45513866 0.46982055
 0.17292007 0.76835237 0.35236542 0.30342577 0.45840131 0.43066884
 0.55138662 0.3050571  0.21696574 0.         0.08515498 0.19249592
 0.05220228 0.20065253 0.17455139 0.41109299 0.44208809 0.11174551
 0.01908646 0.         0.33931485 0.43882545 0.         0.
 0.09722675 0.         0.         0.         0.09396411 0.
 0.12104405 0.07047308 0.         0.13360522 0.18433931 0.07879282
 0.         0.00144535 0.         0.         0.13262643 0.
 0.         0.16313214 0.         0.23491028 0.01337684 0.15399674
 0.         0.16965742 0.08417618 0.01745514 0.17618271 0.04078303
 0.12756933 0.         0.10489396 0.12887439 0.03230016 0.
 0.28058728 0.11957586 0.04339315 0.         0.08548124 0.
 0.         0.         0.         0.02936378 0.15203915 0.
 0.14241436 0.         0.         0.04779772 0.08450245 0.
 0.         0.         0.10815661 0.         0.         0.
 0.         0.19738989 0.07520392 0.07977162 0.03409462 0.
 0.         0.         0.15644372 0.11517129 0.22675367 0.
 0.         0.25448613 0.20554649 0.11435563 0.         0.
 0.13523654 0.         0.10522023 0.         0.22022838 0.15220228
 0.         0.         0.12854812 0.12626427 0.02642741 0.13083197
 0.09836868 0.12088091 0.         0.         0.         0.
 0.         0.         0.0406199  0.         0.         0.12822186
 0.01011419 0.04632953 0.         0.16117455 0.         0.18760196
 0.11761827 0.01515498 0.         0.08646003 0.         0.08743883
 0.21207178 0.         0.00761827 0.         0.18923328 0.
 0.         0.12626427 0.         0.         0.01451876 0.
 0.         0.        ]
pyseer
y_true:  [1. 1. 1. 1. 1. 1. 1. 0. 0. 0. 0. 0. 0. 0. 1. 1. 1. 1. 1. 1. 1. 0. 0. 0.
 0. 0. 0. 0. 0. 0. 0. 0. 0. 0. 0. 0. 0. 0. 0. 0. 0. 0. 1. 1. 1. 1. 1. 1.
 1. 1. 1. 1. 1. 1. 1. 1. 0. 0. 0. 0. 0. 0. 0. 1. 1. 1. 1. 1. 1. 1. 0. 0.
 0. 0. 0. 0. 0. 0. 0. 0. 0. 0. 0. 0. 0. 0. 0. 0. 0. 0. 0. 0. 0. 0. 0. 0.
 0. 0. 0. 0. 0. 0. 0. 0. 0. 0. 0. 0. 0. 0. 0. 0. 0. 0. 0. 0. 0. 0. 0. 0.
 0. 0. 0. 0. 0. 0. 0. 0. 0. 0. 0. 0. 0. 0. 0. 0. 0. 0. 0. 0. 0. 0. 0. 0.
 0. 0. 0. 0. 0. 0. 0. 0. 0. 0. 0. 0. 0. 0. 0. 0. 0. 0. 0. 0. 0. 0. 0. 0.
 0. 0. 0. 0. 0. 0. 0. 0. 0. 0. 0. 0. 0. 0. 0. 0. 0. 0. 0. 0. 0. 0. 0. 0.
 0. 0. 0. 0. 0. 0. 0. 0.]
y_pred:  [1. 0. 1. 0. 0. 0. 1. 1. 0. 1. 0. 1. 1. 0. 1. 1. 0. 1. 0. 1. 1. 1. 1. 1.
 1. 1. 1. 0. 1. 1. 1. 0. 0. 1. 0. 1. 1. 0. 0. 1. 0. 1. 1. 0. 1. 1. 1. 1.
 1. 1. 1. 1. 1. 1. 1. 1. 1. 0. 0. 1. 0. 1. 1. 1. 1. 0. 0. 0. 1. 1. 0. 0.
 0. 0. 0. 0. 0. 0. 0. 0. 0. 0. 1. 0. 0. 0. 0. 0. 0. 0. 0. 1. 0. 1. 0. 1.
 0. 1. 0. 0. 1. 0. 0. 0. 0. 0. 0. 0. 1. 0. 0. 0. 0. 0. 0. 0. 0. 0. 1. 0.
 1. 0. 0. 0. 0. 0. 0. 0. 0. 0. 0. 0. 0. 1. 0. 0. 0. 0. 0. 0. 1. 0. 1. 0.
 0. 1. 1. 0. 0. 0. 0. 0. 0. 0. 1. 1. 0. 0. 0. 0. 0. 0. 0. 0. 0. 0. 0. 0.
 0. 0. 0. 0. 0. 0. 0. 0. 0. 1. 0. 1. 0. 0. 0. 0. 0. 0. 1. 0. 0. 0. 1. 0.
 0. 0. 0. 0. 0. 0. 0. 0.]
Time taken: 22.9598286151886 seconds
Running combination 16 of 50
Fitting RandomForest...
Fitting Adaboost...
Fitting AdaBoost_2...
Fitting et...
Fitting gbc...
Fitting gbc_2...
Fitting gbc_3...
Fitting dt...
Fitting lr...
Fitting Lasso_1...
Fitting Lasso_2...
Fitting Lasso_3...
Fitting Lasso_4...
Fitting elasticnet...
VCF file created successfully.
pyseer stderr:  Read 1000 phenotypes
Detected continuous phenotype
Reading all variants

0variants [00:00, ?variants/s]
56variants [00:00, 550.23variants/s]
112variants [00:00, 482.82variants/s]
168variants [00:00, 512.57variants/s]
198variants [00:00, 516.42variants/s]
Applying correlation filtering

  0%|          | 0/198 [00:00<?, ?variants/s]
100%|██████████| 198/198 [00:00<00:00, 2712.44variants/s]
Fitting elastic net to top 148 variants
Best penalty (lambda) from cross-validation: 1.84E+01
Best R^2 from cross-validation: 0.469
Finding and printing selected variants
198 loaded variants
50 pre-filtered variants
148 tested variants
140 printed variants

True importance standardized:  [0.80476708 0.80476708 0.80476708 0.80476708 0.80476708 0.80476708
 0.80476708 1.         1.         1.         1.         1.
 1.         1.         0.45349019 0.45349019 0.45349019 0.45349019
 0.45349019 0.45349019 0.45349019 0.53607334 0.53607334 0.53607334
 0.53607334 0.53607334 0.53607334 0.53607334 0.12604554 0.12604554
 0.12604554 0.12604554 0.12604554 0.12604554 0.12604554 0.42361528
 0.42361528 0.42361528 0.42361528 0.42361528 0.42361528 0.42361528
 0.24032946 0.24032946 0.24032946 0.24032946 0.24032946 0.24032946
 0.24032946 0.55130403 0.55130403 0.55130403 0.55130403 0.55130403
 0.55130403 0.55130403 0.5884794  0.5884794  0.5884794  0.5884794
 0.5884794  0.5884794  0.5884794  0.32031675 0.32031675 0.32031675
 0.32031675 0.32031675 0.32031675 0.32031675 0.         0.
 0.         0.         0.         0.         0.         0.
 0.         0.         0.         0.         0.         0.
 0.         0.         0.         0.         0.         0.
 0.         0.         0.         0.         0.         0.
 0.         0.         0.         0.         0.         0.
 0.         0.         0.         0.         0.         0.
 0.         0.         0.         0.         0.         0.
 0.         0.         0.         0.         0.         0.
 0.         0.         0.         0.         0.         0.
 0.         0.         0.         0.         0.         0.
 0.         0.         0.         0.         0.         0.
 0.         0.         0.         0.         0.         0.
 0.         0.         0.         0.         0.         0.
 0.         0.         0.         0.         0.         0.
 0.         0.         0.         0.         0.         0.
 0.         0.         0.         0.         0.         0.
 0.         0.         0.         0.         0.         0.
 0.         0.         0.         0.         0.         0.
 0.         0.         0.         0.         0.         0.
 0.         0.         0.         0.         0.         0.
 0.         0.         0.         0.         0.         0.
 0.         0.        ]
Normalized importance:  [0.70181447 0.70181447 0.70181447 0.70181447 0.70181447 0.70181447
 0.70181447 1.         1.         1.         1.         1.
 1.         1.         0.52161473 0.52161473 0.52161473 0.52161473
 0.52161473 0.52161473 0.52161473 0.36613728 0.36613728 0.36613728
 0.36613728 0.36613728 0.36613728 0.36613728 0.         0.
 0.         0.         0.         0.         0.         0.29432974
 0.29432974 0.29432974 0.29432974 0.29432974 0.29432974 0.29432974
 0.17843403 0.17843403 0.17843403 0.17843403 0.17843403 0.17843403
 0.17843403 0.37292792 0.37292792 0.37292792 0.37292792 0.37292792
 0.37292792 0.37292792 0.28718955 0.28718955 0.28718955 0.28718955
 0.28718955 0.28718955 0.28718955 0.08689156 0.08689156 0.08689156
 0.08689156 0.08689156 0.08689156 0.08689156 0.         0.
 0.         0.         0.         0.         0.         0.
 0.         0.         0.0104413  0.         0.         0.
 0.         0.         0.         0.         0.         0.
 0.         0.         0.         0.         0.         0.
 0.         0.         0.         0.         0.         0.
 0.         0.         0.         0.         0.         0.
 0.         0.         0.         0.         0.         0.
 0.         0.         0.         0.         0.         0.
 0.         0.         0.         0.         0.         0.
 0.         0.         0.         0.0950832  0.         0.
 0.         0.         0.         0.03053849 0.         0.
 0.         0.         0.         0.         0.         0.
 0.         0.         0.01525146 0.         0.         0.
 0.         0.         0.         0.         0.         0.
 0.         0.         0.         0.         0.         0.
 0.         0.         0.         0.         0.         0.
 0.         0.         0.         0.         0.         0.
 0.         0.         0.         0.         0.         0.
 0.02778917 0.         0.         0.         0.         0.
 0.         0.         0.         0.         0.         0.01007792
 0.         0.         0.         0.         0.         0.
 0.         0.        ]
deepbreaks
y_true:  [1. 1. 1. 1. 1. 1. 1. 1. 1. 1. 1. 1. 1. 1. 0. 0. 0. 0. 0. 0. 0. 1. 1. 1.
 1. 1. 1. 1. 0. 0. 0. 0. 0. 0. 0. 0. 0. 0. 0. 0. 0. 0. 0. 0. 0. 0. 0. 0.
 0. 1. 1. 1. 1. 1. 1. 1. 1. 1. 1. 1. 1. 1. 1. 0. 0. 0. 0. 0. 0. 0. 0. 0.
 0. 0. 0. 0. 0. 0. 0. 0. 0. 0. 0. 0. 0. 0. 0. 0. 0. 0. 0. 0. 0. 0. 0. 0.
 0. 0. 0. 0. 0. 0. 0. 0. 0. 0. 0. 0. 0. 0. 0. 0. 0. 0. 0. 0. 0. 0. 0. 0.
 0. 0. 0. 0. 0. 0. 0. 0. 0. 0. 0. 0. 0. 0. 0. 0. 0. 0. 0. 0. 0. 0. 0. 0.
 0. 0. 0. 0. 0. 0. 0. 0. 0. 0. 0. 0. 0. 0. 0. 0. 0. 0. 0. 0. 0. 0. 0. 0.
 0. 0. 0. 0. 0. 0. 0. 0. 0. 0. 0. 0. 0. 0. 0. 0. 0. 0. 0. 0. 0. 0. 0. 0.
 0. 0. 0. 0. 0. 0. 0. 0.]
y_pred:  [1. 1. 1. 1. 1. 1. 1. 1. 1. 1. 1. 1. 1. 1. 1. 1. 1. 1. 1. 1. 1. 1. 1. 1.
 1. 1. 1. 1. 0. 0. 0. 0. 0. 0. 0. 0. 0. 0. 0. 0. 0. 0. 0. 0. 0. 0. 0. 0.
 0. 1. 1. 1. 1. 1. 1. 1. 0. 0. 0. 0. 0. 0. 0. 0. 0. 0. 0. 0. 0. 0. 0. 0.
 0. 0. 0. 0. 0. 0. 0. 0. 0. 0. 0. 0. 0. 0. 0. 0. 0. 0. 0. 0. 0. 0. 0. 0.
 0. 0. 0. 0. 0. 0. 0. 0. 0. 0. 0. 0. 0. 0. 0. 0. 0. 0. 0. 0. 0. 0. 0. 0.
 0. 0. 0. 0. 0. 0. 0. 0. 0. 0. 0. 0. 0. 0. 0. 0. 0. 0. 0. 0. 0. 0. 0. 0.
 0. 0. 0. 0. 0. 0. 0. 0. 0. 0. 0. 0. 0. 0. 0. 0. 0. 0. 0. 0. 0. 0. 0. 0.
 0. 0. 0. 0. 0. 0. 0. 0. 0. 0. 0. 0. 0. 0. 0. 0. 0. 0. 0. 0. 0. 0. 0. 0.
 0. 0. 0. 0. 0. 0. 0. 0.]
Normalized importance:  [1.         0.34810127 0.64135021 0.44092827 0.28902954 0.2721519
 0.39240506 0.93881857 0.51476793 0.15232068 0.77637131 0.62869198
 0.60970464 0.46835443 0.61181435 0.28481013 0.14409283 0.52531646
 0.44936709 0.00873418 0.38396624 0.58860759 0.18628692 0.47257384
 0.52953586 0.30590717 0.14662447 0.22362869 0.17742616 0.06582278
 0.07341772 0.03945148 0.12763713 0.         0.02700422 0.56751055
 0.26160338 0.46202532 0.01864979 0.40506329 0.20464135 0.06624473
 0.21940928 0.18248945 0.12362869 0.13481013 0.15021097 0.26582278
 0.15738397 0.53586498 0.28270042 0.43459916 0.13734177 0.16793249
 0.58227848 0.51054852 0.66244726 0.40084388 0.29957806 0.54008439
 0.35021097 0.02130802 0.05274262 0.24050633 0.         0.29113924
 0.27848101 0.         0.32700422 0.08417722 0.         0.13016878
 0.29746835 0.         0.21729958 0.         0.         0.
 0.18607595 0.06202532 0.07025316 0.09746835 0.         0.
 0.         0.18059072 0.18185654 0.09894515 0.         0.
 0.         0.11308017 0.         0.         0.         0.
 0.2278481  0.06962025 0.         0.15421941 0.02236287 0.
 0.         0.28270042 0.         0.12953586 0.0835443  0.
 0.39451477 0.14177215 0.06223629 0.03164557 0.         0.
 0.         0.         0.         0.11624473 0.20907173 0.01843882
 0.42405063 0.01753165 0.06181435 0.         0.30801688 0.
 0.15232068 0.1814346  0.         0.47890295 0.         0.
 0.00110127 0.01635021 0.12974684 0.17257384 0.05780591 0.14978903
 0.         0.         0.13438819 0.00312236 0.         0.
 0.26371308 0.15991561 0.21518987 0.         0.0257384  0.18881857
 0.01719409 0.37974684 0.         0.06919831 0.         0.
 0.25527426 0.         0.07109705 0.0443038  0.04451477 0.
 0.09261603 0.         0.         0.39873418 0.         0.21940928
 0.         0.2092827  0.         0.06919831 0.         0.13924051
 0.17995781 0.         0.         0.         0.10464135 0.24894515
 0.39873418 0.23628692 0.         0.14704641 0.00556962 0.14599156
 0.         0.17700422 0.         0.         0.04388186 0.04493671
 0.17552743 0.08016878 0.13924051 0.08164557 0.         0.
 0.         0.        ]
pyseer
y_true:  [1. 1. 1. 1. 1. 1. 1. 1. 1. 1. 1. 1. 1. 1. 0. 0. 0. 0. 0. 0. 0. 1. 1. 1.
 1. 1. 1. 1. 0. 0. 0. 0. 0. 0. 0. 0. 0. 0. 0. 0. 0. 0. 0. 0. 0. 0. 0. 0.
 0. 1. 1. 1. 1. 1. 1. 1. 1. 1. 1. 1. 1. 1. 1. 0. 0. 0. 0. 0. 0. 0. 0. 0.
 0. 0. 0. 0. 0. 0. 0. 0. 0. 0. 0. 0. 0. 0. 0. 0. 0. 0. 0. 0. 0. 0. 0. 0.
 0. 0. 0. 0. 0. 0. 0. 0. 0. 0. 0. 0. 0. 0. 0. 0. 0. 0. 0. 0. 0. 0. 0. 0.
 0. 0. 0. 0. 0. 0. 0. 0. 0. 0. 0. 0. 0. 0. 0. 0. 0. 0. 0. 0. 0. 0. 0. 0.
 0. 0. 0. 0. 0. 0. 0. 0. 0. 0. 0. 0. 0. 0. 0. 0. 0. 0. 0. 0. 0. 0. 0. 0.
 0. 0. 0. 0. 0. 0. 0. 0. 0. 0. 0. 0. 0. 0. 0. 0. 0. 0. 0. 0. 0. 0. 0. 0.
 0. 0. 0. 0. 0. 0. 0. 0.]
y_pred:  [1. 1. 1. 1. 1. 1. 1. 1. 1. 0. 1. 1. 1. 1. 1. 1. 0. 1. 1. 0. 1. 1. 1. 1.
 1. 1. 0. 1. 0. 0. 0. 0. 0. 0. 0. 1. 1. 1. 0. 1. 1. 0. 1. 1. 0. 0. 0. 1.
 0. 1. 1. 1. 0. 0. 1. 1. 1. 1. 1. 1. 1. 0. 0. 1. 0. 1. 1. 0. 1. 0. 0. 0.
 1. 0. 1. 0. 0. 0. 1. 0. 0. 0. 0. 0. 0. 1. 1. 0. 0. 0. 0. 0. 0. 0. 0. 0.
 1. 0. 0. 0. 0. 0. 0. 1. 0. 0. 0. 0. 1. 0. 0. 0. 0. 0. 0. 0. 0. 0. 1. 0.
 1. 0. 0. 0. 1. 0. 0. 1. 0. 1. 0. 0. 0. 0. 0. 0. 0. 0. 0. 0. 0. 0. 0. 0.
 1. 0. 1. 0. 0. 1. 0. 1. 0. 0. 0. 0. 1. 0. 0. 0. 0. 0. 0. 0. 0. 1. 0. 1.
 0. 1. 0. 0. 0. 0. 0. 0. 0. 0. 0. 1. 1. 1. 0. 0. 0. 0. 0. 0. 0. 0. 0. 0.
 0. 0. 0. 0. 0. 0. 0. 0.]
Time taken: 22.38218116760254 seconds
Running combination 17 of 50
Fitting RandomForest...
Fitting Adaboost...
Fitting AdaBoost_2...
Fitting et...
Fitting gbc...
Fitting gbc_2...
Fitting gbc_3...
Fitting dt...
Fitting lr...
Fitting Lasso_1...
Fitting Lasso_2...
Fitting Lasso_3...
Fitting Lasso_4...
Fitting elasticnet...
VCF file created successfully.
pyseer stderr:  Read 1000 phenotypes
Detected continuous phenotype
Reading all variants

0variants [00:00, ?variants/s]
53variants [00:00, 528.85variants/s]
106variants [00:00, 468.81variants/s]
161variants [00:00, 501.44variants/s]
198variants [00:00, 505.91variants/s]
Applying correlation filtering

  0%|          | 0/198 [00:00<?, ?variants/s]
100%|██████████| 198/198 [00:00<00:00, 2585.26variants/s]
Fitting elastic net to top 148 variants
Best penalty (lambda) from cross-validation: 6.69E+00
Best R^2 from cross-validation: 0.488
Finding and printing selected variants
198 loaded variants
50 pre-filtered variants
148 tested variants
138 printed variants

True importance standardized:  [0.13763706 0.13763706 0.13763706 0.13763706 0.13763706 0.13763706
 0.13763706 0.43916484 0.43916484 0.43916484 0.43916484 0.43916484
 0.43916484 0.43916484 0.56902729 0.56902729 0.56902729 0.56902729
 0.56902729 0.56902729 0.56902729 0.13987833 0.13987833 0.13987833
 0.13987833 0.13987833 0.13987833 0.13987833 0.68731868 0.68731868
 0.68731868 0.68731868 0.68731868 0.68731868 0.68731868 0.32134642
 0.32134642 0.32134642 0.32134642 0.32134642 0.32134642 0.32134642
 0.3490726  0.3490726  0.3490726  0.3490726  0.3490726  0.3490726
 0.3490726  0.3697811  0.3697811  0.3697811  0.3697811  0.3697811
 0.3697811  0.3697811  0.32051054 0.32051054 0.32051054 0.32051054
 0.32051054 0.32051054 0.32051054 1.         1.         1.
 1.         1.         1.         1.         0.         0.
 0.         0.         0.         0.         0.         0.
 0.         0.         0.         0.         0.         0.
 0.         0.         0.         0.         0.         0.
 0.         0.         0.         0.         0.         0.
 0.         0.         0.         0.         0.         0.
 0.         0.         0.         0.         0.         0.
 0.         0.         0.         0.         0.         0.
 0.         0.         0.         0.         0.         0.
 0.         0.         0.         0.         0.         0.
 0.         0.         0.         0.         0.         0.
 0.         0.         0.         0.         0.         0.
 0.         0.         0.         0.         0.         0.
 0.         0.         0.         0.         0.         0.
 0.         0.         0.         0.         0.         0.
 0.         0.         0.         0.         0.         0.
 0.         0.         0.         0.         0.         0.
 0.         0.         0.         0.         0.         0.
 0.         0.         0.         0.         0.         0.
 0.         0.         0.         0.         0.         0.
 0.         0.         0.         0.         0.         0.
 0.         0.         0.         0.         0.         0.
 0.         0.        ]
Normalized importance:  [0.07808529 0.07808529 0.07808529 0.07808529 0.07808529 0.07808529
 0.07808529 0.35726106 0.35726106 0.35726106 0.35726106 0.35726106
 0.35726106 0.35726106 0.80827242 0.80827242 0.80827242 0.80827242
 0.80827242 0.80827242 0.80827242 0.06580225 0.         0.06580225
 0.06580225 0.06580225 0.06580225 0.06580225 0.87106536 0.87106536
 0.87106536 0.87106536 0.87106536 0.87106536 0.87106536 0.2340766
 0.2340766  0.2340766  0.2340766  0.2340766  0.2340766  0.2340766
 0.2143542  0.2143542  0.2143542  0.2143542  0.2143542  0.2143542
 0.2143542  0.42245272 0.42245272 0.42245272 0.42245272 0.42245272
 0.42245272 0.42245272 0.19992023 0.19992023 0.19992023 0.19992023
 0.19992023 0.19992023 0.19992023 1.         1.         1.
 1.         1.         1.         1.         0.         0.
 0.         0.         0.05819137 0.         0.         0.
 0.         0.         0.07061713 0.         0.         0.
 0.         0.         0.         0.01624999 0.         0.
 0.01489746 0.         0.         0.         0.         0.
 0.         0.         0.         0.         0.         0.
 0.         0.         0.         0.         0.         0.06521855
 0.         0.02213106 0.02237976 0.         0.         0.01170385
 0.02502521 0.         0.         0.         0.         0.
 0.         0.         0.         0.         0.03060231 0.
 0.         0.         0.         0.         0.09187142 0.
 0.         0.         0.         0.         0.         0.
 0.         0.         0.         0.         0.         0.05397206
 0.         0.         0.         0.         0.         0.
 0.         0.         0.         0.         0.         0.
 0.         0.         0.         0.         0.         0.
 0.         0.         0.         0.         0.05714031 0.
 0.06813749 0.         0.         0.         0.         0.
 0.         0.         0.         0.         0.         0.
 0.         0.         0.         0.         0.         0.
 0.         0.         0.         0.         0.         0.
 0.         0.         0.         0.         0.         0.
 0.         0.        ]
deepbreaks
y_true:  [0. 0. 0. 0. 0. 0. 0. 1. 1. 1. 1. 1. 1. 1. 1. 1. 1. 1. 1. 1. 1. 0. 0. 0.
 0. 0. 0. 0. 1. 1. 1. 1. 1. 1. 1. 0. 0. 0. 0. 0. 0. 0. 0. 0. 0. 0. 0. 0.
 0. 1. 1. 1. 1. 1. 1. 1. 0. 0. 0. 0. 0. 0. 0. 1. 1. 1. 1. 1. 1. 1. 0. 0.
 0. 0. 0. 0. 0. 0. 0. 0. 0. 0. 0. 0. 0. 0. 0. 0. 0. 0. 0. 0. 0. 0. 0. 0.
 0. 0. 0. 0. 0. 0. 0. 0. 0. 0. 0. 0. 0. 0. 0. 0. 0. 0. 0. 0. 0. 0. 0. 0.
 0. 0. 0. 0. 0. 0. 0. 0. 0. 0. 0. 0. 0. 0. 0. 0. 0. 0. 0. 0. 0. 0. 0. 0.
 0. 0. 0. 0. 0. 0. 0. 0. 0. 0. 0. 0. 0. 0. 0. 0. 0. 0. 0. 0. 0. 0. 0. 0.
 0. 0. 0. 0. 0. 0. 0. 0. 0. 0. 0. 0. 0. 0. 0. 0. 0. 0. 0. 0. 0. 0. 0. 0.
 0. 0. 0. 0. 0. 0. 0. 0.]
y_pred:  [0. 0. 0. 0. 0. 0. 0. 1. 1. 1. 1. 1. 1. 1. 1. 1. 1. 1. 1. 1. 1. 0. 0. 0.
 0. 0. 0. 0. 1. 1. 1. 1. 1. 1. 1. 1. 1. 1. 1. 1. 1. 1. 0. 0. 0. 0. 0. 0.
 0. 1. 1. 1. 1. 1. 1. 1. 0. 0. 0. 0. 0. 0. 0. 1. 1. 1. 1. 1. 1. 1. 0. 0.
 0. 0. 0. 0. 0. 0. 0. 0. 0. 0. 0. 0. 0. 0. 0. 0. 0. 0. 0. 0. 0. 0. 0. 0.
 0. 0. 0. 0. 0. 0. 0. 0. 0. 0. 0. 0. 0. 0. 0. 0. 0. 0. 0. 0. 0. 0. 0. 0.
 0. 0. 0. 0. 0. 0. 0. 0. 0. 0. 0. 0. 0. 0. 0. 0. 0. 0. 0. 0. 0. 0. 0. 0.
 0. 0. 0. 0. 0. 0. 0. 0. 0. 0. 0. 0. 0. 0. 0. 0. 0. 0. 0. 0. 0. 0. 0. 0.
 0. 0. 0. 0. 0. 0. 0. 0. 0. 0. 0. 0. 0. 0. 0. 0. 0. 0. 0. 0. 0. 0. 0. 0.
 0. 0. 0. 0. 0. 0. 0. 0.]
Normalized importance:  [1.57679181e-01 1.04778157e-01 1.01706485e-02 1.95904437e-02
 1.72013652e-01 2.21160410e-01 0.00000000e+00 5.39249147e-01
 3.07167235e-01 3.37201365e-02 5.11945392e-02 1.89078498e-01
 4.67576792e-01 1.22866894e-02 5.15358362e-01 3.99317406e-01
 3.32081911e-01 4.74402730e-01 2.81228669e-01 2.33788396e-01
 2.79863481e-01 2.18771331e-01 1.48805461e-01 1.20819113e-01
 1.73037543e-01 2.68941980e-01 9.38566553e-02 1.33447099e-01
 6.45051195e-01 3.44709898e-01 5.05119454e-02 4.74402730e-01
 5.59726962e-01 5.52901024e-01 3.21501706e-01 3.26962457e-01
 0.00000000e+00 2.39249147e-01 5.11945392e-01 1.08191126e-01
 2.25938567e-01 4.67576792e-01 3.61774744e-01 1.80204778e-01
 0.00000000e+00 8.87372014e-02 3.38566553e-01 2.29351536e-01
 9.52218430e-02 4.12969283e-01 1.37883959e-01 2.46075085e-01
 1.02389078e-01 2.09215017e-01 3.95904437e-01 2.70989761e-01
 4.40273038e-01 1.94197952e-01 2.00341297e-01 1.72696246e-01
 3.12286689e-01 0.00000000e+00 2.31399317e-01 1.00000000e+00
 3.89078498e-01 3.51535836e-01 4.74402730e-01 3.72013652e-01
 2.03412969e-01 5.76791809e-01 2.57337884e-01 2.19112628e-01
 0.00000000e+00 1.72696246e-01 1.97952218e-01 0.00000000e+00
 1.71331058e-01 7.54266212e-03 1.05802048e-01 0.00000000e+00
 3.95904437e-01 0.00000000e+00 0.00000000e+00 0.00000000e+00
 0.00000000e+00 0.00000000e+00 0.00000000e+00 1.99317406e-01
 0.00000000e+00 0.00000000e+00 1.86006826e-01 6.86006826e-02
 0.00000000e+00 6.75767918e-02 1.84300341e-01 1.39249147e-01
 9.01023891e-02 3.16723549e-01 9.86348123e-04 0.00000000e+00
 0.00000000e+00 5.15358362e-03 1.40955631e-01 1.09556314e-01
 0.00000000e+00 6.68941980e-02 3.24573379e-02 1.29692833e-01
 1.34129693e-01 1.41296928e-01 2.71672355e-02 1.34812287e-01
 0.00000000e+00 1.49488055e-01 1.80887372e-01 0.00000000e+00
 3.30375427e-02 0.00000000e+00 0.00000000e+00 3.31058020e-02
 0.00000000e+00 1.27986348e-01 0.00000000e+00 1.10238908e-01
 1.74402730e-01 0.00000000e+00 0.00000000e+00 0.00000000e+00
 0.00000000e+00 0.00000000e+00 2.88054608e-01 1.01365188e-01
 1.04778157e-01 1.73720137e-01 9.93174061e-02 9.59044369e-02
 0.00000000e+00 0.00000000e+00 4.88054608e-03 6.89419795e-03
 0.00000000e+00 0.00000000e+00 0.00000000e+00 3.95904437e-01
 1.45051195e-03 5.97269625e-02 0.00000000e+00 0.00000000e+00
 0.00000000e+00 0.00000000e+00 1.53583618e-01 0.00000000e+00
 7.40614334e-02 8.05460751e-02 2.89761092e-01 2.14334471e-01
 0.00000000e+00 0.00000000e+00 1.75085324e-01 1.98976109e-01
 3.44709898e-01 6.86006826e-02 1.46757679e-01 2.80204778e-01
 9.55631399e-02 1.05460751e-01 2.51194539e-01 0.00000000e+00
 1.81911263e-01 1.42320819e-01 7.64505119e-02 0.00000000e+00
 0.00000000e+00 0.00000000e+00 0.00000000e+00 0.00000000e+00
 0.00000000e+00 0.00000000e+00 0.00000000e+00 2.75767918e-01
 0.00000000e+00 0.00000000e+00 1.45051195e-01 6.17747440e-02
 0.00000000e+00 7.33788396e-02 0.00000000e+00 0.00000000e+00
 0.00000000e+00 1.87372014e-01 9.41979522e-02 0.00000000e+00
 1.64846416e-01 5.59726962e-02 0.00000000e+00 5.83617747e-02
 7.47440273e-02 0.00000000e+00 0.00000000e+00 0.00000000e+00]
pyseer
y_true:  [0. 0. 0. 0. 0. 0. 0. 1. 1. 1. 1. 1. 1. 1. 1. 1. 1. 1. 1. 1. 1. 0. 0. 0.
 0. 0. 0. 0. 1. 1. 1. 1. 1. 1. 1. 0. 0. 0. 0. 0. 0. 0. 0. 0. 0. 0. 0. 0.
 0. 1. 1. 1. 1. 1. 1. 1. 0. 0. 0. 0. 0. 0. 0. 1. 1. 1. 1. 1. 1. 1. 0. 0.
 0. 0. 0. 0. 0. 0. 0. 0. 0. 0. 0. 0. 0. 0. 0. 0. 0. 0. 0. 0. 0. 0. 0. 0.
 0. 0. 0. 0. 0. 0. 0. 0. 0. 0. 0. 0. 0. 0. 0. 0. 0. 0. 0. 0. 0. 0. 0. 0.
 0. 0. 0. 0. 0. 0. 0. 0. 0. 0. 0. 0. 0. 0. 0. 0. 0. 0. 0. 0. 0. 0. 0. 0.
 0. 0. 0. 0. 0. 0. 0. 0. 0. 0. 0. 0. 0. 0. 0. 0. 0. 0. 0. 0. 0. 0. 0. 0.
 0. 0. 0. 0. 0. 0. 0. 0. 0. 0. 0. 0. 0. 0. 0. 0. 0. 0. 0. 0. 0. 0. 0. 0.
 0. 0. 0. 0. 0. 0. 0. 0.]
y_pred:  [0. 0. 0. 0. 0. 1. 0. 1. 1. 0. 0. 1. 1. 0. 1. 1. 1. 1. 1. 1. 1. 1. 0. 0.
 0. 1. 0. 0. 1. 1. 0. 1. 1. 1. 1. 1. 0. 1. 1. 0. 1. 1. 1. 1. 0. 0. 1. 1.
 0. 1. 0. 1. 0. 1. 1. 1. 1. 1. 1. 0. 1. 0. 1. 1. 1. 1. 1. 1. 1. 1. 1. 1.
 0. 0. 1. 0. 0. 0. 0. 0. 1. 0. 0. 0. 0. 0. 0. 1. 0. 0. 1. 0. 0. 0. 1. 0.
 0. 1. 0. 0. 0. 0. 0. 0. 0. 0. 0. 0. 0. 0. 0. 0. 0. 0. 1. 0. 0. 0. 0. 0.
 0. 0. 0. 0. 1. 0. 0. 0. 0. 0. 1. 0. 0. 1. 0. 0. 0. 0. 0. 0. 0. 0. 0. 1.
 0. 0. 0. 0. 0. 0. 0. 0. 0. 0. 1. 1. 0. 0. 1. 1. 1. 0. 0. 1. 0. 0. 1. 0.
 1. 0. 0. 0. 0. 0. 0. 0. 0. 0. 0. 1. 0. 0. 0. 0. 0. 0. 0. 0. 0. 1. 0. 0.
 0. 0. 0. 0. 0. 0. 0. 0.]
Time taken: 22.98671245574951 seconds
Running combination 18 of 50
Fitting RandomForest...
Fitting Adaboost...
Fitting AdaBoost_2...
Fitting et...
Fitting gbc...
Fitting gbc_2...
Fitting gbc_3...
Fitting dt...
Fitting lr...
Fitting Lasso_1...
Fitting Lasso_2...
Fitting Lasso_3...
Fitting Lasso_4...
Fitting elasticnet...
VCF file created successfully.
pyseer stderr:  Read 1000 phenotypes
Detected continuous phenotype
Reading all variants

0variants [00:00, ?variants/s]
55variants [00:00, 543.98variants/s]
110variants [00:00, 482.35variants/s]
166variants [00:00, 514.28variants/s]
198variants [00:00, 518.47variants/s]
Applying correlation filtering

  0%|          | 0/198 [00:00<?, ?variants/s]
100%|██████████| 198/198 [00:00<00:00, 2700.31variants/s]
Fitting elastic net to top 148 variants
Best penalty (lambda) from cross-validation: 9.95E+00
Best R^2 from cross-validation: 0.543
Finding and printing selected variants
198 loaded variants
50 pre-filtered variants
148 tested variants
140 printed variants

True importance standardized:  [0.48704731 0.48704731 0.48704731 0.48704731 0.48704731 0.48704731
 0.48704731 0.59772492 0.59772492 0.59772492 0.59772492 0.59772492
 0.59772492 0.59772492 0.75396978 0.75396978 0.75396978 0.75396978
 0.75396978 0.75396978 0.75396978 0.35668723 0.35668723 0.35668723
 0.35668723 0.35668723 0.35668723 0.35668723 0.16244259 0.16244259
 0.16244259 0.16244259 0.16244259 0.16244259 0.16244259 0.14853781
 0.14853781 0.14853781 0.14853781 0.14853781 0.14853781 0.14853781
 1.         1.         1.         1.         1.         1.
 1.         0.89192676 0.89192676 0.89192676 0.89192676 0.89192676
 0.89192676 0.89192676 0.79841638 0.79841638 0.79841638 0.79841638
 0.79841638 0.79841638 0.79841638 0.651617   0.651617   0.651617
 0.651617   0.651617   0.651617   0.651617   0.         0.
 0.         0.         0.         0.         0.         0.
 0.         0.         0.         0.         0.         0.
 0.         0.         0.         0.         0.         0.
 0.         0.         0.         0.         0.         0.
 0.         0.         0.         0.         0.         0.
 0.         0.         0.         0.         0.         0.
 0.         0.         0.         0.         0.         0.
 0.         0.         0.         0.         0.         0.
 0.         0.         0.         0.         0.         0.
 0.         0.         0.         0.         0.         0.
 0.         0.         0.         0.         0.         0.
 0.         0.         0.         0.         0.         0.
 0.         0.         0.         0.         0.         0.
 0.         0.         0.         0.         0.         0.
 0.         0.         0.         0.         0.         0.
 0.         0.         0.         0.         0.         0.
 0.         0.         0.         0.         0.         0.
 0.         0.         0.         0.         0.         0.
 0.         0.         0.         0.         0.         0.
 0.         0.         0.         0.         0.         0.
 0.         0.         0.         0.         0.         0.
 0.         0.        ]
Normalized importance:  [0.12203091 0.12203091 0.12203091 0.12203091 0.12203091 0.12203091
 0.12203091 0.37268927 0.37268927 0.37268927 0.37268927 0.37268927
 0.37268927 0.37268927 0.32933639 0.32933639 0.32933639 0.32933639
 0.32933639 0.32933639 0.32933639 0.14668121 0.14668121 0.14668121
 0.14668121 0.14668121 0.14668121 0.14668121 0.04123423 0.04123423
 0.04123423 0.04123423 0.04123423 0.         0.         0.05684064
 0.         0.05684064 0.05684064 0.05684064 0.         0.05684064
 0.98190992 0.98190992 0.98190992 0.98190992 0.98190992 0.98190992
 0.98190992 1.         1.         1.         1.         1.
 1.         1.         0.57400552 0.57400552 0.57400552 0.57400552
 0.57400552 0.57400552 0.57400552 0.21299577 0.21299577 0.21299577
 0.21299577 0.21299577 0.21299577 0.21299577 0.         0.
 0.         0.         0.         0.         0.00467678 0.
 0.         0.02303677 0.         0.         0.         0.
 0.         0.00545485 0.         0.         0.         0.
 0.02374581 0.         0.         0.         0.         0.
 0.         0.         0.         0.         0.         0.
 0.         0.         0.         0.         0.         0.
 0.         0.         0.         0.01414398 0.         0.
 0.         0.         0.         0.         0.         0.
 0.         0.         0.         0.         0.         0.
 0.         0.         0.         0.         0.         0.
 0.         0.         0.         0.         0.         0.
 0.         0.         0.         0.         0.         0.
 0.         0.         0.         0.         0.         0.
 0.03006475 0.         0.02358954 0.         0.         0.
 0.         0.         0.         0.         0.         0.
 0.         0.         0.         0.         0.         0.
 0.         0.         0.         0.         0.03723519 0.
 0.         0.         0.         0.         0.01133079 0.
 0.         0.         0.         0.01107967 0.         0.
 0.         0.         0.         0.         0.         0.
 0.         0.         0.         0.         0.         0.03141898
 0.         0.        ]
deepbreaks
y_true:  [0. 0. 0. 0. 0. 0. 0. 0. 0. 0. 0. 0. 0. 0. 1. 1. 1. 1. 1. 1. 1. 0. 0. 0.
 0. 0. 0. 0. 0. 0. 0. 0. 0. 0. 0. 0. 0. 0. 0. 0. 0. 0. 1. 1. 1. 1. 1. 1.
 1. 1. 1. 1. 1. 1. 1. 1. 1. 1. 1. 1. 1. 1. 1. 1. 1. 1. 1. 1. 1. 1. 0. 0.
 0. 0. 0. 0. 0. 0. 0. 0. 0. 0. 0. 0. 0. 0. 0. 0. 0. 0. 0. 0. 0. 0. 0. 0.
 0. 0. 0. 0. 0. 0. 0. 0. 0. 0. 0. 0. 0. 0. 0. 0. 0. 0. 0. 0. 0. 0. 0. 0.
 0. 0. 0. 0. 0. 0. 0. 0. 0. 0. 0. 0. 0. 0. 0. 0. 0. 0. 0. 0. 0. 0. 0. 0.
 0. 0. 0. 0. 0. 0. 0. 0. 0. 0. 0. 0. 0. 0. 0. 0. 0. 0. 0. 0. 0. 0. 0. 0.
 0. 0. 0. 0. 0. 0. 0. 0. 0. 0. 0. 0. 0. 0. 0. 0. 0. 0. 0. 0. 0. 0. 0. 0.
 0. 0. 0. 0. 0. 0. 0. 0.]
y_pred:  [0. 0. 0. 0. 0. 0. 0. 1. 1. 1. 1. 1. 1. 1. 1. 1. 1. 1. 1. 1. 1. 0. 0. 0.
 0. 0. 0. 0. 0. 0. 0. 0. 0. 0. 0. 0. 0. 0. 0. 0. 0. 0. 1. 1. 1. 1. 1. 1.
 1. 1. 1. 1. 1. 1. 1. 1. 1. 1. 1. 1. 1. 1. 1. 1. 1. 1. 1. 1. 1. 1. 0. 0.
 0. 0. 0. 0. 0. 0. 0. 0. 0. 0. 0. 0. 0. 0. 0. 0. 0. 0. 0. 0. 0. 0. 0. 0.
 0. 0. 0. 0. 0. 0. 0. 0. 0. 0. 0. 0. 0. 0. 0. 0. 0. 0. 0. 0. 0. 0. 0. 0.
 0. 0. 0. 0. 0. 0. 0. 0. 0. 0. 0. 0. 0. 0. 0. 0. 0. 0. 0. 0. 0. 0. 0. 0.
 0. 0. 0. 0. 0. 0. 0. 0. 0. 0. 0. 0. 0. 0. 0. 0. 0. 0. 0. 0. 0. 0. 0. 0.
 0. 0. 0. 0. 0. 0. 0. 0. 0. 0. 0. 0. 0. 0. 0. 0. 0. 0. 0. 0. 0. 0. 0. 0.
 0. 0. 0. 0. 0. 0. 0. 0.]
Normalized importance:  [3.89355742e-01 7.78711485e-02 3.89355742e-02 1.56302521e-01
 2.29131653e-01 1.62745098e-01 5.04201681e-01 6.13445378e-01
 2.82913165e-01 2.31092437e-01 2.24649860e-01 3.22128852e-01
 2.80112045e-01 9.97198880e-02 5.99439776e-01 4.39775910e-01
 1.29131653e-01 2.65546218e-01 1.45938375e-01 4.22969188e-01
 4.31372549e-01 3.64145658e-01 3.13725490e-01 3.16526611e-01
 1.61624650e-02 2.11484594e-01 9.29971989e-02 1.54061625e-01
 2.00280112e-01 4.20168067e-03 1.61064426e-01 1.88795518e-01
 2.39495798e-01 1.57703081e-01 3.69747899e-02 2.01120448e-02
 0.00000000e+00 1.11764706e-01 2.12044818e-01 6.27450980e-02
 4.87394958e-03 2.82913165e-01 8.15126050e-01 5.68627451e-01
 3.86554622e-01 3.92156863e-01 4.67787115e-01 5.54621849e-01
 5.85434174e-01 1.00000000e+00 5.40616246e-01 4.11764706e-01
 3.80952381e-01 2.91316527e-01 3.69747899e-01 4.28571429e-01
 5.68627451e-01 2.22689076e-01 1.65266106e-01 3.78151261e-01
 6.30252101e-01 1.14285714e-01 3.75350140e-01 4.34173669e-01
 4.95798319e-01 1.82913165e-01 0.00000000e+00 3.13725490e-01
 2.30252101e-01 3.05322129e-01 0.00000000e+00 7.67507003e-02
 0.00000000e+00 0.00000000e+00 9.63585434e-02 1.58263305e-01
 3.13725490e-01 0.00000000e+00 1.26610644e-01 2.58263305e-01
 1.56302521e-01 0.00000000e+00 0.00000000e+00 8.37535014e-02
 0.00000000e+00 1.36974790e-01 0.00000000e+00 0.00000000e+00
 7.92717087e-02 1.42296919e-01 1.40056022e-01 1.47619048e-01
 1.34453782e-01 1.00000000e-01 0.00000000e+00 8.43137255e-02
 1.05882353e-01 0.00000000e+00 0.00000000e+00 0.00000000e+00
 5.15406162e-02 0.00000000e+00 2.36694678e-01 6.94677871e-02
 2.13445378e-01 9.35574230e-02 0.00000000e+00 2.05042017e-02
 2.18207283e-02 3.97759104e-02 4.34173669e-02 2.39495798e-01
 0.00000000e+00 0.00000000e+00 0.00000000e+00 1.24089636e-01
 1.83753501e-01 1.00560224e-01 0.00000000e+00 3.10924370e-01
 0.00000000e+00 9.52380952e-02 1.11204482e-01 2.31092437e-01
 0.00000000e+00 2.59383754e-02 0.00000000e+00 0.00000000e+00
 0.00000000e+00 0.00000000e+00 0.00000000e+00 0.00000000e+00
 3.24929972e-02 9.83193277e-02 2.68347339e-02 0.00000000e+00
 3.08123249e-01 0.00000000e+00 0.00000000e+00 1.22689076e-01
 0.00000000e+00 0.00000000e+00 1.14845938e-01 0.00000000e+00
 2.51260504e-01 0.00000000e+00 1.30252101e-01 1.28291317e-01
 5.18207283e-02 9.97198880e-02 2.14005602e-01 0.00000000e+00
 1.80392157e-01 2.49019608e-01 0.00000000e+00 5.85434174e-02
 0.00000000e+00 1.90196078e-01 5.74229692e-03 1.25490196e-01
 0.00000000e+00 0.00000000e+00 0.00000000e+00 0.00000000e+00
 1.62745098e-01 5.09803922e-02 0.00000000e+00 0.00000000e+00
 4.90196078e-02 0.00000000e+00 0.00000000e+00 0.00000000e+00
 4.56582633e-01 2.02521008e-01 1.95798319e-01 5.63025210e-02
 0.00000000e+00 0.00000000e+00 2.39495798e-01 2.26610644e-02
 0.00000000e+00 1.38095238e-01 0.00000000e+00 1.73109244e-01
 0.00000000e+00 2.55742297e-01 7.98319328e-04 1.00280112e-01
 0.00000000e+00 0.00000000e+00 0.00000000e+00 2.39775910e-02
 2.94117647e-02 1.37815126e-01 0.00000000e+00 2.18487395e-02
 0.00000000e+00 4.11764706e-01 0.00000000e+00 0.00000000e+00]
pyseer
y_true:  [0. 0. 0. 0. 0. 0. 0. 0. 0. 0. 0. 0. 0. 0. 1. 1. 1. 1. 1. 1. 1. 0. 0. 0.
 0. 0. 0. 0. 0. 0. 0. 0. 0. 0. 0. 0. 0. 0. 0. 0. 0. 0. 1. 1. 1. 1. 1. 1.
 1. 1. 1. 1. 1. 1. 1. 1. 1. 1. 1. 1. 1. 1. 1. 1. 1. 1. 1. 1. 1. 1. 0. 0.
 0. 0. 0. 0. 0. 0. 0. 0. 0. 0. 0. 0. 0. 0. 0. 0. 0. 0. 0. 0. 0. 0. 0. 0.
 0. 0. 0. 0. 0. 0. 0. 0. 0. 0. 0. 0. 0. 0. 0. 0. 0. 0. 0. 0. 0. 0. 0. 0.
 0. 0. 0. 0. 0. 0. 0. 0. 0. 0. 0. 0. 0. 0. 0. 0. 0. 0. 0. 0. 0. 0. 0. 0.
 0. 0. 0. 0. 0. 0. 0. 0. 0. 0. 0. 0. 0. 0. 0. 0. 0. 0. 0. 0. 0. 0. 0. 0.
 0. 0. 0. 0. 0. 0. 0. 0. 0. 0. 0. 0. 0. 0. 0. 0. 0. 0. 0. 0. 0. 0. 0. 0.
 0. 0. 0. 0. 0. 0. 0. 0.]
y_pred:  [1. 0. 0. 0. 1. 0. 1. 1. 1. 1. 1. 1. 1. 0. 1. 1. 0. 1. 0. 1. 1. 1. 1. 1.
 0. 1. 0. 0. 1. 0. 0. 1. 1. 0. 0. 0. 0. 0. 1. 0. 0. 1. 1. 1. 1. 1. 1. 1.
 1. 1. 1. 1. 1. 1. 1. 1. 1. 1. 1. 1. 1. 0. 1. 1. 1. 1. 0. 1. 1. 1. 0. 0.
 0. 0. 0. 0. 1. 0. 0. 1. 0. 0. 0. 0. 0. 0. 0. 0. 0. 0. 0. 0. 0. 0. 0. 0.
 0. 0. 0. 0. 0. 0. 1. 0. 1. 0. 0. 0. 0. 0. 0. 1. 0. 0. 0. 0. 1. 0. 0. 1.
 0. 0. 0. 1. 0. 0. 0. 0. 0. 0. 0. 0. 0. 0. 0. 0. 1. 0. 0. 0. 0. 0. 0. 0.
 1. 0. 0. 0. 0. 0. 1. 0. 1. 1. 0. 0. 0. 1. 0. 0. 0. 0. 0. 0. 0. 0. 0. 0.
 0. 0. 0. 0. 1. 1. 1. 0. 0. 0. 1. 0. 0. 0. 0. 1. 0. 1. 0. 0. 0. 0. 0. 0.
 0. 0. 0. 0. 0. 1. 0. 0.]
Time taken: 23.226874589920044 seconds
Running combination 19 of 50
Fitting RandomForest...
Fitting Adaboost...
Fitting AdaBoost_2...
Fitting et...
Fitting gbc...
Fitting gbc_2...
Fitting gbc_3...
Fitting dt...
Fitting lr...
Fitting Lasso_1...
Fitting Lasso_2...
Fitting Lasso_3...
Fitting Lasso_4...
Fitting elasticnet...
VCF file created successfully.
pyseer stderr:  Read 1000 phenotypes
Detected continuous phenotype
Reading all variants

0variants [00:00, ?variants/s]
56variants [00:00, 552.38variants/s]
112variants [00:00, 485.58variants/s]
168variants [00:00, 514.18variants/s]
198variants [00:00, 518.92variants/s]
Applying correlation filtering

  0%|          | 0/198 [00:00<?, ?variants/s]
100%|██████████| 198/198 [00:00<00:00, 2643.67variants/s]
Fitting elastic net to top 148 variants
Best penalty (lambda) from cross-validation: 8.44E+00
Best R^2 from cross-validation: 0.559
Finding and printing selected variants
198 loaded variants
50 pre-filtered variants
148 tested variants
135 printed variants

True importance standardized:  [0.23108188 0.23108188 0.23108188 0.23108188 0.23108188 0.23108188
 0.23108188 0.93956265 0.93956265 0.93956265 0.93956265 0.93956265
 0.93956265 0.93956265 1.         1.         1.         1.
 1.         1.         1.         0.78641622 0.78641622 0.78641622
 0.78641622 0.78641622 0.78641622 0.78641622 0.73738651 0.73738651
 0.73738651 0.73738651 0.73738651 0.73738651 0.73738651 0.56493853
 0.56493853 0.56493853 0.56493853 0.56493853 0.56493853 0.56493853
 0.28893941 0.28893941 0.28893941 0.28893941 0.28893941 0.28893941
 0.28893941 0.58161959 0.58161959 0.58161959 0.58161959 0.58161959
 0.58161959 0.58161959 0.14241372 0.14241372 0.14241372 0.14241372
 0.14241372 0.14241372 0.14241372 0.37818175 0.37818175 0.37818175
 0.37818175 0.37818175 0.37818175 0.37818175 0.         0.
 0.         0.         0.         0.         0.         0.
 0.         0.         0.         0.         0.         0.
 0.         0.         0.         0.         0.         0.
 0.         0.         0.         0.         0.         0.
 0.         0.         0.         0.         0.         0.
 0.         0.         0.         0.         0.         0.
 0.         0.         0.         0.         0.         0.
 0.         0.         0.         0.         0.         0.
 0.         0.         0.         0.         0.         0.
 0.         0.         0.         0.         0.         0.
 0.         0.         0.         0.         0.         0.
 0.         0.         0.         0.         0.         0.
 0.         0.         0.         0.         0.         0.
 0.         0.         0.         0.         0.         0.
 0.         0.         0.         0.         0.         0.
 0.         0.         0.         0.         0.         0.
 0.         0.         0.         0.         0.         0.
 0.         0.         0.         0.         0.         0.
 0.         0.         0.         0.         0.         0.
 0.         0.         0.         0.         0.         0.
 0.         0.         0.         0.         0.         0.
 0.         0.        ]
Normalized importance:  [0.         0.         0.         0.07166116 0.         0.
 0.         0.83392906 0.83392906 0.83392906 0.83392906 0.83392906
 0.83392906 0.83392906 1.         1.         1.         1.
 1.         1.         1.         0.64836891 0.64836891 0.64836891
 0.64836891 0.64836891 0.64836891 0.64836891 0.29259967 0.29259967
 0.29259967 0.29259967 0.29259967 0.29259967 0.29259967 0.33011962
 0.33011962 0.33011962 0.33011962 0.33011962 0.33011962 0.33011962
 0.09841781 0.09841781 0.09841781 0.09841781 0.09841781 0.
 0.09841781 0.31534253 0.31534253 0.31534253 0.31534253 0.31534253
 0.31534253 0.31534253 0.         0.         0.         0.
 0.         0.         0.         0.11767535 0.11767535 0.11767535
 0.11767535 0.11767535 0.11767535 0.11767535 0.         0.
 0.         0.         0.         0.         0.         0.01908553
 0.         0.         0.         0.         0.         0.0148901
 0.         0.         0.         0.         0.         0.
 0.         0.         0.02261916 0.         0.         0.
 0.         0.02952304 0.         0.         0.         0.
 0.         0.         0.         0.         0.         0.
 0.         0.         0.         0.         0.         0.
 0.00621135 0.         0.01773356 0.         0.         0.0216694
 0.         0.         0.         0.         0.         0.
 0.         0.         0.         0.         0.02150368 0.
 0.         0.02959244 0.         0.02226985 0.         0.
 0.         0.         0.         0.         0.         0.
 0.         0.         0.         0.         0.         0.
 0.         0.00528011 0.         0.         0.         0.
 0.         0.         0.         0.         0.         0.
 0.         0.         0.         0.         0.         0.
 0.         0.         0.         0.         0.05167776 0.
 0.         0.         0.         0.         0.         0.
 0.         0.         0.         0.         0.         0.0311655
 0.         0.         0.         0.02147457 0.         0.
 0.         0.         0.         0.         0.         0.
 0.         0.        ]
deepbreaks
y_true:  [0. 0. 0. 0. 0. 0. 0. 1. 1. 1. 1. 1. 1. 1. 1. 1. 1. 1. 1. 1. 1. 1. 1. 1.
 1. 1. 1. 1. 1. 1. 1. 1. 1. 1. 1. 0. 0. 0. 0. 0. 0. 0. 0. 0. 0. 0. 0. 0.
 0. 1. 1. 1. 1. 1. 1. 1. 0. 0. 0. 0. 0. 0. 0. 0. 0. 0. 0. 0. 0. 0. 0. 0.
 0. 0. 0. 0. 0. 0. 0. 0. 0. 0. 0. 0. 0. 0. 0. 0. 0. 0. 0. 0. 0. 0. 0. 0.
 0. 0. 0. 0. 0. 0. 0. 0. 0. 0. 0. 0. 0. 0. 0. 0. 0. 0. 0. 0. 0. 0. 0. 0.
 0. 0. 0. 0. 0. 0. 0. 0. 0. 0. 0. 0. 0. 0. 0. 0. 0. 0. 0. 0. 0. 0. 0. 0.
 0. 0. 0. 0. 0. 0. 0. 0. 0. 0. 0. 0. 0. 0. 0. 0. 0. 0. 0. 0. 0. 0. 0. 0.
 0. 0. 0. 0. 0. 0. 0. 0. 0. 0. 0. 0. 0. 0. 0. 0. 0. 0. 0. 0. 0. 0. 0. 0.
 0. 0. 0. 0. 0. 0. 0. 0.]
y_pred:  [0. 0. 0. 0. 0. 0. 0. 1. 1. 1. 1. 1. 1. 1. 1. 1. 1. 1. 1. 1. 1. 1. 1. 1.
 1. 1. 1. 1. 0. 0. 0. 0. 0. 0. 0. 1. 1. 1. 1. 1. 1. 1. 0. 0. 0. 0. 0. 0.
 0. 1. 1. 1. 1. 1. 1. 1. 0. 0. 0. 0. 0. 0. 0. 0. 0. 0. 0. 0. 0. 0. 0. 0.
 0. 0. 0. 0. 0. 0. 0. 0. 0. 0. 0. 0. 0. 0. 0. 0. 0. 0. 0. 0. 0. 0. 0. 0.
 0. 0. 0. 0. 0. 0. 0. 0. 0. 0. 0. 0. 0. 0. 0. 0. 0. 0. 0. 0. 0. 0. 0. 0.
 0. 0. 0. 0. 0. 0. 0. 0. 0. 0. 0. 0. 0. 0. 0. 0. 0. 0. 0. 0. 0. 0. 0. 0.
 0. 0. 0. 0. 0. 0. 0. 0. 0. 0. 0. 0. 0. 0. 0. 0. 0. 0. 0. 0. 0. 0. 0. 0.
 0. 0. 0. 0. 0. 0. 0. 0. 0. 0. 0. 0. 0. 0. 0. 0. 0. 0. 0. 0. 0. 0. 0. 0.
 0. 0. 0. 0. 0. 0. 0. 0.]
Normalized importance:  [1.34375000e-01 0.00000000e+00 4.76562500e-02 2.19140625e-01
 5.27343750e-02 1.61328125e-01 0.00000000e+00 7.85156250e-01
 4.68750000e-01 1.93359375e-01 5.19531250e-01 5.58593750e-01
 6.99218750e-01 4.60937500e-01 1.00000000e+00 6.40625000e-01
 3.88281250e-01 6.36718750e-01 5.07812500e-01 5.93750000e-01
 6.56250000e-01 7.30468750e-01 5.70312500e-01 4.17968750e-01
 7.10937500e-01 7.46093750e-02 4.57031250e-01 2.93359375e-01
 6.64062500e-01 3.75781250e-01 3.89453125e-01 2.07031250e-01
 2.73437500e-01 3.10546875e-01 0.00000000e+00 6.75781250e-01
 7.46093750e-02 3.46484375e-01 1.88671875e-01 4.84375000e-01
 3.70312500e-01 3.03906250e-01 2.13281250e-01 2.96484375e-01
 1.16796875e-01 1.85937500e-01 8.04687500e-02 5.11718750e-02
 1.07031250e-01 4.84375000e-01 7.46093750e-02 3.94531250e-01
 4.64843750e-01 5.15625000e-02 3.26562500e-01 5.46875000e-01
 0.00000000e+00 6.32812500e-02 6.40625000e-02 0.00000000e+00
 2.14062500e-01 3.06250000e-02 1.71484375e-01 3.14453125e-01
 2.19531250e-01 1.79296875e-01 1.73828125e-01 3.04296875e-01
 2.14062500e-01 1.49609375e-01 1.86328125e-01 0.00000000e+00
 8.94531250e-02 0.00000000e+00 2.67968750e-02 6.87500000e-02
 0.00000000e+00 0.00000000e+00 1.55859375e-01 0.00000000e+00
 2.02734375e-01 0.00000000e+00 0.00000000e+00 8.12500000e-02
 1.48046875e-01 1.31250000e-01 0.00000000e+00 1.97265625e-02
 0.00000000e+00 8.39843750e-02 7.81250000e-03 0.00000000e+00
 2.34765625e-01 1.61718750e-01 0.00000000e+00 1.61328125e-01
 1.85546875e-01 7.61718750e-02 1.00390625e-01 0.00000000e+00
 2.65234375e-01 2.23828125e-01 0.00000000e+00 0.00000000e+00
 1.70703125e-01 1.17578125e-01 1.03515625e-01 1.18359375e-01
 5.85937500e-02 0.00000000e+00 5.70312500e-02 5.42968750e-02
 0.00000000e+00 1.51171875e-01 2.87500000e-02 0.00000000e+00
 1.50000000e-01 0.00000000e+00 0.00000000e+00 2.96093750e-01
 0.00000000e+00 0.00000000e+00 2.42187500e-01 0.00000000e+00
 0.00000000e+00 0.00000000e+00 0.00000000e+00 1.39453125e-01
 1.13281250e-01 1.89062500e-01 9.14062500e-02 1.59375000e-01
 2.30078125e-01 1.96484375e-01 1.00390625e-01 1.51953125e-01
 6.60156250e-02 0.00000000e+00 1.75390625e-01 0.00000000e+00
 0.00000000e+00 0.00000000e+00 0.00000000e+00 0.00000000e+00
 2.80078125e-01 2.67968750e-01 0.00000000e+00 1.83984375e-03
 0.00000000e+00 2.00000000e-02 4.06250000e-02 1.01953125e-01
 6.28906250e-02 0.00000000e+00 0.00000000e+00 1.89062500e-01
 2.15234375e-01 4.25781250e-02 0.00000000e+00 0.00000000e+00
 0.00000000e+00 0.00000000e+00 5.50781250e-02 0.00000000e+00
 3.06640625e-02 0.00000000e+00 3.78515625e-04 0.00000000e+00
 1.68359375e-01 1.30468750e-01 1.33593750e-01 0.00000000e+00
 1.91796875e-01 0.00000000e+00 1.13671875e-01 0.00000000e+00
 0.00000000e+00 1.04687500e-01 0.00000000e+00 0.00000000e+00
 0.00000000e+00 0.00000000e+00 1.69531250e-01 0.00000000e+00
 0.00000000e+00 7.10937500e-02 1.18750000e-01 6.44531250e-02
 0.00000000e+00 1.15625000e-01 0.00000000e+00 9.17968750e-02
 0.00000000e+00 0.00000000e+00 0.00000000e+00 0.00000000e+00
 1.65234375e-01 2.03515625e-01 0.00000000e+00 0.00000000e+00]
pyseer
y_true:  [0. 0. 0. 0. 0. 0. 0. 1. 1. 1. 1. 1. 1. 1. 1. 1. 1. 1. 1. 1. 1. 1. 1. 1.
 1. 1. 1. 1. 1. 1. 1. 1. 1. 1. 1. 0. 0. 0. 0. 0. 0. 0. 0. 0. 0. 0. 0. 0.
 0. 1. 1. 1. 1. 1. 1. 1. 0. 0. 0. 0. 0. 0. 0. 0. 0. 0. 0. 0. 0. 0. 0. 0.
 0. 0. 0. 0. 0. 0. 0. 0. 0. 0. 0. 0. 0. 0. 0. 0. 0. 0. 0. 0. 0. 0. 0. 0.
 0. 0. 0. 0. 0. 0. 0. 0. 0. 0. 0. 0. 0. 0. 0. 0. 0. 0. 0. 0. 0. 0. 0. 0.
 0. 0. 0. 0. 0. 0. 0. 0. 0. 0. 0. 0. 0. 0. 0. 0. 0. 0. 0. 0. 0. 0. 0. 0.
 0. 0. 0. 0. 0. 0. 0. 0. 0. 0. 0. 0. 0. 0. 0. 0. 0. 0. 0. 0. 0. 0. 0. 0.
 0. 0. 0. 0. 0. 0. 0. 0. 0. 0. 0. 0. 0. 0. 0. 0. 0. 0. 0. 0. 0. 0. 0. 0.
 0. 0. 0. 0. 0. 0. 0. 0.]
y_pred:  [0. 0. 0. 1. 0. 0. 0. 1. 1. 1. 1. 1. 1. 1. 1. 1. 1. 1. 1. 1. 1. 1. 1. 1.
 1. 0. 1. 1. 1. 1. 1. 1. 1. 1. 0. 1. 0. 1. 1. 1. 1. 1. 1. 1. 0. 1. 0. 0.
 0. 1. 0. 1. 1. 0. 1. 1. 0. 0. 0. 0. 1. 0. 1. 1. 1. 1. 1. 1. 1. 0. 1. 0.
 0. 0. 0. 0. 0. 0. 0. 0. 1. 0. 0. 0. 0. 0. 0. 0. 0. 0. 0. 0. 1. 0. 0. 0.
 1. 0. 0. 0. 1. 1. 0. 0. 1. 0. 0. 0. 0. 0. 0. 0. 0. 0. 0. 0. 0. 0. 0. 1.
 0. 0. 1. 0. 0. 0. 0. 0. 0. 1. 0. 0. 1. 1. 0. 0. 0. 0. 1. 0. 0. 0. 0. 0.
 1. 1. 0. 0. 0. 0. 0. 0. 0. 0. 0. 1. 1. 0. 0. 0. 0. 0. 0. 0. 0. 0. 0. 0.
 0. 0. 0. 0. 1. 0. 0. 0. 0. 0. 0. 0. 0. 0. 0. 0. 0. 0. 0. 0. 0. 0. 0. 0.
 0. 0. 0. 0. 0. 1. 0. 0.]
Time taken: 21.60990881919861 seconds
Running combination 20 of 50
Fitting RandomForest...
Fitting Adaboost...
Fitting AdaBoost_2...
Fitting et...
Fitting gbc...
Fitting gbc_2...
Fitting gbc_3...
Fitting dt...
Fitting lr...
Fitting Lasso_1...
Fitting Lasso_2...
Fitting Lasso_3...
Fitting Lasso_4...
Fitting elasticnet...
VCF file created successfully.
pyseer stderr:  Read 1000 phenotypes
Detected continuous phenotype
Reading all variants

0variants [00:00, ?variants/s]
55variants [00:00, 549.66variants/s]
110variants [00:00, 482.13variants/s]
166variants [00:00, 512.72variants/s]
198variants [00:00, 517.23variants/s]
Applying correlation filtering

  0%|          | 0/198 [00:00<?, ?variants/s]
100%|██████████| 198/198 [00:00<00:00, 2737.46variants/s]
Fitting elastic net to top 148 variants
Best penalty (lambda) from cross-validation: 2.10E+01
Best R^2 from cross-validation: 0.486
Finding and printing selected variants
198 loaded variants
50 pre-filtered variants
148 tested variants
131 printed variants

True importance standardized:  [0.59690493 0.59690493 0.59690493 0.59690493 0.59690493 0.59690493
 0.59690493 1.         1.         1.         1.         1.
 1.         1.         0.15264092 0.15264092 0.15264092 0.15264092
 0.15264092 0.15264092 0.15264092 0.39218857 0.39218857 0.39218857
 0.39218857 0.39218857 0.39218857 0.39218857 0.28482758 0.28482758
 0.28482758 0.28482758 0.28482758 0.28482758 0.28482758 0.6728235
 0.6728235  0.6728235  0.6728235  0.6728235  0.6728235  0.6728235
 0.8143247  0.8143247  0.8143247  0.8143247  0.8143247  0.8143247
 0.8143247  0.610897   0.610897   0.610897   0.610897   0.610897
 0.610897   0.610897   0.57664064 0.57664064 0.57664064 0.57664064
 0.57664064 0.57664064 0.57664064 0.11959482 0.11959482 0.11959482
 0.11959482 0.11959482 0.11959482 0.11959482 0.         0.
 0.         0.         0.         0.         0.         0.
 0.         0.         0.         0.         0.         0.
 0.         0.         0.         0.         0.         0.
 0.         0.         0.         0.         0.         0.
 0.         0.         0.         0.         0.         0.
 0.         0.         0.         0.         0.         0.
 0.         0.         0.         0.         0.         0.
 0.         0.         0.         0.         0.         0.
 0.         0.         0.         0.         0.         0.
 0.         0.         0.         0.         0.         0.
 0.         0.         0.         0.         0.         0.
 0.         0.         0.         0.         0.         0.
 0.         0.         0.         0.         0.         0.
 0.         0.         0.         0.         0.         0.
 0.         0.         0.         0.         0.         0.
 0.         0.         0.         0.         0.         0.
 0.         0.         0.         0.         0.         0.
 0.         0.         0.         0.         0.         0.
 0.         0.         0.         0.         0.         0.
 0.         0.         0.         0.         0.         0.
 0.         0.         0.         0.         0.         0.
 0.         0.        ]
Normalized importance:  [0.47190999 0.47190999 0.47190999 0.47190999 0.47190999 0.47190999
 0.47190999 1.         1.         1.         1.         1.
 1.         1.         0.04620481 0.04620481 0.04620481 0.
 0.04620481 0.04620481 0.         0.28036603 0.28036603 0.28036603
 0.28036603 0.28036603 0.28036603 0.28036603 0.07195888 0.
 0.         0.         0.         0.         0.         0.43456764
 0.43456764 0.43456764 0.43456764 0.43456764 0.43456764 0.43456764
 0.92923002 0.92923002 0.92923002 0.92923002 0.92923002 0.92923002
 0.92923002 0.50171184 0.50171184 0.50171184 0.50171184 0.50171184
 0.50171184 0.50171184 0.23490929 0.23490929 0.23490929 0.23490929
 0.23490929 0.23490929 0.23490929 0.0197926  0.         0.
 0.         0.         0.         0.         0.         0.0349656
 0.         0.         0.         0.         0.         0.
 0.         0.         0.         0.         0.         0.
 0.         0.         0.         0.         0.         0.00536597
 0.         0.         0.         0.         0.03721601 0.
 0.         0.01064363 0.         0.         0.         0.
 0.02285165 0.         0.         0.         0.         0.
 0.         0.         0.         0.         0.         0.
 0.         0.         0.         0.         0.         0.
 0.         0.         0.         0.         0.         0.
 0.         0.         0.         0.         0.         0.
 0.         0.         0.         0.         0.         0.
 0.         0.         0.         0.         0.         0.
 0.         0.01037824 0.         0.         0.         0.
 0.         0.         0.         0.         0.03191568 0.
 0.         0.         0.         0.         0.         0.
 0.         0.         0.         0.         0.         0.
 0.         0.         0.         0.         0.         0.
 0.         0.         0.         0.         0.         0.
 0.         0.01999811 0.         0.         0.         0.
 0.         0.         0.         0.         0.         0.
 0.         0.         0.         0.         0.         0.
 0.         0.        ]
deepbreaks
y_true:  [1. 1. 1. 1. 1. 1. 1. 1. 1. 1. 1. 1. 1. 1. 0. 0. 0. 0. 0. 0. 0. 0. 0. 0.
 0. 0. 0. 0. 0. 0. 0. 0. 0. 0. 0. 1. 1. 1. 1. 1. 1. 1. 1. 1. 1. 1. 1. 1.
 1. 1. 1. 1. 1. 1. 1. 1. 0. 0. 0. 0. 0. 0. 0. 0. 0. 0. 0. 0. 0. 0. 0. 0.
 0. 0. 0. 0. 0. 0. 0. 0. 0. 0. 0. 0. 0. 0. 0. 0. 0. 0. 0. 0. 0. 0. 0. 0.
 0. 0. 0. 0. 0. 0. 0. 0. 0. 0. 0. 0. 0. 0. 0. 0. 0. 0. 0. 0. 0. 0. 0. 0.
 0. 0. 0. 0. 0. 0. 0. 0. 0. 0. 0. 0. 0. 0. 0. 0. 0. 0. 0. 0. 0. 0. 0. 0.
 0. 0. 0. 0. 0. 0. 0. 0. 0. 0. 0. 0. 0. 0. 0. 0. 0. 0. 0. 0. 0. 0. 0. 0.
 0. 0. 0. 0. 0. 0. 0. 0. 0. 0. 0. 0. 0. 0. 0. 0. 0. 0. 0. 0. 0. 0. 0. 0.
 0. 0. 0. 0. 0. 0. 0. 0.]
y_pred:  [1. 1. 1. 1. 1. 1. 1. 1. 1. 1. 1. 1. 1. 1. 0. 0. 0. 0. 0. 0. 0. 0. 0. 0.
 0. 0. 0. 0. 0. 0. 0. 0. 0. 0. 0. 1. 1. 1. 1. 1. 1. 1. 1. 1. 1. 1. 1. 1.
 1. 1. 1. 1. 1. 1. 1. 1. 0. 0. 0. 0. 0. 0. 0. 0. 0. 0. 0. 0. 0. 0. 0. 0.
 0. 0. 0. 0. 0. 0. 0. 0. 0. 0. 0. 0. 0. 0. 0. 0. 0. 0. 0. 0. 0. 0. 0. 0.
 0. 0. 0. 0. 0. 0. 0. 0. 0. 0. 0. 0. 0. 0. 0. 0. 0. 0. 0. 0. 0. 0. 0. 0.
 0. 0. 0. 0. 0. 0. 0. 0. 0. 0. 0. 0. 0. 0. 0. 0. 0. 0. 0. 0. 0. 0. 0. 0.
 0. 0. 0. 0. 0. 0. 0. 0. 0. 0. 0. 0. 0. 0. 0. 0. 0. 0. 0. 0. 0. 0. 0. 0.
 0. 0. 0. 0. 0. 0. 0. 0. 0. 0. 0. 0. 0. 0. 0. 0. 0. 0. 0. 0. 0. 0. 0. 0.
 0. 0. 0. 0. 0. 0. 0. 0.]
Normalized importance:  [5.99589322e-01 4.31211499e-01 5.21560575e-01 3.28542094e-01
 3.67556468e-01 3.96303901e-01 1.00000000e-01 1.00000000e+00
 6.28336756e-01 7.18685832e-01 7.20739220e-01 4.82546201e-01
 5.58521561e-01 4.00410678e-01 2.64887064e-01 1.73511294e-01
 6.26283368e-02 2.40246407e-02 0.00000000e+00 0.00000000e+00
 1.21765914e-01 6.44763860e-01 3.14168378e-01 5.58521561e-01
 2.32032854e-01 1.17248460e-01 2.38193018e-01 1.39835729e-02
 2.99794661e-01 0.00000000e+00 2.46406571e-01 9.15811088e-03
 1.12936345e-01 1.19096509e-01 2.46406571e-01 6.26283368e-01
 4.10677618e-01 2.77207392e-01 3.92197125e-01 3.96303901e-01
 1.47843943e-01 5.31827515e-01 8.87063655e-01 5.64681725e-01
 5.85215606e-01 4.08624230e-01 4.12731006e-01 6.65297741e-01
 2.97741273e-01 7.59753593e-01 2.11498973e-01 3.67556468e-01
 2.29979466e-01 3.77823409e-01 3.18275154e-01 2.60780287e-01
 5.46201232e-01 1.10472279e-01 2.15605749e-01 0.00000000e+00
 3.61396304e-01 4.27104723e-01 3.73716632e-01 1.58110883e-01
 0.00000000e+00 4.86652977e-02 2.32032854e-01 0.00000000e+00
 1.01437372e-01 0.00000000e+00 0.00000000e+00 3.63449692e-01
 3.32648871e-01 1.97946612e-01 0.00000000e+00 1.98973306e-01
 2.73100616e-01 0.00000000e+00 1.56262834e-01 1.45379877e-01
 1.06776181e-01 1.20944559e-01 3.20328542e-01 0.00000000e+00
 8.17248460e-02 1.03080082e-01 0.00000000e+00 1.57905544e-01
 9.85626283e-02 3.20328542e-01 4.76386037e-02 1.06776181e-01
 3.12114990e-02 0.00000000e+00 3.71663244e-01 0.00000000e+00
 0.00000000e+00 2.01642710e-01 1.89117043e-01 0.00000000e+00
 0.00000000e+00 0.00000000e+00 1.67967146e-01 3.24435318e-01
 1.38193018e-01 0.00000000e+00 7.24845996e-02 2.56673511e-01
 1.59342916e-01 1.62422998e-01 0.00000000e+00 9.69199179e-02
 0.00000000e+00 1.09445585e-01 0.00000000e+00 5.19507187e-02
 0.00000000e+00 1.29774127e-01 2.07392197e-01 7.06365503e-02
 0.00000000e+00 0.00000000e+00 3.61396304e-01 0.00000000e+00
 5.25667351e-02 0.00000000e+00 0.00000000e+00 0.00000000e+00
 1.55646817e-01 0.00000000e+00 0.00000000e+00 0.00000000e+00
 0.00000000e+00 0.00000000e+00 0.00000000e+00 4.25051335e-03
 0.00000000e+00 0.00000000e+00 8.82956879e-04 0.00000000e+00
 0.00000000e+00 1.64681725e-01 0.00000000e+00 9.09650924e-02
 0.00000000e+00 7.00205339e-02 2.27926078e-01 0.00000000e+00
 0.00000000e+00 7.14579055e-02 0.00000000e+00 0.00000000e+00
 0.00000000e+00 0.00000000e+00 1.48049281e-01 0.00000000e+00
 1.27515400e-01 0.00000000e+00 2.17659138e-01 0.00000000e+00
 5.25667351e-02 0.00000000e+00 1.55030801e-01 1.43326489e-01
 7.74127310e-02 2.71047228e-01 0.00000000e+00 2.73100616e-01
 0.00000000e+00 1.81724846e-01 0.00000000e+00 1.74948665e-01
 0.00000000e+00 0.00000000e+00 2.03490760e-01 3.51129363e-01
 3.30595483e-01 6.28336756e-02 0.00000000e+00 3.59342916e-01
 1.87268994e-01 2.19712526e-01 0.00000000e+00 0.00000000e+00
 0.00000000e+00 2.17659138e-01 0.00000000e+00 0.00000000e+00
 0.00000000e+00 0.00000000e+00 4.66119097e-02 1.19507187e-01
 0.00000000e+00 1.29568789e-01 0.00000000e+00 0.00000000e+00
 6.96098563e-02 1.26694045e-01 0.00000000e+00 0.00000000e+00]
pyseer
y_true:  [1. 1. 1. 1. 1. 1. 1. 1. 1. 1. 1. 1. 1. 1. 0. 0. 0. 0. 0. 0. 0. 0. 0. 0.
 0. 0. 0. 0. 0. 0. 0. 0. 0. 0. 0. 1. 1. 1. 1. 1. 1. 1. 1. 1. 1. 1. 1. 1.
 1. 1. 1. 1. 1. 1. 1. 1. 0. 0. 0. 0. 0. 0. 0. 0. 0. 0. 0. 0. 0. 0. 0. 0.
 0. 0. 0. 0. 0. 0. 0. 0. 0. 0. 0. 0. 0. 0. 0. 0. 0. 0. 0. 0. 0. 0. 0. 0.
 0. 0. 0. 0. 0. 0. 0. 0. 0. 0. 0. 0. 0. 0. 0. 0. 0. 0. 0. 0. 0. 0. 0. 0.
 0. 0. 0. 0. 0. 0. 0. 0. 0. 0. 0. 0. 0. 0. 0. 0. 0. 0. 0. 0. 0. 0. 0. 0.
 0. 0. 0. 0. 0. 0. 0. 0. 0. 0. 0. 0. 0. 0. 0. 0. 0. 0. 0. 0. 0. 0. 0. 0.
 0. 0. 0. 0. 0. 0. 0. 0. 0. 0. 0. 0. 0. 0. 0. 0. 0. 0. 0. 0. 0. 0. 0. 0.
 0. 0. 0. 0. 0. 0. 0. 0.]
y_pred:  [1. 1. 1. 1. 1. 1. 0. 1. 1. 1. 1. 1. 1. 1. 1. 0. 0. 0. 0. 0. 0. 1. 1. 1.
 1. 0. 1. 0. 1. 0. 1. 0. 0. 0. 1. 1. 1. 1. 1. 1. 0. 1. 1. 1. 1. 1. 1. 1.
 1. 1. 1. 1. 1. 1. 1. 1. 1. 0. 1. 0. 1. 1. 1. 0. 0. 0. 1. 0. 0. 0. 0. 1.
 1. 0. 0. 0. 1. 0. 0. 0. 0. 0. 1. 0. 0. 0. 0. 0. 0. 1. 0. 0. 0. 0. 1. 0.
 0. 0. 0. 0. 0. 0. 0. 1. 0. 0. 0. 1. 0. 0. 0. 0. 0. 0. 0. 0. 0. 0. 0. 0.
 0. 0. 1. 0. 0. 0. 0. 0. 0. 0. 0. 0. 0. 0. 0. 0. 0. 0. 0. 0. 0. 0. 0. 0.
 0. 0. 1. 0. 0. 0. 0. 0. 0. 0. 0. 0. 0. 0. 1. 0. 0. 0. 0. 0. 0. 1. 0. 1.
 0. 0. 0. 0. 0. 0. 0. 1. 1. 0. 0. 1. 0. 1. 0. 0. 0. 1. 0. 0. 0. 0. 0. 0.
 0. 0. 0. 0. 0. 0. 0. 0.]
Time taken: 22.56615376472473 seconds
Running combination 21 of 50
Fitting RandomForest...
Fitting Adaboost...
Fitting AdaBoost_2...
Fitting et...
Fitting gbc...
Fitting gbc_2...
Fitting gbc_3...
Fitting dt...
Fitting lr...
Fitting Lasso_1...
Fitting Lasso_2...
Fitting Lasso_3...
Fitting Lasso_4...
Fitting elasticnet...
VCF file created successfully.
pyseer stderr:  Read 1000 phenotypes
Detected continuous phenotype
Reading all variants

0variants [00:00, ?variants/s]
56variants [00:00, 550.72variants/s]
112variants [00:00, 484.49variants/s]
169variants [00:00, 517.35variants/s]
198variants [00:00, 520.86variants/s]
Applying correlation filtering

  0%|          | 0/198 [00:00<?, ?variants/s]
100%|██████████| 198/198 [00:00<00:00, 2576.66variants/s]
Fitting elastic net to top 148 variants
Best penalty (lambda) from cross-validation: 8.19E+00
Best R^2 from cross-validation: 0.493
Finding and printing selected variants
198 loaded variants
50 pre-filtered variants
148 tested variants
141 printed variants

True importance standardized:  [0.45783373 0.45783373 0.45783373 0.45783373 0.45783373 0.45783373
 0.45783373 0.60779039 0.60779039 0.60779039 0.60779039 0.60779039
 0.60779039 0.60779039 0.76481801 0.76481801 0.76481801 0.76481801
 0.76481801 0.76481801 0.76481801 0.51783891 0.51783891 0.51783891
 0.51783891 0.51783891 0.51783891 0.51783891 0.13556234 0.13556234
 0.13556234 0.13556234 0.13556234 0.13556234 0.13556234 0.45305946
 0.45305946 0.45305946 0.45305946 0.45305946 0.45305946 0.45305946
 0.2554201  0.2554201  0.2554201  0.2554201  0.2554201  0.2554201
 0.2554201  0.14655612 0.14655612 0.14655612 0.14655612 0.14655612
 0.14655612 0.14655612 1.         1.         1.         1.
 1.         1.         1.         0.58313258 0.58313258 0.58313258
 0.58313258 0.58313258 0.58313258 0.58313258 0.         0.
 0.         0.         0.         0.         0.         0.
 0.         0.         0.         0.         0.         0.
 0.         0.         0.         0.         0.         0.
 0.         0.         0.         0.         0.         0.
 0.         0.         0.         0.         0.         0.
 0.         0.         0.         0.         0.         0.
 0.         0.         0.         0.         0.         0.
 0.         0.         0.         0.         0.         0.
 0.         0.         0.         0.         0.         0.
 0.         0.         0.         0.         0.         0.
 0.         0.         0.         0.         0.         0.
 0.         0.         0.         0.         0.         0.
 0.         0.         0.         0.         0.         0.
 0.         0.         0.         0.         0.         0.
 0.         0.         0.         0.         0.         0.
 0.         0.         0.         0.         0.         0.
 0.         0.         0.         0.         0.         0.
 0.         0.         0.         0.         0.         0.
 0.         0.         0.         0.         0.         0.
 0.         0.         0.         0.         0.         0.
 0.         0.         0.         0.         0.         0.
 0.         0.        ]
Normalized importance:  [0.19180506 0.19180506 0.19180506 0.19180506 0.19180506 0.19180506
 0.19180506 0.27340853 0.27340853 0.27340853 0.27340853 0.27340853
 0.27340853 0.27340853 0.61822113 0.61822113 0.61822113 0.61822113
 0.61822113 0.61822113 0.61822113 0.28556797 0.28556797 0.28556797
 0.28556797 0.28556797 0.28556797 0.28556797 0.03994907 0.
 0.03994907 0.03994907 0.03994907 0.         0.         0.11179763
 0.11179763 0.11179763 0.11179763 0.11179763 0.11179763 0.11179763
 0.04598276 0.         0.04598276 0.04598276 0.04598276 0.04598276
 0.04598276 0.07813641 0.07813641 0.07813641 0.         0.
 0.         0.07813641 1.         1.         1.         1.
 1.         1.         1.         0.27986122 0.27986122 0.27986122
 0.27986122 0.27986122 0.27986122 0.27986122 0.         0.0307182
 0.         0.         0.         0.         0.         0.
 0.         0.         0.         0.         0.         0.
 0.         0.         0.         0.         0.         0.
 0.         0.         0.         0.         0.         0.
 0.         0.         0.         0.         0.         0.02487532
 0.         0.         0.         0.         0.         0.
 0.         0.         0.         0.         0.         0.03281897
 0.         0.         0.         0.         0.         0.
 0.         0.         0.         0.         0.         0.
 0.         0.         0.         0.         0.02565582 0.
 0.         0.         0.         0.         0.         0.
 0.         0.         0.         0.         0.         0.
 0.         0.         0.         0.         0.         0.
 0.         0.         0.         0.         0.         0.
 0.         0.         0.         0.         0.         0.
 0.         0.         0.         0.         0.         0.
 0.         0.         0.         0.         0.         0.
 0.         0.         0.         0.         0.         0.
 0.         0.         0.         0.         0.         0.
 0.         0.         0.         0.         0.         0.
 0.         0.         0.         0.         0.         0.
 0.         0.        ]
deepbreaks
y_true:  [0. 0. 0. 0. 0. 0. 0. 1. 1. 1. 1. 1. 1. 1. 1. 1. 1. 1. 1. 1. 1. 1. 1. 1.
 1. 1. 1. 1. 0. 0. 0. 0. 0. 0. 0. 0. 0. 0. 0. 0. 0. 0. 0. 0. 0. 0. 0. 0.
 0. 0. 0. 0. 0. 0. 0. 0. 1. 1. 1. 1. 1. 1. 1. 1. 1. 1. 1. 1. 1. 1. 0. 0.
 0. 0. 0. 0. 0. 0. 0. 0. 0. 0. 0. 0. 0. 0. 0. 0. 0. 0. 0. 0. 0. 0. 0. 0.
 0. 0. 0. 0. 0. 0. 0. 0. 0. 0. 0. 0. 0. 0. 0. 0. 0. 0. 0. 0. 0. 0. 0. 0.
 0. 0. 0. 0. 0. 0. 0. 0. 0. 0. 0. 0. 0. 0. 0. 0. 0. 0. 0. 0. 0. 0. 0. 0.
 0. 0. 0. 0. 0. 0. 0. 0. 0. 0. 0. 0. 0. 0. 0. 0. 0. 0. 0. 0. 0. 0. 0. 0.
 0. 0. 0. 0. 0. 0. 0. 0. 0. 0. 0. 0. 0. 0. 0. 0. 0. 0. 0. 0. 0. 0. 0. 0.
 0. 0. 0. 0. 0. 0. 0. 0.]
y_pred:  [0. 0. 0. 0. 0. 0. 0. 1. 1. 1. 1. 1. 1. 1. 1. 1. 1. 1. 1. 1. 1. 1. 1. 1.
 1. 1. 1. 1. 0. 0. 0. 0. 0. 0. 0. 0. 0. 0. 0. 0. 0. 0. 0. 0. 0. 0. 0. 0.
 0. 0. 0. 0. 0. 0. 0. 0. 1. 1. 1. 1. 1. 1. 1. 1. 1. 1. 1. 1. 1. 1. 0. 0.
 0. 0. 0. 0. 0. 0. 0. 0. 0. 0. 0. 0. 0. 0. 0. 0. 0. 0. 0. 0. 0. 0. 0. 0.
 0. 0. 0. 0. 0. 0. 0. 0. 0. 0. 0. 0. 0. 0. 0. 0. 0. 0. 0. 0. 0. 0. 0. 0.
 0. 0. 0. 0. 0. 0. 0. 0. 0. 0. 0. 0. 0. 0. 0. 0. 0. 0. 0. 0. 0. 0. 0. 0.
 0. 0. 0. 0. 0. 0. 0. 0. 0. 0. 0. 0. 0. 0. 0. 0. 0. 0. 0. 0. 0. 0. 0. 0.
 0. 0. 0. 0. 0. 0. 0. 0. 0. 0. 0. 0. 0. 0. 0. 0. 0. 0. 0. 0. 0. 0. 0. 0.
 0. 0. 0. 0. 0. 0. 0. 0.]
Normalized importance:  [3.33333333e-01 3.30275229e-01 2.96941896e-01 1.95107034e-01
 5.01529052e-02 4.70948012e-01 1.48929664e-02 3.70030581e-01
 1.15290520e-02 6.75840979e-02 3.60856269e-01 3.42507645e-01
 4.12844037e-01 5.13761468e-01 6.45259939e-01 2.82874618e-01
 2.15596330e-01 2.40978593e-01 3.70030581e-01 5.10703364e-01
 2.77981651e-01 3.82262997e-01 1.23547401e-01 1.55963303e-03
 1.60244648e-01 1.62996942e-01 4.00611621e-01 4.40366972e-01
 9.14373089e-02 0.00000000e+00 1.16207951e-01 2.70642202e-02
 2.84709480e-01 5.38226300e-02 1.09480122e-02 2.07033639e-01
 2.22629969e-01 2.69418960e-01 4.49541284e-03 4.34250765e-01
 6.39143731e-02 1.33333333e-01 1.03363914e-01 0.00000000e+00
 1.85015291e-01 1.39143731e-01 0.00000000e+00 9.35779817e-02
 1.58409786e-01 2.32110092e-01 1.14067278e-01 2.42507645e-01
 8.07339450e-02 5.25993884e-02 0.00000000e+00 2.43425076e-02
 1.00000000e+00 4.37308869e-01 5.65749235e-01 2.66055046e-01
 3.11926606e-01 4.74006116e-01 3.97553517e-01 4.25076453e-01
 2.81039755e-01 1.18654434e-01 2.83486239e-01 3.60856269e-01
 3.48623853e-02 4.52599388e-01 3.14984709e-02 2.70642202e-01
 8.65443425e-02 0.00000000e+00 0.00000000e+00 0.00000000e+00
 1.27828746e-01 2.02752294e-02 0.00000000e+00 0.00000000e+00
 0.00000000e+00 1.79204893e-01 1.25688073e-01 0.00000000e+00
 5.93272171e-02 0.00000000e+00 0.00000000e+00 0.00000000e+00
 1.86850153e-01 7.73700306e-03 0.00000000e+00 1.33333333e-01
 1.31498471e-01 0.00000000e+00 2.36391437e-01 0.00000000e+00
 9.44954128e-02 1.33027523e-01 2.11314985e-01 0.00000000e+00
 0.00000000e+00 1.36697248e-01 1.14678899e-01 0.00000000e+00
 1.19266055e-03 0.00000000e+00 3.08868502e-01 5.32110092e-02
 0.00000000e+00 8.10397554e-02 4.61773700e-02 0.00000000e+00
 0.00000000e+00 1.65749235e-01 0.00000000e+00 2.59938838e-02
 7.49235474e-02 0.00000000e+00 0.00000000e+00 1.27828746e-01
 0.00000000e+00 1.63302752e-01 2.48929664e-02 0.00000000e+00
 4.86238532e-04 4.83180428e-02 8.62385321e-02 0.00000000e+00
 2.64220183e-02 2.05198777e-02 1.29051988e-01 0.00000000e+00
 8.68501529e-02 1.38532110e-01 0.00000000e+00 1.39449541e-01
 0.00000000e+00 1.10397554e-01 0.00000000e+00 8.28746177e-02
 0.00000000e+00 1.22324159e-02 2.51070336e-01 2.03975535e-01
 0.00000000e+00 1.23547401e-01 1.03058104e-01 2.74923547e-01
 1.11314985e-01 2.13761468e-01 0.00000000e+00 0.00000000e+00
 0.00000000e+00 5.74923547e-02 0.00000000e+00 5.07645260e-02
 0.00000000e+00 7.09480122e-02 2.33944954e-02 0.00000000e+00
 0.00000000e+00 8.22629969e-03 5.59633028e-02 2.87461774e-02
 1.98470948e-02 0.00000000e+00 0.00000000e+00 1.29051988e-01
 2.33027523e-01 0.00000000e+00 1.98470948e-01 1.58409786e-01
 0.00000000e+00 3.85321101e-02 2.19571865e-02 0.00000000e+00
 6.42201835e-02 5.47400612e-02 0.00000000e+00 1.60856269e-01
 5.07645260e-02 1.55045872e-01 0.00000000e+00 0.00000000e+00
 0.00000000e+00 2.92354740e-03 9.81651376e-02 1.86238532e-01
 0.00000000e+00 0.00000000e+00 1.61467890e-01 0.00000000e+00
 1.36697248e-01 9.08256881e-02 9.93883792e-03 0.00000000e+00
 3.54740061e-02 0.00000000e+00 0.00000000e+00 0.00000000e+00]
pyseer
y_true:  [0. 0. 0. 0. 0. 0. 0. 1. 1. 1. 1. 1. 1. 1. 1. 1. 1. 1. 1. 1. 1. 1. 1. 1.
 1. 1. 1. 1. 0. 0. 0. 0. 0. 0. 0. 0. 0. 0. 0. 0. 0. 0. 0. 0. 0. 0. 0. 0.
 0. 0. 0. 0. 0. 0. 0. 0. 1. 1. 1. 1. 1. 1. 1. 1. 1. 1. 1. 1. 1. 1. 0. 0.
 0. 0. 0. 0. 0. 0. 0. 0. 0. 0. 0. 0. 0. 0. 0. 0. 0. 0. 0. 0. 0. 0. 0. 0.
 0. 0. 0. 0. 0. 0. 0. 0. 0. 0. 0. 0. 0. 0. 0. 0. 0. 0. 0. 0. 0. 0. 0. 0.
 0. 0. 0. 0. 0. 0. 0. 0. 0. 0. 0. 0. 0. 0. 0. 0. 0. 0. 0. 0. 0. 0. 0. 0.
 0. 0. 0. 0. 0. 0. 0. 0. 0. 0. 0. 0. 0. 0. 0. 0. 0. 0. 0. 0. 0. 0. 0. 0.
 0. 0. 0. 0. 0. 0. 0. 0. 0. 0. 0. 0. 0. 0. 0. 0. 0. 0. 0. 0. 0. 0. 0. 0.
 0. 0. 0. 0. 0. 0. 0. 0.]
y_pred:  [1. 1. 1. 1. 0. 1. 0. 1. 0. 0. 1. 1. 1. 1. 1. 1. 1. 1. 1. 1. 1. 1. 0. 0.
 1. 1. 1. 1. 0. 0. 0. 0. 1. 0. 0. 1. 1. 1. 0. 1. 0. 1. 0. 0. 1. 1. 0. 0.
 1. 1. 0. 1. 0. 0. 0. 0. 1. 1. 1. 1. 1. 1. 1. 1. 1. 0. 1. 1. 0. 1. 0. 1.
 0. 0. 0. 0. 0. 0. 0. 0. 0. 1. 0. 0. 0. 0. 0. 0. 1. 0. 0. 1. 1. 0. 1. 0.
 0. 1. 1. 0. 0. 1. 0. 0. 0. 0. 1. 0. 0. 0. 0. 0. 0. 1. 0. 0. 0. 0. 0. 0.
 0. 1. 0. 0. 0. 0. 0. 0. 0. 0. 0. 0. 0. 1. 0. 1. 0. 0. 0. 0. 0. 0. 1. 1.
 0. 0. 0. 1. 0. 1. 0. 0. 0. 0. 0. 0. 0. 0. 0. 0. 0. 0. 0. 0. 0. 0. 0. 0.
 1. 0. 1. 1. 0. 0. 0. 0. 0. 0. 0. 1. 0. 1. 0. 0. 0. 0. 0. 1. 0. 0. 1. 0.
 1. 0. 0. 0. 0. 0. 0. 0.]
Time taken: 22.208492755889893 seconds
Running combination 22 of 50
Fitting RandomForest...
Fitting Adaboost...
Fitting AdaBoost_2...
Fitting et...
Fitting gbc...
Fitting gbc_2...
Fitting gbc_3...
Fitting dt...
Fitting lr...
Fitting Lasso_1...
Fitting Lasso_2...
Fitting Lasso_3...
Fitting Lasso_4...
Fitting elasticnet...
VCF file created successfully.
pyseer stderr:  Read 1000 phenotypes
Detected continuous phenotype
Reading all variants

0variants [00:00, ?variants/s]
55variants [00:00, 544.06variants/s]
110variants [00:00, 482.80variants/s]
167variants [00:00, 516.64variants/s]
198variants [00:00, 520.33variants/s]
Applying correlation filtering

  0%|          | 0/198 [00:00<?, ?variants/s]
100%|██████████| 198/198 [00:00<00:00, 2678.74variants/s]
Fitting elastic net to top 148 variants
Best penalty (lambda) from cross-validation: 1.83E+01
Best R^2 from cross-validation: 0.515
Finding and printing selected variants
198 loaded variants
50 pre-filtered variants
148 tested variants
144 printed variants

True importance standardized:  [0.63858695 0.63858695 0.63858695 0.63858695 0.63858695 0.63858695
 0.63858695 0.2876276  0.2876276  0.2876276  0.2876276  0.2876276
 0.2876276  0.2876276  0.75954439 0.75954439 0.75954439 0.75954439
 0.75954439 0.75954439 0.75954439 0.39181905 0.39181905 0.39181905
 0.39181905 0.39181905 0.39181905 0.39181905 0.49448691 0.49448691
 0.49448691 0.49448691 0.49448691 0.49448691 0.49448691 1.
 1.         1.         1.         1.         1.         1.
 0.35809649 0.35809649 0.35809649 0.35809649 0.35809649 0.35809649
 0.35809649 0.9492138  0.9492138  0.9492138  0.9492138  0.9492138
 0.9492138  0.9492138  0.8802728  0.8802728  0.8802728  0.8802728
 0.8802728  0.8802728  0.8802728  0.5240439  0.5240439  0.5240439
 0.5240439  0.5240439  0.5240439  0.5240439  0.         0.
 0.         0.         0.         0.         0.         0.
 0.         0.         0.         0.         0.         0.
 0.         0.         0.         0.         0.         0.
 0.         0.         0.         0.         0.         0.
 0.         0.         0.         0.         0.         0.
 0.         0.         0.         0.         0.         0.
 0.         0.         0.         0.         0.         0.
 0.         0.         0.         0.         0.         0.
 0.         0.         0.         0.         0.         0.
 0.         0.         0.         0.         0.         0.
 0.         0.         0.         0.         0.         0.
 0.         0.         0.         0.         0.         0.
 0.         0.         0.         0.         0.         0.
 0.         0.         0.         0.         0.         0.
 0.         0.         0.         0.         0.         0.
 0.         0.         0.         0.         0.         0.
 0.         0.         0.         0.         0.         0.
 0.         0.         0.         0.         0.         0.
 0.         0.         0.         0.         0.         0.
 0.         0.         0.         0.         0.         0.
 0.         0.         0.         0.         0.         0.
 0.         0.        ]
Normalized importance:  [0.26384038 0.26384038 0.26384038 0.26384038 0.26384038 0.26384038
 0.26384038 0.12767929 0.12767929 0.12767929 0.12767929 0.12767929
 0.12767929 0.12767929 0.47153131 0.47153131 0.47153131 0.47153131
 0.47153131 0.47153131 0.47153131 0.15255372 0.15255372 0.15255372
 0.15255372 0.15255372 0.15255372 0.15255372 0.17344822 0.17344822
 0.17344822 0.17344822 0.17344822 0.17344822 0.17344822 1.
 1.         1.         1.         1.         1.         1.
 0.08977436 0.08977436 0.08977436 0.08977436 0.08977436 0.08977436
 0.08977436 0.74156426 0.74156426 0.74156426 0.74156426 0.74156426
 0.74156426 0.74156426 0.68180531 0.68180531 0.68180531 0.68180531
 0.68180531 0.68180531 0.68180531 0.25893203 0.25893203 0.25893203
 0.25893203 0.25893203 0.25893203 0.25893203 0.04567284 0.07511745
 0.04474619 0.         0.         0.01278073 0.         0.
 0.         0.         0.         0.         0.00491172 0.
 0.07461806 0.         0.         0.         0.         0.
 0.         0.00764281 0.         0.         0.         0.
 0.         0.         0.         0.         0.         0.
 0.         0.         0.         0.         0.         0.03614174
 0.04561373 0.         0.         0.06208672 0.         0.
 0.01221591 0.         0.         0.         0.         0.
 0.         0.         0.01124344 0.         0.         0.
 0.         0.         0.         0.         0.         0.
 0.02484175 0.         0.         0.         0.         0.
 0.01877582 0.         0.         0.         0.         0.
 0.         0.         0.0091404  0.         0.         0.03382442
 0.         0.         0.02093385 0.         0.01731198 0.
 0.         0.         0.         0.         0.         0.
 0.         0.         0.         0.03433749 0.         0.
 0.03442918 0.         0.         0.         0.         0.
 0.         0.01291231 0.         0.         0.         0.
 0.         0.         0.         0.         0.         0.
 0.         0.         0.         0.         0.         0.
 0.         0.         0.         0.01318484 0.         0.
 0.         0.        ]
deepbreaks
y_true:  [1. 1. 1. 1. 1. 1. 1. 0. 0. 0. 0. 0. 0. 0. 1. 1. 1. 1. 1. 1. 1. 0. 0. 0.
 0. 0. 0. 0. 0. 0. 0. 0. 0. 0. 0. 1. 1. 1. 1. 1. 1. 1. 0. 0. 0. 0. 0. 0.
 0. 1. 1. 1. 1. 1. 1. 1. 1. 1. 1. 1. 1. 1. 1. 0. 0. 0. 0. 0. 0. 0. 0. 0.
 0. 0. 0. 0. 0. 0. 0. 0. 0. 0. 0. 0. 0. 0. 0. 0. 0. 0. 0. 0. 0. 0. 0. 0.
 0. 0. 0. 0. 0. 0. 0. 0. 0. 0. 0. 0. 0. 0. 0. 0. 0. 0. 0. 0. 0. 0. 0. 0.
 0. 0. 0. 0. 0. 0. 0. 0. 0. 0. 0. 0. 0. 0. 0. 0. 0. 0. 0. 0. 0. 0. 0. 0.
 0. 0. 0. 0. 0. 0. 0. 0. 0. 0. 0. 0. 0. 0. 0. 0. 0. 0. 0. 0. 0. 0. 0. 0.
 0. 0. 0. 0. 0. 0. 0. 0. 0. 0. 0. 0. 0. 0. 0. 0. 0. 0. 0. 0. 0. 0. 0. 0.
 0. 0. 0. 0. 0. 0. 0. 0.]
y_pred:  [1. 1. 1. 1. 1. 1. 1. 0. 0. 0. 0. 0. 0. 0. 1. 1. 1. 1. 1. 1. 1. 0. 0. 0.
 0. 0. 0. 0. 1. 1. 1. 1. 1. 1. 1. 1. 1. 1. 1. 1. 1. 1. 0. 0. 0. 0. 0. 0.
 0. 1. 1. 1. 1. 1. 1. 1. 1. 1. 1. 1. 1. 1. 1. 1. 1. 1. 1. 1. 1. 1. 0. 0.
 0. 0. 0. 0. 0. 0. 0. 0. 0. 0. 0. 0. 0. 0. 0. 0. 0. 0. 0. 0. 0. 0. 0. 0.
 0. 0. 0. 0. 0. 0. 0. 0. 0. 0. 0. 0. 0. 0. 0. 0. 0. 0. 0. 0. 0. 0. 0. 0.
 0. 0. 0. 0. 0. 0. 0. 0. 0. 0. 0. 0. 0. 0. 0. 0. 0. 0. 0. 0. 0. 0. 0. 0.
 0. 0. 0. 0. 0. 0. 0. 0. 0. 0. 0. 0. 0. 0. 0. 0. 0. 0. 0. 0. 0. 0. 0. 0.
 0. 0. 0. 0. 0. 0. 0. 0. 0. 0. 0. 0. 0. 0. 0. 0. 0. 0. 0. 0. 0. 0. 0. 0.
 0. 0. 0. 0. 0. 0. 0. 0.]
Normalized importance:  [0.93542435 0.3800738  0.28413284 0.17878229 0.07398524 0.08579336
 0.23247232 0.2601476  0.         0.23062731 0.20110701 0.41143911
 0.2804428  0.34317343 0.79335793 0.37453875 0.13191882 0.13505535
 0.47601476 0.599631   0.43726937 0.21771218 0.18634686 0.11881919
 0.44649446 0.11346863 0.3099631  0.25461255 0.62915129 0.
 0.23247232 0.30258303 0.30627306 0.26568266 0.29335793 1.
 0.79151292 0.26383764 0.42619926 0.80442804 0.45756458 0.39114391
 0.19188192 0.25276753 0.18819188 0.14114391 0.08948339 0.01095941
 0.28228782 0.87084871 0.2195572  0.26568266 0.73616236 0.57380074
 0.41328413 0.51291513 0.9298893  0.76568266 0.04298893 0.35608856
 0.49446494 0.23431734 0.62915129 0.65682657 0.32841328 0.00824723
 0.18819188 0.0049631  0.41881919 0.47416974 0.23800738 0.41881919
 0.25461255 0.         0.06439114 0.01900369 0.08616236 0.25645756
 0.         0.         0.24169742 0.         0.2103321  0.
 0.35055351 0.20479705 0.         0.34686347 0.         0.
 0.13247232 0.18634686 0.         0.         0.         0.
 0.12619926 0.         0.0800738  0.         0.         0.04612546
 0.12896679 0.03136531 0.20479705 0.12361624 0.03136531 0.26383764
 0.44280443 0.20479705 0.         0.38560886 0.32841328 0.
 0.27306273 0.         0.3597786  0.         0.         0.
 0.21586716 0.06808118 0.11845018 0.24169742 0.17859779 0.02730627
 0.         0.         0.         0.29704797 0.         0.
 0.27306273 0.         0.         0.08948339 0.04464945 0.17066421
 0.31365314 0.         0.05738007 0.08431734 0.         0.06660517
 0.         0.04520295 0.07546125 0.         0.         0.08191882
 0.13357934 0.24907749 0.17250923 0.09723247 0.13284133 0.
 0.1404059  0.23062731 0.13302583 0.         0.29335793 0.
 0.         0.37084871 0.09686347 0.23431734 0.24354244 0.
 0.26199262 0.2103321  0.         0.         0.02785978 0.13726937
 0.         0.39852399 0.         0.11420664 0.         0.
 0.18634686 0.02619926 0.09833948 0.01130996 0.03690037 0.02490775
 0.         0.27490775 0.         0.         0.         0.11420664
 0.         0.         0.         0.19372694 0.         0.26383764
 0.         0.        ]
pyseer
y_true:  [1. 1. 1. 1. 1. 1. 1. 0. 0. 0. 0. 0. 0. 0. 1. 1. 1. 1. 1. 1. 1. 0. 0. 0.
 0. 0. 0. 0. 0. 0. 0. 0. 0. 0. 0. 1. 1. 1. 1. 1. 1. 1. 0. 0. 0. 0. 0. 0.
 0. 1. 1. 1. 1. 1. 1. 1. 1. 1. 1. 1. 1. 1. 1. 0. 0. 0. 0. 0. 0. 0. 0. 0.
 0. 0. 0. 0. 0. 0. 0. 0. 0. 0. 0. 0. 0. 0. 0. 0. 0. 0. 0. 0. 0. 0. 0. 0.
 0. 0. 0. 0. 0. 0. 0. 0. 0. 0. 0. 0. 0. 0. 0. 0. 0. 0. 0. 0. 0. 0. 0. 0.
 0. 0. 0. 0. 0. 0. 0. 0. 0. 0. 0. 0. 0. 0. 0. 0. 0. 0. 0. 0. 0. 0. 0. 0.
 0. 0. 0. 0. 0. 0. 0. 0. 0. 0. 0. 0. 0. 0. 0. 0. 0. 0. 0. 0. 0. 0. 0. 0.
 0. 0. 0. 0. 0. 0. 0. 0. 0. 0. 0. 0. 0. 0. 0. 0. 0. 0. 0. 0. 0. 0. 0. 0.
 0. 0. 0. 0. 0. 0. 0. 0.]
y_pred:  [1. 1. 1. 0. 0. 0. 1. 1. 0. 0. 0. 1. 1. 1. 1. 1. 0. 0. 1. 1. 1. 0. 0. 0.
 1. 0. 1. 1. 1. 0. 1. 1. 1. 1. 1. 1. 1. 1. 1. 1. 1. 1. 0. 1. 0. 0. 0. 0.
 1. 1. 0. 1. 1. 1. 1. 1. 1. 1. 0. 1. 1. 1. 1. 1. 1. 0. 0. 0. 1. 1. 1. 1.
 1. 0. 0. 0. 0. 1. 0. 0. 1. 0. 0. 0. 1. 0. 0. 1. 0. 0. 0. 0. 0. 0. 0. 0.
 0. 0. 0. 0. 0. 0. 0. 0. 0. 0. 0. 1. 1. 0. 0. 1. 1. 0. 1. 0. 1. 0. 0. 0.
 0. 0. 0. 1. 0. 0. 0. 0. 0. 1. 0. 0. 1. 0. 0. 0. 0. 0. 1. 0. 0. 0. 0. 0.
 0. 0. 0. 0. 0. 0. 0. 1. 0. 0. 0. 0. 0. 0. 0. 0. 1. 0. 0. 1. 0. 1. 1. 0.
 1. 0. 0. 0. 0. 0. 0. 1. 0. 0. 0. 0. 0. 0. 0. 0. 0. 0. 0. 1. 0. 0. 0. 0.
 0. 0. 0. 0. 0. 1. 0. 0.]
Time taken: 23.039134740829468 seconds
Running combination 23 of 50
Fitting RandomForest...
Fitting Adaboost...
Fitting AdaBoost_2...
Fitting et...
Fitting gbc...
Fitting gbc_2...
Fitting gbc_3...
Fitting dt...
Fitting lr...
Fitting Lasso_1...
Fitting Lasso_2...
Fitting Lasso_3...
Fitting Lasso_4...
Fitting elasticnet...
VCF file created successfully.
pyseer stderr:  Read 1000 phenotypes
Detected continuous phenotype
Reading all variants

0variants [00:00, ?variants/s]
53variants [00:00, 527.25variants/s]
106variants [00:00, 468.76variants/s]
161variants [00:00, 500.33variants/s]
198variants [00:00, 506.22variants/s]
Applying correlation filtering

  0%|          | 0/198 [00:00<?, ?variants/s]
100%|██████████| 198/198 [00:00<00:00, 2683.14variants/s]
Fitting elastic net to top 148 variants
Best penalty (lambda) from cross-validation: 1.61E+01
Best R^2 from cross-validation: 0.531
Finding and printing selected variants
198 loaded variants
50 pre-filtered variants
148 tested variants
134 printed variants

True importance standardized:  [0.33829813 0.33829813 0.33829813 0.33829813 0.33829813 0.33829813
 0.33829813 0.8240273  0.8240273  0.8240273  0.8240273  0.8240273
 0.8240273  0.8240273  0.31067948 0.31067948 0.31067948 0.31067948
 0.31067948 0.31067948 0.31067948 0.93777502 0.93777502 0.93777502
 0.93777502 0.93777502 0.93777502 0.93777502 0.21266181 0.21266181
 0.21266181 0.21266181 0.21266181 0.21266181 0.21266181 0.56655894
 0.56655894 0.56655894 0.56655894 0.56655894 0.56655894 0.56655894
 0.61489528 0.61489528 0.61489528 0.61489528 0.61489528 0.61489528
 0.61489528 0.53061551 0.53061551 0.53061551 0.53061551 0.53061551
 0.53061551 0.53061551 1.         1.         1.         1.
 1.         1.         1.         0.19626213 0.19626213 0.19626213
 0.19626213 0.19626213 0.19626213 0.19626213 0.         0.
 0.         0.         0.         0.         0.         0.
 0.         0.         0.         0.         0.         0.
 0.         0.         0.         0.         0.         0.
 0.         0.         0.         0.         0.         0.
 0.         0.         0.         0.         0.         0.
 0.         0.         0.         0.         0.         0.
 0.         0.         0.         0.         0.         0.
 0.         0.         0.         0.         0.         0.
 0.         0.         0.         0.         0.         0.
 0.         0.         0.         0.         0.         0.
 0.         0.         0.         0.         0.         0.
 0.         0.         0.         0.         0.         0.
 0.         0.         0.         0.         0.         0.
 0.         0.         0.         0.         0.         0.
 0.         0.         0.         0.         0.         0.
 0.         0.         0.         0.         0.         0.
 0.         0.         0.         0.         0.         0.
 0.         0.         0.         0.         0.         0.
 0.         0.         0.         0.         0.         0.
 0.         0.         0.         0.         0.         0.
 0.         0.         0.         0.         0.         0.
 0.         0.        ]
Normalized importance:  [0.05307371 0.05307371 0.05307371 0.05307371 0.05307371 0.05307371
 0.05307371 0.59844769 0.59844769 0.59844769 0.59844769 0.59844769
 0.59844769 0.59844769 0.10421357 0.10421357 0.10421357 0.10421357
 0.10421357 0.10421357 0.10421357 1.         1.         1.
 1.         1.         1.         1.         0.04044508 0.04044508
 0.04044508 0.04044508 0.04044508 0.04044508 0.04044508 0.29751925
 0.29751925 0.29751925 0.29751925 0.29751925 0.29751925 0.29751925
 0.33442801 0.33442801 0.33442801 0.33442801 0.33442801 0.33442801
 0.33442801 0.69711909 0.69711909 0.69711909 0.69711909 0.69711909
 0.69711909 0.69711909 0.96598211 0.96598211 0.96598211 0.96598211
 0.96598211 0.96598211 0.96598211 0.         0.03807594 0.
 0.         0.         0.03677352 0.         0.         0.
 0.         0.01381987 0.         0.         0.         0.
 0.         0.         0.         0.         0.02348724 0.
 0.         0.         0.         0.         0.01743483 0.
 0.         0.         0.         0.         0.         0.
 0.         0.         0.         0.         0.         0.
 0.         0.         0.         0.         0.         0.
 0.         0.         0.         0.         0.         0.
 0.         0.         0.         0.01560227 0.         0.00604983
 0.         0.         0.         0.         0.         0.
 0.01613397 0.         0.00546171 0.         0.         0.
 0.01546365 0.         0.         0.         0.         0.
 0.         0.         0.         0.         0.01519234 0.
 0.         0.         0.         0.         0.         0.
 0.         0.         0.         0.         0.         0.
 0.         0.         0.         0.         0.         0.
 0.         0.         0.02878893 0.         0.00600579 0.
 0.00445843 0.         0.         0.         0.         0.
 0.         0.         0.         0.         0.         0.023609
 0.         0.         0.         0.01148858 0.         0.
 0.         0.         0.         0.         0.         0.
 0.         0.         0.         0.         0.         0.
 0.         0.        ]
deepbreaks
y_true:  [0. 0. 0. 0. 0. 0. 0. 1. 1. 1. 1. 1. 1. 1. 0. 0. 0. 0. 0. 0. 0. 1. 1. 1.
 1. 1. 1. 1. 0. 0. 0. 0. 0. 0. 0. 1. 1. 1. 1. 1. 1. 1. 1. 1. 1. 1. 1. 1.
 1. 0. 0. 0. 0. 0. 0. 0. 1. 1. 1. 1. 1. 1. 1. 0. 0. 0. 0. 0. 0. 0. 0. 0.
 0. 0. 0. 0. 0. 0. 0. 0. 0. 0. 0. 0. 0. 0. 0. 0. 0. 0. 0. 0. 0. 0. 0. 0.
 0. 0. 0. 0. 0. 0. 0. 0. 0. 0. 0. 0. 0. 0. 0. 0. 0. 0. 0. 0. 0. 0. 0. 0.
 0. 0. 0. 0. 0. 0. 0. 0. 0. 0. 0. 0. 0. 0. 0. 0. 0. 0. 0. 0. 0. 0. 0. 0.
 0. 0. 0. 0. 0. 0. 0. 0. 0. 0. 0. 0. 0. 0. 0. 0. 0. 0. 0. 0. 0. 0. 0. 0.
 0. 0. 0. 0. 0. 0. 0. 0. 0. 0. 0. 0. 0. 0. 0. 0. 0. 0. 0. 0. 0. 0. 0. 0.
 0. 0. 0. 0. 0. 0. 0. 0.]
y_pred:  [0. 0. 0. 0. 0. 0. 0. 1. 1. 1. 1. 1. 1. 1. 0. 0. 0. 0. 0. 0. 0. 1. 1. 1.
 1. 1. 1. 1. 0. 0. 0. 0. 0. 0. 0. 1. 1. 1. 1. 1. 1. 1. 1. 1. 1. 1. 1. 1.
 1. 1. 1. 1. 1. 1. 1. 1. 1. 1. 1. 1. 1. 1. 1. 0. 0. 0. 0. 0. 0. 0. 0. 0.
 0. 0. 0. 0. 0. 0. 0. 0. 0. 0. 0. 0. 0. 0. 0. 0. 0. 0. 0. 0. 0. 0. 0. 0.
 0. 0. 0. 0. 0. 0. 0. 0. 0. 0. 0. 0. 0. 0. 0. 0. 0. 0. 0. 0. 0. 0. 0. 0.
 0. 0. 0. 0. 0. 0. 0. 0. 0. 0. 0. 0. 0. 0. 0. 0. 0. 0. 0. 0. 0. 0. 0. 0.
 0. 0. 0. 0. 0. 0. 0. 0. 0. 0. 0. 0. 0. 0. 0. 0. 0. 0. 0. 0. 0. 0. 0. 0.
 0. 0. 0. 0. 0. 0. 0. 0. 0. 0. 0. 0. 0. 0. 0. 0. 0. 0. 0. 0. 0. 0. 0. 0.
 0. 0. 0. 0. 0. 0. 0. 0.]
Normalized importance:  [0.23818526 0.1120983  0.26465028 0.         0.04820416 0.07240076
 0.06691871 0.92816635 0.38185255 0.39508507 0.04744802 0.56332703
 0.         0.35727788 0.35160681 0.38563327 0.08241966 0.0268431
 0.20604915 0.09640832 0.15557656 0.92249527 0.32136106 0.55198488
 0.43667297 0.60302457 0.16068053 0.5557656  0.11512287 0.1389414
 0.24952741 0.18809074 0.19281664 0.         0.01640832 0.5463138
 0.28166352 0.29111531 0.37807183 0.16389414 0.26086957 0.04536862
 0.40642722 0.31758034 0.42911153 0.20415879 0.35916824 0.28733459
 0.52362949 0.54064272 0.22306238 0.44045369 0.5047259  0.0926276
 0.27032136 0.2268431  1.         0.37807183 0.35160681 0.79584121
 0.41398866 0.38563327 0.50094518 0.19281664 0.04026465 0.20415879
 0.         0.23440454 0.11153119 0.         0.         0.08506616
 0.         0.1415879  0.         0.16805293 0.01219282 0.
 0.         0.         0.00695652 0.07996219 0.26465028 0.2268431
 0.07448015 0.41587902 0.06502836 0.         0.17221172 0.
 0.         0.10831758 0.20982987 0.         0.         0.24763705
 0.         0.         0.01449905 0.0073535  0.         0.
 0.         0.01465028 0.         0.21361059 0.06408318 0.
 0.         0.35727788 0.         0.         0.         0.
 0.1610586  0.21172023 0.         0.33648393 0.         0.01141777
 0.07523629 0.23251418 0.         0.25141777 0.         0.02495274
 0.25330813 0.         0.22495274 0.         0.00593573 0.
 0.25897921 0.         0.04801512 0.         0.         0.18884688
 0.08582231 0.         0.14328922 0.         0.27977316 0.07920605
 0.1563327  0.         0.         0.11833648 0.11814745 0.11814745
 0.         0.         0.         0.19281664 0.04877127 0.
 0.28544423 0.         0.13383743 0.12192817 0.         0.21928166
 0.19092628 0.         0.31190926 0.20604915 0.1026465  0.
 0.07088847 0.06710775 0.         0.         0.         0.02041588
 0.         0.         0.16389414 0.         0.         0.18090737
 0.09754253 0.         0.         0.23251418 0.         0.
 0.         0.08128544 0.01166352 0.07183365 0.16143667 0.15992439
 0.         0.05311909 0.02079395 0.02325142 0.03724008 0.
 0.         0.        ]
pyseer
y_true:  [0. 0. 0. 0. 0. 0. 0. 1. 1. 1. 1. 1. 1. 1. 0. 0. 0. 0. 0. 0. 0. 1. 1. 1.
 1. 1. 1. 1. 0. 0. 0. 0. 0. 0. 0. 1. 1. 1. 1. 1. 1. 1. 1. 1. 1. 1. 1. 1.
 1. 0. 0. 0. 0. 0. 0. 0. 1. 1. 1. 1. 1. 1. 1. 0. 0. 0. 0. 0. 0. 0. 0. 0.
 0. 0. 0. 0. 0. 0. 0. 0. 0. 0. 0. 0. 0. 0. 0. 0. 0. 0. 0. 0. 0. 0. 0. 0.
 0. 0. 0. 0. 0. 0. 0. 0. 0. 0. 0. 0. 0. 0. 0. 0. 0. 0. 0. 0. 0. 0. 0. 0.
 0. 0. 0. 0. 0. 0. 0. 0. 0. 0. 0. 0. 0. 0. 0. 0. 0. 0. 0. 0. 0. 0. 0. 0.
 0. 0. 0. 0. 0. 0. 0. 0. 0. 0. 0. 0. 0. 0. 0. 0. 0. 0. 0. 0. 0. 0. 0. 0.
 0. 0. 0. 0. 0. 0. 0. 0. 0. 0. 0. 0. 0. 0. 0. 0. 0. 0. 0. 0. 0. 0. 0. 0.
 0. 0. 0. 0. 0. 0. 0. 0.]
y_pred:  [1. 0. 1. 0. 0. 0. 0. 1. 1. 1. 0. 1. 0. 1. 1. 1. 0. 0. 1. 0. 0. 1. 1. 1.
 1. 1. 0. 1. 0. 0. 1. 0. 1. 0. 0. 1. 1. 1. 1. 0. 1. 0. 1. 1. 1. 1. 1. 1.
 1. 1. 1. 1. 1. 0. 1. 1. 1. 1. 1. 1. 1. 1. 1. 1. 0. 1. 0. 1. 0. 0. 0. 0.
 0. 0. 0. 0. 0. 0. 0. 0. 0. 0. 1. 1. 0. 1. 0. 0. 0. 0. 0. 0. 1. 0. 0. 1.
 0. 0. 0. 0. 0. 0. 0. 0. 0. 1. 0. 0. 0. 1. 0. 0. 0. 0. 0. 1. 0. 1. 0. 0.
 0. 1. 0. 1. 0. 0. 1. 0. 1. 0. 0. 0. 1. 0. 0. 0. 0. 0. 0. 0. 0. 0. 1. 0.
 0. 0. 0. 0. 0. 0. 0. 0. 0. 1. 0. 0. 1. 0. 0. 0. 0. 1. 0. 0. 1. 1. 0. 0.
 0. 0. 0. 0. 0. 0. 0. 0. 0. 0. 0. 0. 0. 0. 0. 1. 0. 0. 0. 0. 0. 0. 0. 0.
 0. 0. 0. 0. 0. 0. 0. 0.]
Time taken: 23.296353101730347 seconds
Running combination 24 of 50
Fitting RandomForest...
Fitting Adaboost...
Fitting AdaBoost_2...
Fitting et...
Fitting gbc...
Fitting gbc_2...
Fitting gbc_3...
Fitting dt...
Fitting lr...
Fitting Lasso_1...
Fitting Lasso_2...
Fitting Lasso_3...
Fitting Lasso_4...
Fitting elasticnet...
VCF file created successfully.
pyseer stderr:  Read 1000 phenotypes
Detected continuous phenotype
Reading all variants

0variants [00:00, ?variants/s]
56variants [00:00, 550.44variants/s]
112variants [00:00, 485.92variants/s]
168variants [00:00, 515.51variants/s]
198variants [00:00, 519.25variants/s]
Applying correlation filtering

  0%|          | 0/198 [00:00<?, ?variants/s]
100%|██████████| 198/198 [00:00<00:00, 2651.86variants/s]
Fitting elastic net to top 148 variants
Best penalty (lambda) from cross-validation: 4.31E+01
Best R^2 from cross-validation: 0.492
Finding and printing selected variants
198 loaded variants
50 pre-filtered variants
148 tested variants
137 printed variants

True importance standardized:  [0.43552284 0.43552284 0.43552284 0.43552284 0.43552284 0.43552284
 0.43552284 1.         1.         1.         1.         1.
 1.         1.         0.71779514 0.71779514 0.71779514 0.71779514
 0.71779514 0.71779514 0.71779514 0.47823212 0.47823212 0.47823212
 0.47823212 0.47823212 0.47823212 0.47823212 0.22930988 0.22930988
 0.22930988 0.22930988 0.22930988 0.22930988 0.22930988 0.66088539
 0.66088539 0.66088539 0.66088539 0.66088539 0.66088539 0.66088539
 0.7266619  0.7266619  0.7266619  0.7266619  0.7266619  0.7266619
 0.7266619  0.84903748 0.84903748 0.84903748 0.84903748 0.84903748
 0.84903748 0.84903748 0.7642453  0.7642453  0.7642453  0.7642453
 0.7642453  0.7642453  0.7642453  0.83931292 0.83931292 0.83931292
 0.83931292 0.83931292 0.83931292 0.83931292 0.         0.
 0.         0.         0.         0.         0.         0.
 0.         0.         0.         0.         0.         0.
 0.         0.         0.         0.         0.         0.
 0.         0.         0.         0.         0.         0.
 0.         0.         0.         0.         0.         0.
 0.         0.         0.         0.         0.         0.
 0.         0.         0.         0.         0.         0.
 0.         0.         0.         0.         0.         0.
 0.         0.         0.         0.         0.         0.
 0.         0.         0.         0.         0.         0.
 0.         0.         0.         0.         0.         0.
 0.         0.         0.         0.         0.         0.
 0.         0.         0.         0.         0.         0.
 0.         0.         0.         0.         0.         0.
 0.         0.         0.         0.         0.         0.
 0.         0.         0.         0.         0.         0.
 0.         0.         0.         0.         0.         0.
 0.         0.         0.         0.         0.         0.
 0.         0.         0.         0.         0.         0.
 0.         0.         0.         0.         0.         0.
 0.         0.         0.         0.         0.         0.
 0.         0.        ]
Normalized importance:  [0.27866196 0.27866196 0.27866196 0.27866196 0.27866196 0.27866196
 0.27866196 0.87587845 0.87587845 0.87587845 0.87587845 0.87587845
 0.87587845 0.87587845 0.59122357 0.59122357 0.59122357 0.59122357
 0.59122357 0.59122357 0.59122357 0.30669412 0.30669412 0.30669412
 0.30669412 0.30669412 0.30669412 0.30669412 0.03690495 0.03690495
 0.03690495 0.         0.         0.03690495 0.03690495 0.46609632
 0.46609632 0.46609632 0.46609632 0.46609632 0.46609632 0.46609632
 0.48406331 0.48406331 0.48406331 0.48406331 0.48406331 0.48406331
 0.48406331 0.85003213 0.85003213 0.85003213 0.85003213 0.85003213
 0.85003213 0.85003213 1.         1.         1.         1.
 1.         1.         1.         0.74370407 0.74370407 0.74370407
 0.74370407 0.74370407 0.74370407 0.74370407 0.         0.
 0.         0.         0.         0.         0.         0.
 0.05319091 0.         0.         0.         0.         0.
 0.         0.         0.         0.         0.         0.
 0.         0.         0.         0.         0.         0.
 0.         0.         0.         0.         0.         0.
 0.         0.         0.         0.03900861 0.         0.
 0.         0.         0.         0.04306336 0.         0.04950024
 0.         0.03867459 0.         0.         0.         0.
 0.02503063 0.         0.         0.01157099 0.         0.
 0.         0.01732317 0.         0.         0.         0.
 0.         0.00828278 0.         0.         0.         0.
 0.         0.         0.         0.02871748 0.         0.
 0.         0.         0.         0.         0.         0.
 0.         0.         0.008814   0.         0.         0.
 0.         0.         0.         0.         0.         0.
 0.         0.         0.0541689  0.         0.         0.
 0.         0.         0.         0.         0.         0.04432499
 0.         0.         0.         0.         0.01355983 0.
 0.         0.         0.         0.         0.         0.
 0.         0.         0.         0.         0.         0.
 0.03335469 0.         0.         0.         0.08129408 0.
 0.         0.        ]
deepbreaks
y_true:  [0. 0. 0. 0. 0. 0. 0. 1. 1. 1. 1. 1. 1. 1. 0. 0. 0. 0. 0. 0. 0. 0. 0. 0.
 0. 0. 0. 0. 0. 0. 0. 0. 0. 0. 0. 0. 0. 0. 0. 0. 0. 0. 1. 1. 1. 1. 1. 1.
 1. 1. 1. 1. 1. 1. 1. 1. 1. 1. 1. 1. 1. 1. 1. 1. 1. 1. 1. 1. 1. 1. 0. 0.
 0. 0. 0. 0. 0. 0. 0. 0. 0. 0. 0. 0. 0. 0. 0. 0. 0. 0. 0. 0. 0. 0. 0. 0.
 0. 0. 0. 0. 0. 0. 0. 0. 0. 0. 0. 0. 0. 0. 0. 0. 0. 0. 0. 0. 0. 0. 0. 0.
 0. 0. 0. 0. 0. 0. 0. 0. 0. 0. 0. 0. 0. 0. 0. 0. 0. 0. 0. 0. 0. 0. 0. 0.
 0. 0. 0. 0. 0. 0. 0. 0. 0. 0. 0. 0. 0. 0. 0. 0. 0. 0. 0. 0. 0. 0. 0. 0.
 0. 0. 0. 0. 0. 0. 0. 0. 0. 0. 0. 0. 0. 0. 0. 0. 0. 0. 0. 0. 0. 0. 0. 0.
 0. 0. 0. 0. 0. 0. 0. 0.]
y_pred:  [0. 0. 0. 0. 0. 0. 0. 1. 1. 1. 1. 1. 1. 1. 1. 1. 1. 1. 1. 1. 1. 0. 0. 0.
 0. 0. 0. 0. 0. 0. 0. 0. 0. 0. 0. 0. 0. 0. 0. 0. 0. 0. 1. 1. 1. 1. 1. 1.
 1. 1. 1. 1. 1. 1. 1. 1. 1. 1. 1. 1. 1. 1. 1. 1. 1. 1. 1. 1. 1. 1. 0. 0.
 0. 0. 0. 0. 0. 0. 0. 0. 0. 0. 0. 0. 0. 0. 0. 0. 0. 0. 0. 0. 0. 0. 0. 0.
 0. 0. 0. 0. 0. 0. 0. 0. 0. 0. 0. 0. 0. 0. 0. 0. 0. 0. 0. 0. 0. 0. 0. 0.
 0. 0. 0. 0. 0. 0. 0. 0. 0. 0. 0. 0. 0. 0. 0. 0. 0. 0. 0. 0. 0. 0. 0. 0.
 0. 0. 0. 0. 0. 0. 0. 0. 0. 0. 0. 0. 0. 0. 0. 0. 0. 0. 0. 0. 0. 0. 0. 0.
 0. 0. 0. 0. 0. 0. 0. 0. 0. 0. 0. 0. 0. 0. 0. 0. 0. 0. 0. 0. 0. 0. 0. 0.
 0. 0. 0. 0. 0. 0. 0. 0.]
Normalized importance:  [0.47563025 0.33781513 0.08       0.09663866 0.01605042 0.32605042
 0.40252101 0.81932773 0.30168067 0.46302521 0.4512605  0.46722689
 0.1605042  0.83193277 0.69915966 0.30252101 0.59327731 0.09831933
 0.32436975 0.0497479  0.48655462 0.7605042  0.34453782 0.16638655
 0.39327731 0.19663866 0.         0.24453782 0.26302521 0.63109244
 0.08260504 0.         0.11428571 0.17731092 0.02932773 0.65882353
 0.39915966 0.21680672 0.39327731 0.18151261 0.22436975 0.21512605
 0.7210084  0.25966387 0.36218487 0.44621849 0.13781513 0.43193277
 0.50504202 0.72941176 0.37815126 0.1092437  0.77983193 0.63361345
 0.04781513 0.39915966 1.         0.54033613 0.29831933 0.27647059
 0.29495798 0.43277311 0.40672269 0.76302521 0.37731092 0.22605042
 0.2302521  0.45378151 0.38739496 0.60336134 0.18235294 0.3210084
 0.         0.1789916  0.         0.07613445 0.         0.00262185
 0.27310924 0.06294118 0.         0.44117647 0.         0.21176471
 0.01579832 0.05991597 0.         0.         0.         0.
 0.         0.12184874 0.         0.         0.         0.32184874
 0.         0.18571429 0.         0.00605882 0.36386555 0.
 0.23613445 0.         0.         0.28319328 0.00769748 0.
 0.         0.1605042  0.09327731 0.35210084 0.44033613 0.39495798
 0.12184874 0.41932773 0.28571429 0.         0.11092437 0.19915966
 0.25378151 0.19663866 0.         0.20672269 0.25798319 0.
 0.         0.37647059 0.         0.         0.         0.
 0.         0.27310924 0.         0.         0.31680672 0.
 0.07369748 0.         0.19243697 0.18655462 0.         0.2512605
 0.         0.05915966 0.01966387 0.         0.         0.24117647
 0.         0.45462185 0.26218487 0.         0.         0.
 0.         0.         0.04235294 0.         0.         0.29159664
 0.09411765 0.         0.26890756 0.         0.         0.
 0.         0.05016807 0.         0.19915966 0.         0.44789916
 0.1512605  0.03798319 0.         0.         0.06890756 0.15462185
 0.14453782 0.08361345 0.         0.04285714 0.33697479 0.21512605
 0.         0.00503361 0.04890756 0.         0.         0.
 0.21428571 0.15546218 0.16722689 0.11428571 0.49915966 0.06596639
 0.         0.        ]
pyseer
y_true:  [0. 0. 0. 0. 0. 0. 0. 1. 1. 1. 1. 1. 1. 1. 0. 0. 0. 0. 0. 0. 0. 0. 0. 0.
 0. 0. 0. 0. 0. 0. 0. 0. 0. 0. 0. 0. 0. 0. 0. 0. 0. 0. 1. 1. 1. 1. 1. 1.
 1. 1. 1. 1. 1. 1. 1. 1. 1. 1. 1. 1. 1. 1. 1. 1. 1. 1. 1. 1. 1. 1. 0. 0.
 0. 0. 0. 0. 0. 0. 0. 0. 0. 0. 0. 0. 0. 0. 0. 0. 0. 0. 0. 0. 0. 0. 0. 0.
 0. 0. 0. 0. 0. 0. 0. 0. 0. 0. 0. 0. 0. 0. 0. 0. 0. 0. 0. 0. 0. 0. 0. 0.
 0. 0. 0. 0. 0. 0. 0. 0. 0. 0. 0. 0. 0. 0. 0. 0. 0. 0. 0. 0. 0. 0. 0. 0.
 0. 0. 0. 0. 0. 0. 0. 0. 0. 0. 0. 0. 0. 0. 0. 0. 0. 0. 0. 0. 0. 0. 0. 0.
 0. 0. 0. 0. 0. 0. 0. 0. 0. 0. 0. 0. 0. 0. 0. 0. 0. 0. 0. 0. 0. 0. 0. 0.
 0. 0. 0. 0. 0. 0. 0. 0.]
y_pred:  [1. 1. 0. 0. 0. 1. 1. 1. 1. 1. 1. 1. 0. 1. 1. 1. 1. 0. 1. 0. 1. 1. 1. 0.
 1. 0. 0. 0. 1. 1. 0. 0. 0. 0. 0. 1. 1. 0. 1. 0. 0. 0. 1. 1. 1. 1. 0. 1.
 1. 1. 1. 0. 1. 1. 0. 1. 1. 1. 1. 1. 1. 1. 1. 1. 1. 0. 0. 1. 1. 1. 0. 1.
 0. 0. 0. 0. 0. 0. 1. 0. 0. 1. 0. 0. 0. 0. 0. 0. 0. 0. 0. 0. 0. 0. 0. 1.
 0. 0. 0. 0. 1. 0. 0. 0. 0. 1. 0. 0. 0. 0. 0. 1. 1. 1. 0. 1. 1. 0. 0. 0.
 1. 0. 0. 0. 1. 0. 0. 1. 0. 0. 0. 0. 0. 1. 0. 0. 1. 0. 0. 0. 0. 0. 0. 0.
 0. 0. 0. 0. 0. 0. 0. 1. 1. 0. 0. 0. 0. 0. 0. 0. 0. 1. 0. 0. 1. 0. 0. 0.
 0. 0. 0. 0. 0. 1. 0. 0. 0. 0. 0. 0. 0. 0. 0. 0. 1. 0. 0. 0. 0. 0. 0. 0.
 0. 0. 0. 0. 1. 0. 0. 0.]
Time taken: 22.91728901863098 seconds
Running combination 25 of 50
Fitting RandomForest...
Fitting Adaboost...
Fitting AdaBoost_2...
Fitting et...
Fitting gbc...
Fitting gbc_2...
Fitting gbc_3...
Fitting dt...
Fitting lr...
Fitting Lasso_1...
Fitting Lasso_2...
Fitting Lasso_3...
Fitting Lasso_4...
Fitting elasticnet...
VCF file created successfully.
pyseer stderr:  Read 1000 phenotypes
Detected continuous phenotype
Reading all variants

0variants [00:00, ?variants/s]
53variants [00:00, 527.92variants/s]
106variants [00:00, 465.84variants/s]
160variants [00:00, 495.80variants/s]
198variants [00:00, 501.89variants/s]
Applying correlation filtering

  0%|          | 0/198 [00:00<?, ?variants/s]
100%|██████████| 198/198 [00:00<00:00, 2693.49variants/s]
Fitting elastic net to top 148 variants
Best penalty (lambda) from cross-validation: 1.82E+01
Best R^2 from cross-validation: 0.444
Finding and printing selected variants
198 loaded variants
50 pre-filtered variants
148 tested variants
139 printed variants

True importance standardized:  [0.50470199 0.50470199 0.50470199 0.50470199 0.50470199 0.50470199
 0.50470199 0.36335364 0.36335364 0.36335364 0.36335364 0.36335364
 0.36335364 0.36335364 0.46855143 0.46855143 0.46855143 0.46855143
 0.46855143 0.46855143 0.46855143 0.78582267 0.78582267 0.78582267
 0.78582267 0.78582267 0.78582267 0.78582267 0.80759134 0.80759134
 0.80759134 0.80759134 0.80759134 0.80759134 0.80759134 1.
 1.         1.         1.         1.         1.         1.
 0.22926286 0.22926286 0.22926286 0.22926286 0.22926286 0.22926286
 0.22926286 0.98636672 0.98636672 0.98636672 0.98636672 0.98636672
 0.98636672 0.98636672 0.40189167 0.40189167 0.40189167 0.40189167
 0.40189167 0.40189167 0.40189167 0.15747857 0.15747857 0.15747857
 0.15747857 0.15747857 0.15747857 0.15747857 0.         0.
 0.         0.         0.         0.         0.         0.
 0.         0.         0.         0.         0.         0.
 0.         0.         0.         0.         0.         0.
 0.         0.         0.         0.         0.         0.
 0.         0.         0.         0.         0.         0.
 0.         0.         0.         0.         0.         0.
 0.         0.         0.         0.         0.         0.
 0.         0.         0.         0.         0.         0.
 0.         0.         0.         0.         0.         0.
 0.         0.         0.         0.         0.         0.
 0.         0.         0.         0.         0.         0.
 0.         0.         0.         0.         0.         0.
 0.         0.         0.         0.         0.         0.
 0.         0.         0.         0.         0.         0.
 0.         0.         0.         0.         0.         0.
 0.         0.         0.         0.         0.         0.
 0.         0.         0.         0.         0.         0.
 0.         0.         0.         0.         0.         0.
 0.         0.         0.         0.         0.         0.
 0.         0.         0.         0.         0.         0.
 0.         0.         0.         0.         0.         0.
 0.         0.        ]
Normalized importance:  [0.41189621 0.41189621 0.41189621 0.41189621 0.41189621 0.41189621
 0.41189621 0.04513159 0.         0.04513159 0.04513159 0.
 0.         0.         0.25931598 0.25931598 0.25931598 0.25931598
 0.25931598 0.25931598 0.25931598 0.64708461 0.64708461 0.64708461
 0.64708461 0.64708461 0.64708461 0.64708461 0.74567986 0.74567986
 0.74567986 0.74567986 0.74567986 0.74567986 0.74567986 1.
 1.         1.         1.         1.         1.         1.
 0.         0.         0.         0.         0.         0.
 0.         0.83996177 0.83996177 0.83996177 0.83996177 0.83996177
 0.83996177 0.83996177 0.11910687 0.11910687 0.11910687 0.11910687
 0.11910687 0.11910687 0.11910687 0.         0.         0.
 0.         0.         0.         0.         0.         0.
 0.         0.         0.         0.         0.         0.
 0.         0.         0.         0.         0.         0.
 0.         0.         0.         0.         0.         0.
 0.         0.         0.         0.         0.         0.
 0.         0.         0.         0.         0.         0.
 0.         0.         0.00988776 0.         0.         0.
 0.         0.         0.         0.         0.         0.
 0.         0.         0.         0.         0.         0.
 0.         0.         0.         0.         0.01775144 0.
 0.         0.01741398 0.03512824 0.         0.         0.
 0.         0.         0.         0.         0.         0.07683174
 0.         0.         0.0334942  0.         0.         0.
 0.         0.         0.         0.         0.         0.
 0.         0.         0.         0.         0.         0.05334999
 0.         0.         0.         0.         0.         0.
 0.         0.         0.         0.         0.         0.
 0.         0.         0.         0.         0.01982523 0.
 0.         0.         0.         0.         0.         0.
 0.         0.         0.         0.         0.         0.
 0.         0.         0.         0.         0.         0.
 0.         0.         0.         0.         0.         0.
 0.         0.        ]
deepbreaks
y_true:  [1. 1. 1. 1. 1. 1. 1. 0. 0. 0. 0. 0. 0. 0. 0. 0. 0. 0. 0. 0. 0. 1. 1. 1.
 1. 1. 1. 1. 1. 1. 1. 1. 1. 1. 1. 1. 1. 1. 1. 1. 1. 1. 0. 0. 0. 0. 0. 0.
 0. 1. 1. 1. 1. 1. 1. 1. 0. 0. 0. 0. 0. 0. 0. 0. 0. 0. 0. 0. 0. 0. 0. 0.
 0. 0. 0. 0. 0. 0. 0. 0. 0. 0. 0. 0. 0. 0. 0. 0. 0. 0. 0. 0. 0. 0. 0. 0.
 0. 0. 0. 0. 0. 0. 0. 0. 0. 0. 0. 0. 0. 0. 0. 0. 0. 0. 0. 0. 0. 0. 0. 0.
 0. 0. 0. 0. 0. 0. 0. 0. 0. 0. 0. 0. 0. 0. 0. 0. 0. 0. 0. 0. 0. 0. 0. 0.
 0. 0. 0. 0. 0. 0. 0. 0. 0. 0. 0. 0. 0. 0. 0. 0. 0. 0. 0. 0. 0. 0. 0. 0.
 0. 0. 0. 0. 0. 0. 0. 0. 0. 0. 0. 0. 0. 0. 0. 0. 0. 0. 0. 0. 0. 0. 0. 0.
 0. 0. 0. 0. 0. 0. 0. 0.]
y_pred:  [1. 1. 1. 1. 1. 1. 1. 0. 0. 0. 0. 0. 0. 0. 0. 0. 0. 0. 0. 0. 0. 1. 1. 1.
 1. 1. 1. 1. 1. 1. 1. 1. 1. 1. 1. 1. 1. 1. 1. 1. 1. 1. 0. 0. 0. 0. 0. 0.
 0. 1. 1. 1. 1. 1. 1. 1. 0. 0. 0. 0. 0. 0. 0. 0. 0. 0. 0. 0. 0. 0. 0. 0.
 0. 0. 0. 0. 0. 0. 0. 0. 0. 0. 0. 0. 0. 0. 0. 0. 0. 0. 0. 0. 0. 0. 0. 0.
 0. 0. 0. 0. 0. 0. 0. 0. 0. 0. 0. 0. 0. 0. 0. 0. 0. 0. 0. 0. 0. 0. 0. 0.
 0. 0. 0. 0. 0. 0. 0. 0. 0. 0. 0. 0. 0. 0. 0. 0. 0. 0. 0. 0. 0. 0. 0. 0.
 0. 0. 0. 0. 0. 0. 0. 0. 0. 0. 0. 0. 0. 0. 0. 0. 0. 0. 0. 0. 0. 0. 0. 0.
 0. 0. 0. 0. 0. 0. 0. 0. 0. 0. 0. 0. 0. 0. 0. 0. 0. 0. 0. 0. 0. 0. 0. 0.
 0. 0. 0. 0. 0. 0. 0. 0.]
Normalized importance:  [0.54608295 0.25576037 0.28110599 0.39861751 0.11313364 0.18801843
 0.10645161 0.2764977  0.         0.44700461 0.29953917 0.09101382
 0.08963134 0.059447   0.35483871 0.35023041 0.11912442 0.24654378
 0.21728111 0.46313364 0.11935484 0.81105991 0.52534562 0.23732719
 0.04078341 0.3156682  0.47926267 0.2718894  0.64746544 0.29723502
 0.50691244 0.49539171 0.25115207 0.38940092 0.58294931 1.
 0.58064516 0.3640553  0.13502304 0.640553   0.63824885 0.48387097
 0.37788018 0.11958525 0.         0.35483871 0.07258065 0.
 0.13387097 0.9078341  0.71428571 0.26267281 0.5        0.47465438
 0.34101382 0.40552995 0.48617512 0.0235023  0.15483871 0.33179724
 0.40092166 0.30184332 0.         0.0718894  0.11612903 0.2078341
 0.         0.         0.0797235  0.01576037 0.18801843 0.
 0.23271889 0.         0.20184332 0.25115207 0.         0.
 0.         0.16751152 0.04907834 0.18156682 0.         0.14124424
 0.         0.         0.         0.15760369 0.14930876 0.
 0.         0.25345622 0.11290323 0.         0.09723502 0.18801843
 0.22718894 0.12511521 0.18502304 0.21267281 0.21013825 0.
 0.20207373 0.24423963 0.2016129  0.         0.19262673 0.31797235
 0.         0.         0.25345622 0.         0.         0.30875576
 0.05230415 0.         0.         0.         0.28110599 0.15898618
 0.07534562 0.         0.10437788 0.         0.20023041 0.
 0.10230415 0.35483871 0.18179724 0.19953917 0.         0.
 0.15       0.         0.06474654 0.         0.03525346 0.25115207
 0.         0.         0.14746544 0.21935484 0.         0.
 0.         0.         0.         0.35023041 0.         0.2718894
 0.         0.33179724 0.         0.         0.30875576 0.21820276
 0.         0.         0.01675115 0.         0.27880184 0.19608295
 0.07949309 0.19608295 0.2764977  0.36866359 0.22557604 0.08317972
 0.         0.         0.48617512 0.         0.4124424  0.
 0.40552995 0.04746544 0.         0.17004608 0.         0.
 0.09930876 0.23271889 0.13341014 0.16152074 0.13870968 0.
 0.         0.         0.21497696 0.22396313 0.04331797 0.12764977
 0.14447005 0.00953917 0.         0.06866359 0.16221198 0.11313364
 0.         0.        ]
pyseer
y_true:  [1. 1. 1. 1. 1. 1. 1. 0. 0. 0. 0. 0. 0. 0. 0. 0. 0. 0. 0. 0. 0. 1. 1. 1.
 1. 1. 1. 1. 1. 1. 1. 1. 1. 1. 1. 1. 1. 1. 1. 1. 1. 1. 0. 0. 0. 0. 0. 0.
 0. 1. 1. 1. 1. 1. 1. 1. 0. 0. 0. 0. 0. 0. 0. 0. 0. 0. 0. 0. 0. 0. 0. 0.
 0. 0. 0. 0. 0. 0. 0. 0. 0. 0. 0. 0. 0. 0. 0. 0. 0. 0. 0. 0. 0. 0. 0. 0.
 0. 0. 0. 0. 0. 0. 0. 0. 0. 0. 0. 0. 0. 0. 0. 0. 0. 0. 0. 0. 0. 0. 0. 0.
 0. 0. 0. 0. 0. 0. 0. 0. 0. 0. 0. 0. 0. 0. 0. 0. 0. 0. 0. 0. 0. 0. 0. 0.
 0. 0. 0. 0. 0. 0. 0. 0. 0. 0. 0. 0. 0. 0. 0. 0. 0. 0. 0. 0. 0. 0. 0. 0.
 0. 0. 0. 0. 0. 0. 0. 0. 0. 0. 0. 0. 0. 0. 0. 0. 0. 0. 0. 0. 0. 0. 0. 0.
 0. 0. 0. 0. 0. 0. 0. 0.]
y_pred:  [1. 1. 1. 1. 0. 0. 0. 1. 0. 1. 1. 0. 0. 0. 1. 1. 0. 1. 1. 1. 0. 1. 1. 1.
 0. 1. 1. 1. 1. 1. 1. 1. 1. 1. 1. 1. 1. 1. 0. 1. 1. 1. 1. 0. 0. 1. 0. 0.
 0. 1. 1. 1. 1. 1. 1. 1. 1. 0. 0. 1. 1. 1. 0. 0. 0. 0. 0. 0. 0. 0. 0. 0.
 1. 0. 0. 1. 0. 0. 0. 0. 0. 0. 0. 0. 0. 0. 0. 0. 0. 0. 0. 1. 0. 0. 0. 0.
 1. 0. 0. 0. 0. 0. 0. 1. 0. 0. 0. 1. 0. 0. 1. 0. 0. 1. 0. 0. 0. 0. 1. 0.
 0. 0. 0. 0. 0. 0. 0. 1. 0. 0. 0. 0. 0. 0. 0. 0. 0. 1. 0. 0. 0. 1. 0. 0.
 0. 0. 0. 1. 0. 1. 0. 1. 0. 0. 1. 1. 0. 0. 0. 0. 1. 0. 0. 0. 1. 1. 1. 0.
 0. 0. 1. 0. 1. 0. 1. 0. 0. 0. 0. 0. 0. 1. 0. 0. 0. 0. 0. 0. 0. 1. 0. 0.
 0. 0. 0. 0. 0. 0. 0. 0.]
Time taken: 22.36514925956726 seconds
Running combination 26 of 50
Fitting RandomForest...
Fitting Adaboost...
Fitting AdaBoost_2...
Fitting et...
Fitting gbc...
Fitting gbc_2...
Fitting gbc_3...
Fitting dt...
Fitting lr...
Fitting Lasso_1...
Fitting Lasso_2...
Fitting Lasso_3...
Fitting Lasso_4...
Fitting elasticnet...
VCF file created successfully.
pyseer stderr:  Read 1000 phenotypes
Detected continuous phenotype
Reading all variants

0variants [00:00, ?variants/s]
55variants [00:00, 546.46variants/s]
110variants [00:00, 479.95variants/s]
165variants [00:00, 508.53variants/s]
198variants [00:00, 512.88variants/s]
Applying correlation filtering

  0%|          | 0/198 [00:00<?, ?variants/s]
100%|██████████| 198/198 [00:00<00:00, 2665.02variants/s]
Fitting elastic net to top 148 variants
Best penalty (lambda) from cross-validation: 1.08E+01
Best R^2 from cross-validation: 0.551
Finding and printing selected variants
198 loaded variants
50 pre-filtered variants
148 tested variants
139 printed variants

True importance standardized:  [0.77488464 0.77488464 0.77488464 0.77488464 0.77488464 0.77488464
 0.77488464 0.1984343  0.1984343  0.1984343  0.1984343  0.1984343
 0.1984343  0.1984343  0.16579595 0.16579595 0.16579595 0.16579595
 0.16579595 0.16579595 0.16579595 1.         1.         1.
 1.         1.         1.         1.         0.91406595 0.91406595
 0.91406595 0.91406595 0.91406595 0.91406595 0.91406595 0.12677253
 0.12677253 0.12677253 0.12677253 0.12677253 0.12677253 0.12677253
 0.67357082 0.67357082 0.67357082 0.67357082 0.67357082 0.67357082
 0.67357082 0.28647507 0.28647507 0.28647507 0.28647507 0.28647507
 0.28647507 0.28647507 0.60408635 0.60408635 0.60408635 0.60408635
 0.60408635 0.60408635 0.60408635 0.18489149 0.18489149 0.18489149
 0.18489149 0.18489149 0.18489149 0.18489149 0.         0.
 0.         0.         0.         0.         0.         0.
 0.         0.         0.         0.         0.         0.
 0.         0.         0.         0.         0.         0.
 0.         0.         0.         0.         0.         0.
 0.         0.         0.         0.         0.         0.
 0.         0.         0.         0.         0.         0.
 0.         0.         0.         0.         0.         0.
 0.         0.         0.         0.         0.         0.
 0.         0.         0.         0.         0.         0.
 0.         0.         0.         0.         0.         0.
 0.         0.         0.         0.         0.         0.
 0.         0.         0.         0.         0.         0.
 0.         0.         0.         0.         0.         0.
 0.         0.         0.         0.         0.         0.
 0.         0.         0.         0.         0.         0.
 0.         0.         0.         0.         0.         0.
 0.         0.         0.         0.         0.         0.
 0.         0.         0.         0.         0.         0.
 0.         0.         0.         0.         0.         0.
 0.         0.         0.         0.         0.         0.
 0.         0.         0.         0.         0.         0.
 0.         0.        ]
Normalized importance:  [0.88693256 0.88693256 0.88693256 0.88693256 0.88693256 0.88693256
 0.88693256 0.0488034  0.0488034  0.0488034  0.0488034  0.0488034
 0.0488034  0.         0.11871339 0.11871339 0.11871339 0.11871339
 0.11871339 0.         0.11871339 1.         1.         1.
 1.         1.         1.         1.         0.75688986 0.75688986
 0.75688986 0.75688986 0.75688986 0.75688986 0.75688986 0.03003664
 0.         0.         0.03003664 0.         0.03003664 0.
 0.72296136 0.72296136 0.72296136 0.72296136 0.72296136 0.72296136
 0.72296136 0.13072082 0.13072082 0.13072082 0.13072082 0.13072082
 0.13072082 0.13072082 0.33618076 0.33618076 0.33618076 0.33618076
 0.33618076 0.33618076 0.33618076 0.03729827 0.         0.03729827
 0.         0.         0.         0.         0.         0.
 0.         0.         0.         0.         0.         0.
 0.         0.         0.         0.         0.         0.
 0.         0.         0.         0.         0.         0.
 0.         0.         0.         0.         0.02517818 0.
 0.02489405 0.03575609 0.         0.         0.01164746 0.
 0.         0.         0.         0.         0.         0.
 0.         0.02073087 0.         0.         0.         0.
 0.         0.         0.         0.         0.         0.
 0.         0.         0.03059068 0.0221846  0.         0.
 0.         0.         0.         0.         0.         0.
 0.         0.         0.         0.         0.         0.
 0.         0.01335268 0.         0.         0.         0.
 0.         0.         0.         0.         0.         0.04794113
 0.         0.         0.         0.         0.         0.
 0.         0.         0.         0.         0.         0.
 0.         0.         0.         0.         0.00510759 0.
 0.         0.         0.         0.         0.         0.
 0.         0.         0.         0.         0.         0.
 0.         0.         0.         0.         0.         0.
 0.         0.         0.         0.         0.         0.
 0.         0.         0.02970717 0.         0.         0.
 0.         0.        ]
deepbreaks
y_true:  [1. 1. 1. 1. 1. 1. 1. 0. 0. 0. 0. 0. 0. 0. 0. 0. 0. 0. 0. 0. 0. 1. 1. 1.
 1. 1. 1. 1. 1. 1. 1. 1. 1. 1. 1. 0. 0. 0. 0. 0. 0. 0. 1. 1. 1. 1. 1. 1.
 1. 0. 0. 0. 0. 0. 0. 0. 1. 1. 1. 1. 1. 1. 1. 0. 0. 0. 0. 0. 0. 0. 0. 0.
 0. 0. 0. 0. 0. 0. 0. 0. 0. 0. 0. 0. 0. 0. 0. 0. 0. 0. 0. 0. 0. 0. 0. 0.
 0. 0. 0. 0. 0. 0. 0. 0. 0. 0. 0. 0. 0. 0. 0. 0. 0. 0. 0. 0. 0. 0. 0. 0.
 0. 0. 0. 0. 0. 0. 0. 0. 0. 0. 0. 0. 0. 0. 0. 0. 0. 0. 0. 0. 0. 0. 0. 0.
 0. 0. 0. 0. 0. 0. 0. 0. 0. 0. 0. 0. 0. 0. 0. 0. 0. 0. 0. 0. 0. 0. 0. 0.
 0. 0. 0. 0. 0. 0. 0. 0. 0. 0. 0. 0. 0. 0. 0. 0. 0. 0. 0. 0. 0. 0. 0. 0.
 0. 0. 0. 0. 0. 0. 0. 0.]
y_pred:  [1. 1. 1. 1. 1. 1. 1. 0. 0. 0. 0. 0. 0. 0. 0. 0. 0. 0. 0. 0. 0. 1. 1. 1.
 1. 1. 1. 1. 1. 1. 1. 1. 1. 1. 1. 0. 0. 0. 0. 0. 0. 0. 1. 1. 1. 1. 1. 1.
 1. 0. 0. 0. 0. 0. 0. 0. 1. 1. 1. 1. 1. 1. 1. 0. 0. 0. 0. 0. 0. 0. 0. 0.
 0. 0. 0. 0. 0. 0. 0. 0. 0. 0. 0. 0. 0. 0. 0. 0. 0. 0. 0. 0. 0. 0. 0. 0.
 0. 0. 0. 0. 0. 0. 0. 0. 0. 0. 0. 0. 0. 0. 0. 0. 0. 0. 0. 0. 0. 0. 0. 0.
 0. 0. 0. 0. 0. 0. 0. 0. 0. 0. 0. 0. 0. 0. 0. 0. 0. 0. 0. 0. 0. 0. 0. 0.
 0. 0. 0. 0. 0. 0. 0. 0. 0. 0. 0. 0. 0. 0. 0. 0. 0. 0. 0. 0. 0. 0. 0. 0.
 0. 0. 0. 0. 0. 0. 0. 0. 0. 0. 0. 0. 0. 0. 0. 0. 0. 0. 0. 0. 0. 0. 0. 0.
 0. 0. 0. 0. 0. 0. 0. 0.]
Normalized importance:  [0.79090909 0.37045455 0.60909091 0.14840909 0.54090909 0.61363636
 0.28863636 0.15431818 0.08340909 0.46590909 0.10590909 0.
 0.09022727 0.20181818 0.21772727 0.05090909 0.33181818 0.38409091
 0.24090909 0.06977273 0.03136364 1.         0.22659091 0.74318182
 0.51590909 0.52727273 0.53636364 0.21568182 0.84772727 0.42727273
 0.35       0.29545455 0.58409091 0.66363636 0.16568182 0.
 0.03795455 0.05159091 0.05772727 0.15590909 0.23636364 0.00195
 0.60227273 0.40227273 0.60909091 0.51590909 0.23181818 0.20909091
 0.25909091 0.34545455 0.25       0.1675     0.01688636 0.12522727
 0.20772727 0.325      0.67727273 0.38181818 0.26590909 0.50681818
 0.11659091 0.13113636 0.02977273 0.28863636 0.00122045 0.29545455
 0.         0.         0.         0.         0.25227273 0.19636364
 0.         0.         0.04295455 0.25227273 0.11090909 0.23409091
 0.135      0.15659091 0.         0.10840909 0.         0.
 0.09909091 0.         0.         0.11227273 0.         0.26818182
 0.01388636 0.33863636 0.11454545 0.225      0.22727273 0.
 0.3        0.27727273 0.20954545 0.         0.24545455 0.02522727
 0.20545455 0.13       0.         0.         0.28863636 0.
 0.         0.23181818 0.         0.         0.         0.
 0.24545455 0.275      0.08840909 0.00622727 0.11636364 0.
 0.         0.         0.28636364 0.1075     0.20113636 0.
 0.29090909 0.13568182 0.         0.         0.05863636 0.17977273
 0.         0.12409091 0.17       0.05590909 0.         0.10159091
 0.         0.10340909 0.         0.00804545 0.         0.
 0.08045455 0.10613636 0.01061364 0.14568182 0.05659091 0.32954545
 0.02206818 0.13363636 0.         0.         0.04772727 0.
 0.02795455 0.03954545 0.05454545 0.02636364 0.         0.15431818
 0.         0.12       0.         0.035      0.00925    0.
 0.         0.         0.         0.         0.         0.
 0.         0.         0.44772727 0.15704545 0.         0.
 0.19613636 0.         0.         0.13659091 0.29318182 0.15181818
 0.         0.09386364 0.02931818 0.22318182 0.         0.09977273
 0.         0.13795455 0.23181818 0.02318182 0.02522727 0.
 0.         0.        ]
pyseer
y_true:  [1. 1. 1. 1. 1. 1. 1. 0. 0. 0. 0. 0. 0. 0. 0. 0. 0. 0. 0. 0. 0. 1. 1. 1.
 1. 1. 1. 1. 1. 1. 1. 1. 1. 1. 1. 0. 0. 0. 0. 0. 0. 0. 1. 1. 1. 1. 1. 1.
 1. 0. 0. 0. 0. 0. 0. 0. 1. 1. 1. 1. 1. 1. 1. 0. 0. 0. 0. 0. 0. 0. 0. 0.
 0. 0. 0. 0. 0. 0. 0. 0. 0. 0. 0. 0. 0. 0. 0. 0. 0. 0. 0. 0. 0. 0. 0. 0.
 0. 0. 0. 0. 0. 0. 0. 0. 0. 0. 0. 0. 0. 0. 0. 0. 0. 0. 0. 0. 0. 0. 0. 0.
 0. 0. 0. 0. 0. 0. 0. 0. 0. 0. 0. 0. 0. 0. 0. 0. 0. 0. 0. 0. 0. 0. 0. 0.
 0. 0. 0. 0. 0. 0. 0. 0. 0. 0. 0. 0. 0. 0. 0. 0. 0. 0. 0. 0. 0. 0. 0. 0.
 0. 0. 0. 0. 0. 0. 0. 0. 0. 0. 0. 0. 0. 0. 0. 0. 0. 0. 0. 0. 0. 0. 0. 0.
 0. 0. 0. 0. 0. 0. 0. 0.]
y_pred:  [1. 1. 1. 0. 1. 1. 1. 0. 0. 1. 0. 0. 0. 1. 1. 0. 1. 1. 1. 0. 0. 1. 1. 1.
 1. 1. 1. 1. 1. 1. 1. 1. 1. 1. 0. 0. 0. 0. 0. 0. 1. 0. 1. 1. 1. 1. 1. 1.
 1. 1. 1. 0. 0. 0. 1. 1. 1. 1. 1. 1. 0. 0. 0. 1. 0. 1. 0. 0. 0. 0. 1. 1.
 0. 0. 0. 1. 0. 1. 0. 0. 0. 0. 0. 0. 0. 0. 0. 0. 0. 1. 0. 1. 0. 1. 1. 0.
 1. 1. 1. 0. 1. 0. 1. 0. 0. 0. 1. 0. 0. 1. 0. 0. 0. 0. 1. 1. 0. 0. 0. 0.
 0. 0. 1. 0. 1. 0. 1. 0. 0. 0. 0. 1. 0. 0. 0. 0. 0. 0. 0. 0. 0. 0. 0. 0.
 0. 0. 0. 0. 0. 1. 0. 0. 0. 0. 0. 0. 0. 0. 0. 0. 0. 0. 0. 0. 0. 0. 0. 0.
 0. 0. 0. 0. 0. 0. 0. 0. 1. 0. 0. 0. 1. 0. 0. 0. 1. 0. 0. 0. 0. 1. 0. 0.
 0. 0. 1. 0. 0. 0. 0. 0.]
Time taken: 22.38333821296692 seconds
Running combination 27 of 50
Fitting RandomForest...
Fitting Adaboost...
Fitting AdaBoost_2...
Fitting et...
Fitting gbc...
Fitting gbc_2...
Fitting gbc_3...
Fitting dt...
Fitting lr...
Fitting Lasso_1...
Fitting Lasso_2...
Fitting Lasso_3...
Fitting Lasso_4...
Fitting elasticnet...
VCF file created successfully.
pyseer stderr:  Read 1000 phenotypes
Detected continuous phenotype
Reading all variants

0variants [00:00, ?variants/s]
54variants [00:00, 534.09variants/s]
108variants [00:00, 473.66variants/s]
164variants [00:00, 509.36variants/s]
198variants [00:00, 513.21variants/s]
Applying correlation filtering

  0%|          | 0/198 [00:00<?, ?variants/s]
100%|██████████| 198/198 [00:00<00:00, 2703.29variants/s]
Fitting elastic net to top 148 variants
Best penalty (lambda) from cross-validation: 5.09E+01
Best R^2 from cross-validation: 0.493
Finding and printing selected variants
198 loaded variants
50 pre-filtered variants
148 tested variants
140 printed variants

True importance standardized:  [0.71126707 0.71126707 0.71126707 0.71126707 0.71126707 0.71126707
 0.71126707 0.7976548  0.7976548  0.7976548  0.7976548  0.7976548
 0.7976548  0.7976548  0.63648067 0.63648067 0.63648067 0.63648067
 0.63648067 0.63648067 0.63648067 0.14810364 0.14810364 0.14810364
 0.14810364 0.14810364 0.14810364 0.14810364 1.         1.
 1.         1.         1.         1.         1.         0.69975427
 0.69975427 0.69975427 0.69975427 0.69975427 0.69975427 0.69975427
 0.92119336 0.92119336 0.92119336 0.92119336 0.92119336 0.92119336
 0.92119336 0.81345731 0.81345731 0.81345731 0.81345731 0.81345731
 0.81345731 0.81345731 0.18590079 0.18590079 0.18590079 0.18590079
 0.18590079 0.18590079 0.18590079 0.84247401 0.84247401 0.84247401
 0.84247401 0.84247401 0.84247401 0.84247401 0.         0.
 0.         0.         0.         0.         0.         0.
 0.         0.         0.         0.         0.         0.
 0.         0.         0.         0.         0.         0.
 0.         0.         0.         0.         0.         0.
 0.         0.         0.         0.         0.         0.
 0.         0.         0.         0.         0.         0.
 0.         0.         0.         0.         0.         0.
 0.         0.         0.         0.         0.         0.
 0.         0.         0.         0.         0.         0.
 0.         0.         0.         0.         0.         0.
 0.         0.         0.         0.         0.         0.
 0.         0.         0.         0.         0.         0.
 0.         0.         0.         0.         0.         0.
 0.         0.         0.         0.         0.         0.
 0.         0.         0.         0.         0.         0.
 0.         0.         0.         0.         0.         0.
 0.         0.         0.         0.         0.         0.
 0.         0.         0.         0.         0.         0.
 0.         0.         0.         0.         0.         0.
 0.         0.         0.         0.         0.         0.
 0.         0.         0.         0.         0.         0.
 0.         0.        ]
Normalized importance:  [0.32735812 0.32735812 0.32735812 0.32735812 0.32735812 0.32735812
 0.32735812 0.49485664 0.49485664 0.49485664 0.49485664 0.49485664
 0.49485664 0.49485664 0.14121359 0.14121359 0.14121359 0.14121359
 0.14121359 0.14121359 0.14121359 0.02705279 0.02705279 0.
 0.02705279 0.02705279 0.02705279 0.02705279 1.         1.
 1.         1.         1.         1.         1.         0.21711246
 0.21711246 0.21711246 0.21711246 0.21711246 0.21711246 0.21711246
 0.64050255 0.64050255 0.64050255 0.64050255 0.64050255 0.64050255
 0.64050255 0.60796817 0.60796817 0.60796817 0.60796817 0.60796817
 0.60796817 0.60796817 0.03537331 0.03537331 0.03537331 0.
 0.         0.03537331 0.03537331 0.716356   0.716356   0.716356
 0.716356   0.716356   0.716356   0.716356   0.         0.
 0.         0.         0.         0.         0.02053483 0.
 0.         0.         0.         0.         0.         0.
 0.         0.         0.         0.         0.01745717 0.
 0.         0.         0.         0.         0.         0.
 0.         0.         0.01475316 0.026162   0.         0.
 0.         0.         0.         0.         0.         0.
 0.         0.         0.         0.         0.         0.
 0.02422514 0.         0.         0.         0.         0.
 0.         0.         0.         0.         0.         0.
 0.         0.         0.         0.         0.         0.04598135
 0.01324522 0.         0.         0.         0.         0.
 0.01630054 0.         0.         0.         0.         0.
 0.         0.         0.         0.         0.         0.
 0.         0.         0.         0.         0.00590752 0.
 0.         0.         0.         0.         0.01692966 0.03010279
 0.         0.         0.         0.00358771 0.         0.
 0.         0.         0.         0.         0.         0.01052599
 0.01954142 0.         0.03933256 0.         0.         0.
 0.         0.         0.         0.00627553 0.         0.
 0.         0.         0.         0.         0.         0.
 0.         0.         0.         0.         0.         0.
 0.         0.        ]
deepbreaks
y_true:  [0. 0. 0. 0. 0. 0. 0. 1. 1. 1. 1. 1. 1. 1. 0. 0. 0. 0. 0. 0. 0. 0. 0. 0.
 0. 0. 0. 0. 1. 1. 1. 1. 1. 1. 1. 0. 0. 0. 0. 0. 0. 0. 1. 1. 1. 1. 1. 1.
 1. 1. 1. 1. 1. 1. 1. 1. 0. 0. 0. 0. 0. 0. 0. 1. 1. 1. 1. 1. 1. 1. 0. 0.
 0. 0. 0. 0. 0. 0. 0. 0. 0. 0. 0. 0. 0. 0. 0. 0. 0. 0. 0. 0. 0. 0. 0. 0.
 0. 0. 0. 0. 0. 0. 0. 0. 0. 0. 0. 0. 0. 0. 0. 0. 0. 0. 0. 0. 0. 0. 0. 0.
 0. 0. 0. 0. 0. 0. 0. 0. 0. 0. 0. 0. 0. 0. 0. 0. 0. 0. 0. 0. 0. 0. 0. 0.
 0. 0. 0. 0. 0. 0. 0. 0. 0. 0. 0. 0. 0. 0. 0. 0. 0. 0. 0. 0. 0. 0. 0. 0.
 0. 0. 0. 0. 0. 0. 0. 0. 0. 0. 0. 0. 0. 0. 0. 0. 0. 0. 0. 0. 0. 0. 0. 0.
 0. 0. 0. 0. 0. 0. 0. 0.]
y_pred:  [1. 1. 1. 1. 1. 1. 1. 1. 1. 1. 1. 1. 1. 1. 0. 0. 0. 0. 0. 0. 0. 0. 0. 0.
 0. 0. 0. 0. 1. 1. 1. 1. 1. 1. 1. 0. 0. 0. 0. 0. 0. 0. 1. 1. 1. 1. 1. 1.
 1. 1. 1. 1. 1. 1. 1. 1. 0. 0. 0. 0. 0. 0. 0. 1. 1. 1. 1. 1. 1. 1. 0. 0.
 0. 0. 0. 0. 0. 0. 0. 0. 0. 0. 0. 0. 0. 0. 0. 0. 0. 0. 0. 0. 0. 0. 0. 0.
 0. 0. 0. 0. 0. 0. 0. 0. 0. 0. 0. 0. 0. 0. 0. 0. 0. 0. 0. 0. 0. 0. 0. 0.
 0. 0. 0. 0. 0. 0. 0. 0. 0. 0. 0. 0. 0. 0. 0. 0. 0. 0. 0. 0. 0. 0. 0. 0.
 0. 0. 0. 0. 0. 0. 0. 0. 0. 0. 0. 0. 0. 0. 0. 0. 0. 0. 0. 0. 0. 0. 0. 0.
 0. 0. 0. 0. 0. 0. 0. 0. 0. 0. 0. 0. 0. 0. 0. 0. 0. 0. 0. 0. 0. 0. 0. 0.
 0. 0. 0. 0. 0. 0. 0. 0.]
Normalized importance:  [0.69689922 0.2379845  0.18062016 0.53410853 0.00237209 0.26124031
 0.65503876 0.7496124  0.45736434 0.04689922 0.38217054 0.39069767
 0.56899225 0.44496124 0.54108527 0.28062016 0.04426357 0.09224806
 0.17209302 0.55271318 0.26899225 0.1751938  0.02945736 0.06953488
 0.04968992 0.28992248 0.22093023 0.21007752 0.73410853 0.4379845
 0.4255814  0.52945736 0.78294574 0.39689922 0.37286822 0.5503876
 0.43255814 0.33023256 0.19147287 0.34341085 0.57364341 0.08449612
 0.78294574 0.5875969  0.5        0.18527132 0.4372093  0.3620155
 0.13178295 0.79844961 0.46666667 0.31705426 0.49767442 0.14186047
 0.5        0.33953488 0.13875969 0.23565891 0.1503876  0.08992248
 0.0272093  0.10465116 0.0875969  1.         0.43953488 0.16356589
 0.26046512 0.57906977 0.28139535 0.49457364 0.         0.
 0.         0.         0.         0.24186047 0.40697674 0.
 0.         0.         0.         0.04093023 0.19302326 0.14263566
 0.02596899 0.         0.         0.         0.30387597 0.26821705
 0.         0.         0.22093023 0.         0.0620155  0.18992248
 0.         0.38914729 0.         0.44263566 0.         0.
 0.07527132 0.15658915 0.03604651 0.17984496 0.40155039 0.19379845
 0.27054264 0.         0.         0.16976744 0.         0.
 0.34806202 0.06674419 0.01976744 0.         0.14883721 0.
 0.         0.02294574 0.14651163 0.00790698 0.         0.
 0.         0.02224806 0.18062016 0.         0.04767442 0.31085271
 0.08604651 0.11317829 0.17596899 0.         0.         0.
 0.24496124 0.         0.         0.05426357 0.         0.
 0.1379845  0.02418605 0.30465116 0.         0.18992248 0.04379845
 0.         0.07984496 0.06852713 0.02922481 0.22945736 0.
 0.         0.23953488 0.         0.22015504 0.16666667 0.3627907
 0.         0.         0.         0.10232558 0.         0.03922481
 0.17209302 0.11472868 0.10620155 0.01581395 0.17906977 0.18914729
 0.05914729 0.19302326 0.41007752 0.         0.06108527 0.01945736
 0.         0.         0.01379845 0.19612403 0.09922481 0.
 0.         0.         0.         0.14108527 0.2        0.
 0.         0.         0.         0.28992248 0.00937984 0.
 0.         0.        ]
pyseer
y_true:  [0. 0. 0. 0. 0. 0. 0. 1. 1. 1. 1. 1. 1. 1. 0. 0. 0. 0. 0. 0. 0. 0. 0. 0.
 0. 0. 0. 0. 1. 1. 1. 1. 1. 1. 1. 0. 0. 0. 0. 0. 0. 0. 1. 1. 1. 1. 1. 1.
 1. 1. 1. 1. 1. 1. 1. 1. 0. 0. 0. 0. 0. 0. 0. 1. 1. 1. 1. 1. 1. 1. 0. 0.
 0. 0. 0. 0. 0. 0. 0. 0. 0. 0. 0. 0. 0. 0. 0. 0. 0. 0. 0. 0. 0. 0. 0. 0.
 0. 0. 0. 0. 0. 0. 0. 0. 0. 0. 0. 0. 0. 0. 0. 0. 0. 0. 0. 0. 0. 0. 0. 0.
 0. 0. 0. 0. 0. 0. 0. 0. 0. 0. 0. 0. 0. 0. 0. 0. 0. 0. 0. 0. 0. 0. 0. 0.
 0. 0. 0. 0. 0. 0. 0. 0. 0. 0. 0. 0. 0. 0. 0. 0. 0. 0. 0. 0. 0. 0. 0. 0.
 0. 0. 0. 0. 0. 0. 0. 0. 0. 0. 0. 0. 0. 0. 0. 0. 0. 0. 0. 0. 0. 0. 0. 0.
 0. 0. 0. 0. 0. 0. 0. 0.]
y_pred:  [1. 1. 0. 1. 0. 1. 1. 1. 1. 0. 1. 1. 1. 1. 1. 1. 0. 0. 0. 1. 1. 0. 0. 0.
 0. 1. 1. 1. 1. 1. 1. 1. 1. 1. 1. 1. 1. 1. 0. 1. 1. 0. 1. 1. 1. 0. 1. 1.
 0. 1. 1. 1. 1. 0. 1. 1. 0. 1. 0. 0. 0. 0. 0. 1. 1. 0. 1. 1. 1. 1. 0. 0.
 0. 0. 0. 1. 1. 0. 0. 0. 0. 0. 0. 0. 0. 0. 0. 0. 1. 1. 0. 0. 1. 0. 0. 0.
 0. 1. 0. 1. 0. 0. 0. 0. 0. 0. 1. 1. 1. 0. 0. 0. 0. 0. 1. 0. 0. 0. 0. 0.
 0. 0. 0. 0. 0. 0. 0. 0. 0. 0. 0. 1. 0. 0. 0. 0. 0. 0. 1. 0. 0. 0. 0. 0.
 0. 0. 1. 0. 0. 0. 0. 0. 0. 0. 1. 0. 0. 1. 0. 1. 0. 1. 0. 0. 0. 0. 0. 0.
 0. 0. 0. 0. 0. 0. 0. 0. 1. 0. 0. 0. 0. 0. 0. 1. 0. 0. 0. 0. 0. 0. 1. 0.
 0. 0. 0. 1. 0. 0. 0. 0.]
Time taken: 22.84950876235962 seconds
Running combination 28 of 50
Fitting RandomForest...
Fitting Adaboost...
Fitting AdaBoost_2...
Fitting et...
Fitting gbc...
Fitting gbc_2...
Fitting gbc_3...
Fitting dt...
Fitting lr...
Fitting Lasso_1...
Fitting Lasso_2...
Fitting Lasso_3...
Fitting Lasso_4...
Fitting elasticnet...
VCF file created successfully.
pyseer stderr:  Read 1000 phenotypes
Detected continuous phenotype
Reading all variants

0variants [00:00, ?variants/s]
56variants [00:00, 558.97variants/s]
112variants [00:00, 489.96variants/s]
169variants [00:00, 522.01variants/s]
198variants [00:00, 525.69variants/s]
Applying correlation filtering

  0%|          | 0/198 [00:00<?, ?variants/s]
100%|██████████| 198/198 [00:00<00:00, 2703.84variants/s]
Fitting elastic net to top 148 variants
Best penalty (lambda) from cross-validation: 3.04E+01
Best R^2 from cross-validation: 0.487
Finding and printing selected variants
198 loaded variants
50 pre-filtered variants
148 tested variants
141 printed variants

True importance standardized:  [0.62772904 0.62772904 0.62772904 0.62772904 0.62772904 0.62772904
 0.62772904 1.         1.         1.         1.         1.
 1.         1.         0.15351302 0.15351302 0.15351302 0.15351302
 0.15351302 0.15351302 0.15351302 0.91988688 0.91988688 0.91988688
 0.91988688 0.91988688 0.91988688 0.91988688 0.7410231  0.7410231
 0.7410231  0.7410231  0.7410231  0.7410231  0.7410231  0.72449964
 0.72449964 0.72449964 0.72449964 0.72449964 0.72449964 0.72449964
 0.65553465 0.65553465 0.65553465 0.65553465 0.65553465 0.65553465
 0.65553465 0.65001891 0.65001891 0.65001891 0.65001891 0.65001891
 0.65001891 0.65001891 0.84817535 0.84817535 0.84817535 0.84817535
 0.84817535 0.84817535 0.84817535 0.1917701  0.1917701  0.1917701
 0.1917701  0.1917701  0.1917701  0.1917701  0.         0.
 0.         0.         0.         0.         0.         0.
 0.         0.         0.         0.         0.         0.
 0.         0.         0.         0.         0.         0.
 0.         0.         0.         0.         0.         0.
 0.         0.         0.         0.         0.         0.
 0.         0.         0.         0.         0.         0.
 0.         0.         0.         0.         0.         0.
 0.         0.         0.         0.         0.         0.
 0.         0.         0.         0.         0.         0.
 0.         0.         0.         0.         0.         0.
 0.         0.         0.         0.         0.         0.
 0.         0.         0.         0.         0.         0.
 0.         0.         0.         0.         0.         0.
 0.         0.         0.         0.         0.         0.
 0.         0.         0.         0.         0.         0.
 0.         0.         0.         0.         0.         0.
 0.         0.         0.         0.         0.         0.
 0.         0.         0.         0.         0.         0.
 0.         0.         0.         0.         0.         0.
 0.         0.         0.         0.         0.         0.
 0.         0.         0.         0.         0.         0.
 0.         0.        ]
Normalized importance:  [0.19270873 0.19270873 0.19270873 0.19270873 0.19270873 0.19270873
 0.19270873 1.         1.         1.         1.         1.
 1.         1.         0.         0.         0.         0.
 0.         0.         0.         0.70894916 0.70894916 0.70894916
 0.70894916 0.70894916 0.70894916 0.70894916 0.59496635 0.59496635
 0.59496635 0.59496635 0.59496635 0.59496635 0.59496635 0.7033083
 0.7033083  0.7033083  0.7033083  0.7033083  0.7033083  0.7033083
 0.64499202 0.64499202 0.64499202 0.64499202 0.64499202 0.64499202
 0.64499202 0.4089377  0.4089377  0.4089377  0.4089377  0.4089377
 0.4089377  0.4089377  0.84721607 0.84721607 0.84721607 0.84721607
 0.84721607 0.84721607 0.84721607 0.05532686 0.05532686 0.05532686
 0.05532686 0.05532686 0.05532686 0.05532686 0.         0.
 0.         0.         0.         0.         0.         0.
 0.         0.         0.         0.         0.         0.
 0.         0.         0.02046654 0.         0.         0.
 0.         0.         0.         0.         0.         0.
 0.         0.03220283 0.         0.02368686 0.         0.
 0.         0.         0.         0.         0.         0.
 0.         0.         0.         0.         0.         0.01036965
 0.         0.         0.         0.         0.         0.
 0.         0.         0.         0.         0.         0.
 0.         0.         0.         0.         0.         0.
 0.         0.         0.         0.07499788 0.         0.
 0.         0.         0.         0.         0.         0.
 0.         0.         0.         0.         0.         0.
 0.         0.         0.         0.         0.         0.
 0.         0.         0.         0.         0.         0.
 0.         0.         0.         0.         0.         0.
 0.         0.         0.         0.         0.         0.
 0.         0.         0.         0.         0.14732307 0.
 0.         0.         0.         0.         0.         0.
 0.         0.         0.         0.01260717 0.         0.
 0.         0.         0.         0.         0.         0.
 0.         0.        ]
deepbreaks
y_true:  [0. 0. 0. 0. 0. 0. 0. 1. 1. 1. 1. 1. 1. 1. 0. 0. 0. 0. 0. 0. 0. 1. 1. 1.
 1. 1. 1. 1. 1. 1. 1. 1. 1. 1. 1. 1. 1. 1. 1. 1. 1. 1. 0. 0. 0. 0. 0. 0.
 0. 0. 0. 0. 0. 0. 0. 0. 1. 1. 1. 1. 1. 1. 1. 0. 0. 0. 0. 0. 0. 0. 0. 0.
 0. 0. 0. 0. 0. 0. 0. 0. 0. 0. 0. 0. 0. 0. 0. 0. 0. 0. 0. 0. 0. 0. 0. 0.
 0. 0. 0. 0. 0. 0. 0. 0. 0. 0. 0. 0. 0. 0. 0. 0. 0. 0. 0. 0. 0. 0. 0. 0.
 0. 0. 0. 0. 0. 0. 0. 0. 0. 0. 0. 0. 0. 0. 0. 0. 0. 0. 0. 0. 0. 0. 0. 0.
 0. 0. 0. 0. 0. 0. 0. 0. 0. 0. 0. 0. 0. 0. 0. 0. 0. 0. 0. 0. 0. 0. 0. 0.
 0. 0. 0. 0. 0. 0. 0. 0. 0. 0. 0. 0. 0. 0. 0. 0. 0. 0. 0. 0. 0. 0. 0. 0.
 0. 0. 0. 0. 0. 0. 0. 0.]
y_pred:  [0. 0. 0. 0. 0. 0. 0. 1. 1. 1. 1. 1. 1. 1. 0. 0. 0. 0. 0. 0. 0. 1. 1. 1.
 1. 1. 1. 1. 0. 0. 0. 0. 0. 0. 0. 1. 1. 1. 1. 1. 1. 1. 1. 1. 1. 1. 1. 1.
 1. 0. 0. 0. 0. 0. 0. 0. 1. 1. 1. 1. 1. 1. 1. 0. 0. 0. 0. 0. 0. 0. 0. 0.
 0. 0. 0. 0. 0. 0. 0. 0. 0. 0. 0. 0. 0. 0. 0. 0. 0. 0. 0. 0. 0. 0. 0. 0.
 0. 0. 0. 0. 0. 0. 0. 0. 0. 0. 0. 0. 0. 0. 0. 0. 0. 0. 0. 0. 0. 0. 0. 0.
 0. 0. 0. 0. 0. 0. 0. 0. 0. 0. 0. 0. 0. 0. 0. 0. 0. 0. 0. 0. 0. 0. 0. 0.
 0. 0. 0. 0. 0. 0. 0. 0. 0. 0. 0. 0. 0. 0. 0. 0. 0. 0. 0. 0. 0. 0. 0. 0.
 0. 0. 0. 0. 0. 0. 0. 0. 0. 0. 0. 0. 0. 0. 0. 0. 0. 0. 0. 0. 0. 0. 0. 0.
 0. 0. 0. 0. 0. 0. 0. 0.]
Normalized importance:  [0.53094911 0.39477304 0.3741403  0.60247593 0.         0.42503439
 0.         1.         0.27372765 0.42228336 0.34525447 0.53094911
 0.63686382 0.7647868  0.12269601 0.         0.00832187 0.07180193
 0.20082531 0.1829436  0.         0.95323246 0.46629986 0.48005502
 0.26685007 0.50206327 0.51856946 0.25447043 0.72077029 0.35900963
 0.75928473 0.         0.         0.62448418 0.4607978  0.56396149
 0.49656121 0.53645117 0.48555708 0.34662999 0.29848693 0.36588721
 0.63273728 0.78404402 0.25034388 0.21458047 0.42365887 0.303989
 0.05350757 0.72489684 0.31774415 0.53370014 0.21458047 0.19807428
 0.08707015 0.58184319 0.96836314 0.79504814 0.52407153 0.47730399
 0.4607978  0.17606602 0.18019257 0.15955983 0.25584594 0.16368638
 0.06354883 0.         0.13163686 0.22420908 0.18019257 0.12035763
 0.13383769 0.         0.         0.         0.10866575 0.
 0.         0.27647868 0.01458047 0.12145805 0.24759285 0.09587345
 0.3218707  0.01154058 0.09394773 0.         0.14442916 0.14993122
 0.2352132  0.         0.00841816 0.         0.         0.
 0.19669876 0.39339752 0.20082531 0.50343879 0.02200825 0.
 0.12929849 0.44979367 0.14167813 0.00620358 0.11251719 0.
 0.         0.19532325 0.22971114 0.         0.10343879 0.28473177
 0.         0.15955983 0.00819807 0.         0.         0.0096011
 0.         0.         0.08775791 0.         0.03053645 0.
 0.         0.3301238  0.17881706 0.20632737 0.38927098 0.2434663
 0.         0.12696011 0.22833563 0.434663   0.46217331 0.18707015
 0.         0.04635488 0.09353508 0.         0.         0.1389271
 0.05488308 0.         0.         0.22971114 0.         0.28198074
 0.24071527 0.17331499 0.         0.09889959 0.09353508 0.
 0.09711142 0.         0.         0.         0.09587345 0.12957359
 0.22008253 0.1650619  0.         0.         0.         0.
 0.20770289 0.         0.         0.         0.23658872 0.15818432
 0.         0.07042641 0.303989   0.2778542  0.25034388 0.
 0.01898212 0.24759285 0.05887208 0.         0.12847318 0.18982118
 0.06671252 0.         0.16231087 0.25171939 0.06795048 0.
 0.         0.         0.06066025 0.         0.         0.03053645
 0.         0.        ]
pyseer
y_true:  [0. 0. 0. 0. 0. 0. 0. 1. 1. 1. 1. 1. 1. 1. 0. 0. 0. 0. 0. 0. 0. 1. 1. 1.
 1. 1. 1. 1. 1. 1. 1. 1. 1. 1. 1. 1. 1. 1. 1. 1. 1. 1. 0. 0. 0. 0. 0. 0.
 0. 0. 0. 0. 0. 0. 0. 0. 1. 1. 1. 1. 1. 1. 1. 0. 0. 0. 0. 0. 0. 0. 0. 0.
 0. 0. 0. 0. 0. 0. 0. 0. 0. 0. 0. 0. 0. 0. 0. 0. 0. 0. 0. 0. 0. 0. 0. 0.
 0. 0. 0. 0. 0. 0. 0. 0. 0. 0. 0. 0. 0. 0. 0. 0. 0. 0. 0. 0. 0. 0. 0. 0.
 0. 0. 0. 0. 0. 0. 0. 0. 0. 0. 0. 0. 0. 0. 0. 0. 0. 0. 0. 0. 0. 0. 0. 0.
 0. 0. 0. 0. 0. 0. 0. 0. 0. 0. 0. 0. 0. 0. 0. 0. 0. 0. 0. 0. 0. 0. 0. 0.
 0. 0. 0. 0. 0. 0. 0. 0. 0. 0. 0. 0. 0. 0. 0. 0. 0. 0. 0. 0. 0. 0. 0. 0.
 0. 0. 0. 0. 0. 0. 0. 0.]
y_pred:  [1. 1. 1. 1. 0. 1. 0. 1. 1. 1. 1. 1. 1. 1. 0. 0. 0. 0. 0. 0. 0. 1. 1. 1.
 1. 1. 1. 1. 1. 1. 1. 0. 0. 1. 1. 1. 1. 1. 1. 1. 1. 1. 1. 1. 1. 0. 1. 1.
 0. 1. 1. 1. 0. 0. 0. 1. 1. 1. 1. 1. 1. 0. 0. 0. 1. 0. 0. 0. 0. 1. 0. 0.
 0. 0. 0. 0. 0. 0. 0. 1. 0. 0. 1. 0. 1. 0. 0. 0. 0. 0. 1. 0. 0. 0. 0. 0.
 0. 1. 0. 1. 0. 0. 0. 1. 0. 0. 0. 0. 0. 0. 1. 0. 0. 1. 0. 0. 0. 0. 0. 0.
 0. 0. 0. 0. 0. 0. 0. 1. 0. 0. 1. 1. 0. 0. 1. 1. 1. 0. 0. 0. 0. 0. 0. 0.
 0. 0. 0. 1. 0. 1. 1. 0. 0. 0. 0. 0. 0. 0. 0. 0. 0. 0. 0. 0. 0. 0. 0. 0.
 0. 0. 0. 0. 1. 0. 0. 0. 1. 1. 1. 0. 0. 1. 0. 0. 0. 0. 0. 0. 0. 1. 0. 0.
 0. 0. 0. 0. 0. 0. 0. 0.]
Time taken: 22.085121631622314 seconds
Running combination 29 of 50
Fitting RandomForest...
Fitting Adaboost...
Fitting AdaBoost_2...
Fitting et...
Fitting gbc...
Fitting gbc_2...
Fitting gbc_3...
Fitting dt...
Fitting lr...
Fitting Lasso_1...
Fitting Lasso_2...
Fitting Lasso_3...
Fitting Lasso_4...
Fitting elasticnet...
VCF file created successfully.
pyseer stderr:  Read 1000 phenotypes
Detected continuous phenotype
Reading all variants

0variants [00:00, ?variants/s]
54variants [00:00, 536.74variants/s]
108variants [00:00, 475.02variants/s]
164variants [00:00, 509.46variants/s]
198variants [00:00, 513.19variants/s]
Applying correlation filtering

  0%|          | 0/198 [00:00<?, ?variants/s]
100%|██████████| 198/198 [00:00<00:00, 2725.26variants/s]
Fitting elastic net to top 148 variants
Best penalty (lambda) from cross-validation: 1.15E+01
Best R^2 from cross-validation: 0.501
Finding and printing selected variants
198 loaded variants
50 pre-filtered variants
148 tested variants
137 printed variants

True importance standardized:  [0.42167015 0.42167015 0.42167015 0.42167015 0.42167015 0.42167015
 0.42167015 0.88755006 0.88755006 0.88755006 0.88755006 0.88755006
 0.88755006 0.88755006 0.60048937 0.60048937 0.60048937 0.60048937
 0.60048937 0.60048937 0.60048937 0.25649958 0.25649958 0.25649958
 0.25649958 0.25649958 0.25649958 0.25649958 0.48563082 0.48563082
 0.48563082 0.48563082 0.48563082 0.48563082 0.48563082 0.35261981
 0.35261981 0.35261981 0.35261981 0.35261981 0.35261981 0.35261981
 1.         1.         1.         1.         1.         1.
 1.         0.2238711  0.2238711  0.2238711  0.2238711  0.2238711
 0.2238711  0.2238711  0.59347477 0.59347477 0.59347477 0.59347477
 0.59347477 0.59347477 0.59347477 0.73851444 0.73851444 0.73851444
 0.73851444 0.73851444 0.73851444 0.73851444 0.         0.
 0.         0.         0.         0.         0.         0.
 0.         0.         0.         0.         0.         0.
 0.         0.         0.         0.         0.         0.
 0.         0.         0.         0.         0.         0.
 0.         0.         0.         0.         0.         0.
 0.         0.         0.         0.         0.         0.
 0.         0.         0.         0.         0.         0.
 0.         0.         0.         0.         0.         0.
 0.         0.         0.         0.         0.         0.
 0.         0.         0.         0.         0.         0.
 0.         0.         0.         0.         0.         0.
 0.         0.         0.         0.         0.         0.
 0.         0.         0.         0.         0.         0.
 0.         0.         0.         0.         0.         0.
 0.         0.         0.         0.         0.         0.
 0.         0.         0.         0.         0.         0.
 0.         0.         0.         0.         0.         0.
 0.         0.         0.         0.         0.         0.
 0.         0.         0.         0.         0.         0.
 0.         0.         0.         0.         0.         0.
 0.         0.         0.         0.         0.         0.
 0.         0.        ]
Normalized importance:  [0.29262294 0.29262294 0.29262294 0.29262294 0.29262294 0.29262294
 0.29262294 0.86369716 0.86369716 0.86369716 0.86369716 0.86369716
 0.86369716 0.86369716 0.24851852 0.24851852 0.24851852 0.24851852
 0.24851852 0.24851852 0.24851852 0.06865431 0.         0.
 0.         0.         0.06865431 0.         0.34667212 0.34667212
 0.34667212 0.34667212 0.34667212 0.34667212 0.34667212 0.31086789
 0.31086789 0.31086789 0.31086789 0.31086789 0.31086789 0.31086789
 1.         1.         1.         1.         1.         1.
 1.         0.03330936 0.03330936 0.         0.         0.03330936
 0.         0.         0.62465374 0.62465374 0.62465374 0.62465374
 0.62465374 0.62465374 0.62465374 0.54783287 0.54783287 0.54783287
 0.54783287 0.54783287 0.54783287 0.54783287 0.         0.
 0.         0.         0.         0.         0.         0.
 0.         0.02701484 0.         0.         0.         0.
 0.         0.         0.         0.0277434  0.         0.
 0.         0.         0.         0.01358306 0.         0.
 0.         0.02284704 0.         0.         0.         0.00595355
 0.         0.         0.         0.         0.         0.
 0.         0.         0.         0.         0.         0.
 0.         0.         0.         0.         0.         0.
 0.         0.         0.         0.         0.         0.
 0.         0.         0.         0.         0.         0.
 0.         0.         0.         0.         0.         0.
 0.         0.         0.         0.         0.         0.
 0.         0.         0.         0.         0.         0.
 0.         0.         0.         0.         0.         0.
 0.         0.         0.         0.         0.03539439 0.
 0.         0.         0.         0.         0.         0.
 0.         0.         0.         0.         0.         0.02222273
 0.         0.         0.         0.         0.         0.
 0.         0.         0.         0.         0.         0.
 0.03566302 0.         0.         0.         0.         0.
 0.         0.         0.         0.         0.         0.02259659
 0.         0.        ]
deepbreaks
y_true:  [0. 0. 0. 0. 0. 0. 0. 1. 1. 1. 1. 1. 1. 1. 1. 1. 1. 1. 1. 1. 1. 0. 0. 0.
 0. 0. 0. 0. 0. 0. 0. 0. 0. 0. 0. 0. 0. 0. 0. 0. 0. 0. 1. 1. 1. 1. 1. 1.
 1. 0. 0. 0. 0. 0. 0. 0. 1. 1. 1. 1. 1. 1. 1. 1. 1. 1. 1. 1. 1. 1. 0. 0.
 0. 0. 0. 0. 0. 0. 0. 0. 0. 0. 0. 0. 0. 0. 0. 0. 0. 0. 0. 0. 0. 0. 0. 0.
 0. 0. 0. 0. 0. 0. 0. 0. 0. 0. 0. 0. 0. 0. 0. 0. 0. 0. 0. 0. 0. 0. 0. 0.
 0. 0. 0. 0. 0. 0. 0. 0. 0. 0. 0. 0. 0. 0. 0. 0. 0. 0. 0. 0. 0. 0. 0. 0.
 0. 0. 0. 0. 0. 0. 0. 0. 0. 0. 0. 0. 0. 0. 0. 0. 0. 0. 0. 0. 0. 0. 0. 0.
 0. 0. 0. 0. 0. 0. 0. 0. 0. 0. 0. 0. 0. 0. 0. 0. 0. 0. 0. 0. 0. 0. 0. 0.
 0. 0. 0. 0. 0. 0. 0. 0.]
y_pred:  [0. 0. 0. 0. 0. 0. 0. 1. 1. 1. 1. 1. 1. 1. 0. 0. 0. 0. 0. 0. 0. 0. 0. 0.
 0. 0. 0. 0. 1. 1. 1. 1. 1. 1. 1. 0. 0. 0. 0. 0. 0. 0. 1. 1. 1. 1. 1. 1.
 1. 0. 0. 0. 0. 0. 0. 0. 1. 1. 1. 1. 1. 1. 1. 1. 1. 1. 1. 1. 1. 1. 0. 0.
 0. 0. 0. 0. 0. 0. 0. 0. 0. 0. 0. 0. 0. 0. 0. 0. 0. 0. 0. 0. 0. 0. 0. 0.
 0. 0. 0. 0. 0. 0. 0. 0. 0. 0. 0. 0. 0. 0. 0. 0. 0. 0. 0. 0. 0. 0. 0. 0.
 0. 0. 0. 0. 0. 0. 0. 0. 0. 0. 0. 0. 0. 0. 0. 0. 0. 0. 0. 0. 0. 0. 0. 0.
 0. 0. 0. 0. 0. 0. 0. 0. 0. 0. 0. 0. 0. 0. 0. 0. 0. 0. 0. 0. 0. 0. 0. 0.
 0. 0. 0. 0. 0. 0. 0. 0. 0. 0. 0. 0. 0. 0. 0. 0. 0. 0. 0. 0. 0. 0. 0. 0.
 0. 0. 0. 0. 0. 0. 0. 0.]
Normalized importance:  [0.44827586 0.34051724 0.         0.53232759 0.2137931  0.17521552
 0.05043103 1.         0.5625     0.17392241 0.33836207 0.52586207
 0.39224138 0.12931034 0.49784483 0.22413793 0.26077586 0.
 0.35991379 0.33405172 0.21142241 0.23060345 0.06594828 0.03340517
 0.         0.22198276 0.17306034 0.02079741 0.4762931  0.30387931
 0.44612069 0.08728448 0.30387931 0.28232759 0.24568966 0.39439655
 0.36853448 0.46336207 0.12823276 0.06400862 0.20344828 0.
 0.92025862 0.69181034 0.50215517 0.80387931 0.40517241 0.
 0.25431034 0.06961207 0.18383621 0.03491379 0.05689655 0.28017241
 0.05366379 0.04224138 0.67025862 0.22198276 0.39655172 0.16982759
 0.29094828 0.1825431  0.4612069  0.79525862 0.24353448 0.3125
 0.13965517 0.19590517 0.25646552 0.41163793 0.         0.09116379
 0.025      0.         0.         0.03599138 0.         0.10668103
 0.13060345 0.19956897 0.07435345 0.         0.         0.
 0.         0.         0.         0.08491379 0.         0.0875
 0.         0.         0.15818966 0.14698276 0.07456897 0.
 0.07650862 0.28232759 0.         0.         0.09288793 0.05086207
 0.11293103 0.08556034 0.         0.18189655 0.25431034 0.06896552
 0.02       0.10581897 0.21767241 0.02607759 0.14224138 0.16271552
 0.         0.         0.07801724 0.25862069 0.         0.07349138
 0.         0.         0.         0.         0.21271552 0.
 0.20840517 0.         0.23491379 0.         0.13814655 0.1875
 0.         0.15107759 0.         0.         0.14935345 0.25215517
 0.23060345 0.32758621 0.04762931 0.         0.08728448 0.
 0.07090517 0.         0.05668103 0.         0.         0.0700431
 0.         0.         0.         0.17262931 0.         0.03922414
 0.         0.04461207 0.24568966 0.12737069 0.21185345 0.11228448
 0.         0.         0.09008621 0.         0.         0.05064655
 0.         0.         0.01338362 0.25       0.24568966 0.01456897
 0.         0.05517241 0.26077586 0.         0.27586207 0.
 0.         0.         0.         0.18512931 0.         0.
 0.24137931 0.         0.25       0.00239224 0.11810345 0.26724138
 0.         0.04008621 0.17198276 0.2262931  0.1325431  0.25431034
 0.         0.        ]
pyseer
y_true:  [0. 0. 0. 0. 0. 0. 0. 1. 1. 1. 1. 1. 1. 1. 1. 1. 1. 1. 1. 1. 1. 0. 0. 0.
 0. 0. 0. 0. 0. 0. 0. 0. 0. 0. 0. 0. 0. 0. 0. 0. 0. 0. 1. 1. 1. 1. 1. 1.
 1. 0. 0. 0. 0. 0. 0. 0. 1. 1. 1. 1. 1. 1. 1. 1. 1. 1. 1. 1. 1. 1. 0. 0.
 0. 0. 0. 0. 0. 0. 0. 0. 0. 0. 0. 0. 0. 0. 0. 0. 0. 0. 0. 0. 0. 0. 0. 0.
 0. 0. 0. 0. 0. 0. 0. 0. 0. 0. 0. 0. 0. 0. 0. 0. 0. 0. 0. 0. 0. 0. 0. 0.
 0. 0. 0. 0. 0. 0. 0. 0. 0. 0. 0. 0. 0. 0. 0. 0. 0. 0. 0. 0. 0. 0. 0. 0.
 0. 0. 0. 0. 0. 0. 0. 0. 0. 0. 0. 0. 0. 0. 0. 0. 0. 0. 0. 0. 0. 0. 0. 0.
 0. 0. 0. 0. 0. 0. 0. 0. 0. 0. 0. 0. 0. 0. 0. 0. 0. 0. 0. 0. 0. 0. 0. 0.
 0. 0. 0. 0. 0. 0. 0. 0.]
y_pred:  [1. 1. 0. 1. 1. 0. 0. 1. 1. 0. 1. 1. 1. 0. 1. 1. 1. 0. 1. 1. 1. 1. 0. 0.
 0. 1. 0. 0. 1. 1. 1. 0. 1. 1. 1. 1. 1. 1. 0. 0. 1. 0. 1. 1. 1. 1. 1. 0.
 1. 0. 0. 0. 0. 1. 0. 0. 1. 1. 1. 0. 1. 0. 1. 1. 1. 1. 0. 1. 1. 1. 0. 0.
 0. 0. 0. 0. 0. 0. 0. 1. 0. 0. 0. 0. 0. 0. 0. 0. 0. 0. 0. 0. 0. 0. 0. 0.
 0. 1. 0. 0. 0. 0. 0. 0. 0. 0. 1. 0. 0. 0. 1. 0. 0. 0. 0. 0. 0. 1. 0. 0.
 0. 0. 0. 0. 1. 0. 1. 0. 1. 0. 0. 1. 0. 0. 0. 0. 0. 1. 1. 1. 0. 0. 0. 0.
 0. 0. 0. 0. 0. 0. 0. 0. 0. 0. 0. 0. 0. 0. 1. 0. 1. 0. 0. 0. 0. 0. 0. 0.
 0. 0. 0. 1. 1. 0. 0. 0. 1. 0. 1. 0. 0. 0. 0. 1. 0. 0. 1. 0. 1. 0. 0. 1.
 0. 0. 0. 1. 0. 1. 0. 0.]
Time taken: 22.53341054916382 seconds
Running combination 30 of 50
Fitting RandomForest...
Fitting Adaboost...
Fitting AdaBoost_2...
Fitting et...
Fitting gbc...
Fitting gbc_2...
Fitting gbc_3...
Fitting dt...
Fitting lr...
Fitting Lasso_1...
Fitting Lasso_2...
Fitting Lasso_3...
Fitting Lasso_4...
Fitting elasticnet...
VCF file created successfully.
pyseer stderr:  Read 1000 phenotypes
Detected continuous phenotype
Reading all variants

0variants [00:00, ?variants/s]
54variants [00:00, 534.74variants/s]
108variants [00:00, 473.34variants/s]
164variants [00:00, 507.29variants/s]
198variants [00:00, 511.83variants/s]
Applying correlation filtering

  0%|          | 0/198 [00:00<?, ?variants/s]
100%|██████████| 198/198 [00:00<00:00, 2639.75variants/s]
Fitting elastic net to top 148 variants
Best penalty (lambda) from cross-validation: 9.31E+00
Best R^2 from cross-validation: 0.511
Finding and printing selected variants
198 loaded variants
50 pre-filtered variants
148 tested variants
141 printed variants

True importance standardized:  [0.5663893  0.5663893  0.5663893  0.5663893  0.5663893  0.5663893
 0.5663893  0.60684753 0.60684753 0.60684753 0.60684753 0.60684753
 0.60684753 0.60684753 0.53463692 0.53463692 0.53463692 0.53463692
 0.53463692 0.53463692 0.53463692 0.71854542 0.71854542 0.71854542
 0.71854542 0.71854542 0.71854542 0.71854542 0.67138159 0.67138159
 0.67138159 0.67138159 0.67138159 0.67138159 0.67138159 0.50547331
 0.50547331 0.50547331 0.50547331 0.50547331 0.50547331 0.50547331
 0.50509398 0.50509398 0.50509398 0.50509398 0.50509398 0.50509398
 0.50509398 0.7432608  0.7432608  0.7432608  0.7432608  0.7432608
 0.7432608  0.7432608  0.7194141  0.7194141  0.7194141  0.7194141
 0.7194141  0.7194141  0.7194141  1.         1.         1.
 1.         1.         1.         1.         0.         0.
 0.         0.         0.         0.         0.         0.
 0.         0.         0.         0.         0.         0.
 0.         0.         0.         0.         0.         0.
 0.         0.         0.         0.         0.         0.
 0.         0.         0.         0.         0.         0.
 0.         0.         0.         0.         0.         0.
 0.         0.         0.         0.         0.         0.
 0.         0.         0.         0.         0.         0.
 0.         0.         0.         0.         0.         0.
 0.         0.         0.         0.         0.         0.
 0.         0.         0.         0.         0.         0.
 0.         0.         0.         0.         0.         0.
 0.         0.         0.         0.         0.         0.
 0.         0.         0.         0.         0.         0.
 0.         0.         0.         0.         0.         0.
 0.         0.         0.         0.         0.         0.
 0.         0.         0.         0.         0.         0.
 0.         0.         0.         0.         0.         0.
 0.         0.         0.         0.         0.         0.
 0.         0.         0.         0.         0.         0.
 0.         0.         0.         0.         0.         0.
 0.         0.        ]
Normalized importance:  [0.26056022 0.26056022 0.26056022 0.26056022 0.26056022 0.26056022
 0.26056022 0.24784217 0.24784217 0.24784217 0.24784217 0.24784217
 0.24784217 0.24784217 0.43420983 0.43420983 0.43420983 0.43420983
 0.43420983 0.43420983 0.43420983 0.44363534 0.44363534 0.44363534
 0.44363534 0.44363534 0.44363534 0.44363534 0.58205159 0.58205159
 0.58205159 0.58205159 0.58205159 0.58205159 0.58205159 0.49032151
 0.49032151 0.49032151 0.49032151 0.49032151 0.49032151 0.49032151
 0.33721086 0.33721086 0.33721086 0.33721086 0.33721086 0.33721086
 0.33721086 0.40520762 0.40520762 0.40520762 0.40520762 0.40520762
 0.40520762 0.40520762 0.53655439 0.53655439 0.53655439 0.53655439
 0.53655439 0.53655439 0.53655439 1.         1.         1.
 1.         1.         1.         1.         0.         0.
 0.         0.         0.         0.         0.         0.
 0.         0.         0.         0.         0.         0.
 0.         0.         0.         0.         0.         0.
 0.         0.         0.         0.         0.         0.
 0.         0.01803951 0.03655692 0.         0.         0.
 0.         0.         0.         0.         0.         0.
 0.         0.         0.         0.         0.         0.
 0.         0.         0.         0.         0.         0.
 0.         0.         0.         0.         0.         0.
 0.         0.         0.         0.         0.         0.
 0.         0.         0.         0.         0.         0.
 0.01686798 0.         0.         0.         0.         0.
 0.         0.         0.         0.         0.00983502 0.
 0.         0.         0.         0.         0.         0.
 0.         0.         0.         0.         0.         0.
 0.         0.         0.         0.         0.         0.
 0.         0.         0.         0.         0.         0.
 0.         0.         0.         0.         0.         0.
 0.         0.         0.03449829 0.         0.         0.
 0.         0.         0.         0.         0.         0.
 0.         0.         0.         0.         0.         0.
 0.         0.        ]
deepbreaks
y_true:  [0. 0. 0. 0. 0. 0. 0. 0. 0. 0. 0. 0. 0. 0. 0. 0. 0. 0. 0. 0. 0. 1. 1. 1.
 1. 1. 1. 1. 1. 1. 1. 1. 1. 1. 1. 0. 0. 0. 0. 0. 0. 0. 0. 0. 0. 0. 0. 0.
 0. 1. 1. 1. 1. 1. 1. 1. 1. 1. 1. 1. 1. 1. 1. 1. 1. 1. 1. 1. 1. 1. 0. 0.
 0. 0. 0. 0. 0. 0. 0. 0. 0. 0. 0. 0. 0. 0. 0. 0. 0. 0. 0. 0. 0. 0. 0. 0.
 0. 0. 0. 0. 0. 0. 0. 0. 0. 0. 0. 0. 0. 0. 0. 0. 0. 0. 0. 0. 0. 0. 0. 0.
 0. 0. 0. 0. 0. 0. 0. 0. 0. 0. 0. 0. 0. 0. 0. 0. 0. 0. 0. 0. 0. 0. 0. 0.
 0. 0. 0. 0. 0. 0. 0. 0. 0. 0. 0. 0. 0. 0. 0. 0. 0. 0. 0. 0. 0. 0. 0. 0.
 0. 0. 0. 0. 0. 0. 0. 0. 0. 0. 0. 0. 0. 0. 0. 0. 0. 0. 0. 0. 0. 0. 0. 0.
 0. 0. 0. 0. 0. 0. 0. 0.]
y_pred:  [0. 0. 0. 0. 0. 0. 0. 0. 0. 0. 0. 0. 0. 0. 1. 1. 1. 1. 1. 1. 1. 1. 1. 1.
 1. 1. 1. 1. 1. 1. 1. 1. 1. 1. 1. 1. 1. 1. 1. 1. 1. 1. 0. 0. 0. 0. 0. 0.
 0. 0. 0. 0. 0. 0. 0. 0. 1. 1. 1. 1. 1. 1. 1. 1. 1. 1. 1. 1. 1. 1. 0. 0.
 0. 0. 0. 0. 0. 0. 0. 0. 0. 0. 0. 0. 0. 0. 0. 0. 0. 0. 0. 0. 0. 0. 0. 0.
 0. 0. 0. 0. 0. 0. 0. 0. 0. 0. 0. 0. 0. 0. 0. 0. 0. 0. 0. 0. 0. 0. 0. 0.
 0. 0. 0. 0. 0. 0. 0. 0. 0. 0. 0. 0. 0. 0. 0. 0. 0. 0. 0. 0. 0. 0. 0. 0.
 0. 0. 0. 0. 0. 0. 0. 0. 0. 0. 0. 0. 0. 0. 0. 0. 0. 0. 0. 0. 0. 0. 0. 0.
 0. 0. 0. 0. 0. 0. 0. 0. 0. 0. 0. 0. 0. 0. 0. 0. 0. 0. 0. 0. 0. 0. 0. 0.
 0. 0. 0. 0. 0. 0. 0. 0.]
Normalized importance:  [0.50571429 0.         0.03057143 0.12285714 0.38571429 0.44285714
 0.32285714 0.41714286 0.13685714 0.29714286 0.08742857 0.25628571
 0.29714286 0.39142857 0.53428571 0.04228571 0.08228571 0.48285714
 0.         0.21914286 0.24257143 0.48857143 0.44857143 0.08171429
 0.29714286 0.34571429 0.14542857 0.53714286 0.62285714 0.20114286
 0.37714286 0.30285714 0.42857143 0.15085714 0.05142857 0.57714286
 0.25942857 0.42285714 0.16542857 0.07       0.39714286 0.
 0.36       0.32       0.23028571 0.18057143 0.39142857 0.19771429
 0.10428571 0.58857143 0.162      0.264      0.16171429 0.32857143
 0.21457143 0.46285714 0.71428571 0.034      0.226      0.27942857
 0.32       0.20885714 0.38       1.         0.60285714 0.37142857
 0.47142857 0.18314286 0.39428571 0.36285714 0.         0.16771429
 0.025      0.         0.002      0.         0.         0.08285714
 0.         0.         0.13314286 0.038      0.12342857 0.23
 0.04628571 0.         0.01985714 0.106      0.42285714 0.
 0.246      0.096      0.07114286 0.         0.19885714 0.11114286
 0.         0.01868571 0.01162857 0.098      0.         0.
 0.         0.05142857 0.         0.24142857 0.12371429 0.07914286
 0.21914286 0.         0.236      0.07371429 0.11714286 0.
 0.         0.00232    0.         0.07171429 0.         0.
 0.         0.         0.         0.06457143 0.222      0.
 0.04       0.02125714 0.26       0.13885714 0.19771429 0.
 0.09771429 0.18628571 0.11       0.         0.186      0.02817143
 0.17142857 0.         0.136      0.         0.15857143 0.
 0.         0.         0.         0.10485714 0.15371429 0.
 0.062      0.28485714 0.06971429 0.         0.05771429 0.
 0.08371429 0.         0.14742857 0.05885714 0.32571429 0.08
 0.         0.34571429 0.11628571 0.         0.         0.02822857
 0.19028571 0.         0.04457143 0.         0.         0.08685714
 0.08142857 0.         0.14285714 0.14257143 0.         0.
 0.         0.         0.154      0.         0.32857143 0.02942857
 0.20428571 0.06971429 0.         0.         0.2        0.15428571
 0.         0.         0.164      0.         0.18514286 0.
 0.         0.        ]
pyseer
y_true:  [0. 0. 0. 0. 0. 0. 0. 0. 0. 0. 0. 0. 0. 0. 0. 0. 0. 0. 0. 0. 0. 1. 1. 1.
 1. 1. 1. 1. 1. 1. 1. 1. 1. 1. 1. 0. 0. 0. 0. 0. 0. 0. 0. 0. 0. 0. 0. 0.
 0. 1. 1. 1. 1. 1. 1. 1. 1. 1. 1. 1. 1. 1. 1. 1. 1. 1. 1. 1. 1. 1. 0. 0.
 0. 0. 0. 0. 0. 0. 0. 0. 0. 0. 0. 0. 0. 0. 0. 0. 0. 0. 0. 0. 0. 0. 0. 0.
 0. 0. 0. 0. 0. 0. 0. 0. 0. 0. 0. 0. 0. 0. 0. 0. 0. 0. 0. 0. 0. 0. 0. 0.
 0. 0. 0. 0. 0. 0. 0. 0. 0. 0. 0. 0. 0. 0. 0. 0. 0. 0. 0. 0. 0. 0. 0. 0.
 0. 0. 0. 0. 0. 0. 0. 0. 0. 0. 0. 0. 0. 0. 0. 0. 0. 0. 0. 0. 0. 0. 0. 0.
 0. 0. 0. 0. 0. 0. 0. 0. 0. 0. 0. 0. 0. 0. 0. 0. 0. 0. 0. 0. 0. 0. 0. 0.
 0. 0. 0. 0. 0. 0. 0. 0.]
y_pred:  [1. 0. 0. 0. 1. 1. 1. 1. 0. 1. 0. 1. 1. 1. 1. 0. 0. 1. 0. 1. 1. 1. 1. 0.
 1. 1. 0. 1. 1. 1. 1. 1. 1. 0. 0. 1. 1. 1. 0. 0. 1. 0. 1. 1. 1. 1. 1. 1.
 0. 1. 0. 1. 0. 1. 1. 1. 1. 0. 1. 1. 1. 1. 1. 1. 1. 1. 1. 1. 1. 1. 0. 0.
 0. 0. 0. 0. 0. 0. 0. 0. 0. 0. 0. 1. 0. 0. 0. 0. 1. 0. 1. 0. 0. 0. 1. 0.
 0. 0. 0. 0. 0. 0. 0. 0. 0. 1. 0. 0. 1. 0. 1. 0. 0. 0. 0. 0. 0. 0. 0. 0.
 0. 0. 0. 0. 1. 0. 0. 0. 1. 0. 1. 0. 0. 1. 0. 0. 1. 0. 0. 0. 0. 0. 0. 0.
 0. 0. 0. 0. 0. 0. 0. 1. 0. 0. 0. 0. 0. 0. 0. 0. 1. 0. 0. 1. 0. 0. 0. 0.
 1. 0. 0. 0. 0. 0. 0. 0. 0. 0. 0. 0. 0. 0. 0. 0. 1. 0. 1. 0. 0. 0. 1. 0.
 0. 0. 0. 0. 1. 0. 0. 0.]
Time taken: 22.640578985214233 seconds
Running combination 31 of 50
Fitting RandomForest...
Fitting Adaboost...
Fitting AdaBoost_2...
Fitting et...
Fitting gbc...
Fitting gbc_2...
Fitting gbc_3...
Fitting dt...
Fitting lr...
Fitting Lasso_1...
Fitting Lasso_2...
Fitting Lasso_3...
Fitting Lasso_4...
Fitting elasticnet...
VCF file created successfully.
pyseer stderr:  Read 1000 phenotypes
Detected continuous phenotype
Reading all variants

0variants [00:00, ?variants/s]
56variants [00:00, 551.13variants/s]
112variants [00:00, 476.22variants/s]
168variants [00:00, 510.97variants/s]
198variants [00:00, 513.74variants/s]
Applying correlation filtering

  0%|          | 0/198 [00:00<?, ?variants/s]
100%|██████████| 198/198 [00:00<00:00, 2631.48variants/s]
Fitting elastic net to top 148 variants
Best penalty (lambda) from cross-validation: 3.08E+01
Best R^2 from cross-validation: 0.489
Finding and printing selected variants
198 loaded variants
50 pre-filtered variants
148 tested variants
133 printed variants

True importance standardized:  [0.91708436 0.91708436 0.91708436 0.91708436 0.91708436 0.91708436
 0.91708436 0.50729809 0.50729809 0.50729809 0.50729809 0.50729809
 0.50729809 0.50729809 0.99189193 0.99189193 0.99189193 0.99189193
 0.99189193 0.99189193 0.99189193 0.11717241 0.11717241 0.11717241
 0.11717241 0.11717241 0.11717241 0.11717241 1.         1.
 1.         1.         1.         1.         1.         0.62198734
 0.62198734 0.62198734 0.62198734 0.62198734 0.62198734 0.62198734
 0.31281452 0.31281452 0.31281452 0.31281452 0.31281452 0.31281452
 0.31281452 0.29781537 0.29781537 0.29781537 0.29781537 0.29781537
 0.29781537 0.29781537 0.31837138 0.31837138 0.31837138 0.31837138
 0.31837138 0.31837138 0.31837138 0.62394951 0.62394951 0.62394951
 0.62394951 0.62394951 0.62394951 0.62394951 0.         0.
 0.         0.         0.         0.         0.         0.
 0.         0.         0.         0.         0.         0.
 0.         0.         0.         0.         0.         0.
 0.         0.         0.         0.         0.         0.
 0.         0.         0.         0.         0.         0.
 0.         0.         0.         0.         0.         0.
 0.         0.         0.         0.         0.         0.
 0.         0.         0.         0.         0.         0.
 0.         0.         0.         0.         0.         0.
 0.         0.         0.         0.         0.         0.
 0.         0.         0.         0.         0.         0.
 0.         0.         0.         0.         0.         0.
 0.         0.         0.         0.         0.         0.
 0.         0.         0.         0.         0.         0.
 0.         0.         0.         0.         0.         0.
 0.         0.         0.         0.         0.         0.
 0.         0.         0.         0.         0.         0.
 0.         0.         0.         0.         0.         0.
 0.         0.         0.         0.         0.         0.
 0.         0.         0.         0.         0.         0.
 0.         0.         0.         0.         0.         0.
 0.         0.        ]
Normalized importance:  [1.         1.         1.         1.         1.         1.
 1.         0.34932024 0.34932024 0.34932024 0.34932024 0.34932024
 0.34932024 0.34932024 0.9396792  0.9396792  0.9396792  0.9396792
 0.9396792  0.9396792  0.9396792  0.0177183  0.0177183  0.
 0.         0.0177183  0.         0.         0.92707486 0.92707486
 0.92707486 0.92707486 0.92707486 0.92707486 0.92707486 0.57676424
 0.57676424 0.57676424 0.57676424 0.57676424 0.57676424 0.57676424
 0.08525292 0.08525292 0.         0.         0.         0.
 0.         0.         0.05099521 0.         0.01718683 0.
 0.         0.         0.4454182  0.4454182  0.4454182  0.4454182
 0.4454182  0.4454182  0.4454182  0.42900345 0.42900345 0.42900345
 0.42900345 0.42900345 0.42900345 0.42900345 0.0154329  0.
 0.         0.01296195 0.         0.         0.         0.
 0.01085405 0.         0.         0.         0.0225249  0.
 0.         0.         0.         0.         0.         0.
 0.         0.         0.         0.         0.         0.01977488
 0.         0.05932405 0.         0.         0.0496387  0.
 0.02816448 0.         0.         0.         0.         0.
 0.         0.         0.         0.03056743 0.         0.
 0.         0.         0.         0.         0.         0.
 0.         0.         0.         0.         0.         0.
 0.         0.         0.         0.02199113 0.         0.02364671
 0.         0.         0.         0.         0.         0.
 0.         0.         0.         0.         0.         0.
 0.         0.         0.         0.         0.         0.
 0.         0.         0.         0.         0.         0.
 0.03696644 0.         0.01771539 0.         0.         0.00498475
 0.         0.         0.         0.         0.         0.
 0.         0.         0.         0.         0.         0.
 0.         0.         0.         0.         0.         0.01464497
 0.         0.         0.         0.         0.         0.
 0.         0.         0.         0.         0.         0.03283506
 0.         0.         0.         0.         0.01560808 0.
 0.         0.        ]
deepbreaks
y_true:  [1. 1. 1. 1. 1. 1. 1. 0. 0. 0. 0. 0. 0. 0. 1. 1. 1. 1. 1. 1. 1. 0. 0. 0.
 0. 0. 0. 0. 1. 1. 1. 1. 1. 1. 1. 1. 1. 1. 1. 1. 1. 1. 0. 0. 0. 0. 0. 0.
 0. 0. 0. 0. 0. 0. 0. 0. 0. 0. 0. 0. 0. 0. 0. 1. 1. 1. 1. 1. 1. 1. 0. 0.
 0. 0. 0. 0. 0. 0. 0. 0. 0. 0. 0. 0. 0. 0. 0. 0. 0. 0. 0. 0. 0. 0. 0. 0.
 0. 0. 0. 0. 0. 0. 0. 0. 0. 0. 0. 0. 0. 0. 0. 0. 0. 0. 0. 0. 0. 0. 0. 0.
 0. 0. 0. 0. 0. 0. 0. 0. 0. 0. 0. 0. 0. 0. 0. 0. 0. 0. 0. 0. 0. 0. 0. 0.
 0. 0. 0. 0. 0. 0. 0. 0. 0. 0. 0. 0. 0. 0. 0. 0. 0. 0. 0. 0. 0. 0. 0. 0.
 0. 0. 0. 0. 0. 0. 0. 0. 0. 0. 0. 0. 0. 0. 0. 0. 0. 0. 0. 0. 0. 0. 0. 0.
 0. 0. 0. 0. 0. 0. 0. 0.]
y_pred:  [1. 1. 1. 1. 1. 1. 1. 0. 0. 0. 0. 0. 0. 0. 1. 1. 1. 1. 1. 1. 1. 0. 0. 0.
 0. 0. 0. 0. 1. 1. 1. 1. 1. 1. 1. 1. 1. 1. 1. 1. 1. 1. 0. 0. 0. 0. 0. 0.
 0. 0. 0. 0. 0. 0. 0. 0. 1. 1. 1. 1. 1. 1. 1. 1. 1. 1. 1. 1. 1. 1. 0. 0.
 0. 0. 0. 0. 0. 0. 0. 0. 0. 0. 0. 0. 0. 0. 0. 0. 0. 0. 0. 0. 0. 0. 0. 0.
 0. 0. 0. 0. 0. 0. 0. 0. 0. 0. 0. 0. 0. 0. 0. 0. 0. 0. 0. 0. 0. 0. 0. 0.
 0. 0. 0. 0. 0. 0. 0. 0. 0. 0. 0. 0. 0. 0. 0. 0. 0. 0. 0. 0. 0. 0. 0. 0.
 0. 0. 0. 0. 0. 0. 0. 0. 0. 0. 0. 0. 0. 0. 0. 0. 0. 0. 0. 0. 0. 0. 0. 0.
 0. 0. 0. 0. 0. 0. 0. 0. 0. 0. 0. 0. 0. 0. 0. 0. 0. 0. 0. 0. 0. 0. 0. 0.
 0. 0. 0. 0. 0. 0. 0. 0.]
Normalized importance:  [1.         0.25205931 0.63426689 0.14003295 0.53706755 0.68863262
 0.82866557 0.51894563 0.21252059 0.         0.41515651 0.49093904
 0.40691928 0.40032949 0.94563427 0.64579901 0.53871499 0.60790774
 0.60955519 0.43657331 0.54200988 0.17792422 0.04678748 0.21252059
 0.14036244 0.28500824 0.         0.0130313  0.86655684 0.60790774
 0.1416804  0.39044481 0.87314662 0.60131796 0.61120264 0.75782537
 0.3937397  0.41515651 0.30971993 0.52718287 0.38385502 0.29489292
 0.34925865 0.42174629 0.2339374  0.         0.19769357 0.32289951
 0.07726524 0.         0.24052718 0.         0.13920923 0.
 0.         0.1416804  0.72817133 0.31301483 0.51894563 0.10971993
 0.21252059 0.17462932 0.41021417 0.64085667 0.41680395 0.34596376
 0.33443163 0.14069193 0.5107084  0.65403624 0.33772652 0.
 0.         0.2092257  0.05041186 0.         0.18121911 0.
 0.         0.         0.         0.         0.38385502 0.
 0.13591433 0.11202636 0.         0.         0.         0.
 0.24876442 0.         0.         0.1601318  0.         0.32454695
 0.         0.06293245 0.         0.00546952 0.30642504 0.12174629
 0.276771   0.         0.3509061  0.02998353 0.         0.184514
 0.13723229 0.         0.         0.41186161 0.03080725 0.23723229
 0.05041186 0.17627677 0.         0.04069193 0.09934102 0.09489292
 0.0723229  0.02701812 0.         0.         0.08204283 0.15321252
 0.12965404 0.17627677 0.0970346  0.28830313 0.16639209 0.49588138
 0.         0.09341021 0.0675453  0.         0.22899506 0.11482702
 0.         0.         0.         0.07792422 0.13031301 0.
 0.23723229 0.         0.18945634 0.15140033 0.         0.2339374
 0.15799012 0.         0.         0.14184514 0.07775947 0.
 0.26853377 0.27018122 0.24217463 0.         0.         0.20428336
 0.21911038 0.         0.         0.         0.         0.
 0.         0.         0.         0.         0.07166392 0.
 0.1121911  0.2800659  0.         0.         0.15617792 0.41021417
 0.         0.         0.         0.         0.09719934 0.30642504
 0.17792422 0.         0.21252059 0.         0.11663921 0.27512356
 0.         0.24382208 0.         0.05255354 0.49752883 0.21416804
 0.         0.        ]
pyseer
y_true:  [1. 1. 1. 1. 1. 1. 1. 0. 0. 0. 0. 0. 0. 0. 1. 1. 1. 1. 1. 1. 1. 0. 0. 0.
 0. 0. 0. 0. 1. 1. 1. 1. 1. 1. 1. 1. 1. 1. 1. 1. 1. 1. 0. 0. 0. 0. 0. 0.
 0. 0. 0. 0. 0. 0. 0. 0. 0. 0. 0. 0. 0. 0. 0. 1. 1. 1. 1. 1. 1. 1. 0. 0.
 0. 0. 0. 0. 0. 0. 0. 0. 0. 0. 0. 0. 0. 0. 0. 0. 0. 0. 0. 0. 0. 0. 0. 0.
 0. 0. 0. 0. 0. 0. 0. 0. 0. 0. 0. 0. 0. 0. 0. 0. 0. 0. 0. 0. 0. 0. 0. 0.
 0. 0. 0. 0. 0. 0. 0. 0. 0. 0. 0. 0. 0. 0. 0. 0. 0. 0. 0. 0. 0. 0. 0. 0.
 0. 0. 0. 0. 0. 0. 0. 0. 0. 0. 0. 0. 0. 0. 0. 0. 0. 0. 0. 0. 0. 0. 0. 0.
 0. 0. 0. 0. 0. 0. 0. 0. 0. 0. 0. 0. 0. 0. 0. 0. 0. 0. 0. 0. 0. 0. 0. 0.
 0. 0. 0. 0. 0. 0. 0. 0.]
y_pred:  [1. 1. 1. 0. 1. 1. 1. 1. 0. 0. 1. 1. 1. 1. 1. 1. 1. 1. 1. 1. 1. 0. 0. 0.
 0. 1. 0. 0. 1. 1. 0. 1. 1. 1. 1. 1. 1. 1. 1. 1. 1. 1. 1. 1. 0. 0. 0. 1.
 0. 0. 1. 0. 0. 0. 0. 0. 1. 1. 1. 0. 0. 0. 1. 1. 1. 1. 1. 0. 1. 1. 1. 0.
 0. 0. 0. 0. 0. 0. 0. 0. 0. 0. 1. 0. 0. 0. 0. 0. 0. 0. 1. 0. 0. 0. 0. 1.
 0. 0. 0. 0. 1. 0. 1. 0. 1. 0. 0. 0. 0. 0. 0. 1. 0. 1. 0. 0. 0. 0. 0. 0.
 0. 0. 0. 0. 0. 0. 0. 0. 0. 1. 0. 1. 0. 0. 0. 0. 0. 0. 0. 0. 0. 0. 0. 0.
 1. 0. 0. 0. 0. 0. 0. 0. 0. 0. 0. 0. 1. 1. 1. 0. 0. 0. 0. 0. 0. 0. 0. 0.
 0. 0. 0. 0. 0. 0. 0. 1. 0. 0. 0. 1. 0. 0. 0. 0. 0. 1. 0. 0. 0. 0. 0. 1.
 0. 1. 0. 0. 1. 0. 0. 0.]
Time taken: 22.889568328857422 seconds
Running combination 32 of 50
Fitting RandomForest...
Fitting Adaboost...
Fitting AdaBoost_2...
Fitting et...
Fitting gbc...
Fitting gbc_2...
Fitting gbc_3...
Fitting dt...
Fitting lr...
Fitting Lasso_1...
Fitting Lasso_2...
Fitting Lasso_3...
Fitting Lasso_4...
Fitting elasticnet...
VCF file created successfully.
pyseer stderr:  Read 1000 phenotypes
Detected continuous phenotype
Reading all variants

0variants [00:00, ?variants/s]
53variants [00:00, 527.36variants/s]
106variants [00:00, 465.91variants/s]
161variants [00:00, 500.50variants/s]
198variants [00:00, 505.31variants/s]
Applying correlation filtering

  0%|          | 0/198 [00:00<?, ?variants/s]
100%|██████████| 198/198 [00:00<00:00, 2737.01variants/s]
Fitting elastic net to top 148 variants
Best penalty (lambda) from cross-validation: 1.94E+01
Best R^2 from cross-validation: 0.503
Finding and printing selected variants
198 loaded variants
50 pre-filtered variants
148 tested variants
130 printed variants

True importance standardized:  [0.30499161 0.30499161 0.30499161 0.30499161 0.30499161 0.30499161
 0.30499161 0.62429037 0.62429037 0.62429037 0.62429037 0.62429037
 0.62429037 0.62429037 0.40835311 0.40835311 0.40835311 0.40835311
 0.40835311 0.40835311 0.40835311 0.12986186 0.12986186 0.12986186
 0.12986186 0.12986186 0.12986186 0.12986186 0.9981097  0.9981097
 0.9981097  0.9981097  0.9981097  0.9981097  0.9981097  0.72596128
 0.72596128 0.72596128 0.72596128 0.72596128 0.72596128 0.72596128
 0.16049853 0.16049853 0.16049853 0.16049853 0.16049853 0.16049853
 0.16049853 0.36162512 0.36162512 0.36162512 0.36162512 0.36162512
 0.36162512 0.36162512 1.         1.         1.         1.
 1.         1.         1.         0.95080587 0.95080587 0.95080587
 0.95080587 0.95080587 0.95080587 0.95080587 0.         0.
 0.         0.         0.         0.         0.         0.
 0.         0.         0.         0.         0.         0.
 0.         0.         0.         0.         0.         0.
 0.         0.         0.         0.         0.         0.
 0.         0.         0.         0.         0.         0.
 0.         0.         0.         0.         0.         0.
 0.         0.         0.         0.         0.         0.
 0.         0.         0.         0.         0.         0.
 0.         0.         0.         0.         0.         0.
 0.         0.         0.         0.         0.         0.
 0.         0.         0.         0.         0.         0.
 0.         0.         0.         0.         0.         0.
 0.         0.         0.         0.         0.         0.
 0.         0.         0.         0.         0.         0.
 0.         0.         0.         0.         0.         0.
 0.         0.         0.         0.         0.         0.
 0.         0.         0.         0.         0.         0.
 0.         0.         0.         0.         0.         0.
 0.         0.         0.         0.         0.         0.
 0.         0.         0.         0.         0.         0.
 0.         0.         0.         0.         0.         0.
 0.         0.        ]
Normalized importance:  [0.09030894 0.09030894 0.09030894 0.09030894 0.09030894 0.09030894
 0.09030894 0.6423845  0.6423845  0.6423845  0.6423845  0.6423845
 0.6423845  0.6423845  0.10145978 0.10145978 0.10145978 0.10145978
 0.10145978 0.10145978 0.10145978 0.         0.         0.06455062
 0.01149611 0.         0.         0.         1.         1.
 1.         1.         1.         1.         1.         0.41391232
 0.41391232 0.41391232 0.41391232 0.41391232 0.41391232 0.41391232
 0.05623182 0.         0.05623182 0.05623182 0.05623182 0.
 0.05623182 0.16485644 0.16485644 0.16485644 0.16485644 0.16485644
 0.16485644 0.16485644 0.96968513 0.96968513 0.96968513 0.96968513
 0.96968513 0.96968513 0.96968513 0.79526852 0.79526852 0.79526852
 0.79526852 0.79526852 0.79526852 0.79526852 0.         0.
 0.         0.         0.         0.         0.         0.
 0.         0.         0.         0.         0.         0.
 0.         0.         0.         0.         0.         0.
 0.01596592 0.         0.         0.         0.         0.
 0.         0.         0.         0.         0.         0.
 0.         0.         0.         0.         0.         0.
 0.         0.         0.         0.         0.         0.
 0.         0.         0.         0.         0.         0.
 0.         0.         0.         0.10449693 0.         0.
 0.         0.         0.         0.         0.         0.
 0.03068051 0.         0.         0.         0.         0.
 0.         0.         0.         0.         0.         0.
 0.         0.01613556 0.         0.         0.         0.
 0.         0.         0.         0.         0.         0.
 0.         0.         0.         0.         0.         0.
 0.         0.         0.         0.         0.         0.
 0.         0.         0.         0.         0.         0.
 0.         0.         0.         0.03697976 0.         0.
 0.         0.         0.         0.         0.         0.
 0.         0.         0.         0.         0.         0.
 0.         0.         0.         0.         0.         0.
 0.         0.        ]
deepbreaks
y_true:  [0. 0. 0. 0. 0. 0. 0. 1. 1. 1. 1. 1. 1. 1. 0. 0. 0. 0. 0. 0. 0. 0. 0. 0.
 0. 0. 0. 0. 1. 1. 1. 1. 1. 1. 1. 1. 1. 1. 1. 1. 1. 1. 0. 0. 0. 0. 0. 0.
 0. 0. 0. 0. 0. 0. 0. 0. 1. 1. 1. 1. 1. 1. 1. 1. 1. 1. 1. 1. 1. 1. 0. 0.
 0. 0. 0. 0. 0. 0. 0. 0. 0. 0. 0. 0. 0. 0. 0. 0. 0. 0. 0. 0. 0. 0. 0. 0.
 0. 0. 0. 0. 0. 0. 0. 0. 0. 0. 0. 0. 0. 0. 0. 0. 0. 0. 0. 0. 0. 0. 0. 0.
 0. 0. 0. 0. 0. 0. 0. 0. 0. 0. 0. 0. 0. 0. 0. 0. 0. 0. 0. 0. 0. 0. 0. 0.
 0. 0. 0. 0. 0. 0. 0. 0. 0. 0. 0. 0. 0. 0. 0. 0. 0. 0. 0. 0. 0. 0. 0. 0.
 0. 0. 0. 0. 0. 0. 0. 0. 0. 0. 0. 0. 0. 0. 0. 0. 0. 0. 0. 0. 0. 0. 0. 0.
 0. 0. 0. 0. 0. 0. 0. 0.]
y_pred:  [0. 0. 0. 0. 0. 0. 0. 1. 1. 1. 1. 1. 1. 1. 0. 0. 0. 0. 0. 0. 0. 0. 0. 0.
 0. 0. 0. 0. 1. 1. 1. 1. 1. 1. 1. 1. 1. 1. 1. 1. 1. 1. 0. 0. 0. 0. 0. 0.
 0. 0. 0. 0. 0. 0. 0. 0. 1. 1. 1. 1. 1. 1. 1. 1. 1. 1. 1. 1. 1. 1. 0. 0.
 0. 0. 0. 0. 0. 0. 0. 0. 0. 0. 0. 0. 0. 0. 0. 0. 0. 0. 0. 0. 0. 0. 0. 0.
 0. 0. 0. 0. 0. 0. 0. 0. 0. 0. 0. 0. 0. 0. 0. 0. 0. 0. 0. 0. 0. 0. 0. 0.
 0. 0. 0. 0. 0. 0. 0. 0. 0. 0. 0. 0. 0. 0. 0. 0. 0. 0. 0. 0. 0. 0. 0. 0.
 0. 0. 0. 0. 0. 0. 0. 0. 0. 0. 0. 0. 0. 0. 0. 0. 0. 0. 0. 0. 0. 0. 0. 0.
 0. 0. 0. 0. 0. 0. 0. 0. 0. 0. 0. 0. 0. 0. 0. 0. 0. 0. 0. 0. 0. 0. 0. 0.
 0. 0. 0. 0. 0. 0. 0. 0.]
Normalized importance:  [0.39272727 0.10309091 0.39636364 0.01452727 0.04818182 0.
 0.17545455 0.58181818 0.14509091 0.36363636 0.39636364 0.37272727
 0.43454545 0.16163636 0.30181818 0.20545455 0.37272727 0.
 0.3        0.03509091 0.072      0.         0.18363636 0.46545455
 0.01854545 0.         0.         0.         1.         0.25454545
 0.53454545 0.61090909 0.37636364 0.53818182 0.24181818 0.65818182
 0.36181818 0.25454545 0.24545455 0.39454545 0.16581818 0.52
 0.17036364 0.12927273 0.         0.17036364 0.19818182 0.
 0.14090909 0.30363636 0.26727273 0.09690909 0.14036364 0.00729091
 0.34181818 0.06345455 0.93636364 0.51272727 0.40727273 0.30181818
 0.44909091 0.36       0.54727273 0.84       0.24727273 0.14127273
 0.37090909 0.53636364 0.28727273 0.65818182 0.10490909 0.07327273
 0.         0.046      0.         0.07872727 0.09345455 0.
 0.         0.         0.         0.         0.07709091 0.
 0.09709091 0.13454545 0.14745455 0.04654545 0.14418182 0.064
 0.22181818 0.         0.         0.         0.         0.06254545
 0.148      0.00421818 0.         0.06181818 0.         0.
 0.         0.         0.15690909 0.         0.12309091 0.13545455
 0.01778182 0.06963636 0.14418182 0.13036364 0.10872727 0.11872727
 0.02163636 0.         0.         0.         0.26       0.
 0.         0.14109091 0.03981818 0.28363636 0.         0.05054545
 0.         0.07872727 0.         0.02290909 0.04654545 0.
 0.22181818 0.03490909 0.         0.         0.13127273 0.
 0.         0.         0.         0.03018182 0.10472727 0.
 0.08654545 0.22181818 0.24545455 0.16072727 0.         0.15654545
 0.         0.         0.         0.         0.         0.13654545
 0.         0.         0.23272727 0.09036364 0.08109091 0.21454545
 0.         0.         0.10472727 0.         0.11254545 0.
 0.07890909 0.00814545 0.10127273 0.13018182 0.         0.
 0.         0.         0.11381818 0.14454545 0.03036364 0.34909091
 0.         0.15345455 0.22       0.         0.03672727 0.
 0.08109091 0.08054545 0.         0.13545455 0.10363636 0.
 0.         0.         0.05781818 0.         0.         0.
 0.         0.        ]
pyseer
y_true:  [0. 0. 0. 0. 0. 0. 0. 1. 1. 1. 1. 1. 1. 1. 0. 0. 0. 0. 0. 0. 0. 0. 0. 0.
 0. 0. 0. 0. 1. 1. 1. 1. 1. 1. 1. 1. 1. 1. 1. 1. 1. 1. 0. 0. 0. 0. 0. 0.
 0. 0. 0. 0. 0. 0. 0. 0. 1. 1. 1. 1. 1. 1. 1. 1. 1. 1. 1. 1. 1. 1. 0. 0.
 0. 0. 0. 0. 0. 0. 0. 0. 0. 0. 0. 0. 0. 0. 0. 0. 0. 0. 0. 0. 0. 0. 0. 0.
 0. 0. 0. 0. 0. 0. 0. 0. 0. 0. 0. 0. 0. 0. 0. 0. 0. 0. 0. 0. 0. 0. 0. 0.
 0. 0. 0. 0. 0. 0. 0. 0. 0. 0. 0. 0. 0. 0. 0. 0. 0. 0. 0. 0. 0. 0. 0. 0.
 0. 0. 0. 0. 0. 0. 0. 0. 0. 0. 0. 0. 0. 0. 0. 0. 0. 0. 0. 0. 0. 0. 0. 0.
 0. 0. 0. 0. 0. 0. 0. 0. 0. 0. 0. 0. 0. 0. 0. 0. 0. 0. 0. 0. 0. 0. 0. 0.
 0. 0. 0. 0. 0. 0. 0. 0.]
y_pred:  [1. 0. 1. 0. 0. 0. 1. 1. 1. 1. 1. 1. 1. 1. 1. 1. 1. 0. 1. 0. 0. 0. 1. 1.
 0. 0. 0. 0. 1. 1. 1. 1. 1. 1. 1. 1. 1. 1. 1. 1. 1. 1. 1. 0. 0. 1. 1. 0.
 0. 1. 1. 0. 0. 0. 1. 0. 1. 1. 1. 1. 1. 1. 1. 1. 1. 0. 1. 1. 1. 1. 0. 0.
 0. 0. 0. 0. 0. 0. 0. 0. 0. 0. 0. 0. 0. 0. 1. 0. 0. 0. 1. 0. 0. 0. 0. 0.
 1. 0. 0. 0. 0. 0. 0. 0. 1. 0. 0. 0. 0. 0. 0. 0. 0. 0. 0. 0. 0. 0. 1. 0.
 0. 0. 0. 1. 0. 0. 0. 0. 0. 0. 0. 0. 1. 0. 0. 0. 0. 0. 0. 0. 0. 0. 0. 0.
 0. 1. 1. 1. 0. 1. 0. 0. 0. 0. 0. 0. 0. 0. 1. 0. 0. 1. 0. 0. 0. 0. 0. 0.
 0. 0. 0. 0. 0. 0. 0. 0. 0. 0. 0. 1. 0. 1. 1. 0. 0. 0. 0. 0. 0. 0. 0. 0.
 0. 0. 0. 0. 0. 0. 0. 0.]
Time taken: 22.29790163040161 seconds
Running combination 33 of 50
Fitting RandomForest...
Fitting Adaboost...
Fitting AdaBoost_2...
Fitting et...
Fitting gbc...
Fitting gbc_2...
Fitting gbc_3...
Fitting dt...
Fitting lr...
Fitting Lasso_1...
Fitting Lasso_2...
Fitting Lasso_3...
Fitting Lasso_4...
Fitting elasticnet...
VCF file created successfully.
pyseer stderr:  Read 1000 phenotypes
Detected continuous phenotype
Reading all variants

0variants [00:00, ?variants/s]
55variants [00:00, 544.57variants/s]
110variants [00:00, 478.65variants/s]
165variants [00:00, 508.23variants/s]
198variants [00:00, 513.36variants/s]
Applying correlation filtering

  0%|          | 0/198 [00:00<?, ?variants/s]
100%|██████████| 198/198 [00:00<00:00, 2702.15variants/s]
Fitting elastic net to top 148 variants
Best penalty (lambda) from cross-validation: 1.39E+01
Best R^2 from cross-validation: 0.470
Finding and printing selected variants
198 loaded variants
50 pre-filtered variants
148 tested variants
137 printed variants

True importance standardized:  [1.         1.         1.         1.         1.         1.
 1.         0.17113492 0.17113492 0.17113492 0.17113492 0.17113492
 0.17113492 0.17113492 0.94489132 0.94489132 0.94489132 0.94489132
 0.94489132 0.94489132 0.94489132 0.66434215 0.66434215 0.66434215
 0.66434215 0.66434215 0.66434215 0.66434215 0.12749339 0.12749339
 0.12749339 0.12749339 0.12749339 0.12749339 0.12749339 0.39709141
 0.39709141 0.39709141 0.39709141 0.39709141 0.39709141 0.39709141
 0.50441495 0.50441495 0.50441495 0.50441495 0.50441495 0.50441495
 0.50441495 0.32263562 0.32263562 0.32263562 0.32263562 0.32263562
 0.32263562 0.32263562 0.78348726 0.78348726 0.78348726 0.78348726
 0.78348726 0.78348726 0.78348726 0.20267338 0.20267338 0.20267338
 0.20267338 0.20267338 0.20267338 0.20267338 0.         0.
 0.         0.         0.         0.         0.         0.
 0.         0.         0.         0.         0.         0.
 0.         0.         0.         0.         0.         0.
 0.         0.         0.         0.         0.         0.
 0.         0.         0.         0.         0.         0.
 0.         0.         0.         0.         0.         0.
 0.         0.         0.         0.         0.         0.
 0.         0.         0.         0.         0.         0.
 0.         0.         0.         0.         0.         0.
 0.         0.         0.         0.         0.         0.
 0.         0.         0.         0.         0.         0.
 0.         0.         0.         0.         0.         0.
 0.         0.         0.         0.         0.         0.
 0.         0.         0.         0.         0.         0.
 0.         0.         0.         0.         0.         0.
 0.         0.         0.         0.         0.         0.
 0.         0.         0.         0.         0.         0.
 0.         0.         0.         0.         0.         0.
 0.         0.         0.         0.         0.         0.
 0.         0.         0.         0.         0.         0.
 0.         0.         0.         0.         0.         0.
 0.         0.        ]
Normalized importance:  [1.         1.         1.         1.         1.         1.
 1.         0.06626489 0.06626489 0.         0.06626489 0.06626489
 0.06626489 0.06626489 0.91491836 0.91491836 0.91491836 0.91491836
 0.91491836 0.91491836 0.91491836 0.49996546 0.49996546 0.49996546
 0.49996546 0.49996546 0.49996546 0.49996546 0.         0.
 0.00820595 0.00273381 0.03495642 0.         0.         0.22591677
 0.22591677 0.22591677 0.22591677 0.22591677 0.22591677 0.22591677
 0.1661707  0.1661707  0.1661707  0.1661707  0.1661707  0.1661707
 0.1661707  0.22186529 0.22186529 0.22186529 0.22186529 0.22186529
 0.22186529 0.22186529 0.5596384  0.5596384  0.5596384  0.5596384
 0.5596384  0.5596384  0.5596384  0.         0.         0.
 0.         0.         0.         0.11035393 0.01147401 0.
 0.03930322 0.02200006 0.         0.         0.         0.
 0.01274101 0.         0.         0.         0.0267851  0.
 0.         0.         0.0435285  0.         0.         0.03503771
 0.         0.         0.         0.         0.         0.
 0.         0.02274397 0.         0.         0.02677198 0.
 0.         0.         0.         0.         0.01527139 0.
 0.         0.         0.         0.         0.         0.00874002
 0.         0.04867925 0.01909815 0.         0.         0.05275786
 0.         0.         0.         0.03616032 0.         0.
 0.01605073 0.         0.         0.         0.         0.
 0.         0.         0.         0.01644911 0.00421132 0.
 0.         0.01009786 0.         0.         0.         0.
 0.         0.         0.         0.         0.         0.
 0.         0.         0.         0.         0.06173123 0.
 0.         0.         0.         0.         0.         0.03932488
 0.         0.         0.         0.         0.         0.02512754
 0.         0.         0.         0.         0.         0.04660119
 0.         0.         0.         0.         0.         0.
 0.         0.         0.         0.         0.         0.
 0.         0.         0.         0.         0.         0.
 0.         0.         0.03651285 0.         0.00603136 0.01778683
 0.         0.        ]
deepbreaks
y_true:  [1. 1. 1. 1. 1. 1. 1. 0. 0. 0. 0. 0. 0. 0. 1. 1. 1. 1. 1. 1. 1. 1. 1. 1.
 1. 1. 1. 1. 0. 0. 0. 0. 0. 0. 0. 0. 0. 0. 0. 0. 0. 0. 1. 1. 1. 1. 1. 1.
 1. 0. 0. 0. 0. 0. 0. 0. 1. 1. 1. 1. 1. 1. 1. 0. 0. 0. 0. 0. 0. 0. 0. 0.
 0. 0. 0. 0. 0. 0. 0. 0. 0. 0. 0. 0. 0. 0. 0. 0. 0. 0. 0. 0. 0. 0. 0. 0.
 0. 0. 0. 0. 0. 0. 0. 0. 0. 0. 0. 0. 0. 0. 0. 0. 0. 0. 0. 0. 0. 0. 0. 0.
 0. 0. 0. 0. 0. 0. 0. 0. 0. 0. 0. 0. 0. 0. 0. 0. 0. 0. 0. 0. 0. 0. 0. 0.
 0. 0. 0. 0. 0. 0. 0. 0. 0. 0. 0. 0. 0. 0. 0. 0. 0. 0. 0. 0. 0. 0. 0. 0.
 0. 0. 0. 0. 0. 0. 0. 0. 0. 0. 0. 0. 0. 0. 0. 0. 0. 0. 0. 0. 0. 0. 0. 0.
 0. 0. 0. 0. 0. 0. 0. 0.]
y_pred:  [1. 1. 1. 1. 1. 1. 1. 0. 0. 0. 0. 0. 0. 0. 1. 1. 1. 1. 1. 1. 1. 1. 1. 1.
 1. 1. 1. 1. 0. 0. 0. 0. 0. 0. 0. 1. 1. 1. 1. 1. 1. 1. 1. 1. 1. 1. 1. 1.
 1. 1. 1. 1. 1. 1. 1. 1. 1. 1. 1. 1. 1. 1. 1. 0. 0. 0. 0. 0. 0. 0. 0. 0.
 0. 0. 0. 0. 0. 0. 0. 0. 0. 0. 0. 0. 0. 0. 0. 0. 0. 0. 0. 0. 0. 0. 0. 0.
 0. 0. 0. 0. 0. 0. 0. 0. 0. 0. 0. 0. 0. 0. 0. 0. 0. 0. 0. 0. 0. 0. 0. 0.
 0. 0. 0. 0. 0. 0. 0. 0. 0. 0. 0. 0. 0. 0. 0. 0. 0. 0. 0. 0. 0. 0. 0. 0.
 0. 0. 0. 0. 0. 0. 0. 0. 0. 0. 0. 0. 0. 0. 0. 0. 0. 0. 0. 0. 0. 0. 0. 0.
 0. 0. 0. 0. 0. 0. 0. 0. 0. 0. 0. 0. 0. 0. 0. 0. 0. 0. 0. 0. 0. 0. 0. 0.
 0. 0. 0. 0. 0. 0. 0. 0.]
Normalized importance:  [1.         0.60054348 0.49728261 0.50271739 0.36141304 0.5
 0.83152174 0.04918478 0.20108696 0.08152174 0.03016304 0.
 0.39402174 0.12880435 0.95108696 0.37228261 0.77173913 0.35326087
 0.45923913 0.55978261 0.48097826 0.57336957 0.24293478 0.5951087
 0.18016304 0.44293478 0.41032609 0.36956522 0.05923913 0.
 0.03396739 0.17309783 0.08396739 0.06793478 0.10815217 0.55163043
 0.         0.29347826 0.21983696 0.20869565 0.         0.38858696
 0.49456522 0.2388587  0.21086957 0.52717391 0.25217391 0.41304348
 0.04891304 0.54619565 0.21548913 0.18641304 0.15788043 0.45652174
 0.13586957 0.01076087 0.73641304 0.52445652 0.44021739 0.36141304
 0.38043478 0.         0.48641304 0.1875     0.05869565 0.05625
 0.04157609 0.         0.08423913 0.40217391 0.         0.
 0.32065217 0.31521739 0.08125    0.04293478 0.17608696 0.
 0.32065217 0.01540761 0.         0.         0.38586957 0.
 0.         0.         0.22690217 0.22173913 0.27146739 0.29347826
 0.         0.         0.0798913  0.         0.17255435 0.09184783
 0.25190217 0.17418478 0.06793478 0.         0.34782609 0.
 0.         0.         0.         0.14157609 0.38586957 0.
 0.         0.         0.17853261 0.09972826 0.         0.04429348
 0.         0.33423913 0.375      0.         0.05353261 0.44021739
 0.         0.0798913  0.         0.23315217 0.         0.32336957
 0.31521739 0.13505435 0.         0.         0.02665761 0.
 0.0388587  0.01467391 0.         0.32336957 0.29347826 0.15054348
 0.         0.22445652 0.         0.12092391 0.         0.
 0.         0.         0.12581522 0.         0.         0.15652174
 0.         0.12961957 0.         0.13505435 0.4673913  0.
 0.41847826 0.1888587  0.         0.37228261 0.         0.20896739
 0.         0.         0.17201087 0.         0.         0.35326087
 0.         0.11793478 0.         0.31521739 0.21956522 0.21603261
 0.0576087  0.08559783 0.2486413  0.25652174 0.00141033 0.25570652
 0.         0.03831522 0.15407609 0.21548913 0.         0.13641304
 0.10896739 0.17173913 0.         0.         0.         0.
 0.18016304 0.14891304 0.39673913 0.         0.22527174 0.14320652
 0.         0.        ]
pyseer
y_true:  [1. 1. 1. 1. 1. 1. 1. 0. 0. 0. 0. 0. 0. 0. 1. 1. 1. 1. 1. 1. 1. 1. 1. 1.
 1. 1. 1. 1. 0. 0. 0. 0. 0. 0. 0. 0. 0. 0. 0. 0. 0. 0. 1. 1. 1. 1. 1. 1.
 1. 0. 0. 0. 0. 0. 0. 0. 1. 1. 1. 1. 1. 1. 1. 0. 0. 0. 0. 0. 0. 0. 0. 0.
 0. 0. 0. 0. 0. 0. 0. 0. 0. 0. 0. 0. 0. 0. 0. 0. 0. 0. 0. 0. 0. 0. 0. 0.
 0. 0. 0. 0. 0. 0. 0. 0. 0. 0. 0. 0. 0. 0. 0. 0. 0. 0. 0. 0. 0. 0. 0. 0.
 0. 0. 0. 0. 0. 0. 0. 0. 0. 0. 0. 0. 0. 0. 0. 0. 0. 0. 0. 0. 0. 0. 0. 0.
 0. 0. 0. 0. 0. 0. 0. 0. 0. 0. 0. 0. 0. 0. 0. 0. 0. 0. 0. 0. 0. 0. 0. 0.
 0. 0. 0. 0. 0. 0. 0. 0. 0. 0. 0. 0. 0. 0. 0. 0. 0. 0. 0. 0. 0. 0. 0. 0.
 0. 0. 0. 0. 0. 0. 0. 0.]
y_pred:  [1. 1. 1. 1. 1. 1. 1. 0. 0. 0. 0. 0. 1. 0. 1. 1. 1. 1. 1. 1. 1. 1. 1. 1.
 0. 1. 1. 1. 0. 0. 0. 0. 0. 0. 0. 1. 0. 1. 1. 0. 0. 1. 1. 1. 0. 1. 1. 1.
 0. 1. 0. 0. 0. 1. 0. 0. 1. 1. 1. 1. 1. 0. 1. 0. 0. 0. 0. 0. 0. 1. 0. 0.
 1. 1. 0. 0. 0. 0. 1. 0. 0. 0. 1. 0. 0. 0. 1. 1. 1. 1. 0. 0. 0. 0. 0. 0.
 1. 0. 0. 0. 1. 0. 0. 0. 0. 0. 1. 0. 0. 0. 0. 0. 0. 0. 0. 1. 1. 0. 0. 1.
 0. 0. 0. 1. 0. 1. 1. 0. 0. 0. 0. 0. 0. 0. 0. 1. 1. 0. 0. 1. 0. 0. 0. 0.
 0. 0. 0. 0. 0. 0. 0. 0. 0. 0. 1. 0. 1. 0. 0. 1. 0. 0. 0. 0. 0. 0. 0. 1.
 0. 0. 0. 1. 0. 0. 0. 0. 1. 1. 0. 1. 0. 0. 0. 0. 0. 0. 0. 0. 0. 0. 0. 0.
 0. 0. 1. 0. 1. 0. 0. 0.]
Time taken: 23.302711486816406 seconds
Running combination 34 of 50
Fitting RandomForest...
Fitting Adaboost...
Fitting AdaBoost_2...
Fitting et...
Fitting gbc...
Fitting gbc_2...
Fitting gbc_3...
Fitting dt...
Fitting lr...
Fitting Lasso_1...
Fitting Lasso_2...
Fitting Lasso_3...
Fitting Lasso_4...
Fitting elasticnet...
VCF file created successfully.
pyseer stderr:  Read 1000 phenotypes
Detected continuous phenotype
Reading all variants

0variants [00:00, ?variants/s]
54variants [00:00, 533.70variants/s]
108variants [00:00, 348.16variants/s]
164variants [00:00, 421.10variants/s]
198variants [00:00, 433.74variants/s]
Applying correlation filtering

  0%|          | 0/198 [00:00<?, ?variants/s]
100%|██████████| 198/198 [00:00<00:00, 2708.98variants/s]
Fitting elastic net to top 148 variants
Best penalty (lambda) from cross-validation: 2.40E+01
Best R^2 from cross-validation: 0.512
Finding and printing selected variants
198 loaded variants
50 pre-filtered variants
148 tested variants
139 printed variants

True importance standardized:  [0.92584636 0.92584636 0.92584636 0.92584636 0.92584636 0.92584636
 0.92584636 0.41418271 0.41418271 0.41418271 0.41418271 0.41418271
 0.41418271 0.41418271 0.15933746 0.15933746 0.15933746 0.15933746
 0.15933746 0.15933746 0.15933746 0.64677054 0.64677054 0.64677054
 0.64677054 0.64677054 0.64677054 0.64677054 0.63626937 0.63626937
 0.63626937 0.63626937 0.63626937 0.63626937 0.63626937 0.52128865
 0.52128865 0.52128865 0.52128865 0.52128865 0.52128865 0.52128865
 0.69141912 0.69141912 0.69141912 0.69141912 0.69141912 0.69141912
 0.69141912 0.83389912 0.83389912 0.83389912 0.83389912 0.83389912
 0.83389912 0.83389912 0.77528458 0.77528458 0.77528458 0.77528458
 0.77528458 0.77528458 0.77528458 1.         1.         1.
 1.         1.         1.         1.         0.         0.
 0.         0.         0.         0.         0.         0.
 0.         0.         0.         0.         0.         0.
 0.         0.         0.         0.         0.         0.
 0.         0.         0.         0.         0.         0.
 0.         0.         0.         0.         0.         0.
 0.         0.         0.         0.         0.         0.
 0.         0.         0.         0.         0.         0.
 0.         0.         0.         0.         0.         0.
 0.         0.         0.         0.         0.         0.
 0.         0.         0.         0.         0.         0.
 0.         0.         0.         0.         0.         0.
 0.         0.         0.         0.         0.         0.
 0.         0.         0.         0.         0.         0.
 0.         0.         0.         0.         0.         0.
 0.         0.         0.         0.         0.         0.
 0.         0.         0.         0.         0.         0.
 0.         0.         0.         0.         0.         0.
 0.         0.         0.         0.         0.         0.
 0.         0.         0.         0.         0.         0.
 0.         0.         0.         0.         0.         0.
 0.         0.         0.         0.         0.         0.
 0.         0.        ]
Normalized importance:  [0.84804763 0.84804763 0.84804763 0.84804763 0.84804763 0.84804763
 0.84804763 0.08043324 0.         0.08043324 0.08043324 0.08043324
 0.08043324 0.08043324 0.03399814 0.         0.03399814 0.03399814
 0.03399814 0.         0.03399814 0.59260527 0.59260527 0.59260527
 0.59260527 0.59260527 0.59260527 0.59260527 0.1387935  0.1387935
 0.1387935  0.1387935  0.1387935  0.1387935  0.1387935  0.19975168
 0.19975168 0.19975168 0.19975168 0.19975168 0.19975168 0.19975168
 0.70450034 0.70450034 0.70450034 0.70450034 0.70450034 0.70450034
 0.70450034 0.55641981 0.55641981 0.55641981 0.55641981 0.55641981
 0.55641981 0.55641981 0.78779087 0.78779087 0.78779087 0.78779087
 0.78779087 0.78779087 0.78779087 1.         1.         1.
 1.         1.         1.         1.         0.         0.
 0.         0.         0.01195433 0.         0.01175082 0.
 0.         0.         0.         0.         0.         0.
 0.         0.         0.         0.         0.         0.
 0.         0.01212534 0.02535645 0.         0.         0.02057643
 0.         0.         0.         0.         0.         0.
 0.         0.         0.         0.         0.         0.
 0.         0.         0.05367085 0.         0.         0.
 0.         0.         0.         0.         0.         0.00886079
 0.         0.         0.         0.         0.         0.
 0.         0.         0.         0.         0.         0.
 0.         0.         0.         0.         0.         0.
 0.         0.         0.         0.         0.06314509 0.
 0.02705203 0.         0.         0.03243305 0.         0.
 0.03467337 0.00849544 0.         0.         0.         0.02858928
 0.04224564 0.         0.         0.         0.         0.
 0.02711986 0.         0.         0.         0.02090024 0.
 0.         0.         0.         0.         0.01688383 0.
 0.         0.         0.         0.         0.         0.
 0.         0.         0.         0.         0.         0.
 0.         0.         0.         0.         0.         0.
 0.         0.         0.         0.01519787 0.01619381 0.01567212
 0.         0.        ]
deepbreaks
y_true:  [1. 1. 1. 1. 1. 1. 1. 0. 0. 0. 0. 0. 0. 0. 0. 0. 0. 0. 0. 0. 0. 0. 0. 0.
 0. 0. 0. 0. 0. 0. 0. 0. 0. 0. 0. 0. 0. 0. 0. 0. 0. 0. 1. 1. 1. 1. 1. 1.
 1. 1. 1. 1. 1. 1. 1. 1. 1. 1. 1. 1. 1. 1. 1. 1. 1. 1. 1. 1. 1. 1. 0. 0.
 0. 0. 0. 0. 0. 0. 0. 0. 0. 0. 0. 0. 0. 0. 0. 0. 0. 0. 0. 0. 0. 0. 0. 0.
 0. 0. 0. 0. 0. 0. 0. 0. 0. 0. 0. 0. 0. 0. 0. 0. 0. 0. 0. 0. 0. 0. 0. 0.
 0. 0. 0. 0. 0. 0. 0. 0. 0. 0. 0. 0. 0. 0. 0. 0. 0. 0. 0. 0. 0. 0. 0. 0.
 0. 0. 0. 0. 0. 0. 0. 0. 0. 0. 0. 0. 0. 0. 0. 0. 0. 0. 0. 0. 0. 0. 0. 0.
 0. 0. 0. 0. 0. 0. 0. 0. 0. 0. 0. 0. 0. 0. 0. 0. 0. 0. 0. 0. 0. 0. 0. 0.
 0. 0. 0. 0. 0. 0. 0. 0.]
y_pred:  [1. 1. 1. 1. 1. 1. 1. 0. 0. 0. 0. 0. 0. 0. 0. 0. 0. 0. 0. 0. 0. 1. 1. 1.
 1. 1. 1. 1. 0. 0. 0. 0. 0. 0. 0. 1. 1. 1. 1. 1. 1. 1. 1. 1. 1. 1. 1. 1.
 1. 1. 1. 1. 1. 1. 1. 1. 1. 1. 1. 1. 1. 1. 1. 1. 1. 1. 1. 1. 1. 1. 0. 0.
 0. 0. 0. 0. 0. 0. 0. 0. 0. 0. 0. 0. 0. 0. 0. 0. 0. 0. 0. 0. 0. 0. 0. 0.
 0. 0. 0. 0. 0. 0. 0. 0. 0. 0. 0. 0. 0. 0. 0. 0. 0. 0. 0. 0. 0. 0. 0. 0.
 0. 0. 0. 0. 0. 0. 0. 0. 0. 0. 0. 0. 0. 0. 0. 0. 0. 0. 0. 0. 0. 0. 0. 0.
 0. 0. 0. 0. 0. 0. 0. 0. 0. 0. 0. 0. 0. 0. 0. 0. 0. 0. 0. 0. 0. 0. 0. 0.
 0. 0. 0. 0. 0. 0. 0. 0. 0. 0. 0. 0. 0. 0. 0. 0. 0. 0. 0. 0. 0. 0. 0. 0.
 0. 0. 0. 0. 0. 0. 0. 0.]
Normalized importance:  [7.43455497e-01 4.08376963e-01 4.33246073e-01 4.59424084e-01
 4.41099476e-02 3.59947644e-01 4.12303665e-01 2.27748691e-01
 7.76178010e-02 3.45549738e-01 1.88481675e-01 2.19895288e-01
 1.36125654e-01 5.34031414e-02 3.08900524e-01 1.97643979e-03
 0.00000000e+00 1.96335079e-01 2.27748691e-01 1.27225131e-01
 5.22251309e-02 5.70680628e-01 4.29319372e-01 5.37958115e-01
 2.19895288e-01 2.14659686e-01 3.37696335e-01 3.71727749e-01
 3.87434555e-01 3.12827225e-01 4.63350785e-01 2.15968586e-01
 2.73560209e-01 0.00000000e+00 0.00000000e+00 5.79842932e-01
 1.24476440e-01 1.50523560e-01 1.16361257e-01 5.58900524e-02
 1.05759162e-01 3.95287958e-01 4.24083770e-01 3.56020942e-01
 5.74607330e-01 2.70942408e-01 5.15706806e-01 2.18586387e-01
 1.84554974e-01 8.07591623e-01 3.06282723e-01 4.28010471e-01
 2.04188482e-01 3.69109948e-01 4.80366492e-01 3.67801047e-02
 8.18062827e-01 4.46335079e-01 1.80628272e-01 3.01047120e-01
 2.31675393e-01 0.00000000e+00 4.64659686e-01 1.00000000e+00
 4.55497382e-01 1.74083770e-01 6.71465969e-01 5.27486911e-01
 1.42670157e-01 2.74869110e-01 4.54188482e-01 0.00000000e+00
 0.00000000e+00 0.00000000e+00 4.94764398e-02 2.51308901e-01
 1.12041885e-01 1.80628272e-01 8.99214660e-04 0.00000000e+00
 0.00000000e+00 2.30366492e-01 1.49214660e-01 9.37172775e-02
 0.00000000e+00 0.00000000e+00 2.81413613e-01 0.00000000e+00
 4.71204188e-02 0.00000000e+00 0.00000000e+00 2.57853403e-01
 3.12827225e-01 0.00000000e+00 0.00000000e+00 1.59685864e-01
 0.00000000e+00 2.55235602e-03 0.00000000e+00 6.70157068e-02
 2.59162304e-01 0.00000000e+00 0.00000000e+00 6.40052356e-02
 8.14136126e-02 0.00000000e+00 1.22513089e-01 0.00000000e+00
 0.00000000e+00 1.16623037e-01 1.54450262e-01 0.00000000e+00
 2.53926702e-01 0.00000000e+00 0.00000000e+00 1.06675393e-01
 1.70157068e-01 0.00000000e+00 0.00000000e+00 3.61256545e-01
 8.82198953e-03 0.00000000e+00 0.00000000e+00 5.94240838e-02
 0.00000000e+00 0.00000000e+00 3.61256545e-02 0.00000000e+00
 1.05890052e-01 0.00000000e+00 3.52094241e-02 1.51832461e-01
 0.00000000e+00 0.00000000e+00 5.15706806e-02 0.00000000e+00
 9.37172775e-02 0.00000000e+00 0.00000000e+00 2.02879581e-01
 0.00000000e+00 1.85863874e-03 4.18848168e-01 0.00000000e+00
 2.72251309e-01 1.55759162e-01 0.00000000e+00 2.48691099e-01
 1.62303665e-01 6.68848168e-02 3.02356021e-01 2.47382199e-01
 2.26439791e-01 1.74083770e-01 0.00000000e+00 2.34293194e-01
 2.67015707e-01 1.32198953e-01 0.00000000e+00 3.16753927e-01
 4.94764398e-02 1.71465969e-01 3.65183246e-01 3.93979058e-02
 0.00000000e+00 0.00000000e+00 3.03664921e-01 5.22251309e-02
 0.00000000e+00 0.00000000e+00 1.55759162e-01 7.12041885e-02
 1.47905759e-01 1.67539267e-01 0.00000000e+00 0.00000000e+00
 0.00000000e+00 5.28795812e-02 0.00000000e+00 5.68062827e-02
 1.74083770e-01 0.00000000e+00 0.00000000e+00 0.00000000e+00
 9.92146597e-02 0.00000000e+00 0.00000000e+00 0.00000000e+00
 2.86649215e-01 1.29188482e-01 1.27486911e-02 1.75392670e-01
 0.00000000e+00 1.07329843e-01 2.10732984e-01 1.40052356e-01
 2.94502618e-01 2.64397906e-01 0.00000000e+00 0.00000000e+00]
pyseer
y_true:  [1. 1. 1. 1. 1. 1. 1. 0. 0. 0. 0. 0. 0. 0. 0. 0. 0. 0. 0. 0. 0. 0. 0. 0.
 0. 0. 0. 0. 0. 0. 0. 0. 0. 0. 0. 0. 0. 0. 0. 0. 0. 0. 1. 1. 1. 1. 1. 1.
 1. 1. 1. 1. 1. 1. 1. 1. 1. 1. 1. 1. 1. 1. 1. 1. 1. 1. 1. 1. 1. 1. 0. 0.
 0. 0. 0. 0. 0. 0. 0. 0. 0. 0. 0. 0. 0. 0. 0. 0. 0. 0. 0. 0. 0. 0. 0. 0.
 0. 0. 0. 0. 0. 0. 0. 0. 0. 0. 0. 0. 0. 0. 0. 0. 0. 0. 0. 0. 0. 0. 0. 0.
 0. 0. 0. 0. 0. 0. 0. 0. 0. 0. 0. 0. 0. 0. 0. 0. 0. 0. 0. 0. 0. 0. 0. 0.
 0. 0. 0. 0. 0. 0. 0. 0. 0. 0. 0. 0. 0. 0. 0. 0. 0. 0. 0. 0. 0. 0. 0. 0.
 0. 0. 0. 0. 0. 0. 0. 0. 0. 0. 0. 0. 0. 0. 0. 0. 0. 0. 0. 0. 0. 0. 0. 0.
 0. 0. 0. 0. 0. 0. 0. 0.]
y_pred:  [1. 1. 1. 1. 0. 1. 1. 1. 0. 1. 0. 1. 0. 0. 1. 0. 0. 0. 1. 0. 0. 1. 1. 1.
 1. 1. 1. 1. 1. 1. 1. 1. 1. 0. 0. 1. 0. 0. 0. 0. 0. 1. 1. 1. 1. 1. 1. 1.
 0. 1. 1. 1. 0. 1. 1. 0. 1. 1. 0. 1. 1. 0. 1. 1. 1. 0. 1. 1. 0. 1. 1. 0.
 0. 0. 0. 1. 0. 0. 0. 0. 0. 1. 0. 0. 0. 0. 1. 0. 0. 0. 0. 1. 1. 0. 0. 0.
 0. 0. 0. 0. 1. 0. 0. 0. 0. 0. 0. 0. 0. 0. 0. 0. 1. 0. 0. 0. 0. 0. 0. 1.
 0. 0. 0. 0. 0. 0. 0. 0. 0. 0. 0. 0. 0. 0. 0. 0. 0. 0. 0. 0. 0. 0. 1. 0.
 1. 0. 0. 1. 0. 0. 1. 1. 1. 0. 0. 1. 1. 0. 0. 1. 0. 0. 1. 0. 0. 0. 1. 0.
 0. 0. 0. 0. 0. 0. 0. 0. 0. 0. 0. 0. 0. 0. 0. 0. 0. 0. 0. 0. 1. 0. 0. 0.
 0. 0. 1. 0. 1. 1. 0. 0.]
Time taken: 23.385159730911255 seconds
Running combination 35 of 50
Fitting RandomForest...
Fitting Adaboost...
Fitting AdaBoost_2...
Fitting et...
Fitting gbc...
Fitting gbc_2...
Fitting gbc_3...
Fitting dt...
Fitting lr...
Fitting Lasso_1...
Fitting Lasso_2...
Fitting Lasso_3...
Fitting Lasso_4...
Fitting elasticnet...
VCF file created successfully.
pyseer stderr:  Read 1000 phenotypes
Detected continuous phenotype
Reading all variants

0variants [00:00, ?variants/s]
56variants [00:00, 555.43variants/s]
112variants [00:00, 487.79variants/s]
168variants [00:00, 517.76variants/s]
198variants [00:00, 522.08variants/s]
Applying correlation filtering

  0%|          | 0/198 [00:00<?, ?variants/s]
100%|██████████| 198/198 [00:00<00:00, 2702.79variants/s]
Fitting elastic net to top 148 variants
Best penalty (lambda) from cross-validation: 3.00E+01
Best R^2 from cross-validation: 0.503
Finding and printing selected variants
198 loaded variants
50 pre-filtered variants
148 tested variants
129 printed variants

True importance standardized:  [0.68898243 0.68898243 0.68898243 0.68898243 0.68898243 0.68898243
 0.68898243 0.16030955 0.16030955 0.16030955 0.16030955 0.16030955
 0.16030955 0.16030955 0.12781021 0.12781021 0.12781021 0.12781021
 0.12781021 0.12781021 0.12781021 0.24223359 0.24223359 0.24223359
 0.24223359 0.24223359 0.24223359 0.24223359 1.         1.
 1.         1.         1.         1.         1.         0.85814279
 0.85814279 0.85814279 0.85814279 0.85814279 0.85814279 0.85814279
 0.62553615 0.62553615 0.62553615 0.62553615 0.62553615 0.62553615
 0.62553615 0.79716243 0.79716243 0.79716243 0.79716243 0.79716243
 0.79716243 0.79716243 0.98575229 0.98575229 0.98575229 0.98575229
 0.98575229 0.98575229 0.98575229 0.24467844 0.24467844 0.24467844
 0.24467844 0.24467844 0.24467844 0.24467844 0.         0.
 0.         0.         0.         0.         0.         0.
 0.         0.         0.         0.         0.         0.
 0.         0.         0.         0.         0.         0.
 0.         0.         0.         0.         0.         0.
 0.         0.         0.         0.         0.         0.
 0.         0.         0.         0.         0.         0.
 0.         0.         0.         0.         0.         0.
 0.         0.         0.         0.         0.         0.
 0.         0.         0.         0.         0.         0.
 0.         0.         0.         0.         0.         0.
 0.         0.         0.         0.         0.         0.
 0.         0.         0.         0.         0.         0.
 0.         0.         0.         0.         0.         0.
 0.         0.         0.         0.         0.         0.
 0.         0.         0.         0.         0.         0.
 0.         0.         0.         0.         0.         0.
 0.         0.         0.         0.         0.         0.
 0.         0.         0.         0.         0.         0.
 0.         0.         0.         0.         0.         0.
 0.         0.         0.         0.         0.         0.
 0.         0.         0.         0.         0.         0.
 0.         0.        ]
Normalized importance:  [0.47615927 0.47615927 0.47615927 0.47615927 0.47615927 0.47615927
 0.47615927 0.         0.         0.         0.         0.
 0.         0.         0.         0.         0.         0.
 0.         0.         0.02726213 0.03174491 0.03174491 0.03174491
 0.03174491 0.03174491 0.03174491 0.         1.         1.
 1.         1.         1.         1.         1.         0.50586045
 0.50586045 0.50586045 0.50586045 0.50586045 0.50586045 0.50586045
 0.35456393 0.35456393 0.35456393 0.35456393 0.35456393 0.35456393
 0.35456393 0.72216218 0.72216218 0.72216218 0.72216218 0.72216218
 0.72216218 0.72216218 0.84351834 0.84351834 0.84351834 0.84351834
 0.84351834 0.84351834 0.84351834 0.03978765 0.         0.03978765
 0.03978765 0.         0.03978765 0.         0.         0.
 0.         0.         0.         0.         0.         0.
 0.         0.         0.         0.         0.         0.
 0.         0.         0.         0.         0.         0.
 0.         0.         0.         0.         0.         0.00568174
 0.         0.         0.         0.         0.         0.
 0.         0.         0.         0.         0.         0.
 0.         0.         0.         0.         0.         0.
 0.         0.         0.         0.         0.         0.
 0.         0.         0.         0.         0.         0.
 0.         0.         0.         0.0265259  0.         0.
 0.         0.         0.         0.         0.         0.
 0.         0.         0.         0.         0.         0.
 0.         0.         0.         0.         0.         0.
 0.         0.         0.         0.         0.         0.02349919
 0.         0.         0.01795159 0.         0.0070935  0.
 0.         0.         0.         0.         0.         0.
 0.         0.         0.         0.         0.         0.
 0.         0.         0.         0.         0.         0.
 0.         0.         0.         0.         0.         0.
 0.         0.         0.         0.         0.01765635 0.
 0.         0.         0.         0.         0.         0.
 0.         0.        ]
deepbreaks
y_true:  [1. 1. 1. 1. 1. 1. 1. 0. 0. 0. 0. 0. 0. 0. 0. 0. 0. 0. 0. 0. 0. 0. 0. 0.
 0. 0. 0. 0. 1. 1. 1. 1. 1. 1. 1. 1. 1. 1. 1. 1. 1. 1. 0. 0. 0. 0. 0. 0.
 0. 1. 1. 1. 1. 1. 1. 1. 1. 1. 1. 1. 1. 1. 1. 0. 0. 0. 0. 0. 0. 0. 0. 0.
 0. 0. 0. 0. 0. 0. 0. 0. 0. 0. 0. 0. 0. 0. 0. 0. 0. 0. 0. 0. 0. 0. 0. 0.
 0. 0. 0. 0. 0. 0. 0. 0. 0. 0. 0. 0. 0. 0. 0. 0. 0. 0. 0. 0. 0. 0. 0. 0.
 0. 0. 0. 0. 0. 0. 0. 0. 0. 0. 0. 0. 0. 0. 0. 0. 0. 0. 0. 0. 0. 0. 0. 0.
 0. 0. 0. 0. 0. 0. 0. 0. 0. 0. 0. 0. 0. 0. 0. 0. 0. 0. 0. 0. 0. 0. 0. 0.
 0. 0. 0. 0. 0. 0. 0. 0. 0. 0. 0. 0. 0. 0. 0. 0. 0. 0. 0. 0. 0. 0. 0. 0.
 0. 0. 0. 0. 0. 0. 0. 0.]
y_pred:  [1. 1. 1. 1. 1. 1. 1. 0. 0. 0. 0. 0. 0. 0. 0. 0. 0. 0. 0. 0. 0. 0. 0. 0.
 0. 0. 0. 0. 1. 1. 1. 1. 1. 1. 1. 1. 1. 1. 1. 1. 1. 1. 0. 0. 0. 0. 0. 0.
 0. 1. 1. 1. 1. 1. 1. 1. 1. 1. 1. 1. 1. 1. 1. 0. 0. 0. 0. 0. 0. 0. 0. 0.
 0. 0. 0. 0. 0. 0. 0. 0. 0. 0. 0. 0. 0. 0. 0. 0. 0. 0. 0. 0. 0. 0. 0. 0.
 0. 0. 0. 0. 0. 0. 0. 0. 0. 0. 0. 0. 0. 0. 0. 0. 0. 0. 0. 0. 0. 0. 0. 0.
 0. 0. 0. 0. 0. 0. 0. 0. 0. 0. 0. 0. 0. 0. 0. 0. 0. 0. 0. 0. 0. 0. 0. 0.
 0. 0. 0. 0. 0. 0. 0. 0. 0. 0. 0. 0. 0. 0. 0. 0. 0. 0. 0. 0. 0. 0. 0. 0.
 0. 0. 0. 0. 0. 0. 0. 0. 0. 0. 0. 0. 0. 0. 0. 0. 0. 0. 0. 0. 0. 0. 0. 0.
 0. 0. 0. 0. 0. 0. 0. 0.]
Normalized importance:  [5.97133758e-01 4.47452229e-01 4.31528662e-01 4.55414013e-01
 4.39490446e-01 3.96496815e-01 3.86942675e-01 1.04299363e-01
 4.02866242e-02 0.00000000e+00 0.00000000e+00 0.00000000e+00
 0.00000000e+00 1.12261146e-01 3.99681529e-02 7.67515924e-02
 1.32165605e-02 2.32484076e-01 3.31210191e-02 2.26114650e-01
 1.18630573e-01 2.24522293e-01 0.00000000e+00 1.30414013e-01
 1.60828025e-01 3.37579618e-01 3.16878981e-04 0.00000000e+00
 1.00000000e+00 8.18471338e-01 7.07006369e-01 6.73566879e-01
 6.30573248e-01 5.85987261e-01 4.12420382e-02 8.94904459e-01
 5.98726115e-01 5.74840764e-01 1.64012739e-01 4.09235669e-01
 4.61783439e-01 2.27707006e-01 6.14649682e-01 5.19108280e-01
 4.61783439e-01 3.69426752e-01 3.23248408e-01 2.42038217e-01
 0.00000000e+00 8.42356688e-01 5.28662420e-01 6.60828025e-01
 2.42038217e-01 3.45541401e-01 5.78025478e-01 4.04458599e-01
 9.49044586e-01 7.70700637e-01 4.96815287e-01 3.93312102e-01
 4.33121019e-01 5.20700637e-01 5.06369427e-01 1.89490446e-01
 0.00000000e+00 2.24522293e-01 2.75477707e-01 1.36624204e-02
 1.36942675e-01 2.18152866e-01 0.00000000e+00 0.00000000e+00
 5.79617834e-02 0.00000000e+00 0.00000000e+00 1.14171975e-01
 0.00000000e+00 3.61464968e-01 0.00000000e+00 2.18152866e-01
 1.37101911e-01 0.00000000e+00 5.14331210e-02 2.69108280e-01
 1.43630573e-01 1.60828025e-01 3.88535032e-02 5.00000000e-02
 7.43630573e-02 0.00000000e+00 0.00000000e+00 0.00000000e+00
 0.00000000e+00 0.00000000e+00 0.00000000e+00 1.51592357e-01
 0.00000000e+00 0.00000000e+00 0.00000000e+00 0.00000000e+00
 1.13535032e-01 3.24840764e-02 2.91401274e-02 8.32802548e-02
 2.43630573e-01 1.27070064e-01 0.00000000e+00 2.02229299e-01
 1.79936306e-01 1.41719745e-01 0.00000000e+00 7.14968153e-02
 1.81528662e-01 5.84394904e-02 0.00000000e+00 0.00000000e+00
 0.00000000e+00 1.87898089e-01 2.00636943e-01 1.57961783e-01
 0.00000000e+00 3.32802548e-01 0.00000000e+00 5.15923567e-02
 0.00000000e+00 0.00000000e+00 1.89490446e-01 1.12738854e-01
 6.35350318e-02 1.54299363e-01 2.13375796e-01 0.00000000e+00
 0.00000000e+00 1.67197452e-01 0.00000000e+00 3.31210191e-01
 1.41560510e-01 0.00000000e+00 0.00000000e+00 1.97452229e-02
 0.00000000e+00 1.89490446e-01 0.00000000e+00 1.00796178e-01
 0.00000000e+00 1.91082803e-02 0.00000000e+00 0.00000000e+00
 0.00000000e+00 0.00000000e+00 0.00000000e+00 0.00000000e+00
 0.00000000e+00 9.17197452e-03 0.00000000e+00 2.54777070e-01
 0.00000000e+00 2.83439490e-02 3.51910828e-01 3.07324841e-01
 2.69108280e-01 2.45222930e-01 1.71974522e-01 1.25955414e-02
 0.00000000e+00 0.00000000e+00 0.00000000e+00 5.74840764e-02
 8.74203822e-02 7.96178344e-03 2.91401274e-01 0.00000000e+00
 0.00000000e+00 3.05732484e-02 0.00000000e+00 5.89171975e-02
 0.00000000e+00 3.55095541e-01 0.00000000e+00 3.18471338e-01
 0.00000000e+00 2.18152866e-02 0.00000000e+00 3.67834395e-01
 2.02229299e-01 0.00000000e+00 0.00000000e+00 4.06050955e-01
 2.27707006e-01 0.00000000e+00 1.86305732e-01 0.00000000e+00
 0.00000000e+00 1.94267516e-01 1.36783439e-01 0.00000000e+00
 0.00000000e+00 0.00000000e+00 0.00000000e+00 0.00000000e+00]
pyseer
y_true:  [1. 1. 1. 1. 1. 1. 1. 0. 0. 0. 0. 0. 0. 0. 0. 0. 0. 0. 0. 0. 0. 0. 0. 0.
 0. 0. 0. 0. 1. 1. 1. 1. 1. 1. 1. 1. 1. 1. 1. 1. 1. 1. 0. 0. 0. 0. 0. 0.
 0. 1. 1. 1. 1. 1. 1. 1. 1. 1. 1. 1. 1. 1. 1. 0. 0. 0. 0. 0. 0. 0. 0. 0.
 0. 0. 0. 0. 0. 0. 0. 0. 0. 0. 0. 0. 0. 0. 0. 0. 0. 0. 0. 0. 0. 0. 0. 0.
 0. 0. 0. 0. 0. 0. 0. 0. 0. 0. 0. 0. 0. 0. 0. 0. 0. 0. 0. 0. 0. 0. 0. 0.
 0. 0. 0. 0. 0. 0. 0. 0. 0. 0. 0. 0. 0. 0. 0. 0. 0. 0. 0. 0. 0. 0. 0. 0.
 0. 0. 0. 0. 0. 0. 0. 0. 0. 0. 0. 0. 0. 0. 0. 0. 0. 0. 0. 0. 0. 0. 0. 0.
 0. 0. 0. 0. 0. 0. 0. 0. 0. 0. 0. 0. 0. 0. 0. 0. 0. 0. 0. 0. 0. 0. 0. 0.
 0. 0. 0. 0. 0. 0. 0. 0.]
y_pred:  [1. 1. 1. 1. 1. 1. 1. 0. 0. 0. 0. 0. 0. 0. 0. 0. 0. 1. 0. 1. 0. 1. 0. 0.
 0. 1. 0. 0. 1. 1. 1. 1. 1. 1. 0. 1. 1. 1. 0. 1. 1. 1. 1. 1. 1. 1. 1. 1.
 0. 1. 1. 1. 1. 1. 1. 1. 1. 1. 1. 1. 1. 1. 1. 0. 0. 1. 1. 0. 0. 1. 0. 0.
 0. 0. 0. 0. 0. 1. 0. 1. 0. 0. 0. 1. 0. 0. 0. 0. 0. 0. 0. 0. 0. 0. 0. 0.
 0. 0. 0. 0. 0. 0. 0. 0. 1. 0. 0. 1. 0. 0. 0. 0. 0. 0. 0. 0. 0. 0. 0. 0.
 0. 1. 0. 0. 0. 0. 0. 0. 0. 0. 1. 0. 0. 0. 0. 1. 0. 0. 0. 0. 0. 0. 0. 0.
 0. 0. 0. 0. 0. 0. 0. 0. 0. 0. 0. 1. 0. 0. 1. 1. 1. 1. 0. 0. 0. 0. 0. 0.
 0. 0. 1. 0. 0. 0. 0. 0. 0. 1. 0. 1. 0. 0. 0. 1. 1. 0. 0. 1. 1. 0. 0. 0.
 0. 0. 0. 0. 0. 0. 0. 0.]
Time taken: 21.84915280342102 seconds
Running combination 36 of 50
Fitting RandomForest...
Fitting Adaboost...
Fitting AdaBoost_2...
Fitting et...
Fitting gbc...
Fitting gbc_2...
Fitting gbc_3...
Fitting dt...
Fitting lr...
Fitting Lasso_1...
Fitting Lasso_2...
Fitting Lasso_3...
Fitting Lasso_4...
Fitting elasticnet...
VCF file created successfully.
pyseer stderr:  Read 1000 phenotypes
Detected continuous phenotype
Reading all variants

0variants [00:00, ?variants/s]
56variants [00:00, 553.33variants/s]
112variants [00:00, 481.47variants/s]
168variants [00:00, 514.31variants/s]
198variants [00:00, 518.24variants/s]
Applying correlation filtering

  0%|          | 0/198 [00:00<?, ?variants/s]
100%|██████████| 198/198 [00:00<00:00, 2686.11variants/s]
Fitting elastic net to top 148 variants
Best penalty (lambda) from cross-validation: 4.59E+01
Best R^2 from cross-validation: 0.508
Finding and printing selected variants
198 loaded variants
50 pre-filtered variants
148 tested variants
131 printed variants

True importance standardized:  [1.         1.         1.         1.         1.         1.
 1.         0.66698321 0.66698321 0.66698321 0.66698321 0.66698321
 0.66698321 0.66698321 0.32838669 0.32838669 0.32838669 0.32838669
 0.32838669 0.32838669 0.32838669 0.26215619 0.26215619 0.26215619
 0.26215619 0.26215619 0.26215619 0.26215619 0.2525862  0.2525862
 0.2525862  0.2525862  0.2525862  0.2525862  0.2525862  0.696241
 0.696241   0.696241   0.696241   0.696241   0.696241   0.696241
 0.72211617 0.72211617 0.72211617 0.72211617 0.72211617 0.72211617
 0.72211617 0.98229576 0.98229576 0.98229576 0.98229576 0.98229576
 0.98229576 0.98229576 0.73444674 0.73444674 0.73444674 0.73444674
 0.73444674 0.73444674 0.73444674 0.95137123 0.95137123 0.95137123
 0.95137123 0.95137123 0.95137123 0.95137123 0.         0.
 0.         0.         0.         0.         0.         0.
 0.         0.         0.         0.         0.         0.
 0.         0.         0.         0.         0.         0.
 0.         0.         0.         0.         0.         0.
 0.         0.         0.         0.         0.         0.
 0.         0.         0.         0.         0.         0.
 0.         0.         0.         0.         0.         0.
 0.         0.         0.         0.         0.         0.
 0.         0.         0.         0.         0.         0.
 0.         0.         0.         0.         0.         0.
 0.         0.         0.         0.         0.         0.
 0.         0.         0.         0.         0.         0.
 0.         0.         0.         0.         0.         0.
 0.         0.         0.         0.         0.         0.
 0.         0.         0.         0.         0.         0.
 0.         0.         0.         0.         0.         0.
 0.         0.         0.         0.         0.         0.
 0.         0.         0.         0.         0.         0.
 0.         0.         0.         0.         0.         0.
 0.         0.         0.         0.         0.         0.
 0.         0.         0.         0.         0.         0.
 0.         0.        ]
Normalized importance:  [0.92911381 0.92911381 0.92911381 0.92911381 0.92911381 0.92911381
 0.92911381 0.25294698 0.25294698 0.25294698 0.25294698 0.25294698
 0.25294698 0.25294698 0.04547749 0.04547749 0.04547749 0.04547749
 0.         0.04547749 0.04547749 0.0393549  0.0393549  0.0393549
 0.0393549  0.0393549  0.         0.0393549  0.04807128 0.04807128
 0.         0.04807128 0.         0.04807128 0.         0.3952214
 0.3952214  0.3952214  0.3952214  0.3952214  0.3952214  0.3952214
 0.48225791 0.48225791 0.48225791 0.48225791 0.48225791 0.48225791
 0.48225791 1.         1.         1.         1.         1.
 1.         1.         0.49475015 0.49475015 0.49475015 0.49475015
 0.49475015 0.49475015 0.49475015 0.91670526 0.91670526 0.91670526
 0.91670526 0.91670526 0.91670526 0.91670526 0.         0.
 0.         0.         0.         0.         0.         0.
 0.         0.         0.01399255 0.         0.         0.00940375
 0.         0.         0.         0.         0.         0.
 0.         0.         0.01322862 0.         0.         0.
 0.         0.         0.         0.         0.         0.
 0.         0.         0.         0.         0.01317776 0.
 0.         0.         0.         0.         0.         0.
 0.         0.         0.         0.         0.         0.
 0.         0.         0.         0.         0.         0.
 0.         0.         0.02007112 0.         0.         0.
 0.         0.01888675 0.         0.         0.         0.
 0.         0.         0.         0.         0.         0.
 0.         0.02034353 0.         0.         0.         0.
 0.         0.         0.         0.         0.         0.
 0.         0.         0.         0.         0.         0.
 0.         0.         0.         0.         0.         0.
 0.         0.         0.         0.         0.         0.
 0.         0.         0.         0.         0.         0.
 0.         0.         0.         0.         0.         0.
 0.         0.         0.         0.         0.         0.
 0.         0.         0.         0.         0.         0.
 0.         0.        ]
deepbreaks
y_true:  [1. 1. 1. 1. 1. 1. 1. 0. 0. 0. 0. 0. 0. 0. 0. 0. 0. 0. 0. 0. 0. 0. 0. 0.
 0. 0. 0. 0. 0. 0. 0. 0. 0. 0. 0. 0. 0. 0. 0. 0. 0. 0. 1. 1. 1. 1. 1. 1.
 1. 1. 1. 1. 1. 1. 1. 1. 1. 1. 1. 1. 1. 1. 1. 1. 1. 1. 1. 1. 1. 1. 0. 0.
 0. 0. 0. 0. 0. 0. 0. 0. 0. 0. 0. 0. 0. 0. 0. 0. 0. 0. 0. 0. 0. 0. 0. 0.
 0. 0. 0. 0. 0. 0. 0. 0. 0. 0. 0. 0. 0. 0. 0. 0. 0. 0. 0. 0. 0. 0. 0. 0.
 0. 0. 0. 0. 0. 0. 0. 0. 0. 0. 0. 0. 0. 0. 0. 0. 0. 0. 0. 0. 0. 0. 0. 0.
 0. 0. 0. 0. 0. 0. 0. 0. 0. 0. 0. 0. 0. 0. 0. 0. 0. 0. 0. 0. 0. 0. 0. 0.
 0. 0. 0. 0. 0. 0. 0. 0. 0. 0. 0. 0. 0. 0. 0. 0. 0. 0. 0. 0. 0. 0. 0. 0.
 0. 0. 0. 0. 0. 0. 0. 0.]
y_pred:  [1. 1. 1. 1. 1. 1. 1. 0. 0. 0. 0. 0. 0. 0. 0. 0. 0. 0. 0. 0. 0. 0. 0. 0.
 0. 0. 0. 0. 0. 0. 0. 0. 0. 0. 0. 1. 1. 1. 1. 1. 1. 1. 1. 1. 1. 1. 1. 1.
 1. 1. 1. 1. 1. 1. 1. 1. 1. 1. 1. 1. 1. 1. 1. 1. 1. 1. 1. 1. 1. 1. 0. 0.
 0. 0. 0. 0. 0. 0. 0. 0. 0. 0. 0. 0. 0. 0. 0. 0. 0. 0. 0. 0. 0. 0. 0. 0.
 0. 0. 0. 0. 0. 0. 0. 0. 0. 0. 0. 0. 0. 0. 0. 0. 0. 0. 0. 0. 0. 0. 0. 0.
 0. 0. 0. 0. 0. 0. 0. 0. 0. 0. 0. 0. 0. 0. 0. 0. 0. 0. 0. 0. 0. 0. 0. 0.
 0. 0. 0. 0. 0. 0. 0. 0. 0. 0. 0. 0. 0. 0. 0. 0. 0. 0. 0. 0. 0. 0. 0. 0.
 0. 0. 0. 0. 0. 0. 0. 0. 0. 0. 0. 0. 0. 0. 0. 0. 0. 0. 0. 0. 0. 0. 0. 0.
 0. 0. 0. 0. 0. 0. 0. 0.]
Normalized importance:  [9.95740149e-01 5.79339723e-01 6.02768903e-01 4.56869010e-01
 7.13525027e-01 3.74866880e-01 4.54739084e-01 5.02662407e-01
 2.70500532e-01 2.08732694e-01 3.70607029e-01 1.71458999e-01
 5.87859425e-01 2.67305644e-01 2.16187433e-01 6.82641108e-02
 1.57614483e-01 2.34291800e-01 0.00000000e+00 2.28966986e-01
 0.00000000e+00 2.03407881e-01 9.21192758e-02 2.09797657e-01
 7.49733759e-03 3.10969116e-01 7.93397231e-02 0.00000000e+00
 2.56656017e-01 1.50159744e-01 1.65069223e-01 0.00000000e+00
 5.65495208e-05 7.44408946e-02 1.83173589e-01 6.95420660e-01
 2.26837061e-01 1.24600639e-01 5.50585729e-01 3.29073482e-01
 3.28008520e-01 4.24920128e-01 7.51863685e-01 4.19595314e-01
 4.79233227e-01 3.58892439e-01 1.55484558e-01 3.84451544e-01
 1.81043663e-01 1.00000000e+00 5.23961661e-01 2.85410011e-01
 6.10223642e-01 5.59105431e-01 6.76251331e-01 4.85623003e-01
 6.68796592e-01 4.64323749e-01 5.10117146e-01 5.68690096e-01
 3.30138445e-01 4.07880724e-01 1.97018104e-01 7.47603834e-01
 6.19808307e-01 6.27263046e-01 1.35250266e-01 7.78487753e-01
 4.88817891e-01 5.97444089e-01 1.68264111e-01 1.89563365e-01
 0.00000000e+00 1.78913738e-01 1.08626198e-01 8.78594249e-02
 3.13099042e-02 7.64643237e-03 1.27795527e-01 3.41853035e-01
 6.41107561e-01 0.00000000e+00 0.00000000e+00 2.37486688e-01
 0.00000000e+00 2.00212993e-01 0.00000000e+00 3.33333333e-01
 0.00000000e+00 0.00000000e+00 8.10436635e-02 3.76996805e-01
 9.37167199e-02 0.00000000e+00 2.11927583e-01 1.74653887e-01
 2.37486688e-01 1.22470714e-01 0.00000000e+00 8.99893504e-02
 3.96166134e-02 0.00000000e+00 2.98189563e-01 0.00000000e+00
 0.00000000e+00 0.00000000e+00 1.94888179e-01 6.74121406e-02
 1.18210863e-01 0.00000000e+00 1.90628328e-01 1.73588924e-01
 1.74653887e-01 5.62300319e-02 0.00000000e+00 0.00000000e+00
 1.15015974e-01 8.92438765e-02 1.62939297e-01 0.00000000e+00
 0.00000000e+00 6.84771033e-02 0.00000000e+00 0.00000000e+00
 0.00000000e+00 0.00000000e+00 0.00000000e+00 6.33652822e-02
 2.41746539e-01 3.35463259e-01 0.00000000e+00 1.08626198e-01
 0.00000000e+00 2.33226837e-01 2.54526092e-01 0.00000000e+00
 1.91693291e-01 0.00000000e+00 0.00000000e+00 2.33226837e-01
 1.89563365e-03 0.00000000e+00 0.00000000e+00 0.00000000e+00
 4.96272630e-02 1.99148030e-01 0.00000000e+00 0.00000000e+00
 0.00000000e+00 1.34185304e-01 8.93503727e-02 1.76783813e-01
 0.00000000e+00 0.00000000e+00 0.00000000e+00 5.26091587e-02
 6.59211928e-02 1.89563365e-01 9.10543131e-02 1.82108626e-02
 1.72523962e-01 1.12886049e-01 1.82108626e-01 0.00000000e+00
 0.00000000e+00 0.00000000e+00 0.00000000e+00 1.51224707e-01
 0.00000000e+00 0.00000000e+00 1.25665602e-01 0.00000000e+00
 1.30990415e-01 2.24707135e-02 0.00000000e+00 2.67305644e-01
 0.00000000e+00 0.00000000e+00 0.00000000e+00 0.00000000e+00
 0.00000000e+00 0.00000000e+00 0.00000000e+00 0.00000000e+00
 0.00000000e+00 1.29925453e-01 0.00000000e+00 0.00000000e+00
 0.00000000e+00 1.49094782e-02 1.23535676e-01 0.00000000e+00
 2.63045793e-01 0.00000000e+00 0.00000000e+00 0.00000000e+00
 0.00000000e+00 0.00000000e+00 0.00000000e+00 0.00000000e+00]
pyseer
y_true:  [1. 1. 1. 1. 1. 1. 1. 0. 0. 0. 0. 0. 0. 0. 0. 0. 0. 0. 0. 0. 0. 0. 0. 0.
 0. 0. 0. 0. 0. 0. 0. 0. 0. 0. 0. 0. 0. 0. 0. 0. 0. 0. 1. 1. 1. 1. 1. 1.
 1. 1. 1. 1. 1. 1. 1. 1. 1. 1. 1. 1. 1. 1. 1. 1. 1. 1. 1. 1. 1. 1. 0. 0.
 0. 0. 0. 0. 0. 0. 0. 0. 0. 0. 0. 0. 0. 0. 0. 0. 0. 0. 0. 0. 0. 0. 0. 0.
 0. 0. 0. 0. 0. 0. 0. 0. 0. 0. 0. 0. 0. 0. 0. 0. 0. 0. 0. 0. 0. 0. 0. 0.
 0. 0. 0. 0. 0. 0. 0. 0. 0. 0. 0. 0. 0. 0. 0. 0. 0. 0. 0. 0. 0. 0. 0. 0.
 0. 0. 0. 0. 0. 0. 0. 0. 0. 0. 0. 0. 0. 0. 0. 0. 0. 0. 0. 0. 0. 0. 0. 0.
 0. 0. 0. 0. 0. 0. 0. 0. 0. 0. 0. 0. 0. 0. 0. 0. 0. 0. 0. 0. 0. 0. 0. 0.
 0. 0. 0. 0. 0. 0. 0. 0.]
y_pred:  [1. 1. 1. 1. 1. 1. 1. 1. 1. 1. 1. 0. 1. 1. 1. 0. 0. 1. 0. 1. 0. 1. 0. 1.
 0. 1. 0. 0. 1. 0. 0. 0. 0. 0. 0. 1. 1. 0. 1. 1. 1. 1. 1. 1. 1. 1. 0. 1.
 0. 1. 1. 1. 1. 1. 1. 1. 1. 1. 1. 1. 1. 1. 0. 1. 1. 1. 0. 1. 1. 1. 0. 0.
 0. 0. 0. 0. 0. 0. 0. 1. 1. 0. 0. 1. 0. 1. 0. 1. 0. 0. 0. 1. 0. 0. 1. 0.
 1. 0. 0. 0. 0. 0. 1. 0. 0. 0. 0. 0. 0. 0. 0. 0. 0. 0. 0. 0. 0. 0. 0. 0.
 0. 0. 0. 0. 0. 0. 0. 0. 1. 1. 0. 0. 0. 1. 1. 0. 0. 0. 0. 1. 0. 0. 0. 0.
 0. 0. 0. 0. 0. 0. 0. 0. 0. 0. 0. 0. 0. 0. 0. 0. 0. 0. 0. 0. 0. 0. 0. 0.
 0. 0. 0. 0. 0. 0. 0. 1. 0. 0. 0. 0. 0. 0. 0. 0. 0. 0. 0. 0. 0. 0. 0. 0.
 1. 0. 0. 0. 0. 0. 0. 0.]
Time taken: 23.07995343208313 seconds
Running combination 37 of 50
Fitting RandomForest...
Fitting Adaboost...
Fitting AdaBoost_2...
Fitting et...
Fitting gbc...
Fitting gbc_2...
Fitting gbc_3...
Fitting dt...
Fitting lr...
Fitting Lasso_1...
Fitting Lasso_2...
Fitting Lasso_3...
Fitting Lasso_4...
Fitting elasticnet...
VCF file created successfully.
pyseer stderr:  Read 1000 phenotypes
Detected continuous phenotype
Reading all variants

0variants [00:00, ?variants/s]
53variants [00:00, 528.59variants/s]
106variants [00:00, 468.50variants/s]
161variants [00:00, 501.90variants/s]
198variants [00:00, 506.42variants/s]
Applying correlation filtering

  0%|          | 0/198 [00:00<?, ?variants/s]
100%|██████████| 198/198 [00:00<00:00, 2701.76variants/s]
Fitting elastic net to top 148 variants
Best penalty (lambda) from cross-validation: 1.93E+01
Best R^2 from cross-validation: 0.499
Finding and printing selected variants
198 loaded variants
50 pre-filtered variants
148 tested variants
139 printed variants

True importance standardized:  [0.8629917  0.8629917  0.8629917  0.8629917  0.8629917  0.8629917
 0.8629917  0.22157755 0.22157755 0.22157755 0.22157755 0.22157755
 0.22157755 0.22157755 0.13904006 0.13904006 0.13904006 0.13904006
 0.13904006 0.13904006 0.13904006 0.18559601 0.18559601 0.18559601
 0.18559601 0.18559601 0.18559601 0.18559601 1.         1.
 1.         1.         1.         1.         1.         0.42817847
 0.42817847 0.42817847 0.42817847 0.42817847 0.42817847 0.42817847
 0.76435718 0.76435718 0.76435718 0.76435718 0.76435718 0.76435718
 0.76435718 0.18308121 0.18308121 0.18308121 0.18308121 0.18308121
 0.18308121 0.18308121 0.97820234 0.97820234 0.97820234 0.97820234
 0.97820234 0.97820234 0.97820234 0.87743455 0.87743455 0.87743455
 0.87743455 0.87743455 0.87743455 0.87743455 0.         0.
 0.         0.         0.         0.         0.         0.
 0.         0.         0.         0.         0.         0.
 0.         0.         0.         0.         0.         0.
 0.         0.         0.         0.         0.         0.
 0.         0.         0.         0.         0.         0.
 0.         0.         0.         0.         0.         0.
 0.         0.         0.         0.         0.         0.
 0.         0.         0.         0.         0.         0.
 0.         0.         0.         0.         0.         0.
 0.         0.         0.         0.         0.         0.
 0.         0.         0.         0.         0.         0.
 0.         0.         0.         0.         0.         0.
 0.         0.         0.         0.         0.         0.
 0.         0.         0.         0.         0.         0.
 0.         0.         0.         0.         0.         0.
 0.         0.         0.         0.         0.         0.
 0.         0.         0.         0.         0.         0.
 0.         0.         0.         0.         0.         0.
 0.         0.         0.         0.         0.         0.
 0.         0.         0.         0.         0.         0.
 0.         0.         0.         0.         0.         0.
 0.         0.        ]
Normalized importance:  [0.61854198 0.61854198 0.61854198 0.61854198 0.61854198 0.61854198
 0.61854198 0.         0.         0.         0.         0.
 0.         0.         0.06980525 0.06980525 0.06980525 0.06980525
 0.06980525 0.06980525 0.06980525 0.         0.         0.
 0.         0.         0.         0.         1.         1.
 1.         1.         1.         1.         1.         0.08629755
 0.08629755 0.08629755 0.         0.         0.         0.08629755
 0.59472397 0.59472397 0.59472397 0.59472397 0.59472397 0.59472397
 0.59472397 0.         0.         0.         0.         0.0396015
 0.         0.         0.86879524 0.86879524 0.86879524 0.86879524
 0.86879524 0.86879524 0.86879524 0.92522407 0.92522407 0.92522407
 0.92522407 0.92522407 0.92522407 0.92522407 0.         0.
 0.         0.         0.         0.         0.         0.
 0.         0.         0.         0.         0.         0.00972966
 0.         0.         0.         0.         0.         0.
 0.         0.         0.         0.         0.         0.
 0.         0.         0.         0.         0.         0.
 0.         0.         0.         0.         0.         0.
 0.         0.         0.         0.         0.         0.
 0.04550083 0.         0.         0.         0.         0.
 0.         0.         0.         0.         0.         0.
 0.         0.         0.         0.         0.01968508 0.
 0.         0.01225348 0.         0.         0.         0.
 0.02874827 0.         0.         0.         0.         0.
 0.         0.         0.         0.         0.         0.
 0.         0.         0.         0.         0.         0.
 0.         0.         0.         0.         0.         0.
 0.         0.         0.         0.         0.         0.00560126
 0.         0.         0.         0.01590384 0.         0.
 0.         0.         0.         0.         0.         0.
 0.         0.         0.         0.         0.         0.
 0.         0.         0.         0.00636683 0.         0.
 0.         0.         0.         0.         0.01622975 0.
 0.         0.        ]
deepbreaks
y_true:  [1. 1. 1. 1. 1. 1. 1. 0. 0. 0. 0. 0. 0. 0. 0. 0. 0. 0. 0. 0. 0. 0. 0. 0.
 0. 0. 0. 0. 1. 1. 1. 1. 1. 1. 1. 0. 0. 0. 0. 0. 0. 0. 1. 1. 1. 1. 1. 1.
 1. 0. 0. 0. 0. 0. 0. 0. 1. 1. 1. 1. 1. 1. 1. 1. 1. 1. 1. 1. 1. 1. 0. 0.
 0. 0. 0. 0. 0. 0. 0. 0. 0. 0. 0. 0. 0. 0. 0. 0. 0. 0. 0. 0. 0. 0. 0. 0.
 0. 0. 0. 0. 0. 0. 0. 0. 0. 0. 0. 0. 0. 0. 0. 0. 0. 0. 0. 0. 0. 0. 0. 0.
 0. 0. 0. 0. 0. 0. 0. 0. 0. 0. 0. 0. 0. 0. 0. 0. 0. 0. 0. 0. 0. 0. 0. 0.
 0. 0. 0. 0. 0. 0. 0. 0. 0. 0. 0. 0. 0. 0. 0. 0. 0. 0. 0. 0. 0. 0. 0. 0.
 0. 0. 0. 0. 0. 0. 0. 0. 0. 0. 0. 0. 0. 0. 0. 0. 0. 0. 0. 0. 0. 0. 0. 0.
 0. 0. 0. 0. 0. 0. 0. 0.]
y_pred:  [1. 1. 1. 1. 1. 1. 1. 0. 0. 0. 0. 0. 0. 0. 0. 0. 0. 0. 0. 0. 0. 0. 0. 0.
 0. 0. 0. 0. 1. 1. 1. 1. 1. 1. 1. 0. 0. 0. 0. 0. 0. 0. 0. 0. 0. 0. 0. 0.
 0. 0. 0. 0. 0. 0. 0. 0. 1. 1. 1. 1. 1. 1. 1. 1. 1. 1. 1. 1. 1. 1. 0. 0.
 0. 0. 0. 0. 0. 0. 0. 0. 0. 0. 0. 0. 0. 0. 0. 0. 0. 0. 0. 0. 0. 0. 0. 0.
 0. 0. 0. 0. 0. 0. 0. 0. 0. 0. 0. 0. 0. 0. 0. 0. 0. 0. 0. 0. 0. 0. 0. 0.
 0. 0. 0. 0. 0. 0. 0. 0. 0. 0. 0. 0. 0. 0. 0. 0. 0. 0. 0. 0. 0. 0. 0. 0.
 0. 0. 0. 0. 0. 0. 0. 0. 0. 0. 0. 0. 0. 0. 0. 0. 0. 0. 0. 0. 0. 0. 0. 0.
 0. 0. 0. 0. 0. 0. 0. 0. 0. 0. 0. 0. 0. 0. 0. 0. 0. 0. 0. 0. 0. 0. 0. 0.
 0. 0. 0. 0. 0. 0. 0. 0.]
Normalized importance:  [0.64918033 0.10885246 0.52459016 0.42622951 0.68032787 0.42295082
 0.46721311 0.         0.         0.         0.07606557 0.
 0.         0.39344262 0.26229508 0.14360656 0.08852459 0.03819672
 0.3        0.2442623  0.08508197 0.22295082 0.05803279 0.
 0.19180328 0.         0.         0.         0.90491803 0.60163934
 0.54262295 0.23114754 0.55409836 0.38852459 0.37704918 0.44262295
 0.31803279 0.28852459 0.0252459  0.01737705 0.1352459  0.22622951
 0.69016393 0.57868852 0.37377049 0.05       0.62786885 0.19508197
 0.43442623 0.14       0.         0.0257377  0.01190164 0.24098361
 0.11901639 0.         1.         0.4295082  0.3852459  0.5852459
 0.55245902 0.39344262 0.13409836 0.92786885 0.44918033 0.3557377
 0.44918033 0.42459016 0.37213115 0.4442623  0.01967213 0.20327869
 0.03754098 0.         0.         0.39836066 0.         0.14606557
 0.11934426 0.42786885 0.07704918 0.         0.         0.07590164
 0.00360656 0.19344262 0.32295082 0.0252459  0.1457377  0.
 0.17377049 0.         0.16393443 0.06213115 0.36393443 0.17868852
 0.28852459 0.         0.         0.07557377 0.06081967 0.05114754
 0.         0.13885246 0.         0.02852459 0.         0.
 0.         0.41967213 0.15819672 0.         0.03311475 0.
 0.43442623 0.10967213 0.         0.43278689 0.05327869 0.19672131
 0.         0.         0.06327869 0.         0.01029508 0.
 0.         0.15163934 0.         0.         0.24590164 0.06377049
 0.02885246 0.22786885 0.         0.         0.0842623  0.2704918
 0.45409836 0.24918033 0.23114754 0.         0.         0.31803279
 0.         0.28688525 0.         0.12278689 0.         0.39344262
 0.         0.18852459 0.21639344 0.         0.14245902 0.29508197
 0.         0.         0.08737705 0.06934426 0.0252459  0.16557377
 0.11409836 0.10704918 0.1704918  0.         0.19016393 0.18852459
 0.         0.         0.14655738 0.01465574 0.08       0.29672131
 0.09508197 0.02311475 0.         0.         0.26229508 0.15721311
 0.         0.02229508 0.04770492 0.         0.         0.19672131
 0.10819672 0.         0.         0.11442623 0.22131148 0.
 0.         0.         0.08114754 0.35409836 0.30819672 0.21803279
 0.         0.        ]
pyseer
y_true:  [1. 1. 1. 1. 1. 1. 1. 0. 0. 0. 0. 0. 0. 0. 0. 0. 0. 0. 0. 0. 0. 0. 0. 0.
 0. 0. 0. 0. 1. 1. 1. 1. 1. 1. 1. 0. 0. 0. 0. 0. 0. 0. 1. 1. 1. 1. 1. 1.
 1. 0. 0. 0. 0. 0. 0. 0. 1. 1. 1. 1. 1. 1. 1. 1. 1. 1. 1. 1. 1. 1. 0. 0.
 0. 0. 0. 0. 0. 0. 0. 0. 0. 0. 0. 0. 0. 0. 0. 0. 0. 0. 0. 0. 0. 0. 0. 0.
 0. 0. 0. 0. 0. 0. 0. 0. 0. 0. 0. 0. 0. 0. 0. 0. 0. 0. 0. 0. 0. 0. 0. 0.
 0. 0. 0. 0. 0. 0. 0. 0. 0. 0. 0. 0. 0. 0. 0. 0. 0. 0. 0. 0. 0. 0. 0. 0.
 0. 0. 0. 0. 0. 0. 0. 0. 0. 0. 0. 0. 0. 0. 0. 0. 0. 0. 0. 0. 0. 0. 0. 0.
 0. 0. 0. 0. 0. 0. 0. 0. 0. 0. 0. 0. 0. 0. 0. 0. 0. 0. 0. 0. 0. 0. 0. 0.
 0. 0. 0. 0. 0. 0. 0. 0.]
y_pred:  [1. 0. 1. 1. 1. 1. 1. 0. 0. 0. 0. 0. 0. 1. 1. 0. 0. 0. 1. 1. 0. 1. 0. 0.
 0. 0. 0. 0. 1. 1. 1. 1. 1. 1. 1. 1. 1. 1. 0. 0. 0. 1. 1. 1. 1. 0. 1. 1.
 1. 0. 0. 0. 0. 1. 0. 0. 1. 1. 1. 1. 1. 1. 0. 1. 1. 1. 1. 1. 1. 1. 0. 1.
 0. 0. 0. 1. 0. 0. 0. 1. 0. 0. 0. 0. 0. 0. 1. 0. 0. 0. 0. 0. 0. 0. 1. 0.
 1. 0. 0. 0. 0. 0. 0. 0. 0. 0. 0. 0. 0. 1. 0. 0. 0. 0. 1. 0. 0. 1. 0. 1.
 0. 0. 0. 0. 0. 0. 0. 0. 0. 0. 1. 0. 0. 1. 0. 0. 0. 1. 1. 1. 1. 0. 0. 1.
 0. 1. 0. 0. 0. 1. 0. 0. 1. 0. 0. 1. 0. 0. 0. 0. 0. 0. 0. 0. 0. 0. 0. 0.
 0. 0. 0. 0. 0. 1. 0. 0. 0. 0. 1. 0. 0. 0. 0. 0. 0. 1. 0. 0. 0. 0. 1. 0.
 0. 0. 0. 1. 1. 1. 0. 0.]
Time taken: 22.028757095336914 seconds
Running combination 38 of 50
Fitting RandomForest...
Fitting Adaboost...
Fitting AdaBoost_2...
Fitting et...
Fitting gbc...
Fitting gbc_2...
Fitting gbc_3...
Fitting dt...
Fitting lr...
Fitting Lasso_1...
Fitting Lasso_2...
Fitting Lasso_3...
Fitting Lasso_4...
Fitting elasticnet...
VCF file created successfully.
pyseer stderr:  Read 1000 phenotypes
Detected continuous phenotype
Reading all variants

0variants [00:00, ?variants/s]
55variants [00:00, 548.23variants/s]
110variants [00:00, 482.42variants/s]
159variants [00:00, 213.07variants/s]
198variants [00:00, 284.04variants/s]
Applying correlation filtering

  0%|          | 0/198 [00:00<?, ?variants/s]
100%|██████████| 198/198 [00:00<00:00, 2697.92variants/s]
Fitting elastic net to top 148 variants
Best penalty (lambda) from cross-validation: 1.48E+01
Best R^2 from cross-validation: 0.536
Finding and printing selected variants
198 loaded variants
50 pre-filtered variants
148 tested variants
137 printed variants

True importance standardized:  [0.36256431 0.36256431 0.36256431 0.36256431 0.36256431 0.36256431
 0.36256431 0.9176196  0.9176196  0.9176196  0.9176196  0.9176196
 0.9176196  0.9176196  0.77175262 0.77175262 0.77175262 0.77175262
 0.77175262 0.77175262 0.77175262 0.47241158 0.47241158 0.47241158
 0.47241158 0.47241158 0.47241158 0.47241158 0.31149001 0.31149001
 0.31149001 0.31149001 0.31149001 0.31149001 0.31149001 0.67995692
 0.67995692 0.67995692 0.67995692 0.67995692 0.67995692 0.67995692
 1.         1.         1.         1.         1.         1.
 1.         0.17992092 0.17992092 0.17992092 0.17992092 0.17992092
 0.17992092 0.17992092 0.56176516 0.56176516 0.56176516 0.56176516
 0.56176516 0.56176516 0.56176516 0.38768343 0.38768343 0.38768343
 0.38768343 0.38768343 0.38768343 0.38768343 0.         0.
 0.         0.         0.         0.         0.         0.
 0.         0.         0.         0.         0.         0.
 0.         0.         0.         0.         0.         0.
 0.         0.         0.         0.         0.         0.
 0.         0.         0.         0.         0.         0.
 0.         0.         0.         0.         0.         0.
 0.         0.         0.         0.         0.         0.
 0.         0.         0.         0.         0.         0.
 0.         0.         0.         0.         0.         0.
 0.         0.         0.         0.         0.         0.
 0.         0.         0.         0.         0.         0.
 0.         0.         0.         0.         0.         0.
 0.         0.         0.         0.         0.         0.
 0.         0.         0.         0.         0.         0.
 0.         0.         0.         0.         0.         0.
 0.         0.         0.         0.         0.         0.
 0.         0.         0.         0.         0.         0.
 0.         0.         0.         0.         0.         0.
 0.         0.         0.         0.         0.         0.
 0.         0.         0.         0.         0.         0.
 0.         0.         0.         0.         0.         0.
 0.         0.        ]
Normalized importance:  [0.08033397 0.08033397 0.08033397 0.08033397 0.08033397 0.08033397
 0.08033397 0.93980818 0.93980818 0.93980818 0.93980818 0.93980818
 0.93980818 0.93980818 0.81882988 0.81882988 0.81882988 0.81882988
 0.81882988 0.81882988 0.81882988 0.14501767 0.14501767 0.14501767
 0.14501767 0.14501767 0.14501767 0.14501767 0.36482804 0.36482804
 0.36482804 0.36482804 0.36482804 0.36482804 0.36482804 0.80199477
 0.80199477 0.80199477 0.80199477 0.80199477 0.80199477 0.80199477
 1.         1.         1.         1.         1.         1.
 1.         0.06114321 0.06114321 0.06114321 0.06114321 0.06114321
 0.06114321 0.06114321 0.18683429 0.18683429 0.18683429 0.18683429
 0.18683429 0.18683429 0.18683429 0.12285179 0.12285179 0.12285179
 0.12285179 0.12285179 0.12285179 0.12285179 0.         0.
 0.         0.         0.         0.         0.         0.
 0.         0.01675791 0.         0.         0.         0.
 0.         0.         0.         0.01606172 0.01159431 0.
 0.         0.00952124 0.         0.         0.         0.
 0.         0.         0.01006079 0.         0.         0.
 0.         0.         0.         0.07443025 0.         0.
 0.         0.         0.         0.         0.         0.
 0.         0.         0.         0.         0.         0.
 0.         0.         0.         0.         0.         0.
 0.         0.         0.         0.00765349 0.         0.
 0.         0.         0.0182148  0.         0.         0.
 0.         0.         0.         0.         0.         0.
 0.00823404 0.         0.         0.         0.         0.
 0.0111808  0.00747076 0.         0.01519552 0.01155343 0.
 0.         0.         0.0070422  0.         0.         0.
 0.         0.         0.         0.         0.         0.
 0.         0.         0.00491961 0.00836354 0.         0.
 0.         0.         0.         0.         0.         0.01903586
 0.         0.02126113 0.         0.         0.         0.
 0.         0.         0.         0.         0.         0.
 0.         0.         0.         0.         0.         0.
 0.         0.        ]
deepbreaks
y_true:  [0. 0. 0. 0. 0. 0. 0. 1. 1. 1. 1. 1. 1. 1. 1. 1. 1. 1. 1. 1. 1. 0. 0. 0.
 0. 0. 0. 0. 0. 0. 0. 0. 0. 0. 0. 1. 1. 1. 1. 1. 1. 1. 1. 1. 1. 1. 1. 1.
 1. 0. 0. 0. 0. 0. 0. 0. 1. 1. 1. 1. 1. 1. 1. 0. 0. 0. 0. 0. 0. 0. 0. 0.
 0. 0. 0. 0. 0. 0. 0. 0. 0. 0. 0. 0. 0. 0. 0. 0. 0. 0. 0. 0. 0. 0. 0. 0.
 0. 0. 0. 0. 0. 0. 0. 0. 0. 0. 0. 0. 0. 0. 0. 0. 0. 0. 0. 0. 0. 0. 0. 0.
 0. 0. 0. 0. 0. 0. 0. 0. 0. 0. 0. 0. 0. 0. 0. 0. 0. 0. 0. 0. 0. 0. 0. 0.
 0. 0. 0. 0. 0. 0. 0. 0. 0. 0. 0. 0. 0. 0. 0. 0. 0. 0. 0. 0. 0. 0. 0. 0.
 0. 0. 0. 0. 0. 0. 0. 0. 0. 0. 0. 0. 0. 0. 0. 0. 0. 0. 0. 0. 0. 0. 0. 0.
 0. 0. 0. 0. 0. 0. 0. 0.]
y_pred:  [0. 0. 0. 0. 0. 0. 0. 1. 1. 1. 1. 1. 1. 1. 1. 1. 1. 1. 1. 1. 1. 1. 1. 1.
 1. 1. 1. 1. 1. 1. 1. 1. 1. 1. 1. 1. 1. 1. 1. 1. 1. 1. 1. 1. 1. 1. 1. 1.
 1. 0. 0. 0. 0. 0. 0. 0. 1. 1. 1. 1. 1. 1. 1. 0. 0. 0. 0. 0. 0. 0. 0. 0.
 0. 0. 0. 0. 0. 0. 0. 0. 0. 0. 0. 0. 0. 0. 0. 0. 0. 0. 0. 0. 0. 0. 0. 0.
 0. 0. 0. 0. 0. 0. 0. 0. 0. 0. 0. 0. 0. 0. 0. 0. 0. 0. 0. 0. 0. 0. 0. 0.
 0. 0. 0. 0. 0. 0. 0. 0. 0. 0. 0. 0. 0. 0. 0. 0. 0. 0. 0. 0. 0. 0. 0. 0.
 0. 0. 0. 0. 0. 0. 0. 0. 0. 0. 0. 0. 0. 0. 0. 0. 0. 0. 0. 0. 0. 0. 0. 0.
 0. 0. 0. 0. 0. 0. 0. 0. 0. 0. 0. 0. 0. 0. 0. 0. 0. 0. 0. 0. 0. 0. 0. 0.
 0. 0. 0. 0. 0. 0. 0. 0.]
Normalized importance:  [0.38870432 0.18770764 0.00327243 0.00892027 0.10780731 0.04518272
 0.56644518 1.         0.26578073 0.39700997 0.2923588  0.03272425
 0.40033223 0.46179402 0.93853821 0.43023256 0.50664452 0.56976744
 0.26245847 0.02857143 0.22591362 0.30066445 0.20099668 0.05182724
 0.11345515 0.3654485  0.43687708 0.38372093 0.53156146 0.00946844
 0.31893688 0.11212625 0.24086379 0.21096346 0.26910299 0.63953488
 0.39534884 0.30232558 0.26910299 0.40531561 0.18438538 0.55813953
 0.88538206 0.49335548 0.69933555 0.6179402  0.22093023 0.34717608
 0.48006645 0.21262458 0.         0.12508306 0.30066445 0.11644518
 0.21428571 0.14584718 0.54152824 0.11345515 0.33056478 0.52657807
 0.01363787 0.20099668 0.13039867 0.40697674 0.02940199 0.
 0.38870432 0.35049834 0.18106312 0.05448505 0.         0.
 0.13421927 0.         0.06096346 0.07973422 0.         0.
 0.01976744 0.37209302 0.01024917 0.         0.         0.24750831
 0.         0.         0.         0.05332226 0.31893688 0.09750831
 0.         0.05747508 0.         0.14568106 0.12591362 0.
 0.32890365 0.14169435 0.02242525 0.11777409 0.         0.07774086
 0.         0.16777409 0.         0.53488372 0.10166113 0.
 0.2641196  0.         0.         0.         0.05481728 0.
 0.         0.         0.         0.         0.04003322 0.15448505
 0.15265781 0.         0.         0.         0.05365449 0.00313953
 0.08172757 0.         0.         0.23255814 0.10166113 0.
 0.09667774 0.07641196 0.29900332 0.         0.35215947 0.
 0.02392027 0.         0.11063123 0.         0.02873754 0.
 0.20099668 0.06744186 0.10149502 0.19933555 0.13239203 0.
 0.27408638 0.12591362 0.         0.38372093 0.30730897 0.
 0.06428571 0.         0.03737542 0.         0.         0.
 0.         0.28737542 0.         0.13272425 0.         0.13421927
 0.         0.14003322 0.22425249 0.1320598  0.00742525 0.
 0.         0.01099668 0.         0.         0.21262458 0.31561462
 0.14933555 0.11395349 0.         0.         0.         0.06428571
 0.         0.14767442 0.16777409 0.09468439 0.         0.
 0.         0.16777409 0.15880399 0.         0.01677741 0.01048173
 0.         0.        ]
pyseer
y_true:  [0. 0. 0. 0. 0. 0. 0. 1. 1. 1. 1. 1. 1. 1. 1. 1. 1. 1. 1. 1. 1. 0. 0. 0.
 0. 0. 0. 0. 0. 0. 0. 0. 0. 0. 0. 1. 1. 1. 1. 1. 1. 1. 1. 1. 1. 1. 1. 1.
 1. 0. 0. 0. 0. 0. 0. 0. 1. 1. 1. 1. 1. 1. 1. 0. 0. 0. 0. 0. 0. 0. 0. 0.
 0. 0. 0. 0. 0. 0. 0. 0. 0. 0. 0. 0. 0. 0. 0. 0. 0. 0. 0. 0. 0. 0. 0. 0.
 0. 0. 0. 0. 0. 0. 0. 0. 0. 0. 0. 0. 0. 0. 0. 0. 0. 0. 0. 0. 0. 0. 0. 0.
 0. 0. 0. 0. 0. 0. 0. 0. 0. 0. 0. 0. 0. 0. 0. 0. 0. 0. 0. 0. 0. 0. 0. 0.
 0. 0. 0. 0. 0. 0. 0. 0. 0. 0. 0. 0. 0. 0. 0. 0. 0. 0. 0. 0. 0. 0. 0. 0.
 0. 0. 0. 0. 0. 0. 0. 0. 0. 0. 0. 0. 0. 0. 0. 0. 0. 0. 0. 0. 0. 0. 0. 0.
 0. 0. 0. 0. 0. 0. 0. 0.]
y_pred:  [1. 1. 0. 0. 0. 0. 1. 1. 1. 1. 1. 0. 1. 1. 1. 1. 1. 1. 1. 0. 1. 1. 1. 0.
 0. 1. 1. 1. 1. 0. 1. 0. 1. 1. 1. 1. 1. 1. 1. 1. 1. 1. 1. 1. 1. 1. 1. 1.
 1. 1. 0. 0. 1. 0. 1. 0. 1. 0. 1. 1. 0. 1. 0. 1. 0. 0. 1. 1. 1. 0. 0. 0.
 0. 0. 0. 0. 0. 0. 0. 1. 0. 0. 0. 1. 0. 0. 0. 0. 1. 0. 0. 0. 0. 0. 0. 0.
 1. 0. 0. 0. 0. 0. 0. 1. 0. 1. 0. 0. 1. 0. 0. 0. 0. 0. 0. 0. 0. 0. 0. 0.
 0. 0. 0. 0. 0. 0. 0. 0. 0. 1. 0. 0. 0. 0. 1. 0. 1. 0. 0. 0. 0. 0. 0. 0.
 1. 0. 0. 1. 0. 0. 1. 0. 0. 1. 1. 0. 0. 0. 0. 0. 0. 0. 0. 1. 0. 0. 0. 0.
 0. 0. 1. 0. 0. 0. 0. 0. 0. 0. 1. 1. 0. 0. 0. 0. 0. 0. 0. 0. 1. 0. 0. 0.
 0. 1. 0. 0. 0. 0. 0. 0.]
Time taken: 23.203063011169434 seconds
Running combination 39 of 50
Fitting RandomForest...
Fitting Adaboost...
Fitting AdaBoost_2...
Fitting et...
Fitting gbc...
Fitting gbc_2...
Fitting gbc_3...
Fitting dt...
Fitting lr...
Fitting Lasso_1...
Fitting Lasso_2...
Fitting Lasso_3...
Fitting Lasso_4...
Fitting elasticnet...
VCF file created successfully.
pyseer stderr:  Read 1000 phenotypes
Detected continuous phenotype
Reading all variants

0variants [00:00, ?variants/s]
56variants [00:00, 550.70variants/s]
112variants [00:00, 483.87variants/s]
168variants [00:00, 513.42variants/s]
198variants [00:00, 517.87variants/s]
Applying correlation filtering

  0%|          | 0/198 [00:00<?, ?variants/s]
100%|██████████| 198/198 [00:00<00:00, 2662.60variants/s]
Fitting elastic net to top 148 variants
Best penalty (lambda) from cross-validation: 4.01E+01
Best R^2 from cross-validation: 0.489
Finding and printing selected variants
198 loaded variants
50 pre-filtered variants
148 tested variants
131 printed variants

True importance standardized:  [0.92344794 0.92344794 0.92344794 0.92344794 0.92344794 0.92344794
 0.92344794 0.85327523 0.85327523 0.85327523 0.85327523 0.85327523
 0.85327523 0.85327523 0.32753574 0.32753574 0.32753574 0.32753574
 0.32753574 0.32753574 0.32753574 0.58487294 0.58487294 0.58487294
 0.58487294 0.58487294 0.58487294 0.58487294 0.18345076 0.18345076
 0.18345076 0.18345076 0.18345076 0.18345076 0.18345076 0.30837536
 0.30837536 0.30837536 0.30837536 0.30837536 0.30837536 0.30837536
 0.86143656 0.86143656 0.86143656 0.86143656 0.86143656 0.86143656
 0.86143656 0.94447037 0.94447037 0.94447037 0.94447037 0.94447037
 0.94447037 0.94447037 0.54190958 0.54190958 0.54190958 0.54190958
 0.54190958 0.54190958 0.54190958 1.         1.         1.
 1.         1.         1.         1.         0.         0.
 0.         0.         0.         0.         0.         0.
 0.         0.         0.         0.         0.         0.
 0.         0.         0.         0.         0.         0.
 0.         0.         0.         0.         0.         0.
 0.         0.         0.         0.         0.         0.
 0.         0.         0.         0.         0.         0.
 0.         0.         0.         0.         0.         0.
 0.         0.         0.         0.         0.         0.
 0.         0.         0.         0.         0.         0.
 0.         0.         0.         0.         0.         0.
 0.         0.         0.         0.         0.         0.
 0.         0.         0.         0.         0.         0.
 0.         0.         0.         0.         0.         0.
 0.         0.         0.         0.         0.         0.
 0.         0.         0.         0.         0.         0.
 0.         0.         0.         0.         0.         0.
 0.         0.         0.         0.         0.         0.
 0.         0.         0.         0.         0.         0.
 0.         0.         0.         0.         0.         0.
 0.         0.         0.         0.         0.         0.
 0.         0.         0.         0.         0.         0.
 0.         0.        ]
Normalized importance:  [0.50866923 0.50866923 0.50866923 0.50866923 0.50866923 0.50866923
 0.50866923 0.89619744 0.89619744 0.89619744 0.89619744 0.89619744
 0.89619744 0.89619744 0.14331486 0.14331486 0.14331486 0.14331486
 0.14331486 0.14331486 0.14331486 0.44129337 0.44129337 0.44129337
 0.44129337 0.44129337 0.44129337 0.44129337 0.02951533 0.02951533
 0.02951533 0.02951533 0.02951533 0.02951533 0.02951533 0.04594821
 0.04594821 0.         0.         0.04594821 0.04594821 0.04594821
 0.51907903 0.51907903 0.51907903 0.51907903 0.51907903 0.51907903
 0.51907903 1.         1.         1.         1.         1.
 1.         1.         0.17975499 0.17975499 0.17975499 0.17975499
 0.17975499 0.17975499 0.17975499 0.85443294 0.85443294 0.85443294
 0.85443294 0.85443294 0.85443294 0.85443294 0.         0.
 0.         0.01016693 0.         0.         0.         0.
 0.         0.         0.         0.00662727 0.         0.01297112
 0.         0.         0.         0.         0.         0.
 0.         0.         0.         0.03625364 0.         0.
 0.         0.         0.         0.         0.         0.
 0.         0.         0.         0.         0.05369526 0.
 0.         0.         0.02006344 0.         0.         0.
 0.         0.         0.         0.         0.         0.
 0.         0.         0.         0.         0.         0.
 0.         0.03067648 0.         0.         0.         0.
 0.         0.         0.         0.         0.0241427  0.
 0.         0.         0.         0.         0.         0.
 0.         0.         0.         0.         0.         0.
 0.         0.         0.         0.         0.         0.
 0.         0.         0.         0.         0.         0.
 0.         0.         0.         0.         0.         0.
 0.         0.         0.         0.         0.         0.
 0.         0.         0.01171495 0.         0.         0.
 0.         0.         0.         0.         0.02050886 0.
 0.         0.         0.         0.         0.02616862 0.
 0.         0.         0.03695318 0.         0.         0.
 0.         0.        ]
deepbreaks
y_true:  [1. 1. 1. 1. 1. 1. 1. 1. 1. 1. 1. 1. 1. 1. 0. 0. 0. 0. 0. 0. 0. 0. 0. 0.
 0. 0. 0. 0. 0. 0. 0. 0. 0. 0. 0. 0. 0. 0. 0. 0. 0. 0. 1. 1. 1. 1. 1. 1.
 1. 1. 1. 1. 1. 1. 1. 1. 0. 0. 0. 0. 0. 0. 0. 1. 1. 1. 1. 1. 1. 1. 0. 0.
 0. 0. 0. 0. 0. 0. 0. 0. 0. 0. 0. 0. 0. 0. 0. 0. 0. 0. 0. 0. 0. 0. 0. 0.
 0. 0. 0. 0. 0. 0. 0. 0. 0. 0. 0. 0. 0. 0. 0. 0. 0. 0. 0. 0. 0. 0. 0. 0.
 0. 0. 0. 0. 0. 0. 0. 0. 0. 0. 0. 0. 0. 0. 0. 0. 0. 0. 0. 0. 0. 0. 0. 0.
 0. 0. 0. 0. 0. 0. 0. 0. 0. 0. 0. 0. 0. 0. 0. 0. 0. 0. 0. 0. 0. 0. 0. 0.
 0. 0. 0. 0. 0. 0. 0. 0. 0. 0. 0. 0. 0. 0. 0. 0. 0. 0. 0. 0. 0. 0. 0. 0.
 0. 0. 0. 0. 0. 0. 0. 0.]
y_pred:  [1. 1. 1. 1. 1. 1. 1. 1. 1. 1. 1. 1. 1. 1. 0. 0. 0. 0. 0. 0. 0. 1. 1. 1.
 1. 1. 1. 1. 0. 0. 0. 0. 0. 0. 0. 0. 0. 0. 0. 0. 0. 0. 1. 1. 1. 1. 1. 1.
 1. 1. 1. 1. 1. 1. 1. 1. 0. 0. 0. 0. 0. 0. 0. 1. 1. 1. 1. 1. 1. 1. 0. 0.
 0. 0. 0. 0. 0. 0. 0. 0. 0. 0. 0. 0. 0. 0. 0. 0. 0. 0. 0. 0. 0. 0. 0. 0.
 0. 0. 0. 0. 0. 0. 0. 0. 0. 0. 0. 0. 0. 0. 0. 0. 0. 0. 0. 0. 0. 0. 0. 0.
 0. 0. 0. 0. 0. 0. 0. 0. 0. 0. 0. 0. 0. 0. 0. 0. 0. 0. 0. 0. 0. 0. 0. 0.
 0. 0. 0. 0. 0. 0. 0. 0. 0. 0. 0. 0. 0. 0. 0. 0. 0. 0. 0. 0. 0. 0. 0. 0.
 0. 0. 0. 0. 0. 0. 0. 0. 0. 0. 0. 0. 0. 0. 0. 0. 0. 0. 0. 0. 0. 0. 0. 0.
 0. 0. 0. 0. 0. 0. 0. 0.]
Normalized importance:  [0.7808642  0.36625514 0.2962963  0.01790123 0.34876543 0.26851852
 0.7037037  0.85185185 0.41975309 0.5617284  0.34876543 0.66358025
 0.20473251 0.20987654 0.30452675 0.46707819 0.20679012 0.03981481
 0.02829218 0.20576132 0.29526749 0.60596708 0.18209877 0.1244856
 0.22222222 0.55864198 0.18004115 0.5473251  0.27572016 0.36728395
 0.20061728 0.         0.         0.26851852 0.03600823 0.3744856
 0.41152263 0.02654321 0.11419753 0.21399177 0.         0.20473251
 0.77777778 0.46296296 0.59156379 0.48765432 0.39711934 0.13065844
 0.39197531 1.         0.48971193 0.10144033 0.53703704 0.51028807
 0.65534979 0.52674897 0.55452675 0.12654321 0.43209877 0.3909465
 0.5473251  0.06018519 0.18415638 0.95576132 0.3436214  0.68518519
 0.31893004 0.57921811 0.47530864 0.3899177  0.         0.09927984
 0.16666667 0.15740741 0.         0.00945473 0.         0.41769547
 0.         0.         0.         0.23765432 0.         0.09382716
 0.         0.         0.         0.08477366 0.         0.
 0.0718107  0.         0.         0.37139918 0.         0.24794239
 0.17386831 0.         0.0531893  0.24588477 0.         0.
 0.05144033 0.         0.         0.281893   0.23662551 0.
 0.23868313 0.         0.22530864 0.09567901 0.05411523 0.09506173
 0.         0.         0.0712963  0.         0.0255144  0.12139918
 0.         0.         0.         0.         0.10596708 0.10493827
 0.         0.21090535 0.         0.         0.07366255 0.
 0.0627572  0.         0.19547325 0.35699588 0.29115226 0.
 0.13683128 0.12860082 0.         0.07973251 0.         0.21193416
 0.19958848 0.04012346 0.40432099 0.         0.         0.
 0.19753086 0.13271605 0.         0.         0.02294239 0.
 0.         0.         0.         0.09218107 0.28497942 0.15740741
 0.         0.12757202 0.         0.         0.         0.02664609
 0.         0.00458848 0.2345679  0.         0.14609053 0.
 0.         0.         0.         0.         0.         0.
 0.25720165 0.27366255 0.04814815 0.         0.22633745 0.
 0.         0.         0.27160494 0.11728395 0.1409465  0.0473251
 0.04300412 0.18518519 0.34670782 0.1399177  0.10288066 0.
 0.         0.        ]
pyseer
y_true:  [1. 1. 1. 1. 1. 1. 1. 1. 1. 1. 1. 1. 1. 1. 0. 0. 0. 0. 0. 0. 0. 0. 0. 0.
 0. 0. 0. 0. 0. 0. 0. 0. 0. 0. 0. 0. 0. 0. 0. 0. 0. 0. 1. 1. 1. 1. 1. 1.
 1. 1. 1. 1. 1. 1. 1. 1. 0. 0. 0. 0. 0. 0. 0. 1. 1. 1. 1. 1. 1. 1. 0. 0.
 0. 0. 0. 0. 0. 0. 0. 0. 0. 0. 0. 0. 0. 0. 0. 0. 0. 0. 0. 0. 0. 0. 0. 0.
 0. 0. 0. 0. 0. 0. 0. 0. 0. 0. 0. 0. 0. 0. 0. 0. 0. 0. 0. 0. 0. 0. 0. 0.
 0. 0. 0. 0. 0. 0. 0. 0. 0. 0. 0. 0. 0. 0. 0. 0. 0. 0. 0. 0. 0. 0. 0. 0.
 0. 0. 0. 0. 0. 0. 0. 0. 0. 0. 0. 0. 0. 0. 0. 0. 0. 0. 0. 0. 0. 0. 0. 0.
 0. 0. 0. 0. 0. 0. 0. 0. 0. 0. 0. 0. 0. 0. 0. 0. 0. 0. 0. 0. 0. 0. 0. 0.
 0. 0. 0. 0. 0. 0. 0. 0.]
y_pred:  [1. 1. 1. 0. 1. 1. 1. 1. 1. 1. 1. 1. 0. 0. 1. 1. 0. 0. 0. 0. 1. 1. 0. 0.
 1. 1. 0. 1. 1. 1. 0. 0. 0. 1. 0. 1. 1. 0. 0. 1. 0. 0. 1. 1. 1. 1. 1. 0.
 1. 1. 1. 0. 1. 1. 1. 1. 1. 0. 1. 1. 1. 0. 0. 1. 1. 1. 1. 1. 1. 1. 0. 0.
 0. 0. 0. 0. 0. 1. 0. 0. 0. 1. 0. 0. 0. 0. 0. 0. 0. 0. 0. 0. 0. 1. 0. 1.
 0. 0. 0. 1. 0. 0. 0. 0. 0. 1. 1. 0. 1. 0. 1. 0. 0. 0. 0. 0. 0. 0. 0. 0.
 0. 0. 0. 0. 0. 0. 0. 0. 0. 0. 0. 0. 0. 0. 0. 1. 1. 0. 0. 0. 0. 0. 0. 0.
 0. 0. 1. 0. 0. 0. 0. 0. 0. 0. 0. 0. 0. 0. 0. 0. 1. 0. 0. 0. 0. 0. 0. 0.
 0. 0. 1. 0. 0. 0. 0. 0. 0. 0. 0. 0. 1. 1. 0. 0. 1. 0. 0. 0. 1. 0. 0. 0.
 0. 0. 1. 0. 0. 0. 0. 0.]
Time taken: 26.95544743537903 seconds
Running combination 40 of 50
Fitting RandomForest...
Fitting Adaboost...
Fitting AdaBoost_2...
Fitting et...
Fitting gbc...
Fitting gbc_2...
Fitting gbc_3...
Fitting dt...
Fitting lr...
Fitting Lasso_1...
Fitting Lasso_2...
Fitting Lasso_3...
Fitting Lasso_4...
Fitting elasticnet...
VCF file created successfully.
pyseer stderr:  Read 1000 phenotypes
Detected continuous phenotype
Reading all variants

0variants [00:00, ?variants/s]
56variants [00:00, 555.21variants/s]
112variants [00:00, 484.51variants/s]
168variants [00:00, 515.63variants/s]
198variants [00:00, 519.32variants/s]
Applying correlation filtering

  0%|          | 0/198 [00:00<?, ?variants/s]
100%|██████████| 198/198 [00:00<00:00, 2698.20variants/s]
Fitting elastic net to top 148 variants
Best penalty (lambda) from cross-validation: 1.56E+01
Best R^2 from cross-validation: 0.520
Finding and printing selected variants
198 loaded variants
50 pre-filtered variants
148 tested variants
133 printed variants

True importance standardized:  [0.75234338 0.75234338 0.75234338 0.75234338 0.75234338 0.75234338
 0.75234338 0.21186572 0.21186572 0.21186572 0.21186572 0.21186572
 0.21186572 0.21186572 0.68613273 0.68613273 0.68613273 0.68613273
 0.68613273 0.68613273 0.68613273 0.29076795 0.29076795 0.29076795
 0.29076795 0.29076795 0.29076795 0.29076795 0.21108493 0.21108493
 0.21108493 0.21108493 0.21108493 0.21108493 0.21108493 0.81364457
 0.81364457 0.81364457 0.81364457 0.81364457 0.81364457 0.81364457
 0.66716134 0.66716134 0.66716134 0.66716134 0.66716134 0.66716134
 0.66716134 1.         1.         1.         1.         1.
 1.         1.         0.49999094 0.49999094 0.49999094 0.49999094
 0.49999094 0.49999094 0.49999094 0.83157973 0.83157973 0.83157973
 0.83157973 0.83157973 0.83157973 0.83157973 0.         0.
 0.         0.         0.         0.         0.         0.
 0.         0.         0.         0.         0.         0.
 0.         0.         0.         0.         0.         0.
 0.         0.         0.         0.         0.         0.
 0.         0.         0.         0.         0.         0.
 0.         0.         0.         0.         0.         0.
 0.         0.         0.         0.         0.         0.
 0.         0.         0.         0.         0.         0.
 0.         0.         0.         0.         0.         0.
 0.         0.         0.         0.         0.         0.
 0.         0.         0.         0.         0.         0.
 0.         0.         0.         0.         0.         0.
 0.         0.         0.         0.         0.         0.
 0.         0.         0.         0.         0.         0.
 0.         0.         0.         0.         0.         0.
 0.         0.         0.         0.         0.         0.
 0.         0.         0.         0.         0.         0.
 0.         0.         0.         0.         0.         0.
 0.         0.         0.         0.         0.         0.
 0.         0.         0.         0.         0.         0.
 0.         0.         0.         0.         0.         0.
 0.         0.        ]
Normalized importance:  [0.56511952 0.56511952 0.56511952 0.56511952 0.56511952 0.56511952
 0.56511952 0.0352602  0.0352602  0.0352602  0.0352602  0.0352602
 0.0352602  0.0352602  0.55163899 0.55163899 0.55163899 0.55163899
 0.55163899 0.55163899 0.55163899 0.16061735 0.16061735 0.16061735
 0.16061735 0.16061735 0.16061735 0.16061735 0.10605002 0.10605002
 0.         0.         0.10605002 0.10605002 0.         0.98823748
 0.98823748 0.98823748 0.98823748 0.98823748 0.98823748 0.98823748
 0.3703397  0.3703397  0.3703397  0.3703397  0.3703397  0.3703397
 0.3703397  1.         1.         1.         1.         1.
 1.         1.         0.25643905 0.25643905 0.25643905 0.25643905
 0.25643905 0.25643905 0.25643905 0.5509132  0.5509132  0.5509132
 0.5509132  0.5509132  0.5509132  0.5509132  0.         0.
 0.         0.         0.         0.         0.         0.
 0.         0.         0.         0.         0.         0.
 0.         0.         0.         0.         0.         0.
 0.         0.         0.0346065  0.         0.         0.
 0.         0.         0.03531205 0.         0.         0.
 0.         0.         0.         0.         0.         0.
 0.         0.         0.         0.         0.         0.
 0.         0.         0.         0.04657098 0.         0.
 0.         0.         0.         0.         0.         0.
 0.         0.         0.         0.         0.         0.
 0.01140092 0.         0.         0.         0.         0.
 0.02345667 0.03425119 0.         0.         0.         0.
 0.         0.         0.01349553 0.         0.         0.
 0.         0.         0.         0.         0.         0.
 0.         0.         0.         0.         0.         0.
 0.         0.         0.03007968 0.         0.         0.
 0.         0.         0.         0.         0.         0.
 0.03230198 0.         0.         0.         0.02198041 0.
 0.         0.         0.         0.         0.         0.
 0.         0.         0.         0.         0.         0.
 0.         0.         0.07068542 0.         0.         0.
 0.         0.        ]
deepbreaks
y_true:  [1. 1. 1. 1. 1. 1. 1. 0. 0. 0. 0. 0. 0. 0. 1. 1. 1. 1. 1. 1. 1. 0. 0. 0.
 0. 0. 0. 0. 0. 0. 0. 0. 0. 0. 0. 1. 1. 1. 1. 1. 1. 1. 0. 0. 0. 0. 0. 0.
 0. 1. 1. 1. 1. 1. 1. 1. 0. 0. 0. 0. 0. 0. 0. 1. 1. 1. 1. 1. 1. 1. 0. 0.
 0. 0. 0. 0. 0. 0. 0. 0. 0. 0. 0. 0. 0. 0. 0. 0. 0. 0. 0. 0. 0. 0. 0. 0.
 0. 0. 0. 0. 0. 0. 0. 0. 0. 0. 0. 0. 0. 0. 0. 0. 0. 0. 0. 0. 0. 0. 0. 0.
 0. 0. 0. 0. 0. 0. 0. 0. 0. 0. 0. 0. 0. 0. 0. 0. 0. 0. 0. 0. 0. 0. 0. 0.
 0. 0. 0. 0. 0. 0. 0. 0. 0. 0. 0. 0. 0. 0. 0. 0. 0. 0. 0. 0. 0. 0. 0. 0.
 0. 0. 0. 0. 0. 0. 0. 0. 0. 0. 0. 0. 0. 0. 0. 0. 0. 0. 0. 0. 0. 0. 0. 0.
 0. 0. 0. 0. 0. 0. 0. 0.]
y_pred:  [1. 1. 1. 1. 1. 1. 1. 0. 0. 0. 0. 0. 0. 0. 1. 1. 1. 1. 1. 1. 1. 0. 0. 0.
 0. 0. 0. 0. 0. 0. 0. 0. 0. 0. 0. 1. 1. 1. 1. 1. 1. 1. 1. 1. 1. 1. 1. 1.
 1. 1. 1. 1. 1. 1. 1. 1. 0. 0. 0. 0. 0. 0. 0. 1. 1. 1. 1. 1. 1. 1. 0. 0.
 0. 0. 0. 0. 0. 0. 0. 0. 0. 0. 0. 0. 0. 0. 0. 0. 0. 0. 0. 0. 0. 0. 0. 0.
 0. 0. 0. 0. 0. 0. 0. 0. 0. 0. 0. 0. 0. 0. 0. 0. 0. 0. 0. 0. 0. 0. 0. 0.
 0. 0. 0. 0. 0. 0. 0. 0. 0. 0. 0. 0. 0. 0. 0. 0. 0. 0. 0. 0. 0. 0. 0. 0.
 0. 0. 0. 0. 0. 0. 0. 0. 0. 0. 0. 0. 0. 0. 0. 0. 0. 0. 0. 0. 0. 0. 0. 0.
 0. 0. 0. 0. 0. 0. 0. 0. 0. 0. 0. 0. 0. 0. 0. 0. 0. 0. 0. 0. 0. 0. 0. 0.
 0. 0. 0. 0. 0. 0. 0. 0.]
Normalized importance:  [0.82151589 0.60146699 0.01224939 0.35207824 0.49144254 0.48899756
 0.41075795 0.23105134 0.         0.18312958 0.03594132 0.10415648
 0.         0.19853301 0.59657702 0.17481663 0.60880196 0.14425428
 0.52567237 0.49633252 0.33007335 0.30317848 0.00594132 0.17310513
 0.23325183 0.25183374 0.41564792 0.49144254 0.43520782 0.16699267
 0.         0.0396088  0.20171149 0.34718826 0.10855746 0.87775061
 0.30562347 0.64547677 0.58435208 0.3398533  0.68704156 0.17090465
 0.61613692 0.25427873 0.29584352 0.67237164 0.39119804 0.08753056
 0.14156479 1.         0.07579462 0.43765281 0.71149144 0.6601467
 0.50122249 0.50855746 0.62347188 0.35452323 0.45232274 0.
 0.38141809 0.         0.44987775 0.63814181 0.44743276 0.29095355
 0.26894866 0.47188264 0.49388753 0.45476773 0.20684597 0.
 0.14669927 0.         0.05354523 0.22811736 0.26894866 0.
 0.1804401  0.08679707 0.         0.24694377 0.07628362 0.36919315
 0.         0.         0.         0.         0.         0.08753056
 0.13545232 0.         0.37163814 0.16601467 0.08997555 0.0603912
 0.         0.13765281 0.08264059 0.         0.         0.
 0.         0.00814181 0.         0.17579462 0.         0.
 0.         0.         0.12200489 0.         0.0606357  0.
 0.         0.         0.0391198  0.43031785 0.06870416 0.0408313
 0.         0.         0.         0.         0.         0.23007335
 0.         0.17408313 0.         0.23447433 0.0801956  0.
 0.23740831 0.09022005 0.         0.13471883 0.2007335  0.
 0.23520782 0.16943765 0.         0.16601467 0.20220049 0.
 0.12836186 0.         0.22200489 0.         0.         0.
 0.         0.12127139 0.         0.         0.06943765 0.20855746
 0.         0.28117359 0.         0.06894866 0.         0.21271394
 0.27872861 0.04792176 0.25672372 0.19266504 0.         0.1405868
 0.         0.14303178 0.         0.14180929 0.         0.
 0.31295844 0.         0.11393643 0.         0.27628362 0.
 0.         0.23471883 0.05721271 0.00334963 0.         0.07334963
 0.12273839 0.         0.         0.         0.04303178 0.00760391
 0.         0.10806846 0.42787286 0.10953545 0.08777506 0.00904645
 0.         0.        ]
pyseer
y_true:  [1. 1. 1. 1. 1. 1. 1. 0. 0. 0. 0. 0. 0. 0. 1. 1. 1. 1. 1. 1. 1. 0. 0. 0.
 0. 0. 0. 0. 0. 0. 0. 0. 0. 0. 0. 1. 1. 1. 1. 1. 1. 1. 0. 0. 0. 0. 0. 0.
 0. 1. 1. 1. 1. 1. 1. 1. 0. 0. 0. 0. 0. 0. 0. 1. 1. 1. 1. 1. 1. 1. 0. 0.
 0. 0. 0. 0. 0. 0. 0. 0. 0. 0. 0. 0. 0. 0. 0. 0. 0. 0. 0. 0. 0. 0. 0. 0.
 0. 0. 0. 0. 0. 0. 0. 0. 0. 0. 0. 0. 0. 0. 0. 0. 0. 0. 0. 0. 0. 0. 0. 0.
 0. 0. 0. 0. 0. 0. 0. 0. 0. 0. 0. 0. 0. 0. 0. 0. 0. 0. 0. 0. 0. 0. 0. 0.
 0. 0. 0. 0. 0. 0. 0. 0. 0. 0. 0. 0. 0. 0. 0. 0. 0. 0. 0. 0. 0. 0. 0. 0.
 0. 0. 0. 0. 0. 0. 0. 0. 0. 0. 0. 0. 0. 0. 0. 0. 0. 0. 0. 0. 0. 0. 0. 0.
 0. 0. 0. 0. 0. 0. 0. 0.]
y_pred:  [1. 1. 0. 1. 1. 1. 1. 1. 0. 0. 0. 0. 0. 0. 1. 0. 1. 0. 1. 1. 1. 1. 0. 0.
 1. 1. 1. 1. 1. 0. 0. 0. 0. 1. 0. 1. 1. 1. 1. 1. 1. 0. 1. 1. 1. 1. 1. 0.
 0. 1. 0. 1. 1. 1. 1. 1. 1. 1. 1. 0. 1. 0. 1. 1. 1. 1. 1. 1. 1. 1. 0. 0.
 0. 0. 0. 1. 1. 0. 0. 0. 0. 1. 0. 1. 0. 0. 0. 0. 0. 0. 0. 0. 1. 0. 0. 0.
 0. 0. 0. 0. 0. 0. 0. 0. 0. 0. 0. 0. 0. 0. 0. 0. 0. 0. 0. 0. 0. 1. 0. 0.
 0. 0. 0. 0. 0. 1. 0. 0. 0. 1. 0. 0. 1. 0. 0. 0. 0. 0. 1. 0. 0. 0. 0. 0.
 0. 0. 1. 0. 0. 0. 0. 0. 0. 0. 0. 0. 0. 1. 0. 0. 0. 1. 1. 0. 1. 0. 0. 0.
 0. 0. 0. 0. 0. 0. 1. 0. 0. 0. 1. 0. 0. 1. 0. 0. 0. 0. 0. 0. 0. 0. 0. 0.
 0. 0. 1. 0. 0. 0. 0. 0.]
Time taken: 29.916990280151367 seconds
Running combination 41 of 50
Fitting RandomForest...
Fitting Adaboost...
Fitting AdaBoost_2...
Fitting et...
Fitting gbc...
Fitting gbc_2...
Fitting gbc_3...
Fitting dt...
Fitting lr...
Fitting Lasso_1...
Fitting Lasso_2...
Fitting Lasso_3...
Fitting Lasso_4...
Fitting elasticnet...
VCF file created successfully.
pyseer stderr:  Read 1000 phenotypes
Detected continuous phenotype
Reading all variants

0variants [00:00, ?variants/s]
55variants [00:00, 542.45variants/s]
110variants [00:00, 481.77variants/s]
166variants [00:00, 514.14variants/s]
198variants [00:00, 518.00variants/s]
Applying correlation filtering

  0%|          | 0/198 [00:00<?, ?variants/s]
100%|██████████| 198/198 [00:00<00:00, 2667.97variants/s]
Fitting elastic net to top 148 variants
Best penalty (lambda) from cross-validation: 9.71E+01
Best R^2 from cross-validation: 0.500
Finding and printing selected variants
198 loaded variants
50 pre-filtered variants
148 tested variants
132 printed variants

True importance standardized:  [0.99337947 0.99337947 0.99337947 0.99337947 0.99337947 0.99337947
 0.99337947 1.         1.         1.         1.         1.
 1.         1.         0.38874509 0.38874509 0.38874509 0.38874509
 0.38874509 0.38874509 0.38874509 0.83869943 0.83869943 0.83869943
 0.83869943 0.83869943 0.83869943 0.83869943 0.47448412 0.47448412
 0.47448412 0.47448412 0.47448412 0.47448412 0.47448412 0.90620371
 0.90620371 0.90620371 0.90620371 0.90620371 0.90620371 0.90620371
 0.89601562 0.89601562 0.89601562 0.89601562 0.89601562 0.89601562
 0.89601562 0.11074284 0.11074284 0.11074284 0.11074284 0.11074284
 0.11074284 0.11074284 0.76544293 0.76544293 0.76544293 0.76544293
 0.76544293 0.76544293 0.76544293 0.93630351 0.93630351 0.93630351
 0.93630351 0.93630351 0.93630351 0.93630351 0.         0.
 0.         0.         0.         0.         0.         0.
 0.         0.         0.         0.         0.         0.
 0.         0.         0.         0.         0.         0.
 0.         0.         0.         0.         0.         0.
 0.         0.         0.         0.         0.         0.
 0.         0.         0.         0.         0.         0.
 0.         0.         0.         0.         0.         0.
 0.         0.         0.         0.         0.         0.
 0.         0.         0.         0.         0.         0.
 0.         0.         0.         0.         0.         0.
 0.         0.         0.         0.         0.         0.
 0.         0.         0.         0.         0.         0.
 0.         0.         0.         0.         0.         0.
 0.         0.         0.         0.         0.         0.
 0.         0.         0.         0.         0.         0.
 0.         0.         0.         0.         0.         0.
 0.         0.         0.         0.         0.         0.
 0.         0.         0.         0.         0.         0.
 0.         0.         0.         0.         0.         0.
 0.         0.         0.         0.         0.         0.
 0.         0.         0.         0.         0.         0.
 0.         0.        ]
Normalized importance:  [0.65748287 0.65748287 0.65748287 0.65748287 0.65748287 0.65748287
 0.65748287 1.         1.         1.         1.         1.
 1.         1.         0.06347616 0.06347616 0.06347616 0.06347616
 0.06347616 0.06347616 0.06347616 0.51527511 0.51527511 0.51527511
 0.51527511 0.51527511 0.51527511 0.51527511 0.12295268 0.12295268
 0.12295268 0.12295268 0.12295268 0.12295268 0.12295268 0.88560105
 0.88560105 0.88560105 0.88560105 0.88560105 0.88560105 0.88560105
 0.47615509 0.47615509 0.47615509 0.47615509 0.47615509 0.47615509
 0.47615509 0.         0.         0.         0.         0.
 0.         0.         0.38291672 0.38291672 0.38291672 0.38291672
 0.38291672 0.38291672 0.38291672 0.6758962  0.6758962  0.6758962
 0.6758962  0.6758962  0.6758962  0.6758962  0.         0.
 0.         0.         0.01433641 0.         0.         0.
 0.         0.         0.         0.         0.         0.
 0.         0.         0.         0.         0.         0.
 0.         0.         0.         0.         0.         0.
 0.         0.         0.         0.02306261 0.         0.
 0.         0.         0.         0.         0.         0.
 0.         0.         0.         0.00922883 0.         0.01522774
 0.01157452 0.         0.         0.         0.         0.
 0.         0.         0.         0.         0.         0.
 0.         0.         0.         0.         0.         0.
 0.01189137 0.         0.00618267 0.         0.         0.
 0.         0.         0.00694523 0.         0.         0.
 0.         0.01727371 0.         0.         0.         0.
 0.         0.         0.         0.         0.         0.
 0.         0.         0.         0.         0.         0.
 0.         0.         0.         0.         0.         0.
 0.         0.         0.         0.         0.         0.
 0.01531612 0.         0.         0.         0.         0.
 0.         0.         0.         0.         0.0138779  0.
 0.         0.00698852 0.         0.00484634 0.         0.
 0.         0.         0.         0.         0.         0.
 0.         0.        ]
deepbreaks
y_true:  [1. 1. 1. 1. 1. 1. 1. 1. 1. 1. 1. 1. 1. 1. 0. 0. 0. 0. 0. 0. 0. 0. 0. 0.
 0. 0. 0. 0. 0. 0. 0. 0. 0. 0. 0. 1. 1. 1. 1. 1. 1. 1. 1. 1. 1. 1. 1. 1.
 1. 0. 0. 0. 0. 0. 0. 0. 0. 0. 0. 0. 0. 0. 0. 1. 1. 1. 1. 1. 1. 1. 0. 0.
 0. 0. 0. 0. 0. 0. 0. 0. 0. 0. 0. 0. 0. 0. 0. 0. 0. 0. 0. 0. 0. 0. 0. 0.
 0. 0. 0. 0. 0. 0. 0. 0. 0. 0. 0. 0. 0. 0. 0. 0. 0. 0. 0. 0. 0. 0. 0. 0.
 0. 0. 0. 0. 0. 0. 0. 0. 0. 0. 0. 0. 0. 0. 0. 0. 0. 0. 0. 0. 0. 0. 0. 0.
 0. 0. 0. 0. 0. 0. 0. 0. 0. 0. 0. 0. 0. 0. 0. 0. 0. 0. 0. 0. 0. 0. 0. 0.
 0. 0. 0. 0. 0. 0. 0. 0. 0. 0. 0. 0. 0. 0. 0. 0. 0. 0. 0. 0. 0. 0. 0. 0.
 0. 0. 0. 0. 0. 0. 0. 0.]
y_pred:  [1. 1. 1. 1. 1. 1. 1. 1. 1. 1. 1. 1. 1. 1. 0. 0. 0. 0. 0. 0. 0. 1. 1. 1.
 1. 1. 1. 1. 0. 0. 0. 0. 0. 0. 0. 1. 1. 1. 1. 1. 1. 1. 1. 1. 1. 1. 1. 1.
 1. 0. 0. 0. 0. 0. 0. 0. 0. 0. 0. 0. 0. 0. 0. 1. 1. 1. 1. 1. 1. 1. 0. 0.
 0. 0. 0. 0. 0. 0. 0. 0. 0. 0. 0. 0. 0. 0. 0. 0. 0. 0. 0. 0. 0. 0. 0. 0.
 0. 0. 0. 0. 0. 0. 0. 0. 0. 0. 0. 0. 0. 0. 0. 0. 0. 0. 0. 0. 0. 0. 0. 0.
 0. 0. 0. 0. 0. 0. 0. 0. 0. 0. 0. 0. 0. 0. 0. 0. 0. 0. 0. 0. 0. 0. 0. 0.
 0. 0. 0. 0. 0. 0. 0. 0. 0. 0. 0. 0. 0. 0. 0. 0. 0. 0. 0. 0. 0. 0. 0. 0.
 0. 0. 0. 0. 0. 0. 0. 0. 0. 0. 0. 0. 0. 0. 0. 0. 0. 0. 0. 0. 0. 0. 0. 0.
 0. 0. 0. 0. 0. 0. 0. 0.]
Normalized importance:  [0.71717172 0.35050505 0.58585859 0.48181818 0.51515152 0.67171717
 0.29747475 1.         0.39444444 0.78787879 0.31111111 0.37626263
 0.36969697 0.35757576 0.26262626 0.29040404 0.26414141 0.11414141
 0.07070707 0.33383838 0.32828283 0.65656566 0.4959596  0.3530303
 0.52020202 0.5040404  0.21717172 0.35757576 0.50454545 0.48737374
 0.35505051 0.27020202 0.         0.17222222 0.37424242 0.75252525
 0.69191919 0.5959596  0.57575758 0.06363636 0.61111111 0.38030303
 0.76262626 0.54545455 0.63131313 0.17323232 0.47979798 0.25606061
 0.05353535 0.         0.04994949 0.17878788 0.         0.
 0.00394444 0.         0.65656566 0.50505051 0.1510101  0.72222222
 0.1969697  0.32020202 0.39848485 0.73737374 0.53030303 0.39848485
 0.19949495 0.55050505 0.35858586 0.46262626 0.27323232 0.18939394
 0.         0.         0.31313131 0.3989899  0.02328283 0.
 0.05454545 0.         0.21363636 0.05707071 0.07676768 0.
 0.         0.08686869 0.         0.         0.         0.13383838
 0.         0.         0.         0.         0.16313131 0.
 0.         0.         0.         0.43080808 0.         0.22777778
 0.         0.         0.         0.         0.13181818 0.
 0.         0.4010101  0.18131313 0.22222222 0.16919192 0.17525253
 0.17323232 0.         0.         0.06212121 0.26565657 0.09191919
 0.         0.00919192 0.00205556 0.         0.         0.
 0.42676768 0.         0.19494949 0.31414141 0.27777778 0.00888889
 0.33838384 0.2520202  0.17777778 0.23484848 0.23282828 0.
 0.         0.         0.31919192 0.         0.         0.
 0.         0.17777778 0.         0.         0.14040404 0.14191919
 0.28282828 0.07272727 0.07474747 0.02045455 0.         0.
 0.         0.         0.14040404 0.         0.30555556 0.05959596
 0.         0.11666667 0.         0.         0.         0.1030303
 0.09141414 0.23282828 0.18181818 0.28585859 0.22929293 0.22929293
 0.07878788 0.         0.         0.         0.         0.
 0.14040404 0.         0.         0.         0.23737374 0.09949495
 0.         0.         0.18989899 0.27121212 0.10656566 0.08888889
 0.10252525 0.         0.28232323 0.2989899  0.15050505 0.
 0.         0.        ]
pyseer
y_true:  [1. 1. 1. 1. 1. 1. 1. 1. 1. 1. 1. 1. 1. 1. 0. 0. 0. 0. 0. 0. 0. 0. 0. 0.
 0. 0. 0. 0. 0. 0. 0. 0. 0. 0. 0. 1. 1. 1. 1. 1. 1. 1. 1. 1. 1. 1. 1. 1.
 1. 0. 0. 0. 0. 0. 0. 0. 0. 0. 0. 0. 0. 0. 0. 1. 1. 1. 1. 1. 1. 1. 0. 0.
 0. 0. 0. 0. 0. 0. 0. 0. 0. 0. 0. 0. 0. 0. 0. 0. 0. 0. 0. 0. 0. 0. 0. 0.
 0. 0. 0. 0. 0. 0. 0. 0. 0. 0. 0. 0. 0. 0. 0. 0. 0. 0. 0. 0. 0. 0. 0. 0.
 0. 0. 0. 0. 0. 0. 0. 0. 0. 0. 0. 0. 0. 0. 0. 0. 0. 0. 0. 0. 0. 0. 0. 0.
 0. 0. 0. 0. 0. 0. 0. 0. 0. 0. 0. 0. 0. 0. 0. 0. 0. 0. 0. 0. 0. 0. 0. 0.
 0. 0. 0. 0. 0. 0. 0. 0. 0. 0. 0. 0. 0. 0. 0. 0. 0. 0. 0. 0. 0. 0. 0. 0.
 0. 0. 0. 0. 0. 0. 0. 0.]
y_pred:  [1. 1. 1. 1. 1. 1. 1. 1. 1. 1. 1. 1. 1. 1. 0. 1. 0. 0. 0. 1. 1. 1. 1. 1.
 1. 1. 0. 1. 1. 1. 1. 1. 0. 0. 1. 1. 1. 1. 1. 0. 1. 1. 1. 1. 1. 0. 1. 0.
 0. 0. 0. 0. 0. 0. 0. 0. 1. 1. 0. 1. 0. 1. 1. 1. 1. 1. 0. 1. 1. 1. 1. 0.
 0. 0. 1. 1. 0. 0. 0. 0. 0. 0. 0. 0. 0. 0. 0. 0. 0. 0. 0. 0. 0. 0. 0. 0.
 0. 0. 0. 1. 0. 0. 0. 0. 0. 0. 0. 0. 0. 1. 0. 0. 0. 0. 0. 0. 0. 0. 1. 0.
 0. 0. 0. 0. 0. 0. 1. 0. 0. 1. 1. 0. 1. 0. 0. 0. 0. 0. 0. 0. 1. 0. 0. 0.
 0. 0. 0. 0. 0. 0. 1. 0. 0. 0. 0. 0. 0. 0. 0. 0. 1. 0. 0. 0. 0. 0. 0. 0.
 0. 0. 0. 1. 0. 0. 0. 0. 0. 0. 0. 0. 0. 0. 0. 0. 0. 0. 0. 0. 0. 1. 0. 0.
 0. 0. 1. 1. 0. 0. 0. 0.]
Time taken: 22.517402172088623 seconds
Running combination 42 of 50
Fitting RandomForest...
Fitting Adaboost...
Fitting AdaBoost_2...
Fitting et...
Fitting gbc...
Fitting gbc_2...
Fitting gbc_3...
Fitting dt...
Fitting lr...
Fitting Lasso_1...
Fitting Lasso_2...
Fitting Lasso_3...
Fitting Lasso_4...
Fitting elasticnet...
VCF file created successfully.
pyseer stderr:  Read 1000 phenotypes
Detected continuous phenotype
Reading all variants

0variants [00:00, ?variants/s]
55variants [00:00, 545.58variants/s]
110variants [00:00, 480.87variants/s]
166variants [00:00, 512.94variants/s]
198variants [00:00, 516.67variants/s]
Applying correlation filtering

  0%|          | 0/198 [00:00<?, ?variants/s]
100%|██████████| 198/198 [00:00<00:00, 2723.09variants/s]
Fitting elastic net to top 148 variants
Best penalty (lambda) from cross-validation: 6.92E+00
Best R^2 from cross-validation: 0.525
Finding and printing selected variants
198 loaded variants
50 pre-filtered variants
148 tested variants
134 printed variants

True importance standardized:  [0.51946158 0.51946158 0.51946158 0.51946158 0.51946158 0.51946158
 0.51946158 1.         1.         1.         1.         1.
 1.         1.         0.14765545 0.14765545 0.14765545 0.14765545
 0.14765545 0.14765545 0.14765545 0.59098086 0.59098086 0.59098086
 0.59098086 0.59098086 0.59098086 0.59098086 0.46698785 0.46698785
 0.46698785 0.46698785 0.46698785 0.46698785 0.46698785 0.45854997
 0.45854997 0.45854997 0.45854997 0.45854997 0.45854997 0.45854997
 0.95177888 0.95177888 0.95177888 0.95177888 0.95177888 0.95177888
 0.95177888 0.48712774 0.48712774 0.48712774 0.48712774 0.48712774
 0.48712774 0.48712774 0.64608941 0.64608941 0.64608941 0.64608941
 0.64608941 0.64608941 0.64608941 0.25476028 0.25476028 0.25476028
 0.25476028 0.25476028 0.25476028 0.25476028 0.         0.
 0.         0.         0.         0.         0.         0.
 0.         0.         0.         0.         0.         0.
 0.         0.         0.         0.         0.         0.
 0.         0.         0.         0.         0.         0.
 0.         0.         0.         0.         0.         0.
 0.         0.         0.         0.         0.         0.
 0.         0.         0.         0.         0.         0.
 0.         0.         0.         0.         0.         0.
 0.         0.         0.         0.         0.         0.
 0.         0.         0.         0.         0.         0.
 0.         0.         0.         0.         0.         0.
 0.         0.         0.         0.         0.         0.
 0.         0.         0.         0.         0.         0.
 0.         0.         0.         0.         0.         0.
 0.         0.         0.         0.         0.         0.
 0.         0.         0.         0.         0.         0.
 0.         0.         0.         0.         0.         0.
 0.         0.         0.         0.         0.         0.
 0.         0.         0.         0.         0.         0.
 0.         0.         0.         0.         0.         0.
 0.         0.         0.         0.         0.         0.
 0.         0.        ]
Normalized importance:  [0.44742457 0.44742457 0.44742457 0.44742457 0.44742457 0.44742457
 0.44742457 0.91721366 0.91721366 0.91721366 0.91721366 0.91721366
 0.91721366 0.91721366 0.         0.         0.         0.
 0.         0.         0.03949198 0.19194767 0.19194767 0.19194767
 0.19194767 0.19194767 0.19194767 0.19194767 0.22308214 0.22308214
 0.22308214 0.22308214 0.22308214 0.22308214 0.22308214 0.15065377
 0.15065377 0.15065377 0.15065377 0.15065377 0.15065377 0.15065377
 1.         1.         1.         1.         1.         1.
 1.         0.23078872 0.23078872 0.23078872 0.23078872 0.23078872
 0.23078872 0.23078872 0.56404338 0.56404338 0.56404338 0.56404338
 0.56404338 0.56404338 0.56404338 0.0987789  0.0987789  0.0987789
 0.0987789  0.0987789  0.0987789  0.0987789  0.         0.
 0.         0.         0.         0.         0.         0.
 0.         0.         0.         0.01716563 0.         0.
 0.         0.         0.         0.         0.         0.
 0.         0.         0.         0.01347565 0.         0.
 0.         0.         0.         0.         0.         0.
 0.         0.         0.00680983 0.         0.03151876 0.
 0.         0.         0.         0.         0.         0.
 0.         0.         0.         0.         0.         0.
 0.         0.         0.         0.         0.         0.02259496
 0.         0.         0.         0.         0.         0.
 0.04812216 0.         0.         0.         0.         0.
 0.         0.         0.         0.         0.         0.
 0.         0.         0.         0.         0.04402137 0.
 0.         0.         0.         0.         0.         0.
 0.         0.         0.         0.         0.         0.02763727
 0.         0.         0.         0.         0.         0.
 0.         0.         0.         0.         0.         0.
 0.         0.         0.         0.         0.         0.
 0.         0.         0.         0.         0.         0.
 0.         0.         0.         0.         0.         0.
 0.         0.         0.         0.         0.         0.
 0.         0.        ]
deepbreaks
y_true:  [1. 1. 1. 1. 1. 1. 1. 1. 1. 1. 1. 1. 1. 1. 0. 0. 0. 0. 0. 0. 0. 1. 1. 1.
 1. 1. 1. 1. 0. 0. 0. 0. 0. 0. 0. 0. 0. 0. 0. 0. 0. 0. 1. 1. 1. 1. 1. 1.
 1. 0. 0. 0. 0. 0. 0. 0. 1. 1. 1. 1. 1. 1. 1. 0. 0. 0. 0. 0. 0. 0. 0. 0.
 0. 0. 0. 0. 0. 0. 0. 0. 0. 0. 0. 0. 0. 0. 0. 0. 0. 0. 0. 0. 0. 0. 0. 0.
 0. 0. 0. 0. 0. 0. 0. 0. 0. 0. 0. 0. 0. 0. 0. 0. 0. 0. 0. 0. 0. 0. 0. 0.
 0. 0. 0. 0. 0. 0. 0. 0. 0. 0. 0. 0. 0. 0. 0. 0. 0. 0. 0. 0. 0. 0. 0. 0.
 0. 0. 0. 0. 0. 0. 0. 0. 0. 0. 0. 0. 0. 0. 0. 0. 0. 0. 0. 0. 0. 0. 0. 0.
 0. 0. 0. 0. 0. 0. 0. 0. 0. 0. 0. 0. 0. 0. 0. 0. 0. 0. 0. 0. 0. 0. 0. 0.
 0. 0. 0. 0. 0. 0. 0. 0.]
y_pred:  [1. 1. 1. 1. 1. 1. 1. 1. 1. 1. 1. 1. 1. 1. 0. 0. 0. 0. 0. 0. 0. 0. 0. 0.
 0. 0. 0. 0. 1. 1. 1. 1. 1. 1. 1. 0. 0. 0. 0. 0. 0. 0. 1. 1. 1. 1. 1. 1.
 1. 1. 1. 1. 1. 1. 1. 1. 1. 1. 1. 1. 1. 1. 1. 0. 0. 0. 0. 0. 0. 0. 0. 0.
 0. 0. 0. 0. 0. 0. 0. 0. 0. 0. 0. 0. 0. 0. 0. 0. 0. 0. 0. 0. 0. 0. 0. 0.
 0. 0. 0. 0. 0. 0. 0. 0. 0. 0. 0. 0. 0. 0. 0. 0. 0. 0. 0. 0. 0. 0. 0. 0.
 0. 0. 0. 0. 0. 0. 0. 0. 0. 0. 0. 0. 0. 0. 0. 0. 0. 0. 0. 0. 0. 0. 0. 0.
 0. 0. 0. 0. 0. 0. 0. 0. 0. 0. 0. 0. 0. 0. 0. 0. 0. 0. 0. 0. 0. 0. 0. 0.
 0. 0. 0. 0. 0. 0. 0. 0. 0. 0. 0. 0. 0. 0. 0. 0. 0. 0. 0. 0. 0. 0. 0. 0.
 0. 0. 0. 0. 0. 0. 0. 0.]
Normalized importance:  [5.94594595e-01 4.04864865e-01 1.71351351e-01 3.28648649e-01
 3.60540541e-01 3.28108108e-01 4.51351351e-01 1.00000000e+00
 2.83243243e-01 5.39459459e-01 4.63243243e-01 6.27027027e-01
 7.45945946e-01 5.78378378e-01 6.37837838e-02 0.00000000e+00
 0.00000000e+00 0.00000000e+00 0.00000000e+00 0.00000000e+00
 3.08648649e-01 3.65945946e-01 2.91351351e-01 2.30270270e-01
 4.07567568e-01 4.22162162e-01 7.83783784e-02 3.28648649e-01
 4.49729730e-01 1.66486486e-01 5.16756757e-01 6.27027027e-02
 2.83783784e-01 2.73513514e-01 4.52972973e-01 4.72972973e-01
 3.94054054e-02 9.72972973e-02 3.81081081e-01 2.58378378e-01
 2.43243243e-01 8.00000000e-02 9.56756757e-01 4.56756757e-01
 5.37837838e-01 4.92972973e-01 6.10810811e-01 6.43243243e-01
 5.20000000e-01 6.81081081e-01 2.69729730e-01 2.60540541e-01
 5.51351351e-02 1.74594595e-01 5.89189189e-01 3.38918919e-02
 6.75675676e-01 5.00000000e-01 2.71351351e-01 2.46486486e-01
 2.47027027e-01 2.97297297e-01 4.30270270e-01 5.13513514e-01
 2.78378378e-01 2.35135135e-01 6.75675676e-02 0.00000000e+00
 3.47027027e-01 3.24324324e-01 1.21621622e-01 0.00000000e+00
 0.00000000e+00 0.00000000e+00 0.00000000e+00 0.00000000e+00
 0.00000000e+00 1.69729730e-01 1.56216216e-01 2.34594595e-01
 0.00000000e+00 0.00000000e+00 0.00000000e+00 0.00000000e+00
 0.00000000e+00 0.00000000e+00 0.00000000e+00 0.00000000e+00
 1.52972973e-01 1.15675676e-01 3.11891892e-01 0.00000000e+00
 1.74594595e-01 1.65405405e-01 0.00000000e+00 0.00000000e+00
 0.00000000e+00 1.55135135e-03 2.28108108e-01 0.00000000e+00
 0.00000000e+00 3.53513514e-02 2.22162162e-01 1.42162162e-01
 9.24324324e-02 1.85945946e-01 2.82702703e-01 1.00540541e-01
 0.00000000e+00 2.69189189e-01 3.80540541e-04 0.00000000e+00
 0.00000000e+00 9.18918919e-02 1.02162162e-01 0.00000000e+00
 2.28108108e-01 0.00000000e+00 3.31351351e-01 5.94594595e-03
 0.00000000e+00 1.38378378e-01 7.89189189e-02 8.37837838e-02
 3.23783784e-01 1.77837838e-01 3.00000000e-01 6.27027027e-02
 5.83783784e-02 5.72972973e-02 7.56756757e-02 0.00000000e+00
 4.76216216e-01 0.00000000e+00 0.00000000e+00 1.63243243e-01
 0.00000000e+00 3.31891892e-01 1.16756757e-01 5.05945946e-02
 1.20000000e-01 0.00000000e+00 0.00000000e+00 7.45945946e-02
 0.00000000e+00 2.19459459e-01 1.76216216e-01 0.00000000e+00
 2.53513514e-01 0.00000000e+00 0.00000000e+00 3.12972973e-01
 1.27027027e-01 0.00000000e+00 0.00000000e+00 0.00000000e+00
 0.00000000e+00 5.26486486e-02 0.00000000e+00 0.00000000e+00
 0.00000000e+00 1.70270270e-01 0.00000000e+00 0.00000000e+00
 0.00000000e+00 2.51891892e-01 0.00000000e+00 9.02702703e-02
 2.36216216e-02 1.09189189e-01 1.82702703e-01 1.58918919e-01
 7.67567568e-02 0.00000000e+00 1.71351351e-01 1.15135135e-01
 2.07027027e-01 0.00000000e+00 3.05945946e-01 2.61081081e-01
 1.35135135e-01 2.72432432e-01 2.37297297e-01 2.25405405e-02
 0.00000000e+00 0.00000000e+00 0.00000000e+00 1.69729730e-01
 0.00000000e+00 2.17837838e-01 2.41621622e-01 8.59459459e-02
 0.00000000e+00 0.00000000e+00 0.00000000e+00 0.00000000e+00
 1.63783784e-01 0.00000000e+00 0.00000000e+00 0.00000000e+00]
pyseer
y_true:  [1. 1. 1. 1. 1. 1. 1. 1. 1. 1. 1. 1. 1. 1. 0. 0. 0. 0. 0. 0. 0. 1. 1. 1.
 1. 1. 1. 1. 0. 0. 0. 0. 0. 0. 0. 0. 0. 0. 0. 0. 0. 0. 1. 1. 1. 1. 1. 1.
 1. 0. 0. 0. 0. 0. 0. 0. 1. 1. 1. 1. 1. 1. 1. 0. 0. 0. 0. 0. 0. 0. 0. 0.
 0. 0. 0. 0. 0. 0. 0. 0. 0. 0. 0. 0. 0. 0. 0. 0. 0. 0. 0. 0. 0. 0. 0. 0.
 0. 0. 0. 0. 0. 0. 0. 0. 0. 0. 0. 0. 0. 0. 0. 0. 0. 0. 0. 0. 0. 0. 0. 0.
 0. 0. 0. 0. 0. 0. 0. 0. 0. 0. 0. 0. 0. 0. 0. 0. 0. 0. 0. 0. 0. 0. 0. 0.
 0. 0. 0. 0. 0. 0. 0. 0. 0. 0. 0. 0. 0. 0. 0. 0. 0. 0. 0. 0. 0. 0. 0. 0.
 0. 0. 0. 0. 0. 0. 0. 0. 0. 0. 0. 0. 0. 0. 0. 0. 0. 0. 0. 0. 0. 0. 0. 0.
 0. 0. 0. 0. 0. 0. 0. 0.]
y_pred:  [1. 1. 0. 1. 1. 1. 1. 1. 1. 1. 1. 1. 1. 1. 0. 0. 0. 0. 0. 0. 1. 1. 1. 0.
 1. 1. 0. 1. 1. 0. 1. 0. 1. 1. 1. 1. 0. 0. 1. 1. 1. 0. 1. 1. 1. 1. 1. 1.
 1. 1. 1. 1. 0. 0. 1. 0. 1. 1. 1. 1. 1. 1. 1. 1. 1. 1. 0. 0. 1. 1. 0. 0.
 0. 0. 0. 0. 0. 0. 0. 0. 0. 0. 0. 0. 0. 0. 0. 0. 0. 0. 1. 0. 0. 0. 0. 0.
 0. 0. 0. 0. 0. 0. 0. 0. 0. 0. 1. 0. 0. 1. 0. 0. 0. 0. 0. 0. 0. 0. 1. 0.
 0. 0. 0. 0. 1. 0. 1. 0. 0. 0. 0. 0. 1. 0. 0. 0. 0. 1. 0. 0. 0. 0. 0. 0.
 0. 0. 0. 0. 1. 0. 0. 1. 0. 0. 0. 0. 0. 0. 0. 0. 0. 0. 0. 0. 0. 1. 0. 0.
 0. 0. 0. 0. 0. 0. 0. 0. 0. 0. 1. 1. 0. 1. 1. 0. 0. 0. 0. 0. 0. 0. 1. 0.
 0. 0. 0. 0. 0. 0. 0. 0.]
Time taken: 21.889029264450073 seconds
Running combination 43 of 50
Fitting RandomForest...
Fitting Adaboost...
Fitting AdaBoost_2...
Fitting et...
Fitting gbc...
Fitting gbc_2...
Fitting gbc_3...
Fitting dt...
Fitting lr...
Fitting Lasso_1...
Fitting Lasso_2...
Fitting Lasso_3...
Fitting Lasso_4...
Fitting elasticnet...
VCF file created successfully.
pyseer stderr:  Read 1000 phenotypes
Detected continuous phenotype
Reading all variants

0variants [00:00, ?variants/s]
54variants [00:00, 537.26variants/s]
108variants [00:00, 475.22variants/s]
164variants [00:00, 508.78variants/s]
198variants [00:00, 513.47variants/s]
Applying correlation filtering

  0%|          | 0/198 [00:00<?, ?variants/s]
100%|██████████| 198/198 [00:00<00:00, 2722.70variants/s]
Fitting elastic net to top 148 variants
Best penalty (lambda) from cross-validation: 1.13E+01
Best R^2 from cross-validation: 0.514
Finding and printing selected variants
198 loaded variants
50 pre-filtered variants
148 tested variants
135 printed variants

True importance standardized:  [0.28761398 0.28761398 0.28761398 0.28761398 0.28761398 0.28761398
 0.28761398 0.76875612 0.76875612 0.76875612 0.76875612 0.76875612
 0.76875612 0.76875612 1.         1.         1.         1.
 1.         1.         1.         0.76311928 0.76311928 0.76311928
 0.76311928 0.76311928 0.76311928 0.76311928 0.22212306 0.22212306
 0.22212306 0.22212306 0.22212306 0.22212306 0.22212306 0.69468074
 0.69468074 0.69468074 0.69468074 0.69468074 0.69468074 0.69468074
 0.32237544 0.32237544 0.32237544 0.32237544 0.32237544 0.32237544
 0.32237544 0.2032421  0.2032421  0.2032421  0.2032421  0.2032421
 0.2032421  0.2032421  0.20363639 0.20363639 0.20363639 0.20363639
 0.20363639 0.20363639 0.20363639 0.37469937 0.37469937 0.37469937
 0.37469937 0.37469937 0.37469937 0.37469937 0.         0.
 0.         0.         0.         0.         0.         0.
 0.         0.         0.         0.         0.         0.
 0.         0.         0.         0.         0.         0.
 0.         0.         0.         0.         0.         0.
 0.         0.         0.         0.         0.         0.
 0.         0.         0.         0.         0.         0.
 0.         0.         0.         0.         0.         0.
 0.         0.         0.         0.         0.         0.
 0.         0.         0.         0.         0.         0.
 0.         0.         0.         0.         0.         0.
 0.         0.         0.         0.         0.         0.
 0.         0.         0.         0.         0.         0.
 0.         0.         0.         0.         0.         0.
 0.         0.         0.         0.         0.         0.
 0.         0.         0.         0.         0.         0.
 0.         0.         0.         0.         0.         0.
 0.         0.         0.         0.         0.         0.
 0.         0.         0.         0.         0.         0.
 0.         0.         0.         0.         0.         0.
 0.         0.         0.         0.         0.         0.
 0.         0.         0.         0.         0.         0.
 0.         0.        ]
Normalized importance:  [0.12936653 0.12936653 0.         0.         0.12936653 0.
 0.12936653 0.96012141 0.96012141 0.96012141 0.96012141 0.96012141
 0.96012141 0.96012141 1.         1.         1.         1.
 1.         1.         1.         0.97951177 0.97951177 0.97951177
 0.97951177 0.97951177 0.97951177 0.97951177 0.         0.
 0.         0.         0.04722025 0.         0.         0.59492246
 0.59492246 0.59492246 0.59492246 0.59492246 0.59492246 0.59492246
 0.18955558 0.18955558 0.18955558 0.18955558 0.18955558 0.18955558
 0.18955558 0.08122897 0.08122897 0.         0.         0.
 0.         0.08122897 0.0395277  0.         0.         0.0395277
 0.         0.         0.         0.22401262 0.22401262 0.22401262
 0.22401262 0.22401262 0.22401262 0.22401262 0.         0.
 0.         0.         0.         0.         0.         0.
 0.         0.         0.         0.         0.         0.
 0.         0.         0.         0.         0.02020752 0.
 0.         0.         0.         0.         0.0749929  0.
 0.         0.         0.         0.         0.         0.
 0.         0.08344102 0.         0.         0.         0.
 0.         0.         0.05195341 0.         0.         0.
 0.         0.         0.         0.         0.         0.
 0.         0.         0.07627503 0.         0.         0.
 0.         0.         0.         0.         0.         0.
 0.         0.         0.         0.         0.         0.
 0.         0.         0.         0.         0.         0.03802715
 0.         0.         0.02613809 0.         0.         0.
 0.         0.         0.         0.         0.0207619  0.
 0.         0.         0.         0.         0.         0.
 0.         0.         0.         0.         0.09327284 0.
 0.         0.         0.         0.         0.         0.
 0.         0.         0.         0.         0.         0.
 0.         0.         0.         0.         0.0736723  0.
 0.         0.         0.         0.         0.         0.
 0.         0.         0.         0.         0.         0.
 0.         0.        ]
deepbreaks
y_true:  [0. 0. 0. 0. 0. 0. 0. 1. 1. 1. 1. 1. 1. 1. 1. 1. 1. 1. 1. 1. 1. 1. 1. 1.
 1. 1. 1. 1. 0. 0. 0. 0. 0. 0. 0. 1. 1. 1. 1. 1. 1. 1. 0. 0. 0. 0. 0. 0.
 0. 0. 0. 0. 0. 0. 0. 0. 0. 0. 0. 0. 0. 0. 0. 1. 1. 1. 1. 1. 1. 1. 0. 0.
 0. 0. 0. 0. 0. 0. 0. 0. 0. 0. 0. 0. 0. 0. 0. 0. 0. 0. 0. 0. 0. 0. 0. 0.
 0. 0. 0. 0. 0. 0. 0. 0. 0. 0. 0. 0. 0. 0. 0. 0. 0. 0. 0. 0. 0. 0. 0. 0.
 0. 0. 0. 0. 0. 0. 0. 0. 0. 0. 0. 0. 0. 0. 0. 0. 0. 0. 0. 0. 0. 0. 0. 0.
 0. 0. 0. 0. 0. 0. 0. 0. 0. 0. 0. 0. 0. 0. 0. 0. 0. 0. 0. 0. 0. 0. 0. 0.
 0. 0. 0. 0. 0. 0. 0. 0. 0. 0. 0. 0. 0. 0. 0. 0. 0. 0. 0. 0. 0. 0. 0. 0.
 0. 0. 0. 0. 0. 0. 0. 0.]
y_pred:  [0. 0. 0. 0. 0. 0. 0. 1. 1. 1. 1. 1. 1. 1. 1. 1. 1. 1. 1. 1. 1. 1. 1. 1.
 1. 1. 1. 1. 0. 0. 0. 0. 0. 0. 0. 1. 1. 1. 1. 1. 1. 1. 0. 0. 0. 0. 0. 0.
 0. 0. 0. 0. 0. 0. 0. 0. 0. 0. 0. 0. 0. 0. 0. 1. 1. 1. 1. 1. 1. 1. 0. 0.
 0. 0. 0. 0. 0. 0. 0. 0. 0. 0. 0. 0. 0. 0. 0. 0. 0. 0. 0. 0. 0. 0. 0. 0.
 0. 0. 0. 0. 0. 0. 0. 0. 0. 0. 0. 0. 0. 0. 0. 0. 0. 0. 0. 0. 0. 0. 0. 0.
 0. 0. 0. 0. 0. 0. 0. 0. 0. 0. 0. 0. 0. 0. 0. 0. 0. 0. 0. 0. 0. 0. 0. 0.
 0. 0. 0. 0. 0. 0. 0. 0. 0. 0. 0. 0. 0. 0. 0. 0. 0. 0. 0. 0. 0. 0. 0. 0.
 0. 0. 0. 0. 0. 0. 0. 0. 0. 0. 0. 0. 0. 0. 0. 0. 0. 0. 0. 0. 0. 0. 0. 0.
 0. 0. 0. 0. 0. 0. 0. 0.]
Normalized importance:  [0.24757835 0.1985755  0.         0.03333333 0.23789174 0.26980057
 0.46153846 0.84615385 0.57834758 0.4045584  0.71225071 0.6039886
 0.31339031 0.         1.         0.50712251 0.52991453 0.46153846
 0.46723647 0.56410256 0.3048433  0.84045584 0.39316239 0.25669516
 0.36182336 0.70655271 0.54700855 0.5982906  0.0951567  0.22706553
 0.         0.         0.30769231 0.05356125 0.04586895 0.72649573
 0.16153846 0.45014245 0.37606838 0.55840456 0.26296296 0.31908832
 0.45584046 0.21111111 0.2025641  0.11709402 0.23903134 0.38176638
 0.         0.22621083 0.08547009 0.14188034 0.26524217 0.04757835
 0.22905983 0.21595442 0.2962963  0.03817664 0.02877493 0.17435897
 0.0154416  0.14017094 0.         0.43304843 0.04843305 0.6011396
 0.16068376 0.23703704 0.23076923 0.14871795 0.03931624 0.0994302
 0.         0.07948718 0.         0.         0.15612536 0.
 0.17777778 0.         0.         0.         0.         0.
 0.         0.         0.         0.         0.1985755  0.
 0.07008547 0.         0.         0.         0.32193732 0.22820513
 0.24729345 0.         0.         0.20854701 0.12535613 0.33333333
 0.24501425 0.38461538 0.         0.2017094  0.         0.
 0.01663818 0.1031339  0.33048433 0.33618234 0.10569801 0.
 0.         0.17806268 0.         0.         0.         0.
 0.         0.         0.33333333 0.20512821 0.         0.27891738
 0.         0.23247863 0.         0.         0.05356125 0.26239316
 0.18575499 0.21367521 0.1039886  0.07834758 0.13703704 0.20655271
 0.0982906  0.05698006 0.08376068 0.29344729 0.         0.2991453
 0.11994302 0.         0.26609687 0.0988604  0.         0.07207977
 0.         0.         0.         0.01361823 0.16467236 0.13960114
 0.15185185 0.         0.16096866 0.2037037  0.2014245  0.
 0.03276353 0.         0.08005698 0.04985755 0.43874644 0.
 0.         0.         0.         0.0280057  0.34188034 0.
 0.03532764 0.         0.         0.         0.06239316 0.11367521
 0.05156695 0.04301994 0.16837607 0.17948718 0.38176638 0.
 0.         0.         0.02068376 0.11652422 0.07350427 0.10769231
 0.         0.15641026 0.07407407 0.         0.1045584  0.
 0.         0.        ]
pyseer
y_true:  [0. 0. 0. 0. 0. 0. 0. 1. 1. 1. 1. 1. 1. 1. 1. 1. 1. 1. 1. 1. 1. 1. 1. 1.
 1. 1. 1. 1. 0. 0. 0. 0. 0. 0. 0. 1. 1. 1. 1. 1. 1. 1. 0. 0. 0. 0. 0. 0.
 0. 0. 0. 0. 0. 0. 0. 0. 0. 0. 0. 0. 0. 0. 0. 1. 1. 1. 1. 1. 1. 1. 0. 0.
 0. 0. 0. 0. 0. 0. 0. 0. 0. 0. 0. 0. 0. 0. 0. 0. 0. 0. 0. 0. 0. 0. 0. 0.
 0. 0. 0. 0. 0. 0. 0. 0. 0. 0. 0. 0. 0. 0. 0. 0. 0. 0. 0. 0. 0. 0. 0. 0.
 0. 0. 0. 0. 0. 0. 0. 0. 0. 0. 0. 0. 0. 0. 0. 0. 0. 0. 0. 0. 0. 0. 0. 0.
 0. 0. 0. 0. 0. 0. 0. 0. 0. 0. 0. 0. 0. 0. 0. 0. 0. 0. 0. 0. 0. 0. 0. 0.
 0. 0. 0. 0. 0. 0. 0. 0. 0. 0. 0. 0. 0. 0. 0. 0. 0. 0. 0. 0. 0. 0. 0. 0.
 0. 0. 0. 0. 0. 0. 0. 0.]
y_pred:  [1. 0. 0. 0. 1. 1. 1. 1. 1. 1. 1. 1. 1. 0. 1. 1. 1. 1. 1. 1. 1. 1. 1. 1.
 1. 1. 1. 1. 0. 1. 0. 0. 1. 0. 0. 1. 0. 1. 1. 1. 1. 1. 1. 1. 0. 0. 1. 1.
 0. 1. 0. 0. 1. 0. 1. 1. 1. 0. 0. 0. 0. 0. 0. 1. 0. 1. 0. 1. 1. 0. 0. 0.
 0. 0. 0. 0. 0. 0. 0. 0. 0. 0. 0. 0. 0. 0. 0. 0. 0. 0. 0. 0. 0. 0. 1. 1.
 1. 0. 0. 1. 0. 1. 1. 1. 0. 0. 0. 0. 0. 0. 1. 1. 0. 0. 0. 0. 0. 0. 0. 0.
 0. 0. 1. 1. 0. 1. 0. 1. 0. 0. 0. 1. 0. 1. 0. 0. 0. 1. 0. 0. 0. 1. 0. 1.
 0. 0. 1. 0. 0. 0. 0. 0. 0. 0. 0. 0. 0. 0. 0. 1. 0. 0. 0. 0. 0. 0. 1. 0.
 0. 0. 0. 0. 1. 0. 0. 0. 0. 0. 0. 0. 0. 0. 0. 0. 1. 0. 0. 0. 0. 0. 0. 0.
 0. 0. 0. 0. 0. 0. 0. 0.]
Time taken: 22.17338275909424 seconds
Running combination 44 of 50
Fitting RandomForest...
Fitting Adaboost...
Fitting AdaBoost_2...
Fitting et...
Fitting gbc...
Fitting gbc_2...
Fitting gbc_3...
Fitting dt...
Fitting lr...
Fitting Lasso_1...
Fitting Lasso_2...
Fitting Lasso_3...
Fitting Lasso_4...
Fitting elasticnet...
VCF file created successfully.
pyseer stderr:  Read 1000 phenotypes
Detected continuous phenotype
Reading all variants

0variants [00:00, ?variants/s]
54variants [00:00, 539.64variants/s]
108variants [00:00, 477.83variants/s]
164variants [00:00, 511.36variants/s]
198variants [00:00, 516.21variants/s]
Applying correlation filtering

  0%|          | 0/198 [00:00<?, ?variants/s]
100%|██████████| 198/198 [00:00<00:00, 2703.59variants/s]
Fitting elastic net to top 148 variants
Best penalty (lambda) from cross-validation: 1.16E+01
Best R^2 from cross-validation: 0.512
Finding and printing selected variants
198 loaded variants
50 pre-filtered variants
148 tested variants
139 printed variants

True importance standardized:  [0.89027505 0.89027505 0.89027505 0.89027505 0.89027505 0.89027505
 0.89027505 1.         1.         1.         1.         1.
 1.         1.         0.86912807 0.86912807 0.86912807 0.86912807
 0.86912807 0.86912807 0.86912807 0.26920962 0.26920962 0.26920962
 0.26920962 0.26920962 0.26920962 0.26920962 0.90720959 0.90720959
 0.90720959 0.90720959 0.90720959 0.90720959 0.90720959 0.12737426
 0.12737426 0.12737426 0.12737426 0.12737426 0.12737426 0.12737426
 0.50812408 0.50812408 0.50812408 0.50812408 0.50812408 0.50812408
 0.50812408 0.6702063  0.6702063  0.6702063  0.6702063  0.6702063
 0.6702063  0.6702063  0.59487785 0.59487785 0.59487785 0.59487785
 0.59487785 0.59487785 0.59487785 0.4255882  0.4255882  0.4255882
 0.4255882  0.4255882  0.4255882  0.4255882  0.         0.
 0.         0.         0.         0.         0.         0.
 0.         0.         0.         0.         0.         0.
 0.         0.         0.         0.         0.         0.
 0.         0.         0.         0.         0.         0.
 0.         0.         0.         0.         0.         0.
 0.         0.         0.         0.         0.         0.
 0.         0.         0.         0.         0.         0.
 0.         0.         0.         0.         0.         0.
 0.         0.         0.         0.         0.         0.
 0.         0.         0.         0.         0.         0.
 0.         0.         0.         0.         0.         0.
 0.         0.         0.         0.         0.         0.
 0.         0.         0.         0.         0.         0.
 0.         0.         0.         0.         0.         0.
 0.         0.         0.         0.         0.         0.
 0.         0.         0.         0.         0.         0.
 0.         0.         0.         0.         0.         0.
 0.         0.         0.         0.         0.         0.
 0.         0.         0.         0.         0.         0.
 0.         0.         0.         0.         0.         0.
 0.         0.         0.         0.         0.         0.
 0.         0.        ]
Normalized importance:  [0.74816775 0.74816775 0.74816775 0.74816775 0.74816775 0.74816775
 0.74816775 1.         1.         1.         1.         1.
 1.         1.         0.79002138 0.79002138 0.79002138 0.79002138
 0.79002138 0.79002138 0.79002138 0.08823176 0.08823176 0.08823176
 0.08823176 0.08823176 0.         0.08823176 0.77876311 0.77876311
 0.77876311 0.77876311 0.77876311 0.77876311 0.77876311 0.
 0.         0.         0.         0.         0.         0.
 0.44755246 0.44755246 0.44755246 0.44755246 0.44755246 0.44755246
 0.44755246 0.5744212  0.5744212  0.5744212  0.5744212  0.5744212
 0.5744212  0.5744212  0.37277143 0.37277143 0.37277143 0.37277143
 0.37277143 0.37277143 0.37277143 0.38468209 0.38468209 0.38468209
 0.38468209 0.38468209 0.38468209 0.38468209 0.         0.
 0.         0.         0.         0.         0.         0.
 0.         0.         0.         0.05057805 0.         0.
 0.         0.         0.         0.         0.02399538 0.
 0.         0.         0.         0.10859032 0.         0.
 0.         0.         0.         0.         0.         0.0340512
 0.         0.         0.         0.         0.         0.
 0.         0.         0.         0.         0.         0.
 0.         0.         0.         0.         0.         0.
 0.         0.         0.         0.         0.         0.
 0.         0.         0.         0.         0.         0.
 0.         0.         0.         0.         0.         0.
 0.         0.         0.         0.         0.         0.
 0.         0.         0.         0.         0.         0.04126607
 0.         0.         0.         0.         0.         0.
 0.         0.         0.         0.         0.         0.
 0.         0.         0.         0.         0.         0.02272519
 0.         0.02370867 0.         0.         0.         0.
 0.         0.         0.         0.         0.         0.
 0.         0.         0.         0.         0.         0.01647807
 0.         0.         0.         0.05896319 0.         0.02283137
 0.         0.         0.         0.         0.         0.
 0.         0.        ]
deepbreaks
y_true:  [1. 1. 1. 1. 1. 1. 1. 1. 1. 1. 1. 1. 1. 1. 1. 1. 1. 1. 1. 1. 1. 0. 0. 0.
 0. 0. 0. 0. 1. 1. 1. 1. 1. 1. 1. 0. 0. 0. 0. 0. 0. 0. 0. 0. 0. 0. 0. 0.
 0. 1. 1. 1. 1. 1. 1. 1. 0. 0. 0. 0. 0. 0. 0. 0. 0. 0. 0. 0. 0. 0. 0. 0.
 0. 0. 0. 0. 0. 0. 0. 0. 0. 0. 0. 0. 0. 0. 0. 0. 0. 0. 0. 0. 0. 0. 0. 0.
 0. 0. 0. 0. 0. 0. 0. 0. 0. 0. 0. 0. 0. 0. 0. 0. 0. 0. 0. 0. 0. 0. 0. 0.
 0. 0. 0. 0. 0. 0. 0. 0. 0. 0. 0. 0. 0. 0. 0. 0. 0. 0. 0. 0. 0. 0. 0. 0.
 0. 0. 0. 0. 0. 0. 0. 0. 0. 0. 0. 0. 0. 0. 0. 0. 0. 0. 0. 0. 0. 0. 0. 0.
 0. 0. 0. 0. 0. 0. 0. 0. 0. 0. 0. 0. 0. 0. 0. 0. 0. 0. 0. 0. 0. 0. 0. 0.
 0. 0. 0. 0. 0. 0. 0. 0.]
y_pred:  [1. 1. 1. 1. 1. 1. 1. 1. 1. 1. 1. 1. 1. 1. 1. 1. 1. 1. 1. 1. 1. 0. 0. 0.
 0. 0. 0. 0. 1. 1. 1. 1. 1. 1. 1. 0. 0. 0. 0. 0. 0. 0. 1. 1. 1. 1. 1. 1.
 1. 1. 1. 1. 1. 1. 1. 1. 0. 0. 0. 0. 0. 0. 0. 0. 0. 0. 0. 0. 0. 0. 0. 0.
 0. 0. 0. 0. 0. 0. 0. 0. 0. 0. 0. 0. 0. 0. 0. 0. 0. 0. 0. 0. 0. 0. 0. 0.
 0. 0. 0. 0. 0. 0. 0. 0. 0. 0. 0. 0. 0. 0. 0. 0. 0. 0. 0. 0. 0. 0. 0. 0.
 0. 0. 0. 0. 0. 0. 0. 0. 0. 0. 0. 0. 0. 0. 0. 0. 0. 0. 0. 0. 0. 0. 0. 0.
 0. 0. 0. 0. 0. 0. 0. 0. 0. 0. 0. 0. 0. 0. 0. 0. 0. 0. 0. 0. 0. 0. 0. 0.
 0. 0. 0. 0. 0. 0. 0. 0. 0. 0. 0. 0. 0. 0. 0. 0. 0. 0. 0. 0. 0. 0. 0. 0.
 0. 0. 0. 0. 0. 0. 0. 0.]
Normalized importance:  [0.84210526 0.36565097 0.3933518  0.32409972 0.18254848 0.34072022
 0.74238227 1.         0.31024931 0.45152355 0.49030471 0.56786704
 0.45429363 0.07894737 0.72299169 0.23074792 0.59833795 0.28808864
 0.34072022 0.54847645 0.49861496 0.21911357 0.00634349 0.27506925
 0.11578947 0.17506925 0.         0.02382271 0.87257618 0.15180055
 0.37950139 0.27977839 0.52908587 0.4099723  0.31578947 0.09085873
 0.         0.01246537 0.26315789 0.         0.         0.
 0.50969529 0.41551247 0.22271468 0.22437673 0.4432133  0.25567867
 0.3601108  0.94182825 0.21551247 0.39889197 0.09501385 0.20969529
 0.42382271 0.31024931 0.52908587 0.40720222 0.52354571 0.24930748
 0.13268698 0.         0.10166205 0.50138504 0.26731302 0.21911357
 0.10554017 0.1199446  0.47922438 0.26315789 0.29362881 0.02963989
 0.23961219 0.         0.15207756 0.         0.02141274 0.03601108
 0.14819945 0.         0.         0.30470914 0.22465374 0.19196676
 0.15401662 0.         0.         0.         0.14570637 0.20110803
 0.0700831  0.         0.         0.34626039 0.18310249 0.
 0.         0.22631579 0.         0.         0.16371191 0.27479224
 0.23047091 0.09695291 0.         0.         0.08975069 0.2299169
 0.03933518 0.01362881 0.0432133  0.11551247 0.05124654 0.
 0.0966759  0.11468144 0.13157895 0.32963989 0.00179501 0.16426593
 0.20858726 0.         0.13878116 0.         0.08642659 0.3767313
 0.         0.27146814 0.17922438 0.         0.         0.
 0.         0.24598338 0.         0.16648199 0.10055402 0.08919668
 0.         0.         0.06592798 0.19695291 0.07700831 0.
 0.         0.         0.07368421 0.00257341 0.         0.32409972
 0.35734072 0.16232687 0.13711911 0.01099723 0.         0.19418283
 0.25180055 0.         0.1099723  0.00897507 0.         0.
 0.1501385  0.02689751 0.14958449 0.         0.2700831  0.16454294
 0.         0.07894737 0.         0.         0.         0.
 0.         0.21412742 0.         0.04293629 0.         0.
 0.13102493 0.         0.11218837 0.         0.         0.28531856
 0.         0.         0.21246537 0.24764543 0.         0.12548476
 0.         0.         0.11689751 0.         0.14432133 0.15955679
 0.         0.        ]
pyseer
y_true:  [1. 1. 1. 1. 1. 1. 1. 1. 1. 1. 1. 1. 1. 1. 1. 1. 1. 1. 1. 1. 1. 0. 0. 0.
 0. 0. 0. 0. 1. 1. 1. 1. 1. 1. 1. 0. 0. 0. 0. 0. 0. 0. 0. 0. 0. 0. 0. 0.
 0. 1. 1. 1. 1. 1. 1. 1. 0. 0. 0. 0. 0. 0. 0. 0. 0. 0. 0. 0. 0. 0. 0. 0.
 0. 0. 0. 0. 0. 0. 0. 0. 0. 0. 0. 0. 0. 0. 0. 0. 0. 0. 0. 0. 0. 0. 0. 0.
 0. 0. 0. 0. 0. 0. 0. 0. 0. 0. 0. 0. 0. 0. 0. 0. 0. 0. 0. 0. 0. 0. 0. 0.
 0. 0. 0. 0. 0. 0. 0. 0. 0. 0. 0. 0. 0. 0. 0. 0. 0. 0. 0. 0. 0. 0. 0. 0.
 0. 0. 0. 0. 0. 0. 0. 0. 0. 0. 0. 0. 0. 0. 0. 0. 0. 0. 0. 0. 0. 0. 0. 0.
 0. 0. 0. 0. 0. 0. 0. 0. 0. 0. 0. 0. 0. 0. 0. 0. 0. 0. 0. 0. 0. 0. 0. 0.
 0. 0. 0. 0. 0. 0. 0. 0.]
y_pred:  [1. 1. 1. 1. 0. 1. 1. 1. 1. 1. 1. 1. 1. 0. 1. 1. 1. 1. 1. 1. 1. 1. 0. 1.
 0. 0. 0. 0. 1. 0. 1. 1. 1. 1. 1. 0. 0. 0. 1. 0. 0. 0. 1. 1. 1. 1. 1. 1.
 1. 1. 1. 1. 0. 0. 1. 1. 1. 1. 1. 1. 0. 0. 0. 1. 1. 1. 0. 0. 1. 1. 1. 0.
 1. 0. 0. 0. 0. 0. 0. 0. 0. 1. 1. 0. 0. 0. 0. 0. 0. 0. 0. 0. 0. 1. 0. 0.
 0. 1. 0. 0. 0. 1. 1. 0. 0. 0. 0. 1. 0. 0. 0. 0. 0. 0. 0. 0. 0. 1. 0. 0.
 0. 0. 0. 0. 0. 1. 0. 1. 0. 0. 0. 0. 0. 1. 0. 0. 0. 0. 0. 0. 0. 0. 0. 0.
 0. 0. 0. 0. 0. 1. 1. 0. 0. 0. 0. 0. 1. 0. 0. 0. 0. 0. 0. 0. 0. 0. 1. 0.
 0. 0. 0. 0. 0. 0. 0. 1. 0. 0. 0. 0. 0. 0. 0. 0. 0. 1. 0. 0. 1. 1. 0. 0.
 0. 0. 0. 0. 0. 0. 0. 0.]
Time taken: 22.398462057113647 seconds
Running combination 45 of 50
Fitting RandomForest...
Fitting Adaboost...
Fitting AdaBoost_2...
Fitting et...
Fitting gbc...
Fitting gbc_2...
Fitting gbc_3...
Fitting dt...
Fitting lr...
Fitting Lasso_1...
Fitting Lasso_2...
Fitting Lasso_3...
Fitting Lasso_4...
Fitting elasticnet...
VCF file created successfully.
pyseer stderr:  Read 1000 phenotypes
Detected continuous phenotype
Reading all variants

0variants [00:00, ?variants/s]
54variants [00:00, 537.32variants/s]
108variants [00:00, 475.49variants/s]
164variants [00:00, 509.99variants/s]
198variants [00:00, 514.72variants/s]
Applying correlation filtering

  0%|          | 0/198 [00:00<?, ?variants/s]
100%|██████████| 198/198 [00:00<00:00, 2681.23variants/s]
Fitting elastic net to top 148 variants
Best penalty (lambda) from cross-validation: 4.83E+01
Best R^2 from cross-validation: 0.417
Finding and printing selected variants
198 loaded variants
50 pre-filtered variants
148 tested variants
127 printed variants

True importance standardized:  [0.30362563 0.30362563 0.30362563 0.30362563 0.30362563 0.30362563
 0.30362563 0.1885614  0.1885614  0.1885614  0.1885614  0.1885614
 0.1885614  0.1885614  0.7797974  0.7797974  0.7797974  0.7797974
 0.7797974  0.7797974  0.7797974  0.13834767 0.13834767 0.13834767
 0.13834767 0.13834767 0.13834767 0.13834767 0.60803874 0.60803874
 0.60803874 0.60803874 0.60803874 0.60803874 0.60803874 0.97892067
 0.97892067 0.97892067 0.97892067 0.97892067 0.97892067 0.97892067
 0.41584862 0.41584862 0.41584862 0.41584862 0.41584862 0.41584862
 0.41584862 0.5313129  0.5313129  0.5313129  0.5313129  0.5313129
 0.5313129  0.5313129  0.97089212 0.97089212 0.97089212 0.97089212
 0.97089212 0.97089212 0.97089212 1.         1.         1.
 1.         1.         1.         1.         0.         0.
 0.         0.         0.         0.         0.         0.
 0.         0.         0.         0.         0.         0.
 0.         0.         0.         0.         0.         0.
 0.         0.         0.         0.         0.         0.
 0.         0.         0.         0.         0.         0.
 0.         0.         0.         0.         0.         0.
 0.         0.         0.         0.         0.         0.
 0.         0.         0.         0.         0.         0.
 0.         0.         0.         0.         0.         0.
 0.         0.         0.         0.         0.         0.
 0.         0.         0.         0.         0.         0.
 0.         0.         0.         0.         0.         0.
 0.         0.         0.         0.         0.         0.
 0.         0.         0.         0.         0.         0.
 0.         0.         0.         0.         0.         0.
 0.         0.         0.         0.         0.         0.
 0.         0.         0.         0.         0.         0.
 0.         0.         0.         0.         0.         0.
 0.         0.         0.         0.         0.         0.
 0.         0.         0.         0.         0.         0.
 0.         0.         0.         0.         0.         0.
 0.         0.        ]
Normalized importance:  [0.25304066 0.25304066 0.25304066 0.25304066 0.25304066 0.25304066
 0.25304066 0.         0.         0.         0.         0.
 0.         0.31743598 1.         1.         1.         1.
 1.         1.         1.         0.         0.         0.
 0.         0.         0.         0.         0.63954925 0.63954925
 0.63954925 0.63954925 0.63954925 0.63954925 0.63954925 0.88286676
 0.88286676 0.88286676 0.88286676 0.88286676 0.88286676 0.88286676
 0.43777435 0.43777435 0.43777435 0.43777435 0.43777435 0.43777435
 0.43777435 0.62354024 0.62354024 0.62354024 0.62354024 0.62354024
 0.62354024 0.62354024 0.86842966 0.86842966 0.86842966 0.86842966
 0.86842966 0.86842966 0.86842966 0.92209719 0.92209719 0.92209719
 0.92209719 0.92209719 0.92209719 0.92209719 0.         0.
 0.         0.         0.         0.         0.         0.
 0.         0.         0.         0.         0.         0.
 0.         0.         0.         0.1604847  0.         0.
 0.         0.         0.         0.         0.         0.
 0.         0.         0.         0.         0.         0.
 0.1418872  0.         0.         0.         0.         0.
 0.         0.         0.         0.         0.         0.
 0.22669464 0.         0.         0.         0.         0.
 0.         0.         0.         0.         0.         0.
 0.         0.         0.         0.         0.         0.
 0.         0.         0.         0.         0.         0.
 0.         0.         0.         0.         0.         0.
 0.         0.         0.         0.         0.         0.23354554
 0.46443084 0.         0.         0.         0.22598007 0.
 0.         0.         0.         0.         0.         0.
 0.         0.         0.         0.         0.         0.69998135
 0.         0.         0.         0.         0.         0.51358691
 0.         0.         0.         0.         0.         0.
 0.         0.         0.         0.         0.         0.
 0.         0.         0.         0.         0.         0.
 0.         0.         0.         0.         0.         0.
 0.         0.        ]
deepbreaks
y_true:  [0. 0. 0. 0. 0. 0. 0. 0. 0. 0. 0. 0. 0. 0. 1. 1. 1. 1. 1. 1. 1. 0. 0. 0.
 0. 0. 0. 0. 1. 1. 1. 1. 1. 1. 1. 1. 1. 1. 1. 1. 1. 1. 0. 0. 0. 0. 0. 0.
 0. 0. 0. 0. 0. 0. 0. 0. 1. 1. 1. 1. 1. 1. 1. 1. 1. 1. 1. 1. 1. 1. 0. 0.
 0. 0. 0. 0. 0. 0. 0. 0. 0. 0. 0. 0. 0. 0. 0. 0. 0. 0. 0. 0. 0. 0. 0. 0.
 0. 0. 0. 0. 0. 0. 0. 0. 0. 0. 0. 0. 0. 0. 0. 0. 0. 0. 0. 0. 0. 0. 0. 0.
 0. 0. 0. 0. 0. 0. 0. 0. 0. 0. 0. 0. 0. 0. 0. 0. 0. 0. 0. 0. 0. 0. 0. 0.
 0. 0. 0. 0. 0. 0. 0. 0. 0. 0. 0. 0. 0. 0. 0. 0. 0. 0. 0. 0. 0. 0. 0. 0.
 0. 0. 0. 0. 0. 0. 0. 0. 0. 0. 0. 0. 0. 0. 0. 0. 0. 0. 0. 0. 0. 0. 0. 0.
 0. 0. 0. 0. 0. 0. 0. 0.]
y_pred:  [0. 0. 0. 0. 0. 0. 0. 0. 0. 0. 0. 0. 0. 0. 1. 1. 1. 1. 1. 1. 1. 0. 0. 0.
 0. 0. 0. 0. 1. 1. 1. 1. 1. 1. 1. 1. 1. 1. 1. 1. 1. 1. 0. 0. 0. 0. 0. 0.
 0. 0. 0. 0. 0. 0. 0. 0. 1. 1. 1. 1. 1. 1. 1. 1. 1. 1. 1. 1. 1. 1. 0. 0.
 0. 0. 0. 0. 0. 0. 0. 0. 0. 0. 0. 0. 0. 0. 0. 0. 0. 0. 0. 0. 0. 0. 0. 0.
 0. 0. 0. 0. 0. 0. 0. 0. 0. 0. 0. 0. 0. 0. 0. 0. 0. 0. 0. 0. 0. 0. 0. 0.
 0. 0. 0. 0. 0. 0. 0. 0. 0. 0. 0. 0. 0. 0. 0. 0. 0. 0. 0. 0. 0. 0. 0. 0.
 0. 0. 0. 0. 0. 0. 0. 0. 0. 0. 0. 0. 0. 0. 0. 0. 0. 0. 0. 0. 0. 0. 0. 1.
 0. 0. 0. 0. 0. 0. 0. 0. 0. 0. 0. 0. 0. 0. 0. 0. 0. 0. 0. 0. 0. 0. 0. 0.
 0. 0. 0. 0. 0. 0. 0. 0.]
Normalized importance:  [0.10085349 0.32290185 0.50497866 0.21621622 0.085633   0.35277383
 0.09004267 0.28733997 0.         0.         0.11948791 0.
 0.11607397 0.6002845  0.90327169 0.17211949 0.82219061 0.31721195
 0.25889047 0.6116643  0.63584637 0.         0.         0.
 0.         0.05874822 0.11522048 0.32432432 0.53627312 0.2802276
 0.51920341 0.3371266  0.27596017 0.47226174 0.62588905 1.
 0.49502134 0.51493599 0.42532006 0.42247511 0.52347084 0.80227596
 0.55618777 0.51209104 0.24751067 0.39260313 0.47083926 0.31863442
 0.         0.53200569 0.46941679 0.30583215 0.19345661 0.3485064
 0.26173542 0.17354196 0.85206259 0.6230441  0.45519203 0.6799431
 0.65860597 0.53769559 0.43954481 0.91322902 0.71123755 0.37980085
 0.51778094 0.59886202 0.6344239  0.73399716 0.         0.
 0.04495021 0.         0.16642959 0.0371266  0.50213371 0.
 0.         0.14366999 0.25320057 0.         0.26600284 0.3883357
 0.         0.00937411 0.14509246 0.1284495  0.11024182 0.
 0.         0.04523471 0.         0.06927454 0.         0.
 0.23897582 0.01906117 0.23328592 0.         0.         0.
 0.51778094 0.         0.12190612 0.06173542 0.         0.07382646
 0.         0.23328592 0.08150782 0.06699858 0.         0.11081081
 0.47937411 0.         0.08378378 0.         0.         0.
 0.30014225 0.39260313 0.29445235 0.         0.         0.00405405
 0.         0.05476529 0.         0.         0.27027027 0.
 0.         0.21763869 0.         0.         0.         0.
 0.16216216 0.40398293 0.30156472 0.         0.29871977 0.
 0.36984353 0.24751067 0.         0.08534851 0.         0.26031294
 0.27027027 0.01002845 0.15362731 0.         0.14793741 0.04623044
 0.0715505  0.3940256  0.         0.10483642 0.         0.
 0.         0.         0.1227596  0.09544808 0.         0.31721195
 0.03826458 0.         0.3598862  0.0802276  0.         0.23755334
 0.         0.25604552 0.05320057 0.         0.12233286 0.
 0.         0.         0.         0.         0.         0.05405405
 0.         0.         0.         0.52347084 0.28165007 0.
 0.         0.         0.         0.         0.17211949 0.2972973
 0.         0.        ]
pyseer
y_true:  [0. 0. 0. 0. 0. 0. 0. 0. 0. 0. 0. 0. 0. 0. 1. 1. 1. 1. 1. 1. 1. 0. 0. 0.
 0. 0. 0. 0. 1. 1. 1. 1. 1. 1. 1. 1. 1. 1. 1. 1. 1. 1. 0. 0. 0. 0. 0. 0.
 0. 0. 0. 0. 0. 0. 0. 0. 1. 1. 1. 1. 1. 1. 1. 1. 1. 1. 1. 1. 1. 1. 0. 0.
 0. 0. 0. 0. 0. 0. 0. 0. 0. 0. 0. 0. 0. 0. 0. 0. 0. 0. 0. 0. 0. 0. 0. 0.
 0. 0. 0. 0. 0. 0. 0. 0. 0. 0. 0. 0. 0. 0. 0. 0. 0. 0. 0. 0. 0. 0. 0. 0.
 0. 0. 0. 0. 0. 0. 0. 0. 0. 0. 0. 0. 0. 0. 0. 0. 0. 0. 0. 0. 0. 0. 0. 0.
 0. 0. 0. 0. 0. 0. 0. 0. 0. 0. 0. 0. 0. 0. 0. 0. 0. 0. 0. 0. 0. 0. 0. 0.
 0. 0. 0. 0. 0. 0. 0. 0. 0. 0. 0. 0. 0. 0. 0. 0. 0. 0. 0. 0. 0. 0. 0. 0.
 0. 0. 0. 0. 0. 0. 0. 0.]
y_pred:  [0. 1. 1. 0. 0. 1. 0. 1. 0. 0. 0. 0. 0. 1. 1. 0. 1. 1. 0. 1. 1. 0. 0. 0.
 0. 0. 0. 1. 1. 1. 1. 1. 0. 1. 1. 1. 1. 1. 1. 1. 1. 1. 1. 1. 0. 1. 1. 1.
 0. 1. 1. 1. 0. 1. 0. 0. 1. 1. 1. 1. 1. 1. 1. 1. 1. 1. 1. 1. 1. 1. 0. 0.
 0. 0. 0. 0. 1. 0. 0. 0. 0. 0. 0. 1. 0. 0. 0. 0. 0. 0. 0. 0. 0. 0. 0. 0.
 0. 0. 0. 0. 0. 0. 1. 0. 0. 0. 0. 0. 0. 0. 0. 0. 0. 0. 1. 0. 0. 0. 0. 0.
 1. 1. 1. 0. 0. 0. 0. 0. 0. 0. 0. 0. 0. 0. 0. 0. 0. 0. 0. 1. 1. 0. 1. 0.
 1. 0. 0. 0. 0. 0. 0. 0. 0. 0. 0. 0. 0. 1. 0. 0. 0. 0. 0. 0. 0. 0. 0. 1.
 0. 0. 1. 0. 0. 0. 0. 0. 0. 0. 0. 0. 0. 0. 0. 0. 0. 0. 0. 0. 0. 1. 1. 0.
 0. 0. 0. 0. 0. 1. 0. 0.]
Time taken: 21.935399055480957 seconds
Running combination 46 of 50
Fitting RandomForest...
Fitting Adaboost...
Fitting AdaBoost_2...
Fitting et...
Fitting gbc...
Fitting gbc_2...
Fitting gbc_3...
Fitting dt...
Fitting lr...
Fitting Lasso_1...
Fitting Lasso_2...
Fitting Lasso_3...
Fitting Lasso_4...
Fitting elasticnet...
VCF file created successfully.
pyseer stderr:  Read 1000 phenotypes
Detected continuous phenotype
Reading all variants

0variants [00:00, ?variants/s]
53variants [00:00, 528.55variants/s]
106variants [00:00, 468.46variants/s]
161variants [00:00, 502.50variants/s]
198variants [00:00, 507.55variants/s]
Applying correlation filtering

  0%|          | 0/198 [00:00<?, ?variants/s]
100%|██████████| 198/198 [00:00<00:00, 2560.44variants/s]
Fitting elastic net to top 148 variants
Best penalty (lambda) from cross-validation: 5.84E+00
Best R^2 from cross-validation: 0.481
Finding and printing selected variants
198 loaded variants
50 pre-filtered variants
148 tested variants
131 printed variants

True importance standardized:  [0.14232402 0.14232402 0.14232402 0.14232402 0.14232402 0.14232402
 0.14232402 0.47641917 0.47641917 0.47641917 0.47641917 0.47641917
 0.47641917 0.47641917 0.72845445 0.72845445 0.72845445 0.72845445
 0.72845445 0.72845445 0.72845445 0.14127397 0.14127397 0.14127397
 0.14127397 0.14127397 0.14127397 0.14127397 0.37729357 0.37729357
 0.37729357 0.37729357 0.37729357 0.37729357 0.37729357 0.28669234
 0.28669234 0.28669234 0.28669234 0.28669234 0.28669234 0.28669234
 0.59985517 0.59985517 0.59985517 0.59985517 0.59985517 0.59985517
 0.59985517 1.         1.         1.         1.         1.
 1.         1.         0.3054524  0.3054524  0.3054524  0.3054524
 0.3054524  0.3054524  0.3054524  0.51303152 0.51303152 0.51303152
 0.51303152 0.51303152 0.51303152 0.51303152 0.         0.
 0.         0.         0.         0.         0.         0.
 0.         0.         0.         0.         0.         0.
 0.         0.         0.         0.         0.         0.
 0.         0.         0.         0.         0.         0.
 0.         0.         0.         0.         0.         0.
 0.         0.         0.         0.         0.         0.
 0.         0.         0.         0.         0.         0.
 0.         0.         0.         0.         0.         0.
 0.         0.         0.         0.         0.         0.
 0.         0.         0.         0.         0.         0.
 0.         0.         0.         0.         0.         0.
 0.         0.         0.         0.         0.         0.
 0.         0.         0.         0.         0.         0.
 0.         0.         0.         0.         0.         0.
 0.         0.         0.         0.         0.         0.
 0.         0.         0.         0.         0.         0.
 0.         0.         0.         0.         0.         0.
 0.         0.         0.         0.         0.         0.
 0.         0.         0.         0.         0.         0.
 0.         0.         0.         0.         0.         0.
 0.         0.         0.         0.         0.         0.
 0.         0.        ]
Normalized importance:  [0.         0.         0.         0.         0.         0.
 0.         0.29648503 0.29648503 0.29648503 0.29648503 0.29648503
 0.29648503 0.29648503 0.51199172 0.51199172 0.51199172 0.51199172
 0.51199172 0.51199172 0.51199172 0.         0.         0.
 0.         0.         0.         0.         0.12889062 0.12889062
 0.12889062 0.12889062 0.12889062 0.12889062 0.12889062 0.05023395
 0.05023395 0.05023395 0.05023395 0.05023395 0.         0.05023395
 0.3452353  0.3452353  0.3452353  0.3452353  0.3452353  0.3452353
 0.3452353  1.         1.         1.         1.         1.
 1.         1.         0.05861651 0.         0.         0.05861651
 0.         0.         0.         0.27584726 0.27584726 0.27584726
 0.27584726 0.27584726 0.27584726 0.27584726 0.         0.
 0.         0.         0.         0.         0.         0.
 0.         0.         0.         0.         0.         0.
 0.         0.04245366 0.03106141 0.         0.         0.
 0.         0.         0.         0.         0.         0.
 0.         0.         0.         0.         0.         0.
 0.         0.         0.         0.         0.         0.
 0.         0.         0.         0.         0.         0.
 0.05327239 0.         0.         0.01251146 0.         0.
 0.         0.         0.         0.         0.         0.
 0.03330954 0.         0.         0.         0.         0.
 0.         0.02085422 0.         0.         0.         0.
 0.         0.         0.         0.         0.         0.
 0.         0.         0.         0.         0.         0.01309149
 0.         0.         0.         0.         0.         0.03624214
 0.         0.10463701 0.         0.         0.         0.
 0.         0.         0.         0.         0.         0.
 0.         0.         0.         0.         0.         0.
 0.         0.         0.         0.         0.         0.
 0.         0.         0.         0.         0.         0.
 0.         0.         0.         0.         0.         0.
 0.         0.         0.         0.         0.         0.
 0.         0.        ]
deepbreaks
y_true:  [0. 0. 0. 0. 0. 0. 0. 1. 1. 1. 1. 1. 1. 1. 1. 1. 1. 1. 1. 1. 1. 0. 0. 0.
 0. 0. 0. 0. 0. 0. 0. 0. 0. 0. 0. 0. 0. 0. 0. 0. 0. 0. 1. 1. 1. 1. 1. 1.
 1. 1. 1. 1. 1. 1. 1. 1. 0. 0. 0. 0. 0. 0. 0. 1. 1. 1. 1. 1. 1. 1. 0. 0.
 0. 0. 0. 0. 0. 0. 0. 0. 0. 0. 0. 0. 0. 0. 0. 0. 0. 0. 0. 0. 0. 0. 0. 0.
 0. 0. 0. 0. 0. 0. 0. 0. 0. 0. 0. 0. 0. 0. 0. 0. 0. 0. 0. 0. 0. 0. 0. 0.
 0. 0. 0. 0. 0. 0. 0. 0. 0. 0. 0. 0. 0. 0. 0. 0. 0. 0. 0. 0. 0. 0. 0. 0.
 0. 0. 0. 0. 0. 0. 0. 0. 0. 0. 0. 0. 0. 0. 0. 0. 0. 0. 0. 0. 0. 0. 0. 0.
 0. 0. 0. 0. 0. 0. 0. 0. 0. 0. 0. 0. 0. 0. 0. 0. 0. 0. 0. 0. 0. 0. 0. 0.
 0. 0. 0. 0. 0. 0. 0. 0.]
y_pred:  [0. 0. 0. 0. 0. 0. 0. 1. 1. 1. 1. 1. 1. 1. 1. 1. 1. 1. 1. 1. 1. 0. 0. 0.
 0. 0. 0. 0. 0. 0. 0. 0. 0. 0. 0. 0. 0. 0. 0. 0. 0. 0. 1. 1. 1. 1. 1. 1.
 1. 1. 1. 1. 1. 1. 1. 1. 0. 0. 0. 0. 0. 0. 0. 1. 1. 1. 1. 1. 1. 1. 0. 0.
 0. 0. 0. 0. 0. 0. 0. 0. 0. 0. 0. 0. 0. 0. 0. 0. 0. 0. 0. 0. 0. 0. 0. 0.
 0. 0. 0. 0. 0. 0. 0. 0. 0. 0. 0. 0. 0. 0. 0. 0. 0. 0. 0. 0. 0. 0. 0. 0.
 0. 0. 0. 0. 0. 0. 0. 0. 0. 0. 0. 0. 0. 0. 0. 0. 0. 0. 0. 0. 0. 0. 0. 0.
 0. 0. 0. 0. 0. 0. 0. 0. 0. 0. 0. 0. 0. 0. 0. 0. 0. 0. 0. 0. 0. 0. 0. 0.
 0. 0. 0. 0. 0. 0. 0. 0. 0. 0. 0. 0. 0. 0. 0. 0. 0. 0. 0. 0. 0. 0. 0. 0.
 0. 0. 0. 0. 0. 0. 0. 0.]
Normalized importance:  [1.26114650e-01 2.12738854e-03 0.00000000e+00 1.31210191e-02
 1.43949045e-01 5.23566879e-02 7.83439490e-02 4.68789809e-01
 4.31210191e-01 2.68789809e-01 1.35031847e-01 1.02547771e-01
 4.43949045e-01 1.74522293e-01 5.47770701e-01 3.22929936e-01
 2.87261146e-01 4.52229299e-01 4.33757962e-01 4.45859873e-01
 6.75159236e-01 1.28662420e-01 0.00000000e+00 0.00000000e+00
 1.10191083e-01 9.29936306e-02 0.00000000e+00 1.80891720e-01
 2.59872611e-01 1.82802548e-01 3.40127389e-02 2.15923567e-01
 2.96178344e-01 2.59872611e-01 1.62420382e-01 1.91082803e-01
 2.43312102e-01 5.04458599e-02 1.61783439e-01 1.71974522e-01
 0.00000000e+00 1.05732484e-01 5.65605096e-01 3.73248408e-01
 2.63057325e-01 2.69426752e-01 2.10191083e-01 3.76433121e-01
 4.61146497e-01 1.00000000e+00 5.13375796e-01 4.12101911e-01
 3.14649682e-01 4.94904459e-01 9.23566879e-01 6.33757962e-01
 2.41401274e-01 6.81528662e-02 3.82802548e-02 2.10828025e-01
 1.29936306e-01 1.36942675e-01 0.00000000e+00 6.30573248e-01
 1.36305732e-01 2.35668790e-01 2.50318471e-01 2.09554140e-01
 1.08917197e-01 2.08917197e-01 0.00000000e+00 1.59235669e-01
 0.00000000e+00 0.00000000e+00 8.15286624e-02 1.06369427e-01
 0.00000000e+00 1.17834395e-01 2.94267516e-02 9.80891720e-02
 1.27388535e-01 1.05095541e-01 0.00000000e+00 0.00000000e+00
 1.06369427e-01 2.21019108e-01 2.64968153e-01 0.00000000e+00
 0.00000000e+00 1.17834395e-01 0.00000000e+00 0.00000000e+00
 7.13375796e-02 1.38853503e-01 1.22292994e-01 1.49044586e-01
 1.89808917e-01 8.15286624e-02 7.07006369e-02 3.54777070e-02
 0.00000000e+00 3.91082803e-02 1.15923567e-01 0.00000000e+00
 0.00000000e+00 0.00000000e+00 0.00000000e+00 0.00000000e+00
 1.21019108e-01 0.00000000e+00 1.71974522e-01 0.00000000e+00
 1.75796178e-01 0.00000000e+00 2.84713376e-01 1.20382166e-01
 0.00000000e+00 1.28662420e-01 4.86624204e-02 0.00000000e+00
 0.00000000e+00 0.00000000e+00 0.00000000e+00 2.61146497e-02
 0.00000000e+00 0.00000000e+00 4.64331210e-02 8.34394904e-02
 0.00000000e+00 0.00000000e+00 8.08917197e-02 8.47133758e-02
 0.00000000e+00 2.85350318e-01 0.00000000e+00 1.96815287e-02
 3.90445860e-03 1.01910828e-01 0.00000000e+00 2.21019108e-01
 0.00000000e+00 0.00000000e+00 0.00000000e+00 2.47133758e-01
 1.02547771e-01 1.45222930e-02 0.00000000e+00 0.00000000e+00
 1.40127389e-01 1.70063694e-01 9.23566879e-03 0.00000000e+00
 0.00000000e+00 0.00000000e+00 1.96178344e-02 2.35031847e-01
 0.00000000e+00 4.14012739e-01 1.45859873e-01 0.00000000e+00
 0.00000000e+00 0.00000000e+00 1.10191083e-01 0.00000000e+00
 0.00000000e+00 6.75159236e-02 0.00000000e+00 2.57961783e-01
 0.00000000e+00 1.57961783e-01 4.45222930e-02 0.00000000e+00
 2.07643312e-01 6.24203822e-02 3.29936306e-02 4.86624204e-04
 4.17197452e-02 0.00000000e+00 0.00000000e+00 0.00000000e+00
 0.00000000e+00 4.19745223e-02 0.00000000e+00 0.00000000e+00
 0.00000000e+00 1.14012739e-01 0.00000000e+00 0.00000000e+00
 0.00000000e+00 0.00000000e+00 1.21656051e-01 1.03184713e-01
 2.78980892e-02 1.28662420e-01 5.63057325e-02 0.00000000e+00
 0.00000000e+00 1.73248408e-01 0.00000000e+00 0.00000000e+00]
pyseer
y_true:  [0. 0. 0. 0. 0. 0. 0. 1. 1. 1. 1. 1. 1. 1. 1. 1. 1. 1. 1. 1. 1. 0. 0. 0.
 0. 0. 0. 0. 0. 0. 0. 0. 0. 0. 0. 0. 0. 0. 0. 0. 0. 0. 1. 1. 1. 1. 1. 1.
 1. 1. 1. 1. 1. 1. 1. 1. 0. 0. 0. 0. 0. 0. 0. 1. 1. 1. 1. 1. 1. 1. 0. 0.
 0. 0. 0. 0. 0. 0. 0. 0. 0. 0. 0. 0. 0. 0. 0. 0. 0. 0. 0. 0. 0. 0. 0. 0.
 0. 0. 0. 0. 0. 0. 0. 0. 0. 0. 0. 0. 0. 0. 0. 0. 0. 0. 0. 0. 0. 0. 0. 0.
 0. 0. 0. 0. 0. 0. 0. 0. 0. 0. 0. 0. 0. 0. 0. 0. 0. 0. 0. 0. 0. 0. 0. 0.
 0. 0. 0. 0. 0. 0. 0. 0. 0. 0. 0. 0. 0. 0. 0. 0. 0. 0. 0. 0. 0. 0. 0. 0.
 0. 0. 0. 0. 0. 0. 0. 0. 0. 0. 0. 0. 0. 0. 0. 0. 0. 0. 0. 0. 0. 0. 0. 0.
 0. 0. 0. 0. 0. 0. 0. 0.]
y_pred:  [0. 0. 0. 0. 1. 0. 0. 1. 1. 1. 0. 0. 1. 1. 1. 1. 1. 1. 1. 1. 1. 0. 0. 0.
 0. 0. 0. 1. 1. 1. 0. 1. 1. 1. 1. 1. 1. 0. 1. 1. 0. 0. 1. 1. 1. 1. 1. 1.
 1. 1. 1. 1. 1. 1. 1. 1. 1. 0. 0. 1. 0. 0. 0. 1. 0. 1. 1. 1. 0. 1. 0. 1.
 0. 0. 0. 0. 0. 0. 0. 0. 0. 0. 0. 0. 0. 1. 1. 0. 0. 0. 0. 0. 0. 1. 0. 1.
 1. 0. 0. 0. 0. 0. 0. 0. 0. 0. 0. 0. 0. 0. 1. 0. 1. 0. 1. 0. 0. 0. 0. 0.
 0. 0. 0. 0. 0. 0. 0. 0. 0. 0. 0. 0. 0. 1. 0. 0. 0. 0. 0. 1. 0. 0. 0. 1.
 0. 0. 0. 0. 1. 1. 0. 0. 0. 0. 0. 1. 0. 1. 1. 0. 0. 0. 0. 0. 0. 0. 0. 1.
 0. 1. 0. 0. 1. 0. 0. 0. 0. 0. 0. 0. 0. 0. 0. 0. 0. 0. 0. 0. 0. 0. 0. 0.
 0. 0. 0. 0. 0. 1. 0. 0.]
Time taken: 21.929909706115723 seconds
Running combination 47 of 50
Fitting RandomForest...
Fitting Adaboost...
Fitting AdaBoost_2...
Fitting et...
Fitting gbc...
Fitting gbc_2...
Fitting gbc_3...
Fitting dt...
Fitting lr...
Fitting Lasso_1...
Fitting Lasso_2...
Fitting Lasso_3...
Fitting Lasso_4...
Fitting elasticnet...
VCF file created successfully.
pyseer stderr:  Read 1000 phenotypes
Detected continuous phenotype
Reading all variants

0variants [00:00, ?variants/s]
54variants [00:00, 533.91variants/s]
108variants [00:00, 473.48variants/s]
163variants [00:00, 505.30variants/s]
198variants [00:00, 510.47variants/s]
Applying correlation filtering

  0%|          | 0/198 [00:00<?, ?variants/s]
100%|██████████| 198/198 [00:00<00:00, 2719.50variants/s]
Fitting elastic net to top 148 variants
Best penalty (lambda) from cross-validation: 1.47E+01
Best R^2 from cross-validation: 0.544
Finding and printing selected variants
198 loaded variants
50 pre-filtered variants
148 tested variants
127 printed variants

True importance standardized:  [0.31228068 0.31228068 0.31228068 0.31228068 0.31228068 0.31228068
 0.31228068 0.30586288 0.30586288 0.30586288 0.30586288 0.30586288
 0.30586288 0.30586288 0.61663984 0.61663984 0.61663984 0.61663984
 0.61663984 0.61663984 0.61663984 0.56461838 0.56461838 0.56461838
 0.56461838 0.56461838 0.56461838 0.56461838 0.68577445 0.68577445
 0.68577445 0.68577445 0.68577445 0.68577445 0.68577445 0.12072883
 0.12072883 0.12072883 0.12072883 0.12072883 0.12072883 0.12072883
 1.         1.         1.         1.         1.         1.
 1.         0.15400114 0.15400114 0.15400114 0.15400114 0.15400114
 0.15400114 0.15400114 0.47861785 0.47861785 0.47861785 0.47861785
 0.47861785 0.47861785 0.47861785 0.79939101 0.79939101 0.79939101
 0.79939101 0.79939101 0.79939101 0.79939101 0.         0.
 0.         0.         0.         0.         0.         0.
 0.         0.         0.         0.         0.         0.
 0.         0.         0.         0.         0.         0.
 0.         0.         0.         0.         0.         0.
 0.         0.         0.         0.         0.         0.
 0.         0.         0.         0.         0.         0.
 0.         0.         0.         0.         0.         0.
 0.         0.         0.         0.         0.         0.
 0.         0.         0.         0.         0.         0.
 0.         0.         0.         0.         0.         0.
 0.         0.         0.         0.         0.         0.
 0.         0.         0.         0.         0.         0.
 0.         0.         0.         0.         0.         0.
 0.         0.         0.         0.         0.         0.
 0.         0.         0.         0.         0.         0.
 0.         0.         0.         0.         0.         0.
 0.         0.         0.         0.         0.         0.
 0.         0.         0.         0.         0.         0.
 0.         0.         0.         0.         0.         0.
 0.         0.         0.         0.         0.         0.
 0.         0.         0.         0.         0.         0.
 0.         0.        ]
Normalized importance:  [0.07918794 0.07918794 0.07918794 0.07918794 0.07918794 0.07918794
 0.07918794 0.0984331  0.0984331  0.0984331  0.0984331  0.0984331
 0.0984331  0.0984331  0.38425413 0.38425413 0.38425413 0.38425413
 0.38425413 0.38425413 0.38425413 0.49124583 0.49124583 0.49124583
 0.49124583 0.49124583 0.49124583 0.49124583 0.56619164 0.56619164
 0.56619164 0.56619164 0.56619164 0.56619164 0.56619164 0.
 0.         0.         0.         0.         0.         0.
 1.         1.         1.         1.         1.         1.
 1.         0.         0.         0.         0.         0.01044848
 0.02659416 0.01077189 0.23338309 0.23338309 0.23338309 0.23338309
 0.23338309 0.23338309 0.23338309 0.89816314 0.89816314 0.89816314
 0.89816314 0.89816314 0.89816314 0.89816314 0.         0.
 0.         0.         0.         0.         0.         0.
 0.         0.         0.         0.         0.         0.
 0.         0.         0.         0.         0.         0.
 0.         0.         0.03945388 0.         0.         0.
 0.         0.         0.         0.         0.         0.
 0.         0.         0.         0.         0.         0.
 0.         0.01770652 0.         0.         0.         0.
 0.         0.         0.         0.         0.         0.
 0.         0.         0.04532201 0.         0.         0.
 0.         0.         0.         0.         0.         0.
 0.         0.         0.         0.         0.         0.
 0.         0.         0.         0.         0.         0.02257772
 0.         0.         0.         0.         0.         0.
 0.         0.         0.         0.         0.         0.
 0.         0.         0.         0.         0.0135991  0.
 0.         0.         0.         0.         0.         0.
 0.         0.         0.         0.         0.         0.
 0.         0.         0.         0.         0.         0.
 0.         0.         0.         0.         0.         0.
 0.         0.         0.         0.         0.         0.
 0.02082995 0.         0.         0.         0.         0.
 0.         0.        ]
deepbreaks
y_true:  [0. 0. 0. 0. 0. 0. 0. 0. 0. 0. 0. 0. 0. 0. 1. 1. 1. 1. 1. 1. 1. 1. 1. 1.
 1. 1. 1. 1. 1. 1. 1. 1. 1. 1. 1. 0. 0. 0. 0. 0. 0. 0. 1. 1. 1. 1. 1. 1.
 1. 0. 0. 0. 0. 0. 0. 0. 0. 0. 0. 0. 0. 0. 0. 1. 1. 1. 1. 1. 1. 1. 0. 0.
 0. 0. 0. 0. 0. 0. 0. 0. 0. 0. 0. 0. 0. 0. 0. 0. 0. 0. 0. 0. 0. 0. 0. 0.
 0. 0. 0. 0. 0. 0. 0. 0. 0. 0. 0. 0. 0. 0. 0. 0. 0. 0. 0. 0. 0. 0. 0. 0.
 0. 0. 0. 0. 0. 0. 0. 0. 0. 0. 0. 0. 0. 0. 0. 0. 0. 0. 0. 0. 0. 0. 0. 0.
 0. 0. 0. 0. 0. 0. 0. 0. 0. 0. 0. 0. 0. 0. 0. 0. 0. 0. 0. 0. 0. 0. 0. 0.
 0. 0. 0. 0. 0. 0. 0. 0. 0. 0. 0. 0. 0. 0. 0. 0. 0. 0. 0. 0. 0. 0. 0. 0.
 0. 0. 0. 0. 0. 0. 0. 0.]
y_pred:  [0. 0. 0. 0. 0. 0. 0. 0. 0. 0. 0. 0. 0. 0. 1. 1. 1. 1. 1. 1. 1. 1. 1. 1.
 1. 1. 1. 1. 1. 1. 1. 1. 1. 1. 1. 0. 0. 0. 0. 0. 0. 0. 1. 1. 1. 1. 1. 1.
 1. 0. 0. 0. 0. 0. 0. 0. 0. 0. 0. 0. 0. 0. 0. 1. 1. 1. 1. 1. 1. 1. 0. 0.
 0. 0. 0. 0. 0. 0. 0. 0. 0. 0. 0. 0. 0. 0. 0. 0. 0. 0. 0. 0. 0. 0. 0. 0.
 0. 0. 0. 0. 0. 0. 0. 0. 0. 0. 0. 0. 0. 0. 0. 0. 0. 0. 0. 0. 0. 0. 0. 0.
 0. 0. 0. 0. 0. 0. 0. 0. 0. 0. 0. 0. 0. 0. 0. 0. 0. 0. 0. 0. 0. 0. 0. 0.
 0. 0. 0. 0. 0. 0. 0. 0. 0. 0. 0. 0. 0. 0. 0. 0. 0. 0. 0. 0. 0. 0. 0. 0.
 0. 0. 0. 0. 0. 0. 0. 0. 0. 0. 0. 0. 0. 0. 0. 0. 0. 0. 0. 0. 0. 0. 0. 0.
 0. 0. 0. 0. 0. 0. 0. 0.]
Normalized importance:  [0.33106576 0.23356009 0.         0.20068027 0.17687075 0.05918367
 0.17732426 0.3106576  0.0324263  0.23809524 0.2675737  0.23582766
 0.16462585 0.11609977 0.50113379 0.43537415 0.17755102 0.37641723
 0.34693878 0.22108844 0.14829932 0.42857143 0.45351474 0.37414966
 0.33333333 0.36734694 0.17596372 0.33333333 0.65079365 0.32199546
 0.32199546 0.44217687 0.29705215 0.49886621 0.36054422 0.
 0.         0.         0.         0.09863946 0.17097506 0.09931973
 1.         0.33106576 0.50566893 0.54875283 0.5260771  0.45351474
 0.45351474 0.00122676 0.10612245 0.01888889 0.         0.07097506
 0.16258503 0.19591837 0.59863946 0.16802721 0.24036281 0.05827664
 0.36281179 0.28344671 0.10566893 0.81405896 0.59183673 0.38548753
 0.30385488 0.57823129 0.54875283 0.38548753 0.         0.
 0.01612245 0.15759637 0.         0.         0.17823129 0.
 0.         0.16031746 0.17528345 0.1244898  0.23129252 0.
 0.         0.1462585  0.         0.         0.06643991 0.
 0.         0.         0.33560091 0.07120181 0.         0.01086168
 0.         0.         0.07052154 0.         0.         0.07097506
 0.1122449  0.01424036 0.         0.06077098 0.         0.07437642
 0.         0.18571429 0.         0.         0.         0.11020408
 0.         0.05464853 0.         0.         0.         0.
 0.03469388 0.0877551  0.23129252 0.         0.         0.1553288
 0.         0.         0.01124717 0.06122449 0.14081633 0.18911565
 0.01809524 0.08185941 0.         0.         0.09614512 0.
 0.         0.         0.         0.04535147 0.04603175 0.24943311
 0.         0.08526077 0.02675737 0.2675737  0.14013605 0.04444444
 0.03696145 0.01278912 0.23129252 0.         0.         0.
 0.         0.         0.02471655 0.10272109 0.30385488 0.04013605
 0.         0.18571429 0.10725624 0.         0.         0.05442177
 0.12244898 0.         0.         0.         0.         0.0021678
 0.18571429 0.06848073 0.         0.         0.         0.
 0.         0.         0.         0.         0.03401361 0.
 0.15283447 0.         0.15759637 0.13219955 0.20272109 0.
 0.19206349 0.         0.03129252 0.0399093  0.08888889 0.
 0.         0.        ]
pyseer
y_true:  [0. 0. 0. 0. 0. 0. 0. 0. 0. 0. 0. 0. 0. 0. 1. 1. 1. 1. 1. 1. 1. 1. 1. 1.
 1. 1. 1. 1. 1. 1. 1. 1. 1. 1. 1. 0. 0. 0. 0. 0. 0. 0. 1. 1. 1. 1. 1. 1.
 1. 0. 0. 0. 0. 0. 0. 0. 0. 0. 0. 0. 0. 0. 0. 1. 1. 1. 1. 1. 1. 1. 0. 0.
 0. 0. 0. 0. 0. 0. 0. 0. 0. 0. 0. 0. 0. 0. 0. 0. 0. 0. 0. 0. 0. 0. 0. 0.
 0. 0. 0. 0. 0. 0. 0. 0. 0. 0. 0. 0. 0. 0. 0. 0. 0. 0. 0. 0. 0. 0. 0. 0.
 0. 0. 0. 0. 0. 0. 0. 0. 0. 0. 0. 0. 0. 0. 0. 0. 0. 0. 0. 0. 0. 0. 0. 0.
 0. 0. 0. 0. 0. 0. 0. 0. 0. 0. 0. 0. 0. 0. 0. 0. 0. 0. 0. 0. 0. 0. 0. 0.
 0. 0. 0. 0. 0. 0. 0. 0. 0. 0. 0. 0. 0. 0. 0. 0. 0. 0. 0. 0. 0. 0. 0. 0.
 0. 0. 0. 0. 0. 0. 0. 0.]
y_pred:  [1. 1. 0. 1. 1. 0. 1. 1. 0. 1. 1. 1. 0. 0. 1. 1. 1. 1. 1. 1. 0. 1. 1. 1.
 1. 1. 1. 1. 1. 1. 1. 1. 1. 1. 1. 0. 0. 0. 0. 0. 1. 0. 1. 1. 1. 1. 1. 1.
 1. 0. 0. 0. 0. 0. 0. 1. 1. 0. 1. 0. 1. 1. 0. 1. 1. 1. 1. 1. 1. 1. 0. 0.
 0. 0. 0. 0. 1. 0. 0. 0. 1. 0. 1. 0. 0. 0. 0. 0. 0. 0. 0. 0. 1. 0. 0. 0.
 0. 0. 0. 0. 0. 0. 0. 0. 0. 0. 0. 0. 0. 1. 0. 0. 0. 0. 0. 0. 0. 0. 0. 0.
 0. 0. 1. 0. 0. 0. 0. 0. 0. 0. 0. 1. 0. 0. 0. 0. 0. 0. 0. 0. 0. 0. 0. 1.
 0. 0. 0. 1. 0. 0. 0. 0. 1. 0. 0. 0. 0. 0. 0. 0. 1. 0. 0. 1. 0. 0. 0. 0.
 0. 0. 0. 0. 0. 0. 1. 0. 0. 0. 0. 0. 0. 0. 0. 0. 0. 0. 0. 0. 0. 0. 1. 0.
 1. 0. 0. 0. 0. 0. 0. 0.]
Time taken: 27.843456506729126 seconds
Running combination 48 of 50
Fitting RandomForest...
Fitting Adaboost...
Fitting AdaBoost_2...
Fitting et...
Fitting gbc...
Fitting gbc_2...
Fitting gbc_3...
Fitting dt...
Fitting lr...
Fitting Lasso_1...
Fitting Lasso_2...
Fitting Lasso_3...
Fitting Lasso_4...
Fitting elasticnet...
VCF file created successfully.
pyseer stderr:  Read 1000 phenotypes
Detected continuous phenotype
Reading all variants

0variants [00:00, ?variants/s]
53variants [00:00, 529.19variants/s]
106variants [00:00, 472.06variants/s]
162variants [00:00, 506.80variants/s]
198variants [00:00, 511.68variants/s]
Applying correlation filtering

  0%|          | 0/198 [00:00<?, ?variants/s]
100%|██████████| 198/198 [00:00<00:00, 2690.27variants/s]
Fitting elastic net to top 148 variants
Best penalty (lambda) from cross-validation: 2.43E+01
Best R^2 from cross-validation: 0.518
Finding and printing selected variants
198 loaded variants
50 pre-filtered variants
148 tested variants
139 printed variants

True importance standardized:  [0.83372184 0.83372184 0.83372184 0.83372184 0.83372184 0.83372184
 0.83372184 0.2465009  0.2465009  0.2465009  0.2465009  0.2465009
 0.2465009  0.2465009  0.4558721  0.4558721  0.4558721  0.4558721
 0.4558721  0.4558721  0.4558721  0.31232886 0.31232886 0.31232886
 0.31232886 0.31232886 0.31232886 0.31232886 0.98641763 0.98641763
 0.98641763 0.98641763 0.98641763 0.98641763 0.98641763 0.8853809
 0.8853809  0.8853809  0.8853809  0.8853809  0.8853809  0.8853809
 1.         1.         1.         1.         1.         1.
 1.         0.43263406 0.43263406 0.43263406 0.43263406 0.43263406
 0.43263406 0.43263406 0.84120943 0.84120943 0.84120943 0.84120943
 0.84120943 0.84120943 0.84120943 0.26121261 0.26121261 0.26121261
 0.26121261 0.26121261 0.26121261 0.26121261 0.         0.
 0.         0.         0.         0.         0.         0.
 0.         0.         0.         0.         0.         0.
 0.         0.         0.         0.         0.         0.
 0.         0.         0.         0.         0.         0.
 0.         0.         0.         0.         0.         0.
 0.         0.         0.         0.         0.         0.
 0.         0.         0.         0.         0.         0.
 0.         0.         0.         0.         0.         0.
 0.         0.         0.         0.         0.         0.
 0.         0.         0.         0.         0.         0.
 0.         0.         0.         0.         0.         0.
 0.         0.         0.         0.         0.         0.
 0.         0.         0.         0.         0.         0.
 0.         0.         0.         0.         0.         0.
 0.         0.         0.         0.         0.         0.
 0.         0.         0.         0.         0.         0.
 0.         0.         0.         0.         0.         0.
 0.         0.         0.         0.         0.         0.
 0.         0.         0.         0.         0.         0.
 0.         0.         0.         0.         0.         0.
 0.         0.         0.         0.         0.         0.
 0.         0.        ]
Normalized importance:  [0.54986101 0.54986101 0.54986101 0.54986101 0.54986101 0.54986101
 0.54986101 0.0632618  0.0632618  0.0632618  0.0632618  0.0632618
 0.0632618  0.0632618  0.15091564 0.15091564 0.15091564 0.15091564
 0.15091564 0.15091564 0.15091564 0.06326029 0.06326029 0.06326029
 0.06326029 0.06326029 0.06326029 0.06326029 0.86086899 0.86086899
 0.86086899 0.86086899 0.86086899 0.86086899 0.86086899 0.68856647
 0.68856647 0.68856647 0.68856647 0.68856647 0.68856647 0.68856647
 1.         1.         1.         1.         1.         1.
 1.         0.32379315 0.32379315 0.32379315 0.32379315 0.32379315
 0.32379315 0.32379315 0.68143578 0.68143578 0.68143578 0.68143578
 0.68143578 0.68143578 0.68143578 0.         0.         0.
 0.02026699 0.         0.         0.         0.         0.
 0.         0.         0.         0.         0.04912935 0.
 0.         0.         0.         0.         0.         0.
 0.         0.         0.         0.         0.         0.
 0.         0.         0.         0.         0.         0.
 0.         0.         0.         0.         0.         0.
 0.         0.         0.         0.         0.         0.01753351
 0.         0.00376113 0.         0.         0.         0.
 0.01146701 0.         0.         0.         0.         0.
 0.         0.         0.         0.         0.         0.
 0.00397383 0.         0.         0.         0.         0.
 0.         0.         0.         0.         0.         0.00388237
 0.06667346 0.         0.         0.         0.         0.00659991
 0.01615311 0.         0.         0.         0.         0.
 0.         0.         0.         0.         0.         0.
 0.         0.         0.         0.         0.         0.
 0.         0.         0.         0.         0.         0.
 0.         0.         0.01431365 0.         0.         0.
 0.         0.         0.0051318  0.         0.         0.
 0.         0.00951335 0.         0.         0.00419176 0.
 0.         0.         0.         0.         0.         0.
 0.         0.         0.         0.         0.01017029 0.
 0.         0.        ]
deepbreaks
y_true:  [1. 1. 1. 1. 1. 1. 1. 0. 0. 0. 0. 0. 0. 0. 0. 0. 0. 0. 0. 0. 0. 0. 0. 0.
 0. 0. 0. 0. 1. 1. 1. 1. 1. 1. 1. 1. 1. 1. 1. 1. 1. 1. 1. 1. 1. 1. 1. 1.
 1. 0. 0. 0. 0. 0. 0. 0. 1. 1. 1. 1. 1. 1. 1. 0. 0. 0. 0. 0. 0. 0. 0. 0.
 0. 0. 0. 0. 0. 0. 0. 0. 0. 0. 0. 0. 0. 0. 0. 0. 0. 0. 0. 0. 0. 0. 0. 0.
 0. 0. 0. 0. 0. 0. 0. 0. 0. 0. 0. 0. 0. 0. 0. 0. 0. 0. 0. 0. 0. 0. 0. 0.
 0. 0. 0. 0. 0. 0. 0. 0. 0. 0. 0. 0. 0. 0. 0. 0. 0. 0. 0. 0. 0. 0. 0. 0.
 0. 0. 0. 0. 0. 0. 0. 0. 0. 0. 0. 0. 0. 0. 0. 0. 0. 0. 0. 0. 0. 0. 0. 0.
 0. 0. 0. 0. 0. 0. 0. 0. 0. 0. 0. 0. 0. 0. 0. 0. 0. 0. 0. 0. 0. 0. 0. 0.
 0. 0. 0. 0. 0. 0. 0. 0.]
y_pred:  [1. 1. 1. 1. 1. 1. 1. 0. 0. 0. 0. 0. 0. 0. 0. 0. 0. 0. 0. 0. 0. 0. 0. 0.
 0. 0. 0. 0. 1. 1. 1. 1. 1. 1. 1. 1. 1. 1. 1. 1. 1. 1. 1. 1. 1. 1. 1. 1.
 1. 1. 1. 1. 1. 1. 1. 1. 1. 1. 1. 1. 1. 1. 1. 0. 0. 0. 0. 0. 0. 0. 0. 0.
 0. 0. 0. 0. 0. 0. 0. 0. 0. 0. 0. 0. 0. 0. 0. 0. 0. 0. 0. 0. 0. 0. 0. 0.
 0. 0. 0. 0. 0. 0. 0. 0. 0. 0. 0. 0. 0. 0. 0. 0. 0. 0. 0. 0. 0. 0. 0. 0.
 0. 0. 0. 0. 0. 0. 0. 0. 0. 0. 0. 0. 0. 0. 0. 0. 0. 0. 0. 0. 0. 0. 0. 0.
 0. 0. 0. 0. 0. 0. 0. 0. 0. 0. 0. 0. 0. 0. 0. 0. 0. 0. 0. 0. 0. 0. 0. 0.
 0. 0. 0. 0. 0. 0. 0. 0. 0. 0. 0. 0. 0. 0. 0. 0. 0. 0. 0. 0. 0. 0. 0. 0.
 0. 0. 0. 0. 0. 0. 0. 0.]
Normalized importance:  [7.56395996e-01 2.26918799e-01 2.09121246e-01 3.80422692e-01
 4.90545050e-01 2.62513904e-01 3.34816463e-01 2.12458287e-01
 3.49276974e-01 1.29032258e-01 6.57397108e-02 1.84649611e-01
 8.83203560e-02 2.12458287e-01 5.11679644e-01 3.95995551e-01
 4.04894327e-01 0.00000000e+00 1.43492770e-01 1.39043382e-01
 1.64627364e-01 1.77975528e-01 1.26807564e-01 3.47052280e-01
 5.12791991e-01 2.00222469e-03 2.54727475e-01 1.10678532e-02
 8.17575083e-01 2.63626251e-01 5.19466073e-01 2.63626251e-01
 3.28142380e-01 4.48275862e-01 6.60734149e-01 8.45383760e-01
 5.89543938e-01 4.08231368e-01 4.21579533e-01 6.55172414e-01
 8.40934372e-02 1.11123471e-01 1.00000000e+00 6.00667408e-01
 4.01557286e-01 3.22580645e-01 1.90211346e-01 1.40155729e-01
 5.93993326e-01 3.57063404e-01 4.52725250e-01 1.93548387e-01
 3.54838710e-01 0.00000000e+00 0.00000000e+00 2.99221357e-01
 7.87541713e-01 2.13570634e-01 2.64738598e-01 3.42602892e-01
 4.62736374e-01 4.71635150e-01 1.53503893e-01 1.87986652e-01
 1.20133482e-01 4.70522803e-02 2.19132369e-01 1.93548387e-01
 0.00000000e+00 9.54393771e-02 9.18798665e-02 2.05784205e-01
 2.11345940e-01 0.00000000e+00 8.10901001e-02 0.00000000e+00
 4.61624027e-01 2.04671858e-01 0.00000000e+00 0.00000000e+00
 0.00000000e+00 0.00000000e+00 1.89098999e-02 0.00000000e+00
 0.00000000e+00 3.44827586e-02 7.23025584e-02 7.37486096e-02
 0.00000000e+00 2.20244716e-01 7.99777531e-02 1.46829811e-01
 3.75973304e-01 0.00000000e+00 1.65739711e-01 7.10789766e-02
 0.00000000e+00 0.00000000e+00 4.51612903e-02 2.26918799e-01
 0.00000000e+00 9.45494994e-02 0.00000000e+00 1.35706340e-01
 4.07119021e-04 0.00000000e+00 0.00000000e+00 1.43492770e-01
 1.67964405e-02 1.46829811e-01 0.00000000e+00 1.59065628e-01
 0.00000000e+00 0.00000000e+00 1.62402670e-01 0.00000000e+00
 0.00000000e+00 3.85984427e-02 1.45717464e-01 0.00000000e+00
 0.00000000e+00 4.04894327e-02 1.74638487e-01 0.00000000e+00
 0.00000000e+00 0.00000000e+00 2.59176863e-01 0.00000000e+00
 1.79087875e-01 7.94215795e-02 0.00000000e+00 0.00000000e+00
 0.00000000e+00 0.00000000e+00 0.00000000e+00 3.61512792e-02
 9.82202447e-02 4.08231368e-02 2.53615128e-01 0.00000000e+00
 0.00000000e+00 8.95439377e-02 1.79087875e-02 1.94660734e-01
 1.20133482e-01 0.00000000e+00 2.23581758e-02 0.00000000e+00
 3.01446051e-01 1.82424917e-01 0.00000000e+00 0.00000000e+00
 0.00000000e+00 2.95884316e-01 5.38375973e-02 0.00000000e+00
 0.00000000e+00 0.00000000e+00 2.94771969e-01 0.00000000e+00
 1.95773081e-01 1.02669633e-01 7.19688543e-02 3.08120133e-01
 0.00000000e+00 9.87764182e-02 0.00000000e+00 2.65850945e-01
 1.03559511e-01 1.00778643e-01 3.05895439e-01 0.00000000e+00
 6.81868743e-02 2.04671858e-01 5.65072303e-02 0.00000000e+00
 1.50166852e-01 1.53503893e-01 0.00000000e+00 1.37931034e-01
 1.85761958e-01 1.45717464e-01 0.00000000e+00 7.39710790e-02
 2.36929922e-01 1.66852058e-01 0.00000000e+00 0.00000000e+00
 0.00000000e+00 0.00000000e+00 1.14571746e-01 1.15684093e-01
 3.25917686e-01 3.28142380e-02 0.00000000e+00 0.00000000e+00
 8.32035595e-02 1.03559511e-01 0.00000000e+00 0.00000000e+00]
pyseer
y_true:  [1. 1. 1. 1. 1. 1. 1. 0. 0. 0. 0. 0. 0. 0. 0. 0. 0. 0. 0. 0. 0. 0. 0. 0.
 0. 0. 0. 0. 1. 1. 1. 1. 1. 1. 1. 1. 1. 1. 1. 1. 1. 1. 1. 1. 1. 1. 1. 1.
 1. 0. 0. 0. 0. 0. 0. 0. 1. 1. 1. 1. 1. 1. 1. 0. 0. 0. 0. 0. 0. 0. 0. 0.
 0. 0. 0. 0. 0. 0. 0. 0. 0. 0. 0. 0. 0. 0. 0. 0. 0. 0. 0. 0. 0. 0. 0. 0.
 0. 0. 0. 0. 0. 0. 0. 0. 0. 0. 0. 0. 0. 0. 0. 0. 0. 0. 0. 0. 0. 0. 0. 0.
 0. 0. 0. 0. 0. 0. 0. 0. 0. 0. 0. 0. 0. 0. 0. 0. 0. 0. 0. 0. 0. 0. 0. 0.
 0. 0. 0. 0. 0. 0. 0. 0. 0. 0. 0. 0. 0. 0. 0. 0. 0. 0. 0. 0. 0. 0. 0. 0.
 0. 0. 0. 0. 0. 0. 0. 0. 0. 0. 0. 0. 0. 0. 0. 0. 0. 0. 0. 0. 0. 0. 0. 0.
 0. 0. 0. 0. 0. 0. 0. 0.]
y_pred:  [1. 1. 1. 1. 1. 1. 1. 1. 1. 0. 0. 1. 0. 1. 1. 1. 1. 0. 0. 0. 0. 0. 0. 1.
 1. 0. 1. 0. 1. 1. 1. 1. 1. 1. 1. 1. 1. 1. 1. 1. 0. 0. 1. 1. 1. 1. 1. 0.
 1. 1. 1. 1. 1. 0. 0. 1. 1. 1. 1. 1. 1. 1. 0. 1. 0. 0. 1. 1. 0. 0. 0. 1.
 1. 0. 0. 0. 1. 1. 0. 0. 0. 0. 0. 0. 0. 0. 0. 0. 0. 1. 0. 0. 1. 0. 0. 0.
 0. 0. 0. 1. 0. 0. 0. 0. 0. 0. 0. 0. 0. 0. 0. 0. 0. 0. 0. 0. 0. 0. 0. 0.
 0. 0. 0. 0. 0. 0. 1. 0. 0. 0. 0. 0. 0. 0. 0. 0. 0. 0. 1. 0. 0. 0. 0. 1.
 0. 0. 0. 0. 1. 0. 0. 0. 0. 1. 0. 0. 0. 0. 1. 0. 1. 0. 0. 1. 0. 0. 0. 1.
 0. 0. 1. 0. 0. 1. 0. 0. 0. 0. 0. 0. 1. 0. 0. 0. 1. 0. 0. 0. 0. 0. 0. 0.
 1. 0. 0. 0. 0. 0. 0. 0.]
Time taken: 22.643107891082764 seconds
Running combination 49 of 50
Fitting RandomForest...
Fitting Adaboost...
Fitting AdaBoost_2...
Fitting et...
Fitting gbc...
Fitting gbc_2...
Fitting gbc_3...
Fitting dt...
Fitting lr...
Fitting Lasso_1...
Fitting Lasso_2...
Fitting Lasso_3...
Fitting Lasso_4...
Fitting elasticnet...
VCF file created successfully.
pyseer stderr:  Read 1000 phenotypes
Detected continuous phenotype
Reading all variants

0variants [00:00, ?variants/s]
54variants [00:00, 531.49variants/s]
108variants [00:00, 470.81variants/s]
164variants [00:00, 504.98variants/s]
198variants [00:00, 509.12variants/s]
Applying correlation filtering

  0%|          | 0/198 [00:00<?, ?variants/s]
100%|██████████| 198/198 [00:00<00:00, 2685.82variants/s]
Fitting elastic net to top 148 variants
Best penalty (lambda) from cross-validation: 2.60E+01
Best R^2 from cross-validation: 0.484
Finding and printing selected variants
198 loaded variants
50 pre-filtered variants
148 tested variants
134 printed variants

True importance standardized:  [0.49631003 0.49631003 0.49631003 0.49631003 0.49631003 0.49631003
 0.49631003 0.19898962 0.19898962 0.19898962 0.19898962 0.19898962
 0.19898962 0.19898962 0.65844103 0.65844103 0.65844103 0.65844103
 0.65844103 0.65844103 0.65844103 0.34268369 0.34268369 0.34268369
 0.34268369 0.34268369 0.34268369 0.34268369 0.43602435 0.43602435
 0.43602435 0.43602435 0.43602435 0.43602435 0.43602435 0.16367236
 0.16367236 0.16367236 0.16367236 0.16367236 0.16367236 0.16367236
 1.         1.         1.         1.         1.         1.
 1.         0.9734128  0.9734128  0.9734128  0.9734128  0.9734128
 0.9734128  0.9734128  0.84989563 0.84989563 0.84989563 0.84989563
 0.84989563 0.84989563 0.84989563 0.96375007 0.96375007 0.96375007
 0.96375007 0.96375007 0.96375007 0.96375007 0.         0.
 0.         0.         0.         0.         0.         0.
 0.         0.         0.         0.         0.         0.
 0.         0.         0.         0.         0.         0.
 0.         0.         0.         0.         0.         0.
 0.         0.         0.         0.         0.         0.
 0.         0.         0.         0.         0.         0.
 0.         0.         0.         0.         0.         0.
 0.         0.         0.         0.         0.         0.
 0.         0.         0.         0.         0.         0.
 0.         0.         0.         0.         0.         0.
 0.         0.         0.         0.         0.         0.
 0.         0.         0.         0.         0.         0.
 0.         0.         0.         0.         0.         0.
 0.         0.         0.         0.         0.         0.
 0.         0.         0.         0.         0.         0.
 0.         0.         0.         0.         0.         0.
 0.         0.         0.         0.         0.         0.
 0.         0.         0.         0.         0.         0.
 0.         0.         0.         0.         0.         0.
 0.         0.         0.         0.         0.         0.
 0.         0.         0.         0.         0.         0.
 0.         0.        ]
Normalized importance:  [0.2281634  0.2281634  0.2281634  0.2281634  0.2281634  0.2281634
 0.2281634  0.         0.         0.         0.         0.
 0.         0.         0.22357603 0.22357603 0.22357603 0.22357603
 0.22357603 0.22357603 0.22357603 0.06639951 0.06639951 0.06639951
 0.06639951 0.06639951 0.06639951 0.06639951 0.23950216 0.23950216
 0.23950216 0.23950216 0.23950216 0.23950216 0.23950216 0.0750889
 0.0750889  0.0750889  0.0750889  0.0750889  0.0750889  0.0750889
 0.9448189  0.9448189  0.9448189  0.9448189  0.9448189  0.9448189
 0.9448189  1.         1.         1.         1.         1.
 1.         1.         0.83061715 0.83061715 0.83061715 0.83061715
 0.83061715 0.83061715 0.83061715 0.88963897 0.88963897 0.88963897
 0.88963897 0.88963897 0.88963897 0.88963897 0.         0.
 0.         0.         0.         0.         0.         0.
 0.         0.         0.         0.04396618 0.04833725 0.
 0.         0.         0.         0.         0.01093794 0.
 0.         0.         0.         0.         0.         0.
 0.         0.00906417 0.         0.         0.         0.
 0.         0.         0.         0.         0.         0.
 0.         0.         0.         0.         0.         0.
 0.02186897 0.         0.         0.         0.         0.08376305
 0.         0.         0.         0.         0.         0.
 0.         0.02356677 0.         0.         0.         0.
 0.         0.         0.         0.         0.         0.
 0.         0.         0.         0.         0.         0.
 0.         0.         0.         0.         0.         0.
 0.         0.         0.         0.         0.         0.01955931
 0.         0.         0.         0.         0.         0.
 0.         0.00929282 0.         0.         0.         0.
 0.         0.         0.         0.         0.         0.
 0.         0.         0.         0.         0.         0.
 0.         0.         0.         0.         0.         0.
 0.         0.         0.         0.         0.         0.
 0.         0.         0.         0.         0.         0.
 0.         0.        ]
deepbreaks
y_true:  [0. 0. 0. 0. 0. 0. 0. 0. 0. 0. 0. 0. 0. 0. 1. 1. 1. 1. 1. 1. 1. 0. 0. 0.
 0. 0. 0. 0. 0. 0. 0. 0. 0. 0. 0. 0. 0. 0. 0. 0. 0. 0. 1. 1. 1. 1. 1. 1.
 1. 1. 1. 1. 1. 1. 1. 1. 1. 1. 1. 1. 1. 1. 1. 1. 1. 1. 1. 1. 1. 1. 0. 0.
 0. 0. 0. 0. 0. 0. 0. 0. 0. 0. 0. 0. 0. 0. 0. 0. 0. 0. 0. 0. 0. 0. 0. 0.
 0. 0. 0. 0. 0. 0. 0. 0. 0. 0. 0. 0. 0. 0. 0. 0. 0. 0. 0. 0. 0. 0. 0. 0.
 0. 0. 0. 0. 0. 0. 0. 0. 0. 0. 0. 0. 0. 0. 0. 0. 0. 0. 0. 0. 0. 0. 0. 0.
 0. 0. 0. 0. 0. 0. 0. 0. 0. 0. 0. 0. 0. 0. 0. 0. 0. 0. 0. 0. 0. 0. 0. 0.
 0. 0. 0. 0. 0. 0. 0. 0. 0. 0. 0. 0. 0. 0. 0. 0. 0. 0. 0. 0. 0. 0. 0. 0.
 0. 0. 0. 0. 0. 0. 0. 0.]
y_pred:  [1. 1. 1. 1. 1. 1. 1. 0. 0. 0. 0. 0. 0. 0. 0. 0. 0. 0. 0. 0. 0. 0. 0. 0.
 0. 0. 0. 0. 1. 1. 1. 1. 1. 1. 1. 0. 0. 0. 0. 0. 0. 0. 1. 1. 1. 1. 1. 1.
 1. 1. 1. 1. 1. 1. 1. 1. 1. 1. 1. 1. 1. 1. 1. 1. 1. 1. 1. 1. 1. 1. 0. 0.
 0. 0. 0. 0. 0. 0. 0. 0. 0. 0. 0. 0. 0. 0. 0. 0. 0. 0. 0. 0. 0. 0. 0. 0.
 0. 0. 0. 0. 0. 0. 0. 0. 0. 0. 0. 0. 0. 0. 0. 0. 0. 0. 0. 0. 0. 0. 0. 0.
 0. 0. 0. 0. 0. 0. 0. 0. 0. 0. 0. 0. 0. 0. 0. 0. 0. 0. 0. 0. 0. 0. 0. 0.
 0. 0. 0. 0. 0. 0. 0. 0. 0. 0. 0. 0. 0. 0. 0. 0. 0. 0. 0. 0. 0. 0. 0. 0.
 0. 0. 0. 0. 0. 0. 0. 0. 0. 0. 0. 0. 0. 0. 0. 0. 0. 0. 0. 0. 0. 0. 0. 0.
 0. 0. 0. 0. 0. 0. 0. 0.]
Normalized importance:  [6.16554054e-01 0.00000000e+00 2.97297297e-02 7.04391892e-01
 0.00000000e+00 2.44932432e-01 3.09121622e-01 6.62162162e-02
 3.86824324e-01 2.31418919e-02 6.65540541e-02 3.56418919e-02
 0.00000000e+00 1.09797297e-01 4.07094595e-01 4.89864865e-01
 1.47635135e-01 2.98986486e-01 2.12837838e-01 2.02702703e-01
 3.07432432e-01 3.00675676e-01 1.01351351e-02 0.00000000e+00
 7.83783784e-02 1.97635135e-01 2.95608108e-01 1.68412162e-01
 4.02027027e-01 1.28547297e-01 0.00000000e+00 3.15878378e-01
 3.17567568e-01 4.72972973e-01 2.77027027e-01 2.36486486e-01
 1.59290541e-01 1.04729730e-01 1.17736486e-01 2.11148649e-03
 1.87500000e-01 3.81756757e-01 9.62837838e-01 3.24324324e-01
 3.64864865e-01 4.52702703e-01 6.50337838e-01 2.88851351e-01
 5.42229730e-01 9.57770270e-01 3.96959459e-01 4.79729730e-01
 4.07094595e-01 7.73648649e-01 4.07094595e-01 3.51351351e-01
 9.25675676e-01 4.13851351e-01 6.40202703e-01 3.71621622e-01
 3.36148649e-01 3.56418919e-01 4.69594595e-01 1.00000000e+00
 7.53378378e-01 1.67229730e-01 6.65540541e-01 5.37162162e-01
 7.95608108e-01 2.41554054e-01 0.00000000e+00 2.24662162e-01
 0.00000000e+00 1.75675676e-01 8.83445946e-02 2.19594595e-01
 0.00000000e+00 2.65202703e-02 3.32770270e-01 0.00000000e+00
 2.58445946e-01 4.54391892e-01 9.88175676e-02 9.02027027e-02
 1.02364865e-01 0.00000000e+00 0.00000000e+00 0.00000000e+00
 2.06081081e-01 5.91216216e-01 6.28378378e-02 0.00000000e+00
 4.74662162e-02 0.00000000e+00 1.06587838e-01 1.64189189e-01
 0.00000000e+00 2.33108108e-01 8.15878378e-02 0.00000000e+00
 8.91891892e-02 1.89189189e-01 0.00000000e+00 0.00000000e+00
 1.24324324e-01 0.00000000e+00 0.00000000e+00 0.00000000e+00
 4.52702703e-02 0.00000000e+00 0.00000000e+00 0.00000000e+00
 1.44932432e-01 1.18750000e-01 2.73648649e-01 0.00000000e+00
 1.95945946e-02 0.00000000e+00 1.32094595e-01 3.42905405e-01
 1.97635135e-01 1.06587838e-01 0.00000000e+00 0.00000000e+00
 3.41216216e-02 5.72635135e-02 3.81756757e-02 3.04054054e-01
 0.00000000e+00 1.72297297e-01 2.77027027e-02 0.00000000e+00
 6.50337838e-03 1.70608108e-01 1.38851351e-01 0.00000000e+00
 2.56756757e-01 0.00000000e+00 0.00000000e+00 1.35979730e-01
 1.55236486e-01 9.78040541e-04 0.00000000e+00 0.00000000e+00
 4.25675676e-01 0.00000000e+00 0.00000000e+00 0.00000000e+00
 9.89864865e-02 0.00000000e+00 1.00844595e-02 4.07094595e-02
 1.80743243e-01 1.67905405e-01 0.00000000e+00 4.67905405e-01
 0.00000000e+00 2.75337838e-01 0.00000000e+00 1.67229730e-01
 4.39189189e-02 5.97972973e-02 0.00000000e+00 2.19594595e-01
 9.51013514e-02 0.00000000e+00 0.00000000e+00 0.00000000e+00
 0.00000000e+00 1.84121622e-01 0.00000000e+00 7.46621622e-02
 0.00000000e+00 0.00000000e+00 0.00000000e+00 2.61824324e-01
 1.33445946e-01 3.27702703e-01 0.00000000e+00 3.93581081e-01
 0.00000000e+00 0.00000000e+00 1.60979730e-02 0.00000000e+00
 1.22128378e-01 0.00000000e+00 0.00000000e+00 1.38513514e-01
 1.92567568e-01 0.00000000e+00 0.00000000e+00 0.00000000e+00
 0.00000000e+00 4.56081081e-01 0.00000000e+00 0.00000000e+00
 0.00000000e+00 5.05067568e-02 0.00000000e+00 0.00000000e+00]
pyseer
y_true:  [0. 0. 0. 0. 0. 0. 0. 0. 0. 0. 0. 0. 0. 0. 1. 1. 1. 1. 1. 1. 1. 0. 0. 0.
 0. 0. 0. 0. 0. 0. 0. 0. 0. 0. 0. 0. 0. 0. 0. 0. 0. 0. 1. 1. 1. 1. 1. 1.
 1. 1. 1. 1. 1. 1. 1. 1. 1. 1. 1. 1. 1. 1. 1. 1. 1. 1. 1. 1. 1. 1. 0. 0.
 0. 0. 0. 0. 0. 0. 0. 0. 0. 0. 0. 0. 0. 0. 0. 0. 0. 0. 0. 0. 0. 0. 0. 0.
 0. 0. 0. 0. 0. 0. 0. 0. 0. 0. 0. 0. 0. 0. 0. 0. 0. 0. 0. 0. 0. 0. 0. 0.
 0. 0. 0. 0. 0. 0. 0. 0. 0. 0. 0. 0. 0. 0. 0. 0. 0. 0. 0. 0. 0. 0. 0. 0.
 0. 0. 0. 0. 0. 0. 0. 0. 0. 0. 0. 0. 0. 0. 0. 0. 0. 0. 0. 0. 0. 0. 0. 0.
 0. 0. 0. 0. 0. 0. 0. 0. 0. 0. 0. 0. 0. 0. 0. 0. 0. 0. 0. 0. 0. 0. 0. 0.
 0. 0. 0. 0. 0. 0. 0. 0.]
y_pred:  [1. 0. 0. 1. 0. 1. 1. 0. 1. 0. 0. 0. 0. 0. 1. 1. 0. 1. 1. 1. 1. 1. 0. 0.
 0. 0. 1. 0. 1. 0. 0. 1. 1. 1. 1. 1. 0. 0. 0. 0. 0. 1. 1. 1. 1. 1. 1. 1.
 1. 1. 1. 1. 1. 1. 1. 1. 1. 1. 1. 1. 1. 1. 1. 1. 1. 0. 1. 1. 1. 1. 0. 1.
 0. 0. 0. 1. 0. 0. 1. 0. 1. 1. 0. 0. 0. 0. 0. 0. 1. 1. 0. 0. 0. 0. 0. 0.
 0. 1. 0. 0. 0. 0. 0. 0. 0. 0. 0. 0. 0. 0. 0. 0. 0. 0. 1. 0. 0. 0. 0. 1.
 0. 0. 0. 0. 0. 0. 0. 1. 0. 0. 0. 0. 0. 0. 0. 0. 1. 0. 0. 0. 0. 0. 0. 0.
 1. 0. 0. 0. 0. 0. 0. 0. 0. 0. 0. 1. 0. 1. 0. 0. 0. 0. 0. 1. 0. 0. 0. 0.
 0. 0. 0. 0. 0. 0. 0. 1. 0. 1. 0. 1. 0. 0. 0. 0. 0. 0. 0. 0. 0. 0. 0. 0.
 0. 1. 0. 0. 0. 0. 0. 0.]
Time taken: 22.37229037284851 seconds
Running combination 50 of 50
Fitting RandomForest...
Fitting Adaboost...
Fitting AdaBoost_2...
Fitting et...
Fitting gbc...
Fitting gbc_2...
Fitting gbc_3...
Fitting dt...
Fitting lr...
Fitting Lasso_1...
Fitting Lasso_2...
Fitting Lasso_3...
Fitting Lasso_4...
Fitting elasticnet...
VCF file created successfully.
pyseer stderr:  Read 1000 phenotypes
Detected continuous phenotype
Reading all variants

0variants [00:00, ?variants/s]
53variants [00:00, 521.36variants/s]
106variants [00:00, 461.88variants/s]
160variants [00:00, 491.48variants/s]
198variants [00:00, 498.30variants/s]
Applying correlation filtering

  0%|          | 0/198 [00:00<?, ?variants/s]
100%|██████████| 198/198 [00:00<00:00, 2695.48variants/s]
Fitting elastic net to top 148 variants
Best penalty (lambda) from cross-validation: 2.11E+01
Best R^2 from cross-validation: 0.512
Finding and printing selected variants
198 loaded variants
50 pre-filtered variants
148 tested variants
133 printed variants

True importance standardized:  [0.88215596 0.88215596 0.88215596 0.88215596 0.88215596 0.88215596
 0.88215596 1.         1.         1.         1.         1.
 1.         1.         0.41774312 0.41774312 0.41774312 0.41774312
 0.41774312 0.41774312 0.41774312 0.99622783 0.99622783 0.99622783
 0.99622783 0.99622783 0.99622783 0.99622783 0.18808173 0.18808173
 0.18808173 0.18808173 0.18808173 0.18808173 0.18808173 0.72227154
 0.72227154 0.72227154 0.72227154 0.72227154 0.72227154 0.72227154
 0.57364919 0.57364919 0.57364919 0.57364919 0.57364919 0.57364919
 0.57364919 0.37761501 0.37761501 0.37761501 0.37761501 0.37761501
 0.37761501 0.37761501 0.39188683 0.39188683 0.39188683 0.39188683
 0.39188683 0.39188683 0.39188683 0.99079213 0.99079213 0.99079213
 0.99079213 0.99079213 0.99079213 0.99079213 0.         0.
 0.         0.         0.         0.         0.         0.
 0.         0.         0.         0.         0.         0.
 0.         0.         0.         0.         0.         0.
 0.         0.         0.         0.         0.         0.
 0.         0.         0.         0.         0.         0.
 0.         0.         0.         0.         0.         0.
 0.         0.         0.         0.         0.         0.
 0.         0.         0.         0.         0.         0.
 0.         0.         0.         0.         0.         0.
 0.         0.         0.         0.         0.         0.
 0.         0.         0.         0.         0.         0.
 0.         0.         0.         0.         0.         0.
 0.         0.         0.         0.         0.         0.
 0.         0.         0.         0.         0.         0.
 0.         0.         0.         0.         0.         0.
 0.         0.         0.         0.         0.         0.
 0.         0.         0.         0.         0.         0.
 0.         0.         0.         0.         0.         0.
 0.         0.         0.         0.         0.         0.
 0.         0.         0.         0.         0.         0.
 0.         0.         0.         0.         0.         0.
 0.         0.        ]
Normalized importance:  [0.91849128 0.91849128 0.91849128 0.91849128 0.91849128 0.91849128
 0.91849128 1.         1.         1.         1.         1.
 1.         1.         0.06945253 0.         0.         0.
 0.06945253 0.06945253 0.06945253 0.76302548 0.76302548 0.76302548
 0.76302548 0.76302548 0.76302548 0.76302548 0.13725348 0.13725348
 0.13725348 0.13725348 0.13725348 0.13725348 0.13725348 0.49677013
 0.49677013 0.49677013 0.49677013 0.49677013 0.49677013 0.49677013
 0.14294763 0.14294763 0.14294763 0.14294763 0.14294763 0.14294763
 0.14294763 0.07189115 0.07189115 0.07189115 0.         0.
 0.07189115 0.07189115 0.08704119 0.08704119 0.08704119 0.08704119
 0.08704119 0.08704119 0.08704119 0.8086032  0.8086032  0.8086032
 0.8086032  0.8086032  0.8086032  0.8086032  0.         0.
 0.         0.         0.         0.         0.         0.
 0.         0.         0.         0.         0.         0.
 0.         0.00991019 0.02745673 0.         0.         0.
 0.         0.         0.         0.         0.         0.
 0.         0.         0.         0.         0.         0.
 0.02335201 0.         0.01644638 0.         0.         0.
 0.         0.         0.         0.         0.         0.
 0.         0.         0.         0.         0.         0.
 0.         0.01045315 0.         0.         0.         0.
 0.         0.         0.02653307 0.         0.         0.00916497
 0.         0.         0.         0.         0.         0.
 0.         0.02779217 0.         0.         0.         0.
 0.         0.         0.         0.         0.         0.
 0.         0.         0.         0.         0.         0.
 0.         0.         0.         0.         0.         0.
 0.         0.         0.         0.         0.         0.
 0.         0.0426116  0.         0.         0.         0.
 0.         0.         0.         0.         0.         0.
 0.         0.         0.         0.         0.         0.
 0.         0.         0.         0.         0.         0.
 0.         0.         0.03872289 0.         0.         0.
 0.         0.        ]
deepbreaks
y_true:  [1. 1. 1. 1. 1. 1. 1. 1. 1. 1. 1. 1. 1. 1. 0. 0. 0. 0. 0. 0. 0. 1. 1. 1.
 1. 1. 1. 1. 0. 0. 0. 0. 0. 0. 0. 1. 1. 1. 1. 1. 1. 1. 0. 0. 0. 0. 0. 0.
 0. 0. 0. 0. 0. 0. 0. 0. 0. 0. 0. 0. 0. 0. 0. 1. 1. 1. 1. 1. 1. 1. 0. 0.
 0. 0. 0. 0. 0. 0. 0. 0. 0. 0. 0. 0. 0. 0. 0. 0. 0. 0. 0. 0. 0. 0. 0. 0.
 0. 0. 0. 0. 0. 0. 0. 0. 0. 0. 0. 0. 0. 0. 0. 0. 0. 0. 0. 0. 0. 0. 0. 0.
 0. 0. 0. 0. 0. 0. 0. 0. 0. 0. 0. 0. 0. 0. 0. 0. 0. 0. 0. 0. 0. 0. 0. 0.
 0. 0. 0. 0. 0. 0. 0. 0. 0. 0. 0. 0. 0. 0. 0. 0. 0. 0. 0. 0. 0. 0. 0. 0.
 0. 0. 0. 0. 0. 0. 0. 0. 0. 0. 0. 0. 0. 0. 0. 0. 0. 0. 0. 0. 0. 0. 0. 0.
 0. 0. 0. 0. 0. 0. 0. 0.]
y_pred:  [1. 1. 1. 1. 1. 1. 1. 1. 1. 1. 1. 1. 1. 1. 0. 0. 0. 0. 0. 0. 0. 1. 1. 1.
 1. 1. 1. 1. 0. 0. 0. 0. 0. 0. 0. 1. 1. 1. 1. 1. 1. 1. 1. 1. 1. 1. 1. 1.
 1. 0. 0. 0. 0. 0. 0. 0. 0. 0. 0. 0. 0. 0. 0. 1. 1. 1. 1. 1. 1. 1. 0. 0.
 0. 0. 0. 0. 0. 0. 0. 0. 0. 0. 0. 0. 0. 0. 0. 0. 0. 0. 0. 0. 0. 0. 0. 0.
 0. 0. 0. 0. 0. 0. 0. 0. 0. 0. 0. 0. 0. 0. 0. 0. 0. 0. 0. 0. 0. 0. 0. 0.
 0. 0. 0. 0. 0. 0. 0. 0. 0. 0. 0. 0. 0. 0. 0. 0. 0. 0. 0. 0. 0. 0. 0. 0.
 0. 0. 0. 0. 0. 0. 0. 0. 0. 0. 0. 0. 0. 0. 0. 0. 0. 0. 0. 0. 0. 0. 0. 0.
 0. 0. 0. 0. 0. 0. 0. 0. 0. 0. 0. 0. 0. 0. 0. 0. 0. 0. 0. 0. 0. 0. 0. 0.
 0. 0. 0. 0. 0. 0. 0. 0.]
Normalized importance:  [0.94493392 0.57709251 0.41409692 0.59911894 0.67180617 0.48678414
 0.50220264 0.96475771 0.43832599 0.61453744 0.64977974 0.70484581
 0.67400881 0.08414097 0.55726872 0.         0.00828194 0.12422907
 0.07929515 0.19096916 0.30176211 1.         0.40748899 0.72246696
 0.47356828 0.71806167 0.41629956 0.57709251 0.37444934 0.18964758
 0.32378855 0.24229075 0.16453744 0.00696035 0.1123348  0.75110132
 0.43612335 0.45594714 0.         0.35682819 0.58370044 0.57488987
 0.45374449 0.2753304  0.3722467  0.06409692 0.09845815 0.51101322
 0.36123348 0.27312775 0.03568282 0.20704846 0.04008811 0.04030837
 0.31057269 0.         0.5154185  0.31277533 0.02039648 0.
 0.15991189 0.1839207  0.07202643 0.99559471 0.34801762 0.72246696
 0.32819383 0.39867841 0.74229075 0.63436123 0.         0.15484581
 0.         0.         0.         0.         0.1        0.10198238
 0.         0.         0.25770925 0.         0.12422907 0.
 0.         0.15462555 0.23568282 0.0907489  0.         0.10066079
 0.18590308 0.22687225 0.         0.38105727 0.         0.
 0.         0.24889868 0.09779736 0.         0.         0.24889868
 0.20814978 0.09162996 0.23127753 0.23568282 0.29295154 0.
 0.02334802 0.         0.15132159 0.0784141  0.02081498 0.
 0.         0.         0.00729075 0.16674009 0.         0.14339207
 0.13281938 0.38986784 0.         0.         0.02050661 0.
 0.24669604 0.         0.10814978 0.15110132 0.07643172 0.39647577
 0.         0.11431718 0.         0.         0.         0.
 0.38325991 0.29515419 0.07599119 0.         0.         0.04096916
 0.         0.         0.         0.13039648 0.01193833 0.03480176
 0.28634361 0.06651982 0.         0.         0.         0.
 0.07202643 0.         0.         0.         0.1160793  0.
 0.         0.13348018 0.         0.         0.         0.
 0.36563877 0.34140969 0.07004405 0.         0.         0.04735683
 0.00810573 0.         0.24229075 0.15859031 0.25991189 0.13964758
 0.00179956 0.         0.12334802 0.         0.         0.
 0.         0.17599119 0.         0.16365639 0.01922907 0.21255507
 0.         0.08303965 0.05792952 0.40088106 0.10088106 0.
 0.         0.        ]
pyseer
y_true:  [1. 1. 1. 1. 1. 1. 1. 1. 1. 1. 1. 1. 1. 1. 0. 0. 0. 0. 0. 0. 0. 1. 1. 1.
 1. 1. 1. 1. 0. 0. 0. 0. 0. 0. 0. 1. 1. 1. 1. 1. 1. 1. 0. 0. 0. 0. 0. 0.
 0. 0. 0. 0. 0. 0. 0. 0. 0. 0. 0. 0. 0. 0. 0. 1. 1. 1. 1. 1. 1. 1. 0. 0.
 0. 0. 0. 0. 0. 0. 0. 0. 0. 0. 0. 0. 0. 0. 0. 0. 0. 0. 0. 0. 0. 0. 0. 0.
 0. 0. 0. 0. 0. 0. 0. 0. 0. 0. 0. 0. 0. 0. 0. 0. 0. 0. 0. 0. 0. 0. 0. 0.
 0. 0. 0. 0. 0. 0. 0. 0. 0. 0. 0. 0. 0. 0. 0. 0. 0. 0. 0. 0. 0. 0. 0. 0.
 0. 0. 0. 0. 0. 0. 0. 0. 0. 0. 0. 0. 0. 0. 0. 0. 0. 0. 0. 0. 0. 0. 0. 0.
 0. 0. 0. 0. 0. 0. 0. 0. 0. 0. 0. 0. 0. 0. 0. 0. 0. 0. 0. 0. 0. 0. 0. 0.
 0. 0. 0. 0. 0. 0. 0. 0.]
y_pred:  [1. 1. 1. 1. 1. 1. 1. 1. 1. 1. 1. 1. 1. 0. 1. 0. 0. 0. 0. 0. 1. 1. 1. 1.
 1. 1. 1. 1. 1. 0. 1. 1. 0. 0. 0. 1. 1. 1. 0. 1. 1. 1. 1. 1. 1. 0. 0. 1.
 1. 1. 0. 0. 0. 0. 1. 0. 1. 1. 0. 0. 0. 0. 0. 1. 1. 1. 1. 1. 1. 1. 0. 0.
 0. 0. 0. 0. 0. 0. 0. 0. 1. 0. 0. 0. 0. 0. 1. 0. 0. 0. 0. 1. 0. 1. 0. 0.
 0. 1. 0. 0. 0. 1. 0. 0. 1. 1. 1. 0. 0. 0. 0. 0. 0. 0. 0. 0. 0. 0. 0. 0.
 0. 1. 0. 0. 0. 0. 1. 0. 0. 0. 0. 1. 0. 0. 0. 0. 0. 0. 1. 1. 0. 0. 0. 0.
 0. 0. 0. 0. 0. 0. 1. 0. 0. 0. 0. 0. 0. 0. 0. 0. 0. 0. 0. 0. 0. 0. 0. 0.
 1. 1. 0. 0. 0. 0. 0. 0. 1. 0. 1. 0. 0. 0. 0. 0. 0. 0. 0. 0. 0. 0. 0. 0.
 0. 0. 0. 1. 0. 0. 0. 0.]
Time taken: 25.9845609664917 seconds
