Number of combinations:  50
Running combination 1 of 50
Fitting RandomForest...
Fitting Adaboost...
Fitting AdaBoost_2...
Fitting et...
Fitting gbc...
Fitting gbc_2...
Fitting gbc_3...
Fitting dt...
Fitting lr...
Fitting Lasso_1...
Fitting Lasso_2...
Fitting Lasso_3...
Fitting Lasso_4...
Fitting elasticnet...
VCF file created successfully.
pyseer stderr:  Read 1000 phenotypes
Detected continuous phenotype
Reading all variants

0variants [00:00, ?variants/s]
55variants [00:00, 546.03variants/s]
110variants [00:00, 480.20variants/s]
165variants [00:00, 508.81variants/s]
198variants [00:00, 513.92variants/s]
Applying correlation filtering

  0%|          | 0/198 [00:00<?, ?variants/s]
100%|██████████| 198/198 [00:00<00:00, 2549.92variants/s]
Fitting elastic net to top 148 variants
Best penalty (lambda) from cross-validation: 2.40E+01
Best R^2 from cross-validation: 0.480
Finding and printing selected variants
198 loaded variants
50 pre-filtered variants
148 tested variants
133 printed variants

True importance standardized:  [0.49712446 0.49712446 0.49712446 0.49712446 0.49712446 0.49712446
 0.26128236 0.26128236 0.26128236 0.26128236 0.26128236 0.26128236
 0.83270438 0.83270438 0.83270438 0.83270438 0.83270438 0.83270438
 0.99410428 0.99410428 0.99410428 0.99410428 0.99410428 0.99410428
 0.70322936 0.70322936 0.70322936 0.70322936 0.70322936 0.70322936
 0.2290137  0.2290137  0.2290137  0.2290137  0.2290137  0.2290137
 0.33094309 0.33094309 0.33094309 0.33094309 0.33094309 0.33094309
 1.         1.         1.         1.         1.         1.
 0.17024551 0.17024551 0.17024551 0.17024551 0.17024551 0.17024551
 0.61891835 0.61891835 0.61891835 0.61891835 0.61891835 0.61891835
 0.         0.         0.         0.         0.         0.
 0.         0.         0.         0.         0.         0.
 0.         0.         0.         0.         0.         0.
 0.         0.         0.         0.         0.         0.
 0.         0.         0.         0.         0.         0.
 0.         0.         0.         0.         0.         0.
 0.         0.         0.         0.         0.         0.
 0.         0.         0.         0.         0.         0.
 0.         0.         0.         0.         0.         0.
 0.         0.         0.         0.         0.         0.
 0.         0.         0.         0.         0.         0.
 0.         0.         0.         0.         0.         0.
 0.         0.         0.         0.         0.         0.
 0.         0.         0.         0.         0.         0.
 0.         0.         0.         0.         0.         0.
 0.         0.         0.         0.         0.         0.
 0.         0.         0.         0.         0.         0.
 0.         0.         0.         0.         0.         0.
 0.         0.         0.         0.         0.         0.
 0.         0.         0.         0.         0.         0.
 0.         0.         0.         0.         0.         0.
 0.         0.         0.         0.         0.         0.
 0.         0.         0.         0.         0.         0.
 0.         0.        ]
Normalized importance:  [0.43021277 0.43021277 0.43021277 0.43021277 0.43021277 0.43021277
 0.25010933 0.25010933 0.         0.         0.         0.
 0.88152109 0.88152109 0.88152109 0.88152109 0.88152109 0.88152109
 1.         1.         1.         1.         1.         1.
 0.80139337 0.80139337 0.80139337 0.80139337 0.80139337 0.80139337
 0.         0.         0.         0.         0.         0.
 0.38242901 0.38242901 0.38242901 0.38242901 0.38242901 0.38242901
 0.97227093 0.97227093 0.97227093 0.97227093 0.97227093 0.97227093
 0.32942536 0.32942536 0.         0.32942536 0.         0.32942536
 0.67975815 0.67975815 0.67975815 0.67975815 0.67975815 0.67975815
 0.         0.23395109 0.         0.         0.         0.
 0.         0.         0.         0.         0.         0.
 0.         0.         0.         0.25362149 0.         0.
 0.         0.         0.17237261 0.         0.         0.
 0.         0.         0.         0.         0.         0.
 0.         0.         0.         0.         0.         0.
 0.         0.         0.         0.         0.         0.
 0.         0.39693601 0.         0.         0.         0.
 0.         0.         0.         0.         0.         0.
 0.         0.         0.         0.         0.         0.
 0.         0.         0.         0.         0.         0.
 0.         0.         0.         0.         0.         0.
 0.         0.         0.         0.         0.         0.
 0.         0.         0.         0.         0.         0.
 0.         0.         0.         0.31631419 0.         0.
 0.         0.         0.         0.         0.         0.
 0.         0.         0.         0.         0.         0.
 0.         0.         0.         0.         0.         0.
 0.         0.         0.         0.         0.22419838 0.
 0.         0.         0.         0.         0.         0.
 0.         0.         0.         0.         0.         0.
 0.         0.         0.         0.         0.         0.32127052
 0.         0.         0.         0.         0.         0.
 0.         0.        ]
deepbreaks
y_true:  [0. 0. 0. 0. 0. 0. 0. 0. 0. 0. 0. 0. 1. 1. 1. 1. 1. 1. 1. 1. 1. 1. 1. 1.
 1. 1. 1. 1. 1. 1. 0. 0. 0. 0. 0. 0. 0. 0. 0. 0. 0. 0. 1. 1. 1. 1. 1. 1.
 0. 0. 0. 0. 0. 0. 1. 1. 1. 1. 1. 1. 0. 0. 0. 0. 0. 0. 0. 0. 0. 0. 0. 0.
 0. 0. 0. 0. 0. 0. 0. 0. 0. 0. 0. 0. 0. 0. 0. 0. 0. 0. 0. 0. 0. 0. 0. 0.
 0. 0. 0. 0. 0. 0. 0. 0. 0. 0. 0. 0. 0. 0. 0. 0. 0. 0. 0. 0. 0. 0. 0. 0.
 0. 0. 0. 0. 0. 0. 0. 0. 0. 0. 0. 0. 0. 0. 0. 0. 0. 0. 0. 0. 0. 0. 0. 0.
 0. 0. 0. 0. 0. 0. 0. 0. 0. 0. 0. 0. 0. 0. 0. 0. 0. 0. 0. 0. 0. 0. 0. 0.
 0. 0. 0. 0. 0. 0. 0. 0. 0. 0. 0. 0. 0. 0. 0. 0. 0. 0. 0. 0. 0. 0. 0. 0.
 0. 0. 0. 0. 0. 0. 0. 0.]
y_pred:  [0. 0. 0. 0. 0. 0. 0. 0. 0. 0. 0. 0. 1. 1. 1. 1. 1. 1. 1. 1. 1. 1. 1. 1.
 1. 1. 1. 1. 1. 1. 0. 0. 0. 0. 0. 0. 0. 0. 0. 0. 0. 0. 1. 1. 1. 1. 1. 1.
 0. 0. 0. 0. 0. 0. 1. 1. 1. 1. 1. 1. 0. 0. 0. 0. 0. 0. 0. 0. 0. 0. 0. 0.
 0. 0. 0. 0. 0. 0. 0. 0. 0. 0. 0. 0. 0. 0. 0. 0. 0. 0. 0. 0. 0. 0. 0. 0.
 0. 0. 0. 0. 0. 0. 0. 0. 0. 0. 0. 0. 0. 0. 0. 0. 0. 0. 0. 0. 0. 0. 0. 0.
 0. 0. 0. 0. 0. 0. 0. 0. 0. 0. 0. 0. 0. 0. 0. 0. 0. 0. 0. 0. 0. 0. 0. 0.
 0. 0. 0. 0. 0. 0. 0. 0. 0. 0. 0. 0. 0. 0. 0. 0. 0. 0. 0. 0. 0. 0. 0. 0.
 0. 0. 0. 0. 0. 0. 0. 0. 0. 0. 0. 0. 0. 0. 0. 0. 0. 0. 0. 0. 0. 0. 0. 0.
 0. 0. 0. 0. 0. 0. 0. 0.]
Normalized importance:  [0.32408759 0.2540146  0.17372263 0.27153285 0.25255474 0.33868613
 0.13094891 0.31386861 0.02394161 0.07854015 0.07182482 0.
 0.72992701 0.50364964 0.28029197 0.13036496 0.4919708  0.50948905
 0.83649635 0.38832117 0.39270073 0.44379562 0.32408759 0.54744526
 0.5649635  0.22481752 0.20729927 0.27153285 0.48175182 0.45255474
 0.15328467 0.         0.         0.         0.06175182 0.
 0.29489051 0.17518248 0.32846715 0.03956204 0.07372263 0.30948905
 1.         0.47737226 0.45693431 0.3649635  0.34890511 0.3270073
 0.17956204 0.2189781  0.01532847 0.0550365  0.         0.11751825
 0.57080292 0.35036496 0.5810219  0.17810219 0.18978102 0.32262774
 0.         0.17664234 0.         0.18394161 0.09182482 0.05868613
 0.         0.09051095 0.         0.15912409 0.06656934 0.
 0.18540146 0.         0.14087591 0.18248175 0.1259854  0.
 0.12       0.15474453 0.19708029 0.17080292 0.21605839 0.
 0.02306569 0.04       0.         0.09839416 0.         0.12759124
 0.         0.02291971 0.17372263 0.02744526 0.09240876 0.09284672
 0.         0.03883212 0.         0.         0.         0.
 0.04613139 0.26277372 0.         0.07328467 0.15036496 0.
 0.         0.         0.         0.25547445 0.07649635 0.10773723
 0.13518248 0.         0.09781022 0.         0.         0.
 0.         0.14744526 0.         0.         0.         0.1649635
 0.04656934 0.13182482 0.         0.01854015 0.04540146 0.17372263
 0.02656934 0.         0.07386861 0.         0.10437956 0.
 0.         0.06919708 0.06029197 0.         0.         0.
 0.         0.04072993 0.05372263 0.2379562  0.08525547 0.
 0.         0.27445255 0.15620438 0.13605839 0.18686131 0.
 0.         0.18540146 0.01664234 0.14043796 0.12467153 0.
 0.06715328 0.08394161 0.         0.         0.09708029 0.01420438
 0.         0.         0.1649635  0.0340146  0.37810219 0.04846715
 0.         0.         0.06861314 0.         0.         0.0259854
 0.         0.14890511 0.         0.         0.04437956 0.12832117
 0.03722628 0.         0.         0.13678832 0.         0.35766423
 0.         0.21021898 0.08846715 0.         0.01280292 0.07562044
 0.         0.        ]
pyseer
y_true:  [0. 0. 0. 0. 0. 0. 0. 0. 0. 0. 0. 0. 1. 1. 1. 1. 1. 1. 1. 1. 1. 1. 1. 1.
 1. 1. 1. 1. 1. 1. 0. 0. 0. 0. 0. 0. 0. 0. 0. 0. 0. 0. 1. 1. 1. 1. 1. 1.
 0. 0. 0. 0. 0. 0. 1. 1. 1. 1. 1. 1. 0. 0. 0. 0. 0. 0. 0. 0. 0. 0. 0. 0.
 0. 0. 0. 0. 0. 0. 0. 0. 0. 0. 0. 0. 0. 0. 0. 0. 0. 0. 0. 0. 0. 0. 0. 0.
 0. 0. 0. 0. 0. 0. 0. 0. 0. 0. 0. 0. 0. 0. 0. 0. 0. 0. 0. 0. 0. 0. 0. 0.
 0. 0. 0. 0. 0. 0. 0. 0. 0. 0. 0. 0. 0. 0. 0. 0. 0. 0. 0. 0. 0. 0. 0. 0.
 0. 0. 0. 0. 0. 0. 0. 0. 0. 0. 0. 0. 0. 0. 0. 0. 0. 0. 0. 0. 0. 0. 0. 0.
 0. 0. 0. 0. 0. 0. 0. 0. 0. 0. 0. 0. 0. 0. 0. 0. 0. 0. 0. 0. 0. 0. 0. 0.
 0. 0. 0. 0. 0. 0. 0. 0.]
y_pred:  [1. 1. 1. 1. 1. 1. 0. 1. 0. 0. 0. 0. 1. 1. 1. 0. 1. 1. 1. 1. 1. 1. 1. 1.
 1. 1. 1. 1. 1. 1. 1. 0. 0. 0. 0. 0. 1. 1. 1. 0. 0. 1. 1. 1. 1. 1. 1. 1.
 1. 1. 0. 0. 0. 0. 1. 1. 1. 1. 1. 1. 0. 1. 0. 1. 0. 0. 0. 0. 0. 1. 0. 0.
 1. 0. 0. 1. 0. 0. 0. 1. 1. 1. 1. 0. 0. 0. 0. 0. 0. 0. 0. 0. 1. 0. 0. 0.
 0. 0. 0. 0. 0. 0. 0. 1. 0. 0. 1. 0. 0. 0. 0. 1. 0. 0. 0. 0. 0. 0. 0. 0.
 0. 0. 0. 0. 0. 1. 0. 0. 0. 0. 0. 1. 0. 0. 0. 0. 0. 0. 0. 0. 0. 0. 0. 0.
 0. 0. 0. 1. 0. 0. 0. 1. 1. 0. 1. 0. 0. 1. 0. 0. 0. 0. 0. 0. 0. 0. 0. 0.
 0. 0. 1. 0. 1. 0. 0. 0. 0. 0. 0. 0. 0. 0. 0. 0. 0. 0. 0. 0. 0. 0. 0. 1.
 0. 1. 0. 0. 0. 0. 0. 0.]
Time taken: 28.07879066467285 seconds
Running combination 2 of 50
Fitting RandomForest...
Fitting Adaboost...
Fitting AdaBoost_2...
Fitting et...
Fitting gbc...
Fitting gbc_2...
Fitting gbc_3...
Fitting dt...
Fitting lr...
Fitting Lasso_1...
Fitting Lasso_2...
Fitting Lasso_3...
Fitting Lasso_4...
Fitting elasticnet...
VCF file created successfully.
pyseer stderr:  Read 1000 phenotypes
Detected continuous phenotype
Reading all variants

0variants [00:00, ?variants/s]
55variants [00:00, 545.12variants/s]
110variants [00:00, 477.88variants/s]
165variants [00:00, 507.17variants/s]
198variants [00:00, 512.11variants/s]
Applying correlation filtering

  0%|          | 0/198 [00:00<?, ?variants/s]
100%|██████████| 198/198 [00:00<00:00, 2657.46variants/s]
Fitting elastic net to top 148 variants
Best penalty (lambda) from cross-validation: 2.23E+01
Best R^2 from cross-validation: 0.529
Finding and printing selected variants
198 loaded variants
50 pre-filtered variants
148 tested variants
129 printed variants

True importance standardized:  [1.         1.         1.         1.         1.         1.
 0.51813385 0.51813385 0.51813385 0.51813385 0.51813385 0.51813385
 0.91116736 0.91116736 0.91116736 0.91116736 0.91116736 0.91116736
 0.25409467 0.25409467 0.25409467 0.25409467 0.25409467 0.25409467
 0.34091443 0.34091443 0.34091443 0.34091443 0.34091443 0.34091443
 0.74272484 0.74272484 0.74272484 0.74272484 0.74272484 0.74272484
 0.5789613  0.5789613  0.5789613  0.5789613  0.5789613  0.5789613
 0.63989428 0.63989428 0.63989428 0.63989428 0.63989428 0.63989428
 0.666082   0.666082   0.666082   0.666082   0.666082   0.666082
 0.94075137 0.94075137 0.94075137 0.94075137 0.94075137 0.94075137
 0.         0.         0.         0.         0.         0.
 0.         0.         0.         0.         0.         0.
 0.         0.         0.         0.         0.         0.
 0.         0.         0.         0.         0.         0.
 0.         0.         0.         0.         0.         0.
 0.         0.         0.         0.         0.         0.
 0.         0.         0.         0.         0.         0.
 0.         0.         0.         0.         0.         0.
 0.         0.         0.         0.         0.         0.
 0.         0.         0.         0.         0.         0.
 0.         0.         0.         0.         0.         0.
 0.         0.         0.         0.         0.         0.
 0.         0.         0.         0.         0.         0.
 0.         0.         0.         0.         0.         0.
 0.         0.         0.         0.         0.         0.
 0.         0.         0.         0.         0.         0.
 0.         0.         0.         0.         0.         0.
 0.         0.         0.         0.         0.         0.
 0.         0.         0.         0.         0.         0.
 0.         0.         0.         0.         0.         0.
 0.         0.         0.         0.         0.         0.
 0.         0.         0.         0.         0.         0.
 0.         0.         0.         0.         0.         0.
 0.         0.        ]
Normalized importance:  [0.82443237 0.82443237 0.82443237 0.82443237 0.82443237 0.82443237
 0.13910334 0.13910334 0.13910334 0.13910334 0.13910334 0.13910334
 1.         1.         1.         1.         1.         1.
 0.15539539 0.         0.15539539 0.15539539 0.15539539 0.15539539
 0.06305691 0.06305691 0.06305691 0.06305691 0.06305691 0.06305691
 0.89049721 0.89049721 0.89049721 0.89049721 0.89049721 0.89049721
 0.34924607 0.34924607 0.34924607 0.34924607 0.34924607 0.34924607
 0.27377061 0.27377061 0.27377061 0.27377061 0.27377061 0.27377061
 0.44939074 0.44939074 0.44939074 0.44939074 0.44939074 0.44939074
 0.96752549 0.96752549 0.96752549 0.96752549 0.96752549 0.96752549
 0.         0.         0.         0.         0.02804599 0.
 0.         0.         0.         0.         0.03247491 0.
 0.         0.         0.         0.04805511 0.         0.
 0.         0.         0.01627356 0.         0.         0.
 0.07866958 0.         0.03639498 0.         0.         0.
 0.         0.         0.         0.         0.         0.
 0.         0.         0.         0.         0.         0.
 0.         0.         0.         0.         0.         0.
 0.04486769 0.         0.         0.07165914 0.         0.
 0.         0.         0.         0.         0.         0.
 0.         0.04426183 0.02301022 0.         0.         0.
 0.         0.02677461 0.         0.         0.         0.
 0.         0.         0.         0.         0.04820022 0.
 0.         0.         0.         0.         0.03492189 0.
 0.         0.04553071 0.         0.         0.         0.
 0.         0.         0.         0.         0.         0.
 0.         0.         0.01248167 0.         0.         0.
 0.         0.         0.         0.         0.         0.
 0.         0.01161986 0.         0.         0.         0.03474135
 0.         0.         0.         0.         0.         0.
 0.         0.04106461 0.         0.0298689  0.         0.
 0.         0.         0.         0.         0.         0.
 0.         0.         0.         0.         0.0152719  0.
 0.         0.        ]
deepbreaks
y_true:  [1. 1. 1. 1. 1. 1. 0. 0. 0. 0. 0. 0. 1. 1. 1. 1. 1. 1. 0. 0. 0. 0. 0. 0.
 0. 0. 0. 0. 0. 0. 1. 1. 1. 1. 1. 1. 0. 0. 0. 0. 0. 0. 0. 0. 0. 0. 0. 0.
 1. 1. 1. 1. 1. 1. 1. 1. 1. 1. 1. 1. 0. 0. 0. 0. 0. 0. 0. 0. 0. 0. 0. 0.
 0. 0. 0. 0. 0. 0. 0. 0. 0. 0. 0. 0. 0. 0. 0. 0. 0. 0. 0. 0. 0. 0. 0. 0.
 0. 0. 0. 0. 0. 0. 0. 0. 0. 0. 0. 0. 0. 0. 0. 0. 0. 0. 0. 0. 0. 0. 0. 0.
 0. 0. 0. 0. 0. 0. 0. 0. 0. 0. 0. 0. 0. 0. 0. 0. 0. 0. 0. 0. 0. 0. 0. 0.
 0. 0. 0. 0. 0. 0. 0. 0. 0. 0. 0. 0. 0. 0. 0. 0. 0. 0. 0. 0. 0. 0. 0. 0.
 0. 0. 0. 0. 0. 0. 0. 0. 0. 0. 0. 0. 0. 0. 0. 0. 0. 0. 0. 0. 0. 0. 0. 0.
 0. 0. 0. 0. 0. 0. 0. 0.]
y_pred:  [1. 1. 1. 1. 1. 1. 0. 0. 0. 0. 0. 0. 1. 1. 1. 1. 1. 1. 0. 0. 0. 0. 0. 0.
 0. 0. 0. 0. 0. 0. 1. 1. 1. 1. 1. 1. 1. 1. 1. 1. 1. 1. 1. 1. 1. 1. 1. 1.
 1. 1. 1. 1. 1. 1. 1. 1. 1. 1. 1. 1. 0. 0. 0. 0. 0. 0. 0. 0. 0. 0. 0. 0.
 0. 0. 0. 0. 0. 0. 0. 0. 0. 0. 0. 0. 0. 0. 0. 0. 0. 0. 0. 0. 0. 0. 0. 0.
 0. 0. 0. 0. 0. 0. 0. 0. 0. 0. 0. 0. 0. 0. 0. 0. 0. 0. 0. 0. 0. 0. 0. 0.
 0. 0. 0. 0. 0. 0. 0. 0. 0. 0. 0. 0. 0. 0. 0. 0. 0. 0. 0. 0. 0. 0. 0. 0.
 0. 0. 0. 0. 0. 0. 0. 0. 0. 0. 0. 0. 0. 0. 0. 0. 0. 0. 0. 0. 0. 0. 0. 0.
 0. 0. 0. 0. 0. 0. 0. 0. 0. 0. 0. 0. 0. 0. 0. 0. 0. 0. 0. 0. 0. 0. 0. 0.
 0. 0. 0. 0. 0. 0. 0. 0.]
Normalized importance:  [0.82625    0.4275     0.3975     0.48       0.6175     0.63375
 0.28125    0.14625    0.082875   0.4225     0.56       0.00105375
 0.895      0.57       0.44375    0.49       0.36875    0.109
 0.2        0.         0.27       0.3075     0.         0.24125
 0.27125    0.53875    0.         0.         0.22       0.
 0.72375    0.3275     0.495      0.28125    0.5525     0.48375
 0.66625    0.41375    0.         0.29625    0.         0.35375
 0.5875     0.40625    0.         0.205      0.17125    0.34125
 0.785      0.3875     0.49875    0.2325     0.215      0.1375
 1.         0.41875    0.5425     0.50625    0.55625    0.34375
 0.245      0.102125   0.04075    0.13375    0.215      0.
 0.         0.         0.0715     0.         0.3275     0.
 0.         0.11975    0.         0.30875    0.         0.046625
 0.185      0.029      0.2325     0.         0.         0.
 0.6025     0.         0.20375    0.215      0.         0.
 0.2025     0.         0.         0.3025     0.1725     0.
 0.         0.16875    0.2275     0.         0.0915     0.02025
 0.         0.185      0.         0.205      0.082625   0.29
 0.46       0.1425     0.         0.5925     0.         0.32875
 0.         0.19       0.21875    0.085      0.059875   0.
 0.078      0.3125     0.30625    0.05625    0.         0.055875
 0.         0.2625     0.2        0.         0.         0.
 0.37125    0.         0.083625   0.068125   0.4025     0.
 0.27375    0.         0.         0.         0.46       0.
 0.         0.4325     0.         0.         0.         0.215
 0.         0.07075    0.005875   0.         0.         0.
 0.14625    0.25125    0.23875    0.08775    0.         0.16625
 0.078625   0.         0.035375   0.         0.         0.
 0.23375    0.1165     0.02475    0.         0.         0.3625
 0.         0.20125    0.28125    0.         0.044      0.1425
 0.         0.33625    0.23375    0.13375    0.0545     0.
 0.         0.         0.         0.25375    0.185      0.
 0.065375   0.029875   0.         0.         0.3125     0.003975
 0.         0.        ]
pyseer
y_true:  [1. 1. 1. 1. 1. 1. 0. 0. 0. 0. 0. 0. 1. 1. 1. 1. 1. 1. 0. 0. 0. 0. 0. 0.
 0. 0. 0. 0. 0. 0. 1. 1. 1. 1. 1. 1. 0. 0. 0. 0. 0. 0. 0. 0. 0. 0. 0. 0.
 1. 1. 1. 1. 1. 1. 1. 1. 1. 1. 1. 1. 0. 0. 0. 0. 0. 0. 0. 0. 0. 0. 0. 0.
 0. 0. 0. 0. 0. 0. 0. 0. 0. 0. 0. 0. 0. 0. 0. 0. 0. 0. 0. 0. 0. 0. 0. 0.
 0. 0. 0. 0. 0. 0. 0. 0. 0. 0. 0. 0. 0. 0. 0. 0. 0. 0. 0. 0. 0. 0. 0. 0.
 0. 0. 0. 0. 0. 0. 0. 0. 0. 0. 0. 0. 0. 0. 0. 0. 0. 0. 0. 0. 0. 0. 0. 0.
 0. 0. 0. 0. 0. 0. 0. 0. 0. 0. 0. 0. 0. 0. 0. 0. 0. 0. 0. 0. 0. 0. 0. 0.
 0. 0. 0. 0. 0. 0. 0. 0. 0. 0. 0. 0. 0. 0. 0. 0. 0. 0. 0. 0. 0. 0. 0. 0.
 0. 0. 0. 0. 0. 0. 0. 0.]
y_pred:  [1. 1. 1. 1. 1. 1. 1. 0. 0. 1. 1. 0. 1. 1. 1. 1. 1. 0. 0. 0. 1. 1. 0. 1.
 1. 1. 0. 0. 0. 0. 1. 1. 1. 1. 1. 1. 1. 1. 0. 1. 0. 1. 1. 1. 0. 0. 0. 1.
 1. 1. 1. 0. 0. 0. 1. 1. 1. 1. 1. 1. 1. 0. 0. 0. 0. 0. 0. 0. 0. 0. 1. 0.
 0. 0. 0. 1. 0. 0. 0. 0. 0. 0. 0. 0. 1. 0. 0. 0. 0. 0. 0. 0. 0. 1. 0. 0.
 0. 0. 0. 0. 0. 0. 0. 0. 0. 0. 0. 1. 1. 0. 0. 1. 0. 1. 0. 0. 0. 0. 0. 0.
 0. 1. 1. 0. 0. 0. 0. 1. 0. 0. 0. 0. 1. 0. 0. 0. 1. 0. 1. 0. 0. 0. 1. 0.
 0. 1. 0. 0. 0. 0. 0. 0. 0. 0. 0. 0. 0. 1. 1. 0. 0. 0. 0. 0. 0. 0. 0. 0.
 0. 0. 0. 0. 0. 1. 0. 0. 1. 0. 0. 0. 0. 1. 0. 0. 0. 0. 0. 0. 0. 1. 0. 0.
 0. 0. 0. 0. 1. 0. 0. 0.]
Time taken: 25.79580068588257 seconds
Running combination 3 of 50
Fitting RandomForest...
Fitting Adaboost...
Fitting AdaBoost_2...
Fitting et...
Fitting gbc...
Fitting gbc_2...
Fitting gbc_3...
Fitting dt...
Fitting lr...
Fitting Lasso_1...
Fitting Lasso_2...
Fitting Lasso_3...
Fitting Lasso_4...
Fitting elasticnet...
VCF file created successfully.
pyseer stderr:  Read 1000 phenotypes
Detected continuous phenotype
Reading all variants

0variants [00:00, ?variants/s]
56variants [00:00, 555.02variants/s]
112variants [00:00, 485.82variants/s]
167variants [00:00, 512.58variants/s]
198variants [00:00, 517.71variants/s]
Applying correlation filtering

  0%|          | 0/198 [00:00<?, ?variants/s]
100%|██████████| 198/198 [00:00<00:00, 2711.38variants/s]
Fitting elastic net to top 148 variants
Best penalty (lambda) from cross-validation: 3.43E+01
Best R^2 from cross-validation: 0.478
Finding and printing selected variants
198 loaded variants
50 pre-filtered variants
148 tested variants
135 printed variants

True importance standardized:  [0.43010402 0.43010402 0.43010402 0.43010402 0.43010402 0.43010402
 0.44169517 0.44169517 0.44169517 0.44169517 0.44169517 0.44169517
 0.71721555 0.71721555 0.71721555 0.71721555 0.71721555 0.71721555
 0.44419251 0.44419251 0.44419251 0.44419251 0.44419251 0.44419251
 0.96180209 0.96180209 0.96180209 0.96180209 0.96180209 0.96180209
 1.         1.         1.         1.         1.         1.
 0.73071974 0.73071974 0.73071974 0.73071974 0.73071974 0.73071974
 0.6635481  0.6635481  0.6635481  0.6635481  0.6635481  0.6635481
 0.99381446 0.99381446 0.99381446 0.99381446 0.99381446 0.99381446
 0.31067765 0.31067765 0.31067765 0.31067765 0.31067765 0.31067765
 0.         0.         0.         0.         0.         0.
 0.         0.         0.         0.         0.         0.
 0.         0.         0.         0.         0.         0.
 0.         0.         0.         0.         0.         0.
 0.         0.         0.         0.         0.         0.
 0.         0.         0.         0.         0.         0.
 0.         0.         0.         0.         0.         0.
 0.         0.         0.         0.         0.         0.
 0.         0.         0.         0.         0.         0.
 0.         0.         0.         0.         0.         0.
 0.         0.         0.         0.         0.         0.
 0.         0.         0.         0.         0.         0.
 0.         0.         0.         0.         0.         0.
 0.         0.         0.         0.         0.         0.
 0.         0.         0.         0.         0.         0.
 0.         0.         0.         0.         0.         0.
 0.         0.         0.         0.         0.         0.
 0.         0.         0.         0.         0.         0.
 0.         0.         0.         0.         0.         0.
 0.         0.         0.         0.         0.         0.
 0.         0.         0.         0.         0.         0.
 0.         0.         0.         0.         0.         0.
 0.         0.         0.         0.         0.         0.
 0.         0.        ]
Normalized importance:  [0.09343933 0.09343933 0.09343933 0.09343933 0.09343933 0.09343933
 0.16107381 0.16107381 0.16107381 0.         0.16107381 0.16107381
 0.65801235 0.65801235 0.65801235 0.65801235 0.65801235 0.65801235
 0.1547629  0.1547629  0.1547629  0.1547629  0.1547629  0.1547629
 0.61234669 0.61234669 0.61234669 0.61234669 0.61234669 0.61234669
 1.         1.         1.         1.         1.         1.
 0.43116556 0.43116556 0.43116556 0.43116556 0.43116556 0.43116556
 0.52125308 0.52125308 0.52125308 0.52125308 0.52125308 0.52125308
 0.82394637 0.82394637 0.82394637 0.82394637 0.82394637 0.82394637
 0.         0.039442   0.04304522 0.         0.         0.
 0.         0.         0.         0.         0.         0.
 0.         0.         0.01699402 0.         0.         0.
 0.         0.         0.         0.         0.         0.
 0.         0.         0.         0.         0.         0.01429998
 0.03617423 0.         0.         0.         0.         0.
 0.0271402  0.         0.         0.         0.         0.
 0.         0.         0.         0.         0.         0.
 0.01654708 0.         0.         0.         0.         0.
 0.         0.         0.         0.         0.         0.
 0.         0.         0.         0.         0.         0.
 0.02834867 0.         0.         0.         0.         0.02054104
 0.         0.         0.         0.         0.         0.
 0.         0.         0.         0.02530772 0.         0.
 0.         0.         0.         0.         0.02019795 0.
 0.         0.         0.         0.         0.         0.
 0.         0.         0.         0.         0.         0.
 0.         0.         0.         0.         0.02483229 0.
 0.         0.         0.         0.         0.         0.
 0.         0.         0.         0.         0.         0.
 0.02199093 0.         0.         0.         0.02619874 0.
 0.         0.         0.         0.         0.         0.
 0.         0.         0.         0.         0.         0.
 0.         0.         0.         0.         0.         0.
 0.         0.        ]
deepbreaks
y_true:  [0. 0. 0. 0. 0. 0. 0. 0. 0. 0. 0. 0. 1. 1. 1. 1. 1. 1. 0. 0. 0. 0. 0. 0.
 1. 1. 1. 1. 1. 1. 1. 1. 1. 1. 1. 1. 1. 1. 1. 1. 1. 1. 0. 0. 0. 0. 0. 0.
 1. 1. 1. 1. 1. 1. 0. 0. 0. 0. 0. 0. 0. 0. 0. 0. 0. 0. 0. 0. 0. 0. 0. 0.
 0. 0. 0. 0. 0. 0. 0. 0. 0. 0. 0. 0. 0. 0. 0. 0. 0. 0. 0. 0. 0. 0. 0. 0.
 0. 0. 0. 0. 0. 0. 0. 0. 0. 0. 0. 0. 0. 0. 0. 0. 0. 0. 0. 0. 0. 0. 0. 0.
 0. 0. 0. 0. 0. 0. 0. 0. 0. 0. 0. 0. 0. 0. 0. 0. 0. 0. 0. 0. 0. 0. 0. 0.
 0. 0. 0. 0. 0. 0. 0. 0. 0. 0. 0. 0. 0. 0. 0. 0. 0. 0. 0. 0. 0. 0. 0. 0.
 0. 0. 0. 0. 0. 0. 0. 0. 0. 0. 0. 0. 0. 0. 0. 0. 0. 0. 0. 0. 0. 0. 0. 0.
 0. 0. 0. 0. 0. 0. 0. 0.]
y_pred:  [0. 0. 0. 0. 0. 0. 0. 0. 0. 0. 0. 0. 1. 1. 1. 1. 1. 1. 0. 0. 0. 0. 0. 0.
 1. 1. 1. 1. 1. 1. 1. 1. 1. 1. 1. 1. 1. 1. 1. 1. 1. 1. 1. 1. 1. 1. 1. 1.
 1. 1. 1. 1. 1. 1. 0. 0. 0. 0. 0. 0. 0. 0. 0. 0. 0. 0. 0. 0. 0. 0. 0. 0.
 0. 0. 0. 0. 0. 0. 0. 0. 0. 0. 0. 0. 0. 0. 0. 0. 0. 0. 0. 0. 0. 0. 0. 0.
 0. 0. 0. 0. 0. 0. 0. 0. 0. 0. 0. 0. 0. 0. 0. 0. 0. 0. 0. 0. 0. 0. 0. 0.
 0. 0. 0. 0. 0. 0. 0. 0. 0. 0. 0. 0. 0. 0. 0. 0. 0. 0. 0. 0. 0. 0. 0. 0.
 0. 0. 0. 0. 0. 0. 0. 0. 0. 0. 0. 0. 0. 0. 0. 0. 0. 0. 0. 0. 0. 0. 0. 0.
 0. 0. 0. 0. 0. 0. 0. 0. 0. 0. 0. 0. 0. 0. 0. 0. 0. 0. 0. 0. 0. 0. 0. 0.
 0. 0. 0. 0. 0. 0. 0. 0.]
Normalized importance:  [0.37984496 0.01273533 0.25913621 0.02978959 0.         0.6124031
 0.51937984 0.10387597 0.38427464 0.         0.36877076 0.04894795
 0.74197121 0.56367663 0.20598007 0.72757475 0.44518272 0.07275748
 0.5227021  0.10409745 0.41749723 0.50387597 0.03178295 0.10708749
 1.         0.1461794  0.24031008 0.48837209 0.33001107 0.6345515
 0.98449612 0.78848283 0.02834994 0.68438538 0.4496124  0.50055371
 0.62236988 0.18715393 0.39756368 0.4717608  0.46843854 0.42414175
 0.64451827 0.31118494 0.4717608  0.44850498 0.32447398 0.2358804
 0.9047619  0.69435216 0.3875969  0.58250277 0.19712071 0.66112957
 0.14950166 0.35769657 0.38427464 0.0889258  0.06799557 0.16168328
 0.24584718 0.22259136 0.01672204 0.1517165  0.         0.14507198
 0.         0.17165006 0.24916944 0.         0.         0.
 0.18050941 0.         0.         0.         0.         0.
 0.13289037 0.0393134  0.1517165  0.         0.         0.11074197
 0.3200443  0.         0.         0.         0.16611296 0.28017719
 0.29457364 0.         0.07009967 0.05393134 0.23698782 0.06057586
 0.04983389 0.1627907  0.19490587 0.20044297 0.15836102 0.
 0.35991141 0.09379845 0.         0.3654485  0.         0.1517165
 0.         0.08128461 0.1406423  0.         0.15393134 0.
 0.09302326 0.17829457 0.03975637 0.10786268 0.         0.
 0.33111849 0.         0.02513843 0.20265781 0.05647841 0.24806202
 0.06788483 0.15946844 0.         0.         0.01306755 0.17607973
 0.09944629 0.         0.         0.19490587 0.         0.03122924
 0.         0.26024363 0.         0.00384275 0.02702104 0.19601329
 0.         0.20265781 0.         0.10221484 0.         0.
 0.         0.         0.         0.         0.         0.
 0.         0.         0.         0.01495017 0.30121816 0.08748616
 0.         0.         0.         0.00934662 0.         0.
 0.18272425 0.         0.         0.         0.         0.17718715
 0.18161683 0.07364341 0.08150609 0.29125138 0.33001107 0.02912514
 0.         0.15503876 0.         0.         0.         0.
 0.17054264 0.34108527 0.0496124  0.0282392  0.05027685 0.1076412
 0.         0.1055371  0.17275748 0.24473976 0.         0.11738649
 0.         0.        ]
pyseer
y_true:  [0. 0. 0. 0. 0. 0. 0. 0. 0. 0. 0. 0. 1. 1. 1. 1. 1. 1. 0. 0. 0. 0. 0. 0.
 1. 1. 1. 1. 1. 1. 1. 1. 1. 1. 1. 1. 1. 1. 1. 1. 1. 1. 0. 0. 0. 0. 0. 0.
 1. 1. 1. 1. 1. 1. 0. 0. 0. 0. 0. 0. 0. 0. 0. 0. 0. 0. 0. 0. 0. 0. 0. 0.
 0. 0. 0. 0. 0. 0. 0. 0. 0. 0. 0. 0. 0. 0. 0. 0. 0. 0. 0. 0. 0. 0. 0. 0.
 0. 0. 0. 0. 0. 0. 0. 0. 0. 0. 0. 0. 0. 0. 0. 0. 0. 0. 0. 0. 0. 0. 0. 0.
 0. 0. 0. 0. 0. 0. 0. 0. 0. 0. 0. 0. 0. 0. 0. 0. 0. 0. 0. 0. 0. 0. 0. 0.
 0. 0. 0. 0. 0. 0. 0. 0. 0. 0. 0. 0. 0. 0. 0. 0. 0. 0. 0. 0. 0. 0. 0. 0.
 0. 0. 0. 0. 0. 0. 0. 0. 0. 0. 0. 0. 0. 0. 0. 0. 0. 0. 0. 0. 0. 0. 0. 0.
 0. 0. 0. 0. 0. 0. 0. 0.]
y_pred:  [1. 0. 1. 0. 0. 1. 1. 0. 1. 0. 1. 0. 1. 1. 1. 1. 1. 0. 1. 0. 1. 1. 0. 0.
 1. 0. 1. 1. 1. 1. 1. 1. 0. 1. 1. 1. 1. 1. 1. 1. 1. 1. 1. 1. 1. 1. 1. 1.
 1. 1. 1. 1. 1. 1. 0. 1. 1. 0. 0. 0. 1. 1. 0. 0. 0. 0. 0. 0. 1. 0. 0. 0.
 0. 0. 0. 0. 0. 0. 0. 0. 0. 0. 0. 0. 1. 0. 0. 0. 0. 1. 1. 0. 0. 0. 1. 0.
 0. 0. 1. 1. 0. 0. 1. 0. 0. 1. 0. 0. 0. 0. 0. 0. 0. 0. 0. 0. 0. 0. 0. 0.
 1. 0. 0. 1. 0. 1. 0. 0. 0. 0. 0. 0. 0. 0. 0. 1. 0. 0. 0. 1. 0. 0. 0. 1.
 0. 1. 0. 0. 0. 0. 0. 0. 0. 0. 0. 0. 0. 0. 0. 0. 1. 0. 0. 0. 0. 0. 0. 0.
 1. 0. 0. 0. 0. 0. 0. 0. 0. 1. 1. 0. 0. 0. 0. 0. 0. 0. 0. 1. 0. 0. 0. 0.
 0. 0. 0. 1. 0. 0. 0. 0.]
Time taken: 25.228935956954956 seconds
Running combination 4 of 50
Fitting RandomForest...
Fitting Adaboost...
Fitting AdaBoost_2...
Fitting et...
Fitting gbc...
Fitting gbc_2...
Fitting gbc_3...
Fitting dt...
Fitting lr...
Fitting Lasso_1...
Fitting Lasso_2...
Fitting Lasso_3...
Fitting Lasso_4...
Fitting elasticnet...
VCF file created successfully.
pyseer stderr:  Read 1000 phenotypes
Detected continuous phenotype
Reading all variants

0variants [00:00, ?variants/s]
56variants [00:00, 554.97variants/s]
112variants [00:00, 483.79variants/s]
168variants [00:00, 515.52variants/s]
198variants [00:00, 519.66variants/s]
Applying correlation filtering

  0%|          | 0/198 [00:00<?, ?variants/s]
100%|██████████| 198/198 [00:00<00:00, 2680.73variants/s]
Fitting elastic net to top 148 variants
Best penalty (lambda) from cross-validation: 1.36E+01
Best R^2 from cross-validation: 0.544
Finding and printing selected variants
198 loaded variants
50 pre-filtered variants
148 tested variants
134 printed variants

True importance standardized:  [0.28446515 0.28446515 0.28446515 0.28446515 0.28446515 0.28446515
 0.21580222 0.21580222 0.21580222 0.21580222 0.21580222 0.21580222
 0.52475354 0.52475354 0.52475354 0.52475354 0.52475354 0.52475354
 0.94555401 0.94555401 0.94555401 0.94555401 0.94555401 0.94555401
 0.83818043 0.83818043 0.83818043 0.83818043 0.83818043 0.83818043
 0.3828506  0.3828506  0.3828506  0.3828506  0.3828506  0.3828506
 0.97330178 0.97330178 0.97330178 0.97330178 0.97330178 0.97330178
 0.2144662  0.2144662  0.2144662  0.2144662  0.2144662  0.2144662
 0.47678795 0.47678795 0.47678795 0.47678795 0.47678795 0.47678795
 1.         1.         1.         1.         1.         1.
 0.         0.         0.         0.         0.         0.
 0.         0.         0.         0.         0.         0.
 0.         0.         0.         0.         0.         0.
 0.         0.         0.         0.         0.         0.
 0.         0.         0.         0.         0.         0.
 0.         0.         0.         0.         0.         0.
 0.         0.         0.         0.         0.         0.
 0.         0.         0.         0.         0.         0.
 0.         0.         0.         0.         0.         0.
 0.         0.         0.         0.         0.         0.
 0.         0.         0.         0.         0.         0.
 0.         0.         0.         0.         0.         0.
 0.         0.         0.         0.         0.         0.
 0.         0.         0.         0.         0.         0.
 0.         0.         0.         0.         0.         0.
 0.         0.         0.         0.         0.         0.
 0.         0.         0.         0.         0.         0.
 0.         0.         0.         0.         0.         0.
 0.         0.         0.         0.         0.         0.
 0.         0.         0.         0.         0.         0.
 0.         0.         0.         0.         0.         0.
 0.         0.         0.         0.         0.         0.
 0.         0.         0.         0.         0.         0.
 0.         0.        ]
Normalized importance:  [0.02967775 0.         0.02967775 0.02967775 0.         0.
 0.02076965 0.         0.02076965 0.         0.         0.02076965
 0.22245784 0.22245784 0.22245784 0.22245784 0.22245784 0.22245784
 0.8069253  0.8069253  0.8069253  0.8069253  0.8069253  0.8069253
 0.68542946 0.68542946 0.68542946 0.68542946 0.68542946 0.68542946
 0.07730254 0.07730254 0.07730254 0.07730254 0.07730254 0.07730254
 0.73152352 0.73152352 0.73152352 0.73152352 0.73152352 0.73152352
 0.03502407 0.         0.         0.         0.         0.03502407
 0.21424348 0.21424348 0.21424348 0.21424348 0.21424348 0.21424348
 1.         1.         1.         1.         1.         1.
 0.         0.         0.         0.         0.         0.
 0.         0.         0.         0.02376454 0.         0.
 0.         0.         0.         0.         0.         0.
 0.01343359 0.         0.01251818 0.         0.         0.
 0.         0.         0.         0.         0.         0.
 0.         0.         0.         0.         0.         0.
 0.         0.         0.         0.         0.         0.
 0.         0.         0.         0.01956716 0.         0.
 0.         0.         0.         0.         0.         0.
 0.         0.         0.         0.         0.         0.
 0.         0.         0.         0.         0.         0.
 0.         0.         0.         0.         0.         0.
 0.         0.         0.         0.         0.         0.
 0.         0.         0.         0.0562893  0.         0.
 0.         0.         0.03870955 0.         0.         0.
 0.         0.         0.         0.         0.         0.
 0.         0.         0.         0.         0.         0.
 0.         0.         0.         0.         0.         0.
 0.         0.         0.         0.         0.         0.
 0.         0.         0.         0.         0.         0.
 0.01710065 0.         0.         0.         0.         0.
 0.         0.         0.         0.         0.         0.
 0.         0.         0.         0.         0.         0.
 0.         0.        ]
deepbreaks
y_true:  [0. 0. 0. 0. 0. 0. 0. 0. 0. 0. 0. 0. 1. 1. 1. 1. 1. 1. 1. 1. 1. 1. 1. 1.
 1. 1. 1. 1. 1. 1. 0. 0. 0. 0. 0. 0. 1. 1. 1. 1. 1. 1. 0. 0. 0. 0. 0. 0.
 0. 0. 0. 0. 0. 0. 1. 1. 1. 1. 1. 1. 0. 0. 0. 0. 0. 0. 0. 0. 0. 0. 0. 0.
 0. 0. 0. 0. 0. 0. 0. 0. 0. 0. 0. 0. 0. 0. 0. 0. 0. 0. 0. 0. 0. 0. 0. 0.
 0. 0. 0. 0. 0. 0. 0. 0. 0. 0. 0. 0. 0. 0. 0. 0. 0. 0. 0. 0. 0. 0. 0. 0.
 0. 0. 0. 0. 0. 0. 0. 0. 0. 0. 0. 0. 0. 0. 0. 0. 0. 0. 0. 0. 0. 0. 0. 0.
 0. 0. 0. 0. 0. 0. 0. 0. 0. 0. 0. 0. 0. 0. 0. 0. 0. 0. 0. 0. 0. 0. 0. 0.
 0. 0. 0. 0. 0. 0. 0. 0. 0. 0. 0. 0. 0. 0. 0. 0. 0. 0. 0. 0. 0. 0. 0. 0.
 0. 0. 0. 0. 0. 0. 0. 0.]
y_pred:  [0. 0. 0. 0. 0. 0. 0. 0. 0. 0. 0. 0. 1. 1. 1. 1. 1. 1. 1. 1. 1. 1. 1. 1.
 1. 1. 1. 1. 1. 1. 0. 0. 0. 0. 0. 0. 1. 1. 1. 1. 1. 1. 0. 0. 0. 0. 0. 0.
 0. 0. 0. 0. 0. 0. 1. 1. 1. 1. 1. 1. 0. 0. 0. 0. 0. 0. 0. 0. 0. 0. 0. 0.
 0. 0. 0. 0. 0. 0. 0. 0. 0. 0. 0. 0. 0. 0. 0. 0. 0. 0. 0. 0. 0. 0. 0. 0.
 0. 0. 0. 0. 0. 0. 0. 0. 0. 0. 0. 0. 0. 0. 0. 0. 0. 0. 0. 0. 0. 0. 0. 0.
 0. 0. 0. 0. 0. 0. 0. 0. 0. 0. 0. 0. 0. 0. 0. 0. 0. 0. 0. 0. 0. 0. 0. 0.
 0. 0. 0. 0. 0. 0. 0. 0. 0. 0. 0. 0. 0. 0. 0. 0. 0. 0. 0. 0. 0. 0. 0. 0.
 0. 0. 0. 0. 0. 0. 0. 0. 0. 0. 0. 0. 0. 0. 0. 0. 0. 0. 0. 0. 0. 0. 0. 0.
 0. 0. 0. 0. 0. 0. 0. 0.]
Normalized importance:  [1.13177160e-01 3.25036603e-03 1.26793558e-01 2.21083455e-01
 0.00000000e+00 0.00000000e+00 7.64275256e-02 4.68521230e-03
 3.30893119e-01 1.93265007e-02 0.00000000e+00 2.53294290e-01
 3.23572474e-01 1.71303075e-01 3.85065886e-01 2.43045388e-01
 3.20644217e-01 1.12152269e-01 7.99414348e-01 3.80673499e-01
 4.04099561e-01 4.31918009e-01 2.50366032e-01 4.28989751e-01
 6.96925329e-01 4.40702782e-01 3.17715959e-01 4.87554905e-01
 3.10395315e-01 1.53733529e-01 1.12005857e-01 2.44509517e-01
 2.06442167e-01 9.13616398e-02 3.32357247e-01 1.62518302e-01
 7.89165447e-01 2.62079063e-01 3.52855051e-01 4.36310395e-01
 3.30893119e-01 4.21669107e-01 1.66910688e-01 8.97510981e-02
 2.31332357e-02 1.61054173e-01 1.84480234e-02 2.79648609e-01
 3.35285505e-01 1.32503660e-01 2.25475842e-01 5.82723280e-01
 2.12298682e-01 0.00000000e+00 1.00000000e+00 3.55783309e-01
 2.04978038e-01 3.04538799e-01 4.75841874e-01 5.34407028e-01
 0.00000000e+00 1.38213763e-01 0.00000000e+00 0.00000000e+00
 0.00000000e+00 1.94729136e-01 0.00000000e+00 1.15373353e-01
 1.41142020e-01 2.28404100e-01 0.00000000e+00 6.17862372e-02
 0.00000000e+00 7.87701318e-03 1.06442167e-01 2.24011713e-02
 0.00000000e+00 0.00000000e+00 2.00585652e-01 6.09077599e-02
 1.87408492e-01 0.00000000e+00 1.09663250e-01 0.00000000e+00
 2.07906296e-01 1.58125915e-01 1.71303075e-01 1.74231332e-01
 0.00000000e+00 2.72327965e-02 1.74231332e-01 9.75109810e-02
 1.11420205e-01 0.00000000e+00 1.08199122e-02 0.00000000e+00
 1.23279649e-01 1.43045388e-01 0.00000000e+00 0.00000000e+00
 1.88872621e-01 2.28404100e-01 0.00000000e+00 0.00000000e+00
 0.00000000e+00 3.70424597e-01 0.00000000e+00 0.00000000e+00
 1.30161054e-01 0.00000000e+00 0.00000000e+00 0.00000000e+00
 0.00000000e+00 7.43777452e-02 1.49341142e-01 0.00000000e+00
 1.77159590e-01 0.00000000e+00 8.44802343e-02 2.76720351e-02
 1.65446559e-01 2.40117130e-01 2.75256223e-01 3.35285505e-01
 2.57686676e-01 8.52122987e-02 1.03660322e-01 0.00000000e+00
 0.00000000e+00 0.00000000e+00 0.00000000e+00 0.00000000e+00
 0.00000000e+00 0.00000000e+00 6.47144949e-03 0.00000000e+00
 1.32210835e-01 1.31478770e-01 0.00000000e+00 8.56515373e-04
 0.00000000e+00 3.06002928e-01 0.00000000e+00 0.00000000e+00
 2.81112738e-01 0.00000000e+00 1.29868228e-01 0.00000000e+00
 1.16251830e-01 0.00000000e+00 1.59590044e-01 1.00585652e-01
 3.22108346e-03 0.00000000e+00 0.00000000e+00 0.00000000e+00
 7.62811127e-02 1.99121523e-01 0.00000000e+00 0.00000000e+00
 0.00000000e+00 1.19619327e-01 4.48023426e-02 0.00000000e+00
 1.35139092e-01 1.84480234e-01 9.69253294e-02 2.60614934e-01
 2.91361640e-01 1.91800878e-01 1.90336750e-01 0.00000000e+00
 0.00000000e+00 1.52269400e-01 2.81112738e-01 0.00000000e+00
 0.00000000e+00 4.09956076e-03 0.00000000e+00 3.89458272e-02
 1.99121523e-01 0.00000000e+00 1.80087848e-02 1.91800878e-01
 0.00000000e+00 0.00000000e+00 1.25329429e-01 8.98975110e-02
 1.41434846e-01 1.05563690e-01 2.59150805e-01 0.00000000e+00
 1.75695461e-01 0.00000000e+00 3.74816984e-02 8.77013177e-02
 1.23718887e-01 0.00000000e+00 0.00000000e+00 0.00000000e+00]
pyseer
y_true:  [0. 0. 0. 0. 0. 0. 0. 0. 0. 0. 0. 0. 1. 1. 1. 1. 1. 1. 1. 1. 1. 1. 1. 1.
 1. 1. 1. 1. 1. 1. 0. 0. 0. 0. 0. 0. 1. 1. 1. 1. 1. 1. 0. 0. 0. 0. 0. 0.
 0. 0. 0. 0. 0. 0. 1. 1. 1. 1. 1. 1. 0. 0. 0. 0. 0. 0. 0. 0. 0. 0. 0. 0.
 0. 0. 0. 0. 0. 0. 0. 0. 0. 0. 0. 0. 0. 0. 0. 0. 0. 0. 0. 0. 0. 0. 0. 0.
 0. 0. 0. 0. 0. 0. 0. 0. 0. 0. 0. 0. 0. 0. 0. 0. 0. 0. 0. 0. 0. 0. 0. 0.
 0. 0. 0. 0. 0. 0. 0. 0. 0. 0. 0. 0. 0. 0. 0. 0. 0. 0. 0. 0. 0. 0. 0. 0.
 0. 0. 0. 0. 0. 0. 0. 0. 0. 0. 0. 0. 0. 0. 0. 0. 0. 0. 0. 0. 0. 0. 0. 0.
 0. 0. 0. 0. 0. 0. 0. 0. 0. 0. 0. 0. 0. 0. 0. 0. 0. 0. 0. 0. 0. 0. 0. 0.
 0. 0. 0. 0. 0. 0. 0. 0.]
y_pred:  [0. 0. 0. 1. 0. 0. 0. 0. 1. 0. 0. 1. 1. 1. 1. 1. 1. 0. 1. 1. 1. 1. 1. 1.
 1. 1. 1. 1. 1. 0. 0. 1. 1. 0. 1. 0. 1. 1. 1. 1. 1. 1. 0. 0. 0. 0. 0. 1.
 1. 0. 1. 1. 1. 0. 1. 1. 1. 1. 1. 1. 0. 0. 0. 0. 0. 1. 0. 0. 0. 1. 0. 0.
 0. 0. 0. 0. 0. 0. 1. 0. 1. 0. 0. 0. 1. 0. 1. 1. 0. 0. 1. 0. 0. 0. 0. 0.
 0. 0. 0. 0. 1. 1. 0. 0. 0. 1. 0. 0. 0. 0. 0. 0. 0. 0. 0. 0. 1. 0. 0. 0.
 0. 1. 1. 1. 1. 0. 0. 0. 0. 0. 0. 0. 0. 0. 0. 0. 0. 0. 0. 0. 0. 1. 0. 0.
 1. 0. 0. 0. 0. 0. 0. 0. 0. 0. 0. 0. 0. 1. 0. 0. 0. 0. 0. 0. 0. 1. 0. 1.
 1. 1. 1. 0. 0. 0. 1. 0. 0. 0. 0. 0. 1. 0. 0. 1. 0. 0. 0. 0. 0. 0. 1. 0.
 1. 0. 0. 0. 0. 0. 0. 0.]
Time taken: 23.77228093147278 seconds
Running combination 5 of 50
Fitting RandomForest...
Fitting Adaboost...
Fitting AdaBoost_2...
Fitting et...
Fitting gbc...
Fitting gbc_2...
Fitting gbc_3...
Fitting dt...
Fitting lr...
Fitting Lasso_1...
Fitting Lasso_2...
Fitting Lasso_3...
Fitting Lasso_4...
Fitting elasticnet...
VCF file created successfully.
pyseer stderr:  Read 1000 phenotypes
Detected continuous phenotype
Reading all variants

0variants [00:00, ?variants/s]
52variants [00:00, 514.01variants/s]
104variants [00:00, 464.69variants/s]
160variants [00:00, 501.76variants/s]
198variants [00:00, 505.76variants/s]
Applying correlation filtering

  0%|          | 0/198 [00:00<?, ?variants/s]
100%|██████████| 198/198 [00:00<00:00, 2686.40variants/s]
Fitting elastic net to top 148 variants
Best penalty (lambda) from cross-validation: 2.58E+01
Best R^2 from cross-validation: 0.521
Finding and printing selected variants
198 loaded variants
50 pre-filtered variants
148 tested variants
139 printed variants

True importance standardized:  [0.60898169 0.60898169 0.60898169 0.60898169 0.60898169 0.60898169
 0.21708127 0.21708127 0.21708127 0.21708127 0.21708127 0.21708127
 0.61884388 0.61884388 0.61884388 0.61884388 0.61884388 0.61884388
 0.22264004 0.22264004 0.22264004 0.22264004 0.22264004 0.22264004
 0.96727045 0.96727045 0.96727045 0.96727045 0.96727045 0.96727045
 0.69652333 0.69652333 0.69652333 0.69652333 0.69652333 0.69652333
 0.22676054 0.22676054 0.22676054 0.22676054 0.22676054 0.22676054
 0.9453414  0.9453414  0.9453414  0.9453414  0.9453414  0.9453414
 1.         1.         1.         1.         1.         1.
 0.65065245 0.65065245 0.65065245 0.65065245 0.65065245 0.65065245
 0.         0.         0.         0.         0.         0.
 0.         0.         0.         0.         0.         0.
 0.         0.         0.         0.         0.         0.
 0.         0.         0.         0.         0.         0.
 0.         0.         0.         0.         0.         0.
 0.         0.         0.         0.         0.         0.
 0.         0.         0.         0.         0.         0.
 0.         0.         0.         0.         0.         0.
 0.         0.         0.         0.         0.         0.
 0.         0.         0.         0.         0.         0.
 0.         0.         0.         0.         0.         0.
 0.         0.         0.         0.         0.         0.
 0.         0.         0.         0.         0.         0.
 0.         0.         0.         0.         0.         0.
 0.         0.         0.         0.         0.         0.
 0.         0.         0.         0.         0.         0.
 0.         0.         0.         0.         0.         0.
 0.         0.         0.         0.         0.         0.
 0.         0.         0.         0.         0.         0.
 0.         0.         0.         0.         0.         0.
 0.         0.         0.         0.         0.         0.
 0.         0.         0.         0.         0.         0.
 0.         0.         0.         0.         0.         0.
 0.         0.        ]
Normalized importance:  [0.62790404 0.62790404 0.62790404 0.62790404 0.62790404 0.62790404
 0.         0.         0.         0.         0.         0.
 0.40567932 0.40567932 0.40567932 0.40567932 0.40567932 0.40567932
 0.04352104 0.04352104 0.         0.04352104 0.         0.04352104
 0.84338393 0.84338393 0.84338393 0.84338393 0.84338393 0.84338393
 0.73679923 0.73679923 0.73679923 0.73679923 0.73679923 0.73679923
 0.05343774 0.05343774 0.         0.         0.         0.
 0.94321978 0.94321978 0.94321978 0.94321978 0.94321978 0.94321978
 1.         1.         1.         1.         1.         1.
 0.52192239 0.52192239 0.52192239 0.52192239 0.52192239 0.52192239
 0.         0.         0.         0.         0.         0.
 0.         0.0233123  0.         0.         0.         0.
 0.         0.         0.         0.         0.         0.
 0.         0.         0.01852046 0.         0.         0.
 0.         0.         0.         0.         0.         0.031758
 0.         0.         0.         0.         0.         0.
 0.         0.         0.         0.         0.         0.
 0.         0.         0.         0.         0.         0.
 0.         0.         0.         0.         0.         0.
 0.         0.         0.         0.         0.02877069 0.
 0.         0.         0.         0.         0.         0.
 0.         0.         0.         0.         0.         0.
 0.         0.         0.         0.         0.         0.
 0.         0.         0.         0.         0.         0.
 0.         0.         0.         0.         0.         0.
 0.         0.         0.         0.         0.         0.
 0.         0.         0.         0.         0.         0.
 0.0325528  0.00977676 0.         0.         0.         0.
 0.         0.05661854 0.         0.         0.         0.
 0.         0.         0.         0.         0.         0.
 0.         0.         0.         0.         0.         0.
 0.         0.         0.         0.         0.         0.
 0.         0.         0.         0.         0.         0.
 0.         0.        ]
deepbreaks
y_true:  [0. 0. 0. 0. 0. 0. 0. 0. 0. 0. 0. 0. 0. 0. 0. 0. 0. 0. 0. 0. 0. 0. 0. 0.
 1. 1. 1. 1. 1. 1. 1. 1. 1. 1. 1. 1. 0. 0. 0. 0. 0. 0. 1. 1. 1. 1. 1. 1.
 1. 1. 1. 1. 1. 1. 1. 1. 1. 1. 1. 1. 0. 0. 0. 0. 0. 0. 0. 0. 0. 0. 0. 0.
 0. 0. 0. 0. 0. 0. 0. 0. 0. 0. 0. 0. 0. 0. 0. 0. 0. 0. 0. 0. 0. 0. 0. 0.
 0. 0. 0. 0. 0. 0. 0. 0. 0. 0. 0. 0. 0. 0. 0. 0. 0. 0. 0. 0. 0. 0. 0. 0.
 0. 0. 0. 0. 0. 0. 0. 0. 0. 0. 0. 0. 0. 0. 0. 0. 0. 0. 0. 0. 0. 0. 0. 0.
 0. 0. 0. 0. 0. 0. 0. 0. 0. 0. 0. 0. 0. 0. 0. 0. 0. 0. 0. 0. 0. 0. 0. 0.
 0. 0. 0. 0. 0. 0. 0. 0. 0. 0. 0. 0. 0. 0. 0. 0. 0. 0. 0. 0. 0. 0. 0. 0.
 0. 0. 0. 0. 0. 0. 0. 0.]
y_pred:  [1. 1. 1. 1. 1. 1. 0. 0. 0. 0. 0. 0. 0. 0. 0. 0. 0. 0. 0. 0. 0. 0. 0. 0.
 1. 1. 1. 1. 1. 1. 1. 1. 1. 1. 1. 1. 0. 0. 0. 0. 0. 0. 1. 1. 1. 1. 1. 1.
 1. 1. 1. 1. 1. 1. 0. 0. 0. 0. 0. 0. 0. 0. 0. 0. 0. 0. 0. 0. 0. 0. 0. 0.
 0. 0. 0. 0. 0. 0. 0. 0. 0. 0. 0. 0. 0. 0. 0. 0. 0. 0. 0. 0. 0. 0. 0. 0.
 0. 0. 0. 0. 0. 0. 0. 0. 0. 0. 0. 0. 0. 0. 0. 0. 0. 0. 0. 0. 0. 0. 0. 0.
 0. 0. 0. 0. 0. 0. 0. 0. 0. 0. 0. 0. 0. 0. 0. 0. 0. 0. 0. 0. 0. 0. 0. 0.
 0. 0. 0. 0. 0. 0. 0. 0. 0. 0. 0. 0. 0. 0. 0. 0. 0. 0. 0. 0. 0. 0. 0. 0.
 0. 0. 0. 0. 0. 0. 0. 0. 0. 0. 0. 0. 0. 0. 0. 0. 0. 0. 0. 0. 0. 0. 0. 0.
 0. 0. 0. 0. 0. 0. 0. 0.]
Normalized importance:  [0.7258567  0.45067497 0.37798546 0.2357217  0.41225337 0.
 0.18380062 0.02762201 0.02004154 0.10311526 0.18483904 0.03478712
 0.65109034 0.60643821 0.08909657 0.31464174 0.09034268 0.32502596
 0.31568017 0.21287643 0.13811007 0.03468328 0.         0.33021807
 0.97819315 0.48494289 0.49221184 0.28245067 0.49013499 0.50986501
 0.88888889 0.2450675  0.49013499 0.33125649 0.30841121 0.12253375
 0.35721703 0.18691589 0.         0.1152648  0.02606438 0.01879543
 1.         0.34475597 0.66666667 0.1973001  0.54101765 0.2596054
 0.82969886 0.34994808 0.48598131 0.43198339 0.69158879 0.58047767
 0.5192108  0.45794393 0.37279335 0.11007269 0.34371755 0.4423676
 0.         0.14745587 0.         0.         0.         0.2357217
 0.10488058 0.39979232 0.         0.         0.         0.10695742
 0.2305296  0.         0.15991693 0.         0.06292835 0.13499481
 0.         0.01246106 0.08961578 0.         0.         0.19937695
 0.         0.27102804 0.01879543 0.26791277 0.16510903 0.27933541
 0.00318795 0.         0.21391485 0.04953271 0.         0.11214953
 0.         0.19626168 0.11630322 0.12564901 0.21287643 0.
 0.34994808 0.2886812  0.15472482 0.         0.         0.
 0.20353063 0.         0.10799585 0.00838006 0.         0.06396677
 0.02211838 0.         0.         0.09937695 0.29075805 0.
 0.         0.         0.         0.15991693 0.0357217  0.
 0.04195223 0.03541018 0.         0.         0.         0.26791277
 0.         0.         0.0067082  0.33125649 0.         0.09096573
 0.         0.21495327 0.         0.         0.37071651 0.
 0.         0.         0.23883697 0.17860852 0.17549325 0.07061267
 0.         0.23468328 0.         0.         0.18380062 0.
 0.10488058 0.11007269 0.12876428 0.22222222 0.         0.
 0.19314642 0.14122534 0.         0.06614746 0.36863967 0.
 0.         0.43406023 0.02004154 0.23987539 0.23676012 0.06697819
 0.05638629 0.16407061 0.         0.04724818 0.12668744 0.39356179
 0.         0.11318795 0.00673936 0.         0.19937695 0.13811007
 0.07268951 0.         0.05586708 0.         0.2741433  0.07320872
 0.22741433 0.         0.02751817 0.09003115 0.19106957 0.09626168
 0.         0.        ]
pyseer
y_true:  [0. 0. 0. 0. 0. 0. 0. 0. 0. 0. 0. 0. 0. 0. 0. 0. 0. 0. 0. 0. 0. 0. 0. 0.
 1. 1. 1. 1. 1. 1. 1. 1. 1. 1. 1. 1. 0. 0. 0. 0. 0. 0. 1. 1. 1. 1. 1. 1.
 1. 1. 1. 1. 1. 1. 1. 1. 1. 1. 1. 1. 0. 0. 0. 0. 0. 0. 0. 0. 0. 0. 0. 0.
 0. 0. 0. 0. 0. 0. 0. 0. 0. 0. 0. 0. 0. 0. 0. 0. 0. 0. 0. 0. 0. 0. 0. 0.
 0. 0. 0. 0. 0. 0. 0. 0. 0. 0. 0. 0. 0. 0. 0. 0. 0. 0. 0. 0. 0. 0. 0. 0.
 0. 0. 0. 0. 0. 0. 0. 0. 0. 0. 0. 0. 0. 0. 0. 0. 0. 0. 0. 0. 0. 0. 0. 0.
 0. 0. 0. 0. 0. 0. 0. 0. 0. 0. 0. 0. 0. 0. 0. 0. 0. 0. 0. 0. 0. 0. 0. 0.
 0. 0. 0. 0. 0. 0. 0. 0. 0. 0. 0. 0. 0. 0. 0. 0. 0. 0. 0. 0. 0. 0. 0. 0.
 0. 0. 0. 0. 0. 0. 0. 0.]
y_pred:  [1. 1. 1. 1. 1. 0. 0. 0. 0. 0. 0. 0. 1. 1. 0. 1. 0. 1. 1. 1. 0. 0. 0. 1.
 1. 1. 1. 1. 1. 1. 1. 1. 1. 1. 1. 0. 1. 0. 0. 0. 0. 0. 1. 1. 1. 1. 1. 1.
 1. 1. 1. 1. 1. 1. 1. 1. 1. 0. 1. 1. 0. 0. 0. 0. 0. 1. 0. 1. 0. 0. 0. 0.
 1. 0. 0. 0. 0. 0. 0. 0. 0. 0. 0. 1. 0. 1. 0. 1. 0. 1. 0. 0. 1. 0. 0. 0.
 0. 1. 0. 0. 1. 0. 1. 1. 0. 0. 0. 0. 1. 0. 0. 0. 0. 0. 0. 0. 0. 0. 1. 0.
 0. 0. 0. 0. 0. 0. 0. 0. 0. 0. 0. 1. 0. 0. 0. 1. 0. 0. 0. 1. 0. 0. 1. 0.
 0. 0. 1. 0. 0. 0. 0. 1. 0. 0. 0. 0. 0. 0. 0. 1. 0. 0. 0. 0. 0. 0. 1. 0.
 0. 1. 0. 1. 1. 0. 0. 0. 0. 0. 0. 1. 0. 0. 0. 0. 1. 0. 0. 0. 0. 0. 1. 0.
 1. 0. 0. 0. 0. 0. 0. 0.]
Time taken: 24.749040842056274 seconds
Running combination 6 of 50
Fitting RandomForest...
Fitting Adaboost...
Fitting AdaBoost_2...
Fitting et...
Fitting gbc...
Fitting gbc_2...
Fitting gbc_3...
Fitting dt...
Fitting lr...
Fitting Lasso_1...
Fitting Lasso_2...
Fitting Lasso_3...
Fitting Lasso_4...
Fitting elasticnet...
VCF file created successfully.
pyseer stderr:  Read 1000 phenotypes
Detected continuous phenotype
Reading all variants

0variants [00:00, ?variants/s]
55variants [00:00, 542.92variants/s]
110variants [00:00, 481.93variants/s]
166variants [00:00, 514.30variants/s]
198variants [00:00, 518.58variants/s]
Applying correlation filtering

  0%|          | 0/198 [00:00<?, ?variants/s]
100%|██████████| 198/198 [00:00<00:00, 2662.42variants/s]
Fitting elastic net to top 148 variants
Best penalty (lambda) from cross-validation: 1.82E+01
Best R^2 from cross-validation: 0.506
Finding and printing selected variants
198 loaded variants
50 pre-filtered variants
148 tested variants
141 printed variants

True importance standardized:  [0.54362438 0.54362438 0.54362438 0.54362438 0.54362438 0.54362438
 0.80940844 0.80940844 0.80940844 0.80940844 0.80940844 0.80940844
 0.61674317 0.61674317 0.61674317 0.61674317 0.61674317 0.61674317
 0.55306495 0.55306495 0.55306495 0.55306495 0.55306495 0.55306495
 0.98375417 0.98375417 0.98375417 0.98375417 0.98375417 0.98375417
 0.9309928  0.9309928  0.9309928  0.9309928  0.9309928  0.9309928
 0.33457037 0.33457037 0.33457037 0.33457037 0.33457037 0.33457037
 1.         1.         1.         1.         1.         1.
 0.232147   0.232147   0.232147   0.232147   0.232147   0.232147
 0.24167766 0.24167766 0.24167766 0.24167766 0.24167766 0.24167766
 0.         0.         0.         0.         0.         0.
 0.         0.         0.         0.         0.         0.
 0.         0.         0.         0.         0.         0.
 0.         0.         0.         0.         0.         0.
 0.         0.         0.         0.         0.         0.
 0.         0.         0.         0.         0.         0.
 0.         0.         0.         0.         0.         0.
 0.         0.         0.         0.         0.         0.
 0.         0.         0.         0.         0.         0.
 0.         0.         0.         0.         0.         0.
 0.         0.         0.         0.         0.         0.
 0.         0.         0.         0.         0.         0.
 0.         0.         0.         0.         0.         0.
 0.         0.         0.         0.         0.         0.
 0.         0.         0.         0.         0.         0.
 0.         0.         0.         0.         0.         0.
 0.         0.         0.         0.         0.         0.
 0.         0.         0.         0.         0.         0.
 0.         0.         0.         0.         0.         0.
 0.         0.         0.         0.         0.         0.
 0.         0.         0.         0.         0.         0.
 0.         0.         0.         0.         0.         0.
 0.         0.         0.         0.         0.         0.
 0.         0.        ]
Normalized importance:  [0.42377868 0.42377868 0.42377868 0.42377868 0.42377868 0.42377868
 1.         1.         1.         1.         1.         1.
 0.95175798 0.95175798 0.95175798 0.95175798 0.95175798 0.95175798
 0.38928189 0.38928189 0.38928189 0.38928189 0.38928189 0.38928189
 0.99907841 0.99907841 0.99907841 0.99907841 0.99907841 0.99907841
 0.94271808 0.94271808 0.94271808 0.94271808 0.94271808 0.94271808
 0.21500584 0.21500584 0.21500584 0.21500584 0.21500584 0.21500584
 0.99146848 0.99146848 0.99146848 0.99146848 0.99146848 0.99146848
 0.41028882 0.         0.41028882 0.41028882 0.         0.41028882
 0.         0.         0.12035398 0.         0.         0.16344039
 0.         0.         0.         0.15003187 0.         0.
 0.         0.         0.         0.1107282  0.         0.
 0.13887542 0.1916373  0.13703267 0.         0.         0.
 0.         0.         0.10598555 0.         0.         0.
 0.         0.07704568 0.         0.         0.         0.
 0.         0.         0.         0.         0.         0.
 0.         0.         0.         0.         0.         0.25362002
 0.10041717 0.1280358  0.         0.         0.         0.16686844
 0.         0.         0.         0.         0.         0.
 0.         0.         0.         0.09293164 0.         0.
 0.         0.         0.         0.         0.         0.
 0.         0.15180098 0.         0.         0.         0.
 0.         0.         0.10139433 0.         0.         0.
 0.         0.         0.         0.         0.         0.
 0.         0.         0.         0.         0.         0.
 0.         0.         0.         0.         0.         0.
 0.         0.         0.         0.         0.         0.
 0.         0.         0.         0.         0.         0.
 0.         0.         0.         0.         0.         0.
 0.         0.21458717 0.         0.         0.         0.16760329
 0.         0.         0.         0.         0.         0.
 0.         0.         0.         0.         0.12665112 0.
 0.         0.         0.         0.         0.         0.
 0.         0.        ]
deepbreaks
y_true:  [0. 0. 0. 0. 0. 0. 1. 1. 1. 1. 1. 1. 1. 1. 1. 1. 1. 1. 0. 0. 0. 0. 0. 0.
 1. 1. 1. 1. 1. 1. 1. 1. 1. 1. 1. 1. 0. 0. 0. 0. 0. 0. 1. 1. 1. 1. 1. 1.
 0. 0. 0. 0. 0. 0. 0. 0. 0. 0. 0. 0. 0. 0. 0. 0. 0. 0. 0. 0. 0. 0. 0. 0.
 0. 0. 0. 0. 0. 0. 0. 0. 0. 0. 0. 0. 0. 0. 0. 0. 0. 0. 0. 0. 0. 0. 0. 0.
 0. 0. 0. 0. 0. 0. 0. 0. 0. 0. 0. 0. 0. 0. 0. 0. 0. 0. 0. 0. 0. 0. 0. 0.
 0. 0. 0. 0. 0. 0. 0. 0. 0. 0. 0. 0. 0. 0. 0. 0. 0. 0. 0. 0. 0. 0. 0. 0.
 0. 0. 0. 0. 0. 0. 0. 0. 0. 0. 0. 0. 0. 0. 0. 0. 0. 0. 0. 0. 0. 0. 0. 0.
 0. 0. 0. 0. 0. 0. 0. 0. 0. 0. 0. 0. 0. 0. 0. 0. 0. 0. 0. 0. 0. 0. 0. 0.
 0. 0. 0. 0. 0. 0. 0. 0.]
y_pred:  [1. 1. 1. 1. 1. 1. 1. 1. 1. 1. 1. 1. 1. 1. 1. 1. 1. 1. 0. 0. 0. 0. 0. 0.
 1. 1. 1. 1. 1. 1. 1. 1. 1. 1. 1. 1. 0. 0. 0. 0. 0. 0. 1. 1. 1. 1. 1. 1.
 0. 0. 0. 0. 0. 0. 0. 0. 0. 0. 0. 0. 0. 0. 0. 0. 0. 0. 0. 0. 0. 0. 0. 0.
 0. 0. 0. 0. 0. 0. 0. 0. 0. 0. 0. 0. 0. 0. 0. 0. 0. 0. 0. 0. 0. 0. 0. 0.
 0. 0. 0. 0. 0. 0. 0. 0. 0. 0. 0. 0. 0. 0. 0. 0. 0. 0. 0. 0. 0. 0. 0. 0.
 0. 0. 0. 0. 0. 0. 0. 0. 0. 0. 0. 0. 0. 0. 0. 0. 0. 0. 0. 0. 0. 0. 0. 0.
 0. 0. 0. 0. 0. 0. 0. 0. 0. 0. 0. 0. 0. 0. 0. 0. 0. 0. 0. 0. 0. 0. 0. 0.
 0. 0. 0. 0. 0. 0. 0. 0. 0. 0. 0. 0. 0. 0. 0. 0. 0. 0. 0. 0. 0. 0. 0. 0.
 0. 0. 0. 0. 0. 0. 0. 0.]
Normalized importance:  [4.63714637e-01 3.03813038e-01 4.58794588e-03 1.94341943e-01
 6.33456335e-02 4.05904059e-01 5.71955720e-01 4.04674047e-01
 3.50553506e-01 4.84624846e-01 4.26814268e-01 4.13284133e-01
 7.34317343e-01 2.81672817e-01 1.45141451e-01 3.82533825e-01
 2.01722017e-01 2.49692497e-01 5.15375154e-01 6.60516605e-01
 1.57441574e-01 2.15252153e-02 1.27921279e-01 1.96801968e-01
 8.99138991e-01 3.24723247e-01 2.18942189e-01 2.80442804e-01
 7.74907749e-01 4.30504305e-01 7.93357934e-01 2.01722017e-01
 4.51414514e-01 2.81672817e-01 3.96063961e-01 4.44034440e-01
 2.57072571e-01 1.14883149e-01 4.08364084e-01 0.00000000e+00
 3.07503075e-02 1.74661747e-01 1.00000000e+00 1.35301353e-01
 4.04674047e-01 3.66543665e-01 6.60516605e-01 2.52152522e-01
 1.74661747e-01 0.00000000e+00 3.43173432e-01 9.97539975e-02
 4.00984010e-02 1.82041820e-01 0.00000000e+00 7.45387454e-02
 6.83886839e-02 9.60639606e-02 9.69249692e-02 3.98523985e-01
 1.89421894e-01 0.00000000e+00 1.26691267e-01 4.60024600e-01
 1.22386224e-01 0.00000000e+00 0.00000000e+00 1.12792128e-01
 1.40221402e-01 1.82041820e-01 1.26691267e-01 1.80811808e-01
 1.57441574e-01 2.73062731e-01 1.24231242e-01 7.93357934e-02
 1.66051661e-01 0.00000000e+00 1.82041820e-01 0.00000000e+00
 1.54981550e-01 1.27921279e-01 9.65559656e-02 9.38499385e-02
 0.00000000e+00 2.18942189e-01 5.41205412e-02 2.25092251e-01
 8.05658057e-02 0.00000000e+00 1.10086101e-02 0.00000000e+00
 0.00000000e+00 0.00000000e+00 5.11685117e-02 3.16113161e-02
 2.68142681e-01 7.01107011e-03 5.03075031e-02 0.00000000e+00
 0.00000000e+00 5.27675277e-01 2.80442804e-01 1.75891759e-01
 6.34686347e-03 0.00000000e+00 0.00000000e+00 1.48831488e-01
 0.00000000e+00 3.22263223e-01 0.00000000e+00 6.50676507e-02
 0.00000000e+00 0.00000000e+00 6.30996310e-02 9.45879459e-02
 2.46002460e-01 2.61992620e-01 6.58056581e-02 0.00000000e+00
 3.43173432e-01 0.00000000e+00 0.00000000e+00 8.86838868e-02
 1.52521525e-01 1.85731857e-01 1.57441574e-04 1.20541205e-01
 1.12546125e-01 0.00000000e+00 2.16482165e-01 0.00000000e+00
 3.49323493e-02 1.22386224e-01 7.53997540e-02 8.68388684e-02
 0.00000000e+00 1.38991390e-01 0.00000000e+00 2.47232472e-01
 1.56211562e-02 0.00000000e+00 5.68265683e-03 1.84501845e-01
 0.00000000e+00 0.00000000e+00 0.00000000e+00 0.00000000e+00
 3.92373924e-03 6.35916359e-02 0.00000000e+00 0.00000000e+00
 0.00000000e+00 0.00000000e+00 2.42312423e-01 0.00000000e+00
 2.17712177e-01 6.88806888e-02 4.28044280e-02 0.00000000e+00
 1.67281673e-01 4.67404674e-02 0.00000000e+00 7.61377614e-02
 0.00000000e+00 0.00000000e+00 0.00000000e+00 1.07626076e-02
 1.98031980e-01 2.44772448e-04 0.00000000e+00 0.00000000e+00
 1.63591636e-01 0.00000000e+00 0.00000000e+00 3.83763838e-01
 1.19311193e-01 2.16482165e-01 0.00000000e+00 3.08733087e-01
 0.00000000e+00 0.00000000e+00 9.66789668e-02 1.99261993e-01
 4.62484625e-02 0.00000000e+00 1.07503075e-01 0.00000000e+00
 9.26199262e-02 0.00000000e+00 7.60147601e-02 0.00000000e+00
 0.00000000e+00 4.87084871e-02 0.00000000e+00 9.39729397e-02
 0.00000000e+00 8.33948339e-02 0.00000000e+00 0.00000000e+00]
pyseer
y_true:  [0. 0. 0. 0. 0. 0. 1. 1. 1. 1. 1. 1. 1. 1. 1. 1. 1. 1. 0. 0. 0. 0. 0. 0.
 1. 1. 1. 1. 1. 1. 1. 1. 1. 1. 1. 1. 0. 0. 0. 0. 0. 0. 1. 1. 1. 1. 1. 1.
 0. 0. 0. 0. 0. 0. 0. 0. 0. 0. 0. 0. 0. 0. 0. 0. 0. 0. 0. 0. 0. 0. 0. 0.
 0. 0. 0. 0. 0. 0. 0. 0. 0. 0. 0. 0. 0. 0. 0. 0. 0. 0. 0. 0. 0. 0. 0. 0.
 0. 0. 0. 0. 0. 0. 0. 0. 0. 0. 0. 0. 0. 0. 0. 0. 0. 0. 0. 0. 0. 0. 0. 0.
 0. 0. 0. 0. 0. 0. 0. 0. 0. 0. 0. 0. 0. 0. 0. 0. 0. 0. 0. 0. 0. 0. 0. 0.
 0. 0. 0. 0. 0. 0. 0. 0. 0. 0. 0. 0. 0. 0. 0. 0. 0. 0. 0. 0. 0. 0. 0. 0.
 0. 0. 0. 0. 0. 0. 0. 0. 0. 0. 0. 0. 0. 0. 0. 0. 0. 0. 0. 0. 0. 0. 0. 0.
 0. 0. 0. 0. 0. 0. 0. 0.]
y_pred:  [1. 1. 0. 1. 0. 1. 1. 1. 1. 1. 1. 1. 1. 1. 0. 1. 1. 1. 1. 1. 0. 0. 0. 1.
 1. 1. 1. 1. 1. 1. 1. 1. 1. 1. 1. 1. 1. 0. 1. 0. 0. 1. 1. 0. 1. 1. 1. 1.
 1. 0. 1. 0. 0. 1. 0. 0. 0. 0. 0. 1. 1. 0. 0. 1. 0. 0. 0. 0. 0. 1. 0. 1.
 0. 1. 0. 0. 1. 0. 1. 0. 0. 0. 0. 0. 0. 1. 0. 1. 0. 0. 0. 0. 0. 0. 0. 0.
 1. 0. 0. 0. 0. 1. 1. 1. 0. 0. 0. 0. 0. 1. 0. 0. 0. 0. 0. 0. 1. 1. 0. 0.
 1. 0. 0. 0. 0. 1. 0. 0. 0. 0. 1. 0. 0. 0. 0. 0. 0. 0. 0. 1. 0. 0. 0. 1.
 0. 0. 0. 0. 0. 0. 0. 0. 0. 0. 1. 0. 1. 0. 0. 0. 1. 0. 0. 0. 0. 0. 0. 0.
 1. 0. 0. 0. 0. 0. 0. 1. 0. 1. 0. 1. 0. 0. 0. 1. 0. 0. 0. 0. 0. 0. 0. 0.
 0. 0. 0. 0. 0. 0. 0. 0.]
Time taken: 25.19025731086731 seconds
Running combination 7 of 50
Fitting RandomForest...
Fitting Adaboost...
Fitting AdaBoost_2...
Fitting et...
Fitting gbc...
Fitting gbc_2...
Fitting gbc_3...
Fitting dt...
Fitting lr...
Fitting Lasso_1...
Fitting Lasso_2...
Fitting Lasso_3...
Fitting Lasso_4...
Fitting elasticnet...
VCF file created successfully.
pyseer stderr:  Read 1000 phenotypes
Detected continuous phenotype
Reading all variants

0variants [00:00, ?variants/s]
56variants [00:00, 556.71variants/s]
112variants [00:00, 486.87variants/s]
168variants [00:00, 517.53variants/s]
198variants [00:00, 521.76variants/s]
Applying correlation filtering

  0%|          | 0/198 [00:00<?, ?variants/s]
100%|██████████| 198/198 [00:00<00:00, 2687.47variants/s]
Fitting elastic net to top 148 variants
Best penalty (lambda) from cross-validation: 2.94E+01
Best R^2 from cross-validation: 0.400
Finding and printing selected variants
198 loaded variants
50 pre-filtered variants
148 tested variants
140 printed variants

True importance standardized:  [0.92281457 0.92281457 0.92281457 0.92281457 0.92281457 0.92281457
 1.         1.         1.         1.         1.         1.
 0.14038216 0.14038216 0.14038216 0.14038216 0.14038216 0.14038216
 0.38533171 0.38533171 0.38533171 0.38533171 0.38533171 0.38533171
 0.15055252 0.15055252 0.15055252 0.15055252 0.15055252 0.15055252
 0.60361088 0.60361088 0.60361088 0.60361088 0.60361088 0.60361088
 0.55114958 0.55114958 0.55114958 0.55114958 0.55114958 0.55114958
 0.25380471 0.25380471 0.25380471 0.25380471 0.25380471 0.25380471
 0.83932942 0.83932942 0.83932942 0.83932942 0.83932942 0.83932942
 0.9170561  0.9170561  0.9170561  0.9170561  0.9170561  0.9170561
 0.         0.         0.         0.         0.         0.
 0.         0.         0.         0.         0.         0.
 0.         0.         0.         0.         0.         0.
 0.         0.         0.         0.         0.         0.
 0.         0.         0.         0.         0.         0.
 0.         0.         0.         0.         0.         0.
 0.         0.         0.         0.         0.         0.
 0.         0.         0.         0.         0.         0.
 0.         0.         0.         0.         0.         0.
 0.         0.         0.         0.         0.         0.
 0.         0.         0.         0.         0.         0.
 0.         0.         0.         0.         0.         0.
 0.         0.         0.         0.         0.         0.
 0.         0.         0.         0.         0.         0.
 0.         0.         0.         0.         0.         0.
 0.         0.         0.         0.         0.         0.
 0.         0.         0.         0.         0.         0.
 0.         0.         0.         0.         0.         0.
 0.         0.         0.         0.         0.         0.
 0.         0.         0.         0.         0.         0.
 0.         0.         0.         0.         0.         0.
 0.         0.         0.         0.         0.         0.
 0.         0.         0.         0.         0.         0.
 0.         0.        ]
Normalized importance:  [1.         1.         1.         1.         1.         1.
 0.79793811 0.79793811 0.79793811 0.79793811 0.79793811 0.79793811
 0.02550853 0.02550853 0.02550853 0.02550853 0.         0.
 0.23994885 0.23994885 0.23994885 0.23994885 0.23994885 0.23994885
 0.         0.08110816 0.02198961 0.         0.         0.
 0.13902397 0.13902397 0.13902397 0.13902397 0.13902397 0.13902397
 0.41848144 0.41848144 0.41848144 0.41848144 0.41848144 0.41848144
 0.         0.         0.         0.         0.         0.
 0.72188688 0.72188688 0.72188688 0.72188688 0.72188688 0.72188688
 0.69350053 0.69350053 0.69350053 0.69350053 0.69350053 0.69350053
 0.         0.         0.         0.02326664 0.         0.
 0.         0.         0.         0.01303579 0.         0.
 0.         0.         0.         0.         0.         0.
 0.         0.03649513 0.         0.         0.         0.
 0.         0.         0.         0.         0.         0.
 0.         0.         0.         0.         0.         0.
 0.         0.09433999 0.         0.         0.         0.
 0.         0.         0.         0.         0.         0.
 0.         0.         0.         0.         0.         0.
 0.         0.         0.         0.         0.         0.00993009
 0.         0.         0.         0.         0.         0.
 0.         0.         0.         0.         0.         0.
 0.         0.         0.         0.         0.         0.
 0.         0.         0.         0.         0.         0.
 0.         0.         0.         0.         0.         0.01687674
 0.         0.         0.         0.         0.02392291 0.
 0.         0.         0.         0.         0.         0.
 0.         0.         0.         0.         0.         0.
 0.         0.         0.04141246 0.         0.         0.
 0.         0.         0.         0.         0.         0.
 0.         0.         0.         0.02453766 0.         0.
 0.         0.         0.         0.         0.         0.
 0.         0.         0.         0.         0.         0.
 0.         0.        ]
deepbreaks
y_true:  [1. 1. 1. 1. 1. 1. 1. 1. 1. 1. 1. 1. 0. 0. 0. 0. 0. 0. 0. 0. 0. 0. 0. 0.
 0. 0. 0. 0. 0. 0. 1. 1. 1. 1. 1. 1. 0. 0. 0. 0. 0. 0. 0. 0. 0. 0. 0. 0.
 1. 1. 1. 1. 1. 1. 1. 1. 1. 1. 1. 1. 0. 0. 0. 0. 0. 0. 0. 0. 0. 0. 0. 0.
 0. 0. 0. 0. 0. 0. 0. 0. 0. 0. 0. 0. 0. 0. 0. 0. 0. 0. 0. 0. 0. 0. 0. 0.
 0. 0. 0. 0. 0. 0. 0. 0. 0. 0. 0. 0. 0. 0. 0. 0. 0. 0. 0. 0. 0. 0. 0. 0.
 0. 0. 0. 0. 0. 0. 0. 0. 0. 0. 0. 0. 0. 0. 0. 0. 0. 0. 0. 0. 0. 0. 0. 0.
 0. 0. 0. 0. 0. 0. 0. 0. 0. 0. 0. 0. 0. 0. 0. 0. 0. 0. 0. 0. 0. 0. 0. 0.
 0. 0. 0. 0. 0. 0. 0. 0. 0. 0. 0. 0. 0. 0. 0. 0. 0. 0. 0. 0. 0. 0. 0. 0.
 0. 0. 0. 0. 0. 0. 0. 0.]
y_pred:  [1. 1. 1. 1. 1. 1. 1. 1. 1. 1. 1. 1. 0. 0. 0. 0. 0. 0. 0. 0. 0. 0. 0. 0.
 0. 0. 0. 0. 0. 0. 0. 0. 0. 0. 0. 0. 1. 1. 1. 1. 1. 1. 0. 0. 0. 0. 0. 0.
 1. 1. 1. 1. 1. 1. 1. 1. 1. 1. 1. 1. 0. 0. 0. 0. 0. 0. 0. 0. 0. 0. 0. 0.
 0. 0. 0. 0. 0. 0. 0. 0. 0. 0. 0. 0. 0. 0. 0. 0. 0. 0. 0. 0. 0. 0. 0. 0.
 0. 0. 0. 0. 0. 0. 0. 0. 0. 0. 0. 0. 0. 0. 0. 0. 0. 0. 0. 0. 0. 0. 0. 0.
 0. 0. 0. 0. 0. 0. 0. 0. 0. 0. 0. 0. 0. 0. 0. 0. 0. 0. 0. 0. 0. 0. 0. 0.
 0. 0. 0. 0. 0. 0. 0. 0. 0. 0. 0. 0. 0. 0. 0. 0. 0. 0. 0. 0. 0. 0. 0. 0.
 0. 0. 0. 0. 0. 0. 0. 0. 0. 0. 0. 0. 0. 0. 0. 0. 0. 0. 0. 0. 0. 0. 0. 0.
 0. 0. 0. 0. 0. 0. 0. 0.]
Normalized importance:  [9.39716312e-01 7.39361702e-01 4.62765957e-01 5.46099291e-01
 7.35815603e-01 5.33687943e-01 9.52127660e-01 4.59219858e-01
 3.77659574e-01 4.84042553e-01 8.28014184e-01 5.76241135e-01
 1.18262411e-01 5.65602837e-02 5.47872340e-01 5.05319149e-02
 6.01063830e-03 0.00000000e+00 5.37234043e-01 3.04964539e-01
 5.15957447e-01 6.27659574e-01 0.00000000e+00 2.42907801e-01
 1.66489362e-01 8.29787234e-02 1.77127660e-01 0.00000000e+00
 5.70921986e-02 1.80851064e-01 6.77304965e-01 0.00000000e+00
 2.42907801e-01 2.30496454e-01 2.99645390e-01 2.16312057e-01
 6.13475177e-01 5.12411348e-01 2.73049645e-01 1.40602837e-01
 3.42198582e-01 4.96453901e-01 0.00000000e+00 4.14893617e-02
 2.67730496e-01 2.21631206e-01 5.65602837e-02 0.00000000e+00
 9.55673759e-01 5.58510638e-02 3.98936170e-01 5.19503546e-01
 5.62056738e-01 7.07446809e-01 1.00000000e+00 6.66666667e-01
 4.64539007e-01 6.27659574e-01 4.60992908e-01 4.48581560e-01
 1.04787234e-01 0.00000000e+00 0.00000000e+00 3.61702128e-01
 6.82624113e-02 0.00000000e+00 0.00000000e+00 0.00000000e+00
 0.00000000e+00 2.83687943e-01 3.70567376e-02 3.08510638e-01
 2.16312057e-01 4.73404255e-01 2.92553191e-01 0.00000000e+00
 0.00000000e+00 0.00000000e+00 2.74822695e-01 4.71631206e-01
 0.00000000e+00 1.45390071e-01 0.00000000e+00 1.82624113e-01
 2.32269504e-01 0.00000000e+00 0.00000000e+00 0.00000000e+00
 1.48049645e-01 0.00000000e+00 0.00000000e+00 1.39716312e-01
 0.00000000e+00 0.00000000e+00 2.90780142e-01 1.47340426e-01
 9.66312057e-02 3.82978723e-01 3.17375887e-01 4.66312057e-01
 0.00000000e+00 0.00000000e+00 0.00000000e+00 1.62056738e-01
 5.01773050e-02 2.73049645e-02 0.00000000e+00 1.69680851e-02
 0.00000000e+00 8.43971631e-02 1.16489362e-01 1.24468085e-01
 0.00000000e+00 3.97163121e-01 3.08510638e-01 3.04964539e-01
 1.58333333e-01 1.20390071e-04 0.00000000e+00 2.32269504e-01
 3.86524823e-01 0.00000000e+00 1.93262411e-01 1.66489362e-01
 0.00000000e+00 2.85460993e-01 5.42553191e-02 1.72695035e-01
 1.69503546e-01 8.28014184e-02 0.00000000e+00 3.52836879e-01
 2.81914894e-01 3.51063830e-02 0.00000000e+00 8.31560284e-02
 6.91489362e-02 2.34042553e-02 1.80851064e-01 0.00000000e+00
 3.58156028e-01 0.00000000e+00 0.00000000e+00 0.00000000e+00
 2.10992908e-01 1.21808511e-01 2.41134752e-01 1.13297872e-01
 8.68794326e-02 3.42198582e-01 0.00000000e+00 0.00000000e+00
 2.25177305e-02 0.00000000e+00 4.00709220e-01 2.44680851e-01
 2.78368794e-01 0.00000000e+00 0.00000000e+00 8.49290780e-02
 2.19858156e-01 1.68439716e-01 3.86524823e-02 1.12234043e-01
 1.08687943e-01 0.00000000e+00 3.97163121e-01 1.53546099e-01
 2.19858156e-01 1.31737589e-01 4.48581560e-01 1.01418440e-01
 9.39716312e-02 3.04964539e-02 0.00000000e+00 2.18085106e-01
 7.32269504e-03 2.74822695e-01 6.36524823e-02 1.13652482e-02
 0.00000000e+00 0.00000000e+00 2.64184397e-01 4.66312057e-01
 0.00000000e+00 0.00000000e+00 0.00000000e+00 0.00000000e+00
 0.00000000e+00 0.00000000e+00 0.00000000e+00 1.19148936e-01
 1.24468085e-01 0.00000000e+00 0.00000000e+00 0.00000000e+00
 2.51773050e-01 5.93971631e-02 0.00000000e+00 0.00000000e+00]
pyseer
y_true:  [1. 1. 1. 1. 1. 1. 1. 1. 1. 1. 1. 1. 0. 0. 0. 0. 0. 0. 0. 0. 0. 0. 0. 0.
 0. 0. 0. 0. 0. 0. 1. 1. 1. 1. 1. 1. 0. 0. 0. 0. 0. 0. 0. 0. 0. 0. 0. 0.
 1. 1. 1. 1. 1. 1. 1. 1. 1. 1. 1. 1. 0. 0. 0. 0. 0. 0. 0. 0. 0. 0. 0. 0.
 0. 0. 0. 0. 0. 0. 0. 0. 0. 0. 0. 0. 0. 0. 0. 0. 0. 0. 0. 0. 0. 0. 0. 0.
 0. 0. 0. 0. 0. 0. 0. 0. 0. 0. 0. 0. 0. 0. 0. 0. 0. 0. 0. 0. 0. 0. 0. 0.
 0. 0. 0. 0. 0. 0. 0. 0. 0. 0. 0. 0. 0. 0. 0. 0. 0. 0. 0. 0. 0. 0. 0. 0.
 0. 0. 0. 0. 0. 0. 0. 0. 0. 0. 0. 0. 0. 0. 0. 0. 0. 0. 0. 0. 0. 0. 0. 0.
 0. 0. 0. 0. 0. 0. 0. 0. 0. 0. 0. 0. 0. 0. 0. 0. 0. 0. 0. 0. 0. 0. 0. 0.
 0. 0. 0. 0. 0. 0. 0. 0.]
y_pred:  [1. 1. 1. 1. 1. 1. 1. 1. 1. 1. 1. 1. 0. 0. 1. 0. 0. 0. 1. 1. 1. 1. 0. 1.
 0. 0. 0. 0. 0. 0. 1. 0. 1. 0. 1. 0. 1. 1. 1. 0. 1. 1. 0. 0. 1. 0. 0. 0.
 1. 0. 1. 1. 1. 1. 1. 1. 1. 1. 1. 1. 0. 0. 0. 1. 0. 0. 0. 0. 0. 1. 0. 1.
 0. 1. 1. 0. 0. 0. 1. 1. 0. 0. 0. 0. 1. 0. 0. 0. 0. 0. 0. 0. 0. 0. 1. 0.
 0. 1. 1. 1. 0. 0. 0. 0. 0. 0. 0. 0. 0. 0. 0. 0. 0. 1. 1. 1. 0. 0. 0. 1.
 1. 0. 0. 0. 0. 1. 0. 0. 0. 0. 0. 1. 1. 0. 0. 0. 0. 0. 0. 0. 1. 0. 0. 0.
 0. 0. 1. 0. 0. 1. 0. 0. 0. 0. 1. 1. 1. 0. 0. 0. 0. 0. 0. 0. 0. 0. 1. 0.
 0. 0. 1. 0. 0. 0. 0. 0. 0. 1. 0. 0. 0. 0. 1. 1. 0. 0. 0. 0. 0. 0. 0. 0.
 0. 0. 0. 0. 1. 0. 0. 0.]
Time taken: 24.174925804138184 seconds
Running combination 8 of 50
Fitting RandomForest...
Fitting Adaboost...
Fitting AdaBoost_2...
Fitting et...
Fitting gbc...
Fitting gbc_2...
Fitting gbc_3...
Fitting dt...
Fitting lr...
Fitting Lasso_1...
Fitting Lasso_2...
Fitting Lasso_3...
Fitting Lasso_4...
Fitting elasticnet...
VCF file created successfully.
pyseer stderr:  Read 1000 phenotypes
Detected continuous phenotype
Reading all variants

0variants [00:00, ?variants/s]
55variants [00:00, 546.22variants/s]
110variants [00:00, 464.07variants/s]
158variants [00:00, 466.50variants/s]
198variants [00:00, 486.75variants/s]
Applying correlation filtering

  0%|          | 0/198 [00:00<?, ?variants/s]
100%|██████████| 198/198 [00:00<00:00, 2465.60variants/s]
Fitting elastic net to top 148 variants
Best penalty (lambda) from cross-validation: 2.66E+01
Best R^2 from cross-validation: 0.480
Finding and printing selected variants
198 loaded variants
50 pre-filtered variants
148 tested variants
138 printed variants

True importance standardized:  [0.39243845 0.39243845 0.39243845 0.39243845 0.39243845 0.39243845
 0.19812145 0.19812145 0.19812145 0.19812145 0.19812145 0.19812145
 0.27873008 0.27873008 0.27873008 0.27873008 0.27873008 0.27873008
 0.41265057 0.41265057 0.41265057 0.41265057 0.41265057 0.41265057
 0.77186323 0.77186323 0.77186323 0.77186323 0.77186323 0.77186323
 0.5865429  0.5865429  0.5865429  0.5865429  0.5865429  0.5865429
 1.         1.         1.         1.         1.         1.
 0.23364113 0.23364113 0.23364113 0.23364113 0.23364113 0.23364113
 0.61069911 0.61069911 0.61069911 0.61069911 0.61069911 0.61069911
 0.9809656  0.9809656  0.9809656  0.9809656  0.9809656  0.9809656
 0.         0.         0.         0.         0.         0.
 0.         0.         0.         0.         0.         0.
 0.         0.         0.         0.         0.         0.
 0.         0.         0.         0.         0.         0.
 0.         0.         0.         0.         0.         0.
 0.         0.         0.         0.         0.         0.
 0.         0.         0.         0.         0.         0.
 0.         0.         0.         0.         0.         0.
 0.         0.         0.         0.         0.         0.
 0.         0.         0.         0.         0.         0.
 0.         0.         0.         0.         0.         0.
 0.         0.         0.         0.         0.         0.
 0.         0.         0.         0.         0.         0.
 0.         0.         0.         0.         0.         0.
 0.         0.         0.         0.         0.         0.
 0.         0.         0.         0.         0.         0.
 0.         0.         0.         0.         0.         0.
 0.         0.         0.         0.         0.         0.
 0.         0.         0.         0.         0.         0.
 0.         0.         0.         0.         0.         0.
 0.         0.         0.         0.         0.         0.
 0.         0.         0.         0.         0.         0.
 0.         0.         0.         0.         0.         0.
 0.         0.        ]
Normalized importance:  [0.32615307 0.32615307 0.32615307 0.32615307 0.32615307 0.32615307
 0.04525877 0.04525877 0.04525877 0.04525877 0.04525877 0.04525877
 0.0483794  0.0483794  0.0483794  0.0483794  0.0483794  0.0483794
 0.10880059 0.10880059 0.10880059 0.10880059 0.10880059 0.10880059
 0.76123258 0.76123258 0.76123258 0.76123258 0.76123258 0.76123258
 0.35938474 0.35938474 0.35938474 0.35938474 0.35938474 0.35938474
 1.         1.         1.         1.         1.         1.
 0.         0.         0.         0.         0.         0.
 0.2770756  0.2770756  0.2770756  0.2770756  0.2770756  0.2770756
 0.75088614 0.75088614 0.75088614 0.75088614 0.75088614 0.75088614
 0.         0.         0.         0.         0.         0.
 0.         0.         0.         0.         0.         0.
 0.         0.         0.         0.         0.         0.
 0.         0.02540596 0.         0.         0.         0.
 0.         0.         0.         0.         0.         0.
 0.         0.         0.         0.         0.         0.
 0.         0.         0.         0.03312615 0.         0.
 0.         0.         0.         0.         0.         0.
 0.         0.         0.         0.         0.         0.
 0.         0.         0.         0.         0.         0.
 0.         0.         0.         0.         0.         0.01033667
 0.02693729 0.         0.         0.         0.         0.
 0.         0.         0.         0.         0.         0.
 0.         0.         0.         0.         0.00847269 0.
 0.00673035 0.         0.         0.         0.         0.
 0.         0.         0.         0.01564557 0.         0.
 0.         0.         0.         0.         0.         0.
 0.         0.         0.         0.         0.         0.01413189
 0.         0.         0.         0.         0.         0.
 0.         0.         0.         0.         0.         0.
 0.06107924 0.         0.         0.         0.         0.
 0.         0.         0.         0.         0.         0.
 0.         0.         0.         0.00565682 0.         0.
 0.         0.        ]
deepbreaks
y_true:  [0. 0. 0. 0. 0. 0. 0. 0. 0. 0. 0. 0. 0. 0. 0. 0. 0. 0. 0. 0. 0. 0. 0. 0.
 1. 1. 1. 1. 1. 1. 1. 1. 1. 1. 1. 1. 1. 1. 1. 1. 1. 1. 0. 0. 0. 0. 0. 0.
 1. 1. 1. 1. 1. 1. 1. 1. 1. 1. 1. 1. 0. 0. 0. 0. 0. 0. 0. 0. 0. 0. 0. 0.
 0. 0. 0. 0. 0. 0. 0. 0. 0. 0. 0. 0. 0. 0. 0. 0. 0. 0. 0. 0. 0. 0. 0. 0.
 0. 0. 0. 0. 0. 0. 0. 0. 0. 0. 0. 0. 0. 0. 0. 0. 0. 0. 0. 0. 0. 0. 0. 0.
 0. 0. 0. 0. 0. 0. 0. 0. 0. 0. 0. 0. 0. 0. 0. 0. 0. 0. 0. 0. 0. 0. 0. 0.
 0. 0. 0. 0. 0. 0. 0. 0. 0. 0. 0. 0. 0. 0. 0. 0. 0. 0. 0. 0. 0. 0. 0. 0.
 0. 0. 0. 0. 0. 0. 0. 0. 0. 0. 0. 0. 0. 0. 0. 0. 0. 0. 0. 0. 0. 0. 0. 0.
 0. 0. 0. 0. 0. 0. 0. 0.]
y_pred:  [1. 1. 1. 1. 1. 1. 0. 0. 0. 0. 0. 0. 0. 0. 0. 0. 0. 0. 0. 0. 0. 0. 0. 0.
 1. 1. 1. 1. 1. 1. 1. 1. 1. 1. 1. 1. 1. 1. 1. 1. 1. 1. 0. 0. 0. 0. 0. 0.
 1. 1. 1. 1. 1. 1. 1. 1. 1. 1. 1. 1. 0. 0. 0. 0. 0. 0. 0. 0. 0. 0. 0. 0.
 0. 0. 0. 0. 0. 0. 0. 0. 0. 0. 0. 0. 0. 0. 0. 0. 0. 0. 0. 0. 0. 0. 0. 0.
 0. 0. 0. 0. 0. 0. 0. 0. 0. 0. 0. 0. 0. 0. 0. 0. 0. 0. 0. 0. 0. 0. 0. 0.
 0. 0. 0. 0. 0. 0. 0. 0. 0. 0. 0. 0. 0. 0. 0. 0. 0. 0. 0. 0. 0. 0. 0. 0.
 0. 0. 0. 0. 0. 0. 0. 0. 0. 0. 0. 0. 0. 0. 0. 0. 0. 0. 0. 0. 0. 0. 0. 0.
 0. 0. 0. 0. 0. 0. 0. 0. 0. 0. 0. 0. 0. 0. 0. 0. 0. 0. 0. 0. 0. 0. 0. 0.
 0. 0. 0. 0. 0. 0. 0. 0.]
Normalized importance:  [4.55538222e-01 3.33853354e-01 2.37129485e-01 2.79251170e-01
 4.16536661e-01 3.08892356e-01 4.55538222e-01 6.80187207e-02
 3.08892356e-01 2.07488300e-01 1.74726989e-01 0.00000000e+00
 1.71606864e-01 1.39937598e-01 1.62246490e-01 3.16692668e-01
 1.79407176e-01 1.16848674e-01 2.99531981e-01 3.51014041e-01
 1.09360374e-01 6.80187207e-02 3.40093604e-01 2.38689548e-01
 8.90795632e-01 5.08580343e-01 3.27613105e-01 4.30577223e-01
 3.86895476e-01 4.36817473e-01 6.09984399e-01 3.19812793e-01
 4.35257410e-01 4.49297972e-01 2.87051482e-01 2.76131045e-01
 9.32917317e-01 6.00624025e-01 5.99063963e-01 4.97659906e-01
 4.89859594e-01 5.94383775e-01 2.73010920e-01 1.60686427e-02
 2.30889236e-01 4.82059282e-03 2.60530421e-03 3.07332293e-02
 6.66146646e-01 1.87207488e-01 3.90015601e-01 2.99531981e-01
 5.52262090e-01 3.30733229e-01 1.00000000e+00 5.17940718e-01
 5.08580343e-01 2.49609984e-01 6.17784711e-01 7.03588144e-01
 1.39313573e-01 1.28861154e-01 1.09204368e-01 0.00000000e+00
 0.00000000e+00 1.27301092e-01 0.00000000e+00 0.00000000e+00
 0.00000000e+00 3.24492980e-02 0.00000000e+00 0.00000000e+00
 6.39625585e-02 2.13728549e-01 0.00000000e+00 7.16068643e-02
 0.00000000e+00 2.62090484e-04 0.00000000e+00 4.24336973e-01
 5.91263651e-03 1.04056162e-03 2.10608424e-01 2.40249610e-01
 0.00000000e+00 0.00000000e+00 1.74726989e-01 8.70514821e-02
 0.00000000e+00 0.00000000e+00 1.47269891e-01 3.35413417e-01
 2.99531981e-02 0.00000000e+00 0.00000000e+00 1.74726989e-01
 0.00000000e+00 1.52106084e-02 4.30577223e-03 4.39937598e-01
 9.21996880e-02 6.41185647e-02 2.07488300e-02 1.18096724e-01
 0.00000000e+00 0.00000000e+00 0.00000000e+00 4.61778471e-02
 3.08892356e-02 1.55382215e-02 1.11388456e-01 0.00000000e+00
 0.00000000e+00 0.00000000e+00 2.40249610e-03 0.00000000e+00
 2.34009360e-01 0.00000000e+00 0.00000000e+00 0.00000000e+00
 2.52730109e-01 1.37597504e-02 3.44773791e-01 2.35569423e-01
 0.00000000e+00 4.43057722e-01 3.55694228e-01 0.00000000e+00
 1.60686427e-01 1.98127925e-01 0.00000000e+00 5.39781591e-02
 2.16848674e-01 1.06084243e-01 0.00000000e+00 0.00000000e+00
 0.00000000e+00 0.00000000e+00 3.91575663e-02 0.00000000e+00
 1.21840874e-01 0.00000000e+00 2.76131045e-01 2.15288612e-01
 1.65366615e-01 1.35881435e-01 2.69890796e-02 1.24180967e-01
 1.95007800e-01 0.00000000e+00 0.00000000e+00 0.00000000e+00
 9.71918877e-02 4.50858034e-01 0.00000000e+00 6.63026521e-02
 7.37909516e-02 1.82527301e-01 1.43525741e-01 0.00000000e+00
 2.46489860e-02 0.00000000e+00 0.00000000e+00 0.00000000e+00
 1.12012480e-01 0.00000000e+00 2.23088924e-01 3.47893916e-01
 0.00000000e+00 4.10296412e-02 6.03744150e-02 0.00000000e+00
 1.57566303e-01 0.00000000e+00 1.19812793e-03 1.76287051e-01
 4.99219969e-02 2.52730109e-01 2.52730109e-01 0.00000000e+00
 4.13416537e-01 0.00000000e+00 1.26053042e-01 0.00000000e+00
 3.04212168e-02 2.21528861e-01 0.00000000e+00 0.00000000e+00
 0.00000000e+00 1.50546022e-01 0.00000000e+00 0.00000000e+00
 1.04524181e-01 3.46333853e-01 0.00000000e+00 1.01404056e-01
 0.00000000e+00 0.00000000e+00 0.00000000e+00 0.00000000e+00]
pyseer
y_true:  [0. 0. 0. 0. 0. 0. 0. 0. 0. 0. 0. 0. 0. 0. 0. 0. 0. 0. 0. 0. 0. 0. 0. 0.
 1. 1. 1. 1. 1. 1. 1. 1. 1. 1. 1. 1. 1. 1. 1. 1. 1. 1. 0. 0. 0. 0. 0. 0.
 1. 1. 1. 1. 1. 1. 1. 1. 1. 1. 1. 1. 0. 0. 0. 0. 0. 0. 0. 0. 0. 0. 0. 0.
 0. 0. 0. 0. 0. 0. 0. 0. 0. 0. 0. 0. 0. 0. 0. 0. 0. 0. 0. 0. 0. 0. 0. 0.
 0. 0. 0. 0. 0. 0. 0. 0. 0. 0. 0. 0. 0. 0. 0. 0. 0. 0. 0. 0. 0. 0. 0. 0.
 0. 0. 0. 0. 0. 0. 0. 0. 0. 0. 0. 0. 0. 0. 0. 0. 0. 0. 0. 0. 0. 0. 0. 0.
 0. 0. 0. 0. 0. 0. 0. 0. 0. 0. 0. 0. 0. 0. 0. 0. 0. 0. 0. 0. 0. 0. 0. 0.
 0. 0. 0. 0. 0. 0. 0. 0. 0. 0. 0. 0. 0. 0. 0. 0. 0. 0. 0. 0. 0. 0. 0. 0.
 0. 0. 0. 0. 0. 0. 0. 0.]
y_pred:  [1. 1. 1. 1. 1. 1. 1. 0. 1. 1. 0. 0. 0. 0. 0. 1. 0. 0. 1. 1. 0. 0. 1. 1.
 1. 1. 1. 1. 1. 1. 1. 1. 1. 1. 1. 1. 1. 1. 1. 1. 1. 1. 1. 0. 1. 0. 0. 0.
 1. 0. 1. 1. 1. 1. 1. 1. 1. 1. 1. 1. 0. 0. 0. 0. 0. 0. 0. 0. 0. 0. 0. 0.
 0. 1. 0. 0. 0. 0. 0. 1. 0. 0. 1. 1. 0. 0. 0. 0. 0. 0. 0. 1. 0. 0. 0. 0.
 0. 0. 0. 1. 0. 0. 0. 0. 0. 0. 0. 0. 0. 0. 0. 0. 0. 0. 0. 0. 1. 0. 0. 0.
 1. 0. 1. 1. 0. 1. 1. 0. 0. 1. 0. 0. 1. 0. 0. 0. 0. 0. 0. 0. 0. 0. 1. 1.
 0. 0. 0. 0. 0. 0. 0. 0. 0. 1. 0. 0. 0. 0. 0. 0. 0. 0. 0. 0. 0. 0. 1. 1.
 0. 0. 0. 0. 0. 0. 0. 0. 0. 1. 1. 0. 1. 0. 0. 0. 0. 1. 0. 0. 0. 0. 0. 0.
 0. 1. 0. 0. 0. 0. 0. 0.]
Time taken: 26.243074655532837 seconds
Running combination 9 of 50
Fitting RandomForest...
Fitting Adaboost...
Fitting AdaBoost_2...
Fitting et...
Fitting gbc...
Fitting gbc_2...
Fitting gbc_3...
Fitting dt...
Fitting lr...
Fitting Lasso_1...
Fitting Lasso_2...
Fitting Lasso_3...
Fitting Lasso_4...
Fitting elasticnet...
VCF file created successfully.
pyseer stderr:  Read 1000 phenotypes
Detected continuous phenotype
Reading all variants

0variants [00:00, ?variants/s]
55variants [00:00, 549.56variants/s]
110variants [00:00, 480.38variants/s]
165variants [00:00, 508.26variants/s]
198variants [00:00, 511.92variants/s]
Applying correlation filtering

  0%|          | 0/198 [00:00<?, ?variants/s]
100%|██████████| 198/198 [00:00<00:00, 2653.01variants/s]
Fitting elastic net to top 148 variants
Best penalty (lambda) from cross-validation: 1.28E+02
Best R^2 from cross-validation: 0.376
Finding and printing selected variants
198 loaded variants
50 pre-filtered variants
148 tested variants
138 printed variants

True importance standardized:  [0.91644424 0.91644424 0.91644424 0.91644424 0.91644424 0.91644424
 0.62310948 0.62310948 0.62310948 0.62310948 0.62310948 0.62310948
 1.         1.         1.         1.         1.         1.
 0.75162913 0.75162913 0.75162913 0.75162913 0.75162913 0.75162913
 0.38482582 0.38482582 0.38482582 0.38482582 0.38482582 0.38482582
 0.21953279 0.21953279 0.21953279 0.21953279 0.21953279 0.21953279
 0.97597365 0.97597365 0.97597365 0.97597365 0.97597365 0.97597365
 0.93420613 0.93420613 0.93420613 0.93420613 0.93420613 0.93420613
 0.75296055 0.75296055 0.75296055 0.75296055 0.75296055 0.75296055
 0.40620206 0.40620206 0.40620206 0.40620206 0.40620206 0.40620206
 0.         0.         0.         0.         0.         0.
 0.         0.         0.         0.         0.         0.
 0.         0.         0.         0.         0.         0.
 0.         0.         0.         0.         0.         0.
 0.         0.         0.         0.         0.         0.
 0.         0.         0.         0.         0.         0.
 0.         0.         0.         0.         0.         0.
 0.         0.         0.         0.         0.         0.
 0.         0.         0.         0.         0.         0.
 0.         0.         0.         0.         0.         0.
 0.         0.         0.         0.         0.         0.
 0.         0.         0.         0.         0.         0.
 0.         0.         0.         0.         0.         0.
 0.         0.         0.         0.         0.         0.
 0.         0.         0.         0.         0.         0.
 0.         0.         0.         0.         0.         0.
 0.         0.         0.         0.         0.         0.
 0.         0.         0.         0.         0.         0.
 0.         0.         0.         0.         0.         0.
 0.         0.         0.         0.         0.         0.
 0.         0.         0.         0.         0.         0.
 0.         0.         0.         0.         0.         0.
 0.         0.         0.         0.         0.         0.
 0.         0.        ]
Normalized importance:  [0.47600002 0.47600002 0.47600002 0.47600002 0.47600002 0.47600002
 0.43590244 0.43590244 0.43590244 0.43590244 0.43590244 0.43590244
 0.98103138 0.98103138 0.98103138 0.98103138 0.98103138 0.98103138
 0.22216822 0.22216822 0.22216822 0.22216822 0.22216822 0.22216822
 0.22281933 0.22281933 0.22281933 0.22281933 0.22281933 0.22281933
 0.04726558 0.04726558 0.04726558 0.         0.04726558 0.
 0.91317697 0.91317697 0.91317697 0.91317697 0.91317697 0.91317697
 1.         1.         1.         1.         1.         1.
 0.64466424 0.64466424 0.64466424 0.64466424 0.64466424 0.64466424
 0.06002373 0.06002373 0.         0.06002373 0.06002373 0.06002373
 0.         0.         0.         0.         0.         0.
 0.         0.         0.         0.         0.         0.
 0.         0.         0.         0.         0.         0.
 0.         0.         0.         0.         0.         0.
 0.         0.         0.         0.         0.         0.
 0.         0.         0.         0.         0.         0.
 0.         0.         0.         0.         0.         0.
 0.         0.         0.         0.         0.         0.
 0.         0.         0.         0.01207624 0.         0.
 0.         0.02267841 0.         0.         0.         0.
 0.         0.         0.         0.         0.         0.
 0.         0.         0.         0.         0.         0.
 0.         0.         0.         0.         0.         0.
 0.         0.         0.         0.         0.         0.
 0.         0.         0.         0.         0.         0.
 0.         0.         0.         0.         0.         0.
 0.         0.         0.         0.         0.06374488 0.
 0.         0.         0.01587573 0.         0.         0.
 0.         0.01348983 0.         0.         0.         0.
 0.         0.         0.         0.         0.         0.
 0.         0.         0.         0.         0.         0.
 0.06607279 0.         0.         0.         0.         0.
 0.         0.         0.         0.         0.         0.
 0.         0.        ]
deepbreaks
y_true:  [1. 1. 1. 1. 1. 1. 0. 0. 0. 0. 0. 0. 1. 1. 1. 1. 1. 1. 0. 0. 0. 0. 0. 0.
 0. 0. 0. 0. 0. 0. 0. 0. 0. 0. 0. 0. 1. 1. 1. 1. 1. 1. 1. 1. 1. 1. 1. 1.
 1. 1. 1. 1. 1. 1. 0. 0. 0. 0. 0. 0. 0. 0. 0. 0. 0. 0. 0. 0. 0. 0. 0. 0.
 0. 0. 0. 0. 0. 0. 0. 0. 0. 0. 0. 0. 0. 0. 0. 0. 0. 0. 0. 0. 0. 0. 0. 0.
 0. 0. 0. 0. 0. 0. 0. 0. 0. 0. 0. 0. 0. 0. 0. 0. 0. 0. 0. 0. 0. 0. 0. 0.
 0. 0. 0. 0. 0. 0. 0. 0. 0. 0. 0. 0. 0. 0. 0. 0. 0. 0. 0. 0. 0. 0. 0. 0.
 0. 0. 0. 0. 0. 0. 0. 0. 0. 0. 0. 0. 0. 0. 0. 0. 0. 0. 0. 0. 0. 0. 0. 0.
 0. 0. 0. 0. 0. 0. 0. 0. 0. 0. 0. 0. 0. 0. 0. 0. 0. 0. 0. 0. 0. 0. 0. 0.
 0. 0. 0. 0. 0. 0. 0. 0.]
y_pred:  [1. 1. 1. 1. 1. 1. 1. 1. 1. 1. 1. 1. 1. 1. 1. 1. 1. 1. 0. 0. 0. 0. 0. 0.
 0. 0. 0. 0. 0. 0. 0. 0. 0. 0. 0. 0. 1. 1. 1. 1. 1. 1. 1. 1. 1. 1. 1. 1.
 1. 1. 1. 1. 1. 1. 0. 0. 0. 0. 0. 0. 0. 0. 0. 0. 0. 0. 0. 0. 0. 0. 0. 0.
 0. 0. 0. 0. 0. 0. 0. 0. 0. 0. 0. 0. 0. 0. 0. 0. 0. 0. 0. 0. 0. 0. 0. 0.
 0. 0. 0. 0. 0. 0. 0. 0. 0. 0. 0. 0. 0. 0. 0. 0. 0. 0. 0. 0. 0. 0. 0. 0.
 0. 0. 0. 0. 0. 0. 0. 0. 0. 0. 0. 0. 0. 0. 0. 0. 0. 0. 0. 0. 0. 0. 0. 0.
 0. 0. 0. 0. 0. 0. 0. 0. 0. 0. 0. 0. 0. 0. 0. 0. 0. 0. 0. 0. 0. 0. 0. 0.
 0. 0. 0. 0. 0. 0. 0. 0. 0. 0. 0. 0. 0. 0. 0. 0. 0. 0. 0. 0. 0. 0. 0. 0.
 0. 0. 0. 0. 0. 0. 0. 0.]
Normalized importance:  [0.62765957 0.46808511 0.40531915 0.51595745 0.20478723 0.73404255
 0.64893617 0.61170213 0.02271277 0.37765957 0.275      0.36595745
 1.         0.52925532 0.4643617  0.57446809 0.40797872 0.38670213
 0.65957447 0.18882979 0.13244681 0.54787234 0.17606383 0.46117021
 0.55319149 0.27446809 0.         0.08723404 0.3962766  0.35212766
 0.18829787 0.29574468 0.2462766  0.         0.28882979 0.02021277
 0.7393617  0.56914894 0.58510638 0.56914894 0.27180851 0.52978723
 0.88829787 0.62765957 0.2856383  0.52180851 0.58510638 0.15
 0.64361702 0.56382979 0.44148936 0.38670213 0.61702128 0.15265957
 0.3643617  0.20425532 0.0893617  0.15478723 0.29361702 0.32765957
 0.         0.31755319 0.08351064 0.21329787 0.         0.1106383
 0.15265957 0.         0.         0.         0.         0.18244681
 0.         0.29893617 0.10691489 0.         0.0712766  0.
 0.01648936 0.         0.03287234 0.         0.01095745 0.
 0.         0.0093617  0.         0.         0.16755319 0.
 0.         0.1606383  0.         0.08031915 0.         0.
 0.02771277 0.20265957 0.         0.         0.         0.
 0.20691489 0.09042553 0.         0.10957447 0.30053191 0.10691489
 0.09042553 0.01638298 0.         0.37553191 0.24255319 0.
 0.         0.32446809 0.         0.21489362 0.         0.00470745
 0.         0.         0.15691489 0.1287234  0.         0.12553191
 0.         0.10638298 0.08829787 0.20904255 0.         0.02574468
 0.         0.10638298 0.09574468 0.         0.         0.0425
 0.13882979 0.         0.00941489 0.         0.         0.09148936
 0.         0.         0.05904255 0.08670213 0.18670213 0.23723404
 0.         0.25744681 0.20797872 0.         0.22446809 0.29148936
 0.         0.02617021 0.27978723 0.         0.35159574 0.11808511
 0.         0.08989362 0.38138298 0.07925532 0.07553191 0.1893617
 0.         0.29255319 0.         0.12021277 0.21968085 0.21755319
 0.         0.         0.         0.26914894 0.03494681 0.2643617
 0.         0.04047872 0.30319149 0.15744681 0.20319149 0.02484043
 0.29148936 0.14946809 0.         0.         0.03356383 0.07021277
 0.08085106 0.         0.03542553 0.31861702 0.         0.10159574
 0.         0.        ]
pyseer
y_true:  [1. 1. 1. 1. 1. 1. 0. 0. 0. 0. 0. 0. 1. 1. 1. 1. 1. 1. 0. 0. 0. 0. 0. 0.
 0. 0. 0. 0. 0. 0. 0. 0. 0. 0. 0. 0. 1. 1. 1. 1. 1. 1. 1. 1. 1. 1. 1. 1.
 1. 1. 1. 1. 1. 1. 0. 0. 0. 0. 0. 0. 0. 0. 0. 0. 0. 0. 0. 0. 0. 0. 0. 0.
 0. 0. 0. 0. 0. 0. 0. 0. 0. 0. 0. 0. 0. 0. 0. 0. 0. 0. 0. 0. 0. 0. 0. 0.
 0. 0. 0. 0. 0. 0. 0. 0. 0. 0. 0. 0. 0. 0. 0. 0. 0. 0. 0. 0. 0. 0. 0. 0.
 0. 0. 0. 0. 0. 0. 0. 0. 0. 0. 0. 0. 0. 0. 0. 0. 0. 0. 0. 0. 0. 0. 0. 0.
 0. 0. 0. 0. 0. 0. 0. 0. 0. 0. 0. 0. 0. 0. 0. 0. 0. 0. 0. 0. 0. 0. 0. 0.
 0. 0. 0. 0. 0. 0. 0. 0. 0. 0. 0. 0. 0. 0. 0. 0. 0. 0. 0. 0. 0. 0. 0. 0.
 0. 0. 0. 0. 0. 0. 0. 0.]
y_pred:  [1. 1. 1. 1. 0. 1. 1. 1. 0. 1. 1. 1. 1. 1. 1. 1. 1. 1. 1. 0. 0. 1. 0. 1.
 1. 1. 0. 0. 1. 1. 0. 1. 1. 0. 1. 0. 1. 1. 1. 1. 1. 1. 1. 1. 1. 1. 1. 0.
 1. 1. 1. 1. 1. 0. 1. 0. 0. 0. 1. 1. 0. 1. 0. 1. 0. 0. 0. 0. 0. 0. 0. 0.
 0. 1. 0. 0. 0. 0. 0. 0. 0. 0. 0. 0. 0. 0. 0. 0. 0. 0. 0. 0. 0. 0. 0. 0.
 0. 0. 0. 0. 0. 0. 0. 0. 0. 0. 1. 0. 0. 0. 0. 1. 1. 0. 0. 1. 0. 1. 0. 0.
 0. 0. 0. 0. 0. 0. 0. 0. 0. 1. 0. 0. 0. 0. 0. 0. 0. 0. 0. 0. 0. 0. 0. 0.
 0. 0. 0. 0. 0. 1. 0. 1. 0. 0. 1. 1. 0. 0. 1. 0. 1. 0. 0. 0. 1. 0. 0. 0.
 0. 1. 0. 0. 1. 1. 0. 0. 0. 1. 0. 1. 0. 0. 1. 0. 0. 0. 1. 0. 0. 0. 0. 0.
 0. 0. 0. 1. 0. 0. 0. 0.]
Time taken: 22.784821033477783 seconds
Running combination 10 of 50
Fitting RandomForest...
Fitting Adaboost...
Fitting AdaBoost_2...
Fitting et...
Fitting gbc...
Fitting gbc_2...
Fitting gbc_3...
Fitting dt...
Fitting lr...
Fitting Lasso_1...
Fitting Lasso_2...
Fitting Lasso_3...
Fitting Lasso_4...
Fitting elasticnet...
VCF file created successfully.
pyseer stderr:  Read 1000 phenotypes
Detected continuous phenotype
Reading all variants

0variants [00:00, ?variants/s]
54variants [00:00, 536.81variants/s]
108variants [00:00, 475.21variants/s]
163variants [00:00, 505.63variants/s]
198variants [00:00, 510.55variants/s]
Applying correlation filtering

  0%|          | 0/198 [00:00<?, ?variants/s]
100%|██████████| 198/198 [00:00<00:00, 2731.95variants/s]
Fitting elastic net to top 148 variants
Best penalty (lambda) from cross-validation: 1.90E+01
Best R^2 from cross-validation: 0.489
Finding and printing selected variants
198 loaded variants
50 pre-filtered variants
148 tested variants
136 printed variants

True importance standardized:  [0.40047412 0.40047412 0.40047412 0.40047412 0.40047412 0.40047412
 1.         1.         1.         1.         1.         1.
 0.63829775 0.63829775 0.63829775 0.63829775 0.63829775 0.63829775
 0.2063391  0.2063391  0.2063391  0.2063391  0.2063391  0.2063391
 0.61525248 0.61525248 0.61525248 0.61525248 0.61525248 0.61525248
 0.13873851 0.13873851 0.13873851 0.13873851 0.13873851 0.13873851
 0.19748403 0.19748403 0.19748403 0.19748403 0.19748403 0.19748403
 0.70130881 0.70130881 0.70130881 0.70130881 0.70130881 0.70130881
 0.81592456 0.81592456 0.81592456 0.81592456 0.81592456 0.81592456
 0.93672027 0.93672027 0.93672027 0.93672027 0.93672027 0.93672027
 0.         0.         0.         0.         0.         0.
 0.         0.         0.         0.         0.         0.
 0.         0.         0.         0.         0.         0.
 0.         0.         0.         0.         0.         0.
 0.         0.         0.         0.         0.         0.
 0.         0.         0.         0.         0.         0.
 0.         0.         0.         0.         0.         0.
 0.         0.         0.         0.         0.         0.
 0.         0.         0.         0.         0.         0.
 0.         0.         0.         0.         0.         0.
 0.         0.         0.         0.         0.         0.
 0.         0.         0.         0.         0.         0.
 0.         0.         0.         0.         0.         0.
 0.         0.         0.         0.         0.         0.
 0.         0.         0.         0.         0.         0.
 0.         0.         0.         0.         0.         0.
 0.         0.         0.         0.         0.         0.
 0.         0.         0.         0.         0.         0.
 0.         0.         0.         0.         0.         0.
 0.         0.         0.         0.         0.         0.
 0.         0.         0.         0.         0.         0.
 0.         0.         0.         0.         0.         0.
 0.         0.         0.         0.         0.         0.
 0.         0.        ]
Normalized importance:  [0.10197733 0.10197733 0.10197733 0.10197733 0.10197733 0.10197733
 0.88633461 0.88633461 0.88633461 0.88633461 0.88633461 0.88633461
 0.43872644 0.43872644 0.43872644 0.43872644 0.43872644 0.43872644
 0.         0.         0.         0.         0.         0.03736101
 0.46580068 0.46580068 0.46580068 0.46580068 0.46580068 0.46580068
 0.         0.         0.         0.         0.         0.
 0.05593239 0.         0.         0.         0.         0.
 0.58642201 0.58642201 0.58642201 0.58642201 0.58642201 0.58642201
 0.96506372 0.96506372 0.96506372 0.96506372 0.96506372 0.96506372
 1.         1.         1.         1.         1.         1.
 0.         0.         0.         0.         0.         0.
 0.         0.         0.         0.         0.         0.
 0.         0.         0.         0.         0.         0.
 0.         0.         0.         0.         0.         0.
 0.         0.         0.         0.         0.         0.
 0.         0.         0.         0.         0.         0.
 0.         0.         0.         0.         0.         0.
 0.         0.         0.         0.         0.         0.
 0.         0.         0.         0.         0.         0.
 0.         0.         0.         0.         0.02500888 0.
 0.         0.01501626 0.         0.         0.         0.
 0.         0.         0.         0.         0.         0.
 0.         0.         0.         0.         0.         0.
 0.         0.         0.         0.         0.         0.
 0.         0.         0.         0.         0.         0.
 0.         0.         0.         0.         0.         0.
 0.         0.         0.         0.         0.         0.
 0.         0.         0.         0.         0.         0.
 0.         0.03330645 0.         0.         0.         0.
 0.         0.         0.         0.         0.         0.
 0.         0.         0.         0.         0.         0.
 0.         0.         0.         0.         0.         0.
 0.         0.         0.         0.         0.         0.
 0.         0.        ]
deepbreaks
y_true:  [0. 0. 0. 0. 0. 0. 1. 1. 1. 1. 1. 1. 1. 1. 1. 1. 1. 1. 0. 0. 0. 0. 0. 0.
 0. 0. 0. 0. 0. 0. 0. 0. 0. 0. 0. 0. 0. 0. 0. 0. 0. 0. 1. 1. 1. 1. 1. 1.
 1. 1. 1. 1. 1. 1. 1. 1. 1. 1. 1. 1. 0. 0. 0. 0. 0. 0. 0. 0. 0. 0. 0. 0.
 0. 0. 0. 0. 0. 0. 0. 0. 0. 0. 0. 0. 0. 0. 0. 0. 0. 0. 0. 0. 0. 0. 0. 0.
 0. 0. 0. 0. 0. 0. 0. 0. 0. 0. 0. 0. 0. 0. 0. 0. 0. 0. 0. 0. 0. 0. 0. 0.
 0. 0. 0. 0. 0. 0. 0. 0. 0. 0. 0. 0. 0. 0. 0. 0. 0. 0. 0. 0. 0. 0. 0. 0.
 0. 0. 0. 0. 0. 0. 0. 0. 0. 0. 0. 0. 0. 0. 0. 0. 0. 0. 0. 0. 0. 0. 0. 0.
 0. 0. 0. 0. 0. 0. 0. 0. 0. 0. 0. 0. 0. 0. 0. 0. 0. 0. 0. 0. 0. 0. 0. 0.
 0. 0. 0. 0. 0. 0. 0. 0.]
y_pred:  [0. 0. 0. 0. 0. 0. 1. 1. 1. 1. 1. 1. 0. 0. 0. 0. 0. 0. 0. 0. 0. 0. 0. 0.
 0. 0. 0. 0. 0. 0. 0. 0. 0. 0. 0. 0. 0. 0. 0. 0. 0. 0. 1. 1. 1. 1. 1. 1.
 1. 1. 1. 1. 1. 1. 1. 1. 1. 1. 1. 1. 0. 0. 0. 0. 0. 0. 0. 0. 0. 0. 0. 0.
 0. 0. 0. 0. 0. 0. 0. 0. 0. 0. 0. 0. 0. 0. 0. 0. 0. 0. 0. 0. 0. 0. 0. 0.
 0. 0. 0. 0. 0. 0. 0. 0. 0. 0. 0. 0. 0. 0. 0. 0. 0. 0. 0. 0. 0. 0. 0. 0.
 0. 0. 0. 0. 0. 0. 0. 0. 0. 0. 0. 0. 0. 0. 0. 0. 0. 0. 0. 0. 0. 0. 0. 0.
 0. 0. 0. 0. 0. 0. 0. 0. 0. 0. 0. 0. 0. 0. 0. 0. 0. 0. 0. 0. 0. 0. 0. 0.
 0. 0. 0. 0. 0. 0. 0. 0. 0. 0. 0. 0. 0. 0. 0. 0. 0. 0. 0. 0. 0. 0. 0. 0.
 0. 0. 0. 0. 0. 0. 0. 0.]
Normalized importance:  [0.20879121 0.30455259 0.07943485 0.39874411 0.16012559 0.42543171
 0.99058085 0.66091052 0.54945055 0.34379906 0.50078493 0.29513344
 0.6389325  0.44427002 0.29984301 0.40031397 0.48822606 0.
 0.         0.         0.0100471  0.         0.07095761 0.42857143
 0.55416013 0.39246468 0.51805338 0.39403454 0.07189953 0.2967033
 0.15243328 0.0055573  0.27472527 0.         0.24175824 0.16326531
 0.22919937 0.2700157  0.03846154 0.00723705 0.         0.13704867
 0.77864992 0.10298273 0.33124019 0.51491366 0.48822606 0.18838305
 0.83045526 0.4411303  0.41130298 0.3610675  0.29827316 0.61695447
 1.         0.34536892 0.55259027 0.61852433 0.38304553 0.26530612
 0.         0.05729984 0.02150706 0.         0.18681319 0.
 0.         0.12009419 0.05086342 0.         0.04850863 0.
 0.29042386 0.03642072 0.28571429 0.09167975 0.03594976 0.01535322
 0.05321821 0.11915228 0.         0.03720565 0.         0.
 0.15510204 0.         0.09387755 0.1477237  0.09387755 0.03029827
 0.25902669 0.         0.         0.22291994 0.         0.
 0.07974882 0.         0.         0.         0.         0.
 0.         0.         0.24018838 0.20722135 0.08100471 0.
 0.12527473 0.         0.20879121 0.17582418 0.         0.09811617
 0.04599686 0.33908948 0.00535322 0.         0.04238619 0.09921507
 0.23233909 0.16012559 0.12260597 0.         0.30455259 0.19937206
 0.21978022 0.14615385 0.12307692 0.         0.07755102 0.27786499
 0.07849294 0.13908948 0.         0.         0.16483516 0.09199372
 0.18524333 0.         0.         0.         0.         0.22605965
 0.01616954 0.14835165 0.         0.00631083 0.         0.13092622
 0.0321821  0.21036107 0.16326531 0.         0.23233909 0.
 0.44427002 0.02417582 0.03359498 0.055573   0.07409733 0.13296703
 0.         0.14505495 0.29042386 0.22135008 0.16797488 0.
 0.         0.17582418 0.19309262 0.         0.06718995 0.
 0.23704867 0.08681319 0.         0.3155416  0.         0.
 0.         0.         0.00216641 0.         0.15384615 0.03720565
 0.         0.         0.         0.         0.25902669 0.
 0.18681319 0.23861852 0.         0.         0.06828885 0.
 0.         0.        ]
pyseer
y_true:  [0. 0. 0. 0. 0. 0. 1. 1. 1. 1. 1. 1. 1. 1. 1. 1. 1. 1. 0. 0. 0. 0. 0. 0.
 0. 0. 0. 0. 0. 0. 0. 0. 0. 0. 0. 0. 0. 0. 0. 0. 0. 0. 1. 1. 1. 1. 1. 1.
 1. 1. 1. 1. 1. 1. 1. 1. 1. 1. 1. 1. 0. 0. 0. 0. 0. 0. 0. 0. 0. 0. 0. 0.
 0. 0. 0. 0. 0. 0. 0. 0. 0. 0. 0. 0. 0. 0. 0. 0. 0. 0. 0. 0. 0. 0. 0. 0.
 0. 0. 0. 0. 0. 0. 0. 0. 0. 0. 0. 0. 0. 0. 0. 0. 0. 0. 0. 0. 0. 0. 0. 0.
 0. 0. 0. 0. 0. 0. 0. 0. 0. 0. 0. 0. 0. 0. 0. 0. 0. 0. 0. 0. 0. 0. 0. 0.
 0. 0. 0. 0. 0. 0. 0. 0. 0. 0. 0. 0. 0. 0. 0. 0. 0. 0. 0. 0. 0. 0. 0. 0.
 0. 0. 0. 0. 0. 0. 0. 0. 0. 0. 0. 0. 0. 0. 0. 0. 0. 0. 0. 0. 0. 0. 0. 0.
 0. 0. 0. 0. 0. 0. 0. 0.]
y_pred:  [1. 1. 0. 1. 0. 1. 1. 1. 1. 1. 1. 1. 1. 1. 1. 1. 1. 0. 0. 0. 0. 0. 0. 1.
 1. 1. 1. 1. 0. 1. 0. 0. 1. 0. 1. 0. 1. 1. 0. 0. 0. 0. 1. 0. 1. 1. 1. 1.
 1. 1. 1. 1. 1. 1. 1. 1. 1. 1. 1. 1. 0. 0. 0. 0. 1. 0. 0. 0. 0. 0. 0. 0.
 1. 0. 1. 0. 0. 0. 0. 0. 0. 0. 0. 0. 0. 0. 0. 0. 0. 0. 1. 0. 0. 1. 0. 0.
 0. 0. 0. 0. 0. 0. 0. 0. 1. 1. 0. 0. 0. 0. 1. 0. 0. 0. 0. 1. 0. 0. 0. 0.
 1. 0. 0. 0. 1. 1. 1. 0. 0. 0. 0. 1. 0. 0. 0. 0. 0. 0. 0. 0. 0. 0. 0. 1.
 0. 0. 0. 0. 0. 0. 0. 1. 0. 0. 1. 0. 1. 0. 0. 0. 0. 0. 0. 0. 1. 1. 0. 0.
 0. 0. 1. 0. 0. 0. 1. 0. 0. 1. 0. 0. 0. 0. 0. 0. 0. 0. 0. 0. 0. 0. 1. 0.
 1. 1. 0. 0. 0. 0. 0. 0.]
Time taken: 23.689151763916016 seconds
Running combination 11 of 50
Fitting RandomForest...
Fitting Adaboost...
Fitting AdaBoost_2...
Fitting et...
Fitting gbc...
Fitting gbc_2...
Fitting gbc_3...
Fitting dt...
Fitting lr...
Fitting Lasso_1...
Fitting Lasso_2...
Fitting Lasso_3...
Fitting Lasso_4...
Fitting elasticnet...
VCF file created successfully.
pyseer stderr:  Read 1000 phenotypes
Detected continuous phenotype
Reading all variants

0variants [00:00, ?variants/s]
53variants [00:00, 527.95variants/s]
106variants [00:00, 473.59variants/s]
162variants [00:00, 508.69variants/s]
198variants [00:00, 512.27variants/s]
Applying correlation filtering

  0%|          | 0/198 [00:00<?, ?variants/s]
100%|██████████| 198/198 [00:00<00:00, 2664.02variants/s]
Fitting elastic net to top 148 variants
Best penalty (lambda) from cross-validation: 2.23E+01
Best R^2 from cross-validation: 0.512
Finding and printing selected variants
198 loaded variants
50 pre-filtered variants
148 tested variants
138 printed variants

True importance standardized:  [0.54154482 0.54154482 0.54154482 0.54154482 0.54154482 0.54154482
 0.43257916 0.43257916 0.43257916 0.43257916 0.43257916 0.43257916
 0.17168564 0.17168564 0.17168564 0.17168564 0.17168564 0.17168564
 0.30968091 0.30968091 0.30968091 0.30968091 0.30968091 0.30968091
 1.         1.         1.         1.         1.         1.
 0.65563953 0.65563953 0.65563953 0.65563953 0.65563953 0.65563953
 0.69853849 0.69853849 0.69853849 0.69853849 0.69853849 0.69853849
 0.68849334 0.68849334 0.68849334 0.68849334 0.68849334 0.68849334
 0.6401905  0.6401905  0.6401905  0.6401905  0.6401905  0.6401905
 0.58778704 0.58778704 0.58778704 0.58778704 0.58778704 0.58778704
 0.         0.         0.         0.         0.         0.
 0.         0.         0.         0.         0.         0.
 0.         0.         0.         0.         0.         0.
 0.         0.         0.         0.         0.         0.
 0.         0.         0.         0.         0.         0.
 0.         0.         0.         0.         0.         0.
 0.         0.         0.         0.         0.         0.
 0.         0.         0.         0.         0.         0.
 0.         0.         0.         0.         0.         0.
 0.         0.         0.         0.         0.         0.
 0.         0.         0.         0.         0.         0.
 0.         0.         0.         0.         0.         0.
 0.         0.         0.         0.         0.         0.
 0.         0.         0.         0.         0.         0.
 0.         0.         0.         0.         0.         0.
 0.         0.         0.         0.         0.         0.
 0.         0.         0.         0.         0.         0.
 0.         0.         0.         0.         0.         0.
 0.         0.         0.         0.         0.         0.
 0.         0.         0.         0.         0.         0.
 0.         0.         0.         0.         0.         0.
 0.         0.         0.         0.         0.         0.
 0.         0.         0.         0.         0.         0.
 0.         0.        ]
Normalized importance:  [0.50485019 0.50485019 0.50485019 0.50485019 0.50485019 0.50485019
 0.17932259 0.17932259 0.17932259 0.17932259 0.17932259 0.17932259
 0.03855432 0.03855432 0.03855432 0.         0.         0.03855432
 0.1652966  0.1652966  0.1652966  0.1652966  0.1652966  0.1652966
 1.         1.         1.         1.         1.         1.
 0.3252864  0.3252864  0.3252864  0.3252864  0.3252864  0.3252864
 0.45632964 0.45632964 0.45632964 0.45632964 0.45632964 0.45632964
 0.60256537 0.60256537 0.60256537 0.60256537 0.60256537 0.60256537
 0.45521198 0.45521198 0.45521198 0.45521198 0.45521198 0.45521198
 0.21966537 0.21966537 0.21966537 0.21966537 0.21966537 0.21966537
 0.         0.07224884 0.         0.         0.         0.
 0.         0.         0.         0.         0.         0.
 0.         0.         0.         0.         0.         0.
 0.         0.         0.         0.         0.         0.
 0.         0.         0.         0.         0.         0.
 0.         0.         0.         0.02876401 0.         0.00939738
 0.         0.         0.         0.         0.         0.
 0.         0.         0.         0.         0.         0.
 0.         0.         0.         0.         0.         0.
 0.0417879  0.         0.         0.         0.01545865 0.
 0.         0.         0.         0.01400895 0.         0.
 0.         0.         0.         0.00926408 0.         0.
 0.         0.         0.         0.         0.         0.
 0.         0.03698066 0.         0.         0.01789515 0.
 0.         0.         0.         0.         0.         0.
 0.         0.         0.         0.         0.         0.
 0.         0.         0.         0.         0.         0.
 0.         0.         0.         0.         0.         0.
 0.         0.         0.         0.         0.         0.
 0.         0.         0.         0.         0.         0.
 0.         0.         0.0292918  0.         0.         0.0664157
 0.         0.         0.         0.         0.         0.
 0.         0.         0.         0.         0.         0.
 0.         0.        ]
deepbreaks
y_true:  [0. 0. 0. 0. 0. 0. 0. 0. 0. 0. 0. 0. 0. 0. 0. 0. 0. 0. 0. 0. 0. 0. 0. 0.
 1. 1. 1. 1. 1. 1. 1. 1. 1. 1. 1. 1. 1. 1. 1. 1. 1. 1. 1. 1. 1. 1. 1. 1.
 1. 1. 1. 1. 1. 1. 0. 0. 0. 0. 0. 0. 0. 0. 0. 0. 0. 0. 0. 0. 0. 0. 0. 0.
 0. 0. 0. 0. 0. 0. 0. 0. 0. 0. 0. 0. 0. 0. 0. 0. 0. 0. 0. 0. 0. 0. 0. 0.
 0. 0. 0. 0. 0. 0. 0. 0. 0. 0. 0. 0. 0. 0. 0. 0. 0. 0. 0. 0. 0. 0. 0. 0.
 0. 0. 0. 0. 0. 0. 0. 0. 0. 0. 0. 0. 0. 0. 0. 0. 0. 0. 0. 0. 0. 0. 0. 0.
 0. 0. 0. 0. 0. 0. 0. 0. 0. 0. 0. 0. 0. 0. 0. 0. 0. 0. 0. 0. 0. 0. 0. 0.
 0. 0. 0. 0. 0. 0. 0. 0. 0. 0. 0. 0. 0. 0. 0. 0. 0. 0. 0. 0. 0. 0. 0. 0.
 0. 0. 0. 0. 0. 0. 0. 0.]
y_pred:  [1. 1. 1. 1. 1. 1. 0. 0. 0. 0. 0. 0. 0. 0. 0. 0. 0. 0. 0. 0. 0. 0. 0. 0.
 1. 1. 1. 1. 1. 1. 1. 1. 1. 1. 1. 1. 1. 1. 1. 1. 1. 1. 1. 1. 1. 1. 1. 1.
 1. 1. 1. 1. 1. 1. 0. 0. 0. 0. 0. 0. 0. 0. 0. 0. 0. 0. 0. 0. 0. 0. 0. 0.
 0. 0. 0. 0. 0. 0. 0. 0. 0. 0. 0. 0. 0. 0. 0. 0. 0. 0. 0. 0. 0. 0. 0. 0.
 0. 0. 0. 0. 0. 0. 0. 0. 0. 0. 0. 0. 0. 0. 0. 0. 0. 0. 0. 0. 0. 0. 0. 0.
 0. 0. 0. 0. 0. 0. 0. 0. 0. 0. 0. 0. 0. 0. 0. 0. 0. 0. 0. 0. 0. 0. 0. 0.
 0. 0. 0. 0. 0. 0. 0. 0. 0. 0. 0. 0. 0. 0. 0. 0. 0. 0. 0. 0. 0. 0. 0. 0.
 0. 0. 0. 0. 0. 0. 0. 0. 0. 0. 0. 0. 0. 0. 0. 0. 0. 0. 0. 0. 0. 0. 0. 0.
 0. 0. 0. 0. 0. 0. 0. 0.]
Normalized importance:  [0.53382353 0.31617647 0.24852941 0.30147059 0.54117647 0.40588235
 0.63235294 0.35       0.12029412 0.06676471 0.18970588 0.04867647
 0.06617647 0.02941176 0.19117647 0.         0.         0.27647059
 0.58676471 0.02573529 0.27352941 0.14088235 0.17205882 0.
 1.         0.71617647 0.63088235 0.51470588 0.34558824 0.61617647
 0.575      0.41176471 0.33235294 0.33529412 0.51323529 0.275
 0.725      0.38676471 0.07970588 0.53823529 0.35147059 0.35294118
 0.74558824 0.40441176 0.36176471 0.43970588 0.43823529 0.18970588
 0.64264706 0.32941176 0.22205882 0.31323529 0.53529412 0.42647059
 0.71029412 0.25588235 0.34117647 0.27794118 0.55       0.01420588
 0.         0.44117647 0.         0.         0.00951471 0.
 0.02808824 0.         0.00686765 0.         0.         0.18823529
 0.13955882 0.         0.         0.15588235 0.         0.
 0.15588235 0.43676471 0.         0.         0.10441176 0.
 0.         0.1225     0.07764706 0.16323529 0.01416176 0.
 0.         0.01376471 0.         0.24264706 0.         0.24411765
 0.01735294 0.01514706 0.04073529 0.         0.03558824 0.15
 0.03117647 0.22794118 0.         0.         0.17058824 0.
 0.03720588 0.18529412 0.20735294 0.02161765 0.         0.06897059
 0.26617647 0.09191176 0.16617647 0.         0.05235294 0.18823529
 0.17205882 0.         0.09691176 0.09264706 0.         0.
 0.14352941 0.04220588 0.06955882 0.06926471 0.         0.21470588
 0.0095     0.         0.         0.         0.         0.
 0.23823529 0.19852941 0.         0.06838235 0.23088235 0.25294118
 0.         0.03838235 0.18088235 0.         0.16617647 0.27352941
 0.         0.         0.         0.11808824 0.         0.02308824
 0.01705882 0.10176471 0.02867647 0.         0.05220588 0.
 0.055      0.         0.06735294 0.10808824 0.         0.095
 0.13426471 0.         0.         0.         0.14294118 0.00935294
 0.         0.07102941 0.         0.19558824 0.07323529 0.06147059
 0.         0.         0.13191176 0.         0.17941176 0.34117647
 0.30882353 0.01295588 0.         0.         0.         0.04132353
 0.19264706 0.         0.08661765 0.18970588 0.11073529 0.20147059
 0.         0.        ]
pyseer
y_true:  [0. 0. 0. 0. 0. 0. 0. 0. 0. 0. 0. 0. 0. 0. 0. 0. 0. 0. 0. 0. 0. 0. 0. 0.
 1. 1. 1. 1. 1. 1. 1. 1. 1. 1. 1. 1. 1. 1. 1. 1. 1. 1. 1. 1. 1. 1. 1. 1.
 1. 1. 1. 1. 1. 1. 0. 0. 0. 0. 0. 0. 0. 0. 0. 0. 0. 0. 0. 0. 0. 0. 0. 0.
 0. 0. 0. 0. 0. 0. 0. 0. 0. 0. 0. 0. 0. 0. 0. 0. 0. 0. 0. 0. 0. 0. 0. 0.
 0. 0. 0. 0. 0. 0. 0. 0. 0. 0. 0. 0. 0. 0. 0. 0. 0. 0. 0. 0. 0. 0. 0. 0.
 0. 0. 0. 0. 0. 0. 0. 0. 0. 0. 0. 0. 0. 0. 0. 0. 0. 0. 0. 0. 0. 0. 0. 0.
 0. 0. 0. 0. 0. 0. 0. 0. 0. 0. 0. 0. 0. 0. 0. 0. 0. 0. 0. 0. 0. 0. 0. 0.
 0. 0. 0. 0. 0. 0. 0. 0. 0. 0. 0. 0. 0. 0. 0. 0. 0. 0. 0. 0. 0. 0. 0. 0.
 0. 0. 0. 0. 0. 0. 0. 0.]
y_pred:  [1. 1. 1. 1. 1. 1. 1. 1. 0. 0. 1. 0. 0. 0. 1. 0. 0. 1. 1. 0. 1. 0. 0. 0.
 1. 1. 1. 1. 1. 1. 1. 1. 1. 1. 1. 1. 1. 1. 0. 1. 1. 1. 1. 1. 1. 1. 1. 1.
 1. 1. 1. 1. 1. 1. 1. 1. 1. 1. 1. 0. 0. 1. 0. 0. 0. 0. 0. 0. 0. 0. 0. 1.
 0. 0. 0. 0. 0. 0. 0. 1. 0. 0. 0. 0. 0. 0. 0. 0. 0. 0. 0. 0. 0. 1. 0. 1.
 0. 0. 0. 0. 0. 0. 0. 1. 0. 0. 0. 0. 0. 1. 1. 0. 0. 0. 1. 0. 0. 0. 0. 1.
 0. 0. 0. 0. 0. 0. 0. 0. 0. 0. 0. 1. 0. 0. 0. 0. 0. 0. 1. 1. 0. 0. 1. 1.
 0. 0. 0. 0. 0. 1. 0. 0. 0. 0. 0. 0. 0. 0. 0. 0. 0. 0. 0. 0. 0. 0. 0. 0.
 0. 0. 0. 0. 0. 0. 0. 0. 0. 1. 0. 0. 0. 0. 0. 0. 0. 1. 1. 0. 0. 0. 0. 0.
 1. 0. 0. 1. 0. 1. 0. 0.]
Time taken: 24.598719596862793 seconds
Running combination 12 of 50
Fitting RandomForest...
Fitting Adaboost...
Fitting AdaBoost_2...
Fitting et...
Fitting gbc...
Fitting gbc_2...
Fitting gbc_3...
Fitting dt...
Fitting lr...
Fitting Lasso_1...
Fitting Lasso_2...
Fitting Lasso_3...
Fitting Lasso_4...
Fitting elasticnet...
VCF file created successfully.
pyseer stderr:  Read 1000 phenotypes
Detected continuous phenotype
Reading all variants

0variants [00:00, ?variants/s]
56variants [00:00, 556.35variants/s]
112variants [00:00, 486.65variants/s]
168variants [00:00, 515.01variants/s]
198variants [00:00, 519.33variants/s]
Applying correlation filtering

  0%|          | 0/198 [00:00<?, ?variants/s]
100%|██████████| 198/198 [00:00<00:00, 2666.49variants/s]
Fitting elastic net to top 148 variants
Best penalty (lambda) from cross-validation: 7.57E+00
Best R^2 from cross-validation: 0.571
Finding and printing selected variants
198 loaded variants
50 pre-filtered variants
148 tested variants
142 printed variants

True importance standardized:  [0.29056821 0.29056821 0.29056821 0.29056821 0.29056821 0.29056821
 1.         1.         1.         1.         1.         1.
 0.52766047 0.52766047 0.52766047 0.52766047 0.52766047 0.52766047
 0.65396915 0.65396915 0.65396915 0.65396915 0.65396915 0.65396915
 0.83515264 0.83515264 0.83515264 0.83515264 0.83515264 0.83515264
 0.27367203 0.27367203 0.27367203 0.27367203 0.27367203 0.27367203
 0.72039572 0.72039572 0.72039572 0.72039572 0.72039572 0.72039572
 0.69832901 0.69832901 0.69832901 0.69832901 0.69832901 0.69832901
 0.73319828 0.73319828 0.73319828 0.73319828 0.73319828 0.73319828
 0.19537965 0.19537965 0.19537965 0.19537965 0.19537965 0.19537965
 0.         0.         0.         0.         0.         0.
 0.         0.         0.         0.         0.         0.
 0.         0.         0.         0.         0.         0.
 0.         0.         0.         0.         0.         0.
 0.         0.         0.         0.         0.         0.
 0.         0.         0.         0.         0.         0.
 0.         0.         0.         0.         0.         0.
 0.         0.         0.         0.         0.         0.
 0.         0.         0.         0.         0.         0.
 0.         0.         0.         0.         0.         0.
 0.         0.         0.         0.         0.         0.
 0.         0.         0.         0.         0.         0.
 0.         0.         0.         0.         0.         0.
 0.         0.         0.         0.         0.         0.
 0.         0.         0.         0.         0.         0.
 0.         0.         0.         0.         0.         0.
 0.         0.         0.         0.         0.         0.
 0.         0.         0.         0.         0.         0.
 0.         0.         0.         0.         0.         0.
 0.         0.         0.         0.         0.         0.
 0.         0.         0.         0.         0.         0.
 0.         0.         0.         0.         0.         0.
 0.         0.         0.         0.         0.         0.
 0.         0.        ]
Normalized importance:  [0.06009788 0.06009788 0.06009788 0.06009788 0.         0.
 1.         1.         1.         1.         1.         1.
 0.31762133 0.31762133 0.31762133 0.31762133 0.31762133 0.31762133
 0.52352129 0.52352129 0.52352129 0.52352129 0.52352129 0.52352129
 0.42503814 0.42503814 0.42503814 0.42503814 0.42503814 0.42503814
 0.06191047 0.06191047 0.06191047 0.06191047 0.06191047 0.06191047
 0.4075281  0.4075281  0.4075281  0.4075281  0.4075281  0.4075281
 0.41896438 0.41896438 0.41896438 0.41896438 0.41896438 0.41896438
 0.58550788 0.58550788 0.58550788 0.58550788 0.58550788 0.58550788
 0.         0.         0.         0.         0.         0.
 0.         0.         0.         0.         0.         0.
 0.         0.         0.         0.         0.         0.
 0.         0.         0.         0.         0.         0.
 0.         0.02959792 0.         0.         0.         0.04341167
 0.         0.         0.         0.         0.         0.
 0.         0.         0.         0.         0.         0.
 0.         0.         0.         0.         0.         0.
 0.         0.         0.         0.         0.         0.
 0.         0.         0.         0.         0.         0.
 0.         0.         0.         0.         0.         0.
 0.         0.         0.         0.         0.         0.
 0.         0.         0.         0.         0.         0.
 0.         0.         0.         0.         0.         0.
 0.         0.         0.         0.         0.         0.08953197
 0.         0.         0.         0.         0.         0.
 0.         0.         0.         0.         0.         0.
 0.         0.         0.         0.         0.         0.
 0.04750312 0.         0.         0.         0.         0.02288747
 0.         0.         0.         0.         0.         0.
 0.         0.         0.         0.         0.         0.
 0.         0.         0.         0.         0.         0.
 0.         0.         0.         0.         0.         0.
 0.         0.         0.         0.         0.         0.
 0.         0.        ]
deepbreaks
y_true:  [0. 0. 0. 0. 0. 0. 1. 1. 1. 1. 1. 1. 0. 0. 0. 0. 0. 0. 0. 0. 0. 0. 0. 0.
 1. 1. 1. 1. 1. 1. 0. 0. 0. 0. 0. 0. 1. 1. 1. 1. 1. 1. 1. 1. 1. 1. 1. 1.
 1. 1. 1. 1. 1. 1. 0. 0. 0. 0. 0. 0. 0. 0. 0. 0. 0. 0. 0. 0. 0. 0. 0. 0.
 0. 0. 0. 0. 0. 0. 0. 0. 0. 0. 0. 0. 0. 0. 0. 0. 0. 0. 0. 0. 0. 0. 0. 0.
 0. 0. 0. 0. 0. 0. 0. 0. 0. 0. 0. 0. 0. 0. 0. 0. 0. 0. 0. 0. 0. 0. 0. 0.
 0. 0. 0. 0. 0. 0. 0. 0. 0. 0. 0. 0. 0. 0. 0. 0. 0. 0. 0. 0. 0. 0. 0. 0.
 0. 0. 0. 0. 0. 0. 0. 0. 0. 0. 0. 0. 0. 0. 0. 0. 0. 0. 0. 0. 0. 0. 0. 0.
 0. 0. 0. 0. 0. 0. 0. 0. 0. 0. 0. 0. 0. 0. 0. 0. 0. 0. 0. 0. 0. 0. 0. 0.
 0. 0. 0. 0. 0. 0. 0. 0.]
y_pred:  [0. 0. 0. 0. 0. 0. 1. 1. 1. 1. 1. 1. 0. 0. 0. 0. 0. 0. 1. 1. 1. 1. 1. 1.
 1. 1. 1. 1. 1. 1. 0. 0. 0. 0. 0. 0. 0. 0. 0. 0. 0. 0. 1. 1. 1. 1. 1. 1.
 1. 1. 1. 1. 1. 1. 0. 0. 0. 0. 0. 0. 0. 0. 0. 0. 0. 0. 0. 0. 0. 0. 0. 0.
 0. 0. 0. 0. 0. 0. 0. 0. 0. 0. 0. 0. 0. 0. 0. 0. 0. 0. 0. 0. 0. 0. 0. 0.
 0. 0. 0. 0. 0. 0. 0. 0. 0. 0. 0. 0. 0. 0. 0. 0. 0. 0. 0. 0. 0. 0. 0. 0.
 0. 0. 0. 0. 0. 0. 0. 0. 0. 0. 0. 0. 0. 0. 0. 0. 0. 0. 0. 0. 0. 0. 0. 0.
 0. 0. 0. 0. 0. 0. 0. 0. 0. 0. 0. 0. 0. 0. 0. 0. 0. 0. 0. 0. 0. 0. 0. 0.
 0. 0. 0. 0. 0. 0. 0. 0. 0. 0. 0. 0. 0. 0. 0. 0. 0. 0. 0. 0. 0. 0. 0. 0.
 0. 0. 0. 0. 0. 0. 0. 0.]
Normalized importance:  [2.03081232e-01 1.79271709e-01 1.35714286e-01 3.86554622e-02
 1.03081232e-01 1.42857143e-01 1.00000000e+00 2.60504202e-01
 2.25490196e-01 2.45098039e-01 6.07843137e-01 3.47338936e-01
 4.46778711e-01 1.83473389e-01 2.14285714e-01 2.57703081e-01
 1.56862745e-01 1.83473389e-01 6.91876751e-01 4.53781513e-02
 1.20028011e-01 3.12324930e-01 4.13165266e-01 2.87114846e-01
 6.17647059e-01 1.44257703e-01 9.73389356e-02 3.51540616e-01
 3.87955182e-01 1.47058824e-01 1.13025210e-01 1.55462185e-01
 4.08963585e-02 1.38655462e-01 0.00000000e+00 1.49859944e-01
 5.54621849e-01 2.32492997e-02 4.97198880e-01 3.61344538e-01
 3.26330532e-02 4.07563025e-01 6.45658263e-01 0.00000000e+00
 3.54341737e-01 3.89355742e-01 1.75070028e-01 1.68067227e-01
 7.17086835e-01 6.45658263e-01 6.56862745e-02 1.51260504e-01
 2.25490196e-02 3.58543417e-01 7.68907563e-02 7.12885154e-02
 3.86554622e-01 1.82072829e-02 9.15966387e-02 0.00000000e+00
 0.00000000e+00 1.79271709e-01 0.00000000e+00 4.10364146e-02
 7.74509804e-02 2.21288515e-01 0.00000000e+00 4.74789916e-02
 0.00000000e+00 0.00000000e+00 0.00000000e+00 0.00000000e+00
 1.32913165e-01 1.04761905e-01 4.71988796e-02 0.00000000e+00
 0.00000000e+00 2.33893557e-01 0.00000000e+00 1.73669468e-01
 2.39495798e-01 0.00000000e+00 0.00000000e+00 2.46498599e-01
 0.00000000e+00 1.69467787e-01 5.32212885e-02 1.05882353e-01
 9.69187675e-02 0.00000000e+00 0.00000000e+00 2.08683473e-01
 1.63865546e-01 0.00000000e+00 0.00000000e+00 0.00000000e+00
 2.35294118e-01 0.00000000e+00 0.00000000e+00 0.00000000e+00
 0.00000000e+00 3.19327731e-02 2.14285714e-01 1.83473389e-01
 1.68067227e-01 0.00000000e+00 6.09243697e-02 9.08963585e-02
 7.94117647e-02 8.76750700e-04 1.15546218e-01 0.00000000e+00
 8.93557423e-02 0.00000000e+00 9.76190476e-02 5.93837535e-02
 1.91876751e-01 5.70028011e-02 0.00000000e+00 1.52661064e-01
 0.00000000e+00 2.64705882e-01 0.00000000e+00 7.04481793e-02
 0.00000000e+00 1.93277311e-01 0.00000000e+00 0.00000000e+00
 0.00000000e+00 1.41456583e-01 0.00000000e+00 1.24089636e-01
 6.66666667e-02 1.69467787e-01 1.89075630e-01 0.00000000e+00
 1.44257703e-01 1.61064426e-01 0.00000000e+00 0.00000000e+00
 3.03921569e-01 0.00000000e+00 0.00000000e+00 3.38935574e-01
 1.52661064e-01 3.20728291e-01 9.28571429e-02 1.91876751e-01
 1.38795518e-01 0.00000000e+00 0.00000000e+00 4.41176471e-02
 2.14285714e-02 2.17086835e-02 2.08683473e-01 1.96078431e-01
 1.37114846e-01 0.00000000e+00 6.76470588e-02 1.73669468e-01
 7.92717087e-02 0.00000000e+00 1.86274510e-01 0.00000000e+00
 1.19327731e-01 3.43137255e-02 8.62745098e-02 1.55462185e-01
 2.60504202e-01 1.19747899e-01 0.00000000e+00 2.98319328e-02
 0.00000000e+00 1.52661064e-01 5.78431373e-02 1.09803922e-01
 0.00000000e+00 7.19887955e-02 0.00000000e+00 9.25770308e-02
 1.51260504e-01 0.00000000e+00 0.00000000e+00 2.00280112e-02
 8.61344538e-02 5.37815126e-02 0.00000000e+00 0.00000000e+00
 2.01680672e-01 2.12885154e-01 9.88795518e-02 0.00000000e+00
 1.13305322e-01 2.36694678e-02 1.00840336e-01 4.62184874e-02
 0.00000000e+00 8.43137255e-02 0.00000000e+00 0.00000000e+00]
pyseer
y_true:  [0. 0. 0. 0. 0. 0. 1. 1. 1. 1. 1. 1. 0. 0. 0. 0. 0. 0. 0. 0. 0. 0. 0. 0.
 1. 1. 1. 1. 1. 1. 0. 0. 0. 0. 0. 0. 1. 1. 1. 1. 1. 1. 1. 1. 1. 1. 1. 1.
 1. 1. 1. 1. 1. 1. 0. 0. 0. 0. 0. 0. 0. 0. 0. 0. 0. 0. 0. 0. 0. 0. 0. 0.
 0. 0. 0. 0. 0. 0. 0. 0. 0. 0. 0. 0. 0. 0. 0. 0. 0. 0. 0. 0. 0. 0. 0. 0.
 0. 0. 0. 0. 0. 0. 0. 0. 0. 0. 0. 0. 0. 0. 0. 0. 0. 0. 0. 0. 0. 0. 0. 0.
 0. 0. 0. 0. 0. 0. 0. 0. 0. 0. 0. 0. 0. 0. 0. 0. 0. 0. 0. 0. 0. 0. 0. 0.
 0. 0. 0. 0. 0. 0. 0. 0. 0. 0. 0. 0. 0. 0. 0. 0. 0. 0. 0. 0. 0. 0. 0. 0.
 0. 0. 0. 0. 0. 0. 0. 0. 0. 0. 0. 0. 0. 0. 0. 0. 0. 0. 0. 0. 0. 0. 0. 0.
 0. 0. 0. 0. 0. 0. 0. 0.]
y_pred:  [1. 1. 0. 0. 0. 0. 1. 1. 1. 1. 1. 1. 1. 1. 1. 1. 1. 1. 1. 0. 0. 1. 1. 1.
 1. 0. 0. 1. 1. 0. 0. 1. 0. 0. 0. 0. 1. 0. 1. 1. 0. 1. 1. 0. 1. 1. 1. 1.
 1. 1. 0. 1. 0. 1. 0. 0. 1. 0. 0. 0. 0. 1. 0. 0. 0. 1. 0. 0. 0. 0. 0. 0.
 0. 0. 0. 0. 0. 1. 0. 1. 1. 0. 0. 1. 0. 1. 0. 0. 0. 0. 0. 1. 1. 0. 0. 0.
 1. 0. 0. 0. 0. 0. 1. 1. 1. 0. 0. 0. 0. 0. 0. 0. 0. 0. 0. 0. 1. 0. 0. 1.
 0. 1. 0. 0. 0. 1. 0. 0. 0. 0. 0. 0. 0. 1. 1. 0. 0. 1. 0. 0. 1. 0. 0. 1.
 1. 1. 0. 1. 0. 0. 0. 0. 0. 0. 1. 1. 0. 0. 0. 1. 0. 0. 1. 0. 0. 0. 0. 1.
 1. 0. 0. 0. 0. 1. 0. 0. 0. 0. 0. 0. 1. 0. 0. 0. 0. 0. 0. 0. 1. 1. 0. 0.
 0. 0. 0. 0. 0. 0. 0. 0.]
Time taken: 23.90746307373047 seconds
Running combination 13 of 50
Fitting RandomForest...
Fitting Adaboost...
Fitting AdaBoost_2...
Fitting et...
Fitting gbc...
Fitting gbc_2...
Fitting gbc_3...
Fitting dt...
Fitting lr...
Fitting Lasso_1...
Fitting Lasso_2...
Fitting Lasso_3...
Fitting Lasso_4...
Fitting elasticnet...
VCF file created successfully.
pyseer stderr:  Read 1000 phenotypes
Detected continuous phenotype
Reading all variants

0variants [00:00, ?variants/s]
54variants [00:00, 538.01variants/s]
108variants [00:00, 475.65variants/s]
163variants [00:00, 506.97variants/s]
198variants [00:00, 512.14variants/s]
Applying correlation filtering

  0%|          | 0/198 [00:00<?, ?variants/s]
100%|██████████| 198/198 [00:00<00:00, 2704.08variants/s]
Fitting elastic net to top 148 variants
Best penalty (lambda) from cross-validation: 2.18E+01
Best R^2 from cross-validation: 0.461
Finding and printing selected variants
198 loaded variants
50 pre-filtered variants
148 tested variants
136 printed variants

True importance standardized:  [0.60348453 0.60348453 0.60348453 0.60348453 0.60348453 0.60348453
 0.18130629 0.18130629 0.18130629 0.18130629 0.18130629 0.18130629
 0.48142917 0.48142917 0.48142917 0.48142917 0.48142917 0.48142917
 1.         1.         1.         1.         1.         1.
 0.54807261 0.54807261 0.54807261 0.54807261 0.54807261 0.54807261
 0.8334364  0.8334364  0.8334364  0.8334364  0.8334364  0.8334364
 0.46002986 0.46002986 0.46002986 0.46002986 0.46002986 0.46002986
 0.93523625 0.93523625 0.93523625 0.93523625 0.93523625 0.93523625
 0.72406881 0.72406881 0.72406881 0.72406881 0.72406881 0.72406881
 0.93499725 0.93499725 0.93499725 0.93499725 0.93499725 0.93499725
 0.         0.         0.         0.         0.         0.
 0.         0.         0.         0.         0.         0.
 0.         0.         0.         0.         0.         0.
 0.         0.         0.         0.         0.         0.
 0.         0.         0.         0.         0.         0.
 0.         0.         0.         0.         0.         0.
 0.         0.         0.         0.         0.         0.
 0.         0.         0.         0.         0.         0.
 0.         0.         0.         0.         0.         0.
 0.         0.         0.         0.         0.         0.
 0.         0.         0.         0.         0.         0.
 0.         0.         0.         0.         0.         0.
 0.         0.         0.         0.         0.         0.
 0.         0.         0.         0.         0.         0.
 0.         0.         0.         0.         0.         0.
 0.         0.         0.         0.         0.         0.
 0.         0.         0.         0.         0.         0.
 0.         0.         0.         0.         0.         0.
 0.         0.         0.         0.         0.         0.
 0.         0.         0.         0.         0.         0.
 0.         0.         0.         0.         0.         0.
 0.         0.         0.         0.         0.         0.
 0.         0.         0.         0.         0.         0.
 0.         0.        ]
Normalized importance:  [0.43111207 0.43111207 0.43111207 0.43111207 0.43111207 0.43111207
 0.         0.         0.         0.         0.         0.
 0.40446737 0.40446737 0.40446737 0.40446737 0.40446737 0.40446737
 0.93449959 0.93449959 0.93449959 0.93449959 0.93449959 0.93449959
 0.21722079 0.21722079 0.21722079 0.21722079 0.21722079 0.21722079
 0.6916791  0.6916791  0.6916791  0.6916791  0.6916791  0.6916791
 0.26885487 0.26885487 0.26885487 0.26885487 0.26885487 0.26885487
 1.         1.         1.         1.         1.         1.
 0.51282415 0.51282415 0.51282415 0.51282415 0.51282415 0.51282415
 0.92700037 0.92700037 0.92700037 0.92700037 0.92700037 0.92700037
 0.         0.         0.         0.02274108 0.         0.
 0.00766347 0.         0.         0.         0.         0.
 0.         0.         0.         0.         0.         0.
 0.         0.01004496 0.         0.         0.         0.
 0.         0.         0.         0.         0.         0.
 0.         0.01279852 0.         0.         0.         0.
 0.         0.         0.         0.         0.         0.01802227
 0.         0.         0.         0.         0.         0.
 0.         0.09426207 0.         0.0361042  0.         0.
 0.         0.         0.         0.         0.         0.
 0.         0.         0.         0.         0.         0.
 0.         0.         0.         0.         0.         0.
 0.         0.         0.         0.03188513 0.         0.
 0.         0.         0.         0.         0.0229325  0.
 0.         0.         0.         0.         0.         0.
 0.         0.         0.         0.         0.         0.
 0.         0.         0.         0.         0.         0.
 0.         0.         0.         0.         0.         0.
 0.         0.         0.         0.         0.         0.
 0.         0.         0.         0.         0.         0.
 0.         0.         0.         0.         0.         0.
 0.         0.         0.         0.         0.         0.
 0.         0.         0.         0.         0.         0.
 0.         0.        ]
deepbreaks
y_true:  [0. 0. 0. 0. 0. 0. 0. 0. 0. 0. 0. 0. 0. 0. 0. 0. 0. 0. 1. 1. 1. 1. 1. 1.
 0. 0. 0. 0. 0. 0. 1. 1. 1. 1. 1. 1. 0. 0. 0. 0. 0. 0. 1. 1. 1. 1. 1. 1.
 1. 1. 1. 1. 1. 1. 1. 1. 1. 1. 1. 1. 0. 0. 0. 0. 0. 0. 0. 0. 0. 0. 0. 0.
 0. 0. 0. 0. 0. 0. 0. 0. 0. 0. 0. 0. 0. 0. 0. 0. 0. 0. 0. 0. 0. 0. 0. 0.
 0. 0. 0. 0. 0. 0. 0. 0. 0. 0. 0. 0. 0. 0. 0. 0. 0. 0. 0. 0. 0. 0. 0. 0.
 0. 0. 0. 0. 0. 0. 0. 0. 0. 0. 0. 0. 0. 0. 0. 0. 0. 0. 0. 0. 0. 0. 0. 0.
 0. 0. 0. 0. 0. 0. 0. 0. 0. 0. 0. 0. 0. 0. 0. 0. 0. 0. 0. 0. 0. 0. 0. 0.
 0. 0. 0. 0. 0. 0. 0. 0. 0. 0. 0. 0. 0. 0. 0. 0. 0. 0. 0. 0. 0. 0. 0. 0.
 0. 0. 0. 0. 0. 0. 0. 0.]
y_pred:  [1. 1. 1. 1. 1. 1. 0. 0. 0. 0. 0. 0. 0. 0. 0. 0. 0. 0. 1. 1. 1. 1. 1. 1.
 0. 0. 0. 0. 0. 0. 1. 1. 1. 1. 1. 1. 0. 0. 0. 0. 0. 0. 1. 1. 1. 1. 1. 1.
 1. 1. 1. 1. 1. 1. 1. 1. 1. 1. 1. 1. 0. 0. 0. 0. 0. 0. 0. 0. 0. 0. 0. 0.
 0. 0. 0. 0. 0. 0. 0. 0. 0. 0. 0. 0. 0. 0. 0. 0. 0. 0. 0. 0. 0. 0. 0. 0.
 0. 0. 0. 0. 0. 0. 0. 0. 0. 0. 0. 0. 0. 0. 0. 0. 0. 0. 0. 0. 0. 0. 0. 0.
 0. 0. 0. 0. 0. 0. 0. 0. 0. 0. 0. 0. 0. 0. 0. 0. 0. 0. 0. 0. 0. 0. 0. 0.
 0. 0. 0. 0. 0. 0. 0. 0. 0. 0. 0. 0. 0. 0. 0. 0. 0. 0. 0. 0. 0. 0. 0. 0.
 0. 0. 0. 0. 0. 0. 0. 0. 0. 0. 0. 0. 0. 0. 0. 0. 0. 0. 0. 0. 0. 0. 0. 0.
 0. 0. 0. 0. 0. 0. 0. 0.]
Normalized importance:  [0.77087794 0.48608137 0.27194861 0.28479657 0.19357602 0.40471092
 0.         0.         0.0209636  0.         0.         0.
 0.40471092 0.02655246 0.31691649 0.36616702 0.25481799 0.55460385
 0.95289079 0.79014989 0.74518201 0.         0.66381156 0.52890792
 0.56959315 0.21349036 0.42184154 0.17216274 0.40471092 0.38329764
 0.94860814 0.46680942 0.18201285 0.70235546 0.41327623 0.25695931
 0.58672377 0.29978587 0.06937901 0.53319058 0.         0.14796574
 1.         0.41755889 0.60813704 0.29122056 0.61670236 0.45610278
 0.7366167  0.29978587 0.2869379  0.39614561 0.45182013 0.43040685
 0.90364026 0.63169165 0.45182013 0.37473233 0.55888651 0.40471092
 0.         0.26766595 0.15524625 0.21413276 0.         0.
 0.30620985 0.         0.20471092 0.         0.25481799 0.
 0.28479657 0.21006424 0.02441113 0.0267666  0.         0.1882227
 0.         0.20813704 0.30192719 0.         0.0620985  0.248394
 0.         0.         0.         0.30620985 0.         0.
 0.15802998 0.28265525 0.13361884 0.08458244 0.26124197 0.06124197
 0.024197   0.23126338 0.         0.20620985 0.         0.03254818
 0.2869379  0.         0.         0.26124197 0.00691649 0.31477516
 0.39828694 0.2869379  0.01456103 0.34047109 0.01460385 0.
 0.31049251 0.33618844 0.         0.2869379  0.05117773 0.3254818
 0.         0.21841542 0.27194861 0.35760171 0.         0.
 0.10214133 0.18158458 0.         0.10171306 0.04989293 0.11755889
 0.         0.         0.         0.25695931 0.05760171 0.06573876
 0.22055675 0.         0.01357602 0.         0.29336188 0.
 0.248394   0.         0.         0.         0.20706638 0.11092077
 0.10556745 0.13104925 0.14025696 0.         0.         0.28479657
 0.21220557 0.07494647 0.         0.23768737 0.21841542 0.40042827
 0.         0.         0.02569593 0.         0.14496788 0.
 0.15910064 0.15653105 0.05867238 0.         0.31263383 0.18265525
 0.         0.051606   0.23982869 0.14925054 0.0267666  0.27194861
 0.         0.39614561 0.         0.1111349  0.3254818  0.
 0.         0.         0.         0.         0.         0.21627409
 0.         0.         0.         0.         0.         0.14732334
 0.         0.        ]
pyseer
y_true:  [0. 0. 0. 0. 0. 0. 0. 0. 0. 0. 0. 0. 0. 0. 0. 0. 0. 0. 1. 1. 1. 1. 1. 1.
 0. 0. 0. 0. 0. 0. 1. 1. 1. 1. 1. 1. 0. 0. 0. 0. 0. 0. 1. 1. 1. 1. 1. 1.
 1. 1. 1. 1. 1. 1. 1. 1. 1. 1. 1. 1. 0. 0. 0. 0. 0. 0. 0. 0. 0. 0. 0. 0.
 0. 0. 0. 0. 0. 0. 0. 0. 0. 0. 0. 0. 0. 0. 0. 0. 0. 0. 0. 0. 0. 0. 0. 0.
 0. 0. 0. 0. 0. 0. 0. 0. 0. 0. 0. 0. 0. 0. 0. 0. 0. 0. 0. 0. 0. 0. 0. 0.
 0. 0. 0. 0. 0. 0. 0. 0. 0. 0. 0. 0. 0. 0. 0. 0. 0. 0. 0. 0. 0. 0. 0. 0.
 0. 0. 0. 0. 0. 0. 0. 0. 0. 0. 0. 0. 0. 0. 0. 0. 0. 0. 0. 0. 0. 0. 0. 0.
 0. 0. 0. 0. 0. 0. 0. 0. 0. 0. 0. 0. 0. 0. 0. 0. 0. 0. 0. 0. 0. 0. 0. 0.
 0. 0. 0. 0. 0. 0. 0. 0.]
y_pred:  [1. 1. 1. 1. 0. 1. 0. 0. 0. 0. 0. 0. 1. 0. 1. 1. 0. 1. 1. 1. 1. 0. 1. 1.
 1. 0. 1. 0. 1. 1. 1. 1. 0. 1. 1. 0. 1. 1. 0. 1. 0. 0. 1. 1. 1. 1. 1. 1.
 1. 1. 1. 1. 1. 1. 1. 1. 1. 1. 1. 1. 0. 1. 0. 0. 0. 0. 1. 0. 0. 0. 0. 0.
 1. 0. 0. 0. 0. 0. 0. 0. 1. 0. 0. 0. 0. 0. 0. 1. 0. 0. 0. 1. 0. 0. 1. 0.
 0. 0. 0. 0. 0. 0. 1. 0. 0. 1. 0. 1. 1. 1. 0. 1. 0. 0. 1. 1. 0. 1. 0. 1.
 0. 0. 1. 1. 0. 0. 0. 0. 0. 0. 0. 0. 0. 0. 0. 0. 0. 0. 0. 0. 0. 0. 1. 0.
 0. 0. 0. 0. 0. 0. 0. 0. 0. 0. 0. 1. 0. 0. 0. 0. 0. 1. 0. 0. 0. 0. 0. 0.
 0. 0. 0. 0. 1. 0. 0. 0. 0. 0. 0. 1. 0. 1. 0. 0. 1. 0. 0. 0. 0. 0. 0. 0.
 0. 0. 0. 0. 0. 0. 0. 0.]
Time taken: 24.337785720825195 seconds
Running combination 14 of 50
Fitting RandomForest...
Fitting Adaboost...
Fitting AdaBoost_2...
Fitting et...
Fitting gbc...
Fitting gbc_2...
Fitting gbc_3...
Fitting dt...
Fitting lr...
Fitting Lasso_1...
Fitting Lasso_2...
Fitting Lasso_3...
Fitting Lasso_4...
Fitting elasticnet...
VCF file created successfully.
pyseer stderr:  Read 1000 phenotypes
Detected continuous phenotype
Reading all variants

0variants [00:00, ?variants/s]
56variants [00:00, 553.01variants/s]
112variants [00:00, 485.31variants/s]
168variants [00:00, 516.30variants/s]
198variants [00:00, 520.36variants/s]
Applying correlation filtering

  0%|          | 0/198 [00:00<?, ?variants/s]
100%|██████████| 198/198 [00:00<00:00, 2704.13variants/s]
Fitting elastic net to top 148 variants
Best penalty (lambda) from cross-validation: 1.25E+01
Best R^2 from cross-validation: 0.518
Finding and printing selected variants
198 loaded variants
50 pre-filtered variants
148 tested variants
138 printed variants

True importance standardized:  [0.70828859 0.70828859 0.70828859 0.70828859 0.70828859 0.70828859
 0.27319783 0.27319783 0.27319783 0.27319783 0.27319783 0.27319783
 0.24273381 0.24273381 0.24273381 0.24273381 0.24273381 0.24273381
 0.19979529 0.19979529 0.19979529 0.19979529 0.19979529 0.19979529
 0.20834944 0.20834944 0.20834944 0.20834944 0.20834944 0.20834944
 0.82851719 0.82851719 0.82851719 0.82851719 0.82851719 0.82851719
 1.         1.         1.         1.         1.         1.
 0.56356564 0.56356564 0.56356564 0.56356564 0.56356564 0.56356564
 0.89191925 0.89191925 0.89191925 0.89191925 0.89191925 0.89191925
 0.99520742 0.99520742 0.99520742 0.99520742 0.99520742 0.99520742
 0.         0.         0.         0.         0.         0.
 0.         0.         0.         0.         0.         0.
 0.         0.         0.         0.         0.         0.
 0.         0.         0.         0.         0.         0.
 0.         0.         0.         0.         0.         0.
 0.         0.         0.         0.         0.         0.
 0.         0.         0.         0.         0.         0.
 0.         0.         0.         0.         0.         0.
 0.         0.         0.         0.         0.         0.
 0.         0.         0.         0.         0.         0.
 0.         0.         0.         0.         0.         0.
 0.         0.         0.         0.         0.         0.
 0.         0.         0.         0.         0.         0.
 0.         0.         0.         0.         0.         0.
 0.         0.         0.         0.         0.         0.
 0.         0.         0.         0.         0.         0.
 0.         0.         0.         0.         0.         0.
 0.         0.         0.         0.         0.         0.
 0.         0.         0.         0.         0.         0.
 0.         0.         0.         0.         0.         0.
 0.         0.         0.         0.         0.         0.
 0.         0.         0.         0.         0.         0.
 0.         0.         0.         0.         0.         0.
 0.         0.        ]
Normalized importance:  [0.35129126 0.35129126 0.35129126 0.35129126 0.35129126 0.35129126
 0.10016387 0.10016387 0.10016387 0.10016387 0.10016387 0.10016387
 0.02672829 0.         0.         0.02672829 0.         0.
 0.         0.         0.         0.         0.         0.
 0.05466798 0.05466798 0.         0.05466798 0.05466798 0.
 0.48882129 0.48882129 0.48882129 0.48882129 0.48882129 0.48882129
 1.         1.         1.         1.         1.         1.
 0.17144878 0.17144878 0.17144878 0.17144878 0.17144878 0.17144878
 0.60022799 0.60022799 0.60022799 0.60022799 0.60022799 0.60022799
 0.84704369 0.84704369 0.84704369 0.84704369 0.84704369 0.84704369
 0.         0.         0.         0.         0.         0.01874327
 0.         0.         0.         0.         0.0315309  0.
 0.         0.         0.         0.         0.         0.
 0.01408288 0.         0.         0.         0.01546515 0.
 0.         0.         0.         0.         0.05939552 0.
 0.         0.         0.         0.         0.         0.
 0.         0.         0.         0.         0.         0.01538996
 0.         0.         0.         0.         0.         0.
 0.         0.         0.         0.         0.         0.
 0.         0.         0.         0.         0.         0.
 0.         0.         0.         0.         0.         0.
 0.         0.         0.         0.         0.         0.
 0.         0.         0.         0.         0.         0.
 0.         0.         0.         0.         0.01670013 0.01517855
 0.         0.         0.         0.         0.         0.
 0.         0.         0.0209709  0.02312343 0.         0.
 0.         0.         0.01095486 0.02398993 0.         0.
 0.         0.         0.         0.         0.         0.
 0.         0.         0.         0.         0.         0.01264614
 0.         0.         0.         0.         0.         0.
 0.01144199 0.         0.         0.05798737 0.         0.
 0.         0.         0.         0.0179622  0.         0.
 0.         0.         0.         0.         0.         0.
 0.         0.        ]
deepbreaks
y_true:  [1. 1. 1. 1. 1. 1. 0. 0. 0. 0. 0. 0. 0. 0. 0. 0. 0. 0. 0. 0. 0. 0. 0. 0.
 0. 0. 0. 0. 0. 0. 1. 1. 1. 1. 1. 1. 1. 1. 1. 1. 1. 1. 0. 0. 0. 0. 0. 0.
 1. 1. 1. 1. 1. 1. 1. 1. 1. 1. 1. 1. 0. 0. 0. 0. 0. 0. 0. 0. 0. 0. 0. 0.
 0. 0. 0. 0. 0. 0. 0. 0. 0. 0. 0. 0. 0. 0. 0. 0. 0. 0. 0. 0. 0. 0. 0. 0.
 0. 0. 0. 0. 0. 0. 0. 0. 0. 0. 0. 0. 0. 0. 0. 0. 0. 0. 0. 0. 0. 0. 0. 0.
 0. 0. 0. 0. 0. 0. 0. 0. 0. 0. 0. 0. 0. 0. 0. 0. 0. 0. 0. 0. 0. 0. 0. 0.
 0. 0. 0. 0. 0. 0. 0. 0. 0. 0. 0. 0. 0. 0. 0. 0. 0. 0. 0. 0. 0. 0. 0. 0.
 0. 0. 0. 0. 0. 0. 0. 0. 0. 0. 0. 0. 0. 0. 0. 0. 0. 0. 0. 0. 0. 0. 0. 0.
 0. 0. 0. 0. 0. 0. 0. 0.]
y_pred:  [1. 1. 1. 1. 1. 1. 0. 0. 0. 0. 0. 0. 0. 0. 0. 0. 0. 0. 0. 0. 0. 0. 0. 0.
 0. 0. 0. 0. 0. 0. 1. 1. 1. 1. 1. 1. 1. 1. 1. 1. 1. 1. 1. 1. 1. 1. 1. 1.
 1. 1. 1. 1. 1. 1. 1. 1. 1. 1. 1. 1. 0. 0. 0. 0. 0. 0. 0. 0. 0. 0. 0. 0.
 0. 0. 0. 0. 0. 0. 0. 0. 0. 0. 0. 0. 0. 0. 0. 0. 0. 0. 0. 0. 0. 0. 0. 0.
 0. 0. 0. 0. 0. 0. 0. 0. 0. 0. 0. 0. 0. 0. 0. 0. 0. 0. 0. 0. 0. 0. 0. 0.
 0. 0. 0. 0. 0. 0. 0. 0. 0. 0. 0. 0. 0. 0. 0. 0. 0. 0. 0. 0. 0. 0. 0. 0.
 0. 0. 0. 0. 0. 0. 0. 0. 0. 0. 0. 0. 0. 0. 0. 0. 0. 0. 0. 0. 0. 0. 0. 0.
 0. 0. 0. 0. 0. 0. 0. 0. 0. 0. 0. 0. 0. 0. 0. 0. 0. 0. 0. 0. 0. 0. 0. 0.
 0. 0. 0. 0. 0. 0. 0. 0.]
Normalized importance:  [0.64070796 0.39823009 0.2619469  0.14778761 0.15309735 0.19823009
 0.37345133 0.11610619 0.10690265 0.11469027 0.13486726 0.00769912
 0.09681416 0.         0.00676106 0.17238938 0.04867257 0.17185841
 0.10513274 0.07964602 0.18053097 0.10973451 0.         0.01389381
 0.28318584 0.36814159 0.17168142 0.01562832 0.04566372 0.
 0.60530973 0.29026549 0.39646018 0.21769912 0.47610619 0.26548673
 1.         0.18230088 0.51327434 0.34513274 0.40884956 0.33274336
 0.48849558 0.14230088 0.21769912 0.3699115  0.01626549 0.
 0.66725664 0.33982301 0.4        0.31150442 0.27787611 0.30973451
 0.79292035 0.36283186 0.33451327 0.3699115  0.30442478 0.26017699
 0.01437168 0.16867257 0.         0.19823009 0.05132743 0.22477876
 0.01628319 0.         0.19469027 0.04300885 0.18761062 0.
 0.         0.05840708 0.         0.         0.11451327 0.
 0.18584071 0.         0.19469027 0.         0.23893805 0.
 0.         0.04353982 0.         0.1440708  0.31858407 0.22300885
 0.12442478 0.01284956 0.         0.         0.         0.
 0.08955752 0.         0.         0.         0.         0.07628319
 0.02176991 0.22300885 0.         0.00815929 0.03415929 0.
 0.         0.14707965 0.         0.12513274 0.         0.07345133
 0.05769912 0.07893805 0.         0.         0.05026549 0.15309735
 0.         0.         0.04265487 0.0699115  0.0160885  0.0619469
 0.         0.         0.13840708 0.03132743 0.08707965 0.10300885
 0.         0.         0.10495575 0.         0.         0.
 0.         0.11061947 0.         0.         0.11946903 0.23362832
 0.         0.09628319 0.16619469 0.19292035 0.04743363 0.02884956
 0.         0.         0.18761062 0.08106195 0.         0.
 0.         0.17876106 0.0699115  0.11840708 0.21769912 0.00442478
 0.         0.11097345 0.21769912 0.07539823 0.         0.
 0.00699115 0.         0.13044248 0.         0.22831858 0.21769912
 0.         0.         0.1099115  0.02159292 0.11982301 0.
 0.18584071 0.14176991 0.09061947 0.42477876 0.21238938 0.05309735
 0.09575221 0.05699115 0.         0.22654867 0.03132743 0.04424779
 0.08849558 0.         0.27787611 0.         0.24955752 0.12849558
 0.         0.        ]
pyseer
y_true:  [1. 1. 1. 1. 1. 1. 0. 0. 0. 0. 0. 0. 0. 0. 0. 0. 0. 0. 0. 0. 0. 0. 0. 0.
 0. 0. 0. 0. 0. 0. 1. 1. 1. 1. 1. 1. 1. 1. 1. 1. 1. 1. 0. 0. 0. 0. 0. 0.
 1. 1. 1. 1. 1. 1. 1. 1. 1. 1. 1. 1. 0. 0. 0. 0. 0. 0. 0. 0. 0. 0. 0. 0.
 0. 0. 0. 0. 0. 0. 0. 0. 0. 0. 0. 0. 0. 0. 0. 0. 0. 0. 0. 0. 0. 0. 0. 0.
 0. 0. 0. 0. 0. 0. 0. 0. 0. 0. 0. 0. 0. 0. 0. 0. 0. 0. 0. 0. 0. 0. 0. 0.
 0. 0. 0. 0. 0. 0. 0. 0. 0. 0. 0. 0. 0. 0. 0. 0. 0. 0. 0. 0. 0. 0. 0. 0.
 0. 0. 0. 0. 0. 0. 0. 0. 0. 0. 0. 0. 0. 0. 0. 0. 0. 0. 0. 0. 0. 0. 0. 0.
 0. 0. 0. 0. 0. 0. 0. 0. 0. 0. 0. 0. 0. 0. 0. 0. 0. 0. 0. 0. 0. 0. 0. 0.
 0. 0. 0. 0. 0. 0. 0. 0.]
y_pred:  [1. 1. 1. 1. 1. 1. 1. 0. 0. 0. 0. 0. 0. 0. 0. 1. 0. 1. 0. 0. 1. 0. 0. 0.
 1. 1. 1. 0. 0. 0. 1. 1. 1. 1. 1. 1. 1. 1. 1. 1. 1. 1. 1. 0. 1. 1. 0. 0.
 1. 1. 1. 1. 1. 1. 1. 1. 1. 1. 1. 1. 0. 1. 0. 1. 0. 1. 0. 0. 1. 0. 1. 0.
 0. 0. 0. 0. 0. 0. 1. 0. 1. 0. 1. 0. 0. 0. 0. 1. 1. 1. 0. 0. 0. 0. 0. 0.
 0. 0. 0. 0. 0. 0. 0. 1. 0. 0. 0. 0. 0. 1. 0. 0. 0. 0. 0. 0. 0. 0. 0. 1.
 0. 0. 0. 0. 0. 0. 0. 0. 0. 0. 0. 0. 0. 0. 0. 0. 0. 0. 0. 0. 0. 0. 0. 1.
 0. 0. 1. 1. 0. 0. 0. 0. 1. 0. 0. 0. 0. 1. 0. 0. 1. 0. 0. 0. 1. 0. 0. 0.
 0. 0. 0. 0. 1. 1. 0. 0. 0. 0. 0. 0. 1. 0. 0. 1. 1. 0. 0. 0. 0. 1. 0. 0.
 0. 0. 1. 0. 1. 0. 0. 0.]
Time taken: 25.060241222381592 seconds
Running combination 15 of 50
Fitting RandomForest...
Fitting Adaboost...
Fitting AdaBoost_2...
Fitting et...
Fitting gbc...
Fitting gbc_2...
Fitting gbc_3...
Fitting dt...
Fitting lr...
Fitting Lasso_1...
Fitting Lasso_2...
Fitting Lasso_3...
Fitting Lasso_4...
Fitting elasticnet...
VCF file created successfully.
pyseer stderr:  Read 1000 phenotypes
Detected continuous phenotype
Reading all variants

0variants [00:00, ?variants/s]
56variants [00:00, 552.52variants/s]
112variants [00:00, 485.35variants/s]
168variants [00:00, 515.79variants/s]
198variants [00:00, 519.43variants/s]
Applying correlation filtering

  0%|          | 0/198 [00:00<?, ?variants/s]
100%|██████████| 198/198 [00:00<00:00, 2690.87variants/s]
Fitting elastic net to top 148 variants
Best penalty (lambda) from cross-validation: 2.55E+01
Best R^2 from cross-validation: 0.503
Finding and printing selected variants
198 loaded variants
50 pre-filtered variants
148 tested variants
139 printed variants

True importance standardized:  [0.22316519 0.22316519 0.22316519 0.22316519 0.22316519 0.22316519
 0.92659776 0.92659776 0.92659776 0.92659776 0.92659776 0.92659776
 0.17582124 0.17582124 0.17582124 0.17582124 0.17582124 0.17582124
 0.31287418 0.31287418 0.31287418 0.31287418 0.31287418 0.31287418
 0.73804319 0.73804319 0.73804319 0.73804319 0.73804319 0.73804319
 0.38764741 0.38764741 0.38764741 0.38764741 0.38764741 0.38764741
 0.14383578 0.14383578 0.14383578 0.14383578 0.14383578 0.14383578
 1.         1.         1.         1.         1.         1.
 0.90434785 0.90434785 0.90434785 0.90434785 0.90434785 0.90434785
 0.92784459 0.92784459 0.92784459 0.92784459 0.92784459 0.92784459
 0.         0.         0.         0.         0.         0.
 0.         0.         0.         0.         0.         0.
 0.         0.         0.         0.         0.         0.
 0.         0.         0.         0.         0.         0.
 0.         0.         0.         0.         0.         0.
 0.         0.         0.         0.         0.         0.
 0.         0.         0.         0.         0.         0.
 0.         0.         0.         0.         0.         0.
 0.         0.         0.         0.         0.         0.
 0.         0.         0.         0.         0.         0.
 0.         0.         0.         0.         0.         0.
 0.         0.         0.         0.         0.         0.
 0.         0.         0.         0.         0.         0.
 0.         0.         0.         0.         0.         0.
 0.         0.         0.         0.         0.         0.
 0.         0.         0.         0.         0.         0.
 0.         0.         0.         0.         0.         0.
 0.         0.         0.         0.         0.         0.
 0.         0.         0.         0.         0.         0.
 0.         0.         0.         0.         0.         0.
 0.         0.         0.         0.         0.         0.
 0.         0.         0.         0.         0.         0.
 0.         0.         0.         0.         0.         0.
 0.         0.        ]
Normalized importance:  [0.         0.01709295 0.         0.         0.01809886 0.
 0.97367879 0.97367879 0.97367879 0.97367879 0.97367879 0.97367879
 0.         0.         0.         0.         0.         0.
 0.08681429 0.08681429 0.08681429 0.08681429 0.08681429 0.08681429
 0.53086597 0.53086597 0.53086597 0.53086597 0.53086597 0.53086597
 0.11393189 0.11393189 0.11393189 0.11393189 0.11393189 0.11393189
 0.         0.02432981 0.         0.         0.         0.
 1.         1.         1.         1.         1.         1.
 0.63363014 0.63363014 0.63363014 0.63363014 0.63363014 0.63363014
 0.63658565 0.63658565 0.63658565 0.63658565 0.63658565 0.63658565
 0.         0.         0.         0.         0.         0.
 0.         0.         0.         0.         0.         0.
 0.         0.         0.         0.01720595 0.         0.04331111
 0.09370695 0.         0.         0.         0.         0.
 0.         0.         0.         0.         0.         0.
 0.         0.         0.         0.         0.         0.
 0.         0.         0.         0.         0.         0.
 0.02454167 0.         0.         0.         0.         0.
 0.         0.         0.         0.         0.07079906 0.
 0.         0.         0.         0.         0.         0.
 0.         0.         0.         0.         0.         0.
 0.         0.         0.         0.         0.         0.
 0.         0.         0.         0.         0.         0.
 0.         0.05090231 0.         0.         0.         0.
 0.         0.         0.         0.         0.         0.
 0.         0.         0.         0.         0.         0.
 0.         0.         0.         0.         0.         0.
 0.         0.         0.         0.         0.01117593 0.
 0.         0.         0.         0.         0.         0.01274055
 0.         0.         0.         0.         0.         0.
 0.         0.         0.         0.         0.         0.
 0.         0.         0.         0.         0.         0.
 0.         0.         0.         0.         0.         0.06752404
 0.         0.        ]
deepbreaks
y_true:  [0. 0. 0. 0. 0. 0. 1. 1. 1. 1. 1. 1. 0. 0. 0. 0. 0. 0. 0. 0. 0. 0. 0. 0.
 1. 1. 1. 1. 1. 1. 0. 0. 0. 0. 0. 0. 0. 0. 0. 0. 0. 0. 1. 1. 1. 1. 1. 1.
 1. 1. 1. 1. 1. 1. 1. 1. 1. 1. 1. 1. 0. 0. 0. 0. 0. 0. 0. 0. 0. 0. 0. 0.
 0. 0. 0. 0. 0. 0. 0. 0. 0. 0. 0. 0. 0. 0. 0. 0. 0. 0. 0. 0. 0. 0. 0. 0.
 0. 0. 0. 0. 0. 0. 0. 0. 0. 0. 0. 0. 0. 0. 0. 0. 0. 0. 0. 0. 0. 0. 0. 0.
 0. 0. 0. 0. 0. 0. 0. 0. 0. 0. 0. 0. 0. 0. 0. 0. 0. 0. 0. 0. 0. 0. 0. 0.
 0. 0. 0. 0. 0. 0. 0. 0. 0. 0. 0. 0. 0. 0. 0. 0. 0. 0. 0. 0. 0. 0. 0. 0.
 0. 0. 0. 0. 0. 0. 0. 0. 0. 0. 0. 0. 0. 0. 0. 0. 0. 0. 0. 0. 0. 0. 0. 0.
 0. 0. 0. 0. 0. 0. 0. 0.]
y_pred:  [0. 0. 0. 0. 0. 0. 1. 1. 1. 1. 1. 1. 0. 0. 0. 0. 0. 0. 0. 0. 0. 0. 0. 0.
 1. 1. 1. 1. 1. 1. 0. 0. 0. 0. 0. 0. 0. 0. 0. 0. 0. 0. 1. 1. 1. 1. 1. 1.
 1. 1. 1. 1. 1. 1. 1. 1. 1. 1. 1. 1. 0. 0. 0. 0. 0. 0. 0. 0. 0. 0. 0. 0.
 0. 0. 0. 0. 0. 0. 0. 0. 0. 0. 0. 0. 0. 0. 0. 0. 0. 0. 0. 0. 0. 0. 0. 0.
 0. 0. 0. 0. 0. 0. 0. 0. 0. 0. 0. 0. 0. 0. 0. 0. 0. 0. 0. 0. 0. 0. 0. 0.
 0. 0. 0. 0. 0. 0. 0. 0. 0. 0. 0. 0. 0. 0. 0. 0. 0. 0. 0. 0. 0. 0. 0. 0.
 0. 0. 0. 0. 0. 0. 0. 0. 0. 0. 0. 0. 0. 0. 0. 0. 0. 0. 0. 0. 0. 0. 0. 0.
 0. 0. 0. 0. 0. 0. 0. 0. 0. 0. 0. 0. 0. 0. 0. 0. 0. 0. 0. 0. 0. 0. 0. 0.
 0. 0. 0. 0. 0. 0. 0. 0.]
Normalized importance:  [6.43162393e-02 3.03418803e-01 4.09188034e-02 2.24358974e-01
 2.08333333e-01 0.00000000e+00 8.89957265e-01 2.54273504e-01
 5.45940171e-01 4.26282051e-01 3.52564103e-01 7.47863248e-01
 2.64957265e-01 1.50641026e-01 0.00000000e+00 0.00000000e+00
 4.31623932e-02 2.21153846e-01 1.22863248e-01 1.70940171e-01
 4.35897436e-01 1.88034188e-01 3.34401709e-02 1.23931624e-01
 8.81410256e-01 1.95512821e-01 3.09829060e-01 2.36111111e-01
 3.44017094e-01 4.83974359e-01 4.85042735e-01 3.46153846e-01
 4.14529915e-02 1.16452991e-01 1.95512821e-01 4.50854701e-01
 2.14743590e-01 8.71794872e-02 0.00000000e+00 5.30982906e-02
 1.28205128e-02 7.89529915e-03 1.00000000e+00 4.29487179e-01
 5.89743590e-01 4.83974359e-01 5.38461538e-01 6.32478632e-02
 6.49572650e-01 3.87820513e-01 3.40811966e-01 2.99145299e-01
 5.28846154e-01 3.78205128e-01 7.87393162e-01 5.82264957e-01
 3.82478632e-01 4.09188034e-01 4.01709402e-01 1.48504274e-01
 1.05555556e-01 0.00000000e+00 0.00000000e+00 8.66452991e-02
 0.00000000e+00 0.00000000e+00 1.39957265e-01 0.00000000e+00
 1.33547009e-01 9.90384615e-02 0.00000000e+00 8.16239316e-02
 2.55341880e-01 0.00000000e+00 1.13247863e-01 2.21153846e-01
 0.00000000e+00 3.09829060e-01 5.18162393e-01 1.76282051e-02
 0.00000000e+00 0.00000000e+00 6.20726496e-04 1.35683761e-01
 0.00000000e+00 0.00000000e+00 0.00000000e+00 0.00000000e+00
 2.98076923e-02 0.00000000e+00 2.29700855e-01 1.59188034e-01
 8.58974359e-02 1.35683761e-01 4.24145299e-02 1.06410256e-01
 1.80555556e-02 4.80769231e-02 0.00000000e+00 0.00000000e+00
 2.73504274e-01 8.82478632e-02 2.95940171e-01 0.00000000e+00
 1.97649573e-01 0.00000000e+00 4.08119658e-02 0.00000000e+00
 1.82692308e-01 1.67735043e-01 0.00000000e+00 0.00000000e+00
 2.58547009e-01 1.28205128e-01 0.00000000e+00 0.00000000e+00
 9.44444444e-03 8.99572650e-03 2.35042735e-02 2.13675214e-01
 6.13247863e-02 1.44230769e-02 4.93589744e-02 2.05128205e-01
 0.00000000e+00 1.14316239e-01 1.30341880e-01 0.00000000e+00
 0.00000000e+00 0.00000000e+00 0.00000000e+00 3.38675214e-01
 1.44230769e-01 1.99786325e-01 1.10042735e-01 3.61111111e-02
 0.00000000e+00 5.18162393e-02 1.95512821e-01 4.30555556e-01
 2.43589744e-01 0.00000000e+00 0.00000000e+00 7.14743590e-03
 1.05982906e-01 0.00000000e+00 1.26068376e-01 1.67735043e-01
 5.84401709e-02 7.13675214e-02 0.00000000e+00 2.50000000e-01
 5.86538462e-02 1.62393162e-01 2.10470085e-01 0.00000000e+00
 0.00000000e+00 4.96794872e-02 0.00000000e+00 0.00000000e+00
 0.00000000e+00 0.00000000e+00 1.20726496e-01 1.08974359e-01
 1.79487179e-01 3.38675214e-01 1.26068376e-01 1.83760684e-01
 0.00000000e+00 0.00000000e+00 0.00000000e+00 0.00000000e+00
 8.63247863e-02 0.00000000e+00 0.00000000e+00 1.44230769e-01
 2.25427350e-01 0.00000000e+00 2.46794872e-01 0.00000000e+00
 1.14316239e-01 8.23717949e-02 0.00000000e+00 2.79914530e-01
 0.00000000e+00 1.73076923e-01 6.59188034e-02 5.24572650e-02
 0.00000000e+00 0.00000000e+00 3.34401709e-02 0.00000000e+00
 3.79273504e-02 0.00000000e+00 7.11538462e-03 0.00000000e+00
 4.19871795e-02 3.98504274e-01 0.00000000e+00 0.00000000e+00]
pyseer
y_true:  [0. 0. 0. 0. 0. 0. 1. 1. 1. 1. 1. 1. 0. 0. 0. 0. 0. 0. 0. 0. 0. 0. 0. 0.
 1. 1. 1. 1. 1. 1. 0. 0. 0. 0. 0. 0. 0. 0. 0. 0. 0. 0. 1. 1. 1. 1. 1. 1.
 1. 1. 1. 1. 1. 1. 1. 1. 1. 1. 1. 1. 0. 0. 0. 0. 0. 0. 0. 0. 0. 0. 0. 0.
 0. 0. 0. 0. 0. 0. 0. 0. 0. 0. 0. 0. 0. 0. 0. 0. 0. 0. 0. 0. 0. 0. 0. 0.
 0. 0. 0. 0. 0. 0. 0. 0. 0. 0. 0. 0. 0. 0. 0. 0. 0. 0. 0. 0. 0. 0. 0. 0.
 0. 0. 0. 0. 0. 0. 0. 0. 0. 0. 0. 0. 0. 0. 0. 0. 0. 0. 0. 0. 0. 0. 0. 0.
 0. 0. 0. 0. 0. 0. 0. 0. 0. 0. 0. 0. 0. 0. 0. 0. 0. 0. 0. 0. 0. 0. 0. 0.
 0. 0. 0. 0. 0. 0. 0. 0. 0. 0. 0. 0. 0. 0. 0. 0. 0. 0. 0. 0. 0. 0. 0. 0.
 0. 0. 0. 0. 0. 0. 0. 0.]
y_pred:  [0. 1. 0. 1. 1. 0. 1. 1. 1. 1. 1. 1. 1. 0. 0. 0. 0. 1. 0. 1. 1. 1. 0. 0.
 1. 1. 1. 1. 1. 1. 1. 1. 0. 0. 1. 1. 1. 0. 0. 0. 0. 0. 1. 1. 1. 1. 1. 0.
 1. 1. 1. 1. 1. 1. 1. 1. 1. 1. 1. 0. 0. 0. 0. 0. 0. 0. 0. 0. 0. 0. 0. 0.
 1. 0. 0. 1. 0. 1. 1. 0. 0. 0. 0. 0. 0. 0. 0. 0. 0. 0. 1. 0. 0. 0. 0. 0.
 0. 0. 0. 0. 1. 0. 1. 0. 1. 0. 0. 0. 1. 1. 0. 0. 1. 0. 0. 0. 0. 0. 0. 1.
 0. 0. 0. 1. 0. 0. 0. 0. 0. 0. 0. 1. 0. 1. 0. 0. 0. 0. 1. 1. 1. 0. 0. 0.
 0. 0. 0. 1. 0. 0. 0. 1. 0. 0. 1. 0. 0. 0. 0. 0. 0. 0. 0. 0. 1. 1. 0. 1.
 0. 0. 0. 0. 0. 0. 0. 0. 1. 0. 1. 0. 0. 0. 0. 1. 0. 1. 0. 0. 0. 0. 0. 0.
 0. 0. 0. 0. 0. 1. 0. 0.]
Time taken: 23.7755184173584 seconds
Running combination 16 of 50
Fitting RandomForest...
Fitting Adaboost...
Fitting AdaBoost_2...
Fitting et...
Fitting gbc...
Fitting gbc_2...
Fitting gbc_3...
Fitting dt...
Fitting lr...
Fitting Lasso_1...
Fitting Lasso_2...
Fitting Lasso_3...
Fitting Lasso_4...
Fitting elasticnet...
VCF file created successfully.
pyseer stderr:  Read 1000 phenotypes
Detected continuous phenotype
Reading all variants

0variants [00:00, ?variants/s]
56variants [00:00, 550.86variants/s]
112variants [00:00, 482.87variants/s]
168variants [00:00, 513.01variants/s]
198variants [00:00, 517.21variants/s]
Applying correlation filtering

  0%|          | 0/198 [00:00<?, ?variants/s]
100%|██████████| 198/198 [00:00<00:00, 2729.31variants/s]
Fitting elastic net to top 148 variants
Best penalty (lambda) from cross-validation: 1.04E+02
Best R^2 from cross-validation: 0.461
Finding and printing selected variants
198 loaded variants
50 pre-filtered variants
148 tested variants
134 printed variants

True importance standardized:  [0.91666654 0.91666654 0.91666654 0.91666654 0.91666654 0.91666654
 0.80198534 0.80198534 0.80198534 0.80198534 0.80198534 0.80198534
 0.63634935 0.63634935 0.63634935 0.63634935 0.63634935 0.63634935
 1.         1.         1.         1.         1.         1.
 0.46677166 0.46677166 0.46677166 0.46677166 0.46677166 0.46677166
 0.67391417 0.67391417 0.67391417 0.67391417 0.67391417 0.67391417
 0.95571246 0.95571246 0.95571246 0.95571246 0.95571246 0.95571246
 0.7224757  0.7224757  0.7224757  0.7224757  0.7224757  0.7224757
 0.84824031 0.84824031 0.84824031 0.84824031 0.84824031 0.84824031
 0.39962793 0.39962793 0.39962793 0.39962793 0.39962793 0.39962793
 0.         0.         0.         0.         0.         0.
 0.         0.         0.         0.         0.         0.
 0.         0.         0.         0.         0.         0.
 0.         0.         0.         0.         0.         0.
 0.         0.         0.         0.         0.         0.
 0.         0.         0.         0.         0.         0.
 0.         0.         0.         0.         0.         0.
 0.         0.         0.         0.         0.         0.
 0.         0.         0.         0.         0.         0.
 0.         0.         0.         0.         0.         0.
 0.         0.         0.         0.         0.         0.
 0.         0.         0.         0.         0.         0.
 0.         0.         0.         0.         0.         0.
 0.         0.         0.         0.         0.         0.
 0.         0.         0.         0.         0.         0.
 0.         0.         0.         0.         0.         0.
 0.         0.         0.         0.         0.         0.
 0.         0.         0.         0.         0.         0.
 0.         0.         0.         0.         0.         0.
 0.         0.         0.         0.         0.         0.
 0.         0.         0.         0.         0.         0.
 0.         0.         0.         0.         0.         0.
 0.         0.         0.         0.         0.         0.
 0.         0.        ]
Normalized importance:  [0.99708548 0.99708548 0.99708548 0.99708548 0.99708548 0.99708548
 0.8125021  0.8125021  0.8125021  0.8125021  0.8125021  0.8125021
 0.39188006 0.39188006 0.39188006 0.39188006 0.39188006 0.39188006
 1.         1.         1.         1.         1.         1.
 0.23536323 0.23536323 0.23536323 0.23536323 0.23536323 0.23536323
 0.39840106 0.39840106 0.39840106 0.39840106 0.39840106 0.39840106
 0.69253981 0.69253981 0.69253981 0.69253981 0.69253981 0.69253981
 0.38623396 0.38623396 0.38623396 0.38623396 0.38623396 0.38623396
 0.7122431  0.7122431  0.7122431  0.7122431  0.7122431  0.7122431
 0.17729665 0.17729665 0.17729665 0.17729665 0.17729665 0.17729665
 0.         0.         0.         0.03138134 0.         0.
 0.         0.         0.         0.         0.02590674 0.
 0.         0.         0.         0.         0.         0.
 0.         0.         0.         0.02246668 0.         0.
 0.         0.         0.         0.         0.         0.
 0.         0.         0.         0.         0.         0.
 0.         0.         0.         0.         0.         0.
 0.         0.         0.         0.         0.         0.
 0.0310903  0.         0.         0.         0.01916867 0.
 0.         0.         0.         0.         0.         0.
 0.         0.         0.         0.         0.         0.
 0.         0.         0.         0.         0.         0.
 0.02485516 0.         0.         0.         0.         0.
 0.         0.         0.         0.         0.         0.
 0.         0.03367542 0.         0.         0.         0.
 0.         0.         0.         0.         0.         0.
 0.         0.         0.         0.         0.         0.
 0.02307293 0.         0.         0.         0.         0.
 0.         0.         0.         0.         0.         0.
 0.         0.         0.         0.         0.         0.
 0.         0.         0.         0.         0.         0.
 0.         0.         0.         0.         0.         0.
 0.         0.         0.         0.         0.         0.
 0.         0.        ]
deepbreaks
y_true:  [1. 1. 1. 1. 1. 1. 1. 1. 1. 1. 1. 1. 0. 0. 0. 0. 0. 0. 1. 1. 1. 1. 1. 1.
 0. 0. 0. 0. 0. 0. 0. 0. 0. 0. 0. 0. 1. 1. 1. 1. 1. 1. 0. 0. 0. 0. 0. 0.
 1. 1. 1. 1. 1. 1. 0. 0. 0. 0. 0. 0. 0. 0. 0. 0. 0. 0. 0. 0. 0. 0. 0. 0.
 0. 0. 0. 0. 0. 0. 0. 0. 0. 0. 0. 0. 0. 0. 0. 0. 0. 0. 0. 0. 0. 0. 0. 0.
 0. 0. 0. 0. 0. 0. 0. 0. 0. 0. 0. 0. 0. 0. 0. 0. 0. 0. 0. 0. 0. 0. 0. 0.
 0. 0. 0. 0. 0. 0. 0. 0. 0. 0. 0. 0. 0. 0. 0. 0. 0. 0. 0. 0. 0. 0. 0. 0.
 0. 0. 0. 0. 0. 0. 0. 0. 0. 0. 0. 0. 0. 0. 0. 0. 0. 0. 0. 0. 0. 0. 0. 0.
 0. 0. 0. 0. 0. 0. 0. 0. 0. 0. 0. 0. 0. 0. 0. 0. 0. 0. 0. 0. 0. 0. 0. 0.
 0. 0. 0. 0. 0. 0. 0. 0.]
y_pred:  [1. 1. 1. 1. 1. 1. 1. 1. 1. 1. 1. 1. 0. 0. 0. 0. 0. 0. 1. 1. 1. 1. 1. 1.
 0. 0. 0. 0. 0. 0. 1. 1. 1. 1. 1. 1. 1. 1. 1. 1. 1. 1. 0. 0. 0. 0. 0. 0.
 1. 1. 1. 1. 1. 1. 0. 0. 0. 0. 0. 0. 0. 0. 0. 0. 0. 0. 0. 0. 0. 0. 0. 0.
 0. 0. 0. 0. 0. 0. 0. 0. 0. 0. 0. 0. 0. 0. 0. 0. 0. 0. 0. 0. 0. 0. 0. 0.
 0. 0. 0. 0. 0. 0. 0. 0. 0. 0. 0. 0. 0. 0. 0. 0. 0. 0. 0. 0. 0. 0. 0. 0.
 0. 0. 0. 0. 0. 0. 0. 0. 0. 0. 0. 0. 0. 0. 0. 0. 0. 0. 0. 0. 0. 0. 0. 0.
 0. 0. 0. 0. 0. 0. 0. 0. 0. 0. 0. 0. 0. 0. 0. 0. 0. 0. 0. 0. 0. 0. 0. 0.
 0. 0. 0. 0. 0. 0. 0. 0. 0. 0. 0. 0. 0. 0. 0. 0. 0. 0. 0. 0. 0. 0. 0. 0.
 0. 0. 0. 0. 0. 0. 0. 0.]
Normalized importance:  [8.98395722e-01 5.61497326e-01 5.28877005e-01 6.73796791e-01
 5.77540107e-01 7.86096257e-01 8.93048128e-01 6.52406417e-01
 6.89839572e-01 4.65775401e-01 5.56149733e-01 2.49732620e-01
 5.66844920e-01 6.36363636e-01 3.28342246e-01 2.76470588e-01
 5.10695187e-01 6.20320856e-01 9.30481283e-01 7.32620321e-01
 7.27272727e-01 4.98395722e-01 6.20320856e-01 6.68449198e-01
 7.64705882e-01 3.19251337e-01 4.63101604e-01 2.02139037e-01
 1.93048128e-01 2.33155080e-01 7.75401070e-01 4.51871658e-01
 4.89839572e-01 2.27272727e-01 0.00000000e+00 4.24064171e-01
 1.00000000e+00 3.44919786e-01 6.31016043e-01 5.20320856e-01
 5.98930481e-01 3.57754011e-01 9.14438503e-01 0.00000000e+00
 5.98930481e-01 2.58288770e-01 4.14438503e-01 5.77540107e-01
 9.09090909e-01 5.88235294e-01 3.31016043e-01 6.36363636e-01
 4.66310160e-01 4.41176471e-01 4.82352941e-01 4.33689840e-03
 4.64705882e-01 4.28877005e-01 0.00000000e+00 4.82352941e-01
 0.00000000e+00 0.00000000e+00 0.00000000e+00 4.51871658e-01
 0.00000000e+00 2.49732620e-01 2.05347594e-01 0.00000000e+00
 1.34224599e-02 0.00000000e+00 2.92513369e-01 7.43315508e-02
 0.00000000e+00 3.55614973e-01 0.00000000e+00 2.18716578e-02
 3.39037433e-01 1.93582888e-01 2.54010695e-01 2.35828877e-01
 0.00000000e+00 3.20855615e-01 0.00000000e+00 1.82887701e-01
 1.27807487e-01 0.00000000e+00 2.40641711e-01 0.00000000e+00
 9.57219251e-02 4.71122995e-02 0.00000000e+00 0.00000000e+00
 3.38502674e-02 0.00000000e+00 1.25133690e-01 0.00000000e+00
 9.09090909e-02 0.00000000e+00 0.00000000e+00 3.70588235e-02
 1.29946524e-01 0.00000000e+00 1.15508021e-01 9.94652406e-04
 0.00000000e+00 0.00000000e+00 9.03743316e-02 1.06417112e-01
 3.70053476e-01 3.32085561e-01 1.06417112e-01 0.00000000e+00
 2.88770053e-01 0.00000000e+00 0.00000000e+00 0.00000000e+00
 4.88235294e-02 0.00000000e+00 0.00000000e+00 2.49732620e-02
 5.34759358e-02 1.56684492e-01 0.00000000e+00 6.63101604e-03
 0.00000000e+00 7.48663102e-02 3.86631016e-01 0.00000000e+00
 8.87700535e-02 0.00000000e+00 1.72192513e-01 1.09090909e-01
 3.52406417e-01 0.00000000e+00 9.57219251e-02 0.00000000e+00
 1.72727273e-01 0.00000000e+00 0.00000000e+00 0.00000000e+00
 2.89304813e-01 3.52941176e-02 0.00000000e+00 1.93582888e-01
 5.02673797e-05 2.40641711e-01 0.00000000e+00 0.00000000e+00
 1.98395722e-01 6.20320856e-02 2.08556150e-01 1.86631016e-01
 3.98930481e-01 0.00000000e+00 0.00000000e+00 0.00000000e+00
 0.00000000e+00 0.00000000e+00 1.86631016e-01 3.44385027e-01
 0.00000000e+00 0.00000000e+00 4.57754011e-01 0.00000000e+00
 0.00000000e+00 0.00000000e+00 5.56149733e-02 0.00000000e+00
 1.42245989e-01 1.57754011e-01 0.00000000e+00 3.03208556e-01
 2.13368984e-01 1.20320856e-02 0.00000000e+00 0.00000000e+00
 0.00000000e+00 0.00000000e+00 1.93582888e-01 2.23529412e-01
 0.00000000e+00 1.24598930e-01 0.00000000e+00 3.52406417e-02
 2.08021390e-02 6.41711230e-02 6.52406417e-02 4.30481283e-01
 2.44385027e-01 1.12299465e-02 1.63636364e-01 0.00000000e+00
 0.00000000e+00 0.00000000e+00 1.32620321e-01 1.73796791e-01
 0.00000000e+00 9.46524064e-02 0.00000000e+00 0.00000000e+00]
pyseer
y_true:  [1. 1. 1. 1. 1. 1. 1. 1. 1. 1. 1. 1. 0. 0. 0. 0. 0. 0. 1. 1. 1. 1. 1. 1.
 0. 0. 0. 0. 0. 0. 0. 0. 0. 0. 0. 0. 1. 1. 1. 1. 1. 1. 0. 0. 0. 0. 0. 0.
 1. 1. 1. 1. 1. 1. 0. 0. 0. 0. 0. 0. 0. 0. 0. 0. 0. 0. 0. 0. 0. 0. 0. 0.
 0. 0. 0. 0. 0. 0. 0. 0. 0. 0. 0. 0. 0. 0. 0. 0. 0. 0. 0. 0. 0. 0. 0. 0.
 0. 0. 0. 0. 0. 0. 0. 0. 0. 0. 0. 0. 0. 0. 0. 0. 0. 0. 0. 0. 0. 0. 0. 0.
 0. 0. 0. 0. 0. 0. 0. 0. 0. 0. 0. 0. 0. 0. 0. 0. 0. 0. 0. 0. 0. 0. 0. 0.
 0. 0. 0. 0. 0. 0. 0. 0. 0. 0. 0. 0. 0. 0. 0. 0. 0. 0. 0. 0. 0. 0. 0. 0.
 0. 0. 0. 0. 0. 0. 0. 0. 0. 0. 0. 0. 0. 0. 0. 0. 0. 0. 0. 0. 0. 0. 0. 0.
 0. 0. 0. 0. 0. 0. 0. 0.]
y_pred:  [1. 1. 1. 1. 1. 1. 1. 1. 1. 1. 1. 0. 1. 1. 1. 1. 1. 1. 1. 1. 1. 1. 1. 1.
 1. 1. 1. 0. 0. 0. 1. 1. 1. 0. 0. 1. 1. 1. 1. 1. 1. 1. 1. 0. 1. 1. 1. 1.
 1. 1. 1. 1. 1. 1. 1. 0. 1. 1. 0. 1. 0. 0. 0. 1. 0. 0. 0. 0. 0. 0. 1. 0.
 0. 1. 0. 0. 1. 0. 0. 0. 0. 1. 0. 0. 0. 0. 0. 0. 0. 0. 0. 0. 0. 0. 0. 0.
 0. 0. 0. 0. 0. 0. 0. 0. 0. 0. 0. 0. 1. 1. 0. 0. 1. 0. 0. 0. 0. 0. 0. 0.
 0. 0. 0. 0. 0. 0. 1. 0. 0. 0. 0. 0. 1. 0. 0. 0. 0. 0. 0. 0. 1. 0. 0. 0.
 0. 0. 0. 0. 0. 0. 0. 0. 1. 0. 0. 0. 0. 0. 0. 1. 0. 0. 1. 0. 0. 0. 0. 0.
 0. 0. 0. 1. 0. 0. 0. 0. 0. 0. 0. 0. 0. 0. 0. 0. 0. 0. 0. 1. 0. 0. 0. 0.
 0. 0. 0. 0. 0. 0. 0. 0.]
Time taken: 23.975838661193848 seconds
Running combination 17 of 50
Fitting RandomForest...
Fitting Adaboost...
Fitting AdaBoost_2...
Fitting et...
Fitting gbc...
Fitting gbc_2...
Fitting gbc_3...
Fitting dt...
Fitting lr...
Fitting Lasso_1...
Fitting Lasso_2...
Fitting Lasso_3...
Fitting Lasso_4...
Fitting elasticnet...
VCF file created successfully.
pyseer stderr:  Read 1000 phenotypes
Detected continuous phenotype
Reading all variants

0variants [00:00, ?variants/s]
53variants [00:00, 521.49variants/s]
106variants [00:00, 470.75variants/s]
162variants [00:00, 505.28variants/s]
198variants [00:00, 504.56variants/s]
Applying correlation filtering

  0%|          | 0/198 [00:00<?, ?variants/s]
100%|██████████| 198/198 [00:00<00:00, 2622.72variants/s]
Fitting elastic net to top 148 variants
Best penalty (lambda) from cross-validation: 3.64E+01
Best R^2 from cross-validation: 0.470
Finding and printing selected variants
198 loaded variants
50 pre-filtered variants
148 tested variants
135 printed variants

True importance standardized:  [0.7060321  0.7060321  0.7060321  0.7060321  0.7060321  0.7060321
 0.10480231 0.10480231 0.10480231 0.10480231 0.10480231 0.10480231
 0.18963855 0.18963855 0.18963855 0.18963855 0.18963855 0.18963855
 0.45511499 0.45511499 0.45511499 0.45511499 0.45511499 0.45511499
 0.63290509 0.63290509 0.63290509 0.63290509 0.63290509 0.63290509
 0.60895479 0.60895479 0.60895479 0.60895479 0.60895479 0.60895479
 1.         1.         1.         1.         1.         1.
 0.99913869 0.99913869 0.99913869 0.99913869 0.99913869 0.99913869
 0.87626907 0.87626907 0.87626907 0.87626907 0.87626907 0.87626907
 0.40668543 0.40668543 0.40668543 0.40668543 0.40668543 0.40668543
 0.         0.         0.         0.         0.         0.
 0.         0.         0.         0.         0.         0.
 0.         0.         0.         0.         0.         0.
 0.         0.         0.         0.         0.         0.
 0.         0.         0.         0.         0.         0.
 0.         0.         0.         0.         0.         0.
 0.         0.         0.         0.         0.         0.
 0.         0.         0.         0.         0.         0.
 0.         0.         0.         0.         0.         0.
 0.         0.         0.         0.         0.         0.
 0.         0.         0.         0.         0.         0.
 0.         0.         0.         0.         0.         0.
 0.         0.         0.         0.         0.         0.
 0.         0.         0.         0.         0.         0.
 0.         0.         0.         0.         0.         0.
 0.         0.         0.         0.         0.         0.
 0.         0.         0.         0.         0.         0.
 0.         0.         0.         0.         0.         0.
 0.         0.         0.         0.         0.         0.
 0.         0.         0.         0.         0.         0.
 0.         0.         0.         0.         0.         0.
 0.         0.         0.         0.         0.         0.
 0.         0.         0.         0.         0.         0.
 0.         0.        ]
Normalized importance:  [0.58683363 0.58683363 0.58683363 0.58683363 0.58683363 0.58683363
 0.051089   0.         0.051089   0.051089   0.         0.051089
 0.0236403  0.0236403  0.0236403  0.0236403  0.0236403  0.0236403
 0.55045631 0.55045631 0.55045631 0.55045631 0.55045631 0.55045631
 0.57572791 0.57572791 0.57572791 0.57572791 0.57572791 0.57572791
 0.4153826  0.4153826  0.4153826  0.4153826  0.4153826  0.4153826
 1.         1.         1.         1.         1.         1.
 0.82213712 0.82213712 0.82213712 0.82213712 0.82213712 0.82213712
 0.58573631 0.58573631 0.58573631 0.58573631 0.58573631 0.58573631
 0.15371451 0.15371451 0.15371451 0.15371451 0.15371451 0.15371451
 0.         0.         0.         0.         0.01168365 0.01829788
 0.         0.         0.         0.         0.         0.
 0.         0.         0.         0.         0.         0.
 0.02583656 0.         0.         0.         0.         0.
 0.         0.         0.01128086 0.         0.         0.
 0.         0.         0.         0.         0.         0.
 0.         0.         0.         0.         0.         0.
 0.         0.         0.         0.         0.01217832 0.
 0.         0.         0.         0.         0.         0.
 0.         0.         0.         0.         0.         0.
 0.         0.         0.         0.01136216 0.         0.01590276
 0.01411736 0.01096119 0.         0.01845389 0.         0.01480508
 0.00759925 0.         0.         0.         0.         0.
 0.         0.02312666 0.         0.         0.         0.
 0.         0.01314319 0.         0.         0.         0.
 0.         0.         0.         0.         0.         0.
 0.         0.         0.         0.01259827 0.         0.
 0.         0.         0.         0.00873829 0.         0.
 0.         0.         0.         0.         0.         0.05937667
 0.         0.02395711 0.02282305 0.         0.         0.
 0.         0.         0.         0.         0.         0.
 0.         0.         0.03527775 0.01399029 0.         0.
 0.00496279 0.         0.00820074 0.         0.         0.
 0.         0.        ]
deepbreaks
y_true:  [1. 1. 1. 1. 1. 1. 0. 0. 0. 0. 0. 0. 0. 0. 0. 0. 0. 0. 0. 0. 0. 0. 0. 0.
 1. 1. 1. 1. 1. 1. 0. 0. 0. 0. 0. 0. 1. 1. 1. 1. 1. 1. 1. 1. 1. 1. 1. 1.
 1. 1. 1. 1. 1. 1. 0. 0. 0. 0. 0. 0. 0. 0. 0. 0. 0. 0. 0. 0. 0. 0. 0. 0.
 0. 0. 0. 0. 0. 0. 0. 0. 0. 0. 0. 0. 0. 0. 0. 0. 0. 0. 0. 0. 0. 0. 0. 0.
 0. 0. 0. 0. 0. 0. 0. 0. 0. 0. 0. 0. 0. 0. 0. 0. 0. 0. 0. 0. 0. 0. 0. 0.
 0. 0. 0. 0. 0. 0. 0. 0. 0. 0. 0. 0. 0. 0. 0. 0. 0. 0. 0. 0. 0. 0. 0. 0.
 0. 0. 0. 0. 0. 0. 0. 0. 0. 0. 0. 0. 0. 0. 0. 0. 0. 0. 0. 0. 0. 0. 0. 0.
 0. 0. 0. 0. 0. 0. 0. 0. 0. 0. 0. 0. 0. 0. 0. 0. 0. 0. 0. 0. 0. 0. 0. 0.
 0. 0. 0. 0. 0. 0. 0. 0.]
y_pred:  [1. 1. 1. 1. 1. 1. 0. 0. 0. 0. 0. 0. 0. 0. 0. 0. 0. 0. 1. 1. 1. 1. 1. 1.
 1. 1. 1. 1. 1. 1. 1. 1. 1. 1. 1. 1. 1. 1. 1. 1. 1. 1. 1. 1. 1. 1. 1. 1.
 1. 1. 1. 1. 1. 1. 0. 0. 0. 0. 0. 0. 0. 0. 0. 0. 0. 0. 0. 0. 0. 0. 0. 0.
 0. 0. 0. 0. 0. 0. 0. 0. 0. 0. 0. 0. 0. 0. 0. 0. 0. 0. 0. 0. 0. 0. 0. 0.
 0. 0. 0. 0. 0. 0. 0. 0. 0. 0. 0. 0. 0. 0. 0. 0. 0. 0. 0. 0. 0. 0. 0. 0.
 0. 0. 0. 0. 0. 0. 0. 0. 0. 0. 0. 0. 0. 0. 0. 0. 0. 0. 0. 0. 0. 0. 0. 0.
 0. 0. 0. 0. 0. 0. 0. 0. 0. 0. 0. 0. 0. 0. 0. 0. 0. 0. 0. 0. 0. 0. 0. 0.
 0. 0. 0. 0. 0. 0. 0. 0. 0. 0. 0. 0. 0. 0. 0. 0. 0. 0. 0. 0. 0. 0. 0. 0.
 0. 0. 0. 0. 0. 0. 0. 0.]
Normalized importance:  [6.27586207e-01 3.01724138e-01 2.51724138e-01 2.68965517e-01
 1.55172414e-01 4.68103448e-01 2.37068966e-01 0.00000000e+00
 4.62931034e-02 1.45689655e-02 1.86206897e-02 3.02586207e-01
 9.56896552e-02 1.51724138e-01 8.87931034e-02 0.00000000e+00
 1.21551724e-01 1.79310345e-01 4.88793103e-01 4.07758621e-01
 4.56896552e-01 2.25862069e-01 2.03448276e-01 2.12931034e-01
 5.35344828e-01 3.50862069e-01 1.25000000e-01 4.11206897e-01
 2.07758621e-01 3.24137931e-01 6.56034483e-01 1.43103448e-01
 3.31896552e-01 0.00000000e+00 4.73275862e-01 3.07758621e-01
 8.05172414e-01 6.72413793e-01 3.95689655e-01 3.83620690e-01
 1.56034483e-01 2.60344828e-01 1.00000000e+00 4.32758621e-01
 4.89655172e-01 6.38793103e-01 1.12068966e-01 0.00000000e+00
 6.50862069e-01 3.95689655e-01 2.58620690e-01 3.02586207e-01
 6.07758621e-01 7.08620690e-04 3.89655172e-01 3.25000000e-01
 1.93103448e-01 2.02586207e-01 0.00000000e+00 2.18965517e-01
 0.00000000e+00 2.38793103e-02 0.00000000e+00 0.00000000e+00
 2.38793103e-01 1.70689655e-01 0.00000000e+00 1.00862069e-01
 2.80172414e-01 0.00000000e+00 2.97413793e-01 0.00000000e+00
 0.00000000e+00 1.18965517e-01 2.23275862e-01 1.78448276e-01
 0.00000000e+00 1.17241379e-01 3.46551724e-01 1.11206897e-01
 1.88793103e-01 6.13793103e-02 1.93965517e-01 2.88793103e-02
 1.18965517e-02 6.03448276e-02 2.32758621e-01 0.00000000e+00
 1.81896552e-01 0.00000000e+00 0.00000000e+00 0.00000000e+00
 9.65517241e-02 1.81034483e-01 1.76724138e-01 0.00000000e+00
 0.00000000e+00 0.00000000e+00 0.00000000e+00 0.00000000e+00
 6.51724138e-02 1.19827586e-01 1.16379310e-01 0.00000000e+00
 2.13793103e-01 1.07758621e-01 1.05172414e-01 0.00000000e+00
 0.00000000e+00 0.00000000e+00 8.96551724e-02 0.00000000e+00
 0.00000000e+00 1.31896552e-02 0.00000000e+00 3.54310345e-02
 1.00862069e-01 7.15517241e-02 1.01724138e-01 0.00000000e+00
 0.00000000e+00 0.00000000e+00 0.00000000e+00 1.94827586e-01
 1.54310345e-01 1.50000000e-01 0.00000000e+00 1.75000000e-01
 0.00000000e+00 2.30172414e-01 0.00000000e+00 3.23275862e-01
 1.17241379e-01 0.00000000e+00 0.00000000e+00 0.00000000e+00
 0.00000000e+00 0.00000000e+00 7.67241379e-02 2.83620690e-01
 0.00000000e+00 0.00000000e+00 5.02586207e-02 9.48275862e-02
 0.00000000e+00 2.93965517e-01 1.32758621e-01 1.40517241e-01
 0.00000000e+00 7.49137931e-02 7.99137931e-03 5.82758621e-02
 1.52586207e-01 0.00000000e+00 3.63793103e-02 5.57758621e-02
 0.00000000e+00 0.00000000e+00 0.00000000e+00 2.34482759e-01
 7.04310345e-02 1.31896552e-01 2.95689655e-02 1.31034483e-01
 0.00000000e+00 1.52586207e-01 0.00000000e+00 7.28448276e-02
 7.52586207e-02 0.00000000e+00 0.00000000e+00 0.00000000e+00
 0.00000000e+00 2.68965517e-01 0.00000000e+00 1.90517241e-01
 1.94827586e-01 0.00000000e+00 9.65517241e-02 0.00000000e+00
 0.00000000e+00 9.56896552e-02 1.06896552e-01 1.80172414e-01
 0.00000000e+00 4.91379310e-02 5.50862069e-02 2.36206897e-01
 2.43103448e-01 1.77586207e-01 9.82758621e-02 0.00000000e+00
 1.00862069e-01 0.00000000e+00 6.12931034e-02 3.74137931e-02
 1.87931034e-01 0.00000000e+00 0.00000000e+00 0.00000000e+00]
pyseer
y_true:  [1. 1. 1. 1. 1. 1. 0. 0. 0. 0. 0. 0. 0. 0. 0. 0. 0. 0. 0. 0. 0. 0. 0. 0.
 1. 1. 1. 1. 1. 1. 0. 0. 0. 0. 0. 0. 1. 1. 1. 1. 1. 1. 1. 1. 1. 1. 1. 1.
 1. 1. 1. 1. 1. 1. 0. 0. 0. 0. 0. 0. 0. 0. 0. 0. 0. 0. 0. 0. 0. 0. 0. 0.
 0. 0. 0. 0. 0. 0. 0. 0. 0. 0. 0. 0. 0. 0. 0. 0. 0. 0. 0. 0. 0. 0. 0. 0.
 0. 0. 0. 0. 0. 0. 0. 0. 0. 0. 0. 0. 0. 0. 0. 0. 0. 0. 0. 0. 0. 0. 0. 0.
 0. 0. 0. 0. 0. 0. 0. 0. 0. 0. 0. 0. 0. 0. 0. 0. 0. 0. 0. 0. 0. 0. 0. 0.
 0. 0. 0. 0. 0. 0. 0. 0. 0. 0. 0. 0. 0. 0. 0. 0. 0. 0. 0. 0. 0. 0. 0. 0.
 0. 0. 0. 0. 0. 0. 0. 0. 0. 0. 0. 0. 0. 0. 0. 0. 0. 0. 0. 0. 0. 0. 0. 0.
 0. 0. 0. 0. 0. 0. 0. 0.]
y_pred:  [1. 1. 1. 1. 0. 1. 1. 0. 0. 0. 0. 1. 0. 0. 0. 0. 0. 1. 1. 1. 1. 1. 1. 1.
 1. 1. 0. 1. 1. 1. 1. 0. 1. 0. 1. 1. 1. 1. 1. 1. 0. 1. 1. 1. 1. 1. 0. 0.
 1. 1. 1. 1. 1. 0. 1. 1. 1. 1. 0. 1. 0. 0. 0. 0. 1. 0. 0. 0. 1. 0. 1. 0.
 0. 0. 1. 1. 0. 0. 1. 0. 1. 0. 1. 0. 0. 0. 1. 0. 1. 0. 0. 0. 0. 1. 0. 0.
 0. 0. 0. 0. 0. 0. 0. 0. 1. 0. 0. 0. 0. 0. 0. 0. 0. 0. 0. 0. 0. 0. 0. 0.
 0. 0. 0. 1. 0. 0. 0. 0. 0. 1. 0. 1. 0. 0. 0. 0. 0. 0. 0. 1. 0. 0. 0. 0.
 0. 1. 0. 0. 0. 0. 0. 0. 0. 0. 0. 0. 0. 0. 0. 1. 0. 0. 0. 0. 0. 0. 0. 0.
 0. 0. 0. 0. 0. 1. 0. 1. 1. 0. 0. 0. 0. 0. 0. 1. 0. 0. 0. 1. 1. 1. 0. 0.
 0. 0. 0. 0. 1. 0. 0. 0.]
Time taken: 26.265971422195435 seconds
Running combination 18 of 50
Fitting RandomForest...
Fitting Adaboost...
Fitting AdaBoost_2...
Fitting et...
Fitting gbc...
Fitting gbc_2...
Fitting gbc_3...
Fitting dt...
Fitting lr...
Fitting Lasso_1...
Fitting Lasso_2...
Fitting Lasso_3...
Fitting Lasso_4...
Fitting elasticnet...
VCF file created successfully.
pyseer stderr:  Read 1000 phenotypes
Detected continuous phenotype
Reading all variants

0variants [00:00, ?variants/s]
52variants [00:00, 518.66variants/s]
104variants [00:00, 466.06variants/s]
159variants [00:00, 499.96variants/s]
198variants [00:00, 504.84variants/s]
Applying correlation filtering

  0%|          | 0/198 [00:00<?, ?variants/s]
100%|██████████| 198/198 [00:00<00:00, 2701.12variants/s]
Fitting elastic net to top 148 variants
Best penalty (lambda) from cross-validation: 2.78E+01
Best R^2 from cross-validation: 0.540
Finding and printing selected variants
198 loaded variants
50 pre-filtered variants
148 tested variants
129 printed variants

True importance standardized:  [0.77426033 0.77426033 0.77426033 0.77426033 0.77426033 0.77426033
 0.73751835 0.73751835 0.73751835 0.73751835 0.73751835 0.73751835
 0.40790054 0.40790054 0.40790054 0.40790054 0.40790054 0.40790054
 0.14108988 0.14108988 0.14108988 0.14108988 0.14108988 0.14108988
 0.75928352 0.75928352 0.75928352 0.75928352 0.75928352 0.75928352
 0.42254862 0.42254862 0.42254862 0.42254862 0.42254862 0.42254862
 1.         1.         1.         1.         1.         1.
 0.86181023 0.86181023 0.86181023 0.86181023 0.86181023 0.86181023
 0.48770678 0.48770678 0.48770678 0.48770678 0.48770678 0.48770678
 0.43853184 0.43853184 0.43853184 0.43853184 0.43853184 0.43853184
 0.         0.         0.         0.         0.         0.
 0.         0.         0.         0.         0.         0.
 0.         0.         0.         0.         0.         0.
 0.         0.         0.         0.         0.         0.
 0.         0.         0.         0.         0.         0.
 0.         0.         0.         0.         0.         0.
 0.         0.         0.         0.         0.         0.
 0.         0.         0.         0.         0.         0.
 0.         0.         0.         0.         0.         0.
 0.         0.         0.         0.         0.         0.
 0.         0.         0.         0.         0.         0.
 0.         0.         0.         0.         0.         0.
 0.         0.         0.         0.         0.         0.
 0.         0.         0.         0.         0.         0.
 0.         0.         0.         0.         0.         0.
 0.         0.         0.         0.         0.         0.
 0.         0.         0.         0.         0.         0.
 0.         0.         0.         0.         0.         0.
 0.         0.         0.         0.         0.         0.
 0.         0.         0.         0.         0.         0.
 0.         0.         0.         0.         0.         0.
 0.         0.         0.         0.         0.         0.
 0.         0.         0.         0.         0.         0.
 0.         0.        ]
Normalized importance:  [0.48249258 0.48249258 0.48249258 0.48249258 0.48249258 0.48249258
 0.53552552 0.53552552 0.53552552 0.53552552 0.53552552 0.53552552
 0.32864006 0.32864006 0.32864006 0.32864006 0.32864006 0.32864006
 0.09497135 0.09497135 0.         0.09497135 0.         0.
 0.64138936 0.64138936 0.64138936 0.64138936 0.64138936 0.64138936
 0.24948458 0.24948458 0.24948458 0.24948458 0.24948458 0.24948458
 1.         1.         1.         1.         1.         1.
 0.9131589  0.9131589  0.9131589  0.9131589  0.9131589  0.9131589
 0.14588875 0.14588875 0.14588875 0.14588875 0.14588875 0.14588875
 0.38022384 0.38022384 0.38022384 0.38022384 0.38022384 0.38022384
 0.         0.         0.         0.         0.         0.03511601
 0.         0.         0.         0.         0.         0.
 0.         0.         0.         0.         0.         0.
 0.         0.         0.         0.         0.         0.
 0.         0.         0.         0.         0.         0.
 0.         0.         0.         0.         0.         0.
 0.03461414 0.         0.         0.         0.         0.
 0.         0.         0.         0.         0.         0.
 0.         0.         0.         0.         0.         0.
 0.         0.01502136 0.         0.01218397 0.         0.04172517
 0.         0.         0.         0.         0.         0.
 0.         0.         0.         0.01172507 0.         0.
 0.         0.05117443 0.         0.         0.         0.
 0.0454221  0.         0.         0.01408763 0.         0.
 0.         0.         0.         0.         0.         0.
 0.         0.         0.         0.         0.         0.
 0.         0.         0.         0.         0.         0.
 0.         0.         0.         0.         0.         0.03199011
 0.         0.         0.         0.         0.         0.
 0.         0.         0.         0.0424206  0.         0.
 0.         0.01792434 0.         0.         0.         0.0256956
 0.         0.02883185 0.         0.00736243 0.         0.
 0.         0.         0.         0.         0.         0.
 0.         0.        ]
deepbreaks
y_true:  [1. 1. 1. 1. 1. 1. 1. 1. 1. 1. 1. 1. 0. 0. 0. 0. 0. 0. 0. 0. 0. 0. 0. 0.
 1. 1. 1. 1. 1. 1. 0. 0. 0. 0. 0. 0. 1. 1. 1. 1. 1. 1. 1. 1. 1. 1. 1. 1.
 0. 0. 0. 0. 0. 0. 0. 0. 0. 0. 0. 0. 0. 0. 0. 0. 0. 0. 0. 0. 0. 0. 0. 0.
 0. 0. 0. 0. 0. 0. 0. 0. 0. 0. 0. 0. 0. 0. 0. 0. 0. 0. 0. 0. 0. 0. 0. 0.
 0. 0. 0. 0. 0. 0. 0. 0. 0. 0. 0. 0. 0. 0. 0. 0. 0. 0. 0. 0. 0. 0. 0. 0.
 0. 0. 0. 0. 0. 0. 0. 0. 0. 0. 0. 0. 0. 0. 0. 0. 0. 0. 0. 0. 0. 0. 0. 0.
 0. 0. 0. 0. 0. 0. 0. 0. 0. 0. 0. 0. 0. 0. 0. 0. 0. 0. 0. 0. 0. 0. 0. 0.
 0. 0. 0. 0. 0. 0. 0. 0. 0. 0. 0. 0. 0. 0. 0. 0. 0. 0. 0. 0. 0. 0. 0. 0.
 0. 0. 0. 0. 0. 0. 0. 0.]
y_pred:  [1. 1. 1. 1. 1. 1. 1. 1. 1. 1. 1. 1. 0. 0. 0. 0. 0. 0. 0. 0. 0. 0. 0. 0.
 1. 1. 1. 1. 1. 1. 0. 0. 0. 0. 0. 0. 1. 1. 1. 1. 1. 1. 1. 1. 1. 1. 1. 1.
 0. 0. 0. 0. 0. 0. 1. 1. 1. 1. 1. 1. 0. 0. 0. 0. 0. 0. 0. 0. 0. 0. 0. 0.
 0. 0. 0. 0. 0. 0. 0. 0. 0. 0. 0. 0. 0. 0. 0. 0. 0. 0. 0. 0. 0. 0. 0. 0.
 0. 0. 0. 0. 0. 0. 0. 0. 0. 0. 0. 0. 0. 0. 0. 0. 0. 0. 0. 0. 0. 0. 0. 0.
 0. 0. 0. 0. 0. 0. 0. 0. 0. 0. 0. 0. 0. 0. 0. 0. 0. 0. 0. 0. 0. 0. 0. 0.
 0. 0. 0. 0. 0. 0. 0. 0. 0. 0. 0. 0. 0. 0. 0. 0. 0. 0. 0. 0. 0. 0. 0. 0.
 0. 0. 0. 0. 0. 0. 0. 0. 0. 0. 0. 0. 0. 0. 0. 0. 0. 0. 0. 0. 0. 0. 0. 0.
 0. 0. 0. 0. 0. 0. 0. 0.]
Normalized importance:  [7.12121212e-01 5.06887052e-01 2.93388430e-01 4.13223140e-01
 4.32506887e-01 3.88429752e-01 6.46005510e-01 4.39393939e-01
 5.22038567e-01 4.82093664e-01 4.25619835e-01 3.08539945e-01
 5.11019284e-01 2.19008264e-01 3.19559229e-01 5.04132231e-02
 5.19283747e-01 2.35537190e-01 1.22176309e-01 3.71900826e-01
 0.00000000e+00 3.07162534e-01 0.00000000e+00 0.00000000e+00
 7.86501377e-01 5.73002755e-01 3.25068871e-01 3.92561983e-01
 5.53719008e-01 2.89256198e-01 5.33057851e-01 3.65013774e-01
 2.78236915e-01 3.04407713e-01 3.22314050e-01 2.52066116e-01
 9.09090909e-01 6.26721763e-01 5.24793388e-01 4.44903581e-01
 8.18181818e-01 6.57024793e-01 1.00000000e+00 5.30303030e-01
 6.81818182e-01 3.73278237e-01 3.78787879e-01 6.12947658e-01
 3.48484848e-01 2.86501377e-01 3.27823691e-01 9.57300275e-03
 4.10468320e-01 3.93939394e-01 6.50137741e-01 2.17630854e-01
 0.00000000e+00 5.28925620e-01 3.33333333e-01 3.96694215e-01
 0.00000000e+00 8.63636364e-02 0.00000000e+00 0.00000000e+00
 0.00000000e+00 2.06611570e-01 1.90082645e-01 0.00000000e+00
 2.32782369e-01 0.00000000e+00 0.00000000e+00 9.94490358e-02
 0.00000000e+00 1.00000000e-01 1.52892562e-01 1.32093664e-01
 0.00000000e+00 1.72176309e-01 0.00000000e+00 0.00000000e+00
 1.90082645e-01 0.00000000e+00 4.36639118e-04 1.59779614e-01
 0.00000000e+00 1.69421488e-01 6.04683196e-02 0.00000000e+00
 2.49311295e-01 0.00000000e+00 0.00000000e+00 1.88705234e-01
 3.07162534e-01 0.00000000e+00 1.25757576e-01 0.00000000e+00
 3.23691460e-01 2.43801653e-01 0.00000000e+00 0.00000000e+00
 2.23140496e-01 1.08264463e-01 1.74931129e-01 0.00000000e+00
 1.92837466e-03 0.00000000e+00 3.19559229e-01 0.00000000e+00
 1.40495868e-01 0.00000000e+00 3.53994490e-02 0.00000000e+00
 1.87327824e-01 8.81542700e-02 0.00000000e+00 2.53443526e-01
 0.00000000e+00 2.69972452e-01 0.00000000e+00 4.42148760e-01
 3.42975207e-01 0.00000000e+00 1.23140496e-01 0.00000000e+00
 0.00000000e+00 0.00000000e+00 0.00000000e+00 1.61157025e-01
 0.00000000e+00 0.00000000e+00 3.73278237e-02 0.00000000e+00
 0.00000000e+00 1.99724518e-01 7.03856749e-02 0.00000000e+00
 1.96969697e-01 1.44628099e-01 3.84297521e-01 2.35537190e-01
 1.25482094e-02 1.31129477e-01 7.49311295e-03 1.70798898e-01
 0.00000000e+00 0.00000000e+00 2.85123967e-02 3.27823691e-01
 0.00000000e+00 1.21900826e-01 0.00000000e+00 1.02341598e-01
 0.00000000e+00 1.03443526e-01 1.62534435e-01 9.76584022e-02
 5.59228650e-02 0.00000000e+00 1.36363636e-01 1.84573003e-01
 0.00000000e+00 0.00000000e+00 0.00000000e+00 0.00000000e+00
 3.30578512e-01 0.00000000e+00 0.00000000e+00 5.30303030e-01
 0.00000000e+00 9.60055096e-02 6.04683196e-02 0.00000000e+00
 0.00000000e+00 0.00000000e+00 1.63911846e-01 8.88429752e-02
 2.94765840e-01 2.45179063e-01 3.63636364e-03 0.00000000e+00
 0.00000000e+00 1.91460055e-01 0.00000000e+00 0.00000000e+00
 0.00000000e+00 3.33333333e-01 0.00000000e+00 2.67217631e-01
 0.00000000e+00 1.68044077e-01 1.62534435e-01 0.00000000e+00
 0.00000000e+00 0.00000000e+00 1.74931129e-01 1.52892562e-01
 0.00000000e+00 3.47107438e-02 0.00000000e+00 0.00000000e+00]
pyseer
y_true:  [1. 1. 1. 1. 1. 1. 1. 1. 1. 1. 1. 1. 0. 0. 0. 0. 0. 0. 0. 0. 0. 0. 0. 0.
 1. 1. 1. 1. 1. 1. 0. 0. 0. 0. 0. 0. 1. 1. 1. 1. 1. 1. 1. 1. 1. 1. 1. 1.
 0. 0. 0. 0. 0. 0. 0. 0. 0. 0. 0. 0. 0. 0. 0. 0. 0. 0. 0. 0. 0. 0. 0. 0.
 0. 0. 0. 0. 0. 0. 0. 0. 0. 0. 0. 0. 0. 0. 0. 0. 0. 0. 0. 0. 0. 0. 0. 0.
 0. 0. 0. 0. 0. 0. 0. 0. 0. 0. 0. 0. 0. 0. 0. 0. 0. 0. 0. 0. 0. 0. 0. 0.
 0. 0. 0. 0. 0. 0. 0. 0. 0. 0. 0. 0. 0. 0. 0. 0. 0. 0. 0. 0. 0. 0. 0. 0.
 0. 0. 0. 0. 0. 0. 0. 0. 0. 0. 0. 0. 0. 0. 0. 0. 0. 0. 0. 0. 0. 0. 0. 0.
 0. 0. 0. 0. 0. 0. 0. 0. 0. 0. 0. 0. 0. 0. 0. 0. 0. 0. 0. 0. 0. 0. 0. 0.
 0. 0. 0. 0. 0. 0. 0. 0.]
y_pred:  [1. 1. 1. 1. 1. 1. 1. 1. 1. 1. 1. 1. 1. 0. 1. 0. 1. 0. 0. 1. 0. 1. 0. 0.
 1. 1. 1. 1. 1. 1. 1. 1. 1. 1. 1. 1. 1. 1. 1. 1. 1. 1. 1. 1. 1. 1. 1. 1.
 1. 1. 1. 0. 1. 1. 1. 0. 0. 1. 1. 1. 0. 0. 0. 0. 0. 0. 0. 0. 0. 0. 0. 0.
 0. 0. 0. 0. 0. 0. 0. 0. 0. 0. 0. 0. 0. 0. 0. 0. 1. 0. 0. 0. 1. 0. 0. 0.
 1. 0. 0. 0. 0. 0. 0. 0. 0. 0. 1. 0. 0. 0. 0. 0. 0. 0. 0. 1. 0. 1. 0. 1.
 1. 0. 0. 0. 0. 0. 0. 0. 0. 0. 0. 0. 0. 0. 0. 0. 0. 0. 1. 0. 0. 0. 0. 0.
 0. 0. 0. 1. 0. 0. 0. 0. 0. 0. 0. 0. 0. 0. 0. 0. 0. 0. 0. 0. 1. 0. 0. 1.
 0. 0. 0. 0. 0. 0. 0. 0. 1. 0. 0. 0. 0. 0. 0. 0. 0. 1. 0. 1. 0. 0. 0. 0.
 0. 0. 0. 0. 0. 0. 0. 0.]
Time taken: 23.921791076660156 seconds
Running combination 19 of 50
Fitting RandomForest...
Fitting Adaboost...
Fitting AdaBoost_2...
Fitting et...
Fitting gbc...
Fitting gbc_2...
Fitting gbc_3...
Fitting dt...
Fitting lr...
Fitting Lasso_1...
Fitting Lasso_2...
Fitting Lasso_3...
Fitting Lasso_4...
Fitting elasticnet...
VCF file created successfully.
pyseer stderr:  Read 1000 phenotypes
Detected continuous phenotype
Reading all variants

0variants [00:00, ?variants/s]
56variants [00:00, 553.95variants/s]
112variants [00:00, 482.44variants/s]
168variants [00:00, 514.49variants/s]
198variants [00:00, 518.74variants/s]
Applying correlation filtering

  0%|          | 0/198 [00:00<?, ?variants/s]
100%|██████████| 198/198 [00:00<00:00, 2714.52variants/s]
Fitting elastic net to top 148 variants
Best penalty (lambda) from cross-validation: 1.14E+01
Best R^2 from cross-validation: 0.540
Finding and printing selected variants
198 loaded variants
50 pre-filtered variants
148 tested variants
138 printed variants

True importance standardized:  [0.26264534 0.26264534 0.26264534 0.26264534 0.26264534 0.26264534
 0.10413047 0.10413047 0.10413047 0.10413047 0.10413047 0.10413047
 0.9046599  0.9046599  0.9046599  0.9046599  0.9046599  0.9046599
 0.37904521 0.37904521 0.37904521 0.37904521 0.37904521 0.37904521
 0.44430577 0.44430577 0.44430577 0.44430577 0.44430577 0.44430577
 0.50656908 0.50656908 0.50656908 0.50656908 0.50656908 0.50656908
 0.11651552 0.11651552 0.11651552 0.11651552 0.11651552 0.11651552
 1.         1.         1.         1.         1.         1.
 0.79645643 0.79645643 0.79645643 0.79645643 0.79645643 0.79645643
 0.35656908 0.35656908 0.35656908 0.35656908 0.35656908 0.35656908
 0.         0.         0.         0.         0.         0.
 0.         0.         0.         0.         0.         0.
 0.         0.         0.         0.         0.         0.
 0.         0.         0.         0.         0.         0.
 0.         0.         0.         0.         0.         0.
 0.         0.         0.         0.         0.         0.
 0.         0.         0.         0.         0.         0.
 0.         0.         0.         0.         0.         0.
 0.         0.         0.         0.         0.         0.
 0.         0.         0.         0.         0.         0.
 0.         0.         0.         0.         0.         0.
 0.         0.         0.         0.         0.         0.
 0.         0.         0.         0.         0.         0.
 0.         0.         0.         0.         0.         0.
 0.         0.         0.         0.         0.         0.
 0.         0.         0.         0.         0.         0.
 0.         0.         0.         0.         0.         0.
 0.         0.         0.         0.         0.         0.
 0.         0.         0.         0.         0.         0.
 0.         0.         0.         0.         0.         0.
 0.         0.         0.         0.         0.         0.
 0.         0.         0.         0.         0.         0.
 0.         0.         0.         0.         0.         0.
 0.         0.        ]
Normalized importance:  [0.09517518 0.09517518 0.09517518 0.09517518 0.09517518 0.09517518
 0.         0.         0.         0.         0.         0.
 1.         1.         1.         1.         1.         1.
 0.22470435 0.22470435 0.22470435 0.22470435 0.22470435 0.22470435
 0.18107048 0.18107048 0.18107048 0.18107048 0.18107048 0.18107048
 0.21548429 0.21548429 0.21548429 0.21548429 0.21548429 0.21548429
 0.03048534 0.03048534 0.03048534 0.03048534 0.03048534 0.03048534
 0.95089199 0.95089199 0.95089199 0.95089199 0.95089199 0.95089199
 0.73019285 0.73019285 0.73019285 0.73019285 0.73019285 0.73019285
 0.25001588 0.25001588 0.25001588 0.25001588 0.25001588 0.25001588
 0.         0.         0.         0.         0.         0.
 0.         0.         0.         0.         0.         0.
 0.         0.         0.         0.         0.         0.
 0.         0.         0.         0.         0.         0.
 0.         0.         0.         0.         0.         0.
 0.         0.         0.         0.03012648 0.         0.00756349
 0.         0.         0.         0.         0.         0.
 0.01071483 0.03141311 0.         0.         0.         0.
 0.         0.         0.         0.01372992 0.0141981  0.
 0.         0.0113196  0.         0.         0.         0.
 0.         0.         0.         0.         0.         0.
 0.00131214 0.02316718 0.         0.         0.         0.
 0.         0.         0.         0.         0.         0.
 0.         0.04190207 0.         0.         0.         0.
 0.         0.         0.         0.         0.         0.
 0.         0.         0.         0.03763999 0.         0.
 0.         0.0054366  0.         0.         0.         0.
 0.         0.02569494 0.         0.         0.         0.
 0.         0.         0.         0.         0.         0.00716219
 0.         0.         0.         0.03840485 0.         0.
 0.         0.         0.         0.         0.         0.
 0.         0.         0.         0.00789969 0.03649419 0.
 0.         0.00616539 0.         0.00651341 0.         0.
 0.         0.        ]
deepbreaks
y_true:  [0. 0. 0. 0. 0. 0. 0. 0. 0. 0. 0. 0. 1. 1. 1. 1. 1. 1. 0. 0. 0. 0. 0. 0.
 1. 1. 1. 1. 1. 1. 1. 1. 1. 1. 1. 1. 0. 0. 0. 0. 0. 0. 1. 1. 1. 1. 1. 1.
 1. 1. 1. 1. 1. 1. 0. 0. 0. 0. 0. 0. 0. 0. 0. 0. 0. 0. 0. 0. 0. 0. 0. 0.
 0. 0. 0. 0. 0. 0. 0. 0. 0. 0. 0. 0. 0. 0. 0. 0. 0. 0. 0. 0. 0. 0. 0. 0.
 0. 0. 0. 0. 0. 0. 0. 0. 0. 0. 0. 0. 0. 0. 0. 0. 0. 0. 0. 0. 0. 0. 0. 0.
 0. 0. 0. 0. 0. 0. 0. 0. 0. 0. 0. 0. 0. 0. 0. 0. 0. 0. 0. 0. 0. 0. 0. 0.
 0. 0. 0. 0. 0. 0. 0. 0. 0. 0. 0. 0. 0. 0. 0. 0. 0. 0. 0. 0. 0. 0. 0. 0.
 0. 0. 0. 0. 0. 0. 0. 0. 0. 0. 0. 0. 0. 0. 0. 0. 0. 0. 0. 0. 0. 0. 0. 0.
 0. 0. 0. 0. 0. 0. 0. 0.]
y_pred:  [0. 0. 0. 0. 0. 0. 0. 0. 0. 0. 0. 0. 1. 1. 1. 1. 1. 1. 1. 1. 1. 1. 1. 1.
 1. 1. 1. 1. 1. 1. 1. 1. 1. 1. 1. 1. 0. 0. 0. 0. 0. 0. 1. 1. 1. 1. 1. 1.
 1. 1. 1. 1. 1. 1. 1. 1. 1. 1. 1. 1. 0. 0. 0. 0. 0. 0. 0. 0. 0. 0. 0. 0.
 0. 0. 0. 0. 0. 0. 0. 0. 0. 0. 0. 0. 0. 0. 0. 0. 0. 0. 0. 0. 0. 0. 0. 0.
 0. 0. 0. 0. 0. 0. 0. 0. 0. 0. 0. 0. 0. 0. 0. 0. 0. 0. 0. 0. 0. 0. 0. 0.
 0. 0. 0. 0. 0. 0. 0. 0. 0. 0. 0. 0. 0. 0. 0. 0. 0. 0. 0. 0. 0. 0. 0. 0.
 0. 0. 0. 0. 0. 0. 0. 0. 0. 0. 0. 0. 0. 0. 0. 0. 0. 0. 0. 0. 0. 0. 0. 0.
 0. 0. 0. 0. 0. 0. 0. 0. 0. 0. 0. 0. 0. 0. 0. 0. 0. 0. 0. 0. 0. 0. 0. 0.
 0. 0. 0. 0. 0. 0. 0. 0.]
Normalized importance:  [4.50363196e-01 3.36561743e-02 0.00000000e+00 2.30992736e-01
 1.51573850e-01 2.95399516e-01 7.79661017e-02 0.00000000e+00
 0.00000000e+00 9.58837772e-02 0.00000000e+00 2.07263923e-01
 1.00000000e+00 2.29539952e-01 5.23002421e-01 5.71428571e-01
 5.47215496e-01 4.01937046e-01 5.42372881e-01 1.62227603e-01
 0.00000000e+00 2.83292978e-01 2.59079903e-01 1.24697337e-01
 4.38256659e-01 1.08474576e-01 5.66585956e-01 2.73607748e-01
 6.41646489e-03 2.80871671e-01 4.04358354e-01 2.56658596e-01
 2.51815981e-01 2.59079903e-01 1.78934625e-01 3.26876513e-01
 1.83535109e-01 1.74576271e-01 7.67554479e-02 1.39709443e-01
 3.82566586e-02 1.52784504e-01 9.68523002e-01 7.02179177e-01
 3.60774818e-01 4.57627119e-01 5.18159806e-01 5.56900726e-01
 9.15254237e-01 6.51331719e-01 4.91525424e-01 2.49394673e-01
 1.89588378e-01 2.63922518e-01 5.73849879e-01 5.73849879e-03
 3.02663438e-01 7.60290557e-02 2.56658596e-01 2.46973366e-01
 0.00000000e+00 4.98789346e-02 0.00000000e+00 0.00000000e+00
 0.00000000e+00 9.03147700e-02 0.00000000e+00 0.00000000e+00
 3.97094431e-02 1.39225182e-01 1.69733656e-01 9.20096852e-02
 5.56900726e-02 0.00000000e+00 0.00000000e+00 2.27602906e-02
 0.00000000e+00 1.24213075e-02 0.00000000e+00 6.87651332e-02
 0.00000000e+00 2.31476998e-01 0.00000000e+00 8.95883777e-02
 0.00000000e+00 1.56900726e-01 0.00000000e+00 4.11622276e-02
 1.04358354e-02 0.00000000e+00 4.86682809e-02 5.69007264e-02
 1.04842615e-01 3.02663438e-01 6.51331719e-03 1.75302663e-02
 0.00000000e+00 0.00000000e+00 0.00000000e+00 0.00000000e+00
 0.00000000e+00 1.32203390e-01 1.48426150e-01 3.26876513e-01
 0.00000000e+00 0.00000000e+00 9.97578692e-02 0.00000000e+00
 0.00000000e+00 2.68765133e-01 2.78450363e-01 2.44552058e-01
 1.27602906e-01 1.47941889e-01 0.00000000e+00 1.69491525e-01
 0.00000000e+00 0.00000000e+00 1.01452785e-01 1.61985472e-01
 1.10169492e-01 0.00000000e+00 0.00000000e+00 0.00000000e+00
 6.34382567e-02 0.00000000e+00 4.84261501e-02 3.09927361e-01
 0.00000000e+00 1.43583535e-01 0.00000000e+00 9.68523002e-02
 1.22276029e-01 1.50121065e-02 0.00000000e+00 1.65375303e-02
 1.50363196e-01 0.00000000e+00 1.92009685e-01 2.49394673e-01
 0.00000000e+00 1.36319613e-01 1.27118644e-01 0.00000000e+00
 0.00000000e+00 2.88135593e-02 0.00000000e+00 1.33171913e-01
 0.00000000e+00 3.02663438e-02 1.05569007e-01 3.53510896e-02
 0.00000000e+00 1.39225182e-01 0.00000000e+00 5.90799031e-02
 9.44309927e-02 2.07748184e-01 1.56416465e-01 0.00000000e+00
 3.05084746e-02 0.00000000e+00 1.49152542e-02 2.41404358e-01
 0.00000000e+00 9.44309927e-04 1.77966102e-01 2.05084746e-01
 2.13075061e-01 0.00000000e+00 0.00000000e+00 6.22276029e-02
 1.06537530e-01 2.63922518e-01 1.51089588e-02 0.00000000e+00
 4.50363196e-02 3.97094431e-01 0.00000000e+00 0.00000000e+00
 4.76997579e-03 2.73607748e-01 0.00000000e+00 2.76029056e-02
 1.26150121e-01 0.00000000e+00 0.00000000e+00 1.48910412e-01
 0.00000000e+00 2.11622276e-01 2.68765133e-01 1.05811138e-01
 8.78934625e-02 1.83777240e-01 1.80145278e-02 1.90799031e-01
 1.56900726e-01 0.00000000e+00 0.00000000e+00 0.00000000e+00]
pyseer
y_true:  [0. 0. 0. 0. 0. 0. 0. 0. 0. 0. 0. 0. 1. 1. 1. 1. 1. 1. 0. 0. 0. 0. 0. 0.
 1. 1. 1. 1. 1. 1. 1. 1. 1. 1. 1. 1. 0. 0. 0. 0. 0. 0. 1. 1. 1. 1. 1. 1.
 1. 1. 1. 1. 1. 1. 0. 0. 0. 0. 0. 0. 0. 0. 0. 0. 0. 0. 0. 0. 0. 0. 0. 0.
 0. 0. 0. 0. 0. 0. 0. 0. 0. 0. 0. 0. 0. 0. 0. 0. 0. 0. 0. 0. 0. 0. 0. 0.
 0. 0. 0. 0. 0. 0. 0. 0. 0. 0. 0. 0. 0. 0. 0. 0. 0. 0. 0. 0. 0. 0. 0. 0.
 0. 0. 0. 0. 0. 0. 0. 0. 0. 0. 0. 0. 0. 0. 0. 0. 0. 0. 0. 0. 0. 0. 0. 0.
 0. 0. 0. 0. 0. 0. 0. 0. 0. 0. 0. 0. 0. 0. 0. 0. 0. 0. 0. 0. 0. 0. 0. 0.
 0. 0. 0. 0. 0. 0. 0. 0. 0. 0. 0. 0. 0. 0. 0. 0. 0. 0. 0. 0. 0. 0. 0. 0.
 0. 0. 0. 0. 0. 0. 0. 0.]
y_pred:  [1. 0. 0. 1. 0. 1. 0. 0. 0. 0. 0. 1. 1. 1. 1. 1. 1. 1. 1. 1. 0. 1. 1. 0.
 1. 0. 1. 1. 0. 1. 1. 1. 1. 1. 1. 1. 1. 1. 0. 0. 0. 0. 1. 1. 1. 1. 1. 1.
 1. 1. 1. 1. 1. 1. 1. 0. 1. 0. 1. 1. 0. 0. 0. 0. 0. 0. 0. 0. 0. 0. 1. 0.
 0. 0. 0. 0. 0. 0. 0. 0. 0. 1. 0. 0. 0. 1. 0. 0. 0. 0. 0. 0. 0. 1. 0. 0.
 0. 0. 0. 0. 0. 0. 0. 1. 0. 0. 0. 0. 0. 1. 1. 1. 0. 0. 0. 1. 0. 0. 0. 1.
 0. 0. 0. 0. 0. 0. 0. 1. 0. 0. 0. 0. 0. 0. 0. 0. 0. 0. 1. 1. 0. 0. 0. 0.
 0. 0. 0. 0. 0. 0. 0. 0. 0. 0. 0. 0. 0. 1. 1. 0. 0. 0. 0. 1. 0. 0. 1. 1.
 1. 0. 0. 0. 0. 1. 0. 0. 0. 1. 0. 0. 0. 1. 0. 0. 0. 0. 0. 0. 0. 1. 1. 0.
 0. 1. 0. 1. 1. 0. 0. 0.]
Time taken: 24.755123615264893 seconds
Running combination 20 of 50
Fitting RandomForest...
Fitting Adaboost...
Fitting AdaBoost_2...
Fitting et...
Fitting gbc...
Fitting gbc_2...
Fitting gbc_3...
Fitting dt...
Fitting lr...
Fitting Lasso_1...
Fitting Lasso_2...
Fitting Lasso_3...
Fitting Lasso_4...
Fitting elasticnet...
VCF file created successfully.
pyseer stderr:  Read 1000 phenotypes
Detected continuous phenotype
Reading all variants

0variants [00:00, ?variants/s]
53variants [00:00, 527.44variants/s]
106variants [00:00, 439.88variants/s]
161variants [00:00, 485.00variants/s]
198variants [00:00, 492.14variants/s]
Applying correlation filtering

  0%|          | 0/198 [00:00<?, ?variants/s]
100%|██████████| 198/198 [00:00<00:00, 2617.90variants/s]
Fitting elastic net to top 148 variants
Best penalty (lambda) from cross-validation: 3.39E+01
Best R^2 from cross-validation: 0.517
Finding and printing selected variants
198 loaded variants
50 pre-filtered variants
148 tested variants
140 printed variants

True importance standardized:  [0.14420901 0.14420901 0.14420901 0.14420901 0.14420901 0.14420901
 0.80648591 0.80648591 0.80648591 0.80648591 0.80648591 0.80648591
 0.47503571 0.47503571 0.47503571 0.47503571 0.47503571 0.47503571
 0.50817898 0.50817898 0.50817898 0.50817898 0.50817898 0.50817898
 0.64439732 0.64439732 0.64439732 0.64439732 0.64439732 0.64439732
 1.         1.         1.         1.         1.         1.
 0.39241746 0.39241746 0.39241746 0.39241746 0.39241746 0.39241746
 0.95630796 0.95630796 0.95630796 0.95630796 0.95630796 0.95630796
 0.39753488 0.39753488 0.39753488 0.39753488 0.39753488 0.39753488
 0.99946723 0.99946723 0.99946723 0.99946723 0.99946723 0.99946723
 0.         0.         0.         0.         0.         0.
 0.         0.         0.         0.         0.         0.
 0.         0.         0.         0.         0.         0.
 0.         0.         0.         0.         0.         0.
 0.         0.         0.         0.         0.         0.
 0.         0.         0.         0.         0.         0.
 0.         0.         0.         0.         0.         0.
 0.         0.         0.         0.         0.         0.
 0.         0.         0.         0.         0.         0.
 0.         0.         0.         0.         0.         0.
 0.         0.         0.         0.         0.         0.
 0.         0.         0.         0.         0.         0.
 0.         0.         0.         0.         0.         0.
 0.         0.         0.         0.         0.         0.
 0.         0.         0.         0.         0.         0.
 0.         0.         0.         0.         0.         0.
 0.         0.         0.         0.         0.         0.
 0.         0.         0.         0.         0.         0.
 0.         0.         0.         0.         0.         0.
 0.         0.         0.         0.         0.         0.
 0.         0.         0.         0.         0.         0.
 0.         0.         0.         0.         0.         0.
 0.         0.         0.         0.         0.         0.
 0.         0.        ]
Normalized importance:  [0.         0.         0.         0.         0.         0.
 0.58463836 0.58463836 0.58463836 0.58463836 0.58463836 0.58463836
 0.32180721 0.32180721 0.32180721 0.32180721 0.32180721 0.32180721
 0.5339502  0.5339502  0.5339502  0.5339502  0.5339502  0.5339502
 0.37852953 0.37852953 0.37852953 0.37852953 0.37852953 0.37852953
 0.85424097 0.85424097 0.85424097 0.85424097 0.85424097 0.85424097
 0.1138052  0.1138052  0.1138052  0.1138052  0.1138052  0.1138052
 0.97140801 0.97140801 0.97140801 0.97140801 0.97140801 0.97140801
 0.08393101 0.08393101 0.08393101 0.08393101 0.08393101 0.08393101
 1.         1.         1.         1.         1.         1.
 0.         0.         0.         0.0097875  0.         0.
 0.         0.         0.         0.         0.         0.
 0.         0.         0.         0.         0.         0.
 0.015688   0.         0.         0.01424437 0.         0.
 0.         0.         0.         0.         0.         0.
 0.01017629 0.01405913 0.         0.         0.         0.
 0.         0.         0.         0.01812343 0.         0.
 0.         0.         0.         0.         0.         0.
 0.         0.         0.         0.         0.         0.03408872
 0.         0.         0.         0.         0.         0.
 0.         0.         0.03886241 0.         0.         0.
 0.         0.         0.         0.         0.         0.
 0.         0.         0.         0.         0.         0.
 0.0092312  0.         0.         0.01733277 0.         0.
 0.         0.         0.01381266 0.         0.         0.
 0.         0.         0.         0.         0.         0.
 0.         0.         0.         0.         0.         0.
 0.         0.         0.01639821 0.         0.         0.
 0.         0.         0.         0.02499678 0.         0.
 0.         0.         0.         0.         0.         0.
 0.         0.         0.         0.01419123 0.         0.
 0.         0.         0.         0.         0.         0.
 0.         0.         0.         0.         0.         0.
 0.         0.        ]
deepbreaks
y_true:  [0. 0. 0. 0. 0. 0. 1. 1. 1. 1. 1. 1. 0. 0. 0. 0. 0. 0. 0. 0. 0. 0. 0. 0.
 1. 1. 1. 1. 1. 1. 1. 1. 1. 1. 1. 1. 0. 0. 0. 0. 0. 0. 1. 1. 1. 1. 1. 1.
 0. 0. 0. 0. 0. 0. 1. 1. 1. 1. 1. 1. 0. 0. 0. 0. 0. 0. 0. 0. 0. 0. 0. 0.
 0. 0. 0. 0. 0. 0. 0. 0. 0. 0. 0. 0. 0. 0. 0. 0. 0. 0. 0. 0. 0. 0. 0. 0.
 0. 0. 0. 0. 0. 0. 0. 0. 0. 0. 0. 0. 0. 0. 0. 0. 0. 0. 0. 0. 0. 0. 0. 0.
 0. 0. 0. 0. 0. 0. 0. 0. 0. 0. 0. 0. 0. 0. 0. 0. 0. 0. 0. 0. 0. 0. 0. 0.
 0. 0. 0. 0. 0. 0. 0. 0. 0. 0. 0. 0. 0. 0. 0. 0. 0. 0. 0. 0. 0. 0. 0. 0.
 0. 0. 0. 0. 0. 0. 0. 0. 0. 0. 0. 0. 0. 0. 0. 0. 0. 0. 0. 0. 0. 0. 0. 0.
 0. 0. 0. 0. 0. 0. 0. 0.]
y_pred:  [0. 0. 0. 0. 0. 0. 1. 1. 1. 1. 1. 1. 0. 0. 0. 0. 0. 0. 1. 1. 1. 1. 1. 1.
 1. 1. 1. 1. 1. 1. 1. 1. 1. 1. 1. 1. 0. 0. 0. 0. 0. 0. 1. 1. 1. 1. 1. 1.
 0. 0. 0. 0. 0. 0. 1. 1. 1. 1. 1. 1. 0. 0. 0. 0. 0. 0. 0. 0. 0. 0. 0. 0.
 0. 0. 0. 0. 0. 0. 0. 0. 0. 0. 0. 0. 0. 0. 0. 0. 0. 0. 0. 0. 0. 0. 0. 0.
 0. 0. 0. 0. 0. 0. 0. 0. 0. 0. 0. 0. 0. 0. 0. 0. 0. 0. 0. 0. 0. 0. 0. 0.
 0. 0. 0. 0. 0. 0. 0. 0. 0. 0. 0. 0. 0. 0. 0. 0. 0. 0. 0. 0. 0. 0. 0. 0.
 0. 0. 0. 0. 0. 0. 0. 0. 0. 0. 0. 0. 0. 0. 0. 0. 0. 0. 0. 0. 0. 0. 0. 0.
 0. 0. 0. 0. 0. 0. 0. 0. 0. 0. 0. 0. 0. 0. 0. 0. 0. 0. 0. 0. 0. 0. 0. 0.
 0. 0. 0. 0. 0. 0. 0. 0.]
Normalized importance:  [0.00000000e+00 4.62616822e-02 8.38317757e-02 2.05607477e-01
 2.18691589e-01 4.47663551e-02 8.17757009e-01 5.23364486e-01
 4.11214953e-01 1.57009346e-01 4.05607477e-01 2.11214953e-01
 5.10280374e-01 1.47663551e-02 4.65420561e-01 4.02803738e-01
 1.14018692e-01 4.85981308e-01 6.50467290e-01 2.94392523e-01
 1.30841121e-01 2.01869159e-01 4.90654206e-01 4.53271028e-01
 5.52336449e-01 2.65420561e-01 3.58878505e-01 5.13084112e-01
 1.26168224e-01 4.83177570e-01 9.25233645e-01 2.12149533e-01
 3.53271028e-01 3.95327103e-01 5.24299065e-01 5.73831776e-01
 3.91588785e-01 6.38317757e-02 3.08411215e-01 4.73831776e-02
 3.30841121e-01 3.73831776e-01 8.79439252e-01 6.87850467e-01
 3.93457944e-01 4.04672897e-01 2.08411215e-01 5.86915888e-01
 3.09345794e-01 3.23364486e-01 1.29906542e-02 4.30841121e-01
 2.12149533e-01 2.55140187e-01 1.00000000e+00 1.78504673e-02
 5.74766355e-01 4.52336449e-01 5.76635514e-01 6.64485981e-01
 4.04672897e-02 0.00000000e+00 0.00000000e+00 1.83177570e-01
 3.57009346e-02 0.00000000e+00 4.45794393e-02 0.00000000e+00
 0.00000000e+00 1.26168224e-01 0.00000000e+00 1.71962617e-01
 0.00000000e+00 1.49532710e-02 0.00000000e+00 7.61682243e-02
 2.15887850e-01 1.51401869e-01 2.87850467e-01 2.85981308e-02
 0.00000000e+00 9.53271028e-02 3.14953271e-02 0.00000000e+00
 7.14018692e-02 1.53271028e-01 2.32710280e-01 0.00000000e+00
 2.39252336e-01 1.18691589e-01 1.54205607e-01 4.28037383e-02
 3.57943925e-02 9.81308411e-02 0.00000000e+00 0.00000000e+00
 1.15887850e-01 0.00000000e+00 0.00000000e+00 2.02803738e-01
 0.00000000e+00 1.48598131e-01 1.14953271e-01 0.00000000e+00
 1.00000000e-02 0.00000000e+00 1.65420561e-01 4.12149533e-01
 7.86915888e-02 0.00000000e+00 0.00000000e+00 3.51401869e-01
 1.09345794e-01 1.95327103e-01 0.00000000e+00 0.00000000e+00
 2.33644860e-02 0.00000000e+00 3.28037383e-01 6.70093458e-02
 0.00000000e+00 0.00000000e+00 2.63551402e-01 1.34579439e-01
 8.83177570e-02 2.02803738e-01 0.00000000e+00 0.00000000e+00
 1.34579439e-01 0.00000000e+00 1.05607477e-01 8.35514019e-03
 6.95327103e-03 1.59813084e-01 0.00000000e+00 0.00000000e+00
 2.46728972e-01 0.00000000e+00 2.23364486e-01 0.00000000e+00
 5.54205607e-02 2.01869159e-01 0.00000000e+00 2.01869159e-01
 2.34579439e-02 0.00000000e+00 2.15887850e-01 0.00000000e+00
 6.71962617e-02 1.36448598e-01 0.00000000e+00 0.00000000e+00
 0.00000000e+00 5.14018692e-03 0.00000000e+00 2.21495327e-01
 1.00934579e-02 1.14018692e-01 1.18691589e-01 2.11214953e-01
 0.00000000e+00 0.00000000e+00 0.00000000e+00 3.02803738e-02
 3.45794393e-01 8.85981308e-04 0.00000000e+00 0.00000000e+00
 1.93457944e-01 4.32710280e-02 0.00000000e+00 1.25233645e-01
 1.25233645e-01 8.19626168e-02 0.00000000e+00 1.33644860e-01
 0.00000000e+00 2.71962617e-01 5.70093458e-02 0.00000000e+00
 0.00000000e+00 0.00000000e+00 1.10280374e-01 1.86915888e-01
 1.69158879e-01 0.00000000e+00 5.46728972e-02 0.00000000e+00
 0.00000000e+00 2.70093458e-01 0.00000000e+00 2.00000000e-01
 4.82242991e-02 0.00000000e+00 0.00000000e+00 3.41121495e-02
 0.00000000e+00 2.99065421e-01 0.00000000e+00 0.00000000e+00]
pyseer
y_true:  [0. 0. 0. 0. 0. 0. 1. 1. 1. 1. 1. 1. 0. 0. 0. 0. 0. 0. 0. 0. 0. 0. 0. 0.
 1. 1. 1. 1. 1. 1. 1. 1. 1. 1. 1. 1. 0. 0. 0. 0. 0. 0. 1. 1. 1. 1. 1. 1.
 0. 0. 0. 0. 0. 0. 1. 1. 1. 1. 1. 1. 0. 0. 0. 0. 0. 0. 0. 0. 0. 0. 0. 0.
 0. 0. 0. 0. 0. 0. 0. 0. 0. 0. 0. 0. 0. 0. 0. 0. 0. 0. 0. 0. 0. 0. 0. 0.
 0. 0. 0. 0. 0. 0. 0. 0. 0. 0. 0. 0. 0. 0. 0. 0. 0. 0. 0. 0. 0. 0. 0. 0.
 0. 0. 0. 0. 0. 0. 0. 0. 0. 0. 0. 0. 0. 0. 0. 0. 0. 0. 0. 0. 0. 0. 0. 0.
 0. 0. 0. 0. 0. 0. 0. 0. 0. 0. 0. 0. 0. 0. 0. 0. 0. 0. 0. 0. 0. 0. 0. 0.
 0. 0. 0. 0. 0. 0. 0. 0. 0. 0. 0. 0. 0. 0. 0. 0. 0. 0. 0. 0. 0. 0. 0. 0.
 0. 0. 0. 0. 0. 0. 0. 0.]
y_pred:  [0. 0. 0. 1. 1. 0. 1. 1. 1. 0. 1. 1. 1. 0. 1. 1. 0. 1. 1. 1. 0. 1. 1. 1.
 1. 1. 1. 1. 0. 1. 1. 1. 1. 1. 1. 1. 1. 0. 1. 0. 1. 1. 1. 1. 1. 1. 1. 1.
 1. 1. 0. 1. 1. 1. 1. 0. 1. 1. 1. 1. 0. 0. 0. 0. 0. 0. 0. 0. 0. 0. 0. 0.
 0. 0. 0. 0. 1. 0. 1. 0. 0. 0. 0. 0. 0. 0. 1. 0. 1. 0. 0. 0. 0. 0. 0. 0.
 0. 0. 0. 1. 0. 0. 0. 0. 0. 0. 0. 1. 0. 0. 0. 1. 0. 1. 0. 0. 0. 0. 1. 0.
 0. 0. 1. 0. 0. 1. 0. 0. 0. 0. 0. 0. 0. 0. 0. 0. 1. 0. 1. 0. 0. 1. 0. 1.
 0. 0. 1. 0. 0. 0. 0. 0. 0. 0. 0. 1. 0. 0. 0. 1. 0. 0. 0. 0. 1. 0. 0. 0.
 0. 0. 0. 0. 0. 0. 0. 0. 0. 1. 0. 0. 0. 0. 0. 0. 0. 0. 0. 0. 0. 1. 0. 1.
 0. 0. 0. 0. 0. 1. 0. 0.]
Time taken: 24.11867380142212 seconds
Running combination 21 of 50
Fitting RandomForest...
Fitting Adaboost...
Fitting AdaBoost_2...
Fitting et...
Fitting gbc...
Fitting gbc_2...
Fitting gbc_3...
Fitting dt...
Fitting lr...
Fitting Lasso_1...
Fitting Lasso_2...
Fitting Lasso_3...
Fitting Lasso_4...
Fitting elasticnet...
VCF file created successfully.
pyseer stderr:  Read 1000 phenotypes
Detected continuous phenotype
Reading all variants

0variants [00:00, ?variants/s]
54variants [00:00, 538.87variants/s]
108variants [00:00, 471.25variants/s]
163variants [00:00, 503.82variants/s]
198variants [00:00, 508.84variants/s]
Applying correlation filtering

  0%|          | 0/198 [00:00<?, ?variants/s]
100%|██████████| 198/198 [00:00<00:00, 2694.79variants/s]
Fitting elastic net to top 148 variants
Best penalty (lambda) from cross-validation: 5.98E+00
Best R^2 from cross-validation: 0.544
Finding and printing selected variants
198 loaded variants
50 pre-filtered variants
148 tested variants
140 printed variants

True importance standardized:  [1.         1.         1.         1.         1.         1.
 0.71938652 0.71938652 0.71938652 0.71938652 0.71938652 0.71938652
 0.59265184 0.59265184 0.59265184 0.59265184 0.59265184 0.59265184
 0.64435947 0.64435947 0.64435947 0.64435947 0.64435947 0.64435947
 0.57589086 0.57589086 0.57589086 0.57589086 0.57589086 0.57589086
 0.56113346 0.56113346 0.56113346 0.56113346 0.56113346 0.56113346
 0.41685671 0.41685671 0.41685671 0.41685671 0.41685671 0.41685671
 0.43784965 0.43784965 0.43784965 0.43784965 0.43784965 0.43784965
 0.2113288  0.2113288  0.2113288  0.2113288  0.2113288  0.2113288
 0.84764943 0.84764943 0.84764943 0.84764943 0.84764943 0.84764943
 0.         0.         0.         0.         0.         0.
 0.         0.         0.         0.         0.         0.
 0.         0.         0.         0.         0.         0.
 0.         0.         0.         0.         0.         0.
 0.         0.         0.         0.         0.         0.
 0.         0.         0.         0.         0.         0.
 0.         0.         0.         0.         0.         0.
 0.         0.         0.         0.         0.         0.
 0.         0.         0.         0.         0.         0.
 0.         0.         0.         0.         0.         0.
 0.         0.         0.         0.         0.         0.
 0.         0.         0.         0.         0.         0.
 0.         0.         0.         0.         0.         0.
 0.         0.         0.         0.         0.         0.
 0.         0.         0.         0.         0.         0.
 0.         0.         0.         0.         0.         0.
 0.         0.         0.         0.         0.         0.
 0.         0.         0.         0.         0.         0.
 0.         0.         0.         0.         0.         0.
 0.         0.         0.         0.         0.         0.
 0.         0.         0.         0.         0.         0.
 0.         0.         0.         0.         0.         0.
 0.         0.         0.         0.         0.         0.
 0.         0.        ]
Normalized importance:  [1.         1.         1.         1.         1.         1.
 0.64405735 0.64405735 0.64405735 0.64405735 0.64405735 0.64405735
 0.24860142 0.24860142 0.24860142 0.24860142 0.24860142 0.24860142
 0.39583915 0.39583915 0.39583915 0.39583915 0.39583915 0.39583915
 0.38933146 0.38933146 0.38933146 0.38933146 0.38933146 0.38933146
 0.29574295 0.29574295 0.29574295 0.29574295 0.29574295 0.29574295
 0.13346118 0.13346118 0.13346118 0.13346118 0.13346118 0.13346118
 0.31073794 0.31073794 0.31073794 0.31073794 0.31073794 0.31073794
 0.0752626  0.         0.         0.         0.0752626  0.0752626
 0.86420326 0.86420326 0.86420326 0.86420326 0.86420326 0.86420326
 0.         0.         0.         0.         0.         0.
 0.         0.         0.         0.         0.         0.
 0.         0.         0.         0.         0.         0.
 0.         0.         0.         0.         0.         0.
 0.         0.         0.         0.         0.         0.
 0.         0.         0.01971294 0.         0.         0.
 0.         0.         0.         0.         0.         0.
 0.         0.         0.         0.         0.         0.
 0.         0.         0.         0.         0.         0.
 0.         0.         0.         0.         0.01883776 0.06777635
 0.         0.         0.         0.         0.         0.
 0.         0.         0.         0.         0.         0.0340568
 0.         0.         0.         0.         0.         0.
 0.         0.         0.         0.         0.         0.
 0.         0.0538693  0.         0.         0.         0.
 0.         0.         0.         0.         0.         0.
 0.         0.         0.         0.02754166 0.         0.03792427
 0.         0.         0.03482182 0.         0.         0.
 0.         0.         0.         0.         0.         0.
 0.01927901 0.         0.         0.         0.         0.
 0.         0.         0.02592026 0.         0.         0.
 0.         0.         0.         0.         0.08290598 0.
 0.         0.         0.         0.         0.         0.
 0.         0.        ]
deepbreaks
y_true:  [1. 1. 1. 1. 1. 1. 1. 1. 1. 1. 1. 1. 1. 1. 1. 1. 1. 1. 1. 1. 1. 1. 1. 1.
 0. 0. 0. 0. 0. 0. 0. 0. 0. 0. 0. 0. 0. 0. 0. 0. 0. 0. 0. 0. 0. 0. 0. 0.
 0. 0. 0. 0. 0. 0. 1. 1. 1. 1. 1. 1. 0. 0. 0. 0. 0. 0. 0. 0. 0. 0. 0. 0.
 0. 0. 0. 0. 0. 0. 0. 0. 0. 0. 0. 0. 0. 0. 0. 0. 0. 0. 0. 0. 0. 0. 0. 0.
 0. 0. 0. 0. 0. 0. 0. 0. 0. 0. 0. 0. 0. 0. 0. 0. 0. 0. 0. 0. 0. 0. 0. 0.
 0. 0. 0. 0. 0. 0. 0. 0. 0. 0. 0. 0. 0. 0. 0. 0. 0. 0. 0. 0. 0. 0. 0. 0.
 0. 0. 0. 0. 0. 0. 0. 0. 0. 0. 0. 0. 0. 0. 0. 0. 0. 0. 0. 0. 0. 0. 0. 0.
 0. 0. 0. 0. 0. 0. 0. 0. 0. 0. 0. 0. 0. 0. 0. 0. 0. 0. 0. 0. 0. 0. 0. 0.
 0. 0. 0. 0. 0. 0. 0. 0.]
y_pred:  [1. 1. 1. 1. 1. 1. 1. 1. 1. 1. 1. 1. 0. 0. 0. 0. 0. 0. 1. 1. 1. 1. 1. 1.
 1. 1. 1. 1. 1. 1. 0. 0. 0. 0. 0. 0. 0. 0. 0. 0. 0. 0. 1. 1. 1. 1. 1. 1.
 0. 0. 0. 0. 0. 0. 1. 1. 1. 1. 1. 1. 0. 0. 0. 0. 0. 0. 0. 0. 0. 0. 0. 0.
 0. 0. 0. 0. 0. 0. 0. 0. 0. 0. 0. 0. 0. 0. 0. 0. 0. 0. 0. 0. 0. 0. 0. 0.
 0. 0. 0. 0. 0. 0. 0. 0. 0. 0. 0. 0. 0. 0. 0. 0. 0. 0. 0. 0. 0. 0. 0. 0.
 0. 0. 0. 0. 0. 0. 0. 0. 0. 0. 0. 0. 0. 0. 0. 0. 0. 0. 0. 0. 0. 0. 0. 0.
 0. 0. 0. 0. 0. 0. 0. 0. 0. 0. 0. 0. 0. 0. 0. 0. 0. 0. 0. 0. 0. 0. 0. 0.
 0. 0. 0. 0. 0. 0. 0. 0. 0. 0. 0. 0. 0. 0. 0. 0. 0. 0. 0. 0. 0. 0. 0. 0.
 0. 0. 0. 0. 0. 0. 0. 0.]
Normalized importance:  [0.97402597 0.63311688 0.32792208 0.4512987  0.33116883 0.28019481
 0.88961039 0.09155844 0.37012987 0.27824675 0.50649351 0.26493506
 0.52922078 0.20324675 0.26883117 0.14188312 0.37337662 0.12694805
 0.5        0.3474026  0.3224026  0.3474026  0.20162338 0.15227273
 0.61038961 0.42207792 0.1487013  0.0224026  0.08084416 0.33766234
 0.53571429 0.16168831 0.12727273 0.2237013  0.19837662 0.40909091
 0.24935065 0.18506494 0.11948052 0.19577922 0.4512987  0.05487013
 0.39285714 0.32207792 0.40584416 0.30811688 0.1775974  0.01470779
 0.31168831 0.         0.         0.         0.18019481 0.1538961
 1.         0.29188312 0.09902597 0.34090909 0.52922078 0.40909091
 0.09253247 0.         0.         0.0015     0.00636364 0.28896104
 0.15941558 0.         0.14318182 0.04318182 0.         0.15
 0.         0.1538961  0.         0.1038961  0.07077922 0.02694805
 0.02935065 0.05746753 0.         0.14837662 0.         0.
 0.12532468 0.09902597 0.         0.         0.14545455 0.
 0.         0.         0.16915584 0.13571429 0.         0.
 0.17987013 0.1025974  0.         0.         0.01081169 0.
 0.19188312 0.         0.         0.         0.         0.
 0.09123377 0.         0.         0.1512987  0.03798701 0.
 0.09902597 0.13019481 0.11525974 0.19772727 0.17142857 0.16071429
 0.24415584 0.         0.01207792 0.14837662 0.06363636 0.12694805
 0.         0.         0.         0.17954545 0.03311688 0.23538961
 0.         0.         0.10844156 0.         0.23896104 0.05032468
 0.         0.1262987  0.05227273 0.         0.         0.33441558
 0.21428571 0.31428571 0.         0.14707792 0.001      0.27532468
 0.         0.06331169 0.15227273 0.07597403 0.06168831 0.
 0.20227273 0.04220779 0.         0.03896104 0.13538961 0.16980519
 0.06525974 0.17824675 0.34090909 0.29967532 0.         0.21396104
 0.06136364 0.12077922 0.11136364 0.         0.         0.23733766
 0.05941558 0.13571429 0.         0.         0.         0.
 0.18896104 0.07337662 0.15       0.15162338 0.         0.08344156
 0.21493506 0.         0.10032468 0.09675325 0.35714286 0.
 0.         0.         0.15357143 0.         0.13636364 0.
 0.         0.        ]
pyseer
y_true:  [1. 1. 1. 1. 1. 1. 1. 1. 1. 1. 1. 1. 1. 1. 1. 1. 1. 1. 1. 1. 1. 1. 1. 1.
 0. 0. 0. 0. 0. 0. 0. 0. 0. 0. 0. 0. 0. 0. 0. 0. 0. 0. 0. 0. 0. 0. 0. 0.
 0. 0. 0. 0. 0. 0. 1. 1. 1. 1. 1. 1. 0. 0. 0. 0. 0. 0. 0. 0. 0. 0. 0. 0.
 0. 0. 0. 0. 0. 0. 0. 0. 0. 0. 0. 0. 0. 0. 0. 0. 0. 0. 0. 0. 0. 0. 0. 0.
 0. 0. 0. 0. 0. 0. 0. 0. 0. 0. 0. 0. 0. 0. 0. 0. 0. 0. 0. 0. 0. 0. 0. 0.
 0. 0. 0. 0. 0. 0. 0. 0. 0. 0. 0. 0. 0. 0. 0. 0. 0. 0. 0. 0. 0. 0. 0. 0.
 0. 0. 0. 0. 0. 0. 0. 0. 0. 0. 0. 0. 0. 0. 0. 0. 0. 0. 0. 0. 0. 0. 0. 0.
 0. 0. 0. 0. 0. 0. 0. 0. 0. 0. 0. 0. 0. 0. 0. 0. 0. 0. 0. 0. 0. 0. 0. 0.
 0. 0. 0. 0. 0. 0. 0. 0.]
y_pred:  [1. 1. 1. 1. 1. 1. 1. 0. 1. 1. 1. 1. 1. 1. 1. 0. 1. 0. 1. 1. 1. 1. 1. 0.
 1. 1. 0. 0. 0. 1. 1. 1. 0. 1. 1. 1. 1. 1. 0. 1. 1. 0. 1. 1. 1. 1. 1. 0.
 1. 0. 0. 0. 1. 0. 1. 1. 0. 1. 1. 1. 0. 0. 0. 0. 0. 1. 1. 0. 0. 0. 0. 0.
 0. 0. 0. 0. 0. 0. 0. 0. 0. 0. 0. 0. 0. 0. 0. 0. 0. 0. 0. 0. 1. 0. 0. 0.
 1. 0. 0. 0. 0. 0. 1. 0. 0. 0. 0. 0. 0. 0. 0. 0. 0. 0. 0. 0. 0. 1. 1. 1.
 1. 0. 0. 0. 0. 0. 0. 0. 0. 1. 0. 1. 0. 0. 0. 0. 1. 0. 0. 0. 0. 0. 0. 1.
 1. 1. 0. 0. 0. 1. 0. 0. 0. 0. 0. 0. 1. 0. 0. 0. 0. 1. 0. 1. 1. 1. 0. 1.
 0. 0. 0. 0. 0. 1. 0. 0. 0. 0. 0. 0. 1. 0. 0. 0. 0. 0. 1. 0. 0. 0. 1. 0.
 0. 0. 0. 0. 0. 0. 0. 0.]
Time taken: 23.602832078933716 seconds
Running combination 22 of 50
Fitting RandomForest...
Fitting Adaboost...
Fitting AdaBoost_2...
Fitting et...
Fitting gbc...
Fitting gbc_2...
Fitting gbc_3...
Fitting dt...
Fitting lr...
Fitting Lasso_1...
Fitting Lasso_2...
Fitting Lasso_3...
Fitting Lasso_4...
Fitting elasticnet...
VCF file created successfully.
pyseer stderr:  Read 1000 phenotypes
Detected continuous phenotype
Reading all variants

0variants [00:00, ?variants/s]
54variants [00:00, 539.44variants/s]
108variants [00:00, 472.56variants/s]
163variants [00:00, 503.60variants/s]
198variants [00:00, 508.47variants/s]
Applying correlation filtering

  0%|          | 0/198 [00:00<?, ?variants/s]
100%|██████████| 198/198 [00:00<00:00, 2709.98variants/s]
Fitting elastic net to top 148 variants
Best penalty (lambda) from cross-validation: 1.71E+01
Best R^2 from cross-validation: 0.514
Finding and printing selected variants
198 loaded variants
50 pre-filtered variants
148 tested variants
136 printed variants

True importance standardized:  [0.80936489 0.80936489 0.80936489 0.80936489 0.80936489 0.80936489
 0.84970478 0.84970478 0.84970478 0.84970478 0.84970478 0.84970478
 0.51666995 0.51666995 0.51666995 0.51666995 0.51666995 0.51666995
 0.29265002 0.29265002 0.29265002 0.29265002 0.29265002 0.29265002
 0.26706231 0.26706231 0.26706231 0.26706231 0.26706231 0.26706231
 0.91193898 0.91193898 0.91193898 0.91193898 0.91193898 0.91193898
 0.67115361 0.67115361 0.67115361 0.67115361 0.67115361 0.67115361
 0.62216114 0.62216114 0.62216114 0.62216114 0.62216114 0.62216114
 1.         1.         1.         1.         1.         1.
 0.70204546 0.70204546 0.70204546 0.70204546 0.70204546 0.70204546
 0.         0.         0.         0.         0.         0.
 0.         0.         0.         0.         0.         0.
 0.         0.         0.         0.         0.         0.
 0.         0.         0.         0.         0.         0.
 0.         0.         0.         0.         0.         0.
 0.         0.         0.         0.         0.         0.
 0.         0.         0.         0.         0.         0.
 0.         0.         0.         0.         0.         0.
 0.         0.         0.         0.         0.         0.
 0.         0.         0.         0.         0.         0.
 0.         0.         0.         0.         0.         0.
 0.         0.         0.         0.         0.         0.
 0.         0.         0.         0.         0.         0.
 0.         0.         0.         0.         0.         0.
 0.         0.         0.         0.         0.         0.
 0.         0.         0.         0.         0.         0.
 0.         0.         0.         0.         0.         0.
 0.         0.         0.         0.         0.         0.
 0.         0.         0.         0.         0.         0.
 0.         0.         0.         0.         0.         0.
 0.         0.         0.         0.         0.         0.
 0.         0.         0.         0.         0.         0.
 0.         0.         0.         0.         0.         0.
 0.         0.        ]
Normalized importance:  [0.62494427 0.62494427 0.62494427 0.62494427 0.62494427 0.62494427
 0.82753353 0.82753353 0.82753353 0.82753353 0.82753353 0.82753353
 0.24500181 0.24500181 0.24500181 0.24500181 0.24500181 0.24500181
 0.05350331 0.05350331 0.         0.05350331 0.05350331 0.05350331
 0.09948701 0.09948701 0.09948701 0.09948701 0.09948701 0.09948701
 1.         1.         1.         1.         1.         1.
 0.32577796 0.32577796 0.32577796 0.32577796 0.32577796 0.32577796
 0.2447968  0.2447968  0.2447968  0.2447968  0.2447968  0.2447968
 0.77613936 0.77613936 0.77613936 0.77613936 0.77613936 0.77613936
 0.4278506  0.4278506  0.4278506  0.4278506  0.4278506  0.4278506
 0.         0.         0.         0.         0.         0.
 0.         0.         0.         0.         0.         0.
 0.         0.         0.         0.         0.         0.
 0.         0.         0.         0.         0.         0.
 0.         0.         0.         0.         0.         0.
 0.         0.         0.         0.         0.01128054 0.
 0.         0.         0.         0.         0.         0.
 0.         0.         0.         0.         0.         0.
 0.         0.         0.         0.         0.         0.
 0.         0.         0.         0.         0.         0.
 0.         0.         0.         0.02649164 0.         0.
 0.         0.         0.06983766 0.         0.         0.
 0.         0.         0.         0.         0.         0.
 0.         0.         0.02551996 0.         0.         0.
 0.         0.         0.         0.         0.         0.
 0.02796296 0.         0.         0.         0.         0.
 0.         0.         0.         0.         0.         0.
 0.         0.         0.         0.         0.         0.
 0.         0.         0.         0.         0.         0.
 0.         0.         0.         0.         0.         0.
 0.         0.         0.         0.         0.         0.
 0.         0.         0.         0.         0.         0.
 0.         0.         0.         0.         0.         0.
 0.         0.        ]
deepbreaks
y_true:  [1. 1. 1. 1. 1. 1. 1. 1. 1. 1. 1. 1. 0. 0. 0. 0. 0. 0. 0. 0. 0. 0. 0. 0.
 0. 0. 0. 0. 0. 0. 1. 1. 1. 1. 1. 1. 0. 0. 0. 0. 0. 0. 0. 0. 0. 0. 0. 0.
 1. 1. 1. 1. 1. 1. 1. 1. 1. 1. 1. 1. 0. 0. 0. 0. 0. 0. 0. 0. 0. 0. 0. 0.
 0. 0. 0. 0. 0. 0. 0. 0. 0. 0. 0. 0. 0. 0. 0. 0. 0. 0. 0. 0. 0. 0. 0. 0.
 0. 0. 0. 0. 0. 0. 0. 0. 0. 0. 0. 0. 0. 0. 0. 0. 0. 0. 0. 0. 0. 0. 0. 0.
 0. 0. 0. 0. 0. 0. 0. 0. 0. 0. 0. 0. 0. 0. 0. 0. 0. 0. 0. 0. 0. 0. 0. 0.
 0. 0. 0. 0. 0. 0. 0. 0. 0. 0. 0. 0. 0. 0. 0. 0. 0. 0. 0. 0. 0. 0. 0. 0.
 0. 0. 0. 0. 0. 0. 0. 0. 0. 0. 0. 0. 0. 0. 0. 0. 0. 0. 0. 0. 0. 0. 0. 0.
 0. 0. 0. 0. 0. 0. 0. 0.]
y_pred:  [1. 1. 1. 1. 1. 1. 1. 1. 1. 1. 1. 1. 0. 0. 0. 0. 0. 0. 0. 0. 0. 0. 0. 0.
 0. 0. 0. 0. 0. 0. 1. 1. 1. 1. 1. 1. 1. 1. 1. 1. 1. 1. 0. 0. 0. 0. 0. 0.
 1. 1. 1. 1. 1. 1. 1. 1. 1. 1. 1. 1. 0. 0. 0. 0. 0. 0. 0. 0. 0. 0. 0. 0.
 0. 0. 0. 0. 0. 0. 0. 0. 0. 0. 0. 0. 0. 0. 0. 0. 0. 0. 0. 0. 0. 0. 0. 0.
 0. 0. 0. 0. 0. 0. 0. 0. 0. 0. 0. 0. 0. 0. 0. 0. 0. 0. 0. 0. 0. 0. 0. 0.
 0. 0. 0. 0. 0. 0. 0. 0. 0. 0. 0. 0. 0. 0. 0. 0. 0. 0. 0. 0. 0. 0. 0. 0.
 0. 0. 0. 0. 0. 0. 0. 0. 0. 0. 0. 0. 0. 0. 0. 0. 0. 0. 0. 0. 0. 0. 0. 0.
 0. 0. 0. 0. 0. 0. 0. 0. 0. 0. 0. 0. 0. 0. 0. 0. 0. 0. 0. 0. 0. 0. 0. 0.
 0. 0. 0. 0. 0. 0. 0. 0.]
Normalized importance:  [0.78947368 0.24824561 0.51169591 0.63157895 0.49122807 0.56432749
 0.84210526 0.46491228 0.82748538 0.55263158 0.51754386 0.35672515
 0.59649123 0.34502924 0.02321637 0.57602339 0.14766082 0.28684211
 0.27631579 0.28099415 0.         0.4005848  0.22397661 0.01730994
 0.35380117 0.25409357 0.20964912 0.07251462 0.18654971 0.31578947
 1.         0.50877193 0.47368421 0.81871345 0.54385965 0.66374269
 0.56140351 0.48245614 0.25380117 0.51461988 0.44444444 0.38304094
 0.51169591 0.21725146 0.24385965 0.25       0.52923977 0.56140351
 0.92690058 0.57602339 0.80994152 0.69590643 0.59064327 0.60526316
 0.66666667 0.60233918 0.1745614  0.55263158 0.25584795 0.37719298
 0.01608187 0.         0.         0.11052632 0.18596491 0.
 0.21345029 0.13684211 0.         0.         0.01377193 0.26871345
 0.17836257 0.         0.         0.11345029 0.13011696 0.1754386
 0.         0.20906433 0.         0.         0.         0.
 0.20087719 0.01716374 0.         0.24122807 0.         0.01345029
 0.26988304 0.06637427 0.09619883 0.         0.01090643 0.11345029
 0.         0.28040936 0.         0.01777778 0.12280702 0.
 0.17368421 0.         0.         0.36549708 0.20789474 0.
 0.0880117  0.0030117  0.07222222 0.         0.         0.
 0.20964912 0.         0.         0.08538012 0.05994152 0.
 0.12777778 0.13625731 0.09766082 0.23216374 0.13040936 0.07748538
 0.         0.         0.37426901 0.         0.13976608 0.
 0.09853801 0.13684211 0.0628655  0.         0.27368421 0.
 0.         0.17426901 0.22602339 0.         0.         0.07719298
 0.02903509 0.18157895 0.03157895 0.         0.         0.37719298
 0.23450292 0.14122807 0.         0.         0.13011696 0.02616959
 0.01494152 0.12748538 0.         0.17719298 0.         0.26081871
 0.0871345  0.24122807 0.31871345 0.         0.         0.01491228
 0.0095614  0.         0.         0.         0.         0.
 0.15935673 0.         0.03245614 0.07865497 0.         0.
 0.10409357 0.         0.04649123 0.05555556 0.00625731 0.25146199
 0.01336257 0.22222222 0.         0.         0.         0.
 0.         0.23216374 0.12192982 0.         0.         0.
 0.         0.        ]
pyseer
y_true:  [1. 1. 1. 1. 1. 1. 1. 1. 1. 1. 1. 1. 0. 0. 0. 0. 0. 0. 0. 0. 0. 0. 0. 0.
 0. 0. 0. 0. 0. 0. 1. 1. 1. 1. 1. 1. 0. 0. 0. 0. 0. 0. 0. 0. 0. 0. 0. 0.
 1. 1. 1. 1. 1. 1. 1. 1. 1. 1. 1. 1. 0. 0. 0. 0. 0. 0. 0. 0. 0. 0. 0. 0.
 0. 0. 0. 0. 0. 0. 0. 0. 0. 0. 0. 0. 0. 0. 0. 0. 0. 0. 0. 0. 0. 0. 0. 0.
 0. 0. 0. 0. 0. 0. 0. 0. 0. 0. 0. 0. 0. 0. 0. 0. 0. 0. 0. 0. 0. 0. 0. 0.
 0. 0. 0. 0. 0. 0. 0. 0. 0. 0. 0. 0. 0. 0. 0. 0. 0. 0. 0. 0. 0. 0. 0. 0.
 0. 0. 0. 0. 0. 0. 0. 0. 0. 0. 0. 0. 0. 0. 0. 0. 0. 0. 0. 0. 0. 0. 0. 0.
 0. 0. 0. 0. 0. 0. 0. 0. 0. 0. 0. 0. 0. 0. 0. 0. 0. 0. 0. 0. 0. 0. 0. 0.
 0. 0. 0. 0. 0. 0. 0. 0.]
y_pred:  [1. 1. 1. 1. 1. 1. 1. 1. 1. 1. 1. 1. 1. 1. 0. 1. 0. 1. 1. 1. 0. 1. 1. 0.
 1. 1. 0. 0. 0. 1. 1. 1. 1. 1. 1. 1. 1. 1. 1. 1. 1. 1. 1. 0. 1. 1. 1. 1.
 1. 1. 1. 1. 1. 1. 1. 1. 0. 1. 1. 1. 0. 0. 0. 0. 0. 0. 0. 0. 0. 0. 0. 1.
 0. 0. 0. 0. 0. 0. 0. 0. 0. 0. 0. 0. 0. 0. 0. 1. 0. 0. 1. 0. 0. 0. 0. 0.
 0. 1. 0. 0. 0. 0. 0. 0. 0. 1. 0. 0. 0. 0. 0. 0. 0. 0. 0. 0. 0. 0. 0. 0.
 0. 0. 0. 1. 0. 0. 0. 0. 1. 0. 0. 0. 0. 0. 0. 0. 1. 0. 0. 0. 1. 0. 0. 0.
 0. 0. 0. 0. 0. 1. 1. 0. 0. 0. 0. 0. 0. 0. 0. 0. 0. 1. 0. 1. 1. 0. 0. 0.
 0. 0. 0. 0. 0. 0. 0. 0. 0. 0. 0. 0. 0. 0. 0. 0. 0. 1. 0. 1. 0. 0. 0. 0.
 0. 1. 0. 0. 0. 0. 0. 0.]
Time taken: 23.785783052444458 seconds
Running combination 23 of 50
Fitting RandomForest...
Fitting Adaboost...
Fitting AdaBoost_2...
Fitting et...
Fitting gbc...
Fitting gbc_2...
Fitting gbc_3...
Fitting dt...
Fitting lr...
Fitting Lasso_1...
Fitting Lasso_2...
Fitting Lasso_3...
Fitting Lasso_4...
Fitting elasticnet...
VCF file created successfully.
pyseer stderr:  Read 1000 phenotypes
Detected continuous phenotype
Reading all variants

0variants [00:00, ?variants/s]
54variants [00:00, 537.75variants/s]
108variants [00:00, 478.54variants/s]
164variants [00:00, 511.49variants/s]
198variants [00:00, 516.20variants/s]
Applying correlation filtering

  0%|          | 0/198 [00:00<?, ?variants/s]
100%|██████████| 198/198 [00:00<00:00, 2682.25variants/s]
Fitting elastic net to top 148 variants
Best penalty (lambda) from cross-validation: 1.28E+01
Best R^2 from cross-validation: 0.480
Finding and printing selected variants
198 loaded variants
50 pre-filtered variants
148 tested variants
136 printed variants

True importance standardized:  [0.79032748 0.79032748 0.79032748 0.79032748 0.79032748 0.79032748
 0.78094297 0.78094297 0.78094297 0.78094297 0.78094297 0.78094297
 0.2230579  0.2230579  0.2230579  0.2230579  0.2230579  0.2230579
 0.6084014  0.6084014  0.6084014  0.6084014  0.6084014  0.6084014
 0.73179148 0.73179148 0.73179148 0.73179148 0.73179148 0.73179148
 0.53409225 0.53409225 0.53409225 0.53409225 0.53409225 0.53409225
 1.         1.         1.         1.         1.         1.
 0.57399277 0.57399277 0.57399277 0.57399277 0.57399277 0.57399277
 0.19232949 0.19232949 0.19232949 0.19232949 0.19232949 0.19232949
 0.15070484 0.15070484 0.15070484 0.15070484 0.15070484 0.15070484
 0.         0.         0.         0.         0.         0.
 0.         0.         0.         0.         0.         0.
 0.         0.         0.         0.         0.         0.
 0.         0.         0.         0.         0.         0.
 0.         0.         0.         0.         0.         0.
 0.         0.         0.         0.         0.         0.
 0.         0.         0.         0.         0.         0.
 0.         0.         0.         0.         0.         0.
 0.         0.         0.         0.         0.         0.
 0.         0.         0.         0.         0.         0.
 0.         0.         0.         0.         0.         0.
 0.         0.         0.         0.         0.         0.
 0.         0.         0.         0.         0.         0.
 0.         0.         0.         0.         0.         0.
 0.         0.         0.         0.         0.         0.
 0.         0.         0.         0.         0.         0.
 0.         0.         0.         0.         0.         0.
 0.         0.         0.         0.         0.         0.
 0.         0.         0.         0.         0.         0.
 0.         0.         0.         0.         0.         0.
 0.         0.         0.         0.         0.         0.
 0.         0.         0.         0.         0.         0.
 0.         0.         0.         0.         0.         0.
 0.         0.        ]
Normalized importance:  [0.60149944 0.60149944 0.60149944 0.60149944 0.60149944 0.60149944
 0.71124353 0.71124353 0.71124353 0.71124353 0.71124353 0.71124353
 0.05576863 0.05576863 0.05576863 0.05576863 0.05576863 0.05576863
 0.29657254 0.29657254 0.29657254 0.29657254 0.29657254 0.29657254
 0.67430449 0.67430449 0.67430449 0.67430449 0.67430449 0.67430449
 0.31023778 0.31023778 0.31023778 0.31023778 0.31023778 0.31023778
 1.         1.         1.         1.         1.         1.
 0.45445234 0.45445234 0.45445234 0.45445234 0.45445234 0.45445234
 0.         0.         0.         0.         0.         0.
 0.         0.         0.         0.         0.         0.
 0.         0.         0.         0.         0.         0.
 0.         0.         0.         0.         0.         0.
 0.         0.         0.         0.         0.         0.
 0.         0.         0.         0.         0.         0.
 0.         0.         0.         0.         0.         0.
 0.         0.         0.         0.         0.         0.
 0.         0.         0.         0.         0.         0.
 0.         0.         0.         0.         0.         0.
 0.         0.         0.         0.         0.         0.
 0.         0.         0.         0.         0.         0.
 0.         0.         0.         0.         0.         0.
 0.         0.         0.         0.         0.         0.
 0.         0.         0.         0.         0.         0.
 0.         0.06024286 0.         0.         0.         0.
 0.01820467 0.         0.         0.         0.         0.
 0.         0.         0.         0.         0.02346246 0.
 0.         0.         0.         0.         0.         0.
 0.         0.         0.         0.         0.         0.
 0.         0.         0.         0.         0.         0.
 0.         0.         0.         0.         0.         0.
 0.         0.         0.         0.         0.         0.
 0.         0.         0.         0.         0.         0.
 0.         0.         0.         0.         0.         0.
 0.         0.        ]
deepbreaks
y_true:  [1. 1. 1. 1. 1. 1. 1. 1. 1. 1. 1. 1. 0. 0. 0. 0. 0. 0. 1. 1. 1. 1. 1. 1.
 1. 1. 1. 1. 1. 1. 0. 0. 0. 0. 0. 0. 1. 1. 1. 1. 1. 1. 0. 0. 0. 0. 0. 0.
 0. 0. 0. 0. 0. 0. 0. 0. 0. 0. 0. 0. 0. 0. 0. 0. 0. 0. 0. 0. 0. 0. 0. 0.
 0. 0. 0. 0. 0. 0. 0. 0. 0. 0. 0. 0. 0. 0. 0. 0. 0. 0. 0. 0. 0. 0. 0. 0.
 0. 0. 0. 0. 0. 0. 0. 0. 0. 0. 0. 0. 0. 0. 0. 0. 0. 0. 0. 0. 0. 0. 0. 0.
 0. 0. 0. 0. 0. 0. 0. 0. 0. 0. 0. 0. 0. 0. 0. 0. 0. 0. 0. 0. 0. 0. 0. 0.
 0. 0. 0. 0. 0. 0. 0. 0. 0. 0. 0. 0. 0. 0. 0. 0. 0. 0. 0. 0. 0. 0. 0. 0.
 0. 0. 0. 0. 0. 0. 0. 0. 0. 0. 0. 0. 0. 0. 0. 0. 0. 0. 0. 0. 0. 0. 0. 0.
 0. 0. 0. 0. 0. 0. 0. 0.]
y_pred:  [1. 1. 1. 1. 1. 1. 1. 1. 1. 1. 1. 1. 0. 0. 0. 0. 0. 0. 0. 0. 0. 0. 0. 0.
 1. 1. 1. 1. 1. 1. 0. 0. 0. 0. 0. 0. 1. 1. 1. 1. 1. 1. 1. 1. 1. 1. 1. 1.
 0. 0. 0. 0. 0. 0. 0. 0. 0. 0. 0. 0. 0. 0. 0. 0. 0. 0. 0. 0. 0. 0. 0. 0.
 0. 0. 0. 0. 0. 0. 0. 0. 0. 0. 0. 0. 0. 0. 0. 0. 0. 0. 0. 0. 0. 0. 0. 0.
 0. 0. 0. 0. 0. 0. 0. 0. 0. 0. 0. 0. 0. 0. 0. 0. 0. 0. 0. 0. 0. 0. 0. 0.
 0. 0. 0. 0. 0. 0. 0. 0. 0. 0. 0. 0. 0. 0. 0. 0. 0. 0. 0. 0. 0. 0. 0. 0.
 0. 0. 0. 0. 0. 0. 0. 0. 0. 0. 0. 0. 0. 0. 0. 0. 0. 0. 0. 0. 0. 0. 0. 0.
 0. 0. 0. 0. 0. 0. 0. 0. 0. 0. 0. 0. 0. 0. 0. 0. 0. 0. 0. 0. 0. 0. 0. 0.
 0. 0. 0. 0. 0. 0. 0. 0.]
Normalized importance:  [8.73595506e-01 6.29213483e-01 5.02808989e-01 3.73595506e-01
 4.24157303e-01 4.60674157e-01 9.35393258e-01 2.83707865e-01
 4.57865169e-01 6.65730337e-01 4.60674157e-01 2.64325843e-01
 1.08146067e-01 0.00000000e+00 1.26123596e-01 2.18258427e-01
 3.14606742e-01 3.08988764e-01 7.19101124e-01 0.00000000e+00
 3.17415730e-01 3.87640449e-01 5.92696629e-01 2.15730337e-01
 8.08988764e-01 4.29775281e-01 4.91573034e-01 2.02528090e-01
 6.06741573e-01 5.98314607e-01 5.42134831e-01 3.03370787e-01
 4.15730337e-01 4.94382022e-01 4.18539326e-01 7.78089888e-02
 1.00000000e+00 6.68539326e-01 4.01685393e-01 7.94943820e-01
 7.19101124e-01 3.17415730e-01 6.93820225e-01 1.07022472e-01
 5.58988764e-01 8.93258427e-02 4.18539326e-01 4.35393258e-01
 8.23033708e-02 2.97752809e-01 1.10393258e-01 2.23595506e-01
 3.51123596e-01 0.00000000e+00 7.38764045e-02 3.25842697e-01
 7.07865169e-02 1.34269663e-01 1.69101124e-01 0.00000000e+00
 3.25842697e-02 0.00000000e+00 8.37078652e-02 3.56741573e-01
 0.00000000e+00 1.61516854e-01 1.56460674e-01 3.59550562e-02
 4.52247191e-02 3.17415730e-01 0.00000000e+00 1.59550562e-01
 0.00000000e+00 4.29775281e-02 0.00000000e+00 0.00000000e+00
 0.00000000e+00 6.03932584e-02 2.50561798e-01 3.14606742e-01
 1.08707865e-01 0.00000000e+00 1.20505618e-01 4.80337079e-02
 1.22752809e-01 0.00000000e+00 3.11797753e-02 1.75842697e-01
 0.00000000e+00 1.45505618e-01 1.13764045e-01 1.12921348e-01
 9.80337079e-02 3.59550562e-02 1.81179775e-01 7.16292135e-02
 0.00000000e+00 0.00000000e+00 9.21348315e-02 0.00000000e+00
 2.83707865e-01 2.12640449e-01 0.00000000e+00 2.60674157e-01
 1.81460674e-01 0.00000000e+00 0.00000000e+00 1.71910112e-01
 2.15730337e-01 0.00000000e+00 0.00000000e+00 0.00000000e+00
 1.67696629e-01 1.19943820e-01 0.00000000e+00 1.63202247e-01
 0.00000000e+00 6.62921348e-02 0.00000000e+00 0.00000000e+00
 1.67134831e-01 5.14044944e-02 2.94943820e-01 3.20224719e-01
 1.42696629e-01 1.86516854e-02 1.33146067e-01 9.52247191e-02
 1.16853933e-01 0.00000000e+00 0.00000000e+00 4.35393258e-02
 6.12359551e-02 0.00000000e+00 9.94382022e-04 0.00000000e+00
 1.34550562e-01 2.92134831e-04 1.89325843e-01 4.66292135e-01
 0.00000000e+00 0.00000000e+00 1.00561798e-02 6.03932584e-02
 2.92134831e-01 2.25280899e-01 3.00561798e-02 8.23033708e-02
 0.00000000e+00 0.00000000e+00 0.00000000e+00 0.00000000e+00
 0.00000000e+00 1.24719101e-02 1.50280899e-01 0.00000000e+00
 0.00000000e+00 0.00000000e+00 8.93258427e-02 5.98314607e-02
 0.00000000e+00 0.00000000e+00 1.13202247e-01 0.00000000e+00
 0.00000000e+00 1.58988764e-01 2.37921348e-01 1.65449438e-01
 0.00000000e+00 0.00000000e+00 0.00000000e+00 1.46629213e-01
 2.48595506e-01 2.47191011e-01 1.22471910e-01 0.00000000e+00
 1.18258427e-01 0.00000000e+00 4.07303371e-02 0.00000000e+00
 6.46067416e-02 0.00000000e+00 0.00000000e+00 9.12921348e-02
 0.00000000e+00 0.00000000e+00 0.00000000e+00 1.31741573e-02
 4.83146067e-02 8.08988764e-02 0.00000000e+00 0.00000000e+00
 0.00000000e+00 0.00000000e+00 0.00000000e+00 0.00000000e+00
 7.44382022e-02 1.67134831e-02 0.00000000e+00 0.00000000e+00]
pyseer
y_true:  [1. 1. 1. 1. 1. 1. 1. 1. 1. 1. 1. 1. 0. 0. 0. 0. 0. 0. 1. 1. 1. 1. 1. 1.
 1. 1. 1. 1. 1. 1. 0. 0. 0. 0. 0. 0. 1. 1. 1. 1. 1. 1. 0. 0. 0. 0. 0. 0.
 0. 0. 0. 0. 0. 0. 0. 0. 0. 0. 0. 0. 0. 0. 0. 0. 0. 0. 0. 0. 0. 0. 0. 0.
 0. 0. 0. 0. 0. 0. 0. 0. 0. 0. 0. 0. 0. 0. 0. 0. 0. 0. 0. 0. 0. 0. 0. 0.
 0. 0. 0. 0. 0. 0. 0. 0. 0. 0. 0. 0. 0. 0. 0. 0. 0. 0. 0. 0. 0. 0. 0. 0.
 0. 0. 0. 0. 0. 0. 0. 0. 0. 0. 0. 0. 0. 0. 0. 0. 0. 0. 0. 0. 0. 0. 0. 0.
 0. 0. 0. 0. 0. 0. 0. 0. 0. 0. 0. 0. 0. 0. 0. 0. 0. 0. 0. 0. 0. 0. 0. 0.
 0. 0. 0. 0. 0. 0. 0. 0. 0. 0. 0. 0. 0. 0. 0. 0. 0. 0. 0. 0. 0. 0. 0. 0.
 0. 0. 0. 0. 0. 0. 0. 0.]
y_pred:  [1. 1. 1. 1. 1. 1. 1. 1. 1. 1. 1. 1. 0. 0. 0. 1. 1. 1. 1. 0. 1. 1. 1. 1.
 1. 1. 1. 1. 1. 1. 1. 1. 1. 1. 1. 0. 1. 1. 1. 1. 1. 1. 1. 0. 1. 0. 1. 1.
 0. 1. 0. 1. 1. 0. 0. 1. 0. 0. 1. 0. 0. 0. 0. 1. 0. 0. 0. 0. 0. 1. 0. 0.
 0. 0. 0. 0. 0. 0. 1. 1. 0. 0. 0. 0. 0. 0. 0. 1. 0. 0. 0. 0. 0. 0. 1. 0.
 0. 0. 0. 0. 1. 1. 0. 1. 1. 0. 0. 1. 1. 0. 0. 0. 1. 0. 0. 0. 0. 0. 0. 0.
 0. 0. 1. 1. 0. 0. 0. 0. 0. 0. 0. 0. 0. 0. 0. 0. 0. 0. 1. 1. 0. 0. 0. 0.
 1. 1. 0. 0. 0. 0. 0. 0. 0. 0. 0. 0. 0. 0. 0. 0. 0. 0. 0. 0. 0. 0. 1. 0.
 0. 0. 0. 0. 1. 1. 0. 0. 0. 0. 0. 0. 0. 0. 0. 0. 0. 0. 0. 0. 0. 0. 0. 0.
 0. 0. 0. 0. 0. 0. 0. 0.]
Time taken: 23.342946767807007 seconds
Running combination 24 of 50
Fitting RandomForest...
Fitting Adaboost...
Fitting AdaBoost_2...
Fitting et...
Fitting gbc...
Fitting gbc_2...
Fitting gbc_3...
Fitting dt...
Fitting lr...
Fitting Lasso_1...
Fitting Lasso_2...
Fitting Lasso_3...
Fitting Lasso_4...
Fitting elasticnet...
VCF file created successfully.
pyseer stderr:  Read 1000 phenotypes
Detected continuous phenotype
Reading all variants

0variants [00:00, ?variants/s]
51variants [00:00, 508.46variants/s]
102variants [00:00, 436.01variants/s]
153variants [00:00, 464.64variants/s]
198variants [00:00, 477.72variants/s]
Applying correlation filtering

  0%|          | 0/198 [00:00<?, ?variants/s]
100%|██████████| 198/198 [00:00<00:00, 2689.61variants/s]
Fitting elastic net to top 148 variants
Best penalty (lambda) from cross-validation: 1.44E+01
Best R^2 from cross-validation: 0.535
Finding and printing selected variants
198 loaded variants
50 pre-filtered variants
148 tested variants
137 printed variants

True importance standardized:  [0.38211205 0.38211205 0.38211205 0.38211205 0.38211205 0.38211205
 0.35607557 0.35607557 0.35607557 0.35607557 0.35607557 0.35607557
 0.89310269 0.89310269 0.89310269 0.89310269 0.89310269 0.89310269
 0.47142102 0.47142102 0.47142102 0.47142102 0.47142102 0.47142102
 0.83877948 0.83877948 0.83877948 0.83877948 0.83877948 0.83877948
 0.13718934 0.13718934 0.13718934 0.13718934 0.13718934 0.13718934
 0.11871266 0.11871266 0.11871266 0.11871266 0.11871266 0.11871266
 0.45195385 0.45195385 0.45195385 0.45195385 0.45195385 0.45195385
 1.         1.         1.         1.         1.         1.
 0.54969033 0.54969033 0.54969033 0.54969033 0.54969033 0.54969033
 0.         0.         0.         0.         0.         0.
 0.         0.         0.         0.         0.         0.
 0.         0.         0.         0.         0.         0.
 0.         0.         0.         0.         0.         0.
 0.         0.         0.         0.         0.         0.
 0.         0.         0.         0.         0.         0.
 0.         0.         0.         0.         0.         0.
 0.         0.         0.         0.         0.         0.
 0.         0.         0.         0.         0.         0.
 0.         0.         0.         0.         0.         0.
 0.         0.         0.         0.         0.         0.
 0.         0.         0.         0.         0.         0.
 0.         0.         0.         0.         0.         0.
 0.         0.         0.         0.         0.         0.
 0.         0.         0.         0.         0.         0.
 0.         0.         0.         0.         0.         0.
 0.         0.         0.         0.         0.         0.
 0.         0.         0.         0.         0.         0.
 0.         0.         0.         0.         0.         0.
 0.         0.         0.         0.         0.         0.
 0.         0.         0.         0.         0.         0.
 0.         0.         0.         0.         0.         0.
 0.         0.         0.         0.         0.         0.
 0.         0.        ]
Normalized importance:  [0.30422093 0.30422093 0.30422093 0.30422093 0.30422093 0.30422093
 0.11262927 0.11262927 0.11262927 0.11262927 0.11262927 0.11262927
 0.75974904 0.75974904 0.75974904 0.75974904 0.75974904 0.75974904
 0.15773159 0.15773159 0.15773159 0.15773159 0.15773159 0.15773159
 0.76576618 0.76576618 0.76576618 0.76576618 0.76576618 0.76576618
 0.         0.         0.01849538 0.         0.         0.
 0.         0.         0.         0.08481629 0.         0.
 0.1439099  0.1439099  0.1439099  0.1439099  0.1439099  0.1439099
 1.         1.         1.         1.         1.         1.
 0.55632001 0.55632001 0.55632001 0.55632001 0.55632001 0.55632001
 0.         0.         0.         0.         0.         0.
 0.         0.         0.         0.         0.         0.
 0.         0.         0.         0.         0.         0.
 0.         0.         0.         0.         0.         0.
 0.         0.         0.         0.         0.         0.
 0.         0.02806198 0.         0.         0.         0.
 0.         0.         0.         0.         0.         0.
 0.         0.         0.         0.         0.         0.
 0.         0.         0.         0.         0.         0.
 0.         0.         0.         0.         0.         0.
 0.         0.         0.         0.         0.         0.
 0.         0.         0.         0.         0.         0.
 0.         0.         0.         0.         0.01524799 0.
 0.         0.         0.         0.         0.         0.
 0.         0.         0.         0.         0.         0.
 0.         0.         0.         0.         0.         0.
 0.         0.         0.         0.         0.         0.
 0.         0.         0.         0.         0.01507549 0.
 0.         0.         0.         0.         0.         0.
 0.         0.         0.         0.         0.         0.
 0.         0.         0.         0.         0.         0.
 0.         0.         0.01160816 0.         0.         0.
 0.         0.         0.         0.02963231 0.02479175 0.
 0.         0.        ]
deepbreaks
y_true:  [0. 0. 0. 0. 0. 0. 0. 0. 0. 0. 0. 0. 1. 1. 1. 1. 1. 1. 1. 1. 1. 1. 1. 1.
 1. 1. 1. 1. 1. 1. 0. 0. 0. 0. 0. 0. 0. 0. 0. 0. 0. 0. 0. 0. 0. 0. 0. 0.
 1. 1. 1. 1. 1. 1. 1. 1. 1. 1. 1. 1. 0. 0. 0. 0. 0. 0. 0. 0. 0. 0. 0. 0.
 0. 0. 0. 0. 0. 0. 0. 0. 0. 0. 0. 0. 0. 0. 0. 0. 0. 0. 0. 0. 0. 0. 0. 0.
 0. 0. 0. 0. 0. 0. 0. 0. 0. 0. 0. 0. 0. 0. 0. 0. 0. 0. 0. 0. 0. 0. 0. 0.
 0. 0. 0. 0. 0. 0. 0. 0. 0. 0. 0. 0. 0. 0. 0. 0. 0. 0. 0. 0. 0. 0. 0. 0.
 0. 0. 0. 0. 0. 0. 0. 0. 0. 0. 0. 0. 0. 0. 0. 0. 0. 0. 0. 0. 0. 0. 0. 0.
 0. 0. 0. 0. 0. 0. 0. 0. 0. 0. 0. 0. 0. 0. 0. 0. 0. 0. 0. 0. 0. 0. 0. 0.
 0. 0. 0. 0. 0. 0. 0. 0.]
y_pred:  [1. 1. 1. 1. 1. 1. 0. 0. 0. 0. 0. 0. 1. 1. 1. 1. 1. 1. 0. 0. 0. 0. 0. 0.
 1. 1. 1. 1. 1. 1. 0. 0. 0. 0. 0. 0. 0. 0. 0. 0. 0. 0. 0. 0. 0. 0. 0. 0.
 1. 1. 1. 1. 1. 1. 1. 1. 1. 1. 1. 1. 0. 0. 0. 0. 0. 0. 0. 0. 0. 0. 0. 0.
 0. 0. 0. 0. 0. 0. 0. 0. 0. 0. 0. 0. 0. 0. 0. 0. 0. 0. 0. 0. 0. 0. 0. 0.
 0. 0. 0. 0. 0. 0. 0. 0. 0. 0. 0. 0. 0. 0. 0. 0. 0. 0. 0. 0. 0. 0. 0. 0.
 0. 0. 0. 0. 0. 0. 0. 0. 0. 0. 0. 0. 0. 0. 0. 0. 0. 0. 0. 0. 0. 0. 0. 0.
 0. 0. 0. 0. 0. 0. 0. 0. 0. 0. 0. 0. 0. 0. 0. 0. 0. 0. 0. 0. 0. 0. 0. 0.
 0. 0. 0. 0. 0. 0. 0. 0. 0. 0. 0. 0. 0. 0. 0. 0. 0. 0. 0. 0. 0. 0. 0. 0.
 0. 0. 0. 0. 0. 0. 0. 0.]
Normalized importance:  [3.84158416e-01 1.65148515e-01 2.37623762e-01 7.42574257e-02
 3.74257426e-01 3.62376238e-01 3.56435644e-01 1.23168317e-01
 4.07920792e-01 7.12871287e-02 1.11485149e-01 2.15841584e-01
 8.01980198e-01 4.19801980e-01 6.39603960e-01 4.69306931e-01
 7.14851485e-02 6.23762376e-01 3.06930693e-01 3.64356436e-01
 0.00000000e+00 3.56435644e-01 2.05940594e-01 3.34653465e-01
 9.80198020e-01 4.41584158e-01 2.85148515e-01 3.78217822e-01
 4.73267327e-01 4.37623762e-01 5.52475248e-02 5.60396040e-03
 1.34455446e-01 1.14851485e-02 5.48514851e-02 8.13861386e-02
 2.49504950e-01 0.00000000e+00 4.77227723e-02 4.27722772e-01
 1.71089109e-01 0.00000000e+00 5.84158416e-01 1.71089109e-01
 2.37623762e-01 4.37623762e-04 1.35445545e-01 1.98019802e-01
 1.00000000e+00 6.17821782e-01 5.40594059e-01 5.58415842e-01
 6.03960396e-01 3.76237624e-01 7.44554455e-01 2.19801980e-01
 4.29702970e-01 9.44554455e-02 2.49504950e-01 4.61386139e-01
 6.77227723e-02 1.15049505e-01 1.27524752e-02 0.00000000e+00
 8.43564356e-02 2.09900990e-02 2.03960396e-02 0.00000000e+00
 1.43168317e-01 1.10693069e-01 2.93069307e-01 1.60198020e-01
 2.91089109e-01 0.00000000e+00 8.11881188e-02 0.00000000e+00
 0.00000000e+00 0.00000000e+00 1.62178218e-01 0.00000000e+00
 1.58217822e-01 1.37029703e-01 0.00000000e+00 0.00000000e+00
 0.00000000e+00 0.00000000e+00 0.00000000e+00 1.30891089e-01
 6.67326733e-02 0.00000000e+00 0.00000000e+00 1.69108911e-01
 9.16831683e-02 0.00000000e+00 2.53465347e-01 1.17227723e-01
 1.23762376e-05 2.43564356e-01 0.00000000e+00 2.11881188e-01
 1.54653465e-01 5.72277228e-02 3.56435644e-02 0.00000000e+00
 0.00000000e+00 1.84356436e-01 9.86138614e-02 1.93267327e-01
 8.65346535e-02 0.00000000e+00 0.00000000e+00 0.00000000e+00
 0.00000000e+00 0.00000000e+00 0.00000000e+00 0.00000000e+00
 0.00000000e+00 4.33663366e-02 0.00000000e+00 3.96039604e-02
 9.06930693e-02 3.00990099e-01 0.00000000e+00 0.00000000e+00
 0.00000000e+00 1.06930693e-01 1.91089109e-01 2.31683168e-01
 0.00000000e+00 1.21188119e-01 0.00000000e+00 4.07920792e-02
 1.64950495e-02 1.75841584e-01 1.44752475e-01 6.13861386e-02
 2.55445545e-01 1.22574257e-01 2.13861386e-01 0.00000000e+00
 8.93069307e-02 0.00000000e+00 7.24752475e-02 2.17821782e-02
 0.00000000e+00 1.56633663e-01 0.00000000e+00 1.08910891e-01
 2.07920792e-01 1.13069307e-01 2.25742574e-01 4.83168317e-02
 4.79207921e-03 1.15445545e-01 0.00000000e+00 2.00000000e-01
 3.22772277e-01 5.50495050e-02 0.00000000e+00 0.00000000e+00
 0.00000000e+00 4.69306931e-02 1.89702970e-01 1.13267327e-02
 0.00000000e+00 1.04356436e-01 2.39603960e-01 0.00000000e+00
 0.00000000e+00 0.00000000e+00 1.24752475e-02 0.00000000e+00
 0.00000000e+00 5.80198020e-02 3.04950495e-02 0.00000000e+00
 1.22574257e-01 0.00000000e+00 0.00000000e+00 1.14455446e-01
 0.00000000e+00 0.00000000e+00 7.84158416e-02 0.00000000e+00
 0.00000000e+00 6.73267327e-02 8.73267327e-02 0.00000000e+00
 2.19801980e-01 1.27326733e-01 0.00000000e+00 2.45544554e-01
 0.00000000e+00 0.00000000e+00 0.00000000e+00 2.15841584e-01
 1.92277228e-01 1.48514851e-01 0.00000000e+00 0.00000000e+00]
pyseer
y_true:  [0. 0. 0. 0. 0. 0. 0. 0. 0. 0. 0. 0. 1. 1. 1. 1. 1. 1. 1. 1. 1. 1. 1. 1.
 1. 1. 1. 1. 1. 1. 0. 0. 0. 0. 0. 0. 0. 0. 0. 0. 0. 0. 0. 0. 0. 0. 0. 0.
 1. 1. 1. 1. 1. 1. 1. 1. 1. 1. 1. 1. 0. 0. 0. 0. 0. 0. 0. 0. 0. 0. 0. 0.
 0. 0. 0. 0. 0. 0. 0. 0. 0. 0. 0. 0. 0. 0. 0. 0. 0. 0. 0. 0. 0. 0. 0. 0.
 0. 0. 0. 0. 0. 0. 0. 0. 0. 0. 0. 0. 0. 0. 0. 0. 0. 0. 0. 0. 0. 0. 0. 0.
 0. 0. 0. 0. 0. 0. 0. 0. 0. 0. 0. 0. 0. 0. 0. 0. 0. 0. 0. 0. 0. 0. 0. 0.
 0. 0. 0. 0. 0. 0. 0. 0. 0. 0. 0. 0. 0. 0. 0. 0. 0. 0. 0. 0. 0. 0. 0. 0.
 0. 0. 0. 0. 0. 0. 0. 0. 0. 0. 0. 0. 0. 0. 0. 0. 0. 0. 0. 0. 0. 0. 0. 0.
 0. 0. 0. 0. 0. 0. 0. 0.]
y_pred:  [1. 1. 1. 0. 1. 1. 1. 0. 1. 0. 0. 1. 1. 1. 1. 1. 0. 1. 1. 1. 0. 1. 1. 1.
 1. 1. 1. 1. 1. 1. 0. 0. 0. 0. 0. 0. 1. 0. 0. 1. 1. 0. 1. 1. 1. 0. 0. 1.
 1. 1. 1. 1. 1. 1. 1. 1. 1. 0. 1. 1. 0. 0. 0. 0. 0. 0. 0. 0. 0. 0. 1. 1.
 1. 0. 0. 0. 0. 0. 1. 0. 1. 0. 0. 0. 0. 0. 0. 0. 0. 0. 0. 1. 0. 0. 1. 0.
 0. 1. 0. 1. 0. 0. 0. 0. 0. 1. 0. 1. 0. 0. 0. 0. 0. 0. 0. 0. 0. 0. 0. 0.
 0. 1. 0. 0. 0. 0. 1. 1. 0. 0. 0. 0. 0. 1. 0. 0. 1. 0. 1. 0. 0. 0. 0. 0.
 0. 0. 0. 0. 1. 0. 1. 0. 0. 0. 0. 1. 1. 0. 0. 0. 0. 0. 1. 0. 0. 0. 1. 0.
 0. 0. 0. 0. 0. 0. 0. 0. 0. 0. 0. 0. 0. 0. 0. 0. 0. 0. 0. 0. 1. 0. 0. 1.
 0. 0. 0. 1. 1. 0. 0. 0.]
Time taken: 23.279739141464233 seconds
Running combination 25 of 50
Fitting RandomForest...
Fitting Adaboost...
Fitting AdaBoost_2...
Fitting et...
Fitting gbc...
Fitting gbc_2...
Fitting gbc_3...
Fitting dt...
Fitting lr...
Fitting Lasso_1...
Fitting Lasso_2...
Fitting Lasso_3...
Fitting Lasso_4...
Fitting elasticnet...
VCF file created successfully.
pyseer stderr:  Read 1000 phenotypes
Detected continuous phenotype
Reading all variants

0variants [00:00, ?variants/s]
55variants [00:00, 549.42variants/s]
110variants [00:00, 481.85variants/s]
165variants [00:00, 510.31variants/s]
198variants [00:00, 515.37variants/s]
Applying correlation filtering

  0%|          | 0/198 [00:00<?, ?variants/s]
100%|██████████| 198/198 [00:00<00:00, 2679.87variants/s]
Fitting elastic net to top 148 variants
Best penalty (lambda) from cross-validation: 5.00E+01
Best R^2 from cross-validation: 0.433
Finding and printing selected variants
198 loaded variants
50 pre-filtered variants
148 tested variants
137 printed variants

True importance standardized:  [0.48479242 0.48479242 0.48479242 0.48479242 0.48479242 0.48479242
 0.35872711 0.35872711 0.35872711 0.35872711 0.35872711 0.35872711
 0.79176614 0.79176614 0.79176614 0.79176614 0.79176614 0.79176614
 0.96805169 0.96805169 0.96805169 0.96805169 0.96805169 0.96805169
 0.69866588 0.69866588 0.69866588 0.69866588 0.69866588 0.69866588
 0.2835987  0.2835987  0.2835987  0.2835987  0.2835987  0.2835987
 1.         1.         1.         1.         1.         1.
 0.44240622 0.44240622 0.44240622 0.44240622 0.44240622 0.44240622
 0.57331328 0.57331328 0.57331328 0.57331328 0.57331328 0.57331328
 0.9699958  0.9699958  0.9699958  0.9699958  0.9699958  0.9699958
 0.         0.         0.         0.         0.         0.
 0.         0.         0.         0.         0.         0.
 0.         0.         0.         0.         0.         0.
 0.         0.         0.         0.         0.         0.
 0.         0.         0.         0.         0.         0.
 0.         0.         0.         0.         0.         0.
 0.         0.         0.         0.         0.         0.
 0.         0.         0.         0.         0.         0.
 0.         0.         0.         0.         0.         0.
 0.         0.         0.         0.         0.         0.
 0.         0.         0.         0.         0.         0.
 0.         0.         0.         0.         0.         0.
 0.         0.         0.         0.         0.         0.
 0.         0.         0.         0.         0.         0.
 0.         0.         0.         0.         0.         0.
 0.         0.         0.         0.         0.         0.
 0.         0.         0.         0.         0.         0.
 0.         0.         0.         0.         0.         0.
 0.         0.         0.         0.         0.         0.
 0.         0.         0.         0.         0.         0.
 0.         0.         0.         0.         0.         0.
 0.         0.         0.         0.         0.         0.
 0.         0.         0.         0.         0.         0.
 0.         0.        ]
Normalized importance:  [0.21644322 0.21644322 0.21644322 0.21644322 0.21644322 0.21644322
 0.1296703  0.1296703  0.1296703  0.1296703  0.1296703  0.1296703
 0.82454387 0.82454387 0.82454387 0.82454387 0.82454387 0.82454387
 1.         1.         1.         1.         1.         1.
 0.32792276 0.32792276 0.32792276 0.32792276 0.32792276 0.32792276
 0.0816262  0.0816262  0.         0.0816262  0.0816262  0.0816262
 0.96927183 0.96927183 0.96927183 0.96927183 0.96927183 0.96927183
 0.11346286 0.11346286 0.11346286 0.11346286 0.11346286 0.11346286
 0.37518481 0.37518481 0.37518481 0.37518481 0.37518481 0.37518481
 0.82928321 0.82928321 0.82928321 0.82928321 0.82928321 0.82928321
 0.         0.         0.         0.         0.         0.
 0.         0.         0.         0.         0.         0.01249021
 0.         0.         0.         0.         0.         0.
 0.         0.         0.         0.         0.03629467 0.
 0.         0.         0.         0.         0.         0.
 0.         0.         0.         0.02306088 0.         0.
 0.         0.         0.03515503 0.         0.         0.
 0.         0.03452994 0.         0.06942592 0.02603473 0.
 0.         0.         0.         0.         0.         0.11033332
 0.         0.         0.         0.         0.02115214 0.
 0.         0.         0.         0.         0.         0.
 0.         0.         0.         0.         0.         0.
 0.         0.         0.         0.         0.         0.
 0.         0.09065136 0.         0.         0.         0.
 0.         0.         0.         0.         0.         0.
 0.         0.         0.         0.         0.         0.
 0.         0.         0.         0.         0.         0.
 0.         0.         0.         0.         0.         0.1046958
 0.         0.         0.         0.         0.         0.
 0.         0.01699601 0.0143537  0.         0.         0.
 0.         0.         0.         0.         0.         0.
 0.         0.         0.         0.         0.         0.
 0.         0.         0.         0.         0.         0.
 0.         0.        ]
deepbreaks
y_true:  [0. 0. 0. 0. 0. 0. 0. 0. 0. 0. 0. 0. 1. 1. 1. 1. 1. 1. 1. 1. 1. 1. 1. 1.
 1. 1. 1. 1. 1. 1. 0. 0. 0. 0. 0. 0. 1. 1. 1. 1. 1. 1. 0. 0. 0. 0. 0. 0.
 0. 0. 0. 0. 0. 0. 1. 1. 1. 1. 1. 1. 0. 0. 0. 0. 0. 0. 0. 0. 0. 0. 0. 0.
 0. 0. 0. 0. 0. 0. 0. 0. 0. 0. 0. 0. 0. 0. 0. 0. 0. 0. 0. 0. 0. 0. 0. 0.
 0. 0. 0. 0. 0. 0. 0. 0. 0. 0. 0. 0. 0. 0. 0. 0. 0. 0. 0. 0. 0. 0. 0. 0.
 0. 0. 0. 0. 0. 0. 0. 0. 0. 0. 0. 0. 0. 0. 0. 0. 0. 0. 0. 0. 0. 0. 0. 0.
 0. 0. 0. 0. 0. 0. 0. 0. 0. 0. 0. 0. 0. 0. 0. 0. 0. 0. 0. 0. 0. 0. 0. 0.
 0. 0. 0. 0. 0. 0. 0. 0. 0. 0. 0. 0. 0. 0. 0. 0. 0. 0. 0. 0. 0. 0. 0. 0.
 0. 0. 0. 0. 0. 0. 0. 0.]
y_pred:  [0. 0. 0. 0. 0. 0. 0. 0. 0. 0. 0. 0. 1. 1. 1. 1. 1. 1. 1. 1. 1. 1. 1. 1.
 1. 1. 1. 1. 1. 1. 0. 0. 0. 0. 0. 0. 1. 1. 1. 1. 1. 1. 0. 0. 0. 0. 0. 0.
 1. 1. 1. 1. 1. 1. 1. 1. 1. 1. 1. 1. 0. 0. 0. 0. 0. 0. 0. 0. 0. 0. 0. 0.
 0. 0. 0. 0. 0. 0. 0. 0. 0. 0. 0. 0. 0. 0. 0. 0. 0. 0. 0. 0. 0. 0. 0. 0.
 0. 0. 0. 0. 0. 0. 0. 0. 0. 0. 0. 0. 0. 0. 0. 0. 0. 0. 0. 0. 0. 0. 0. 0.
 0. 0. 0. 0. 0. 0. 0. 0. 0. 0. 0. 0. 0. 0. 0. 0. 0. 0. 0. 0. 0. 0. 0. 0.
 0. 0. 0. 0. 0. 0. 0. 0. 0. 0. 0. 0. 0. 0. 0. 0. 0. 0. 0. 0. 0. 0. 0. 0.
 0. 0. 0. 0. 0. 0. 0. 0. 0. 0. 0. 0. 0. 0. 0. 0. 0. 0. 0. 0. 0. 0. 0. 0.
 0. 0. 0. 0. 0. 0. 0. 0.]
Normalized importance:  [0.43220339 0.15423729 0.09830508 0.41525424 0.40677966 0.24661017
 0.48389831 0.18813559 0.30932203 0.25254237 0.10677966 0.07974576
 0.74830508 0.5059322  0.45932203 0.48728814 0.         0.51101695
 0.84322034 0.82881356 0.41779661 0.38983051 0.43389831 0.58898305
 0.58898305 0.36864407 0.50677966 0.36610169 0.20084746 0.16694915
 0.25338983 0.19745763 0.         0.27881356 0.2720339  0.41355932
 0.76864407 0.52966102 0.10932203 0.59322034 0.33813559 0.76779661
 0.32118644 0.00602542 0.34491525 0.22372881 0.44322034 0.19067797
 0.54152542 0.42711864 0.22627119 0.37288136 0.27372881 0.24830508
 1.         0.29491525 0.63559322 0.73389831 0.15084746 0.16355932
 0.         0.         0.         0.         0.         0.18050847
 0.13389831 0.         0.20169492 0.         0.         0.25338983
 0.         0.09830508 0.09830508 0.         0.06144068 0.23898305
 0.         0.         0.05       0.07601695 0.06322034 0.16949153
 0.01127119 0.03       0.24237288 0.08       0.00138136 0.36610169
 0.15       0.3779661  0.3440678  0.0690678  0.         0.00845763
 0.         0.         0.12627119 0.         0.         0.
 0.         0.20254237 0.         0.36101695 0.05932203 0.05720339
 0.         0.01822034 0.09830508 0.35762712 0.19067797 0.23474576
 0.         0.         0.         0.10338983 0.19915254 0.0659322
 0.09915254 0.02338983 0.16525424 0.         0.         0.
 0.07711864 0.         0.         0.0820339  0.17881356 0.11949153
 0.02567797 0.         0.         0.         0.         0.05372881
 0.         0.30932203 0.         0.16694915 0.13559322 0.
 0.12966102 0.11525424 0.         0.45169492 0.08457627 0.
 0.         0.         0.         0.05338983 0.         0.04364407
 0.         0.         0.0840678  0.25084746 0.21610169 0.
 0.         0.         0.         0.31525424 0.         0.46186441
 0.25677966 0.         0.06440678 0.         0.14661017 0.28135593
 0.         0.33898305 0.39237288 0.15084746 0.         0.21440678
 0.26440678 0.         0.         0.         0.         0.21186441
 0.27542373 0.33983051 0.05550847 0.         0.08728814 0.19745763
 0.51610169 0.13898305 0.08474576 0.16694915 0.11271186 0.
 0.         0.        ]
pyseer
y_true:  [0. 0. 0. 0. 0. 0. 0. 0. 0. 0. 0. 0. 1. 1. 1. 1. 1. 1. 1. 1. 1. 1. 1. 1.
 1. 1. 1. 1. 1. 1. 0. 0. 0. 0. 0. 0. 1. 1. 1. 1. 1. 1. 0. 0. 0. 0. 0. 0.
 0. 0. 0. 0. 0. 0. 1. 1. 1. 1. 1. 1. 0. 0. 0. 0. 0. 0. 0. 0. 0. 0. 0. 0.
 0. 0. 0. 0. 0. 0. 0. 0. 0. 0. 0. 0. 0. 0. 0. 0. 0. 0. 0. 0. 0. 0. 0. 0.
 0. 0. 0. 0. 0. 0. 0. 0. 0. 0. 0. 0. 0. 0. 0. 0. 0. 0. 0. 0. 0. 0. 0. 0.
 0. 0. 0. 0. 0. 0. 0. 0. 0. 0. 0. 0. 0. 0. 0. 0. 0. 0. 0. 0. 0. 0. 0. 0.
 0. 0. 0. 0. 0. 0. 0. 0. 0. 0. 0. 0. 0. 0. 0. 0. 0. 0. 0. 0. 0. 0. 0. 0.
 0. 0. 0. 0. 0. 0. 0. 0. 0. 0. 0. 0. 0. 0. 0. 0. 0. 0. 0. 0. 0. 0. 0. 0.
 0. 0. 0. 0. 0. 0. 0. 0.]
y_pred:  [1. 0. 0. 1. 1. 1. 1. 0. 1. 1. 0. 0. 1. 1. 1. 1. 0. 1. 1. 1. 1. 1. 1. 1.
 1. 1. 1. 1. 0. 0. 1. 0. 0. 1. 1. 1. 1. 1. 0. 1. 1. 1. 1. 0. 1. 1. 1. 0.
 1. 1. 1. 1. 1. 1. 1. 1. 1. 1. 0. 0. 0. 0. 0. 0. 0. 0. 0. 0. 0. 0. 0. 1.
 0. 0. 0. 0. 0. 1. 0. 0. 0. 0. 0. 0. 0. 0. 1. 0. 0. 1. 0. 1. 1. 0. 0. 0.
 0. 0. 0. 0. 0. 0. 0. 0. 0. 1. 0. 0. 0. 0. 0. 1. 0. 1. 0. 0. 0. 0. 0. 0.
 0. 0. 0. 0. 0. 0. 0. 0. 0. 0. 0. 0. 0. 0. 0. 0. 0. 0. 0. 1. 0. 0. 0. 0.
 0. 0. 0. 1. 0. 0. 0. 0. 0. 0. 0. 0. 0. 0. 0. 1. 1. 0. 0. 0. 0. 1. 0. 1.
 1. 0. 0. 0. 0. 1. 0. 1. 1. 0. 0. 1. 1. 0. 0. 0. 0. 0. 1. 1. 0. 0. 0. 0.
 1. 0. 0. 0. 0. 0. 0. 0.]
Time taken: 24.31161642074585 seconds
Running combination 26 of 50
Fitting RandomForest...
Fitting Adaboost...
Fitting AdaBoost_2...
Fitting et...
Fitting gbc...
Fitting gbc_2...
Fitting gbc_3...
Fitting dt...
Fitting lr...
Fitting Lasso_1...
Fitting Lasso_2...
Fitting Lasso_3...
Fitting Lasso_4...
Fitting elasticnet...
VCF file created successfully.
pyseer stderr:  Read 1000 phenotypes
Detected continuous phenotype
Reading all variants

0variants [00:00, ?variants/s]
55variants [00:00, 544.35variants/s]
110variants [00:00, 483.83variants/s]
167variants [00:00, 517.43variants/s]
198variants [00:00, 521.00variants/s]
Applying correlation filtering

  0%|          | 0/198 [00:00<?, ?variants/s]
100%|██████████| 198/198 [00:00<00:00, 2664.17variants/s]
Fitting elastic net to top 148 variants
Best penalty (lambda) from cross-validation: 2.16E+01
Best R^2 from cross-validation: 0.451
Finding and printing selected variants
198 loaded variants
50 pre-filtered variants
148 tested variants
141 printed variants

True importance standardized:  [0.28859506 0.28859506 0.28859506 0.28859506 0.28859506 0.28859506
 0.31560091 0.31560091 0.31560091 0.31560091 0.31560091 0.31560091
 0.20785395 0.20785395 0.20785395 0.20785395 0.20785395 0.20785395
 0.68228246 0.68228246 0.68228246 0.68228246 0.68228246 0.68228246
 0.58236446 0.58236446 0.58236446 0.58236446 0.58236446 0.58236446
 0.93445933 0.93445933 0.93445933 0.93445933 0.93445933 0.93445933
 0.71877732 0.71877732 0.71877732 0.71877732 0.71877732 0.71877732
 1.         1.         1.         1.         1.         1.
 0.20907636 0.20907636 0.20907636 0.20907636 0.20907636 0.20907636
 0.62492505 0.62492505 0.62492505 0.62492505 0.62492505 0.62492505
 0.         0.         0.         0.         0.         0.
 0.         0.         0.         0.         0.         0.
 0.         0.         0.         0.         0.         0.
 0.         0.         0.         0.         0.         0.
 0.         0.         0.         0.         0.         0.
 0.         0.         0.         0.         0.         0.
 0.         0.         0.         0.         0.         0.
 0.         0.         0.         0.         0.         0.
 0.         0.         0.         0.         0.         0.
 0.         0.         0.         0.         0.         0.
 0.         0.         0.         0.         0.         0.
 0.         0.         0.         0.         0.         0.
 0.         0.         0.         0.         0.         0.
 0.         0.         0.         0.         0.         0.
 0.         0.         0.         0.         0.         0.
 0.         0.         0.         0.         0.         0.
 0.         0.         0.         0.         0.         0.
 0.         0.         0.         0.         0.         0.
 0.         0.         0.         0.         0.         0.
 0.         0.         0.         0.         0.         0.
 0.         0.         0.         0.         0.         0.
 0.         0.         0.         0.         0.         0.
 0.         0.         0.         0.         0.         0.
 0.         0.        ]
Normalized importance:  [0.0465266  0.0465266  0.         0.         0.         0.0465266
 0.16541395 0.16541395 0.16541395 0.16541395 0.16541395 0.16541395
 0.0773127  0.0773127  0.0773127  0.0773127  0.         0.0773127
 0.31533003 0.31533003 0.31533003 0.31533003 0.31533003 0.31533003
 0.23694097 0.23694097 0.23694097 0.23694097 0.23694097 0.23694097
 0.75211675 0.75211675 0.75211675 0.75211675 0.75211675 0.75211675
 0.47057567 0.47057567 0.47057567 0.47057567 0.47057567 0.47057567
 1.         1.         1.         1.         1.         1.
 0.         0.         0.         0.02660997 0.         0.
 0.5142534  0.5142534  0.5142534  0.5142534  0.5142534  0.5142534
 0.         0.         0.         0.         0.         0.04755199
 0.         0.         0.         0.         0.         0.
 0.         0.         0.         0.02062835 0.         0.02717474
 0.         0.         0.06507512 0.         0.         0.
 0.         0.         0.         0.         0.         0.
 0.         0.         0.         0.         0.         0.
 0.         0.         0.         0.         0.         0.
 0.         0.         0.         0.06150006 0.         0.
 0.         0.         0.         0.         0.         0.
 0.         0.         0.         0.         0.         0.
 0.01923219 0.         0.         0.         0.07445082 0.
 0.         0.         0.         0.02217166 0.         0.
 0.06032859 0.         0.         0.         0.         0.
 0.         0.         0.         0.         0.         0.
 0.         0.         0.         0.         0.         0.
 0.         0.         0.         0.01626618 0.         0.
 0.         0.         0.         0.         0.         0.
 0.         0.         0.         0.         0.         0.
 0.         0.         0.         0.         0.         0.
 0.         0.         0.         0.         0.         0.
 0.         0.02314761 0.         0.         0.         0.
 0.         0.01804302 0.         0.         0.         0.
 0.0157884  0.         0.03886643 0.04842901 0.         0.
 0.         0.        ]
deepbreaks
y_true:  [0. 0. 0. 0. 0. 0. 0. 0. 0. 0. 0. 0. 0. 0. 0. 0. 0. 0. 1. 1. 1. 1. 1. 1.
 0. 0. 0. 0. 0. 0. 1. 1. 1. 1. 1. 1. 1. 1. 1. 1. 1. 1. 1. 1. 1. 1. 1. 1.
 0. 0. 0. 0. 0. 0. 1. 1. 1. 1. 1. 1. 0. 0. 0. 0. 0. 0. 0. 0. 0. 0. 0. 0.
 0. 0. 0. 0. 0. 0. 0. 0. 0. 0. 0. 0. 0. 0. 0. 0. 0. 0. 0. 0. 0. 0. 0. 0.
 0. 0. 0. 0. 0. 0. 0. 0. 0. 0. 0. 0. 0. 0. 0. 0. 0. 0. 0. 0. 0. 0. 0. 0.
 0. 0. 0. 0. 0. 0. 0. 0. 0. 0. 0. 0. 0. 0. 0. 0. 0. 0. 0. 0. 0. 0. 0. 0.
 0. 0. 0. 0. 0. 0. 0. 0. 0. 0. 0. 0. 0. 0. 0. 0. 0. 0. 0. 0. 0. 0. 0. 0.
 0. 0. 0. 0. 0. 0. 0. 0. 0. 0. 0. 0. 0. 0. 0. 0. 0. 0. 0. 0. 0. 0. 0. 0.
 0. 0. 0. 0. 0. 0. 0. 0.]
y_pred:  [0. 0. 0. 0. 0. 0. 0. 0. 0. 0. 0. 0. 0. 0. 0. 0. 0. 0. 1. 1. 1. 1. 1. 1.
 1. 1. 1. 1. 1. 1. 1. 1. 1. 1. 1. 1. 1. 1. 1. 1. 1. 1. 1. 1. 1. 1. 1. 1.
 0. 0. 0. 0. 0. 0. 1. 1. 1. 1. 1. 1. 0. 0. 0. 0. 0. 0. 0. 0. 0. 0. 0. 0.
 0. 0. 0. 0. 0. 0. 0. 0. 0. 0. 0. 0. 0. 0. 0. 0. 0. 0. 0. 0. 0. 0. 0. 0.
 0. 0. 0. 0. 0. 0. 0. 0. 0. 0. 0. 0. 0. 0. 0. 0. 0. 0. 0. 0. 0. 0. 0. 0.
 0. 0. 0. 0. 0. 0. 0. 0. 0. 0. 0. 0. 0. 0. 0. 0. 0. 0. 0. 0. 0. 0. 0. 0.
 0. 0. 0. 0. 0. 0. 0. 0. 0. 0. 0. 0. 0. 0. 0. 0. 0. 0. 0. 0. 0. 0. 0. 0.
 0. 0. 0. 0. 0. 0. 0. 0. 0. 0. 0. 0. 0. 0. 0. 0. 0. 0. 0. 0. 0. 0. 0. 0.
 0. 0. 0. 0. 0. 0. 0. 0.]
Normalized importance:  [1.72544081e-01 1.25944584e-01 1.51133501e-01 1.92695214e-01
 5.84382872e-03 2.31738035e-02 4.43324937e-01 0.00000000e+00
 1.70025189e-01 2.26700252e-01 1.19647355e-01 1.27204030e-01
 3.18639798e-01 2.72040302e-02 1.32241814e-01 2.61964736e-01
 1.25188917e-01 4.69773300e-02 6.05793451e-01 3.24937028e-01
 1.90176322e-01 4.08060453e-01 3.06045340e-01 1.12090680e-01
 6.70025189e-01 2.16624685e-01 1.68765743e-01 3.13602015e-01
 2.58186398e-01 8.80352645e-02 7.80856423e-01 6.02015113e-01
 3.84130982e-01 3.26196474e-01 3.80352645e-01 3.96725441e-01
 6.37279597e-01 1.19899244e-01 3.45088161e-01 1.67506297e-01
 1.59949622e-01 5.68010076e-01 1.00000000e+00 3.86649874e-01
 3.79093199e-01 4.28211587e-01 6.34760705e-01 3.03526448e-01
 1.46095718e-01 1.46095718e-02 4.25692695e-02 9.44584383e-02
 1.10075567e-01 0.00000000e+00 8.06045340e-01 1.72544081e-01
 1.63727960e-01 1.70025189e-01 6.07052897e-01 1.51133501e-01
 0.00000000e+00 1.53652393e-01 2.38035264e-01 0.00000000e+00
 1.72544081e-02 1.49874055e-01 2.29219144e-01 0.00000000e+00
 1.71284635e-01 0.00000000e+00 1.48614610e-01 9.42065491e-02
 0.00000000e+00 0.00000000e+00 0.00000000e+00 1.03148615e-01
 1.97732997e-01 1.30982368e-01 0.00000000e+00 2.25440806e-01
 2.06549118e-01 0.00000000e+00 0.00000000e+00 1.47355164e-01
 0.00000000e+00 3.58942065e-02 1.37279597e-01 8.50125945e-02
 0.00000000e+00 0.00000000e+00 3.67758186e-01 2.79596977e-01
 0.00000000e+00 3.09823678e-02 2.45591940e-02 8.08564232e-03
 3.66498741e-02 0.00000000e+00 0.00000000e+00 0.00000000e+00
 1.02644836e-02 0.00000000e+00 9.18136020e-02 0.00000000e+00
 8.75314861e-02 1.14105793e-01 5.45340050e-02 2.39294710e-01
 1.37279597e-01 0.00000000e+00 0.00000000e+00 0.00000000e+00
 0.00000000e+00 3.61460957e-02 0.00000000e+00 1.72544081e-01
 0.00000000e+00 0.00000000e+00 3.38790932e-02 3.26196474e-02
 9.73551637e-02 2.45591940e-01 8.55163728e-02 2.11586902e-02
 2.78337531e-01 0.00000000e+00 1.98992443e-01 3.52644836e-01
 1.02267003e-01 1.18891688e-01 2.55667506e-01 0.00000000e+00
 2.99748111e-01 1.93954660e-01 0.00000000e+00 0.00000000e+00
 8.47607053e-02 1.17758186e-01 0.00000000e+00 2.00251889e-01
 1.57430730e-01 1.21662469e-01 1.32241814e-01 1.64987406e-01
 0.00000000e+00 2.20403023e-01 0.00000000e+00 0.00000000e+00
 2.53148615e-01 0.00000000e+00 2.95969773e-01 0.00000000e+00
 1.25944584e-01 1.88916877e-01 0.00000000e+00 0.00000000e+00
 7.50629723e-03 5.40302267e-02 0.00000000e+00 3.56423174e-02
 2.17884131e-01 2.26700252e-01 0.00000000e+00 6.77581864e-02
 0.00000000e+00 1.85138539e-01 1.76322418e-01 0.00000000e+00
 0.00000000e+00 0.00000000e+00 0.00000000e+00 1.93954660e-01
 1.39798489e-01 0.00000000e+00 0.00000000e+00 0.00000000e+00
 0.00000000e+00 0.00000000e+00 9.71032746e-02 1.66246851e-01
 8.26196474e-02 2.09068010e-01 6.77581864e-02 2.05289673e-02
 0.00000000e+00 0.00000000e+00 1.82619647e-01 7.32997481e-02
 0.00000000e+00 1.76322418e-01 0.00000000e+00 9.72292191e-02
 2.29219144e-01 0.00000000e+00 1.33501259e-01 1.47355164e-01
 1.09319899e-01 2.73299748e-04 0.00000000e+00 0.00000000e+00]
pyseer
y_true:  [0. 0. 0. 0. 0. 0. 0. 0. 0. 0. 0. 0. 0. 0. 0. 0. 0. 0. 1. 1. 1. 1. 1. 1.
 0. 0. 0. 0. 0. 0. 1. 1. 1. 1. 1. 1. 1. 1. 1. 1. 1. 1. 1. 1. 1. 1. 1. 1.
 0. 0. 0. 0. 0. 0. 1. 1. 1. 1. 1. 1. 0. 0. 0. 0. 0. 0. 0. 0. 0. 0. 0. 0.
 0. 0. 0. 0. 0. 0. 0. 0. 0. 0. 0. 0. 0. 0. 0. 0. 0. 0. 0. 0. 0. 0. 0. 0.
 0. 0. 0. 0. 0. 0. 0. 0. 0. 0. 0. 0. 0. 0. 0. 0. 0. 0. 0. 0. 0. 0. 0. 0.
 0. 0. 0. 0. 0. 0. 0. 0. 0. 0. 0. 0. 0. 0. 0. 0. 0. 0. 0. 0. 0. 0. 0. 0.
 0. 0. 0. 0. 0. 0. 0. 0. 0. 0. 0. 0. 0. 0. 0. 0. 0. 0. 0. 0. 0. 0. 0. 0.
 0. 0. 0. 0. 0. 0. 0. 0. 0. 0. 0. 0. 0. 0. 0. 0. 0. 0. 0. 0. 0. 0. 0. 0.
 0. 0. 0. 0. 0. 0. 0. 0.]
y_pred:  [1. 0. 0. 1. 0. 0. 1. 0. 1. 1. 0. 0. 1. 0. 0. 1. 0. 0. 1. 1. 1. 1. 1. 0.
 1. 1. 1. 1. 1. 0. 1. 1. 1. 1. 1. 1. 1. 0. 1. 1. 0. 1. 1. 1. 1. 1. 1. 1.
 0. 0. 0. 0. 0. 0. 1. 1. 1. 1. 1. 0. 0. 0. 1. 0. 0. 0. 1. 0. 1. 0. 0. 0.
 0. 0. 0. 0. 1. 0. 0. 1. 1. 0. 0. 0. 0. 0. 0. 0. 0. 0. 1. 1. 0. 0. 0. 0.
 0. 0. 0. 0. 0. 0. 0. 0. 0. 0. 0. 1. 0. 0. 0. 0. 0. 0. 0. 1. 0. 0. 0. 0.
 0. 1. 0. 0. 1. 0. 1. 1. 0. 0. 1. 0. 1. 1. 0. 0. 0. 0. 0. 1. 0. 0. 0. 1.
 0. 1. 0. 0. 1. 0. 1. 0. 0. 1. 0. 0. 0. 0. 0. 0. 1. 1. 0. 0. 0. 1. 1. 0.
 0. 0. 0. 1. 0. 0. 0. 0. 0. 0. 0. 1. 0. 1. 0. 0. 0. 0. 1. 0. 0. 1. 0. 0.
 1. 0. 0. 0. 0. 0. 0. 0.]
Time taken: 23.80772852897644 seconds
Running combination 27 of 50
Fitting RandomForest...
Fitting Adaboost...
Fitting AdaBoost_2...
Fitting et...
Fitting gbc...
Fitting gbc_2...
Fitting gbc_3...
Fitting dt...
Fitting lr...
Fitting Lasso_1...
Fitting Lasso_2...
Fitting Lasso_3...
Fitting Lasso_4...
Fitting elasticnet...
VCF file created successfully.
pyseer stderr:  Read 1000 phenotypes
Detected continuous phenotype
Reading all variants

0variants [00:00, ?variants/s]
54variants [00:00, 535.13variants/s]
108variants [00:00, 477.02variants/s]
164variants [00:00, 511.29variants/s]
198variants [00:00, 515.14variants/s]
Applying correlation filtering

  0%|          | 0/198 [00:00<?, ?variants/s]
100%|██████████| 198/198 [00:00<00:00, 2723.39variants/s]
Fitting elastic net to top 148 variants
Best penalty (lambda) from cross-validation: 8.80E+00
Best R^2 from cross-validation: 0.522
Finding and printing selected variants
198 loaded variants
50 pre-filtered variants
148 tested variants
142 printed variants

True importance standardized:  [0.32030136 0.32030136 0.32030136 0.32030136 0.32030136 0.32030136
 0.84185057 0.84185057 0.84185057 0.84185057 0.84185057 0.84185057
 0.40713193 0.40713193 0.40713193 0.40713193 0.40713193 0.40713193
 0.20033514 0.20033514 0.20033514 0.20033514 0.20033514 0.20033514
 0.26702492 0.26702492 0.26702492 0.26702492 0.26702492 0.26702492
 0.12510956 0.12510956 0.12510956 0.12510956 0.12510956 0.12510956
 0.80941571 0.80941571 0.80941571 0.80941571 0.80941571 0.80941571
 1.         1.         1.         1.         1.         1.
 0.52762026 0.52762026 0.52762026 0.52762026 0.52762026 0.52762026
 0.68231782 0.68231782 0.68231782 0.68231782 0.68231782 0.68231782
 0.         0.         0.         0.         0.         0.
 0.         0.         0.         0.         0.         0.
 0.         0.         0.         0.         0.         0.
 0.         0.         0.         0.         0.         0.
 0.         0.         0.         0.         0.         0.
 0.         0.         0.         0.         0.         0.
 0.         0.         0.         0.         0.         0.
 0.         0.         0.         0.         0.         0.
 0.         0.         0.         0.         0.         0.
 0.         0.         0.         0.         0.         0.
 0.         0.         0.         0.         0.         0.
 0.         0.         0.         0.         0.         0.
 0.         0.         0.         0.         0.         0.
 0.         0.         0.         0.         0.         0.
 0.         0.         0.         0.         0.         0.
 0.         0.         0.         0.         0.         0.
 0.         0.         0.         0.         0.         0.
 0.         0.         0.         0.         0.         0.
 0.         0.         0.         0.         0.         0.
 0.         0.         0.         0.         0.         0.
 0.         0.         0.         0.         0.         0.
 0.         0.         0.         0.         0.         0.
 0.         0.         0.         0.         0.         0.
 0.         0.        ]
Normalized importance:  [0.17206493 0.17206493 0.17206493 0.17206493 0.17206493 0.17206493
 1.         1.         1.         1.         1.         1.
 0.18986723 0.18986723 0.18986723 0.18986723 0.18986723 0.18986723
 0.06019695 0.06019695 0.06019695 0.06019695 0.06019695 0.06019695
 0.09696261 0.09696261 0.09696261 0.09696261 0.09696261 0.09696261
 0.05772473 0.05772473 0.05772473 0.         0.         0.05772473
 0.85809545 0.85809545 0.85809545 0.85809545 0.85809545 0.85809545
 0.95767178 0.95767178 0.95767178 0.95767178 0.95767178 0.95767178
 0.26391037 0.26391037 0.26391037 0.26391037 0.26391037 0.26391037
 0.5157967  0.5157967  0.5157967  0.5157967  0.5157967  0.5157967
 0.         0.         0.         0.         0.         0.07747571
 0.         0.02089029 0.         0.         0.04622873 0.
 0.         0.         0.         0.01894342 0.         0.
 0.         0.         0.06004574 0.         0.         0.
 0.         0.01478091 0.         0.         0.         0.0264456
 0.         0.         0.         0.         0.         0.
 0.         0.         0.         0.         0.         0.
 0.         0.         0.01614222 0.         0.         0.
 0.         0.         0.         0.         0.         0.
 0.         0.06044101 0.         0.         0.         0.03990626
 0.         0.         0.         0.         0.         0.
 0.         0.         0.         0.         0.01580737 0.
 0.         0.         0.         0.         0.         0.
 0.         0.         0.         0.         0.         0.
 0.04315041 0.01201733 0.         0.         0.06189903 0.
 0.         0.         0.         0.         0.         0.
 0.         0.06037922 0.         0.01466518 0.         0.
 0.         0.         0.         0.         0.         0.
 0.02283252 0.         0.         0.         0.         0.
 0.         0.         0.         0.         0.         0.
 0.         0.         0.         0.         0.         0.
 0.         0.         0.         0.         0.         0.
 0.         0.         0.         0.0153834  0.         0.
 0.         0.        ]
deepbreaks
y_true:  [0. 0. 0. 0. 0. 0. 1. 1. 1. 1. 1. 1. 0. 0. 0. 0. 0. 0. 0. 0. 0. 0. 0. 0.
 0. 0. 0. 0. 0. 0. 0. 0. 0. 0. 0. 0. 1. 1. 1. 1. 1. 1. 1. 1. 1. 1. 1. 1.
 1. 1. 1. 1. 1. 1. 1. 1. 1. 1. 1. 1. 0. 0. 0. 0. 0. 0. 0. 0. 0. 0. 0. 0.
 0. 0. 0. 0. 0. 0. 0. 0. 0. 0. 0. 0. 0. 0. 0. 0. 0. 0. 0. 0. 0. 0. 0. 0.
 0. 0. 0. 0. 0. 0. 0. 0. 0. 0. 0. 0. 0. 0. 0. 0. 0. 0. 0. 0. 0. 0. 0. 0.
 0. 0. 0. 0. 0. 0. 0. 0. 0. 0. 0. 0. 0. 0. 0. 0. 0. 0. 0. 0. 0. 0. 0. 0.
 0. 0. 0. 0. 0. 0. 0. 0. 0. 0. 0. 0. 0. 0. 0. 0. 0. 0. 0. 0. 0. 0. 0. 0.
 0. 0. 0. 0. 0. 0. 0. 0. 0. 0. 0. 0. 0. 0. 0. 0. 0. 0. 0. 0. 0. 0. 0. 0.
 0. 0. 0. 0. 0. 0. 0. 0.]
y_pred:  [1. 1. 1. 1. 1. 1. 1. 1. 1. 1. 1. 1. 1. 1. 1. 1. 1. 1. 0. 0. 0. 0. 0. 0.
 0. 0. 0. 0. 0. 0. 0. 0. 0. 0. 0. 0. 1. 1. 1. 1. 1. 1. 1. 1. 1. 1. 1. 1.
 1. 1. 1. 1. 1. 1. 1. 1. 1. 1. 1. 1. 0. 0. 0. 0. 0. 0. 0. 0. 0. 0. 0. 0.
 0. 0. 0. 0. 0. 0. 0. 0. 0. 0. 0. 0. 0. 0. 0. 0. 0. 0. 0. 0. 0. 0. 0. 0.
 0. 0. 0. 0. 0. 0. 0. 0. 0. 0. 0. 0. 0. 0. 0. 0. 0. 0. 0. 0. 0. 0. 0. 0.
 0. 0. 0. 0. 0. 0. 0. 0. 0. 0. 0. 0. 0. 0. 0. 0. 0. 0. 0. 0. 0. 0. 0. 0.
 0. 0. 0. 0. 0. 0. 0. 0. 0. 0. 0. 0. 0. 0. 0. 0. 0. 0. 0. 0. 0. 0. 0. 0.
 0. 0. 0. 0. 0. 0. 0. 0. 0. 0. 0. 0. 0. 0. 0. 0. 0. 0. 0. 0. 0. 0. 0. 0.
 0. 0. 0. 0. 0. 0. 0. 0.]
Normalized importance:  [3.70192308e-01 3.02884615e-01 8.67788462e-02 8.00480769e-02
 0.00000000e+00 4.71153846e-01 9.90384615e-01 5.45673077e-01
 2.52403846e-01 3.84615385e-01 2.90865385e-01 4.83173077e-01
 5.84134615e-01 0.00000000e+00 7.33173077e-02 8.41346154e-02
 2.07211538e-01 3.24519231e-01 2.83653846e-01 1.27884615e-01
 1.05769231e-01 1.14423077e-01 6.68269231e-02 2.18509615e-01
 2.88461538e-01 3.58173077e-01 1.19951923e-01 9.49519231e-02
 1.94230769e-01 1.72596154e-01 3.07692308e-01 1.38461538e-01
 2.52403846e-01 0.00000000e+00 1.68990385e-01 2.71634615e-01
 8.77403846e-01 3.53365385e-01 5.81730769e-01 1.66826923e-01
 4.27884615e-01 7.69230769e-01 1.00000000e+00 7.28365385e-01
 2.27163462e-01 5.21634615e-01 2.81250000e-01 4.90384615e-01
 5.62500000e-01 1.06730769e-01 4.37500000e-01 1.44230769e-01
 1.88701923e-02 2.69230769e-01 6.41826923e-01 3.75000000e-01
 4.08653846e-01 2.66826923e-01 1.06009615e-01 4.39903846e-01
 0.00000000e+00 0.00000000e+00 0.00000000e+00 0.00000000e+00
 1.67307692e-01 2.59615385e-01 0.00000000e+00 1.52644231e-02
 2.78846154e-01 1.03365385e-01 2.88461538e-01 2.95673077e-02
 0.00000000e+00 0.00000000e+00 0.00000000e+00 1.07211538e-01
 2.95673077e-02 1.50480769e-01 9.66346154e-02 6.05769231e-02
 2.52403846e-01 0.00000000e+00 0.00000000e+00 4.25480769e-02
 0.00000000e+00 2.18509615e-01 1.10576923e-01 1.58413462e-01
 0.00000000e+00 2.74038462e-01 0.00000000e+00 2.90865385e-01
 0.00000000e+00 1.65625000e-01 0.00000000e+00 0.00000000e+00
 1.87019231e-01 0.00000000e+00 0.00000000e+00 3.14903846e-02
 0.00000000e+00 7.74038462e-04 0.00000000e+00 1.39663462e-01
 2.39903846e-01 0.00000000e+00 0.00000000e+00 0.00000000e+00
 1.11538462e-01 0.00000000e+00 5.09615385e-02 0.00000000e+00
 1.00961538e-01 0.00000000e+00 1.84375000e-01 1.87259615e-01
 1.58894231e-01 0.00000000e+00 6.37019231e-03 3.22115385e-01
 1.75480769e-01 0.00000000e+00 0.00000000e+00 0.00000000e+00
 1.58653846e-03 0.00000000e+00 3.55769231e-01 1.59375000e-01
 5.36057692e-02 2.81250000e-01 8.70192308e-02 1.45913462e-01
 0.00000000e+00 2.59615385e-01 2.76442308e-01 1.15384615e-01
 0.00000000e+00 1.82451923e-01 0.00000000e+00 1.54567308e-01
 0.00000000e+00 1.09134615e-01 0.00000000e+00 1.28125000e-01
 3.50961538e-01 7.40384615e-02 8.89423077e-02 7.78846154e-03
 1.61538462e-01 4.03846154e-02 8.82211538e-03 0.00000000e+00
 1.86778846e-02 1.84615385e-01 0.00000000e+00 0.00000000e+00
 1.88221154e-01 3.26923077e-01 6.56250000e-02 1.33653846e-01
 0.00000000e+00 0.00000000e+00 1.00000000e-01 1.96153846e-01
 1.35817308e-01 1.63942308e-01 0.00000000e+00 0.00000000e+00
 2.05528846e-01 0.00000000e+00 1.37259615e-01 1.96153846e-01
 3.00480769e-02 1.09375000e-01 0.00000000e+00 3.34134615e-02
 0.00000000e+00 0.00000000e+00 0.00000000e+00 1.96634615e-01
 1.38221154e-01 9.78365385e-02 0.00000000e+00 2.36057692e-02
 7.69230769e-02 1.40144231e-01 0.00000000e+00 1.91346154e-01
 0.00000000e+00 1.70192308e-02 0.00000000e+00 5.57692308e-02
 8.29326923e-04 1.65144231e-02 0.00000000e+00 2.47596154e-02
 2.76442308e-01 1.20673077e-01 0.00000000e+00 0.00000000e+00]
pyseer
y_true:  [0. 0. 0. 0. 0. 0. 1. 1. 1. 1. 1. 1. 0. 0. 0. 0. 0. 0. 0. 0. 0. 0. 0. 0.
 0. 0. 0. 0. 0. 0. 0. 0. 0. 0. 0. 0. 1. 1. 1. 1. 1. 1. 1. 1. 1. 1. 1. 1.
 1. 1. 1. 1. 1. 1. 1. 1. 1. 1. 1. 1. 0. 0. 0. 0. 0. 0. 0. 0. 0. 0. 0. 0.
 0. 0. 0. 0. 0. 0. 0. 0. 0. 0. 0. 0. 0. 0. 0. 0. 0. 0. 0. 0. 0. 0. 0. 0.
 0. 0. 0. 0. 0. 0. 0. 0. 0. 0. 0. 0. 0. 0. 0. 0. 0. 0. 0. 0. 0. 0. 0. 0.
 0. 0. 0. 0. 0. 0. 0. 0. 0. 0. 0. 0. 0. 0. 0. 0. 0. 0. 0. 0. 0. 0. 0. 0.
 0. 0. 0. 0. 0. 0. 0. 0. 0. 0. 0. 0. 0. 0. 0. 0. 0. 0. 0. 0. 0. 0. 0. 0.
 0. 0. 0. 0. 0. 0. 0. 0. 0. 0. 0. 0. 0. 0. 0. 0. 0. 0. 0. 0. 0. 0. 0. 0.
 0. 0. 0. 0. 0. 0. 0. 0.]
y_pred:  [1. 1. 0. 0. 0. 1. 1. 1. 1. 1. 1. 1. 1. 0. 0. 0. 1. 1. 1. 0. 0. 0. 0. 1.
 1. 1. 0. 0. 1. 1. 1. 0. 1. 0. 1. 1. 1. 1. 1. 1. 1. 1. 1. 1. 1. 1. 1. 1.
 1. 0. 1. 0. 0. 1. 1. 1. 1. 1. 0. 1. 0. 0. 0. 0. 1. 1. 0. 0. 1. 0. 1. 0.
 0. 0. 0. 0. 0. 0. 0. 0. 1. 0. 0. 0. 0. 1. 0. 0. 0. 1. 0. 1. 0. 0. 0. 0.
 1. 0. 0. 0. 0. 0. 0. 0. 1. 0. 0. 0. 0. 0. 0. 0. 0. 0. 1. 1. 0. 0. 0. 1.
 1. 0. 0. 0. 0. 0. 1. 0. 0. 1. 0. 0. 0. 1. 1. 0. 0. 1. 0. 0. 0. 0. 0. 0.
 1. 0. 0. 0. 0. 0. 0. 0. 0. 1. 0. 0. 1. 1. 0. 0. 0. 0. 0. 1. 0. 0. 0. 0.
 1. 0. 0. 1. 0. 0. 0. 0. 0. 0. 0. 1. 0. 0. 0. 0. 0. 0. 0. 1. 0. 0. 0. 0.
 0. 0. 0. 0. 1. 0. 0. 0.]
Time taken: 24.89240050315857 seconds
Running combination 28 of 50
Fitting RandomForest...
Fitting Adaboost...
Fitting AdaBoost_2...
Fitting et...
Fitting gbc...
Fitting gbc_2...
Fitting gbc_3...
Fitting dt...
Fitting lr...
Fitting Lasso_1...
Fitting Lasso_2...
Fitting Lasso_3...
Fitting Lasso_4...
Fitting elasticnet...
VCF file created successfully.
pyseer stderr:  Read 1000 phenotypes
Detected continuous phenotype
Reading all variants

0variants [00:00, ?variants/s]
56variants [00:00, 550.51variants/s]
112variants [00:00, 485.68variants/s]
169variants [00:00, 517.95variants/s]
198variants [00:00, 521.33variants/s]
Applying correlation filtering

  0%|          | 0/198 [00:00<?, ?variants/s]
100%|██████████| 198/198 [00:00<00:00, 2702.87variants/s]
Fitting elastic net to top 148 variants
Best penalty (lambda) from cross-validation: 2.55E+01
Best R^2 from cross-validation: 0.485
Finding and printing selected variants
198 loaded variants
50 pre-filtered variants
148 tested variants
138 printed variants

True importance standardized:  [1.         1.         1.         1.         1.         1.
 0.95617507 0.95617507 0.95617507 0.95617507 0.95617507 0.95617507
 0.41081357 0.41081357 0.41081357 0.41081357 0.41081357 0.41081357
 0.72757385 0.72757385 0.72757385 0.72757385 0.72757385 0.72757385
 0.51708345 0.51708345 0.51708345 0.51708345 0.51708345 0.51708345
 0.71378551 0.71378551 0.71378551 0.71378551 0.71378551 0.71378551
 0.61135927 0.61135927 0.61135927 0.61135927 0.61135927 0.61135927
 0.37918971 0.37918971 0.37918971 0.37918971 0.37918971 0.37918971
 0.51019558 0.51019558 0.51019558 0.51019558 0.51019558 0.51019558
 0.54540315 0.54540315 0.54540315 0.54540315 0.54540315 0.54540315
 0.         0.         0.         0.         0.         0.
 0.         0.         0.         0.         0.         0.
 0.         0.         0.         0.         0.         0.
 0.         0.         0.         0.         0.         0.
 0.         0.         0.         0.         0.         0.
 0.         0.         0.         0.         0.         0.
 0.         0.         0.         0.         0.         0.
 0.         0.         0.         0.         0.         0.
 0.         0.         0.         0.         0.         0.
 0.         0.         0.         0.         0.         0.
 0.         0.         0.         0.         0.         0.
 0.         0.         0.         0.         0.         0.
 0.         0.         0.         0.         0.         0.
 0.         0.         0.         0.         0.         0.
 0.         0.         0.         0.         0.         0.
 0.         0.         0.         0.         0.         0.
 0.         0.         0.         0.         0.         0.
 0.         0.         0.         0.         0.         0.
 0.         0.         0.         0.         0.         0.
 0.         0.         0.         0.         0.         0.
 0.         0.         0.         0.         0.         0.
 0.         0.         0.         0.         0.         0.
 0.         0.         0.         0.         0.         0.
 0.         0.        ]
Normalized importance:  [1.         1.         1.         1.         1.         1.
 0.85058348 0.85058348 0.85058348 0.85058348 0.85058348 0.85058348
 0.25197711 0.25197711 0.25197711 0.25197711 0.25197711 0.25197711
 0.7533466  0.7533466  0.7533466  0.7533466  0.7533466  0.7533466
 0.26610135 0.26610135 0.26610135 0.26610135 0.26610135 0.26610135
 0.38691086 0.38691086 0.38691086 0.38691086 0.38691086 0.38691086
 0.46584565 0.46584565 0.46584565 0.46584565 0.46584565 0.46584565
 0.         0.         0.         0.07229896 0.         0.
 0.14246614 0.14246614 0.14246614 0.14246614 0.14246614 0.14246614
 0.30101713 0.30101713 0.30101713 0.30101713 0.30101713 0.30101713
 0.         0.00471522 0.         0.         0.         0.
 0.         0.         0.         0.         0.         0.1032067
 0.         0.         0.         0.         0.         0.
 0.         0.         0.         0.         0.         0.
 0.         0.         0.         0.         0.         0.
 0.         0.         0.         0.         0.         0.
 0.         0.         0.         0.         0.         0.
 0.         0.         0.         0.         0.         0.
 0.         0.         0.         0.04157873 0.         0.
 0.         0.         0.         0.         0.         0.04538752
 0.         0.         0.         0.         0.         0.
 0.         0.03152981 0.         0.         0.         0.
 0.07263242 0.         0.         0.         0.         0.
 0.07040095 0.         0.01827274 0.         0.         0.
 0.         0.         0.02150542 0.         0.         0.
 0.         0.         0.         0.         0.         0.
 0.         0.         0.         0.         0.00780674 0.
 0.         0.         0.         0.         0.         0.
 0.         0.         0.         0.         0.         0.
 0.         0.         0.0718778  0.         0.         0.
 0.         0.08666837 0.         0.         0.         0.
 0.         0.         0.         0.         0.         0.
 0.         0.         0.         0.         0.         0.03186202
 0.         0.        ]
deepbreaks
y_true:  [1. 1. 1. 1. 1. 1. 1. 1. 1. 1. 1. 1. 0. 0. 0. 0. 0. 0. 1. 1. 1. 1. 1. 1.
 0. 0. 0. 0. 0. 0. 1. 1. 1. 1. 1. 1. 1. 1. 1. 1. 1. 1. 0. 0. 0. 0. 0. 0.
 0. 0. 0. 0. 0. 0. 0. 0. 0. 0. 0. 0. 0. 0. 0. 0. 0. 0. 0. 0. 0. 0. 0. 0.
 0. 0. 0. 0. 0. 0. 0. 0. 0. 0. 0. 0. 0. 0. 0. 0. 0. 0. 0. 0. 0. 0. 0. 0.
 0. 0. 0. 0. 0. 0. 0. 0. 0. 0. 0. 0. 0. 0. 0. 0. 0. 0. 0. 0. 0. 0. 0. 0.
 0. 0. 0. 0. 0. 0. 0. 0. 0. 0. 0. 0. 0. 0. 0. 0. 0. 0. 0. 0. 0. 0. 0. 0.
 0. 0. 0. 0. 0. 0. 0. 0. 0. 0. 0. 0. 0. 0. 0. 0. 0. 0. 0. 0. 0. 0. 0. 0.
 0. 0. 0. 0. 0. 0. 0. 0. 0. 0. 0. 0. 0. 0. 0. 0. 0. 0. 0. 0. 0. 0. 0. 0.
 0. 0. 0. 0. 0. 0. 0. 0.]
y_pred:  [1. 1. 1. 1. 1. 1. 1. 1. 1. 1. 1. 1. 0. 0. 0. 0. 0. 0. 1. 1. 1. 1. 1. 1.
 0. 0. 0. 0. 0. 0. 1. 1. 1. 1. 1. 1. 1. 1. 1. 1. 1. 1. 0. 0. 0. 0. 0. 0.
 0. 0. 0. 0. 0. 0. 1. 1. 1. 1. 1. 1. 0. 0. 0. 0. 0. 0. 0. 0. 0. 0. 0. 0.
 0. 0. 0. 0. 0. 0. 0. 0. 0. 0. 0. 0. 0. 0. 0. 0. 0. 0. 0. 0. 0. 0. 0. 0.
 0. 0. 0. 0. 0. 0. 0. 0. 0. 0. 0. 0. 0. 0. 0. 0. 0. 0. 0. 0. 0. 0. 0. 0.
 0. 0. 0. 0. 0. 0. 0. 0. 0. 0. 0. 0. 0. 0. 0. 0. 0. 0. 0. 0. 0. 0. 0. 0.
 0. 0. 0. 0. 0. 0. 0. 0. 0. 0. 0. 0. 0. 0. 0. 0. 0. 0. 0. 0. 0. 0. 0. 0.
 0. 0. 0. 0. 0. 0. 0. 0. 0. 0. 0. 0. 0. 0. 0. 0. 0. 0. 0. 0. 0. 0. 0. 0.
 0. 0. 0. 0. 0. 0. 0. 0.]
Normalized importance:  [8.60526316e-01 4.02631579e-01 3.69298246e-01 4.16666667e-01
 2.93859649e-01 6.65789474e-01 1.00000000e+00 2.90350877e-01
 6.52631579e-01 5.34210526e-01 2.91228070e-02 2.93859649e-01
 3.85087719e-01 0.00000000e+00 2.34210526e-01 4.04385965e-01
 0.00000000e+00 3.42105263e-01 8.38596491e-01 2.24561404e-01
 2.01754386e-02 2.04385965e-01 6.05263158e-01 2.45614035e-01
 4.84210526e-01 2.67543860e-01 2.50000000e-01 1.41228070e-01
 4.16666667e-01 8.54385965e-02 6.09649123e-01 2.44736842e-01
 2.87719298e-01 3.52631579e-01 4.11403509e-01 2.72807018e-01
 6.75438596e-01 3.93859649e-01 3.82456140e-01 6.57894737e-02
 2.39473684e-01 1.64912281e-01 2.10526316e-01 3.98245614e-02
 1.80701754e-01 2.83333333e-01 2.57017544e-02 1.16666667e-01
 5.03508772e-01 3.64912281e-02 0.00000000e+00 3.15789474e-01
 0.00000000e+00 6.21052632e-01 6.42982456e-01 1.07017544e-03
 3.97368421e-01 2.92982456e-01 3.78947368e-01 2.22807018e-01
 5.53508772e-02 1.61403509e-01 0.00000000e+00 2.45614035e-04
 0.00000000e+00 2.21052632e-01 2.06140351e-01 1.57894737e-01
 0.00000000e+00 1.61403509e-01 1.75438596e-01 4.86842105e-01
 1.01754386e-01 7.12280702e-02 4.46491228e-02 1.23684211e-01
 0.00000000e+00 0.00000000e+00 1.19298246e-02 0.00000000e+00
 2.40350877e-01 0.00000000e+00 0.00000000e+00 1.28070175e-02
 1.32456140e-01 1.01754386e-01 1.63157895e-01 0.00000000e+00
 5.02631579e-02 0.00000000e+00 7.41228070e-02 0.00000000e+00
 1.76315789e-01 1.42105263e-01 0.00000000e+00 2.29824561e-01
 0.00000000e+00 1.35964912e-01 8.53508772e-02 0.00000000e+00
 0.00000000e+00 5.93859649e-02 1.60526316e-01 2.00877193e-02
 2.04385965e-01 0.00000000e+00 0.00000000e+00 4.82456140e-02
 2.55263158e-01 8.24561404e-02 2.28070175e-01 1.37719298e-01
 0.00000000e+00 0.00000000e+00 7.74561404e-02 1.93859649e-01
 2.91228070e-01 0.00000000e+00 0.00000000e+00 3.54385965e-01
 0.00000000e+00 2.45614035e-02 7.05263158e-02 0.00000000e+00
 1.47368421e-01 2.18421053e-02 0.00000000e+00 2.36842105e-01
 0.00000000e+00 0.00000000e+00 0.00000000e+00 5.20175439e-03
 3.46491228e-01 0.00000000e+00 2.21052632e-01 0.00000000e+00
 1.36842105e-01 0.00000000e+00 6.92982456e-02 0.00000000e+00
 1.92982456e-01 0.00000000e+00 0.00000000e+00 2.23684211e-01
 3.17543860e-02 0.00000000e+00 2.13157895e-01 5.18421053e-02
 5.23684211e-02 2.37719298e-01 0.00000000e+00 0.00000000e+00
 0.00000000e+00 8.85964912e-02 1.67543860e-01 0.00000000e+00
 4.41228070e-02 0.00000000e+00 2.14912281e-01 0.00000000e+00
 1.58771930e-01 1.83333333e-01 7.91228070e-02 9.38596491e-02
 4.47368421e-02 0.00000000e+00 4.88596491e-02 0.00000000e+00
 2.55263158e-01 0.00000000e+00 0.00000000e+00 0.00000000e+00
 0.00000000e+00 5.38596491e-02 0.00000000e+00 1.20175439e-01
 2.68421053e-01 0.00000000e+00 1.33333333e-01 2.10526316e-01
 9.12280702e-02 3.90350877e-01 1.35087719e-01 4.95614035e-02
 0.00000000e+00 1.93859649e-01 7.26315789e-02 0.00000000e+00
 0.00000000e+00 1.14912281e-01 0.00000000e+00 0.00000000e+00
 6.42105263e-02 0.00000000e+00 0.00000000e+00 2.05263158e-01
 0.00000000e+00 2.47368421e-01 0.00000000e+00 0.00000000e+00]
pyseer
y_true:  [1. 1. 1. 1. 1. 1. 1. 1. 1. 1. 1. 1. 0. 0. 0. 0. 0. 0. 1. 1. 1. 1. 1. 1.
 0. 0. 0. 0. 0. 0. 1. 1. 1. 1. 1. 1. 1. 1. 1. 1. 1. 1. 0. 0. 0. 0. 0. 0.
 0. 0. 0. 0. 0. 0. 0. 0. 0. 0. 0. 0. 0. 0. 0. 0. 0. 0. 0. 0. 0. 0. 0. 0.
 0. 0. 0. 0. 0. 0. 0. 0. 0. 0. 0. 0. 0. 0. 0. 0. 0. 0. 0. 0. 0. 0. 0. 0.
 0. 0. 0. 0. 0. 0. 0. 0. 0. 0. 0. 0. 0. 0. 0. 0. 0. 0. 0. 0. 0. 0. 0. 0.
 0. 0. 0. 0. 0. 0. 0. 0. 0. 0. 0. 0. 0. 0. 0. 0. 0. 0. 0. 0. 0. 0. 0. 0.
 0. 0. 0. 0. 0. 0. 0. 0. 0. 0. 0. 0. 0. 0. 0. 0. 0. 0. 0. 0. 0. 0. 0. 0.
 0. 0. 0. 0. 0. 0. 0. 0. 0. 0. 0. 0. 0. 0. 0. 0. 0. 0. 0. 0. 0. 0. 0. 0.
 0. 0. 0. 0. 0. 0. 0. 0.]
y_pred:  [1. 1. 1. 1. 1. 1. 1. 1. 1. 1. 0. 1. 1. 0. 1. 1. 0. 1. 1. 1. 0. 1. 1. 1.
 1. 1. 1. 0. 1. 0. 1. 1. 1. 1. 1. 1. 1. 1. 1. 0. 1. 0. 1. 0. 0. 1. 0. 0.
 1. 0. 0. 1. 0. 1. 1. 0. 1. 1. 1. 1. 0. 0. 0. 0. 0. 1. 1. 0. 0. 0. 0. 1.
 0. 0. 0. 0. 0. 0. 0. 0. 1. 0. 0. 0. 0. 0. 0. 0. 0. 0. 0. 0. 0. 0. 0. 1.
 0. 0. 0. 0. 0. 0. 0. 0. 1. 0. 0. 0. 1. 0. 1. 0. 0. 0. 0. 1. 1. 0. 0. 1.
 0. 0. 0. 0. 0. 0. 0. 1. 0. 0. 0. 0. 1. 0. 1. 0. 0. 0. 0. 0. 0. 0. 0. 1.
 0. 0. 1. 0. 0. 1. 0. 0. 0. 0. 0. 0. 0. 0. 1. 0. 0. 0. 0. 0. 0. 0. 0. 0.
 1. 0. 0. 0. 0. 0. 0. 0. 1. 0. 0. 1. 0. 1. 0. 0. 0. 1. 0. 0. 0. 0. 0. 0.
 0. 0. 0. 1. 0. 1. 0. 0.]
Time taken: 24.569921016693115 seconds
Running combination 29 of 50
Fitting RandomForest...
Fitting Adaboost...
Fitting AdaBoost_2...
Fitting et...
Fitting gbc...
Fitting gbc_2...
Fitting gbc_3...
Fitting dt...
Fitting lr...
Fitting Lasso_1...
Fitting Lasso_2...
Fitting Lasso_3...
Fitting Lasso_4...
Fitting elasticnet...
VCF file created successfully.
pyseer stderr:  Read 1000 phenotypes
Detected continuous phenotype
Reading all variants

0variants [00:00, ?variants/s]
54variants [00:00, 535.33variants/s]
108variants [00:00, 468.17variants/s]
162variants [00:00, 495.75variants/s]
198variants [00:00, 501.53variants/s]
Applying correlation filtering

  0%|          | 0/198 [00:00<?, ?variants/s]
100%|██████████| 198/198 [00:00<00:00, 2692.72variants/s]
Fitting elastic net to top 148 variants
Best penalty (lambda) from cross-validation: 1.40E+01
Best R^2 from cross-validation: 0.530
Finding and printing selected variants
198 loaded variants
50 pre-filtered variants
148 tested variants
134 printed variants

True importance standardized:  [0.68122813 0.68122813 0.68122813 0.68122813 0.68122813 0.68122813
 0.36681409 0.36681409 0.36681409 0.36681409 0.36681409 0.36681409
 0.28713496 0.28713496 0.28713496 0.28713496 0.28713496 0.28713496
 0.94675632 0.94675632 0.94675632 0.94675632 0.94675632 0.94675632
 0.11405702 0.11405702 0.11405702 0.11405702 0.11405702 0.11405702
 0.66379673 0.66379673 0.66379673 0.66379673 0.66379673 0.66379673
 1.         1.         1.         1.         1.         1.
 0.23966515 0.23966515 0.23966515 0.23966515 0.23966515 0.23966515
 0.11584127 0.11584127 0.11584127 0.11584127 0.11584127 0.11584127
 0.71795083 0.71795083 0.71795083 0.71795083 0.71795083 0.71795083
 0.         0.         0.         0.         0.         0.
 0.         0.         0.         0.         0.         0.
 0.         0.         0.         0.         0.         0.
 0.         0.         0.         0.         0.         0.
 0.         0.         0.         0.         0.         0.
 0.         0.         0.         0.         0.         0.
 0.         0.         0.         0.         0.         0.
 0.         0.         0.         0.         0.         0.
 0.         0.         0.         0.         0.         0.
 0.         0.         0.         0.         0.         0.
 0.         0.         0.         0.         0.         0.
 0.         0.         0.         0.         0.         0.
 0.         0.         0.         0.         0.         0.
 0.         0.         0.         0.         0.         0.
 0.         0.         0.         0.         0.         0.
 0.         0.         0.         0.         0.         0.
 0.         0.         0.         0.         0.         0.
 0.         0.         0.         0.         0.         0.
 0.         0.         0.         0.         0.         0.
 0.         0.         0.         0.         0.         0.
 0.         0.         0.         0.         0.         0.
 0.         0.         0.         0.         0.         0.
 0.         0.         0.         0.         0.         0.
 0.         0.        ]
Normalized importance:  [0.62594427 0.62594427 0.62594427 0.62594427 0.62594427 0.62594427
 0.17203474 0.17203474 0.17203474 0.17203474 0.17203474 0.17203474
 0.11074376 0.         0.         0.11074376 0.11074376 0.11074376
 1.         1.         1.         1.         1.         1.
 0.         0.02669284 0.         0.         0.         0.
 0.53546886 0.53546886 0.53546886 0.53546886 0.53546886 0.53546886
 0.92200895 0.92200895 0.92200895 0.92200895 0.92200895 0.92200895
 0.10652174 0.10652174 0.10652174 0.         0.10652174 0.10652174
 0.         0.         0.         0.         0.         0.
 0.57588919 0.57588919 0.57588919 0.57588919 0.57588919 0.57588919
 0.         0.         0.         0.         0.         0.07213021
 0.         0.         0.         0.         0.         0.
 0.         0.         0.         0.         0.         0.
 0.         0.         0.         0.         0.         0.
 0.         0.02354722 0.         0.         0.         0.
 0.         0.         0.         0.         0.01601284 0.01913568
 0.         0.         0.         0.         0.         0.
 0.         0.00937709 0.02653188 0.         0.         0.
 0.         0.         0.         0.         0.         0.01620097
 0.         0.         0.         0.         0.         0.
 0.         0.         0.         0.01768002 0.         0.02812622
 0.         0.         0.         0.         0.         0.
 0.         0.         0.         0.         0.         0.
 0.         0.02219187 0.         0.05441631 0.         0.
 0.         0.         0.         0.         0.         0.
 0.         0.         0.         0.         0.         0.
 0.         0.04002961 0.         0.         0.         0.01522403
 0.         0.         0.         0.         0.         0.
 0.         0.         0.         0.         0.         0.
 0.         0.         0.         0.         0.         0.
 0.         0.         0.         0.         0.         0.
 0.         0.         0.         0.         0.         0.
 0.         0.         0.         0.         0.         0.
 0.         0.        ]
deepbreaks
y_true:  [1. 1. 1. 1. 1. 1. 0. 0. 0. 0. 0. 0. 0. 0. 0. 0. 0. 0. 1. 1. 1. 1. 1. 1.
 0. 0. 0. 0. 0. 0. 1. 1. 1. 1. 1. 1. 1. 1. 1. 1. 1. 1. 0. 0. 0. 0. 0. 0.
 0. 0. 0. 0. 0. 0. 1. 1. 1. 1. 1. 1. 0. 0. 0. 0. 0. 0. 0. 0. 0. 0. 0. 0.
 0. 0. 0. 0. 0. 0. 0. 0. 0. 0. 0. 0. 0. 0. 0. 0. 0. 0. 0. 0. 0. 0. 0. 0.
 0. 0. 0. 0. 0. 0. 0. 0. 0. 0. 0. 0. 0. 0. 0. 0. 0. 0. 0. 0. 0. 0. 0. 0.
 0. 0. 0. 0. 0. 0. 0. 0. 0. 0. 0. 0. 0. 0. 0. 0. 0. 0. 0. 0. 0. 0. 0. 0.
 0. 0. 0. 0. 0. 0. 0. 0. 0. 0. 0. 0. 0. 0. 0. 0. 0. 0. 0. 0. 0. 0. 0. 0.
 0. 0. 0. 0. 0. 0. 0. 0. 0. 0. 0. 0. 0. 0. 0. 0. 0. 0. 0. 0. 0. 0. 0. 0.
 0. 0. 0. 0. 0. 0. 0. 0.]
y_pred:  [1. 1. 1. 1. 1. 1. 0. 0. 0. 0. 0. 0. 0. 0. 0. 0. 0. 0. 1. 1. 1. 1. 1. 1.
 0. 0. 0. 0. 0. 0. 1. 1. 1. 1. 1. 1. 1. 1. 1. 1. 1. 1. 0. 0. 0. 0. 0. 0.
 0. 0. 0. 0. 0. 0. 1. 1. 1. 1. 1. 1. 0. 0. 0. 0. 0. 0. 0. 0. 0. 0. 0. 0.
 0. 0. 0. 0. 0. 0. 0. 0. 0. 0. 0. 0. 0. 0. 0. 0. 0. 0. 0. 0. 0. 0. 0. 0.
 0. 0. 0. 0. 0. 0. 0. 0. 0. 0. 0. 0. 0. 0. 0. 0. 0. 0. 0. 0. 0. 0. 0. 0.
 0. 0. 0. 0. 0. 0. 0. 0. 0. 0. 0. 0. 0. 0. 0. 0. 0. 0. 0. 0. 0. 0. 0. 0.
 0. 0. 0. 0. 0. 0. 0. 0. 0. 0. 0. 0. 0. 0. 0. 0. 0. 0. 0. 0. 0. 0. 0. 0.
 0. 0. 0. 0. 0. 0. 0. 0. 0. 0. 0. 0. 0. 0. 0. 0. 0. 0. 0. 0. 0. 0. 0. 0.
 0. 0. 0. 0. 0. 0. 0. 0.]
Normalized importance:  [0.67248062 0.61046512 0.40310078 0.06821705 0.19767442 0.41666667
 0.58527132 0.28682171 0.19573643 0.14767442 0.02151163 0.29844961
 0.37209302 0.         0.12751938 0.1996124  0.17209302 0.17248062
 0.94379845 0.50968992 0.53294574 0.43023256 0.37403101 0.59883721
 0.00874031 0.05135659 0.21511628 0.25581395 0.09748062 0.00199612
 0.77906977 0.41472868 0.5251938  0.13100775 0.20348837 0.4127907
 1.         0.33527132 0.74418605 0.5620155  0.35271318 0.47868217
 0.20155039 0.22674419 0.16860465 0.         0.01777132 0.32751938
 0.         0.         0.         0.         0.01339147 0.
 0.59108527 0.48062016 0.37403101 0.27713178 0.55813953 0.29263566
 0.         0.0070155  0.         0.3120155  0.         0.37015504
 0.         0.21705426 0.18527132 0.00412791 0.25387597 0.04089147
 0.         0.15271318 0.18662791 0.14612403 0.         0.03875969
 0.         0.04651163 0.0372093  0.17306202 0.         0.22093023
 0.         0.23062016 0.         0.05193798 0.19573643 0.05639535
 0.14089147 0.0629845  0.10523256 0.04263566 0.27325581 0.16124031
 0.04302326 0.         0.         0.         0.         0.00436047
 0.10077519 0.15717054 0.3255814  0.18197674 0.         0.
 0.11007752 0.         0.         0.         0.         0.19767442
 0.         0.         0.         0.35077519 0.         0.
 0.         0.13585271 0.02674419 0.26937984 0.13875969 0.29069767
 0.         0.08352713 0.         0.25775194 0.0370155  0.01833333
 0.11569767 0.         0.         0.07829457 0.         0.0629845
 0.         0.22868217 0.         0.20542636 0.         0.
 0.         0.09147287 0.         0.         0.19379845 0.
 0.         0.08468992 0.         0.15096899 0.         0.11841085
 0.         0.28294574 0.05852713 0.06647287 0.04631783 0.39728682
 0.34108527 0.         0.         0.         0.         0.11492248
 0.21317829 0.05310078 0.         0.10678295 0.15968992 0.11724806
 0.19321705 0.15658915 0.         0.02073643 0.10949612 0.
 0.0994186  0.09709302 0.         0.05       0.13507752 0.
 0.         0.34302326 0.0748062  0.         0.06589147 0.13081395
 0.         0.07848837 0.00209302 0.         0.23062016 0.
 0.         0.        ]
pyseer
y_true:  [1. 1. 1. 1. 1. 1. 0. 0. 0. 0. 0. 0. 0. 0. 0. 0. 0. 0. 1. 1. 1. 1. 1. 1.
 0. 0. 0. 0. 0. 0. 1. 1. 1. 1. 1. 1. 1. 1. 1. 1. 1. 1. 0. 0. 0. 0. 0. 0.
 0. 0. 0. 0. 0. 0. 1. 1. 1. 1. 1. 1. 0. 0. 0. 0. 0. 0. 0. 0. 0. 0. 0. 0.
 0. 0. 0. 0. 0. 0. 0. 0. 0. 0. 0. 0. 0. 0. 0. 0. 0. 0. 0. 0. 0. 0. 0. 0.
 0. 0. 0. 0. 0. 0. 0. 0. 0. 0. 0. 0. 0. 0. 0. 0. 0. 0. 0. 0. 0. 0. 0. 0.
 0. 0. 0. 0. 0. 0. 0. 0. 0. 0. 0. 0. 0. 0. 0. 0. 0. 0. 0. 0. 0. 0. 0. 0.
 0. 0. 0. 0. 0. 0. 0. 0. 0. 0. 0. 0. 0. 0. 0. 0. 0. 0. 0. 0. 0. 0. 0. 0.
 0. 0. 0. 0. 0. 0. 0. 0. 0. 0. 0. 0. 0. 0. 0. 0. 0. 0. 0. 0. 0. 0. 0. 0.
 0. 0. 0. 0. 0. 0. 0. 0.]
y_pred:  [1. 1. 1. 0. 1. 1. 1. 1. 1. 0. 0. 1. 1. 0. 0. 1. 0. 0. 1. 1. 1. 1. 1. 1.
 0. 0. 1. 1. 0. 0. 1. 1. 1. 0. 1. 1. 1. 1. 1. 1. 1. 1. 1. 1. 0. 0. 0. 1.
 0. 0. 0. 0. 0. 0. 1. 1. 1. 1. 1. 1. 0. 0. 0. 1. 0. 1. 0. 1. 1. 0. 1. 0.
 0. 0. 1. 0. 0. 0. 0. 0. 0. 1. 0. 1. 0. 1. 0. 0. 1. 0. 0. 0. 0. 0. 1. 0.
 0. 0. 0. 0. 0. 0. 0. 0. 1. 1. 0. 0. 0. 0. 0. 0. 0. 1. 0. 0. 0. 1. 0. 0.
 0. 0. 0. 1. 0. 1. 0. 0. 0. 1. 0. 0. 0. 0. 0. 0. 0. 0. 0. 1. 0. 1. 0. 0.
 0. 0. 0. 0. 1. 0. 0. 0. 0. 0. 0. 0. 0. 1. 0. 0. 0. 1. 1. 0. 0. 0. 0. 0.
 1. 0. 0. 0. 0. 0. 1. 0. 0. 0. 0. 0. 0. 0. 0. 0. 0. 0. 0. 1. 0. 0. 0. 0.
 0. 0. 0. 0. 1. 0. 0. 0.]
Time taken: 23.600826263427734 seconds
Running combination 30 of 50
Fitting RandomForest...
Fitting Adaboost...
Fitting AdaBoost_2...
Fitting et...
Fitting gbc...
Fitting gbc_2...
Fitting gbc_3...
Fitting dt...
Fitting lr...
Fitting Lasso_1...
Fitting Lasso_2...
Fitting Lasso_3...
Fitting Lasso_4...
Fitting elasticnet...
VCF file created successfully.
pyseer stderr:  Read 1000 phenotypes
Detected continuous phenotype
Reading all variants

0variants [00:00, ?variants/s]
52variants [00:00, 513.22variants/s]
104variants [00:00, 463.37variants/s]
159variants [00:00, 499.82variants/s]
198variants [00:00, 504.25variants/s]
Applying correlation filtering

  0%|          | 0/198 [00:00<?, ?variants/s]
100%|██████████| 198/198 [00:00<00:00, 2645.41variants/s]
Fitting elastic net to top 148 variants
Best penalty (lambda) from cross-validation: 2.00E+01
Best R^2 from cross-validation: 0.439
Finding and printing selected variants
198 loaded variants
50 pre-filtered variants
148 tested variants
138 printed variants

True importance standardized:  [1.         1.         1.         1.         1.         1.
 0.29541665 0.29541665 0.29541665 0.29541665 0.29541665 0.29541665
 0.5547375  0.5547375  0.5547375  0.5547375  0.5547375  0.5547375
 0.78195338 0.78195338 0.78195338 0.78195338 0.78195338 0.78195338
 0.18698471 0.18698471 0.18698471 0.18698471 0.18698471 0.18698471
 0.98952118 0.98952118 0.98952118 0.98952118 0.98952118 0.98952118
 0.94507736 0.94507736 0.94507736 0.94507736 0.94507736 0.94507736
 0.46034927 0.46034927 0.46034927 0.46034927 0.46034927 0.46034927
 0.31321969 0.31321969 0.31321969 0.31321969 0.31321969 0.31321969
 0.37534159 0.37534159 0.37534159 0.37534159 0.37534159 0.37534159
 0.         0.         0.         0.         0.         0.
 0.         0.         0.         0.         0.         0.
 0.         0.         0.         0.         0.         0.
 0.         0.         0.         0.         0.         0.
 0.         0.         0.         0.         0.         0.
 0.         0.         0.         0.         0.         0.
 0.         0.         0.         0.         0.         0.
 0.         0.         0.         0.         0.         0.
 0.         0.         0.         0.         0.         0.
 0.         0.         0.         0.         0.         0.
 0.         0.         0.         0.         0.         0.
 0.         0.         0.         0.         0.         0.
 0.         0.         0.         0.         0.         0.
 0.         0.         0.         0.         0.         0.
 0.         0.         0.         0.         0.         0.
 0.         0.         0.         0.         0.         0.
 0.         0.         0.         0.         0.         0.
 0.         0.         0.         0.         0.         0.
 0.         0.         0.         0.         0.         0.
 0.         0.         0.         0.         0.         0.
 0.         0.         0.         0.         0.         0.
 0.         0.         0.         0.         0.         0.
 0.         0.         0.         0.         0.         0.
 0.         0.        ]
Normalized importance:  [0.66496623 0.66496623 0.66496623 0.66496623 0.66496623 0.66496623
 0.         0.         0.06169098 0.         0.         0.
 0.32963189 0.32963189 0.32963189 0.32963189 0.32963189 0.32963189
 0.61179365 0.61179365 0.61179365 0.61179365 0.61179365 0.61179365
 0.05417364 0.05417364 0.05417364 0.         0.05417364 0.05417364
 0.75014943 0.75014943 0.75014943 0.75014943 0.75014943 0.75014943
 1.         1.         1.         1.         1.         1.
 0.27542691 0.27542691 0.27542691 0.27542691 0.27542691 0.27542691
 0.07827654 0.07827654 0.07827654 0.07827654 0.07827654 0.07827654
 0.09337152 0.09337152 0.09337152 0.09337152 0.         0.09337152
 0.         0.         0.         0.         0.         0.
 0.         0.         0.         0.03459765 0.         0.
 0.         0.         0.         0.         0.         0.09253861
 0.00936137 0.         0.         0.         0.         0.
 0.         0.         0.         0.         0.         0.
 0.         0.         0.         0.07279953 0.         0.
 0.         0.         0.         0.         0.02853367 0.
 0.         0.         0.         0.         0.         0.
 0.11738154 0.         0.         0.         0.         0.
 0.         0.         0.         0.         0.04227602 0.
 0.         0.         0.         0.02778386 0.         0.
 0.         0.         0.         0.         0.         0.006073
 0.         0.         0.         0.         0.         0.
 0.         0.         0.         0.         0.         0.
 0.         0.         0.         0.         0.04376023 0.
 0.         0.01663172 0.         0.03370477 0.0634465  0.
 0.         0.         0.         0.         0.         0.
 0.         0.         0.         0.         0.         0.
 0.         0.         0.         0.         0.         0.
 0.         0.         0.02672717 0.         0.         0.
 0.         0.         0.         0.         0.         0.
 0.         0.         0.         0.         0.         0.
 0.         0.         0.         0.         0.         0.
 0.         0.        ]
deepbreaks
y_true:  [1. 1. 1. 1. 1. 1. 0. 0. 0. 0. 0. 0. 1. 1. 1. 1. 1. 1. 1. 1. 1. 1. 1. 1.
 0. 0. 0. 0. 0. 0. 1. 1. 1. 1. 1. 1. 1. 1. 1. 1. 1. 1. 0. 0. 0. 0. 0. 0.
 0. 0. 0. 0. 0. 0. 0. 0. 0. 0. 0. 0. 0. 0. 0. 0. 0. 0. 0. 0. 0. 0. 0. 0.
 0. 0. 0. 0. 0. 0. 0. 0. 0. 0. 0. 0. 0. 0. 0. 0. 0. 0. 0. 0. 0. 0. 0. 0.
 0. 0. 0. 0. 0. 0. 0. 0. 0. 0. 0. 0. 0. 0. 0. 0. 0. 0. 0. 0. 0. 0. 0. 0.
 0. 0. 0. 0. 0. 0. 0. 0. 0. 0. 0. 0. 0. 0. 0. 0. 0. 0. 0. 0. 0. 0. 0. 0.
 0. 0. 0. 0. 0. 0. 0. 0. 0. 0. 0. 0. 0. 0. 0. 0. 0. 0. 0. 0. 0. 0. 0. 0.
 0. 0. 0. 0. 0. 0. 0. 0. 0. 0. 0. 0. 0. 0. 0. 0. 0. 0. 0. 0. 0. 0. 0. 0.
 0. 0. 0. 0. 0. 0. 0. 0.]
y_pred:  [1. 1. 1. 1. 1. 1. 0. 0. 0. 0. 0. 0. 1. 1. 1. 1. 1. 1. 1. 1. 1. 1. 1. 1.
 0. 0. 0. 0. 0. 0. 1. 1. 1. 1. 1. 1. 1. 1. 1. 1. 1. 1. 1. 1. 1. 1. 1. 1.
 0. 0. 0. 0. 0. 0. 0. 0. 0. 0. 0. 0. 0. 0. 0. 0. 0. 0. 0. 0. 0. 0. 0. 0.
 0. 0. 0. 0. 0. 0. 0. 0. 0. 0. 0. 0. 0. 0. 0. 0. 0. 0. 0. 0. 0. 0. 0. 0.
 0. 0. 0. 0. 0. 0. 0. 0. 0. 0. 0. 0. 0. 0. 0. 0. 0. 0. 0. 0. 0. 0. 0. 0.
 0. 0. 0. 0. 0. 0. 0. 0. 0. 0. 0. 0. 0. 0. 0. 0. 0. 0. 0. 0. 0. 0. 0. 0.
 0. 0. 0. 0. 0. 0. 0. 0. 0. 0. 0. 0. 0. 0. 0. 0. 0. 0. 0. 0. 0. 0. 0. 0.
 0. 0. 0. 0. 0. 0. 0. 0. 0. 0. 0. 0. 0. 0. 0. 0. 0. 0. 0. 0. 0. 0. 0. 0.
 0. 0. 0. 0. 0. 0. 0. 0.]
Normalized importance:  [7.61403509e-01 5.21052632e-01 2.49122807e-01 5.40350877e-01
 5.00000000e-01 3.98245614e-01 5.56140351e-02 0.00000000e+00
 4.10526316e-01 8.71929825e-02 2.01754386e-03 0.00000000e+00
 5.01754386e-01 3.75438596e-01 0.00000000e+00 4.94736842e-01
 1.66842105e-01 4.42105263e-01 7.12280702e-01 4.82456140e-01
 2.82456140e-01 3.54385965e-01 2.87719298e-01 3.35087719e-01
 9.29824561e-02 2.15789474e-01 8.17543860e-02 0.00000000e+00
 1.61228070e-01 2.63157895e-01 8.15789474e-01 5.47368421e-01
 1.51578947e-01 3.94736842e-01 9.64912281e-02 6.42105263e-01
 1.00000000e+00 5.91228070e-01 3.77192982e-01 2.42105263e-01
 4.70175439e-01 2.49122807e-01 4.77192982e-01 1.70350877e-01
 1.84210526e-01 3.36842105e-01 2.77192982e-01 1.18245614e-01
 4.08771930e-01 9.54385965e-02 1.10175439e-01 1.47894737e-01
 2.40350877e-01 1.01403509e-01 3.61403509e-01 4.08771930e-01
 1.89473684e-01 6.35087719e-02 2.89473684e-02 6.71929825e-04
 1.08947368e-01 0.00000000e+00 0.00000000e+00 1.82456140e-01
 2.07017544e-01 0.00000000e+00 0.00000000e+00 0.00000000e+00
 9.70175439e-02 3.50877193e-01 1.29824561e-01 7.80701754e-02
 0.00000000e+00 1.26666667e-01 1.52631579e-01 0.00000000e+00
 0.00000000e+00 3.66666667e-01 2.35087719e-01 0.00000000e+00
 4.45614035e-02 8.22807018e-02 0.00000000e+00 0.00000000e+00
 0.00000000e+00 1.36666667e-01 0.00000000e+00 0.00000000e+00
 0.00000000e+00 0.00000000e+00 1.05614035e-01 0.00000000e+00
 0.00000000e+00 3.24561404e-01 1.92982456e-01 1.40701754e-01
 0.00000000e+00 0.00000000e+00 1.01754386e-01 0.00000000e+00
 7.63157895e-02 2.17543860e-01 1.38245614e-01 2.14035088e-01
 2.14035088e-01 9.68421053e-02 0.00000000e+00 0.00000000e+00
 4.66666667e-01 0.00000000e+00 3.38596491e-01 0.00000000e+00
 0.00000000e+00 2.89473684e-03 4.85964912e-02 2.24561404e-01
 1.14210526e-01 0.00000000e+00 3.84210526e-01 1.12105263e-01
 2.31578947e-01 1.74912281e-01 2.40350877e-01 2.08771930e-01
 1.44210526e-01 2.50877193e-02 0.00000000e+00 3.00000000e-02
 0.00000000e+00 3.91228070e-02 0.00000000e+00 1.92982456e-01
 0.00000000e+00 3.84210526e-02 0.00000000e+00 0.00000000e+00
 1.33508772e-01 6.52631579e-02 4.92982456e-02 1.66666667e-01
 0.00000000e+00 0.00000000e+00 0.00000000e+00 7.15789474e-03
 0.00000000e+00 1.22631579e-01 2.17543860e-01 0.00000000e+00
 3.73684211e-01 8.77192982e-02 1.39473684e-01 2.94736842e-01
 6.50877193e-02 2.12280702e-01 2.80701754e-01 2.80701754e-02
 1.31228070e-01 1.69824561e-01 0.00000000e+00 2.33333333e-01
 0.00000000e+00 0.00000000e+00 1.98245614e-01 1.42105263e-01
 0.00000000e+00 0.00000000e+00 0.00000000e+00 2.14035088e-02
 0.00000000e+00 0.00000000e+00 9.03508772e-02 0.00000000e+00
 1.98245614e-01 7.07017544e-02 1.92982456e-01 6.05263158e-02
 3.66666667e-01 0.00000000e+00 0.00000000e+00 2.54385965e-01
 0.00000000e+00 1.55789474e-01 0.00000000e+00 0.00000000e+00
 2.36842105e-02 1.17368421e-01 1.47719298e-01 0.00000000e+00
 1.75263158e-01 0.00000000e+00 1.34035088e-01 4.49122807e-02
 0.00000000e+00 1.64210526e-01 1.82456140e-01 0.00000000e+00
 5.15789474e-02 2.31578947e-01 0.00000000e+00 0.00000000e+00]
pyseer
y_true:  [1. 1. 1. 1. 1. 1. 0. 0. 0. 0. 0. 0. 1. 1. 1. 1. 1. 1. 1. 1. 1. 1. 1. 1.
 0. 0. 0. 0. 0. 0. 1. 1. 1. 1. 1. 1. 1. 1. 1. 1. 1. 1. 0. 0. 0. 0. 0. 0.
 0. 0. 0. 0. 0. 0. 0. 0. 0. 0. 0. 0. 0. 0. 0. 0. 0. 0. 0. 0. 0. 0. 0. 0.
 0. 0. 0. 0. 0. 0. 0. 0. 0. 0. 0. 0. 0. 0. 0. 0. 0. 0. 0. 0. 0. 0. 0. 0.
 0. 0. 0. 0. 0. 0. 0. 0. 0. 0. 0. 0. 0. 0. 0. 0. 0. 0. 0. 0. 0. 0. 0. 0.
 0. 0. 0. 0. 0. 0. 0. 0. 0. 0. 0. 0. 0. 0. 0. 0. 0. 0. 0. 0. 0. 0. 0. 0.
 0. 0. 0. 0. 0. 0. 0. 0. 0. 0. 0. 0. 0. 0. 0. 0. 0. 0. 0. 0. 0. 0. 0. 0.
 0. 0. 0. 0. 0. 0. 0. 0. 0. 0. 0. 0. 0. 0. 0. 0. 0. 0. 0. 0. 0. 0. 0. 0.
 0. 0. 0. 0. 0. 0. 0. 0.]
y_pred:  [1. 1. 1. 1. 1. 1. 0. 0. 1. 0. 0. 0. 1. 1. 0. 1. 0. 1. 1. 1. 1. 1. 1. 1.
 0. 1. 0. 0. 0. 1. 1. 1. 0. 1. 0. 1. 1. 1. 1. 1. 1. 1. 1. 0. 1. 1. 1. 0.
 1. 0. 0. 0. 1. 0. 1. 1. 1. 0. 0. 0. 0. 0. 0. 1. 1. 0. 0. 0. 0. 1. 0. 0.
 0. 0. 0. 0. 0. 1. 1. 0. 0. 0. 0. 0. 0. 0. 0. 0. 0. 0. 0. 0. 0. 1. 1. 0.
 0. 0. 0. 0. 0. 1. 0. 1. 1. 0. 0. 0. 1. 0. 1. 0. 0. 0. 0. 1. 0. 0. 1. 0.
 1. 0. 1. 1. 0. 0. 0. 0. 0. 0. 0. 1. 0. 0. 0. 0. 0. 0. 0. 0. 0. 0. 0. 0.
 0. 0. 1. 0. 1. 0. 0. 1. 0. 1. 1. 0. 0. 0. 0. 1. 0. 0. 1. 0. 0. 0. 0. 0.
 0. 0. 0. 0. 1. 0. 1. 0. 1. 0. 0. 1. 0. 0. 0. 0. 0. 0. 0. 0. 0. 0. 0. 0.
 0. 0. 1. 0. 0. 1. 0. 0.]
Time taken: 24.280603885650635 seconds
Running combination 31 of 50
Fitting RandomForest...
Fitting Adaboost...
Fitting AdaBoost_2...
Fitting et...
Fitting gbc...
Fitting gbc_2...
Fitting gbc_3...
Fitting dt...
Fitting lr...
Fitting Lasso_1...
Fitting Lasso_2...
Fitting Lasso_3...
Fitting Lasso_4...
Fitting elasticnet...
VCF file created successfully.
pyseer stderr:  Read 1000 phenotypes
Detected continuous phenotype
Reading all variants

0variants [00:00, ?variants/s]
56variants [00:00, 553.50variants/s]
112variants [00:00, 487.11variants/s]
168variants [00:00, 516.29variants/s]
198variants [00:00, 520.19variants/s]
Applying correlation filtering

  0%|          | 0/198 [00:00<?, ?variants/s]
100%|██████████| 198/198 [00:00<00:00, 2700.79variants/s]
Fitting elastic net to top 148 variants
Best penalty (lambda) from cross-validation: 3.19E+01
Best R^2 from cross-validation: 0.508
Finding and printing selected variants
198 loaded variants
50 pre-filtered variants
148 tested variants
144 printed variants

True importance standardized:  [1.         1.         1.         1.         1.         1.
 0.76407223 0.76407223 0.76407223 0.76407223 0.76407223 0.76407223
 0.99196606 0.99196606 0.99196606 0.99196606 0.99196606 0.99196606
 0.1468984  0.1468984  0.1468984  0.1468984  0.1468984  0.1468984
 0.47944193 0.47944193 0.47944193 0.47944193 0.47944193 0.47944193
 0.58556082 0.58556082 0.58556082 0.58556082 0.58556082 0.58556082
 0.68154081 0.68154081 0.68154081 0.68154081 0.68154081 0.68154081
 0.36518891 0.36518891 0.36518891 0.36518891 0.36518891 0.36518891
 0.64495543 0.64495543 0.64495543 0.64495543 0.64495543 0.64495543
 0.62784188 0.62784188 0.62784188 0.62784188 0.62784188 0.62784188
 0.         0.         0.         0.         0.         0.
 0.         0.         0.         0.         0.         0.
 0.         0.         0.         0.         0.         0.
 0.         0.         0.         0.         0.         0.
 0.         0.         0.         0.         0.         0.
 0.         0.         0.         0.         0.         0.
 0.         0.         0.         0.         0.         0.
 0.         0.         0.         0.         0.         0.
 0.         0.         0.         0.         0.         0.
 0.         0.         0.         0.         0.         0.
 0.         0.         0.         0.         0.         0.
 0.         0.         0.         0.         0.         0.
 0.         0.         0.         0.         0.         0.
 0.         0.         0.         0.         0.         0.
 0.         0.         0.         0.         0.         0.
 0.         0.         0.         0.         0.         0.
 0.         0.         0.         0.         0.         0.
 0.         0.         0.         0.         0.         0.
 0.         0.         0.         0.         0.         0.
 0.         0.         0.         0.         0.         0.
 0.         0.         0.         0.         0.         0.
 0.         0.         0.         0.         0.         0.
 0.         0.         0.         0.         0.         0.
 0.         0.        ]
Normalized importance:  [1.         1.         1.         1.         1.         1.
 0.61687324 0.61687324 0.61687324 0.61687324 0.61687324 0.61687324
 0.67127295 0.67127295 0.67127295 0.67127295 0.67127295 0.67127295
 0.08636254 0.         0.08636254 0.         0.08636254 0.08636254
 0.32531248 0.32531248 0.32531248 0.32531248 0.32531248 0.32531248
 0.22039661 0.22039661 0.22039661 0.22039661 0.22039661 0.22039661
 0.1875345  0.1875345  0.1875345  0.1875345  0.1875345  0.1875345
 0.09921798 0.09921798 0.09921798 0.09921798 0.09921798 0.09921798
 0.54084624 0.54084624 0.54084624 0.54084624 0.54084624 0.54084624
 0.37475958 0.37475958 0.37475958 0.37475958 0.37475958 0.37475958
 0.         0.         0.         0.         0.         0.02488564
 0.         0.         0.         0.         0.         0.
 0.         0.         0.         0.         0.01565441 0.
 0.04303838 0.         0.         0.         0.         0.
 0.04424666 0.         0.         0.         0.         0.
 0.         0.         0.         0.         0.         0.
 0.         0.         0.         0.         0.         0.
 0.         0.         0.         0.         0.         0.
 0.         0.         0.         0.         0.         0.
 0.         0.         0.         0.         0.         0.14450003
 0.         0.         0.         0.         0.         0.
 0.         0.         0.         0.         0.         0.
 0.         0.         0.         0.         0.         0.
 0.         0.         0.         0.         0.         0.
 0.         0.         0.0109037  0.         0.         0.
 0.         0.         0.         0.         0.         0.
 0.         0.         0.01100233 0.         0.         0.01774598
 0.         0.         0.         0.01780053 0.         0.
 0.         0.         0.         0.         0.         0.
 0.         0.         0.         0.         0.         0.
 0.         0.         0.0527274  0.         0.         0.
 0.         0.         0.         0.         0.         0.04890748
 0.         0.         0.         0.         0.         0.02334078
 0.         0.        ]
deepbreaks
y_true:  [1. 1. 1. 1. 1. 1. 1. 1. 1. 1. 1. 1. 1. 1. 1. 1. 1. 1. 0. 0. 0. 0. 0. 0.
 0. 0. 0. 0. 0. 0. 0. 0. 0. 0. 0. 0. 1. 1. 1. 1. 1. 1. 0. 0. 0. 0. 0. 0.
 1. 1. 1. 1. 1. 1. 0. 0. 0. 0. 0. 0. 0. 0. 0. 0. 0. 0. 0. 0. 0. 0. 0. 0.
 0. 0. 0. 0. 0. 0. 0. 0. 0. 0. 0. 0. 0. 0. 0. 0. 0. 0. 0. 0. 0. 0. 0. 0.
 0. 0. 0. 0. 0. 0. 0. 0. 0. 0. 0. 0. 0. 0. 0. 0. 0. 0. 0. 0. 0. 0. 0. 0.
 0. 0. 0. 0. 0. 0. 0. 0. 0. 0. 0. 0. 0. 0. 0. 0. 0. 0. 0. 0. 0. 0. 0. 0.
 0. 0. 0. 0. 0. 0. 0. 0. 0. 0. 0. 0. 0. 0. 0. 0. 0. 0. 0. 0. 0. 0. 0. 0.
 0. 0. 0. 0. 0. 0. 0. 0. 0. 0. 0. 0. 0. 0. 0. 0. 0. 0. 0. 0. 0. 0. 0. 0.
 0. 0. 0. 0. 0. 0. 0. 0.]
y_pred:  [1. 1. 1. 1. 1. 1. 1. 1. 1. 1. 1. 1. 1. 1. 1. 1. 1. 1. 0. 0. 0. 0. 0. 0.
 1. 1. 1. 1. 1. 1. 0. 0. 0. 0. 0. 0. 0. 0. 0. 0. 0. 0. 0. 0. 0. 0. 0. 0.
 1. 1. 1. 1. 1. 1. 1. 1. 1. 1. 1. 1. 0. 0. 0. 0. 0. 0. 0. 0. 0. 0. 0. 0.
 0. 0. 0. 0. 0. 0. 0. 0. 0. 0. 0. 0. 0. 0. 0. 0. 0. 0. 0. 0. 0. 0. 0. 0.
 0. 0. 0. 0. 0. 0. 0. 0. 0. 0. 0. 0. 0. 0. 0. 0. 0. 0. 0. 0. 0. 0. 0. 0.
 0. 0. 0. 0. 0. 0. 0. 0. 0. 0. 0. 0. 0. 0. 0. 0. 0. 0. 0. 0. 0. 0. 0. 0.
 0. 0. 0. 0. 0. 0. 0. 0. 0. 0. 0. 0. 0. 0. 0. 0. 0. 0. 0. 0. 0. 0. 0. 0.
 0. 0. 0. 0. 0. 0. 0. 0. 0. 0. 0. 0. 0. 0. 0. 0. 0. 0. 0. 0. 0. 0. 0. 0.
 0. 0. 0. 0. 0. 0. 0. 0.]
Normalized importance:  [1.00000000e+00 4.36885246e-01 3.10655738e-01 4.90983607e-01
 4.71311475e-01 1.31967213e-01 8.07377049e-01 3.56557377e-01
 2.63114754e-01 6.54918033e-02 4.58196721e-01 2.00000000e-01
 5.78688525e-01 6.13934426e-01 3.28688525e-01 4.19672131e-01
 3.63114754e-01 5.98360656e-01 2.72131148e-01 0.00000000e+00
 1.73770492e-01 1.15573770e-01 2.53278689e-01 1.63934426e-01
 3.34426230e-01 7.99180328e-02 1.87704918e-01 2.67213115e-01
 2.45081967e-01 4.99180328e-01 4.54918033e-01 4.78688525e-01
 2.78688525e-01 6.63934426e-02 0.00000000e+00 3.65573770e-01
 3.28688525e-01 6.09836066e-01 3.71311475e-01 2.03278689e-01
 1.87704918e-01 1.44262295e-01 2.93442623e-01 1.23770492e-01
 5.85245902e-02 8.93442623e-02 3.12295082e-01 6.97540984e-02
 4.35245902e-01 1.68032787e-01 4.57377049e-01 4.23770492e-01
 3.42622951e-01 2.74590164e-01 4.58196721e-01 2.10655738e-01
 4.70491803e-01 1.95081967e-01 1.95901639e-01 4.80327869e-01
 0.00000000e+00 1.43442623e-01 2.72950820e-04 0.00000000e+00
 2.18852459e-01 9.42622951e-02 0.00000000e+00 3.01639344e-01
 0.00000000e+00 2.95081967e-02 1.84426230e-01 2.10655738e-01
 1.36885246e-01 2.14754098e-01 2.92622951e-01 0.00000000e+00
 2.07377049e-01 1.44262295e-01 3.05737705e-01 1.38524590e-01
 7.19672131e-02 0.00000000e+00 5.31967213e-02 2.88524590e-02
 3.10655738e-01 0.00000000e+00 0.00000000e+00 0.00000000e+00
 0.00000000e+00 1.63934426e-02 1.30327869e-01 1.86885246e-01
 2.77868852e-01 0.00000000e+00 0.00000000e+00 1.74590164e-01
 0.00000000e+00 0.00000000e+00 5.40983607e-02 1.09016393e-01
 1.18032787e-01 0.00000000e+00 0.00000000e+00 0.00000000e+00
 8.27868852e-02 1.75409836e-01 0.00000000e+00 0.00000000e+00
 0.00000000e+00 0.00000000e+00 0.00000000e+00 1.10655738e-01
 3.88524590e-02 0.00000000e+00 7.29508197e-02 7.70491803e-02
 0.00000000e+00 1.34426230e-01 2.08196721e-01 3.93442623e-01
 6.37704918e-02 0.00000000e+00 0.00000000e+00 7.57377049e-03
 2.34426230e-01 8.19672131e-02 0.00000000e+00 1.77868852e-01
 0.00000000e+00 1.27049180e-01 0.00000000e+00 0.00000000e+00
 0.00000000e+00 0.00000000e+00 0.00000000e+00 0.00000000e+00
 1.04918033e-01 0.00000000e+00 1.72131148e-01 2.52459016e-02
 0.00000000e+00 1.75409836e-01 0.00000000e+00 1.66393443e-01
 0.00000000e+00 0.00000000e+00 1.66393443e-01 1.54918033e-01
 1.72950820e-01 6.58196721e-02 4.00000000e-02 0.00000000e+00
 7.78688525e-02 9.18032787e-03 6.18032787e-02 9.83606557e-02
 8.44262295e-02 1.90983607e-02 1.39344262e-01 5.60655738e-02
 0.00000000e+00 1.31967213e-01 2.05737705e-02 2.94262295e-02
 3.04098361e-02 2.40983607e-01 0.00000000e+00 2.75409836e-01
 0.00000000e+00 1.18032787e-01 0.00000000e+00 1.22131148e-01
 1.07377049e-01 5.54098361e-02 3.08196721e-02 0.00000000e+00
 1.29508197e-03 1.68032787e-01 0.00000000e+00 0.00000000e+00
 0.00000000e+00 1.72131148e-01 3.04918033e-01 0.00000000e+00
 0.00000000e+00 2.77049180e-01 2.50000000e-02 1.07377049e-01
 2.61475410e-01 6.35245902e-02 5.63934426e-02 1.93442623e-01
 2.68032787e-02 0.00000000e+00 1.41803279e-02 0.00000000e+00
 5.15573770e-02 3.03278689e-02 0.00000000e+00 0.00000000e+00]
pyseer
y_true:  [1. 1. 1. 1. 1. 1. 1. 1. 1. 1. 1. 1. 1. 1. 1. 1. 1. 1. 0. 0. 0. 0. 0. 0.
 0. 0. 0. 0. 0. 0. 0. 0. 0. 0. 0. 0. 1. 1. 1. 1. 1. 1. 0. 0. 0. 0. 0. 0.
 1. 1. 1. 1. 1. 1. 0. 0. 0. 0. 0. 0. 0. 0. 0. 0. 0. 0. 0. 0. 0. 0. 0. 0.
 0. 0. 0. 0. 0. 0. 0. 0. 0. 0. 0. 0. 0. 0. 0. 0. 0. 0. 0. 0. 0. 0. 0. 0.
 0. 0. 0. 0. 0. 0. 0. 0. 0. 0. 0. 0. 0. 0. 0. 0. 0. 0. 0. 0. 0. 0. 0. 0.
 0. 0. 0. 0. 0. 0. 0. 0. 0. 0. 0. 0. 0. 0. 0. 0. 0. 0. 0. 0. 0. 0. 0. 0.
 0. 0. 0. 0. 0. 0. 0. 0. 0. 0. 0. 0. 0. 0. 0. 0. 0. 0. 0. 0. 0. 0. 0. 0.
 0. 0. 0. 0. 0. 0. 0. 0. 0. 0. 0. 0. 0. 0. 0. 0. 0. 0. 0. 0. 0. 0. 0. 0.
 0. 0. 0. 0. 0. 0. 0. 0.]
y_pred:  [1. 1. 1. 1. 1. 0. 1. 1. 1. 0. 1. 1. 1. 1. 1. 1. 1. 1. 1. 0. 1. 0. 1. 0.
 1. 0. 1. 1. 1. 1. 1. 1. 1. 0. 0. 1. 1. 1. 1. 1. 1. 0. 1. 0. 0. 0. 1. 0.
 1. 0. 1. 1. 1. 1. 1. 1. 1. 1. 1. 1. 0. 0. 0. 0. 1. 0. 0. 1. 0. 0. 1. 1.
 0. 1. 1. 0. 1. 0. 1. 0. 0. 0. 0. 0. 1. 0. 0. 0. 0. 0. 0. 1. 1. 0. 0. 1.
 0. 0. 0. 0. 0. 0. 0. 0. 0. 1. 0. 0. 0. 0. 0. 0. 0. 0. 0. 0. 0. 0. 1. 1.
 0. 0. 0. 0. 1. 0. 0. 1. 0. 0. 0. 0. 0. 0. 0. 0. 0. 0. 1. 0. 0. 1. 0. 0.
 0. 0. 0. 0. 1. 0. 0. 0. 0. 0. 0. 0. 0. 0. 0. 0. 0. 0. 0. 0. 0. 1. 0. 1.
 0. 0. 0. 0. 0. 0. 0. 0. 0. 0. 0. 0. 0. 1. 1. 0. 0. 1. 0. 0. 1. 0. 0. 1.
 0. 0. 0. 0. 0. 0. 0. 0.]
Time taken: 23.876048803329468 seconds
Running combination 32 of 50
Fitting RandomForest...
Fitting Adaboost...
Fitting AdaBoost_2...
Fitting et...
Fitting gbc...
Fitting gbc_2...
Fitting gbc_3...
Fitting dt...
Fitting lr...
Fitting Lasso_1...
Fitting Lasso_2...
Fitting Lasso_3...
Fitting Lasso_4...
Fitting elasticnet...
VCF file created successfully.
pyseer stderr:  Read 1000 phenotypes
Detected continuous phenotype
Reading all variants

0variants [00:00, ?variants/s]
55variants [00:00, 548.64variants/s]
110variants [00:00, 481.16variants/s]
165variants [00:00, 508.51variants/s]
198variants [00:00, 513.18variants/s]
Applying correlation filtering

  0%|          | 0/198 [00:00<?, ?variants/s]
100%|██████████| 198/198 [00:00<00:00, 2659.10variants/s]
Fitting elastic net to top 148 variants
Best penalty (lambda) from cross-validation: 2.01E+01
Best R^2 from cross-validation: 0.563
Finding and printing selected variants
198 loaded variants
50 pre-filtered variants
148 tested variants
145 printed variants

True importance standardized:  [0.31309497 0.31309497 0.31309497 0.31309497 0.31309497 0.31309497
 0.38840936 0.38840936 0.38840936 0.38840936 0.38840936 0.38840936
 0.18979273 0.18979273 0.18979273 0.18979273 0.18979273 0.18979273
 0.90503968 0.90503968 0.90503968 0.90503968 0.90503968 0.90503968
 0.80898676 0.80898676 0.80898676 0.80898676 0.80898676 0.80898676
 1.         1.         1.         1.         1.         1.
 0.38632224 0.38632224 0.38632224 0.38632224 0.38632224 0.38632224
 0.90511625 0.90511625 0.90511625 0.90511625 0.90511625 0.90511625
 0.1734844  0.1734844  0.1734844  0.1734844  0.1734844  0.1734844
 0.5900869  0.5900869  0.5900869  0.5900869  0.5900869  0.5900869
 0.         0.         0.         0.         0.         0.
 0.         0.         0.         0.         0.         0.
 0.         0.         0.         0.         0.         0.
 0.         0.         0.         0.         0.         0.
 0.         0.         0.         0.         0.         0.
 0.         0.         0.         0.         0.         0.
 0.         0.         0.         0.         0.         0.
 0.         0.         0.         0.         0.         0.
 0.         0.         0.         0.         0.         0.
 0.         0.         0.         0.         0.         0.
 0.         0.         0.         0.         0.         0.
 0.         0.         0.         0.         0.         0.
 0.         0.         0.         0.         0.         0.
 0.         0.         0.         0.         0.         0.
 0.         0.         0.         0.         0.         0.
 0.         0.         0.         0.         0.         0.
 0.         0.         0.         0.         0.         0.
 0.         0.         0.         0.         0.         0.
 0.         0.         0.         0.         0.         0.
 0.         0.         0.         0.         0.         0.
 0.         0.         0.         0.         0.         0.
 0.         0.         0.         0.         0.         0.
 0.         0.         0.         0.         0.         0.
 0.         0.        ]
Normalized importance:  [0.13915117 0.13915117 0.13915117 0.13915117 0.13915117 0.13915117
 0.10537993 0.10537993 0.10537993 0.10537993 0.10537993 0.10537993
 0.13182198 0.         0.13182198 0.         0.13182198 0.13182198
 1.         1.         1.         1.         1.         1.
 0.37681397 0.37681397 0.37681397 0.37681397 0.37681397 0.37681397
 0.85233156 0.85233156 0.85233156 0.85233156 0.85233156 0.85233156
 0.16270149 0.16270149 0.16270149 0.16270149 0.16270149 0.16270149
 0.92525449 0.92525449 0.92525449 0.92525449 0.92525449 0.92525449
 0.         0.         0.         0.         0.         0.
 0.52473651 0.52473651 0.52473651 0.52473651 0.52473651 0.52473651
 0.         0.         0.         0.         0.         0.
 0.         0.         0.         0.         0.         0.
 0.         0.         0.         0.         0.         0.
 0.         0.         0.         0.         0.         0.01999663
 0.         0.         0.         0.         0.01594708 0.
 0.         0.         0.         0.         0.         0.
 0.         0.         0.         0.         0.         0.
 0.         0.         0.         0.         0.         0.
 0.         0.         0.         0.         0.         0.
 0.         0.         0.         0.         0.         0.
 0.         0.         0.         0.         0.         0.
 0.         0.         0.         0.         0.         0.
 0.         0.         0.         0.         0.         0.
 0.         0.         0.         0.         0.         0.
 0.         0.         0.         0.         0.01211328 0.
 0.         0.         0.         0.         0.         0.01545105
 0.         0.         0.         0.         0.         0.
 0.         0.         0.         0.         0.         0.
 0.         0.         0.         0.         0.         0.
 0.         0.         0.         0.01528466 0.         0.
 0.         0.         0.         0.00491566 0.         0.
 0.         0.         0.         0.         0.         0.
 0.         0.         0.         0.         0.         0.
 0.         0.        ]
deepbreaks
y_true:  [0. 0. 0. 0. 0. 0. 0. 0. 0. 0. 0. 0. 0. 0. 0. 0. 0. 0. 1. 1. 1. 1. 1. 1.
 1. 1. 1. 1. 1. 1. 1. 1. 1. 1. 1. 1. 0. 0. 0. 0. 0. 0. 1. 1. 1. 1. 1. 1.
 0. 0. 0. 0. 0. 0. 1. 1. 1. 1. 1. 1. 0. 0. 0. 0. 0. 0. 0. 0. 0. 0. 0. 0.
 0. 0. 0. 0. 0. 0. 0. 0. 0. 0. 0. 0. 0. 0. 0. 0. 0. 0. 0. 0. 0. 0. 0. 0.
 0. 0. 0. 0. 0. 0. 0. 0. 0. 0. 0. 0. 0. 0. 0. 0. 0. 0. 0. 0. 0. 0. 0. 0.
 0. 0. 0. 0. 0. 0. 0. 0. 0. 0. 0. 0. 0. 0. 0. 0. 0. 0. 0. 0. 0. 0. 0. 0.
 0. 0. 0. 0. 0. 0. 0. 0. 0. 0. 0. 0. 0. 0. 0. 0. 0. 0. 0. 0. 0. 0. 0. 0.
 0. 0. 0. 0. 0. 0. 0. 0. 0. 0. 0. 0. 0. 0. 0. 0. 0. 0. 0. 0. 0. 0. 0. 0.
 0. 0. 0. 0. 0. 0. 0. 0.]
y_pred:  [0. 0. 0. 0. 0. 0. 0. 0. 0. 0. 0. 0. 0. 0. 0. 0. 0. 0. 1. 1. 1. 1. 1. 1.
 1. 1. 1. 1. 1. 1. 1. 1. 1. 1. 1. 1. 0. 0. 0. 0. 0. 0. 1. 1. 1. 1. 1. 1.
 0. 0. 0. 0. 0. 0. 1. 1. 1. 1. 1. 1. 0. 0. 0. 0. 0. 0. 0. 0. 0. 0. 0. 0.
 0. 0. 0. 0. 0. 0. 0. 0. 0. 0. 0. 0. 0. 0. 0. 0. 0. 0. 0. 0. 0. 0. 0. 0.
 0. 0. 0. 0. 0. 0. 0. 0. 0. 0. 0. 0. 0. 0. 0. 0. 0. 0. 0. 0. 0. 0. 0. 0.
 0. 0. 0. 0. 0. 0. 0. 0. 0. 0. 0. 0. 0. 0. 0. 0. 0. 0. 0. 0. 0. 0. 0. 0.
 0. 0. 0. 0. 0. 0. 0. 0. 0. 0. 0. 0. 0. 0. 0. 0. 0. 0. 0. 0. 0. 0. 0. 0.
 0. 0. 0. 0. 0. 0. 0. 0. 0. 0. 0. 0. 0. 0. 0. 0. 0. 0. 0. 0. 0. 0. 0. 0.
 0. 0. 0. 0. 0. 0. 0. 0.]
Normalized importance:  [2.55594817e-01 3.21554770e-01 1.28386337e-01 1.00824499e-01
 2.72084806e-01 8.77502945e-02 2.61484099e-01 3.65135453e-01
 1.73144876e-02 3.94581861e-01 3.39222615e-01 1.87279152e-01
 2.39104829e-01 2.21436985e-02 8.99882214e-02 3.13309776e-02
 3.80447585e-01 1.35453475e-01 9.26972909e-01 3.55712603e-01
 4.07538280e-01 4.52296820e-01 5.40636042e-01 5.54770318e-01
 6.13663133e-01 5.04122497e-01 3.99293286e-01 3.46289753e-02
 3.63957597e-01 2.66195524e-01 8.10365135e-01 5.66548881e-01
 4.41696113e-01 4.06360424e-01 7.99764429e-01 3.16843345e-01
 5.52414605e-01 1.57832744e-02 4.49941107e-01 1.53121319e-01
 2.14369847e-01 6.37220259e-02 1.00000000e+00 3.09776207e-01
 2.74440518e-01 4.80565371e-01 2.77974087e-01 5.11189635e-01
 1.69611307e-01 0.00000000e+00 1.61366313e-01 1.36631331e-02
 3.02709069e-01 0.00000000e+00 6.89045936e-01 4.65253239e-01
 2.03769140e-01 2.39104829e-01 3.79269729e-01 2.52061249e-01
 2.34393404e-01 0.00000000e+00 0.00000000e+00 5.02944641e-02
 0.00000000e+00 2.39104829e-01 6.10129564e-02 6.41931684e-02
 5.97173145e-02 0.00000000e+00 0.00000000e+00 6.58421673e-02
 0.00000000e+00 0.00000000e+00 6.74911661e-02 0.00000000e+00
 3.22732627e-01 7.96230860e-02 1.28386337e-01 0.00000000e+00
 0.00000000e+00 1.70789164e-01 0.00000000e+00 3.66313310e-01
 4.31095406e-02 2.34393404e-01 1.82567727e-01 0.00000000e+00
 1.30742049e-01 0.00000000e+00 1.51943463e-01 0.00000000e+00
 2.13191991e-02 1.64899882e-01 3.80447585e-02 0.00000000e+00
 1.29564193e-02 2.08480565e-02 0.00000000e+00 0.00000000e+00
 1.70789164e-01 3.75736160e-02 0.00000000e+00 1.12838634e-01
 0.00000000e+00 0.00000000e+00 0.00000000e+00 1.38987044e-01
 1.71967020e-01 0.00000000e+00 1.54299176e-01 3.52179034e-02
 0.00000000e+00 8.38633687e-02 2.19081272e-01 0.00000000e+00
 6.98468787e-03 1.17785630e-01 1.09893993e-01 1.37809187e-02
 0.00000000e+00 1.24852768e-02 0.00000000e+00 0.00000000e+00
 1.07184923e-01 3.91048292e-02 0.00000000e+00 1.89634865e-01
 3.22732627e-02 3.74558304e-02 2.22614841e-01 1.43698469e-01
 0.00000000e+00 0.00000000e+00 1.48409894e-01 6.53710247e-02
 0.00000000e+00 1.17785630e-01 0.00000000e+00 1.84923439e-01
 0.00000000e+00 5.19434629e-02 2.42638398e-02 9.38751472e-02
 0.00000000e+00 3.28621908e-02 0.00000000e+00 0.00000000e+00
 2.26148410e-01 1.27208481e-01 1.64899882e-01 1.61366313e-01
 0.00000000e+00 3.45111896e-01 1.47232038e-01 1.82567727e-01
 0.00000000e+00 0.00000000e+00 0.00000000e+00 1.23674912e-01
 3.46289753e-02 3.54534747e-02 9.18727915e-02 0.00000000e+00
 1.16607774e-01 1.07656066e-01 5.18256773e-02 1.50765607e-01
 1.74322733e-01 0.00000000e+00 0.00000000e+00 1.30742049e-01
 1.77856302e-01 0.00000000e+00 1.16725559e-01 5.97173145e-02
 1.54299176e-01 1.96702002e-01 4.78209658e-02 0.00000000e+00
 5.08833922e-02 9.90577150e-02 2.50883392e-04 1.17785630e-01
 2.09658422e-01 0.00000000e+00 7.75029446e-02 1.68433451e-01
 8.76325088e-02 0.00000000e+00 0.00000000e+00 9.69375736e-02
 0.00000000e+00 1.73144876e-01 0.00000000e+00 1.82567727e-01
 0.00000000e+00 3.49823322e-02 0.00000000e+00 0.00000000e+00]
pyseer
y_true:  [0. 0. 0. 0. 0. 0. 0. 0. 0. 0. 0. 0. 0. 0. 0. 0. 0. 0. 1. 1. 1. 1. 1. 1.
 1. 1. 1. 1. 1. 1. 1. 1. 1. 1. 1. 1. 0. 0. 0. 0. 0. 0. 1. 1. 1. 1. 1. 1.
 0. 0. 0. 0. 0. 0. 1. 1. 1. 1. 1. 1. 0. 0. 0. 0. 0. 0. 0. 0. 0. 0. 0. 0.
 0. 0. 0. 0. 0. 0. 0. 0. 0. 0. 0. 0. 0. 0. 0. 0. 0. 0. 0. 0. 0. 0. 0. 0.
 0. 0. 0. 0. 0. 0. 0. 0. 0. 0. 0. 0. 0. 0. 0. 0. 0. 0. 0. 0. 0. 0. 0. 0.
 0. 0. 0. 0. 0. 0. 0. 0. 0. 0. 0. 0. 0. 0. 0. 0. 0. 0. 0. 0. 0. 0. 0. 0.
 0. 0. 0. 0. 0. 0. 0. 0. 0. 0. 0. 0. 0. 0. 0. 0. 0. 0. 0. 0. 0. 0. 0. 0.
 0. 0. 0. 0. 0. 0. 0. 0. 0. 0. 0. 0. 0. 0. 0. 0. 0. 0. 0. 0. 0. 0. 0. 0.
 0. 0. 0. 0. 0. 0. 0. 0.]
y_pred:  [1. 1. 0. 0. 1. 0. 1. 1. 0. 1. 1. 1. 1. 0. 0. 0. 1. 0. 1. 1. 1. 1. 1. 1.
 1. 1. 1. 0. 1. 1. 1. 1. 1. 1. 1. 1. 1. 0. 1. 0. 1. 0. 1. 1. 1. 1. 1. 1.
 1. 0. 1. 0. 1. 0. 1. 1. 1. 1. 1. 1. 1. 0. 0. 0. 0. 1. 0. 0. 0. 0. 0. 0.
 0. 0. 0. 0. 1. 0. 0. 0. 0. 1. 0. 1. 0. 1. 1. 0. 0. 0. 0. 0. 0. 1. 0. 0.
 0. 0. 0. 0. 1. 0. 0. 0. 0. 0. 0. 0. 1. 0. 1. 0. 0. 0. 1. 0. 0. 0. 0. 0.
 0. 0. 0. 0. 0. 0. 0. 1. 0. 0. 1. 0. 0. 0. 0. 0. 0. 0. 0. 1. 0. 0. 0. 0.
 0. 0. 0. 0. 1. 0. 1. 1. 0. 1. 0. 1. 0. 0. 0. 0. 0. 0. 0. 0. 0. 0. 0. 0.
 1. 0. 0. 0. 1. 0. 0. 0. 1. 1. 0. 0. 0. 0. 0. 0. 1. 0. 0. 1. 0. 0. 0. 0.
 0. 1. 0. 1. 0. 0. 0. 0.]
Time taken: 23.317757606506348 seconds
Running combination 33 of 50
Fitting RandomForest...
Fitting Adaboost...
Fitting AdaBoost_2...
Fitting et...
Fitting gbc...
Fitting gbc_2...
Fitting gbc_3...
Fitting dt...
Fitting lr...
Fitting Lasso_1...
Fitting Lasso_2...
Fitting Lasso_3...
Fitting Lasso_4...
Fitting elasticnet...
VCF file created successfully.
pyseer stderr:  Read 1000 phenotypes
Detected continuous phenotype
Reading all variants

0variants [00:00, ?variants/s]
55variants [00:00, 549.25variants/s]
110variants [00:00, 480.36variants/s]
166variants [00:00, 511.03variants/s]
198variants [00:00, 515.80variants/s]
Applying correlation filtering

  0%|          | 0/198 [00:00<?, ?variants/s]
100%|██████████| 198/198 [00:00<00:00, 2689.60variants/s]
Fitting elastic net to top 148 variants
Best penalty (lambda) from cross-validation: 6.89E+00
Best R^2 from cross-validation: 0.510
Finding and printing selected variants
198 loaded variants
50 pre-filtered variants
148 tested variants
139 printed variants

True importance standardized:  [0.13595139 0.13595139 0.13595139 0.13595139 0.13595139 0.13595139
 0.58390861 0.58390861 0.58390861 0.58390861 0.58390861 0.58390861
 0.16782925 0.16782925 0.16782925 0.16782925 0.16782925 0.16782925
 0.15610661 0.15610661 0.15610661 0.15610661 0.15610661 0.15610661
 1.         1.         1.         1.         1.         1.
 0.31316489 0.31316489 0.31316489 0.31316489 0.31316489 0.31316489
 0.92494838 0.92494838 0.92494838 0.92494838 0.92494838 0.92494838
 0.62986668 0.62986668 0.62986668 0.62986668 0.62986668 0.62986668
 0.40570455 0.40570455 0.40570455 0.40570455 0.40570455 0.40570455
 0.62878459 0.62878459 0.62878459 0.62878459 0.62878459 0.62878459
 0.         0.         0.         0.         0.         0.
 0.         0.         0.         0.         0.         0.
 0.         0.         0.         0.         0.         0.
 0.         0.         0.         0.         0.         0.
 0.         0.         0.         0.         0.         0.
 0.         0.         0.         0.         0.         0.
 0.         0.         0.         0.         0.         0.
 0.         0.         0.         0.         0.         0.
 0.         0.         0.         0.         0.         0.
 0.         0.         0.         0.         0.         0.
 0.         0.         0.         0.         0.         0.
 0.         0.         0.         0.         0.         0.
 0.         0.         0.         0.         0.         0.
 0.         0.         0.         0.         0.         0.
 0.         0.         0.         0.         0.         0.
 0.         0.         0.         0.         0.         0.
 0.         0.         0.         0.         0.         0.
 0.         0.         0.         0.         0.         0.
 0.         0.         0.         0.         0.         0.
 0.         0.         0.         0.         0.         0.
 0.         0.         0.         0.         0.         0.
 0.         0.         0.         0.         0.         0.
 0.         0.         0.         0.         0.         0.
 0.         0.        ]
Normalized importance:  [0.04780673 0.         0.         0.         0.         0.
 0.27960634 0.27960634 0.27960634 0.27960634 0.27960634 0.27960634
 0.02852038 0.02852038 0.         0.         0.         0.
 0.         0.         0.         0.         0.         0.
 0.92951284 0.92951284 0.92951284 0.92951284 0.92951284 0.92951284
 0.20187528 0.20187528 0.20187528 0.20187528 0.20187528 0.20187528
 1.         1.         1.         1.         1.         1.
 0.60943497 0.60943497 0.60943497 0.60943497 0.60943497 0.60943497
 0.06888714 0.06888714 0.06888714 0.06888714 0.06888714 0.06888714
 0.30515721 0.30515721 0.30515721 0.30515721 0.30515721 0.30515721
 0.01441829 0.         0.         0.05033934 0.         0.
 0.         0.01867109 0.         0.         0.         0.
 0.         0.         0.         0.         0.         0.
 0.01212167 0.         0.         0.         0.         0.04873571
 0.         0.         0.         0.         0.         0.
 0.         0.         0.         0.         0.         0.
 0.04021872 0.         0.         0.         0.         0.
 0.01788135 0.         0.         0.         0.         0.
 0.         0.         0.         0.         0.01339895 0.
 0.         0.         0.01818557 0.         0.         0.
 0.02713692 0.         0.         0.         0.         0.
 0.         0.         0.         0.         0.         0.
 0.         0.         0.         0.         0.         0.
 0.         0.         0.         0.         0.         0.
 0.         0.         0.         0.         0.         0.
 0.         0.         0.         0.         0.         0.
 0.         0.         0.         0.02670602 0.         0.
 0.         0.         0.         0.         0.         0.
 0.         0.         0.         0.04510107 0.         0.
 0.         0.         0.         0.         0.         0.
 0.         0.         0.         0.         0.         0.
 0.         0.         0.         0.         0.         0.
 0.         0.         0.         0.         0.         0.
 0.         0.        ]
deepbreaks
y_true:  [0. 0. 0. 0. 0. 0. 1. 1. 1. 1. 1. 1. 0. 0. 0. 0. 0. 0. 0. 0. 0. 0. 0. 0.
 1. 1. 1. 1. 1. 1. 0. 0. 0. 0. 0. 0. 1. 1. 1. 1. 1. 1. 1. 1. 1. 1. 1. 1.
 0. 0. 0. 0. 0. 0. 1. 1. 1. 1. 1. 1. 0. 0. 0. 0. 0. 0. 0. 0. 0. 0. 0. 0.
 0. 0. 0. 0. 0. 0. 0. 0. 0. 0. 0. 0. 0. 0. 0. 0. 0. 0. 0. 0. 0. 0. 0. 0.
 0. 0. 0. 0. 0. 0. 0. 0. 0. 0. 0. 0. 0. 0. 0. 0. 0. 0. 0. 0. 0. 0. 0. 0.
 0. 0. 0. 0. 0. 0. 0. 0. 0. 0. 0. 0. 0. 0. 0. 0. 0. 0. 0. 0. 0. 0. 0. 0.
 0. 0. 0. 0. 0. 0. 0. 0. 0. 0. 0. 0. 0. 0. 0. 0. 0. 0. 0. 0. 0. 0. 0. 0.
 0. 0. 0. 0. 0. 0. 0. 0. 0. 0. 0. 0. 0. 0. 0. 0. 0. 0. 0. 0. 0. 0. 0. 0.
 0. 0. 0. 0. 0. 0. 0. 0.]
y_pred:  [0. 0. 0. 0. 0. 0. 1. 1. 1. 1. 1. 1. 0. 0. 0. 0. 0. 0. 0. 0. 0. 0. 0. 0.
 1. 1. 1. 1. 1. 1. 0. 0. 0. 0. 0. 0. 1. 1. 1. 1. 1. 1. 1. 1. 1. 1. 1. 1.
 0. 0. 0. 0. 0. 0. 1. 1. 1. 1. 1. 1. 0. 0. 0. 0. 0. 0. 0. 0. 0. 0. 0. 0.
 0. 0. 0. 0. 0. 0. 0. 0. 0. 0. 0. 0. 0. 0. 0. 0. 0. 0. 0. 0. 0. 0. 0. 0.
 0. 0. 0. 0. 0. 0. 0. 0. 0. 0. 0. 0. 0. 0. 0. 0. 0. 0. 0. 0. 0. 0. 0. 0.
 0. 0. 0. 0. 0. 0. 0. 0. 0. 0. 0. 0. 0. 0. 0. 0. 0. 0. 0. 0. 0. 0. 0. 0.
 0. 0. 0. 0. 0. 0. 0. 0. 0. 0. 0. 0. 0. 0. 0. 0. 0. 0. 0. 0. 0. 0. 0. 0.
 0. 0. 0. 0. 0. 0. 0. 0. 0. 0. 0. 0. 0. 0. 0. 0. 0. 0. 0. 0. 0. 0. 0. 0.
 0. 0. 0. 0. 0. 0. 0. 0.]
Normalized importance:  [0.26101083 0.0368231  0.11624549 0.         0.21624549 0.03397112
 0.59566787 0.01086643 0.12490975 0.33068592 0.37906137 0.39711191
 0.27833935 0.13790614 0.02285199 0.11155235 0.         0.
 0.02790614 0.01509025 0.02588448 0.09241877 0.02028881 0.0534296
 1.         0.59566787 0.71480144 0.58844765 0.35451264 0.24873646
 0.41877256 0.4801444  0.30613718 0.01711191 0.13646209 0.13646209
 0.8700361  0.67509025 0.39350181 0.40794224 0.53068592 0.59566787
 0.61732852 0.30685921 0.50541516 0.2433213  0.32382671 0.48736462
 0.35523466 0.04837545 0.03176895 0.31480144 0.00953069 0.40072202
 0.61732852 0.35270758 0.21913357 0.19097473 0.4368231  0.26714801
 0.1700361  0.         0.         0.20974729 0.03971119 0.
 0.11877256 0.19711191 0.         0.         0.10397112 0.
 0.03935018 0.         0.         0.12815884 0.00841155 0.
 0.42960289 0.         0.         0.24548736 0.         0.35776173
 0.         0.07148014 0.12382671 0.0566787  0.         0.
 0.10288809 0.13465704 0.         0.         0.         0.03075812
 0.2101083  0.06064982 0.1433213  0.         0.20252708 0.19277978
 0.42238267 0.         0.06281588 0.         0.10469314 0.14584838
 0.18555957 0.         0.         0.22599278 0.20938628 0.
 0.21732852 0.16281588 0.28483755 0.11155235 0.         0.10685921
 0.26967509 0.         0.         0.30252708 0.18880866 0.14873646
 0.         0.06425993 0.24223827 0.04909747 0.         0.
 0.30758123 0.10144404 0.00888087 0.02920578 0.03122744 0.
 0.         0.05054152 0.         0.         0.         0.11299639
 0.06787004 0.         0.         0.         0.1234657  0.11949458
 0.38267148 0.12310469 0.         0.05631769 0.33465704 0.21805054
 0.         0.13646209 0.02620939 0.35054152 0.         0.2101083
 0.0400722  0.         0.         0.         0.0967509  0.
 0.18375451 0.         0.         0.35523466 0.06353791 0.2234657
 0.12599278 0.13610108 0.09819495 0.03451264 0.08483755 0.04801444
 0.1101083  0.         0.         0.0700361  0.         0.
 0.13501805 0.         0.07689531 0.         0.07761733 0.27148014
 0.         0.24873646 0.         0.14223827 0.         0.10613718
 0.         0.        ]
pyseer
y_true:  [0. 0. 0. 0. 0. 0. 1. 1. 1. 1. 1. 1. 0. 0. 0. 0. 0. 0. 0. 0. 0. 0. 0. 0.
 1. 1. 1. 1. 1. 1. 0. 0. 0. 0. 0. 0. 1. 1. 1. 1. 1. 1. 1. 1. 1. 1. 1. 1.
 0. 0. 0. 0. 0. 0. 1. 1. 1. 1. 1. 1. 0. 0. 0. 0. 0. 0. 0. 0. 0. 0. 0. 0.
 0. 0. 0. 0. 0. 0. 0. 0. 0. 0. 0. 0. 0. 0. 0. 0. 0. 0. 0. 0. 0. 0. 0. 0.
 0. 0. 0. 0. 0. 0. 0. 0. 0. 0. 0. 0. 0. 0. 0. 0. 0. 0. 0. 0. 0. 0. 0. 0.
 0. 0. 0. 0. 0. 0. 0. 0. 0. 0. 0. 0. 0. 0. 0. 0. 0. 0. 0. 0. 0. 0. 0. 0.
 0. 0. 0. 0. 0. 0. 0. 0. 0. 0. 0. 0. 0. 0. 0. 0. 0. 0. 0. 0. 0. 0. 0. 0.
 0. 0. 0. 0. 0. 0. 0. 0. 0. 0. 0. 0. 0. 0. 0. 0. 0. 0. 0. 0. 0. 0. 0. 0.
 0. 0. 0. 0. 0. 0. 0. 0.]
y_pred:  [1. 0. 0. 0. 1. 0. 1. 0. 0. 1. 1. 1. 1. 0. 0. 0. 0. 0. 0. 0. 0. 0. 0. 0.
 1. 1. 1. 1. 1. 1. 1. 1. 1. 0. 0. 0. 1. 1. 1. 1. 1. 1. 1. 1. 1. 1. 1. 1.
 1. 0. 0. 1. 0. 1. 1. 1. 1. 1. 1. 1. 1. 0. 0. 1. 0. 0. 0. 1. 0. 0. 0. 0.
 0. 0. 0. 0. 0. 0. 1. 0. 0. 1. 0. 1. 0. 0. 0. 0. 0. 0. 0. 0. 0. 0. 0. 0.
 1. 0. 0. 0. 1. 1. 1. 0. 0. 0. 0. 1. 1. 0. 0. 1. 1. 0. 1. 1. 1. 0. 0. 0.
 1. 0. 0. 1. 1. 1. 0. 0. 1. 0. 0. 0. 1. 0. 0. 0. 0. 0. 0. 0. 0. 0. 0. 0.
 0. 0. 0. 0. 0. 0. 1. 0. 0. 0. 1. 1. 0. 0. 0. 1. 0. 1. 0. 0. 0. 0. 0. 0.
 1. 0. 0. 1. 0. 1. 0. 0. 0. 0. 0. 0. 0. 0. 0. 0. 0. 0. 0. 0. 0. 0. 0. 1.
 0. 1. 0. 0. 0. 0. 0. 0.]
Time taken: 23.13323140144348 seconds
Running combination 34 of 50
Fitting RandomForest...
Fitting Adaboost...
Fitting AdaBoost_2...
Fitting et...
Fitting gbc...
Fitting gbc_2...
Fitting gbc_3...
Fitting dt...
Fitting lr...
Fitting Lasso_1...
Fitting Lasso_2...
Fitting Lasso_3...
Fitting Lasso_4...
Fitting elasticnet...
VCF file created successfully.
pyseer stderr:  Read 1000 phenotypes
Detected continuous phenotype
Reading all variants

0variants [00:00, ?variants/s]
56variants [00:00, 555.66variants/s]
112variants [00:00, 486.07variants/s]
169variants [00:00, 517.75variants/s]
198variants [00:00, 521.38variants/s]
Applying correlation filtering

  0%|          | 0/198 [00:00<?, ?variants/s]
100%|██████████| 198/198 [00:00<00:00, 2535.55variants/s]
Fitting elastic net to top 148 variants
Best penalty (lambda) from cross-validation: 2.15E+01
Best R^2 from cross-validation: 0.505
Finding and printing selected variants
198 loaded variants
50 pre-filtered variants
148 tested variants
137 printed variants

True importance standardized:  [0.25252755 0.25252755 0.25252755 0.25252755 0.25252755 0.25252755
 0.37682339 0.37682339 0.37682339 0.37682339 0.37682339 0.37682339
 0.19184951 0.19184951 0.19184951 0.19184951 0.19184951 0.19184951
 1.         1.         1.         1.         1.         1.
 0.684159   0.684159   0.684159   0.684159   0.684159   0.684159
 0.99532935 0.99532935 0.99532935 0.99532935 0.99532935 0.99532935
 0.61456614 0.61456614 0.61456614 0.61456614 0.61456614 0.61456614
 0.82933587 0.82933587 0.82933587 0.82933587 0.82933587 0.82933587
 0.88991019 0.88991019 0.88991019 0.88991019 0.88991019 0.88991019
 0.15865106 0.15865106 0.15865106 0.15865106 0.15865106 0.15865106
 0.         0.         0.         0.         0.         0.
 0.         0.         0.         0.         0.         0.
 0.         0.         0.         0.         0.         0.
 0.         0.         0.         0.         0.         0.
 0.         0.         0.         0.         0.         0.
 0.         0.         0.         0.         0.         0.
 0.         0.         0.         0.         0.         0.
 0.         0.         0.         0.         0.         0.
 0.         0.         0.         0.         0.         0.
 0.         0.         0.         0.         0.         0.
 0.         0.         0.         0.         0.         0.
 0.         0.         0.         0.         0.         0.
 0.         0.         0.         0.         0.         0.
 0.         0.         0.         0.         0.         0.
 0.         0.         0.         0.         0.         0.
 0.         0.         0.         0.         0.         0.
 0.         0.         0.         0.         0.         0.
 0.         0.         0.         0.         0.         0.
 0.         0.         0.         0.         0.         0.
 0.         0.         0.         0.         0.         0.
 0.         0.         0.         0.         0.         0.
 0.         0.         0.         0.         0.         0.
 0.         0.         0.         0.         0.         0.
 0.         0.        ]
Normalized importance:  [0.06666464 0.06666464 0.06666464 0.06666464 0.06666464 0.06666464
 0.05642796 0.         0.05642796 0.         0.05642796 0.05642796
 0.03549669 0.03549669 0.03549669 0.         0.03549669 0.03549669
 0.96013021 0.96013021 0.96013021 0.96013021 0.96013021 0.96013021
 0.49924772 0.49924772 0.49924772 0.49924772 0.49924772 0.49924772
 1.         1.         1.         1.         1.         1.
 0.50835295 0.50835295 0.50835295 0.50835295 0.50835295 0.50835295
 0.85101225 0.85101225 0.85101225 0.85101225 0.85101225 0.85101225
 0.94392464 0.94392464 0.94392464 0.94392464 0.94392464 0.94392464
 0.         0.         0.         0.         0.         0.02901149
 0.         0.         0.         0.         0.         0.
 0.         0.         0.         0.         0.         0.
 0.0125378  0.         0.         0.         0.         0.01273143
 0.         0.         0.         0.         0.         0.
 0.         0.         0.         0.         0.         0.
 0.         0.05777196 0.         0.         0.         0.
 0.         0.         0.         0.         0.02590373 0.
 0.         0.         0.         0.         0.         0.
 0.         0.         0.         0.         0.         0.
 0.         0.         0.         0.         0.         0.
 0.         0.         0.         0.         0.         0.
 0.         0.         0.         0.         0.         0.01748085
 0.         0.01624889 0.         0.         0.         0.
 0.         0.         0.         0.         0.         0.
 0.         0.         0.         0.         0.         0.
 0.         0.         0.         0.         0.         0.
 0.         0.         0.         0.         0.         0.
 0.         0.         0.         0.         0.         0.
 0.         0.         0.         0.         0.         0.
 0.         0.02381066 0.         0.00556959 0.         0.
 0.         0.         0.         0.         0.         0.
 0.         0.         0.         0.         0.         0.
 0.         0.         0.         0.         0.         0.
 0.         0.        ]
deepbreaks
y_true:  [0. 0. 0. 0. 0. 0. 0. 0. 0. 0. 0. 0. 0. 0. 0. 0. 0. 0. 1. 1. 1. 1. 1. 1.
 1. 1. 1. 1. 1. 1. 1. 1. 1. 1. 1. 1. 0. 0. 0. 0. 0. 0. 1. 1. 1. 1. 1. 1.
 1. 1. 1. 1. 1. 1. 0. 0. 0. 0. 0. 0. 0. 0. 0. 0. 0. 0. 0. 0. 0. 0. 0. 0.
 0. 0. 0. 0. 0. 0. 0. 0. 0. 0. 0. 0. 0. 0. 0. 0. 0. 0. 0. 0. 0. 0. 0. 0.
 0. 0. 0. 0. 0. 0. 0. 0. 0. 0. 0. 0. 0. 0. 0. 0. 0. 0. 0. 0. 0. 0. 0. 0.
 0. 0. 0. 0. 0. 0. 0. 0. 0. 0. 0. 0. 0. 0. 0. 0. 0. 0. 0. 0. 0. 0. 0. 0.
 0. 0. 0. 0. 0. 0. 0. 0. 0. 0. 0. 0. 0. 0. 0. 0. 0. 0. 0. 0. 0. 0. 0. 0.
 0. 0. 0. 0. 0. 0. 0. 0. 0. 0. 0. 0. 0. 0. 0. 0. 0. 0. 0. 0. 0. 0. 0. 0.
 0. 0. 0. 0. 0. 0. 0. 0.]
y_pred:  [0. 0. 0. 0. 0. 0. 0. 0. 0. 0. 0. 0. 0. 0. 0. 0. 0. 0. 1. 1. 1. 1. 1. 1.
 0. 0. 0. 0. 0. 0. 1. 1. 1. 1. 1. 1. 1. 1. 1. 1. 1. 1. 1. 1. 1. 1. 1. 1.
 1. 1. 1. 1. 1. 1. 0. 0. 0. 0. 0. 0. 0. 0. 0. 0. 0. 0. 0. 0. 0. 0. 0. 0.
 0. 0. 0. 0. 0. 0. 0. 0. 0. 0. 0. 0. 0. 0. 0. 0. 0. 0. 0. 0. 0. 0. 0. 0.
 0. 0. 0. 0. 0. 0. 0. 0. 0. 0. 0. 0. 0. 0. 0. 0. 0. 0. 0. 0. 0. 0. 0. 0.
 0. 0. 0. 0. 0. 0. 0. 0. 0. 0. 0. 0. 0. 0. 0. 0. 0. 0. 0. 0. 0. 0. 0. 0.
 0. 0. 0. 0. 0. 0. 0. 0. 0. 0. 0. 0. 0. 0. 0. 0. 0. 0. 0. 0. 0. 0. 0. 0.
 0. 0. 0. 0. 0. 0. 0. 0. 0. 0. 0. 0. 0. 0. 0. 0. 0. 0. 0. 0. 0. 0. 0. 0.
 0. 0. 0. 0. 0. 0. 0. 0.]
Normalized importance:  [0.15364238 0.53377483 0.05774834 0.03735099 0.15761589 0.09165563
 0.27417219 0.         0.05456954 0.         0.15099338 0.40794702
 0.29801325 0.         0.30331126 0.3192053  0.13152318 0.18940397
 0.93774834 0.41589404 0.67152318 0.34834437 0.29139073 0.31390728
 0.65695364 0.42913907 0.35364238 0.11629139 0.13642384 0.30463576
 0.90066225 0.51258278 0.34701987 0.49403974 0.37880795 0.59072848
 0.63046358 0.49536424 0.40397351 0.33907285 0.26490066 0.31523179
 1.         0.31655629 0.41721854 0.50728477 0.48211921 0.03205298
 0.74304636 0.44238411 0.42384106 0.21456954 0.48476821 0.52582781
 0.11536424 0.05562914 0.16423841 0.25165563 0.27549669 0.1986755
 0.22781457 0.11324503 0.         0.00309934 0.         0.24900662
 0.30860927 0.         0.         0.         0.1602649  0.05827815
 0.32847682 0.03509934 0.05827815 0.         0.11218543 0.07907285
 0.         0.         0.13377483 0.40529801 0.         0.10715232
 0.         0.         0.04821192 0.08940397 0.00515232 0.
 0.17218543 0.23178808 0.24768212 0.         0.05748344 0.09430464
 0.         0.         0.1602649  0.10701987 0.30993377 0.
 0.07218543 0.         0.         0.         0.         0.0384106
 0.10357616 0.         0.19470199 0.19205298 0.         0.14304636
 0.         0.         0.         0.26092715 0.         0.
 0.11655629 0.22781457 0.         0.21456954 0.05324503 0.
 0.         0.         0.1589404  0.11748344 0.         0.05178808
 0.         0.16688742 0.27682119 0.         0.12384106 0.
 0.         0.         0.         0.10066225 0.05258278 0.18940397
 0.         0.26887417 0.04728477 0.07933775 0.24503311 0.11072848
 0.         0.         0.00545695 0.32582781 0.13509934 0.
 0.14966887 0.0407947  0.1615894  0.0581457  0.05059603 0.07417219
 0.         0.         0.         0.12966887 0.         0.06211921
 0.         0.         0.         0.         0.15629139 0.05218543
 0.0392053  0.15364238 0.07059603 0.17880795 0.         0.07364238
 0.13192053 0.42913907 0.15629139 0.         0.05735099 0.04609272
 0.         0.         0.         0.         0.22251656 0.
 0.13774834 0.1589404  0.         0.05788079 0.07642384 0.18940397
 0.         0.        ]
pyseer
y_true:  [0. 0. 0. 0. 0. 0. 0. 0. 0. 0. 0. 0. 0. 0. 0. 0. 0. 0. 1. 1. 1. 1. 1. 1.
 1. 1. 1. 1. 1. 1. 1. 1. 1. 1. 1. 1. 0. 0. 0. 0. 0. 0. 1. 1. 1. 1. 1. 1.
 1. 1. 1. 1. 1. 1. 0. 0. 0. 0. 0. 0. 0. 0. 0. 0. 0. 0. 0. 0. 0. 0. 0. 0.
 0. 0. 0. 0. 0. 0. 0. 0. 0. 0. 0. 0. 0. 0. 0. 0. 0. 0. 0. 0. 0. 0. 0. 0.
 0. 0. 0. 0. 0. 0. 0. 0. 0. 0. 0. 0. 0. 0. 0. 0. 0. 0. 0. 0. 0. 0. 0. 0.
 0. 0. 0. 0. 0. 0. 0. 0. 0. 0. 0. 0. 0. 0. 0. 0. 0. 0. 0. 0. 0. 0. 0. 0.
 0. 0. 0. 0. 0. 0. 0. 0. 0. 0. 0. 0. 0. 0. 0. 0. 0. 0. 0. 0. 0. 0. 0. 0.
 0. 0. 0. 0. 0. 0. 0. 0. 0. 0. 0. 0. 0. 0. 0. 0. 0. 0. 0. 0. 0. 0. 0. 0.
 0. 0. 0. 0. 0. 0. 0. 0.]
y_pred:  [0. 1. 0. 0. 0. 0. 1. 0. 0. 0. 0. 1. 1. 0. 1. 1. 0. 1. 1. 1. 1. 1. 1. 1.
 1. 1. 1. 0. 0. 1. 1. 1. 1. 1. 1. 1. 1. 1. 1. 1. 1. 1. 1. 1. 1. 1. 1. 0.
 1. 1. 1. 1. 1. 1. 0. 0. 1. 1. 1. 1. 1. 0. 0. 0. 0. 1. 1. 0. 0. 0. 0. 0.
 1. 0. 0. 0. 0. 0. 0. 0. 0. 1. 0. 0. 0. 0. 0. 0. 0. 0. 1. 1. 1. 0. 0. 0.
 0. 0. 0. 0. 1. 0. 0. 0. 0. 0. 0. 0. 0. 0. 1. 1. 0. 0. 0. 0. 0. 1. 0. 0.
 0. 1. 0. 1. 0. 0. 0. 0. 0. 0. 0. 0. 0. 1. 1. 0. 0. 0. 0. 0. 0. 0. 0. 1.
 0. 1. 0. 0. 1. 0. 0. 0. 0. 1. 0. 0. 0. 0. 1. 0. 0. 0. 0. 0. 0. 0. 0. 0.
 0. 0. 0. 0. 0. 0. 0. 0. 0. 1. 0. 0. 0. 1. 0. 0. 0. 0. 0. 0. 0. 0. 1. 0.
 0. 0. 0. 0. 0. 1. 0. 0.]
Time taken: 28.60389494895935 seconds
Running combination 35 of 50
Fitting RandomForest...
Fitting Adaboost...
Fitting AdaBoost_2...
Fitting et...
Fitting gbc...
Fitting gbc_2...
Fitting gbc_3...
Fitting dt...
Fitting lr...
Fitting Lasso_1...
Fitting Lasso_2...
Fitting Lasso_3...
Fitting Lasso_4...
Fitting elasticnet...
VCF file created successfully.
pyseer stderr:  Read 1000 phenotypes
Detected continuous phenotype
Reading all variants

0variants [00:00, ?variants/s]
56variants [00:00, 554.68variants/s]
112variants [00:00, 487.86variants/s]
168variants [00:00, 515.20variants/s]
198variants [00:00, 520.28variants/s]
Applying correlation filtering

  0%|          | 0/198 [00:00<?, ?variants/s]
100%|██████████| 198/198 [00:00<00:00, 2650.88variants/s]
Fitting elastic net to top 148 variants
Best penalty (lambda) from cross-validation: 2.15E+01
Best R^2 from cross-validation: 0.497
Finding and printing selected variants
198 loaded variants
50 pre-filtered variants
148 tested variants
142 printed variants

True importance standardized:  [0.4800825  0.4800825  0.4800825  0.4800825  0.4800825  0.4800825
 0.54593208 0.54593208 0.54593208 0.54593208 0.54593208 0.54593208
 0.79622991 0.79622991 0.79622991 0.79622991 0.79622991 0.79622991
 0.76126657 0.76126657 0.76126657 0.76126657 0.76126657 0.76126657
 0.22375346 0.22375346 0.22375346 0.22375346 0.22375346 0.22375346
 0.65619804 0.65619804 0.65619804 0.65619804 0.65619804 0.65619804
 0.53921184 0.53921184 0.53921184 0.53921184 0.53921184 0.53921184
 1.         1.         1.         1.         1.         1.
 0.24929567 0.24929567 0.24929567 0.24929567 0.24929567 0.24929567
 0.56921403 0.56921403 0.56921403 0.56921403 0.56921403 0.56921403
 0.         0.         0.         0.         0.         0.
 0.         0.         0.         0.         0.         0.
 0.         0.         0.         0.         0.         0.
 0.         0.         0.         0.         0.         0.
 0.         0.         0.         0.         0.         0.
 0.         0.         0.         0.         0.         0.
 0.         0.         0.         0.         0.         0.
 0.         0.         0.         0.         0.         0.
 0.         0.         0.         0.         0.         0.
 0.         0.         0.         0.         0.         0.
 0.         0.         0.         0.         0.         0.
 0.         0.         0.         0.         0.         0.
 0.         0.         0.         0.         0.         0.
 0.         0.         0.         0.         0.         0.
 0.         0.         0.         0.         0.         0.
 0.         0.         0.         0.         0.         0.
 0.         0.         0.         0.         0.         0.
 0.         0.         0.         0.         0.         0.
 0.         0.         0.         0.         0.         0.
 0.         0.         0.         0.         0.         0.
 0.         0.         0.         0.         0.         0.
 0.         0.         0.         0.         0.         0.
 0.         0.         0.         0.         0.         0.
 0.         0.        ]
Normalized importance:  [0.15242732 0.15242732 0.15242732 0.15242732 0.15242732 0.15242732
 0.36460143 0.36460143 0.36460143 0.36460143 0.36460143 0.36460143
 0.9389492  0.9389492  0.9389492  0.9389492  0.9389492  0.9389492
 0.85607922 0.85607922 0.85607922 0.85607922 0.85607922 0.85607922
 0.14135736 0.14135736 0.14135736 0.14135736 0.14135736 0.14135736
 0.27941568 0.27941568 0.27941568 0.27941568 0.27941568 0.27941568
 0.4599763  0.4599763  0.4599763  0.4599763  0.4599763  0.4599763
 1.         1.         1.         1.         1.         1.
 0.12654327 0.12654327 0.12654327 0.12654327 0.12654327 0.12654327
 0.44834269 0.44834269 0.44834269 0.44834269 0.44834269 0.44834269
 0.         0.01068272 0.         0.00846411 0.         0.
 0.         0.         0.         0.         0.         0.01665784
 0.         0.         0.         0.         0.         0.
 0.         0.         0.         0.         0.00868668 0.
 0.         0.         0.         0.02612319 0.         0.
 0.         0.         0.         0.         0.         0.
 0.08632934 0.         0.         0.         0.00903689 0.
 0.         0.         0.01984163 0.         0.         0.
 0.         0.         0.         0.01780107 0.         0.01841522
 0.         0.         0.         0.         0.         0.
 0.02325961 0.         0.02962857 0.         0.         0.
 0.         0.         0.         0.         0.         0.
 0.         0.         0.         0.         0.         0.
 0.         0.         0.         0.         0.03627021 0.
 0.         0.         0.         0.         0.         0.
 0.         0.         0.         0.         0.         0.
 0.         0.         0.         0.0204678  0.         0.
 0.         0.         0.         0.         0.         0.
 0.         0.         0.03953992 0.         0.00702484 0.
 0.0211154  0.         0.         0.0769496  0.         0.
 0.         0.02195716 0.         0.         0.         0.
 0.         0.         0.         0.         0.         0.
 0.         0.         0.         0.         0.         0.
 0.         0.        ]
deepbreaks
y_true:  [0. 0. 0. 0. 0. 0. 0. 0. 0. 0. 0. 0. 1. 1. 1. 1. 1. 1. 1. 1. 1. 1. 1. 1.
 0. 0. 0. 0. 0. 0. 1. 1. 1. 1. 1. 1. 0. 0. 0. 0. 0. 0. 1. 1. 1. 1. 1. 1.
 0. 0. 0. 0. 0. 0. 1. 1. 1. 1. 1. 1. 0. 0. 0. 0. 0. 0. 0. 0. 0. 0. 0. 0.
 0. 0. 0. 0. 0. 0. 0. 0. 0. 0. 0. 0. 0. 0. 0. 0. 0. 0. 0. 0. 0. 0. 0. 0.
 0. 0. 0. 0. 0. 0. 0. 0. 0. 0. 0. 0. 0. 0. 0. 0. 0. 0. 0. 0. 0. 0. 0. 0.
 0. 0. 0. 0. 0. 0. 0. 0. 0. 0. 0. 0. 0. 0. 0. 0. 0. 0. 0. 0. 0. 0. 0. 0.
 0. 0. 0. 0. 0. 0. 0. 0. 0. 0. 0. 0. 0. 0. 0. 0. 0. 0. 0. 0. 0. 0. 0. 0.
 0. 0. 0. 0. 0. 0. 0. 0. 0. 0. 0. 0. 0. 0. 0. 0. 0. 0. 0. 0. 0. 0. 0. 0.
 0. 0. 0. 0. 0. 0. 0. 0.]
y_pred:  [0. 0. 0. 0. 0. 0. 1. 1. 1. 1. 1. 1. 1. 1. 1. 1. 1. 1. 1. 1. 1. 1. 1. 1.
 0. 0. 0. 0. 0. 0. 1. 1. 1. 1. 1. 1. 1. 1. 1. 1. 1. 1. 1. 1. 1. 1. 1. 1.
 0. 0. 0. 0. 0. 0. 1. 1. 1. 1. 1. 1. 0. 0. 0. 0. 0. 0. 0. 0. 0. 0. 0. 0.
 0. 0. 0. 0. 0. 0. 0. 0. 0. 0. 0. 0. 0. 0. 0. 0. 0. 0. 0. 0. 0. 0. 0. 0.
 0. 0. 0. 0. 0. 0. 0. 0. 0. 0. 0. 0. 0. 0. 0. 0. 0. 0. 0. 0. 0. 0. 0. 0.
 0. 0. 0. 0. 0. 0. 0. 0. 0. 0. 0. 0. 0. 0. 0. 0. 0. 0. 0. 0. 0. 0. 0. 0.
 0. 0. 0. 0. 0. 0. 0. 0. 0. 0. 0. 0. 0. 0. 0. 0. 0. 0. 0. 0. 0. 0. 0. 0.
 0. 0. 0. 0. 0. 0. 0. 0. 0. 0. 0. 0. 0. 0. 0. 0. 0. 0. 0. 0. 0. 0. 0. 0.
 0. 0. 0. 0. 0. 0. 0. 0.]
Normalized importance:  [0.46935201 0.26269702 0.19089317 0.17443082 0.37302977 0.00530648
 0.91068301 0.27495622 0.         0.30998249 0.57443082 0.53415061
 0.74255692 0.37127846 0.53415061 0.42732049 0.58669002 0.58143608
 0.95796848 0.43082312 0.50262697 0.27670753 0.40630473 0.44308231
 0.38178634 0.34676007 0.23467601 0.43782837 0.18914186 0.03957968
 0.71978984 0.03327496 0.27145359 0.39229422 0.51313485 0.24168126
 0.61646235 0.56567426 0.29597198 0.27145359 0.32224168 0.38178634
 1.         0.45709282 0.60420315 0.49562172 0.85989492 0.5849387
 0.3765324  0.11663748 0.15569177 0.01318739 0.17408056 0.1709282
 0.59019264 0.13835377 0.47810858 0.45534151 0.43432574 0.43257443
 0.14886165 0.2854641  0.06024518 0.00625219 0.         0.08073555
 0.03345009 0.         0.02469352 0.06182137 0.18388792 0.23117338
 0.         0.1614711  0.         0.33450088 0.34150613 0.
 0.11803853 0.13380035 0.2469352  0.         0.23642732 0.
 0.         0.18038529 0.         0.31698774 0.         0.02031524
 0.         0.         0.         0.         0.         0.0614711
 0.40980736 0.         0.         0.1056042  0.20665499 0.21015762
 0.13257443 0.         0.25394046 0.0642732  0.18739054 0.02486865
 0.22767075 0.         0.11155867 0.26444834 0.         0.20490368
 0.         0.         0.         0.         0.10315236 0.
 0.13012259 0.         0.18739054 0.         0.05814361 0.18914186
 0.         0.02872154 0.         0.         0.22942207 0.14238179
 0.         0.         0.13782837 0.         0.         0.1821366
 0.         0.         0.         0.1084063  0.25394046 0.0849387
 0.31523643 0.01155867 0.16129597 0.26619965 0.01996497 0.
 0.         0.07845884 0.18914186 0.         0.         0.
 0.13992995 0.20140105 0.         0.20140105 0.20315236 0.11015762
 0.         0.         0.11996497 0.         0.         0.
 0.         0.         0.27670753 0.2206655  0.03064799 0.15218914
 0.30472855 0.15043783 0.         0.47460595 0.24343257 0.10647986
 0.22767075 0.17688266 0.0474606  0.29246935 0.15656743 0.07740806
 0.         0.25218914 0.20665499 0.         0.03169877 0.00775832
 0.         0.14676007 0.         0.02942207 0.12399299 0.02206655
 0.         0.        ]
pyseer
y_true:  [0. 0. 0. 0. 0. 0. 0. 0. 0. 0. 0. 0. 1. 1. 1. 1. 1. 1. 1. 1. 1. 1. 1. 1.
 0. 0. 0. 0. 0. 0. 1. 1. 1. 1. 1. 1. 0. 0. 0. 0. 0. 0. 1. 1. 1. 1. 1. 1.
 0. 0. 0. 0. 0. 0. 1. 1. 1. 1. 1. 1. 0. 0. 0. 0. 0. 0. 0. 0. 0. 0. 0. 0.
 0. 0. 0. 0. 0. 0. 0. 0. 0. 0. 0. 0. 0. 0. 0. 0. 0. 0. 0. 0. 0. 0. 0. 0.
 0. 0. 0. 0. 0. 0. 0. 0. 0. 0. 0. 0. 0. 0. 0. 0. 0. 0. 0. 0. 0. 0. 0. 0.
 0. 0. 0. 0. 0. 0. 0. 0. 0. 0. 0. 0. 0. 0. 0. 0. 0. 0. 0. 0. 0. 0. 0. 0.
 0. 0. 0. 0. 0. 0. 0. 0. 0. 0. 0. 0. 0. 0. 0. 0. 0. 0. 0. 0. 0. 0. 0. 0.
 0. 0. 0. 0. 0. 0. 0. 0. 0. 0. 0. 0. 0. 0. 0. 0. 0. 0. 0. 0. 0. 0. 0. 0.
 0. 0. 0. 0. 0. 0. 0. 0.]
y_pred:  [1. 1. 0. 0. 1. 0. 1. 1. 0. 1. 1. 1. 1. 1. 1. 1. 1. 1. 1. 1. 1. 1. 1. 1.
 1. 1. 1. 1. 0. 0. 1. 0. 1. 1. 1. 1. 1. 1. 1. 1. 1. 1. 1. 1. 1. 1. 1. 1.
 1. 0. 0. 0. 0. 0. 1. 0. 1. 1. 1. 1. 0. 1. 0. 0. 0. 0. 0. 0. 0. 0. 0. 1.
 0. 0. 0. 1. 1. 0. 0. 0. 1. 0. 1. 0. 0. 0. 0. 1. 0. 0. 0. 0. 0. 0. 0. 0.
 1. 0. 0. 0. 0. 1. 0. 0. 1. 0. 0. 0. 1. 0. 0. 1. 0. 0. 0. 0. 0. 0. 0. 0.
 0. 0. 0. 0. 0. 0. 0. 0. 0. 0. 1. 0. 0. 0. 0. 0. 0. 0. 0. 0. 0. 0. 1. 0.
 1. 0. 0. 1. 0. 0. 0. 0. 0. 0. 0. 0. 0. 0. 0. 0. 0. 0. 0. 0. 0. 0. 0. 0.
 0. 0. 1. 1. 0. 0. 1. 0. 0. 1. 1. 0. 1. 0. 0. 1. 0. 0. 0. 1. 0. 0. 0. 0.
 0. 0. 0. 0. 0. 0. 0. 0.]
Time taken: 24.594614505767822 seconds
Running combination 36 of 50
Fitting RandomForest...
Fitting Adaboost...
Fitting AdaBoost_2...
Fitting et...
Fitting gbc...
Fitting gbc_2...
Fitting gbc_3...
Fitting dt...
Fitting lr...
Fitting Lasso_1...
Fitting Lasso_2...
Fitting Lasso_3...
Fitting Lasso_4...
Fitting elasticnet...
VCF file created successfully.
pyseer stderr:  Read 1000 phenotypes
Detected continuous phenotype
Reading all variants

0variants [00:00, ?variants/s]
57variants [00:00, 560.41variants/s]
114variants [00:00, 491.13variants/s]
171variants [00:00, 520.41variants/s]
198variants [00:00, 524.03variants/s]
Applying correlation filtering

  0%|          | 0/198 [00:00<?, ?variants/s]
100%|██████████| 198/198 [00:00<00:00, 2714.64variants/s]
Fitting elastic net to top 148 variants
Best penalty (lambda) from cross-validation: 1.49E+01
Best R^2 from cross-validation: 0.463
Finding and printing selected variants
198 loaded variants
50 pre-filtered variants
148 tested variants
133 printed variants

True importance standardized:  [0.9767123  0.9767123  0.9767123  0.9767123  0.9767123  0.9767123
 0.15281044 0.15281044 0.15281044 0.15281044 0.15281044 0.15281044
 1.         1.         1.         1.         1.         1.
 0.13218179 0.13218179 0.13218179 0.13218179 0.13218179 0.13218179
 0.5123756  0.5123756  0.5123756  0.5123756  0.5123756  0.5123756
 0.76787741 0.76787741 0.76787741 0.76787741 0.76787741 0.76787741
 0.16354392 0.16354392 0.16354392 0.16354392 0.16354392 0.16354392
 0.77059346 0.77059346 0.77059346 0.77059346 0.77059346 0.77059346
 0.50021199 0.50021199 0.50021199 0.50021199 0.50021199 0.50021199
 0.9201098  0.9201098  0.9201098  0.9201098  0.9201098  0.9201098
 0.         0.         0.         0.         0.         0.
 0.         0.         0.         0.         0.         0.
 0.         0.         0.         0.         0.         0.
 0.         0.         0.         0.         0.         0.
 0.         0.         0.         0.         0.         0.
 0.         0.         0.         0.         0.         0.
 0.         0.         0.         0.         0.         0.
 0.         0.         0.         0.         0.         0.
 0.         0.         0.         0.         0.         0.
 0.         0.         0.         0.         0.         0.
 0.         0.         0.         0.         0.         0.
 0.         0.         0.         0.         0.         0.
 0.         0.         0.         0.         0.         0.
 0.         0.         0.         0.         0.         0.
 0.         0.         0.         0.         0.         0.
 0.         0.         0.         0.         0.         0.
 0.         0.         0.         0.         0.         0.
 0.         0.         0.         0.         0.         0.
 0.         0.         0.         0.         0.         0.
 0.         0.         0.         0.         0.         0.
 0.         0.         0.         0.         0.         0.
 0.         0.         0.         0.         0.         0.
 0.         0.         0.         0.         0.         0.
 0.         0.        ]
Normalized importance:  [0.88855883 0.88855883 0.88855883 0.88855883 0.88855883 0.88855883
 0.         0.         0.         0.         0.         0.
 1.         1.         1.         1.         1.         1.
 0.0440254  0.         0.         0.0440254  0.         0.0440254
 0.17043993 0.17043993 0.17043993 0.17043993 0.17043993 0.17043993
 0.33021948 0.33021948 0.33021948 0.33021948 0.33021948 0.33021948
 0.         0.         0.         0.         0.         0.
 0.4921391  0.4921391  0.4921391  0.4921391  0.4921391  0.4921391
 0.32875302 0.32875302 0.32875302 0.32875302 0.32875302 0.32875302
 0.68114513 0.68114513 0.68114513 0.68114513 0.68114513 0.68114513
 0.         0.         0.         0.         0.         0.
 0.         0.06439901 0.         0.         0.         0.
 0.         0.         0.         0.         0.         0.
 0.         0.         0.         0.         0.         0.
 0.         0.         0.         0.         0.         0.01846442
 0.         0.         0.         0.         0.         0.
 0.01247609 0.         0.         0.         0.         0.
 0.         0.         0.         0.         0.         0.
 0.         0.         0.         0.         0.         0.
 0.         0.         0.         0.         0.         0.
 0.         0.         0.         0.         0.         0.
 0.         0.         0.         0.         0.         0.03184843
 0.         0.         0.         0.         0.         0.
 0.         0.         0.         0.         0.         0.
 0.         0.         0.         0.         0.         0.
 0.         0.00695582 0.         0.         0.         0.
 0.         0.         0.         0.         0.         0.
 0.         0.         0.         0.         0.         0.
 0.         0.         0.         0.         0.         0.
 0.         0.         0.1282413  0.         0.         0.
 0.         0.         0.         0.         0.         0.
 0.         0.00770055 0.         0.         0.         0.
 0.01811892 0.         0.         0.         0.         0.
 0.         0.        ]
deepbreaks
y_true:  [1. 1. 1. 1. 1. 1. 0. 0. 0. 0. 0. 0. 1. 1. 1. 1. 1. 1. 0. 0. 0. 0. 0. 0.
 0. 0. 0. 0. 0. 0. 1. 1. 1. 1. 1. 1. 0. 0. 0. 0. 0. 0. 1. 1. 1. 1. 1. 1.
 0. 0. 0. 0. 0. 0. 1. 1. 1. 1. 1. 1. 0. 0. 0. 0. 0. 0. 0. 0. 0. 0. 0. 0.
 0. 0. 0. 0. 0. 0. 0. 0. 0. 0. 0. 0. 0. 0. 0. 0. 0. 0. 0. 0. 0. 0. 0. 0.
 0. 0. 0. 0. 0. 0. 0. 0. 0. 0. 0. 0. 0. 0. 0. 0. 0. 0. 0. 0. 0. 0. 0. 0.
 0. 0. 0. 0. 0. 0. 0. 0. 0. 0. 0. 0. 0. 0. 0. 0. 0. 0. 0. 0. 0. 0. 0. 0.
 0. 0. 0. 0. 0. 0. 0. 0. 0. 0. 0. 0. 0. 0. 0. 0. 0. 0. 0. 0. 0. 0. 0. 0.
 0. 0. 0. 0. 0. 0. 0. 0. 0. 0. 0. 0. 0. 0. 0. 0. 0. 0. 0. 0. 0. 0. 0. 0.
 0. 0. 0. 0. 0. 0. 0. 0.]
y_pred:  [1. 1. 1. 1. 1. 1. 0. 0. 0. 0. 0. 0. 1. 1. 1. 1. 1. 1. 0. 0. 0. 0. 0. 0.
 0. 0. 0. 0. 0. 0. 1. 1. 1. 1. 1. 1. 0. 0. 0. 0. 0. 0. 1. 1. 1. 1. 1. 1.
 0. 0. 0. 0. 0. 0. 1. 1. 1. 1. 1. 1. 0. 0. 0. 0. 0. 0. 0. 0. 0. 0. 0. 0.
 0. 0. 0. 0. 0. 0. 0. 0. 0. 0. 0. 0. 0. 0. 0. 0. 0. 0. 0. 0. 0. 0. 0. 0.
 0. 0. 0. 0. 0. 0. 0. 0. 0. 0. 0. 0. 0. 0. 0. 0. 0. 0. 0. 0. 0. 0. 0. 0.
 0. 0. 0. 0. 0. 0. 0. 0. 0. 0. 0. 0. 0. 0. 0. 0. 0. 0. 0. 0. 0. 0. 0. 0.
 0. 0. 0. 0. 0. 0. 0. 0. 0. 0. 0. 0. 0. 0. 0. 0. 0. 0. 0. 0. 0. 0. 0. 0.
 0. 0. 0. 0. 0. 0. 0. 0. 0. 0. 0. 0. 0. 0. 0. 0. 0. 0. 0. 0. 0. 0. 0. 0.
 0. 0. 0. 0. 0. 0. 0. 0.]
Normalized importance:  [7.18072289e-01 3.25301205e-01 4.07228916e-01 5.10843373e-01
 5.61445783e-01 4.26506024e-01 7.46987952e-02 0.00000000e+00
 2.26506024e-01 0.00000000e+00 0.00000000e+00 1.67951807e-02
 1.00000000e+00 5.27710843e-01 6.62650602e-01 3.85542169e-01
 4.31325301e-01 6.43373494e-01 2.01927711e-01 7.27710843e-02
 1.82409639e-01 3.73493976e-01 1.89156627e-02 2.31566265e-01
 4.33734940e-01 2.84337349e-01 8.26506024e-02 1.55903614e-01
 4.19277108e-01 6.89156627e-02 8.19277108e-01 4.53012048e-01
 2.48192771e-02 2.23855422e-01 3.25301205e-01 3.95180723e-01
 1.00000000e-01 1.35662651e-01 0.00000000e+00 0.00000000e+00
 2.18554217e-01 1.05060241e-01 6.57831325e-01 2.05060241e-01
 3.90361446e-01 3.90361446e-01 4.21686747e-01 3.30120482e-01
 3.61445783e-01 3.61445783e-01 4.79518072e-01 9.90361446e-02
 3.15662651e-01 4.69879518e-01 7.85542169e-01 6.40963855e-01
 3.92771084e-01 3.87951807e-01 5.56626506e-01 3.20481928e-01
 1.03855422e-01 1.49638554e-01 0.00000000e+00 0.00000000e+00
 0.00000000e+00 0.00000000e+00 0.00000000e+00 4.19277108e-01
 2.72289157e-02 1.34939759e-01 9.22891566e-02 2.12530120e-01
 7.78313253e-02 0.00000000e+00 2.48192771e-02 3.39759036e-02
 0.00000000e+00 1.28915663e-01 1.40000000e-01 2.12771084e-01
 0.00000000e+00 0.00000000e+00 1.20481928e-01 0.00000000e+00
 1.22650602e-01 0.00000000e+00 0.00000000e+00 1.48915663e-01
 6.81927711e-02 4.14457831e-02 0.00000000e+00 0.00000000e+00
 0.00000000e+00 0.00000000e+00 0.00000000e+00 4.00000000e-01
 3.68674699e-01 0.00000000e+00 1.72530120e-01 2.26265060e-01
 6.55421687e-03 0.00000000e+00 0.00000000e+00 1.40963855e-01
 1.16867470e-01 1.23855422e-01 1.50843373e-01 0.00000000e+00
 0.00000000e+00 0.00000000e+00 0.00000000e+00 0.00000000e+00
 1.75903614e-01 0.00000000e+00 0.00000000e+00 7.95180723e-02
 1.42409639e-01 2.57831325e-01 1.47228916e-01 1.76144578e-01
 0.00000000e+00 0.00000000e+00 0.00000000e+00 8.93975904e-02
 1.56867470e-01 0.00000000e+00 0.00000000e+00 0.00000000e+00
 0.00000000e+00 1.40963855e-01 0.00000000e+00 1.94939759e-01
 0.00000000e+00 1.60000000e-02 4.62650602e-02 1.90361446e-01
 0.00000000e+00 0.00000000e+00 9.97590361e-02 1.56144578e-01
 1.18072289e-01 7.95180723e-02 0.00000000e+00 0.00000000e+00
 1.07710843e-01 3.56626506e-01 5.87951807e-02 0.00000000e+00
 2.35180723e-01 0.00000000e+00 0.00000000e+00 1.13493976e-01
 9.20481928e-02 0.00000000e+00 1.05542169e-02 1.52048193e-01
 3.49397590e-01 1.07951807e-01 9.15662651e-02 9.32530120e-02
 0.00000000e+00 2.19518072e-01 1.78554217e-01 1.73012048e-01
 4.07228916e-02 2.16867470e-01 0.00000000e+00 4.60240964e-03
 2.03132530e-01 6.02409639e-02 0.00000000e+00 9.32530120e-03
 0.00000000e+00 0.00000000e+00 2.57831325e-01 0.00000000e+00
 3.66265060e-01 0.00000000e+00 5.32530120e-02 0.00000000e+00
 0.00000000e+00 0.00000000e+00 0.00000000e+00 3.06024096e-01
 3.03614458e-02 0.00000000e+00 0.00000000e+00 2.27710843e-01
 0.00000000e+00 1.88915663e-04 1.84096386e-01 1.54939759e-01
 2.03614458e-01 0.00000000e+00 2.13253012e-02 5.66265060e-02
 1.44578313e-01 0.00000000e+00 0.00000000e+00 0.00000000e+00]
pyseer
y_true:  [1. 1. 1. 1. 1. 1. 0. 0. 0. 0. 0. 0. 1. 1. 1. 1. 1. 1. 0. 0. 0. 0. 0. 0.
 0. 0. 0. 0. 0. 0. 1. 1. 1. 1. 1. 1. 0. 0. 0. 0. 0. 0. 1. 1. 1. 1. 1. 1.
 0. 0. 0. 0. 0. 0. 1. 1. 1. 1. 1. 1. 0. 0. 0. 0. 0. 0. 0. 0. 0. 0. 0. 0.
 0. 0. 0. 0. 0. 0. 0. 0. 0. 0. 0. 0. 0. 0. 0. 0. 0. 0. 0. 0. 0. 0. 0. 0.
 0. 0. 0. 0. 0. 0. 0. 0. 0. 0. 0. 0. 0. 0. 0. 0. 0. 0. 0. 0. 0. 0. 0. 0.
 0. 0. 0. 0. 0. 0. 0. 0. 0. 0. 0. 0. 0. 0. 0. 0. 0. 0. 0. 0. 0. 0. 0. 0.
 0. 0. 0. 0. 0. 0. 0. 0. 0. 0. 0. 0. 0. 0. 0. 0. 0. 0. 0. 0. 0. 0. 0. 0.
 0. 0. 0. 0. 0. 0. 0. 0. 0. 0. 0. 0. 0. 0. 0. 0. 0. 0. 0. 0. 0. 0. 0. 0.
 0. 0. 0. 0. 0. 0. 0. 0.]
y_pred:  [1. 1. 1. 1. 1. 1. 0. 0. 1. 0. 0. 0. 1. 1. 1. 1. 1. 1. 1. 0. 1. 1. 0. 1.
 1. 1. 0. 0. 1. 0. 1. 1. 0. 1. 1. 1. 0. 0. 0. 0. 1. 0. 1. 1. 1. 1. 1. 1.
 1. 1. 1. 0. 1. 1. 1. 1. 1. 1. 1. 1. 0. 0. 0. 0. 0. 0. 0. 1. 0. 0. 0. 1.
 0. 0. 0. 0. 0. 0. 0. 1. 0. 0. 0. 0. 0. 0. 0. 0. 0. 0. 0. 0. 0. 0. 0. 1.
 1. 0. 0. 1. 0. 0. 0. 0. 0. 0. 0. 0. 0. 0. 0. 0. 1. 0. 0. 0. 0. 1. 0. 1.
 0. 0. 0. 0. 0. 0. 0. 0. 0. 0. 0. 1. 0. 0. 0. 1. 0. 0. 0. 0. 0. 0. 0. 0.
 0. 1. 0. 0. 1. 0. 0. 0. 0. 0. 0. 0. 1. 0. 0. 0. 0. 1. 1. 0. 0. 1. 0. 0.
 1. 0. 0. 0. 0. 0. 1. 0. 1. 0. 0. 0. 0. 0. 0. 1. 0. 0. 0. 1. 0. 0. 1. 0.
 1. 0. 0. 0. 0. 0. 0. 0.]
Time taken: 22.78464436531067 seconds
Running combination 37 of 50
Fitting RandomForest...
Fitting Adaboost...
Fitting AdaBoost_2...
Fitting et...
Fitting gbc...
Fitting gbc_2...
Fitting gbc_3...
Fitting dt...
Fitting lr...
Fitting Lasso_1...
Fitting Lasso_2...
Fitting Lasso_3...
Fitting Lasso_4...
Fitting elasticnet...
VCF file created successfully.
pyseer stderr:  Read 1000 phenotypes
Detected continuous phenotype
Reading all variants

0variants [00:00, ?variants/s]
56variants [00:00, 553.41variants/s]
112variants [00:00, 483.71variants/s]
168variants [00:00, 514.75variants/s]
198variants [00:00, 518.74variants/s]
Applying correlation filtering

  0%|          | 0/198 [00:00<?, ?variants/s]
100%|██████████| 198/198 [00:00<00:00, 2628.02variants/s]
Fitting elastic net to top 148 variants
Best penalty (lambda) from cross-validation: 3.66E+01
Best R^2 from cross-validation: 0.483
Finding and printing selected variants
198 loaded variants
50 pre-filtered variants
148 tested variants
145 printed variants

True importance standardized:  [0.82556302 0.82556302 0.82556302 0.82556302 0.82556302 0.82556302
 0.84445383 0.84445383 0.84445383 0.84445383 0.84445383 0.84445383
 0.60260079 0.60260079 0.60260079 0.60260079 0.60260079 0.60260079
 0.58234102 0.58234102 0.58234102 0.58234102 0.58234102 0.58234102
 0.12685221 0.12685221 0.12685221 0.12685221 0.12685221 0.12685221
 0.5470445  0.5470445  0.5470445  0.5470445  0.5470445  0.5470445
 0.8934987  0.8934987  0.8934987  0.8934987  0.8934987  0.8934987
 1.         1.         1.         1.         1.         1.
 0.1473717  0.1473717  0.1473717  0.1473717  0.1473717  0.1473717
 0.83332891 0.83332891 0.83332891 0.83332891 0.83332891 0.83332891
 0.         0.         0.         0.         0.         0.
 0.         0.         0.         0.         0.         0.
 0.         0.         0.         0.         0.         0.
 0.         0.         0.         0.         0.         0.
 0.         0.         0.         0.         0.         0.
 0.         0.         0.         0.         0.         0.
 0.         0.         0.         0.         0.         0.
 0.         0.         0.         0.         0.         0.
 0.         0.         0.         0.         0.         0.
 0.         0.         0.         0.         0.         0.
 0.         0.         0.         0.         0.         0.
 0.         0.         0.         0.         0.         0.
 0.         0.         0.         0.         0.         0.
 0.         0.         0.         0.         0.         0.
 0.         0.         0.         0.         0.         0.
 0.         0.         0.         0.         0.         0.
 0.         0.         0.         0.         0.         0.
 0.         0.         0.         0.         0.         0.
 0.         0.         0.         0.         0.         0.
 0.         0.         0.         0.         0.         0.
 0.         0.         0.         0.         0.         0.
 0.         0.         0.         0.         0.         0.
 0.         0.         0.         0.         0.         0.
 0.         0.        ]
Normalized importance:  [0.39184355 0.39184355 0.39184355 0.39184355 0.39184355 0.39184355
 0.41211925 0.41211925 0.41211925 0.41211925 0.41211925 0.41211925
 0.38778017 0.38778017 0.38778017 0.38778017 0.38778017 0.38778017
 0.23730551 0.23730551 0.23730551 0.23730551 0.23730551 0.23730551
 0.10519618 0.         0.10519618 0.10519618 0.10519618 0.10519618
 0.10607355 0.         0.         0.         0.10607355 0.10607355
 1.         1.         1.         1.         1.         1.
 0.9591187  0.9591187  0.9591187  0.9591187  0.9591187  0.9591187
 0.         0.         0.         0.         0.         0.
 0.72001325 0.72001325 0.72001325 0.72001325 0.72001325 0.72001325
 0.         0.         0.         0.04793806 0.         0.
 0.         0.         0.         0.         0.         0.
 0.         0.         0.         0.         0.         0.
 0.         0.         0.         0.         0.02428148 0.
 0.         0.         0.         0.         0.         0.
 0.         0.         0.         0.         0.         0.
 0.         0.         0.         0.         0.         0.
 0.         0.         0.         0.         0.         0.
 0.         0.         0.         0.         0.         0.
 0.         0.         0.         0.         0.         0.
 0.         0.         0.         0.         0.         0.
 0.         0.         0.         0.         0.         0.
 0.         0.         0.         0.         0.         0.
 0.         0.         0.         0.         0.         0.
 0.         0.         0.         0.         0.         0.
 0.         0.04766404 0.05085855 0.         0.         0.
 0.         0.         0.         0.         0.         0.
 0.         0.         0.         0.01836656 0.         0.
 0.         0.         0.         0.04620501 0.02010681 0.
 0.         0.         0.         0.         0.         0.
 0.         0.         0.         0.         0.         0.
 0.         0.         0.         0.         0.         0.
 0.         0.         0.         0.         0.         0.02333528
 0.         0.        ]
deepbreaks
y_true:  [1. 1. 1. 1. 1. 1. 1. 1. 1. 1. 1. 1. 0. 0. 0. 0. 0. 0. 0. 0. 0. 0. 0. 0.
 0. 0. 0. 0. 0. 0. 0. 0. 0. 0. 0. 0. 1. 1. 1. 1. 1. 1. 1. 1. 1. 1. 1. 1.
 0. 0. 0. 0. 0. 0. 1. 1. 1. 1. 1. 1. 0. 0. 0. 0. 0. 0. 0. 0. 0. 0. 0. 0.
 0. 0. 0. 0. 0. 0. 0. 0. 0. 0. 0. 0. 0. 0. 0. 0. 0. 0. 0. 0. 0. 0. 0. 0.
 0. 0. 0. 0. 0. 0. 0. 0. 0. 0. 0. 0. 0. 0. 0. 0. 0. 0. 0. 0. 0. 0. 0. 0.
 0. 0. 0. 0. 0. 0. 0. 0. 0. 0. 0. 0. 0. 0. 0. 0. 0. 0. 0. 0. 0. 0. 0. 0.
 0. 0. 0. 0. 0. 0. 0. 0. 0. 0. 0. 0. 0. 0. 0. 0. 0. 0. 0. 0. 0. 0. 0. 0.
 0. 0. 0. 0. 0. 0. 0. 0. 0. 0. 0. 0. 0. 0. 0. 0. 0. 0. 0. 0. 0. 0. 0. 0.
 0. 0. 0. 0. 0. 0. 0. 0.]
y_pred:  [1. 1. 1. 1. 1. 1. 1. 1. 1. 1. 1. 1. 0. 0. 0. 0. 0. 0. 0. 0. 0. 0. 0. 0.
 0. 0. 0. 0. 0. 0. 0. 0. 0. 0. 0. 0. 1. 1. 1. 1. 1. 1. 1. 1. 1. 1. 1. 1.
 0. 0. 0. 0. 0. 0. 1. 1. 1. 1. 1. 1. 0. 0. 0. 0. 0. 0. 0. 0. 0. 0. 0. 0.
 0. 0. 0. 0. 0. 0. 0. 0. 0. 0. 0. 0. 0. 0. 0. 0. 0. 0. 0. 0. 0. 0. 0. 0.
 0. 0. 0. 0. 0. 0. 0. 0. 0. 0. 0. 0. 0. 0. 0. 0. 0. 0. 0. 0. 0. 0. 0. 0.
 0. 0. 0. 0. 0. 0. 0. 0. 0. 0. 0. 0. 0. 0. 0. 0. 0. 0. 0. 0. 0. 0. 0. 0.
 0. 0. 0. 0. 0. 0. 0. 0. 0. 0. 0. 0. 0. 0. 0. 0. 0. 0. 0. 0. 0. 0. 0. 0.
 0. 0. 0. 0. 0. 0. 0. 0. 0. 0. 0. 0. 0. 0. 0. 0. 0. 0. 0. 0. 0. 0. 0. 0.
 0. 0. 0. 0. 0. 0. 0. 0.]
Normalized importance:  [8.64912281e-01 1.92105263e-01 4.89473684e-01 2.88596491e-01
 5.13157895e-01 1.97368421e-01 8.25438596e-01 1.08771930e-02
 5.39473684e-01 4.59649123e-01 5.21052632e-01 4.08771930e-01
 6.18421053e-01 4.47368421e-01 6.60526316e-01 2.07894737e-01
 3.61403509e-02 3.02631579e-01 6.92982456e-01 3.31578947e-01
 5.03508772e-01 5.41228070e-02 3.23684211e-02 2.57017544e-01
 8.07017544e-02 2.93859649e-01 2.70175439e-01 2.95614035e-01
 3.07894737e-01 2.22807018e-01 4.71929825e-01 3.38596491e-01
 1.15789474e-01 1.32456140e-01 2.19298246e-01 1.53508772e-01
 8.85964912e-01 5.49122807e-01 6.81578947e-01 3.35964912e-01
 3.34210526e-01 4.80701754e-01 1.00000000e+00 6.10526316e-01
 6.48245614e-01 1.68421053e-01 4.64035088e-01 7.21052632e-01
 7.07894737e-02 8.63157895e-02 0.00000000e+00 1.19298246e-02
 1.36842105e-01 4.92982456e-02 8.74561404e-01 4.42105263e-01
 0.00000000e+00 4.65789474e-01 5.71929825e-01 4.78070175e-01
 0.00000000e+00 1.72807018e-01 0.00000000e+00 2.28947368e-01
 3.20175439e-01 3.00877193e-01 0.00000000e+00 1.09649123e-01
 0.00000000e+00 1.58771930e-01 2.07017544e-01 0.00000000e+00
 8.31578947e-04 2.11403509e-01 2.20175439e-01 0.00000000e+00
 0.00000000e+00 0.00000000e+00 0.00000000e+00 2.14912281e-01
 6.05263158e-02 0.00000000e+00 3.11403509e-01 0.00000000e+00
 2.49122807e-01 0.00000000e+00 0.00000000e+00 1.58771930e-01
 0.00000000e+00 1.62280702e-01 5.63157895e-02 2.33333333e-02
 1.43859649e-01 5.00000000e-02 0.00000000e+00 1.27192982e-01
 5.63157895e-03 2.83333333e-02 0.00000000e+00 0.00000000e+00
 0.00000000e+00 8.77192982e-03 3.92105263e-01 1.85964912e-01
 1.25438596e-01 2.85087719e-01 0.00000000e+00 7.47368421e-04
 0.00000000e+00 1.71929825e-02 0.00000000e+00 0.00000000e+00
 1.15789474e-01 2.70175439e-01 2.06140351e-02 0.00000000e+00
 0.00000000e+00 0.00000000e+00 0.00000000e+00 0.00000000e+00
 2.01754386e-01 2.02631579e-01 2.31578947e-01 0.00000000e+00
 3.29824561e-01 6.47368421e-03 1.17543860e-01 0.00000000e+00
 3.08771930e-01 7.83333333e-02 6.16666667e-02 1.95614035e-01
 3.19298246e-01 0.00000000e+00 4.97368421e-02 1.03508772e-01
 2.62280702e-01 1.04385965e-01 1.23684211e-01 0.00000000e+00
 3.15789474e-02 1.24561404e-01 1.50877193e-01 9.64912281e-02
 0.00000000e+00 2.45614035e-01 5.99122807e-02 4.42982456e-01
 2.29824561e-01 0.00000000e+00 0.00000000e+00 3.51754386e-01
 4.85087719e-01 2.14912281e-01 2.25438596e-01 2.42982456e-02
 0.00000000e+00 2.46491228e-01 2.25438596e-01 2.84210526e-01
 0.00000000e+00 9.12280702e-02 2.28070175e-01 5.04385965e-02
 1.43859649e-01 2.63157895e-01 2.04385965e-01 0.00000000e+00
 1.94736842e-01 0.00000000e+00 1.97368421e-01 3.47368421e-01
 2.15789474e-01 2.30701754e-01 0.00000000e+00 1.46491228e-01
 0.00000000e+00 2.57017544e-01 2.54385965e-02 2.29824561e-01
 0.00000000e+00 1.70175439e-01 0.00000000e+00 1.73684211e-01
 0.00000000e+00 0.00000000e+00 0.00000000e+00 0.00000000e+00
 1.90350877e-01 7.87719298e-02 0.00000000e+00 1.56140351e-01
 2.57894737e-01 0.00000000e+00 0.00000000e+00 0.00000000e+00
 0.00000000e+00 2.61403509e-01 0.00000000e+00 0.00000000e+00]
pyseer
y_true:  [1. 1. 1. 1. 1. 1. 1. 1. 1. 1. 1. 1. 0. 0. 0. 0. 0. 0. 0. 0. 0. 0. 0. 0.
 0. 0. 0. 0. 0. 0. 0. 0. 0. 0. 0. 0. 1. 1. 1. 1. 1. 1. 1. 1. 1. 1. 1. 1.
 0. 0. 0. 0. 0. 0. 1. 1. 1. 1. 1. 1. 0. 0. 0. 0. 0. 0. 0. 0. 0. 0. 0. 0.
 0. 0. 0. 0. 0. 0. 0. 0. 0. 0. 0. 0. 0. 0. 0. 0. 0. 0. 0. 0. 0. 0. 0. 0.
 0. 0. 0. 0. 0. 0. 0. 0. 0. 0. 0. 0. 0. 0. 0. 0. 0. 0. 0. 0. 0. 0. 0. 0.
 0. 0. 0. 0. 0. 0. 0. 0. 0. 0. 0. 0. 0. 0. 0. 0. 0. 0. 0. 0. 0. 0. 0. 0.
 0. 0. 0. 0. 0. 0. 0. 0. 0. 0. 0. 0. 0. 0. 0. 0. 0. 0. 0. 0. 0. 0. 0. 0.
 0. 0. 0. 0. 0. 0. 0. 0. 0. 0. 0. 0. 0. 0. 0. 0. 0. 0. 0. 0. 0. 0. 0. 0.
 0. 0. 0. 0. 0. 0. 0. 0.]
y_pred:  [1. 0. 1. 1. 1. 0. 1. 0. 1. 1. 1. 1. 1. 1. 1. 0. 0. 1. 1. 1. 1. 0. 0. 1.
 0. 1. 1. 1. 1. 1. 1. 1. 0. 0. 1. 0. 1. 1. 1. 1. 1. 1. 1. 1. 1. 0. 1. 1.
 0. 0. 0. 0. 0. 0. 1. 1. 0. 1. 1. 1. 0. 0. 0. 1. 1. 1. 0. 0. 0. 0. 0. 0.
 0. 0. 1. 0. 0. 0. 0. 0. 0. 0. 1. 0. 1. 0. 0. 0. 0. 0. 0. 0. 0. 0. 0. 0.
 0. 0. 0. 0. 0. 0. 1. 0. 0. 1. 0. 0. 0. 0. 0. 0. 0. 1. 0. 0. 0. 0. 0. 0.
 0. 0. 1. 0. 1. 0. 0. 0. 1. 0. 0. 0. 1. 0. 0. 0. 1. 0. 0. 0. 0. 0. 0. 0.
 0. 1. 0. 1. 1. 0. 0. 1. 1. 0. 1. 0. 0. 1. 1. 1. 0. 0. 1. 0. 0. 1. 0. 0.
 0. 0. 0. 1. 1. 1. 0. 0. 0. 1. 0. 1. 0. 0. 0. 0. 0. 0. 0. 0. 0. 0. 0. 0.
 1. 0. 0. 0. 0. 1. 0. 0.]
Time taken: 24.644026517868042 seconds
Running combination 38 of 50
Fitting RandomForest...
Fitting Adaboost...
Fitting AdaBoost_2...
Fitting et...
Fitting gbc...
Fitting gbc_2...
Fitting gbc_3...
Fitting dt...
Fitting lr...
Fitting Lasso_1...
Fitting Lasso_2...
Fitting Lasso_3...
Fitting Lasso_4...
Fitting elasticnet...
VCF file created successfully.
pyseer stderr:  Read 1000 phenotypes
Detected continuous phenotype
Reading all variants

0variants [00:00, ?variants/s]
54variants [00:00, 537.20variants/s]
108variants [00:00, 445.70variants/s]
160variants [00:00, 472.74variants/s]
198variants [00:00, 480.90variants/s]
Applying correlation filtering

  0%|          | 0/198 [00:00<?, ?variants/s]
100%|██████████| 198/198 [00:00<00:00, 2464.82variants/s]
Fitting elastic net to top 148 variants
Best penalty (lambda) from cross-validation: 1.99E+01
Best R^2 from cross-validation: 0.466
Finding and printing selected variants
198 loaded variants
50 pre-filtered variants
148 tested variants
139 printed variants

True importance standardized:  [0.99842156 0.99842156 0.99842156 0.99842156 0.99842156 0.99842156
 0.56391932 0.56391932 0.56391932 0.56391932 0.56391932 0.56391932
 0.2026836  0.2026836  0.2026836  0.2026836  0.2026836  0.2026836
 0.37840234 0.37840234 0.37840234 0.37840234 0.37840234 0.37840234
 0.93755598 0.93755598 0.93755598 0.93755598 0.93755598 0.93755598
 0.78521336 0.78521336 0.78521336 0.78521336 0.78521336 0.78521336
 0.30713895 0.30713895 0.30713895 0.30713895 0.30713895 0.30713895
 0.37800711 0.37800711 0.37800711 0.37800711 0.37800711 0.37800711
 1.         1.         1.         1.         1.         1.
 0.6112347  0.6112347  0.6112347  0.6112347  0.6112347  0.6112347
 0.         0.         0.         0.         0.         0.
 0.         0.         0.         0.         0.         0.
 0.         0.         0.         0.         0.         0.
 0.         0.         0.         0.         0.         0.
 0.         0.         0.         0.         0.         0.
 0.         0.         0.         0.         0.         0.
 0.         0.         0.         0.         0.         0.
 0.         0.         0.         0.         0.         0.
 0.         0.         0.         0.         0.         0.
 0.         0.         0.         0.         0.         0.
 0.         0.         0.         0.         0.         0.
 0.         0.         0.         0.         0.         0.
 0.         0.         0.         0.         0.         0.
 0.         0.         0.         0.         0.         0.
 0.         0.         0.         0.         0.         0.
 0.         0.         0.         0.         0.         0.
 0.         0.         0.         0.         0.         0.
 0.         0.         0.         0.         0.         0.
 0.         0.         0.         0.         0.         0.
 0.         0.         0.         0.         0.         0.
 0.         0.         0.         0.         0.         0.
 0.         0.         0.         0.         0.         0.
 0.         0.         0.         0.         0.         0.
 0.         0.        ]
Normalized importance:  [0.92552561 0.92552561 0.92552561 0.92552561 0.92552561 0.92552561
 0.91065199 0.91065199 0.91065199 0.91065199 0.91065199 0.91065199
 0.         0.         0.         0.         0.         0.
 0.36725648 0.36725648 0.36725648 0.         0.36725648 0.36725648
 0.94767746 0.94767746 0.94767746 0.94767746 0.94767746 0.94767746
 0.93094984 0.93094984 0.93094984 0.93094984 0.93094984 0.93094984
 0.41933775 0.41933775 0.41933775 0.41933775 0.41933775 0.41933775
 0.79778906 0.79778906 0.79778906 0.79778906 0.79778906 0.79778906
 1.         1.         1.         1.         1.         1.
 0.55726498 0.55726498 0.55726498 0.55726498 0.55726498 0.55726498
 0.         0.         0.         0.25845017 0.         0.
 0.         0.         0.         0.         0.         0.
 0.         0.         0.         0.         0.         0.
 0.         0.         0.         0.         0.         0.
 0.17809551 0.         0.         0.         0.         0.
 0.         0.         0.         0.         0.         0.
 0.         0.         0.         0.         0.         0.
 0.15891331 0.         0.         0.11481833 0.         0.
 0.         0.         0.         0.         0.         0.
 0.         0.         0.         0.         0.         0.
 0.         0.         0.         0.         0.         0.
 0.         0.         0.         0.         0.         0.
 0.         0.         0.         0.         0.         0.
 0.         0.         0.         0.         0.         0.
 0.         0.         0.17289707 0.         0.         0.
 0.         0.         0.         0.         0.         0.
 0.         0.         0.         0.         0.         0.
 0.         0.         0.         0.         0.         0.20833536
 0.         0.         0.         0.         0.         0.
 0.         0.         0.         0.         0.26018561 0.
 0.         0.         0.         0.         0.         0.
 0.26667335 0.         0.         0.         0.18242531 0.
 0.         0.         0.         0.         0.         0.
 0.         0.        ]
deepbreaks
y_true:  [1. 1. 1. 1. 1. 1. 0. 0. 0. 0. 0. 0. 0. 0. 0. 0. 0. 0. 0. 0. 0. 0. 0. 0.
 1. 1. 1. 1. 1. 1. 1. 1. 1. 1. 1. 1. 0. 0. 0. 0. 0. 0. 0. 0. 0. 0. 0. 0.
 1. 1. 1. 1. 1. 1. 1. 1. 1. 1. 1. 1. 0. 0. 0. 0. 0. 0. 0. 0. 0. 0. 0. 0.
 0. 0. 0. 0. 0. 0. 0. 0. 0. 0. 0. 0. 0. 0. 0. 0. 0. 0. 0. 0. 0. 0. 0. 0.
 0. 0. 0. 0. 0. 0. 0. 0. 0. 0. 0. 0. 0. 0. 0. 0. 0. 0. 0. 0. 0. 0. 0. 0.
 0. 0. 0. 0. 0. 0. 0. 0. 0. 0. 0. 0. 0. 0. 0. 0. 0. 0. 0. 0. 0. 0. 0. 0.
 0. 0. 0. 0. 0. 0. 0. 0. 0. 0. 0. 0. 0. 0. 0. 0. 0. 0. 0. 0. 0. 0. 0. 0.
 0. 0. 0. 0. 0. 0. 0. 0. 0. 0. 0. 0. 0. 0. 0. 0. 0. 0. 0. 0. 0. 0. 0. 0.
 0. 0. 0. 0. 0. 0. 0. 0.]
y_pred:  [1. 1. 1. 1. 1. 1. 1. 1. 1. 1. 1. 1. 0. 0. 0. 0. 0. 0. 0. 0. 0. 0. 0. 0.
 1. 1. 1. 1. 1. 1. 1. 1. 1. 1. 1. 1. 0. 0. 0. 0. 0. 0. 1. 1. 1. 1. 1. 1.
 1. 1. 1. 1. 1. 1. 0. 0. 0. 0. 0. 0. 0. 0. 0. 0. 0. 0. 0. 0. 0. 0. 0. 0.
 0. 0. 0. 0. 0. 0. 0. 0. 0. 0. 0. 0. 0. 0. 0. 0. 0. 0. 0. 0. 0. 0. 0. 0.
 0. 0. 0. 0. 0. 0. 0. 0. 0. 0. 0. 0. 0. 0. 0. 0. 0. 0. 0. 0. 0. 0. 0. 0.
 0. 0. 0. 0. 0. 0. 0. 0. 0. 0. 0. 0. 0. 0. 0. 0. 0. 0. 0. 0. 0. 0. 0. 0.
 0. 0. 0. 0. 0. 0. 0. 0. 0. 0. 0. 0. 0. 0. 0. 0. 0. 0. 0. 0. 0. 0. 0. 0.
 0. 0. 0. 0. 0. 0. 0. 0. 0. 0. 0. 0. 0. 0. 0. 0. 0. 0. 0. 0. 0. 0. 0. 0.
 0. 0. 0. 0. 0. 0. 0. 0.]
Normalized importance:  [0.92393027 0.3518225  0.53724247 0.23137876 0.48335975 0.67353407
 0.56259905 0.27099842 0.38351823 0.30427892 0.26307448 0.22662441
 0.08541997 0.         0.10348653 0.         0.38510301 0.00161648
 0.47385103 0.01743265 0.30427892 0.         0.24405705 0.18383518
 0.98415214 0.19492868 0.51030111 0.29952456 0.56259905 0.50871632
 0.88272583 0.45007924 0.30110935 0.4088748  0.16798732 0.64500792
 0.21394612 0.20760697 0.         0.07242472 0.25356577 0.50237718
 0.35816165 0.41204437 0.19651347 0.25673534 0.2836767  0.07210777
 1.         0.77020602 0.19968304 0.26782884 0.54199683 0.70998415
 0.53090333 0.50713154 0.30110935 0.         0.50079239 0.122187
 0.         0.2614897  0.15641838 0.34231379 0.00936609 0.19017433
 0.10729002 0.         0.1933439  0.23930269 0.         0.
 0.25990491 0.0836767  0.19492868 0.         0.         0.37242472
 0.         0.         0.         0.         0.         0.08573693
 0.06687797 0.         0.23137876 0.0526149  0.02012678 0.
 0.23137876 0.         0.         0.         0.14786054 0.
 0.15641838 0.         0.         0.         0.12361331 0.
 0.16006339 0.11616482 0.         0.15847861 0.         0.36767036
 0.03312203 0.         0.04453249 0.         0.14025357 0.
 0.11870048 0.16957211 0.         0.08684628 0.         0.29477021
 0.10158479 0.         0.20919176 0.24405705 0.01093502 0.05055468
 0.17749604 0.10269414 0.         0.         0.         0.
 0.21394612 0.07733756 0.         0.         0.         0.00293185
 0.10649762 0.06244057 0.00488114 0.         0.         0.14088748
 0.1822504  0.27733756 0.4659271  0.16640254 0.24247227 0.
 0.04152139 0.22979398 0.         0.         0.         0.00844691
 0.         0.25673534 0.         0.19809826 0.06085578 0.
 0.00364501 0.01120444 0.10713154 0.25356577 0.12424723 0.19492868
 0.340729   0.14453249 0.12060222 0.0518225  0.13692552 0.
 0.25673534 0.         0.29001585 0.15847861 0.08193344 0.
 0.         0.0770206  0.13090333 0.         0.10459588 0.27892235
 0.22979398 0.         0.16164818 0.         0.28684628 0.06703645
 0.21236133 0.13122029 0.         0.         0.11679873 0.24564184
 0.         0.        ]
pyseer
y_true:  [1. 1. 1. 1. 1. 1. 0. 0. 0. 0. 0. 0. 0. 0. 0. 0. 0. 0. 0. 0. 0. 0. 0. 0.
 1. 1. 1. 1. 1. 1. 1. 1. 1. 1. 1. 1. 0. 0. 0. 0. 0. 0. 0. 0. 0. 0. 0. 0.
 1. 1. 1. 1. 1. 1. 1. 1. 1. 1. 1. 1. 0. 0. 0. 0. 0. 0. 0. 0. 0. 0. 0. 0.
 0. 0. 0. 0. 0. 0. 0. 0. 0. 0. 0. 0. 0. 0. 0. 0. 0. 0. 0. 0. 0. 0. 0. 0.
 0. 0. 0. 0. 0. 0. 0. 0. 0. 0. 0. 0. 0. 0. 0. 0. 0. 0. 0. 0. 0. 0. 0. 0.
 0. 0. 0. 0. 0. 0. 0. 0. 0. 0. 0. 0. 0. 0. 0. 0. 0. 0. 0. 0. 0. 0. 0. 0.
 0. 0. 0. 0. 0. 0. 0. 0. 0. 0. 0. 0. 0. 0. 0. 0. 0. 0. 0. 0. 0. 0. 0. 0.
 0. 0. 0. 0. 0. 0. 0. 0. 0. 0. 0. 0. 0. 0. 0. 0. 0. 0. 0. 0. 0. 0. 0. 0.
 0. 0. 0. 0. 0. 0. 0. 0.]
y_pred:  [1. 1. 1. 1. 1. 1. 1. 1. 1. 1. 1. 1. 0. 0. 0. 0. 1. 0. 1. 0. 1. 0. 1. 0.
 1. 0. 1. 1. 1. 1. 1. 1. 1. 1. 0. 1. 1. 1. 0. 0. 1. 1. 1. 1. 0. 1. 1. 0.
 1. 1. 1. 1. 1. 1. 1. 1. 1. 0. 1. 0. 0. 1. 0. 1. 0. 0. 0. 0. 0. 1. 0. 0.
 1. 0. 0. 0. 0. 1. 0. 0. 0. 0. 0. 0. 0. 0. 1. 0. 0. 0. 1. 0. 0. 0. 0. 0.
 0. 0. 0. 0. 0. 0. 0. 0. 0. 0. 0. 1. 0. 0. 0. 0. 0. 0. 0. 0. 0. 0. 0. 1.
 0. 0. 1. 1. 0. 0. 0. 0. 0. 0. 0. 0. 1. 0. 0. 0. 0. 0. 0. 0. 0. 0. 0. 0.
 0. 1. 1. 0. 1. 0. 0. 1. 0. 0. 0. 0. 0. 1. 0. 0. 0. 0. 0. 0. 0. 1. 0. 0.
 1. 0. 0. 0. 0. 0. 1. 0. 1. 0. 0. 0. 0. 0. 0. 0. 0. 1. 1. 0. 0. 0. 1. 0.
 1. 0. 0. 0. 0. 1. 0. 0.]
Time taken: 30.217536211013794 seconds
Running combination 39 of 50
Fitting RandomForest...
Fitting Adaboost...
Fitting AdaBoost_2...
Fitting et...
Fitting gbc...
Fitting gbc_2...
Fitting gbc_3...
Fitting dt...
Fitting lr...
Fitting Lasso_1...
Fitting Lasso_2...
Fitting Lasso_3...
Fitting Lasso_4...
Fitting elasticnet...
VCF file created successfully.
pyseer stderr:  Read 1000 phenotypes
Detected continuous phenotype
Reading all variants

0variants [00:00, ?variants/s]
56variants [00:00, 557.94variants/s]
112variants [00:00, 485.98variants/s]
169variants [00:00, 517.96variants/s]
198variants [00:00, 521.98variants/s]
Applying correlation filtering

  0%|          | 0/198 [00:00<?, ?variants/s]
100%|██████████| 198/198 [00:00<00:00, 2612.03variants/s]
Fitting elastic net to top 148 variants
Best penalty (lambda) from cross-validation: 2.88E+01
Best R^2 from cross-validation: 0.560
Finding and printing selected variants
198 loaded variants
50 pre-filtered variants
148 tested variants
140 printed variants

True importance standardized:  [0.78398482 0.78398482 0.78398482 0.78398482 0.78398482 0.78398482
 0.45545523 0.45545523 0.45545523 0.45545523 0.45545523 0.45545523
 0.14121703 0.14121703 0.14121703 0.14121703 0.14121703 0.14121703
 0.69926185 0.69926185 0.69926185 0.69926185 0.69926185 0.69926185
 0.81826676 0.81826676 0.81826676 0.81826676 0.81826676 0.81826676
 0.52421027 0.52421027 0.52421027 0.52421027 0.52421027 0.52421027
 0.81589899 0.81589899 0.81589899 0.81589899 0.81589899 0.81589899
 0.91162288 0.91162288 0.91162288 0.91162288 0.91162288 0.91162288
 0.45402462 0.45402462 0.45402462 0.45402462 0.45402462 0.45402462
 1.         1.         1.         1.         1.         1.
 0.         0.         0.         0.         0.         0.
 0.         0.         0.         0.         0.         0.
 0.         0.         0.         0.         0.         0.
 0.         0.         0.         0.         0.         0.
 0.         0.         0.         0.         0.         0.
 0.         0.         0.         0.         0.         0.
 0.         0.         0.         0.         0.         0.
 0.         0.         0.         0.         0.         0.
 0.         0.         0.         0.         0.         0.
 0.         0.         0.         0.         0.         0.
 0.         0.         0.         0.         0.         0.
 0.         0.         0.         0.         0.         0.
 0.         0.         0.         0.         0.         0.
 0.         0.         0.         0.         0.         0.
 0.         0.         0.         0.         0.         0.
 0.         0.         0.         0.         0.         0.
 0.         0.         0.         0.         0.         0.
 0.         0.         0.         0.         0.         0.
 0.         0.         0.         0.         0.         0.
 0.         0.         0.         0.         0.         0.
 0.         0.         0.         0.         0.         0.
 0.         0.         0.         0.         0.         0.
 0.         0.         0.         0.         0.         0.
 0.         0.        ]
Normalized importance:  [0.4585718  0.4585718  0.4585718  0.4585718  0.4585718  0.4585718
 0.10242502 0.10242502 0.10242502 0.10242502 0.10242502 0.10242502
 0.         0.         0.         0.         0.00336005 0.02813071
 0.17295932 0.17295932 0.17295932 0.17295932 0.17295932 0.17295932
 0.58648169 0.58648169 0.58648169 0.58648169 0.58648169 0.58648169
 0.11325745 0.11325745 0.11325745 0.11325745 0.11325745 0.11325745
 0.5758787  0.5758787  0.5758787  0.5758787  0.5758787  0.5758787
 0.73408211 0.73408211 0.73408211 0.73408211 0.73408211 0.73408211
 0.09500357 0.09500357 0.09500357 0.09500357 0.09500357 0.
 1.         1.         1.         1.         1.         1.
 0.         0.         0.         0.00482042 0.         0.
 0.         0.         0.         0.         0.         0.02608847
 0.         0.         0.         0.         0.         0.
 0.         0.         0.         0.         0.         0.
 0.         0.         0.         0.         0.         0.
 0.         0.         0.         0.00802471 0.         0.02719971
 0.         0.         0.         0.         0.         0.
 0.         0.         0.         0.         0.         0.
 0.         0.         0.         0.         0.         0.
 0.         0.         0.         0.         0.         0.
 0.         0.         0.         0.02538384 0.02966082 0.
 0.         0.01422872 0.         0.         0.         0.
 0.         0.00624329 0.         0.         0.         0.0293426
 0.         0.         0.         0.03540281 0.         0.
 0.         0.         0.         0.         0.004757   0.00532703
 0.         0.         0.         0.         0.         0.
 0.         0.         0.         0.         0.         0.01670383
 0.         0.         0.         0.         0.         0.
 0.         0.         0.         0.         0.         0.
 0.         0.         0.02949451 0.         0.         0.
 0.01889138 0.         0.         0.         0.         0.
 0.         0.         0.         0.         0.         0.
 0.         0.         0.         0.         0.         0.
 0.         0.        ]
deepbreaks
y_true:  [1. 1. 1. 1. 1. 1. 0. 0. 0. 0. 0. 0. 0. 0. 0. 0. 0. 0. 0. 0. 0. 0. 0. 0.
 1. 1. 1. 1. 1. 1. 0. 0. 0. 0. 0. 0. 1. 1. 1. 1. 1. 1. 1. 1. 1. 1. 1. 1.
 0. 0. 0. 0. 0. 0. 1. 1. 1. 1. 1. 1. 0. 0. 0. 0. 0. 0. 0. 0. 0. 0. 0. 0.
 0. 0. 0. 0. 0. 0. 0. 0. 0. 0. 0. 0. 0. 0. 0. 0. 0. 0. 0. 0. 0. 0. 0. 0.
 0. 0. 0. 0. 0. 0. 0. 0. 0. 0. 0. 0. 0. 0. 0. 0. 0. 0. 0. 0. 0. 0. 0. 0.
 0. 0. 0. 0. 0. 0. 0. 0. 0. 0. 0. 0. 0. 0. 0. 0. 0. 0. 0. 0. 0. 0. 0. 0.
 0. 0. 0. 0. 0. 0. 0. 0. 0. 0. 0. 0. 0. 0. 0. 0. 0. 0. 0. 0. 0. 0. 0. 0.
 0. 0. 0. 0. 0. 0. 0. 0. 0. 0. 0. 0. 0. 0. 0. 0. 0. 0. 0. 0. 0. 0. 0. 0.
 0. 0. 0. 0. 0. 0. 0. 0.]
y_pred:  [1. 1. 1. 1. 1. 1. 0. 0. 0. 0. 0. 0. 0. 0. 0. 0. 0. 0. 1. 1. 1. 1. 1. 1.
 1. 1. 1. 1. 1. 1. 0. 0. 0. 0. 0. 0. 1. 1. 1. 1. 1. 1. 1. 1. 1. 1. 1. 1.
 0. 0. 0. 0. 0. 0. 1. 1. 1. 1. 1. 1. 0. 0. 0. 0. 0. 0. 0. 0. 0. 0. 0. 0.
 0. 0. 0. 0. 0. 0. 0. 0. 0. 0. 0. 0. 0. 0. 0. 0. 0. 0. 0. 0. 0. 0. 0. 0.
 0. 0. 0. 0. 0. 0. 0. 0. 0. 0. 0. 0. 0. 0. 0. 0. 0. 0. 0. 0. 0. 0. 0. 0.
 0. 0. 0. 0. 0. 0. 0. 0. 0. 0. 0. 0. 0. 0. 0. 0. 0. 0. 0. 0. 0. 0. 0. 0.
 0. 0. 0. 0. 0. 0. 0. 0. 0. 0. 0. 0. 0. 0. 0. 0. 0. 0. 0. 0. 0. 0. 0. 0.
 0. 0. 0. 0. 0. 0. 0. 0. 0. 0. 0. 0. 0. 0. 0. 0. 0. 0. 0. 0. 0. 0. 0. 0.
 0. 0. 0. 0. 0. 0. 0. 0.]
Normalized importance:  [7.97385621e-01 1.75163399e-01 5.75163399e-01 6.66666667e-02
 8.36601307e-02 3.94117647e-01 3.46405229e-01 1.37254902e-01
 0.00000000e+00 2.80392157e-01 4.62091503e-01 2.64052288e-03
 1.20261438e-01 0.00000000e+00 0.00000000e+00 1.01960784e-01
 6.60130719e-02 1.69281046e-01 7.12418301e-01 1.25490196e-01
 3.71895425e-01 3.37254902e-01 7.05882353e-02 2.83660131e-02
 8.56209150e-01 2.58169935e-01 3.73202614e-01 6.73202614e-01
 3.07843137e-01 0.00000000e+00 3.22875817e-01 2.96078431e-01
 1.84313725e-01 3.10457516e-01 2.70588235e-01 7.38562092e-02
 6.79738562e-01 7.84313725e-01 1.88888889e-01 1.64052288e-01
 3.66666667e-01 3.73202614e-01 8.16993464e-01 3.45098039e-01
 3.54248366e-01 4.55555556e-01 6.53594771e-01 3.49673203e-01
 2.38562092e-01 1.69281046e-01 3.63398693e-01 9.54248366e-02
 1.34640523e-01 4.41830065e-02 1.00000000e+00 5.07189542e-01
 2.43137255e-01 5.45751634e-01 4.62091503e-01 3.69281046e-01
 2.36601307e-02 0.00000000e+00 2.30065359e-02 2.06535948e-01
 2.28104575e-01 1.90849673e-01 0.00000000e+00 0.00000000e+00
 2.22875817e-01 0.00000000e+00 0.00000000e+00 2.91503268e-01
 8.30065359e-02 0.00000000e+00 2.72549020e-01 0.00000000e+00
 2.95424837e-01 0.00000000e+00 0.00000000e+00 1.91503268e-01
 1.03267974e-01 0.00000000e+00 5.92156863e-02 2.19607843e-01
 1.08496732e-01 4.79738562e-02 7.25490196e-02 1.54901961e-01
 9.34640523e-02 8.43137255e-02 1.51633987e-01 1.37254902e-01
 0.00000000e+00 2.47058824e-01 1.53594771e-01 1.48366013e-01
 5.47058824e-02 1.14379085e-01 3.66013072e-01 8.23529412e-02
 1.01960784e-01 4.70588235e-02 0.00000000e+00 0.00000000e+00
 0.00000000e+00 3.66013072e-01 1.10457516e-01 1.56862745e-01
 2.58169935e-02 6.53594771e-02 1.13071895e-01 0.00000000e+00
 6.92810458e-02 1.07843137e-01 3.40522876e-01 0.00000000e+00
 1.36601307e-01 0.00000000e+00 0.00000000e+00 7.77777778e-02
 4.50326797e-02 0.00000000e+00 0.00000000e+00 3.11764706e-01
 3.56862745e-01 0.00000000e+00 3.12418301e-02 3.32679739e-01
 0.00000000e+00 0.00000000e+00 0.00000000e+00 0.00000000e+00
 0.00000000e+00 9.93464052e-02 1.04575163e-01 0.00000000e+00
 3.45098039e-02 1.86928105e-01 0.00000000e+00 0.00000000e+00
 0.00000000e+00 2.64052288e-01 0.00000000e+00 9.41176471e-02
 0.00000000e+00 0.00000000e+00 0.00000000e+00 0.00000000e+00
 0.00000000e+00 2.08496732e-01 1.16339869e-01 0.00000000e+00
 0.00000000e+00 2.26143791e-01 0.00000000e+00 0.00000000e+00
 2.16339869e-01 2.43790850e-02 2.49673203e-02 1.47712418e-01
 5.09150327e-02 9.01960784e-02 6.52941176e-02 0.00000000e+00
 9.21568627e-02 0.00000000e+00 0.00000000e+00 2.18300654e-01
 2.56862745e-02 3.55555556e-02 1.19607843e-01 0.00000000e+00
 1.26797386e-01 1.63398693e-01 0.00000000e+00 0.00000000e+00
 2.67973856e-01 1.99346405e-01 2.74509804e-02 2.97385621e-02
 2.96732026e-01 2.36601307e-01 0.00000000e+00 0.00000000e+00
 1.16339869e-01 8.10457516e-04 0.00000000e+00 0.00000000e+00
 1.35294118e-01 0.00000000e+00 0.00000000e+00 1.19607843e-01
 8.82352941e-02 2.37254902e-01 0.00000000e+00 2.09150327e-01
 8.23529412e-02 0.00000000e+00 0.00000000e+00 0.00000000e+00]
pyseer
y_true:  [1. 1. 1. 1. 1. 1. 0. 0. 0. 0. 0. 0. 0. 0. 0. 0. 0. 0. 0. 0. 0. 0. 0. 0.
 1. 1. 1. 1. 1. 1. 0. 0. 0. 0. 0. 0. 1. 1. 1. 1. 1. 1. 1. 1. 1. 1. 1. 1.
 0. 0. 0. 0. 0. 0. 1. 1. 1. 1. 1. 1. 0. 0. 0. 0. 0. 0. 0. 0. 0. 0. 0. 0.
 0. 0. 0. 0. 0. 0. 0. 0. 0. 0. 0. 0. 0. 0. 0. 0. 0. 0. 0. 0. 0. 0. 0. 0.
 0. 0. 0. 0. 0. 0. 0. 0. 0. 0. 0. 0. 0. 0. 0. 0. 0. 0. 0. 0. 0. 0. 0. 0.
 0. 0. 0. 0. 0. 0. 0. 0. 0. 0. 0. 0. 0. 0. 0. 0. 0. 0. 0. 0. 0. 0. 0. 0.
 0. 0. 0. 0. 0. 0. 0. 0. 0. 0. 0. 0. 0. 0. 0. 0. 0. 0. 0. 0. 0. 0. 0. 0.
 0. 0. 0. 0. 0. 0. 0. 0. 0. 0. 0. 0. 0. 0. 0. 0. 0. 0. 0. 0. 0. 0. 0. 0.
 0. 0. 0. 0. 0. 0. 0. 0.]
y_pred:  [1. 1. 1. 0. 0. 1. 1. 0. 0. 1. 1. 0. 0. 0. 0. 0. 0. 1. 1. 0. 1. 1. 0. 0.
 1. 1. 1. 1. 1. 0. 1. 1. 1. 1. 1. 0. 1. 1. 1. 1. 1. 1. 1. 1. 1. 1. 1. 1.
 1. 1. 1. 0. 0. 0. 1. 1. 1. 1. 1. 1. 0. 0. 0. 1. 1. 1. 0. 0. 1. 0. 0. 1.
 0. 0. 1. 0. 1. 0. 0. 1. 0. 0. 0. 1. 0. 0. 0. 0. 0. 0. 0. 0. 0. 1. 0. 0.
 0. 0. 1. 0. 0. 0. 0. 0. 0. 1. 0. 0. 0. 0. 0. 0. 0. 0. 1. 0. 0. 0. 0. 0.
 0. 0. 0. 1. 1. 0. 0. 1. 0. 0. 0. 0. 0. 0. 0. 0. 0. 1. 0. 0. 0. 1. 0. 0.
 0. 0. 0. 0. 0. 1. 0. 0. 0. 1. 0. 0. 1. 0. 0. 0. 0. 0. 0. 0. 0. 0. 0. 1.
 0. 0. 0. 0. 0. 0. 0. 0. 1. 1. 0. 0. 1. 1. 0. 0. 0. 0. 0. 0. 0. 0. 0. 0.
 0. 1. 0. 1. 0. 0. 0. 0.]
Time taken: 24.296444416046143 seconds
Running combination 40 of 50
Fitting RandomForest...
Fitting Adaboost...
Fitting AdaBoost_2...
Fitting et...
Fitting gbc...
Fitting gbc_2...
Fitting gbc_3...
Fitting dt...
Fitting lr...
Fitting Lasso_1...
Fitting Lasso_2...
Fitting Lasso_3...
Fitting Lasso_4...
Fitting elasticnet...
VCF file created successfully.
pyseer stderr:  Read 1000 phenotypes
Detected continuous phenotype
Reading all variants

0variants [00:00, ?variants/s]
54variants [00:00, 535.42variants/s]
108variants [00:00, 478.56variants/s]
164variants [00:00, 511.15variants/s]
198variants [00:00, 515.66variants/s]
Applying correlation filtering

  0%|          | 0/198 [00:00<?, ?variants/s]
100%|██████████| 198/198 [00:00<00:00, 2694.66variants/s]
Fitting elastic net to top 148 variants
Best penalty (lambda) from cross-validation: 2.18E+01
Best R^2 from cross-validation: 0.471
Finding and printing selected variants
198 loaded variants
50 pre-filtered variants
148 tested variants
141 printed variants

True importance standardized:  [0.71871574 0.71871574 0.71871574 0.71871574 0.71871574 0.71871574
 0.68069107 0.68069107 0.68069107 0.68069107 0.68069107 0.68069107
 0.53055555 0.53055555 0.53055555 0.53055555 0.53055555 0.53055555
 0.1791391  0.1791391  0.1791391  0.1791391  0.1791391  0.1791391
 0.9760825  0.9760825  0.9760825  0.9760825  0.9760825  0.9760825
 0.18840279 0.18840279 0.18840279 0.18840279 0.18840279 0.18840279
 0.97165564 0.97165564 0.97165564 0.97165564 0.97165564 0.97165564
 1.         1.         1.         1.         1.         1.
 0.84060303 0.84060303 0.84060303 0.84060303 0.84060303 0.84060303
 0.36208799 0.36208799 0.36208799 0.36208799 0.36208799 0.36208799
 0.         0.         0.         0.         0.         0.
 0.         0.         0.         0.         0.         0.
 0.         0.         0.         0.         0.         0.
 0.         0.         0.         0.         0.         0.
 0.         0.         0.         0.         0.         0.
 0.         0.         0.         0.         0.         0.
 0.         0.         0.         0.         0.         0.
 0.         0.         0.         0.         0.         0.
 0.         0.         0.         0.         0.         0.
 0.         0.         0.         0.         0.         0.
 0.         0.         0.         0.         0.         0.
 0.         0.         0.         0.         0.         0.
 0.         0.         0.         0.         0.         0.
 0.         0.         0.         0.         0.         0.
 0.         0.         0.         0.         0.         0.
 0.         0.         0.         0.         0.         0.
 0.         0.         0.         0.         0.         0.
 0.         0.         0.         0.         0.         0.
 0.         0.         0.         0.         0.         0.
 0.         0.         0.         0.         0.         0.
 0.         0.         0.         0.         0.         0.
 0.         0.         0.         0.         0.         0.
 0.         0.         0.         0.         0.         0.
 0.         0.        ]
Normalized importance:  [0.47482223 0.47482223 0.47482223 0.47482223 0.47482223 0.47482223
 0.45555354 0.45555354 0.45555354 0.45555354 0.45555354 0.45555354
 0.824261   0.824261   0.824261   0.824261   0.824261   0.824261
 0.07958858 0.         0.         0.         0.07958858 0.07958858
 1.         1.         1.         1.         1.         1.
 0.05998058 0.05998058 0.         0.05998058 0.05998058 0.
 0.86206483 0.86206483 0.86206483 0.86206483 0.86206483 0.86206483
 0.99399591 0.99399591 0.99399591 0.99399591 0.99399591 0.99399591
 0.55546952 0.55546952 0.55546952 0.55546952 0.55546952 0.55546952
 0.22258717 0.22258717 0.         0.22258717 0.         0.
 0.         0.03792862 0.         0.         0.         0.
 0.02484375 0.         0.         0.         0.         0.
 0.         0.         0.         0.         0.         0.
 0.         0.         0.         0.         0.         0.
 0.         0.         0.         0.         0.         0.
 0.         0.03413273 0.         0.         0.         0.
 0.07006881 0.         0.         0.         0.07009825 0.
 0.         0.         0.04027    0.         0.         0.
 0.         0.         0.02929181 0.         0.         0.
 0.         0.         0.         0.         0.         0.
 0.04415136 0.         0.         0.         0.         0.
 0.         0.         0.         0.         0.03650132 0.01809562
 0.10390961 0.         0.         0.         0.         0.
 0.         0.         0.         0.         0.         0.
 0.         0.         0.         0.         0.         0.
 0.         0.         0.         0.         0.         0.
 0.         0.         0.         0.         0.         0.
 0.01875943 0.         0.         0.         0.04374164 0.
 0.         0.         0.         0.         0.         0.02098852
 0.         0.         0.         0.04826895 0.01472465 0.
 0.         0.         0.         0.         0.         0.
 0.         0.         0.         0.         0.         0.
 0.         0.         0.         0.         0.         0.
 0.         0.        ]
deepbreaks
y_true:  [1. 1. 1. 1. 1. 1. 0. 0. 0. 0. 0. 0. 0. 0. 0. 0. 0. 0. 0. 0. 0. 0. 0. 0.
 1. 1. 1. 1. 1. 1. 0. 0. 0. 0. 0. 0. 1. 1. 1. 1. 1. 1. 1. 1. 1. 1. 1. 1.
 1. 1. 1. 1. 1. 1. 0. 0. 0. 0. 0. 0. 0. 0. 0. 0. 0. 0. 0. 0. 0. 0. 0. 0.
 0. 0. 0. 0. 0. 0. 0. 0. 0. 0. 0. 0. 0. 0. 0. 0. 0. 0. 0. 0. 0. 0. 0. 0.
 0. 0. 0. 0. 0. 0. 0. 0. 0. 0. 0. 0. 0. 0. 0. 0. 0. 0. 0. 0. 0. 0. 0. 0.
 0. 0. 0. 0. 0. 0. 0. 0. 0. 0. 0. 0. 0. 0. 0. 0. 0. 0. 0. 0. 0. 0. 0. 0.
 0. 0. 0. 0. 0. 0. 0. 0. 0. 0. 0. 0. 0. 0. 0. 0. 0. 0. 0. 0. 0. 0. 0. 0.
 0. 0. 0. 0. 0. 0. 0. 0. 0. 0. 0. 0. 0. 0. 0. 0. 0. 0. 0. 0. 0. 0. 0. 0.
 0. 0. 0. 0. 0. 0. 0. 0.]
y_pred:  [1. 1. 1. 1. 1. 1. 0. 0. 0. 0. 0. 0. 1. 1. 1. 1. 1. 1. 0. 0. 0. 0. 0. 0.
 1. 1. 1. 1. 1. 1. 0. 0. 0. 0. 0. 0. 1. 1. 1. 1. 1. 1. 1. 1. 1. 1. 1. 1.
 1. 1. 1. 1. 1. 1. 0. 0. 0. 0. 0. 0. 0. 0. 0. 0. 0. 0. 0. 0. 0. 0. 0. 0.
 0. 0. 0. 0. 0. 0. 0. 0. 0. 0. 0. 0. 0. 0. 0. 0. 0. 0. 0. 0. 0. 0. 0. 0.
 0. 0. 0. 0. 0. 0. 0. 0. 0. 0. 0. 0. 0. 0. 0. 0. 0. 0. 0. 0. 0. 0. 0. 0.
 0. 0. 0. 0. 0. 0. 0. 0. 0. 0. 0. 0. 0. 0. 0. 0. 0. 0. 0. 0. 0. 0. 0. 0.
 0. 0. 0. 0. 0. 0. 0. 0. 0. 0. 0. 0. 0. 0. 0. 0. 0. 0. 0. 0. 0. 0. 0. 0.
 0. 0. 0. 0. 0. 0. 0. 0. 0. 0. 0. 0. 0. 0. 0. 0. 0. 0. 0. 0. 0. 0. 0. 0.
 0. 0. 0. 0. 0. 0. 0. 0.]
Normalized importance:  [0.58666667 0.51466667 0.37066667 0.26133333 0.30266667 0.396
 0.57466667 0.24533333 0.34133333 0.51866667 0.35333333 0.172
 0.62       0.0836     0.10773333 0.328      0.50666667 0.16133333
 0.148      0.12933333 0.         0.09173333 0.106      0.34133333
 0.94133333 0.31066667 0.15066667 0.45866667 0.52933333 0.52533333
 0.188      0.144      0.08       0.052      0.32       0.01986667
 0.904      0.28266667 0.19466667 0.36       0.59066667 0.52266667
 1.         0.         0.56666667 0.504      0.468      0.368
 0.80666667 0.04866667 0.74266667 0.09826667 0.07733333 0.724
 0.43866667 0.53866667 0.01986667 0.37066667 0.03066667 0.
 0.0296     0.18933333 0.19466667 0.244      0.         0.
 0.168      0.         0.23866667 0.         0.         0.17733333
 0.15866667 0.07533333 0.         0.         0.16266667 0.06786667
 0.042      0.         0.03586667 0.         0.13186667 0.
 0.1308     0.         0.15466667 0.24266667 0.272      0.13106667
 0.         0.08013333 0.         0.224      0.204      0.
 0.33066667 0.         0.         0.         0.344      0.102
 0.         0.         0.388      0.0956     0.10066667 0.
 0.12813333 0.1036     0.19466667 0.         0.08973333 0.
 0.         0.00813333 0.02266667 0.24933333 0.         0.
 0.29733333 0.0668     0.31466667 0.0596     0.11293333 0.
 0.23066667 0.         0.08586667 0.         0.38933333 0.16133333
 0.488      0.         0.08133333 0.17866667 0.324      0.
 0.0952     0.         0.04226667 0.         0.05853333 0.
 0.0528     0.24666667 0.148      0.         0.0304     0.20666667
 0.         0.         0.         0.13733333 0.         0.
 0.03253333 0.         0.         0.152      0.12106667 0.28533333
 0.18133333 0.         0.         0.01134667 0.25733333 0.0916
 0.25333333 0.04533333 0.01493333 0.15866667 0.         0.29066667
 0.19333333 0.         0.         0.244      0.19866667 0.
 0.216      0.0668     0.         0.11733333 0.38666667 0.
 0.         0.         0.1068     0.26133333 0.19333333 0.00528
 0.         0.01177333 0.13866667 0.232      0.         0.
 0.         0.        ]
pyseer
y_true:  [1. 1. 1. 1. 1. 1. 0. 0. 0. 0. 0. 0. 0. 0. 0. 0. 0. 0. 0. 0. 0. 0. 0. 0.
 1. 1. 1. 1. 1. 1. 0. 0. 0. 0. 0. 0. 1. 1. 1. 1. 1. 1. 1. 1. 1. 1. 1. 1.
 1. 1. 1. 1. 1. 1. 0. 0. 0. 0. 0. 0. 0. 0. 0. 0. 0. 0. 0. 0. 0. 0. 0. 0.
 0. 0. 0. 0. 0. 0. 0. 0. 0. 0. 0. 0. 0. 0. 0. 0. 0. 0. 0. 0. 0. 0. 0. 0.
 0. 0. 0. 0. 0. 0. 0. 0. 0. 0. 0. 0. 0. 0. 0. 0. 0. 0. 0. 0. 0. 0. 0. 0.
 0. 0. 0. 0. 0. 0. 0. 0. 0. 0. 0. 0. 0. 0. 0. 0. 0. 0. 0. 0. 0. 0. 0. 0.
 0. 0. 0. 0. 0. 0. 0. 0. 0. 0. 0. 0. 0. 0. 0. 0. 0. 0. 0. 0. 0. 0. 0. 0.
 0. 0. 0. 0. 0. 0. 0. 0. 0. 0. 0. 0. 0. 0. 0. 0. 0. 0. 0. 0. 0. 0. 0. 0.
 0. 0. 0. 0. 0. 0. 0. 0.]
y_pred:  [1. 1. 1. 1. 1. 1. 1. 1. 1. 1. 1. 0. 1. 0. 0. 1. 1. 0. 0. 0. 0. 0. 0. 1.
 1. 1. 0. 1. 1. 1. 0. 0. 0. 0. 1. 0. 1. 1. 1. 1. 1. 1. 1. 0. 1. 1. 1. 1.
 1. 0. 1. 0. 0. 1. 1. 1. 0. 1. 0. 0. 0. 1. 1. 1. 0. 0. 0. 0. 1. 0. 0. 0.
 0. 0. 0. 0. 0. 0. 0. 0. 0. 0. 0. 0. 0. 0. 0. 1. 1. 0. 0. 0. 0. 1. 1. 0.
 1. 0. 0. 0. 1. 0. 0. 0. 1. 0. 0. 0. 0. 0. 1. 0. 0. 0. 0. 0. 0. 1. 0. 0.
 1. 0. 1. 0. 0. 0. 1. 0. 0. 0. 1. 0. 1. 0. 0. 0. 1. 0. 0. 0. 0. 0. 0. 0.
 0. 1. 0. 0. 0. 1. 0. 0. 0. 0. 0. 0. 0. 0. 0. 0. 0. 1. 0. 0. 0. 0. 1. 0.
 1. 0. 0. 0. 0. 1. 1. 0. 0. 1. 1. 0. 1. 0. 0. 0. 1. 0. 0. 0. 0. 1. 1. 0.
 0. 0. 0. 1. 0. 0. 0. 0.]
Time taken: 24.261006116867065 seconds
Running combination 41 of 50
Fitting RandomForest...
Fitting Adaboost...
Fitting AdaBoost_2...
Fitting et...
Fitting gbc...
Fitting gbc_2...
Fitting gbc_3...
Fitting dt...
Fitting lr...
Fitting Lasso_1...
Fitting Lasso_2...
Fitting Lasso_3...
Fitting Lasso_4...
Fitting elasticnet...
VCF file created successfully.
pyseer stderr:  Read 1000 phenotypes
Detected continuous phenotype
Reading all variants

0variants [00:00, ?variants/s]
55variants [00:00, 541.39variants/s]
110variants [00:00, 467.52variants/s]
164variants [00:00, 497.08variants/s]
198variants [00:00, 502.46variants/s]
Applying correlation filtering

  0%|          | 0/198 [00:00<?, ?variants/s]
100%|██████████| 198/198 [00:00<00:00, 2616.83variants/s]
Fitting elastic net to top 148 variants
Best penalty (lambda) from cross-validation: 4.42E+01
Best R^2 from cross-validation: 0.508
Finding and printing selected variants
198 loaded variants
50 pre-filtered variants
148 tested variants
131 printed variants

True importance standardized:  [0.93002115 0.93002115 0.93002115 0.93002115 0.93002115 0.93002115
 0.14288435 0.14288435 0.14288435 0.14288435 0.14288435 0.14288435
 0.15711233 0.15711233 0.15711233 0.15711233 0.15711233 0.15711233
 1.         1.         1.         1.         1.         1.
 0.39559051 0.39559051 0.39559051 0.39559051 0.39559051 0.39559051
 0.8991941  0.8991941  0.8991941  0.8991941  0.8991941  0.8991941
 0.88187123 0.88187123 0.88187123 0.88187123 0.88187123 0.88187123
 0.79718292 0.79718292 0.79718292 0.79718292 0.79718292 0.79718292
 0.9353762  0.9353762  0.9353762  0.9353762  0.9353762  0.9353762
 0.16005702 0.16005702 0.16005702 0.16005702 0.16005702 0.16005702
 0.         0.         0.         0.         0.         0.
 0.         0.         0.         0.         0.         0.
 0.         0.         0.         0.         0.         0.
 0.         0.         0.         0.         0.         0.
 0.         0.         0.         0.         0.         0.
 0.         0.         0.         0.         0.         0.
 0.         0.         0.         0.         0.         0.
 0.         0.         0.         0.         0.         0.
 0.         0.         0.         0.         0.         0.
 0.         0.         0.         0.         0.         0.
 0.         0.         0.         0.         0.         0.
 0.         0.         0.         0.         0.         0.
 0.         0.         0.         0.         0.         0.
 0.         0.         0.         0.         0.         0.
 0.         0.         0.         0.         0.         0.
 0.         0.         0.         0.         0.         0.
 0.         0.         0.         0.         0.         0.
 0.         0.         0.         0.         0.         0.
 0.         0.         0.         0.         0.         0.
 0.         0.         0.         0.         0.         0.
 0.         0.         0.         0.         0.         0.
 0.         0.         0.         0.         0.         0.
 0.         0.         0.         0.         0.         0.
 0.         0.        ]
Normalized importance:  [0.83672206 0.83672206 0.83672206 0.83672206 0.83672206 0.83672206
 0.         0.         0.         0.         0.         0.
 0.         0.         0.         0.         0.         0.
 0.7465745  0.7465745  0.7465745  0.7465745  0.7465745  0.7465745
 0.22133575 0.22133575 0.22133575 0.22133575 0.22133575 0.22133575
 0.68050433 0.68050433 0.68050433 0.68050433 0.68050433 0.68050433
 0.60472109 0.60472109 0.60472109 0.60472109 0.60472109 0.60472109
 0.96371597 0.96371597 0.96371597 0.96371597 0.96371597 0.96371597
 1.         1.         1.         1.         1.         1.
 0.         0.         0.         0.         0.         0.
 0.         0.         0.         0.         0.         0.
 0.         0.         0.         0.         0.         0.
 0.         0.         0.         0.         0.         0.02325278
 0.         0.01816629 0.         0.         0.         0.00917724
 0.         0.         0.         0.         0.         0.
 0.         0.         0.         0.         0.         0.
 0.         0.         0.         0.         0.         0.
 0.         0.         0.         0.         0.         0.
 0.04391935 0.         0.         0.         0.         0.
 0.         0.         0.         0.         0.         0.
 0.         0.00957348 0.         0.         0.         0.
 0.         0.         0.02710667 0.         0.         0.
 0.         0.         0.         0.         0.         0.
 0.         0.         0.         0.         0.         0.02742574
 0.         0.         0.02101579 0.         0.         0.
 0.         0.         0.         0.         0.         0.
 0.         0.         0.         0.         0.         0.
 0.         0.         0.         0.         0.         0.
 0.         0.         0.         0.         0.         0.
 0.04508824 0.         0.01617059 0.         0.         0.
 0.0186724  0.         0.         0.         0.         0.
 0.         0.         0.         0.         0.         0.
 0.         0.         0.         0.         0.         0.
 0.         0.        ]
deepbreaks
y_true:  [1. 1. 1. 1. 1. 1. 0. 0. 0. 0. 0. 0. 0. 0. 0. 0. 0. 0. 1. 1. 1. 1. 1. 1.
 0. 0. 0. 0. 0. 0. 1. 1. 1. 1. 1. 1. 1. 1. 1. 1. 1. 1. 0. 0. 0. 0. 0. 0.
 1. 1. 1. 1. 1. 1. 0. 0. 0. 0. 0. 0. 0. 0. 0. 0. 0. 0. 0. 0. 0. 0. 0. 0.
 0. 0. 0. 0. 0. 0. 0. 0. 0. 0. 0. 0. 0. 0. 0. 0. 0. 0. 0. 0. 0. 0. 0. 0.
 0. 0. 0. 0. 0. 0. 0. 0. 0. 0. 0. 0. 0. 0. 0. 0. 0. 0. 0. 0. 0. 0. 0. 0.
 0. 0. 0. 0. 0. 0. 0. 0. 0. 0. 0. 0. 0. 0. 0. 0. 0. 0. 0. 0. 0. 0. 0. 0.
 0. 0. 0. 0. 0. 0. 0. 0. 0. 0. 0. 0. 0. 0. 0. 0. 0. 0. 0. 0. 0. 0. 0. 0.
 0. 0. 0. 0. 0. 0. 0. 0. 0. 0. 0. 0. 0. 0. 0. 0. 0. 0. 0. 0. 0. 0. 0. 0.
 0. 0. 0. 0. 0. 0. 0. 0.]
y_pred:  [1. 1. 1. 1. 1. 1. 0. 0. 0. 0. 0. 0. 0. 0. 0. 0. 0. 0. 1. 1. 1. 1. 1. 1.
 0. 0. 0. 0. 0. 0. 1. 1. 1. 1. 1. 1. 0. 0. 0. 0. 0. 0. 1. 1. 1. 1. 1. 1.
 1. 1. 1. 1. 1. 1. 0. 0. 0. 0. 0. 0. 0. 0. 0. 0. 0. 0. 0. 0. 0. 0. 0. 0.
 0. 0. 0. 0. 0. 0. 0. 0. 0. 0. 0. 0. 0. 0. 0. 0. 0. 0. 0. 0. 0. 0. 0. 0.
 0. 0. 0. 0. 0. 0. 0. 0. 0. 0. 0. 0. 0. 0. 0. 0. 0. 0. 0. 0. 0. 0. 0. 0.
 0. 0. 0. 0. 0. 0. 0. 0. 0. 0. 0. 0. 0. 0. 0. 0. 0. 0. 0. 0. 0. 0. 0. 0.
 0. 0. 0. 0. 0. 0. 0. 0. 0. 0. 0. 0. 0. 0. 0. 0. 0. 0. 0. 0. 0. 0. 0. 0.
 0. 0. 0. 0. 0. 0. 0. 0. 0. 0. 0. 0. 0. 0. 0. 0. 0. 0. 0. 0. 0. 0. 0. 0.
 0. 0. 0. 0. 0. 0. 0. 0.]
Normalized importance:  [8.26771654e-01 1.70078740e-01 2.03937008e-01 5.66929134e-01
 4.11023622e-01 7.00000000e-01 1.85826772e-01 1.25196850e-01
 3.12598425e-02 6.94488189e-02 1.84251969e-01 7.70078740e-04
 0.00000000e+00 2.01574803e-01 6.15748031e-02 1.05511811e-01
 1.29133858e-01 1.16535433e-01 8.18897638e-01 3.14173228e-01
 1.66929134e-01 6.77952756e-01 4.43307087e-01 5.83464567e-01
 4.85826772e-01 3.24409449e-01 4.40157480e-01 8.11023622e-02
 2.99212598e-01 1.40157480e-01 6.74803150e-01 5.02362205e-01
 4.32283465e-01 6.30708661e-01 5.75590551e-01 3.54330709e-01
 9.44881890e-01 1.42519685e-01 4.62204724e-01 3.87401575e-01
 1.59842520e-01 5.89763780e-01 8.89763780e-01 2.65354331e-01
 4.79527559e-01 5.49606299e-01 2.31496063e-01 2.72440945e-01
 1.00000000e+00 4.84251969e-01 5.66141732e-01 2.81889764e-01
 4.66141732e-01 3.37007874e-01 0.00000000e+00 2.16535433e-02
 3.89763780e-02 0.00000000e+00 5.27559055e-02 7.59055118e-04
 7.95275591e-02 0.00000000e+00 0.00000000e+00 0.00000000e+00
 9.84251969e-02 0.00000000e+00 0.00000000e+00 0.00000000e+00
 0.00000000e+00 0.00000000e+00 0.00000000e+00 0.00000000e+00
 0.00000000e+00 5.91338583e-02 0.00000000e+00 2.32283465e-01
 2.27559055e-01 1.56692913e-01 0.00000000e+00 2.57480315e-01
 0.00000000e+00 0.00000000e+00 1.93700787e-01 7.58267717e-02
 6.88976378e-02 1.01574803e-02 2.66929134e-02 0.00000000e+00
 2.83464567e-01 0.00000000e+00 0.00000000e+00 2.98425197e-02
 0.00000000e+00 2.95275591e-01 9.13385827e-02 0.00000000e+00
 2.96850394e-01 0.00000000e+00 0.00000000e+00 4.85039370e-02
 4.69291339e-02 0.00000000e+00 1.92125984e-01 2.68503937e-01
 3.94488189e-02 2.72440945e-01 0.00000000e+00 8.89763780e-02
 2.21259843e-01 4.11811024e-02 0.00000000e+00 0.00000000e+00
 8.11023622e-02 0.00000000e+00 0.00000000e+00 2.97637795e-01
 4.83464567e-02 1.55905512e-01 0.00000000e+00 1.25196850e-01
 3.89763780e-02 8.81889764e-02 1.51181102e-01 0.00000000e+00
 1.40157480e-01 1.07086614e-01 1.17322835e-01 8.18897638e-02
 4.08661417e-01 0.00000000e+00 0.00000000e+00 1.24409449e-01
 2.66929134e-01 0.00000000e+00 0.00000000e+00 4.87401575e-01
 4.69291339e-02 0.00000000e+00 0.00000000e+00 0.00000000e+00
 2.03937008e-01 0.00000000e+00 0.00000000e+00 1.66141732e-01
 1.71653543e-01 1.22047244e-01 1.61417323e-01 4.95275591e-02
 0.00000000e+00 0.00000000e+00 3.03937008e-01 0.00000000e+00
 1.57480315e-01 0.00000000e+00 0.00000000e+00 0.00000000e+00
 1.63779528e-02 1.01574803e-01 2.33858268e-01 3.09448819e-02
 0.00000000e+00 2.53543307e-02 0.00000000e+00 0.00000000e+00
 0.00000000e+00 2.14173228e-01 2.62204724e-02 0.00000000e+00
 0.00000000e+00 0.00000000e+00 0.00000000e+00 0.00000000e+00
 0.00000000e+00 0.00000000e+00 3.10236220e-01 0.00000000e+00
 2.67716535e-01 0.00000000e+00 2.03149606e-01 0.00000000e+00
 3.59842520e-01 6.20472441e-02 5.17322835e-02 1.23622047e-01
 4.63779528e-02 1.60629921e-01 0.00000000e+00 0.00000000e+00
 0.00000000e+00 0.00000000e+00 1.34645669e-02 3.74015748e-02
 1.43307087e-01 5.56692913e-02 1.18897638e-01 5.55118110e-02
 4.35433071e-02 0.00000000e+00 0.00000000e+00 0.00000000e+00]
pyseer
y_true:  [1. 1. 1. 1. 1. 1. 0. 0. 0. 0. 0. 0. 0. 0. 0. 0. 0. 0. 1. 1. 1. 1. 1. 1.
 0. 0. 0. 0. 0. 0. 1. 1. 1. 1. 1. 1. 1. 1. 1. 1. 1. 1. 0. 0. 0. 0. 0. 0.
 1. 1. 1. 1. 1. 1. 0. 0. 0. 0. 0. 0. 0. 0. 0. 0. 0. 0. 0. 0. 0. 0. 0. 0.
 0. 0. 0. 0. 0. 0. 0. 0. 0. 0. 0. 0. 0. 0. 0. 0. 0. 0. 0. 0. 0. 0. 0. 0.
 0. 0. 0. 0. 0. 0. 0. 0. 0. 0. 0. 0. 0. 0. 0. 0. 0. 0. 0. 0. 0. 0. 0. 0.
 0. 0. 0. 0. 0. 0. 0. 0. 0. 0. 0. 0. 0. 0. 0. 0. 0. 0. 0. 0. 0. 0. 0. 0.
 0. 0. 0. 0. 0. 0. 0. 0. 0. 0. 0. 0. 0. 0. 0. 0. 0. 0. 0. 0. 0. 0. 0. 0.
 0. 0. 0. 0. 0. 0. 0. 0. 0. 0. 0. 0. 0. 0. 0. 0. 0. 0. 0. 0. 0. 0. 0. 0.
 0. 0. 0. 0. 0. 0. 0. 0.]
y_pred:  [1. 1. 1. 1. 1. 1. 1. 0. 0. 0. 1. 0. 0. 1. 0. 0. 0. 0. 1. 1. 1. 1. 1. 1.
 1. 1. 1. 0. 1. 0. 1. 1. 1. 1. 1. 1. 1. 0. 1. 1. 0. 1. 1. 1. 1. 1. 1. 1.
 1. 1. 1. 1. 1. 1. 0. 0. 0. 0. 0. 0. 0. 0. 0. 0. 0. 0. 0. 0. 0. 0. 0. 0.
 0. 0. 0. 1. 1. 0. 0. 1. 0. 0. 1. 0. 0. 0. 0. 0. 1. 0. 0. 0. 0. 1. 0. 0.
 1. 0. 0. 0. 0. 0. 1. 1. 0. 1. 0. 0. 1. 0. 0. 0. 0. 0. 0. 1. 0. 0. 0. 0.
 0. 0. 0. 0. 0. 0. 0. 0. 1. 0. 0. 0. 1. 0. 0. 1. 0. 0. 0. 0. 1. 0. 0. 1.
 1. 0. 0. 0. 0. 0. 1. 0. 0. 0. 0. 0. 0. 0. 1. 0. 0. 0. 0. 0. 0. 1. 0. 0.
 0. 0. 0. 0. 0. 0. 1. 0. 1. 0. 1. 0. 1. 0. 0. 0. 0. 0. 0. 0. 0. 0. 0. 0.
 0. 0. 0. 0. 0. 0. 0. 0.]
Time taken: 23.348714351654053 seconds
Running combination 42 of 50
Fitting RandomForest...
Fitting Adaboost...
Fitting AdaBoost_2...
Fitting et...
Fitting gbc...
Fitting gbc_2...
Fitting gbc_3...
Fitting dt...
Fitting lr...
Fitting Lasso_1...
Fitting Lasso_2...
Fitting Lasso_3...
Fitting Lasso_4...
Fitting elasticnet...
VCF file created successfully.
pyseer stderr:  Read 1000 phenotypes
Detected continuous phenotype
Reading all variants

0variants [00:00, ?variants/s]
55variants [00:00, 547.21variants/s]
110variants [00:00, 481.35variants/s]
165variants [00:00, 510.31variants/s]
198variants [00:00, 515.28variants/s]
Applying correlation filtering

  0%|          | 0/198 [00:00<?, ?variants/s]
100%|██████████| 198/198 [00:00<00:00, 2735.78variants/s]
Fitting elastic net to top 148 variants
Best penalty (lambda) from cross-validation: 1.37E+01
Best R^2 from cross-validation: 0.517
Finding and printing selected variants
198 loaded variants
50 pre-filtered variants
148 tested variants
136 printed variants

True importance standardized:  [0.37477042 0.37477042 0.37477042 0.37477042 0.37477042 0.37477042
 0.92822611 0.92822611 0.92822611 0.92822611 0.92822611 0.92822611
 1.         1.         1.         1.         1.         1.
 0.17294163 0.17294163 0.17294163 0.17294163 0.17294163 0.17294163
 0.36554811 0.36554811 0.36554811 0.36554811 0.36554811 0.36554811
 0.99628032 0.99628032 0.99628032 0.99628032 0.99628032 0.99628032
 0.23680731 0.23680731 0.23680731 0.23680731 0.23680731 0.23680731
 0.8592854  0.8592854  0.8592854  0.8592854  0.8592854  0.8592854
 0.47946815 0.47946815 0.47946815 0.47946815 0.47946815 0.47946815
 0.27924931 0.27924931 0.27924931 0.27924931 0.27924931 0.27924931
 0.         0.         0.         0.         0.         0.
 0.         0.         0.         0.         0.         0.
 0.         0.         0.         0.         0.         0.
 0.         0.         0.         0.         0.         0.
 0.         0.         0.         0.         0.         0.
 0.         0.         0.         0.         0.         0.
 0.         0.         0.         0.         0.         0.
 0.         0.         0.         0.         0.         0.
 0.         0.         0.         0.         0.         0.
 0.         0.         0.         0.         0.         0.
 0.         0.         0.         0.         0.         0.
 0.         0.         0.         0.         0.         0.
 0.         0.         0.         0.         0.         0.
 0.         0.         0.         0.         0.         0.
 0.         0.         0.         0.         0.         0.
 0.         0.         0.         0.         0.         0.
 0.         0.         0.         0.         0.         0.
 0.         0.         0.         0.         0.         0.
 0.         0.         0.         0.         0.         0.
 0.         0.         0.         0.         0.         0.
 0.         0.         0.         0.         0.         0.
 0.         0.         0.         0.         0.         0.
 0.         0.         0.         0.         0.         0.
 0.         0.        ]
Normalized importance:  [0.16293092 0.16293092 0.16293092 0.16293092 0.16293092 0.16293092
 0.64800504 0.64800504 0.64800504 0.64800504 0.64800504 0.64800504
 0.87845463 0.87845463 0.87845463 0.87845463 0.87845463 0.87845463
 0.01941357 0.01941357 0.01941357 0.01941357 0.01941357 0.01941357
 0.15201088 0.15201088 0.15201088 0.15201088 0.15201088 0.15201088
 1.         1.         1.         1.         1.         1.
 0.06066922 0.         0.06066922 0.06066922 0.06066922 0.
 0.61826975 0.61826975 0.61826975 0.61826975 0.61826975 0.61826975
 0.09509774 0.09509774 0.09509774 0.09509774 0.09509774 0.09509774
 0.07552875 0.         0.07552875 0.07552875 0.07552875 0.07552875
 0.02651556 0.         0.         0.         0.         0.
 0.         0.         0.04833591 0.         0.         0.
 0.         0.         0.         0.         0.         0.
 0.         0.         0.         0.         0.         0.0454665
 0.         0.         0.         0.         0.         0.01066329
 0.         0.         0.         0.00714743 0.         0.
 0.         0.         0.         0.0102171  0.         0.
 0.         0.         0.         0.         0.         0.
 0.         0.         0.         0.         0.         0.
 0.         0.         0.         0.         0.         0.
 0.         0.         0.         0.         0.         0.
 0.         0.         0.         0.         0.         0.
 0.         0.         0.         0.03275815 0.         0.
 0.         0.         0.         0.         0.         0.02393733
 0.         0.         0.         0.02251935 0.         0.
 0.         0.         0.         0.         0.         0.
 0.         0.         0.01376849 0.01151052 0.         0.
 0.         0.         0.         0.         0.         0.
 0.         0.         0.         0.         0.         0.01947944
 0.01258611 0.         0.         0.         0.         0.
 0.         0.         0.         0.         0.         0.
 0.         0.01836377 0.         0.         0.         0.
 0.         0.         0.         0.         0.         0.
 0.         0.        ]
deepbreaks
y_true:  [0. 0. 0. 0. 0. 0. 1. 1. 1. 1. 1. 1. 1. 1. 1. 1. 1. 1. 0. 0. 0. 0. 0. 0.
 0. 0. 0. 0. 0. 0. 1. 1. 1. 1. 1. 1. 0. 0. 0. 0. 0. 0. 1. 1. 1. 1. 1. 1.
 1. 1. 1. 1. 1. 1. 0. 0. 0. 0. 0. 0. 0. 0. 0. 0. 0. 0. 0. 0. 0. 0. 0. 0.
 0. 0. 0. 0. 0. 0. 0. 0. 0. 0. 0. 0. 0. 0. 0. 0. 0. 0. 0. 0. 0. 0. 0. 0.
 0. 0. 0. 0. 0. 0. 0. 0. 0. 0. 0. 0. 0. 0. 0. 0. 0. 0. 0. 0. 0. 0. 0. 0.
 0. 0. 0. 0. 0. 0. 0. 0. 0. 0. 0. 0. 0. 0. 0. 0. 0. 0. 0. 0. 0. 0. 0. 0.
 0. 0. 0. 0. 0. 0. 0. 0. 0. 0. 0. 0. 0. 0. 0. 0. 0. 0. 0. 0. 0. 0. 0. 0.
 0. 0. 0. 0. 0. 0. 0. 0. 0. 0. 0. 0. 0. 0. 0. 0. 0. 0. 0. 0. 0. 0. 0. 0.
 0. 0. 0. 0. 0. 0. 0. 0.]
y_pred:  [1. 1. 1. 1. 1. 1. 1. 1. 1. 1. 1. 1. 1. 1. 1. 1. 1. 1. 0. 0. 0. 0. 0. 0.
 1. 1. 1. 1. 1. 1. 1. 1. 1. 1. 1. 1. 0. 0. 0. 0. 0. 0. 1. 1. 1. 1. 1. 1.
 0. 0. 0. 0. 0. 0. 0. 0. 0. 0. 0. 0. 0. 0. 0. 0. 0. 0. 0. 0. 0. 0. 0. 0.
 0. 0. 0. 0. 0. 0. 0. 0. 0. 0. 0. 0. 0. 0. 0. 0. 0. 0. 0. 0. 0. 0. 0. 0.
 0. 0. 0. 0. 0. 0. 0. 0. 0. 0. 0. 0. 0. 0. 0. 0. 0. 0. 0. 0. 0. 0. 0. 0.
 0. 0. 0. 0. 0. 0. 0. 0. 0. 0. 0. 0. 0. 0. 0. 0. 0. 0. 0. 0. 0. 0. 0. 0.
 0. 0. 0. 0. 0. 0. 0. 0. 0. 0. 0. 0. 0. 0. 0. 0. 0. 0. 0. 0. 0. 0. 0. 0.
 0. 0. 0. 0. 0. 0. 0. 0. 0. 0. 0. 0. 0. 0. 0. 0. 0. 0. 0. 0. 0. 0. 0. 0.
 0. 0. 0. 0. 0. 0. 0. 0.]
Normalized importance:  [0.35640648 0.09396171 0.38586156 0.45213549 0.05802651 0.04639175
 0.89837997 0.39175258 0.34756996 0.40648012 0.35198822 0.3622975
 1.         0.29896907 0.37849779 0.37113402 0.3269514  0.44477172
 0.044919   0.0197349  0.         0.10294551 0.26067747 0.03637703
 0.38880707 0.03667158 0.03343152 0.23858616 0.22827688 0.20913108
 0.85125184 0.39322533 0.20471281 0.59499264 0.37407953 0.6921944
 0.17083947 0.         0.10324006 0.15316642 0.48453608 0.14874816
 0.64801178 0.39911635 0.59057437 0.33284242 0.32106038 0.12106038
 0.35640648 0.07923417 0.15169367 0.10103093 0.02518409 0.24005891
 0.29749632 0.06966127 0.11899853 0.26215022 0.0137408  0.14580265
 0.22238586 0.         0.         0.12017673 0.         0.14035346
 0.23858616 0.         0.22533137 0.         0.06111929 0.2562592
 0.         0.         0.         0.         0.11516937 0.
 0.06863034 0.04683358 0.         0.1173785  0.         0.17967599
 0.         0.25184094 0.         0.         0.15611193 0.15463918
 0.09587629 0.         0.         0.15316642 0.05022091 0.14094256
 0.         0.         0.08674521 0.04403535 0.         0.26656848
 0.         0.         0.         0.00751105 0.         0.06141384
 0.08276878 0.08438881 0.08350515 0.31958763 0.         0.
 0.11413844 0.20029455 0.10589102 0.         0.         0.
 0.         0.04727541 0.         0.17525773 0.07849779 0.
 0.11192931 0.         0.         0.         0.18851252 0.
 0.         0.         0.36671576 0.25036819 0.         0.
 0.         0.14315169 0.03092784 0.         0.13269514 0.24005891
 0.16494845 0.02002946 0.         0.24889543 0.03166421 0.
 0.05257732 0.18556701 0.         0.06863034 0.         0.
 0.14874816 0.         0.13431517 0.02533137 0.01546392 0.2017673
 0.00484536 0.         0.15022091 0.05405007 0.07407953 0.
 0.28129602 0.         0.02356406 0.         0.14874816 0.17378498
 0.25478645 0.06789396 0.26067747 0.03136966 0.         0.10412371
 0.1634757  0.         0.         0.17967599 0.24447717 0.17967599
 0.         0.17525773 0.         0.27687776 0.         0.1005891
 0.17231222 0.04241532 0.24153166 0.1988218  0.         0.
 0.         0.        ]
pyseer
y_true:  [0. 0. 0. 0. 0. 0. 1. 1. 1. 1. 1. 1. 1. 1. 1. 1. 1. 1. 0. 0. 0. 0. 0. 0.
 0. 0. 0. 0. 0. 0. 1. 1. 1. 1. 1. 1. 0. 0. 0. 0. 0. 0. 1. 1. 1. 1. 1. 1.
 1. 1. 1. 1. 1. 1. 0. 0. 0. 0. 0. 0. 0. 0. 0. 0. 0. 0. 0. 0. 0. 0. 0. 0.
 0. 0. 0. 0. 0. 0. 0. 0. 0. 0. 0. 0. 0. 0. 0. 0. 0. 0. 0. 0. 0. 0. 0. 0.
 0. 0. 0. 0. 0. 0. 0. 0. 0. 0. 0. 0. 0. 0. 0. 0. 0. 0. 0. 0. 0. 0. 0. 0.
 0. 0. 0. 0. 0. 0. 0. 0. 0. 0. 0. 0. 0. 0. 0. 0. 0. 0. 0. 0. 0. 0. 0. 0.
 0. 0. 0. 0. 0. 0. 0. 0. 0. 0. 0. 0. 0. 0. 0. 0. 0. 0. 0. 0. 0. 0. 0. 0.
 0. 0. 0. 0. 0. 0. 0. 0. 0. 0. 0. 0. 0. 0. 0. 0. 0. 0. 0. 0. 0. 0. 0. 0.
 0. 0. 0. 0. 0. 0. 0. 0.]
y_pred:  [1. 0. 1. 1. 0. 0. 1. 1. 1. 1. 1. 1. 1. 1. 1. 1. 1. 1. 0. 0. 0. 0. 1. 0.
 1. 0. 0. 1. 1. 1. 1. 1. 1. 1. 1. 1. 1. 0. 0. 0. 1. 0. 1. 1. 1. 1. 1. 0.
 1. 0. 0. 0. 0. 1. 1. 0. 0. 1. 0. 0. 1. 0. 0. 0. 0. 0. 1. 0. 1. 0. 0. 1.
 0. 0. 0. 0. 0. 0. 0. 0. 0. 0. 0. 1. 0. 1. 0. 0. 0. 0. 0. 0. 0. 0. 0. 0.
 0. 0. 0. 0. 0. 1. 0. 0. 0. 0. 0. 0. 0. 0. 0. 1. 0. 0. 0. 1. 0. 0. 0. 0.
 0. 0. 0. 1. 0. 0. 0. 0. 0. 0. 1. 0. 0. 0. 1. 1. 0. 0. 0. 0. 0. 0. 0. 1.
 1. 0. 0. 1. 0. 0. 0. 1. 0. 0. 0. 0. 0. 0. 0. 0. 0. 1. 0. 0. 0. 0. 0. 0.
 1. 0. 0. 0. 0. 1. 1. 0. 1. 0. 0. 0. 1. 0. 0. 1. 1. 1. 0. 1. 0. 1. 0. 0.
 1. 0. 1. 1. 0. 0. 0. 0.]
Time taken: 24.291789054870605 seconds
Running combination 43 of 50
Fitting RandomForest...
Fitting Adaboost...
Fitting AdaBoost_2...
Fitting et...
Fitting gbc...
Fitting gbc_2...
Fitting gbc_3...
Fitting dt...
Fitting lr...
Fitting Lasso_1...
Fitting Lasso_2...
Fitting Lasso_3...
Fitting Lasso_4...
Fitting elasticnet...
VCF file created successfully.
pyseer stderr:  Read 1000 phenotypes
Detected continuous phenotype
Reading all variants

0variants [00:00, ?variants/s]
53variants [00:00, 527.07variants/s]
106variants [00:00, 462.10variants/s]
159variants [00:00, 490.35variants/s]
198variants [00:00, 496.94variants/s]
Applying correlation filtering

  0%|          | 0/198 [00:00<?, ?variants/s]
100%|██████████| 198/198 [00:00<00:00, 2656.95variants/s]
Fitting elastic net to top 148 variants
Best penalty (lambda) from cross-validation: 1.20E+01
Best R^2 from cross-validation: 0.490
Finding and printing selected variants
198 loaded variants
50 pre-filtered variants
148 tested variants
140 printed variants

True importance standardized:  [0.75367313 0.75367313 0.75367313 0.75367313 0.75367313 0.75367313
 0.4276156  0.4276156  0.4276156  0.4276156  0.4276156  0.4276156
 0.15559554 0.15559554 0.15559554 0.15559554 0.15559554 0.15559554
 0.39386382 0.39386382 0.39386382 0.39386382 0.39386382 0.39386382
 0.94239393 0.94239393 0.94239393 0.94239393 0.94239393 0.94239393
 0.29088467 0.29088467 0.29088467 0.29088467 0.29088467 0.29088467
 0.20839852 0.20839852 0.20839852 0.20839852 0.20839852 0.20839852
 0.74350253 0.74350253 0.74350253 0.74350253 0.74350253 0.74350253
 0.93247117 0.93247117 0.93247117 0.93247117 0.93247117 0.93247117
 1.         1.         1.         1.         1.         1.
 0.         0.         0.         0.         0.         0.
 0.         0.         0.         0.         0.         0.
 0.         0.         0.         0.         0.         0.
 0.         0.         0.         0.         0.         0.
 0.         0.         0.         0.         0.         0.
 0.         0.         0.         0.         0.         0.
 0.         0.         0.         0.         0.         0.
 0.         0.         0.         0.         0.         0.
 0.         0.         0.         0.         0.         0.
 0.         0.         0.         0.         0.         0.
 0.         0.         0.         0.         0.         0.
 0.         0.         0.         0.         0.         0.
 0.         0.         0.         0.         0.         0.
 0.         0.         0.         0.         0.         0.
 0.         0.         0.         0.         0.         0.
 0.         0.         0.         0.         0.         0.
 0.         0.         0.         0.         0.         0.
 0.         0.         0.         0.         0.         0.
 0.         0.         0.         0.         0.         0.
 0.         0.         0.         0.         0.         0.
 0.         0.         0.         0.         0.         0.
 0.         0.         0.         0.         0.         0.
 0.         0.         0.         0.         0.         0.
 0.         0.        ]
Normalized importance:  [0.54544516 0.54544516 0.54544516 0.54544516 0.54544516 0.54544516
 0.13101312 0.13101312 0.13101312 0.13101312 0.         0.13101312
 0.04202069 0.         0.         0.04202069 0.         0.
 0.09524348 0.09524348 0.09524348 0.09524348 0.09524348 0.09524348
 1.         1.         1.         1.         1.         1.
 0.04259645 0.04259645 0.04259645 0.04259645 0.04259645 0.04259645
 0.05660651 0.         0.         0.         0.         0.
 0.41641479 0.41641479 0.41641479 0.41641479 0.41641479 0.41641479
 0.82765304 0.82765304 0.82765304 0.82765304 0.82765304 0.82765304
 0.83026388 0.83026388 0.83026388 0.83026388 0.83026388 0.83026388
 0.         0.01784665 0.         0.         0.         0.
 0.         0.         0.         0.         0.         0.
 0.         0.         0.         0.         0.         0.
 0.         0.         0.         0.         0.         0.
 0.         0.         0.         0.         0.         0.
 0.         0.         0.         0.         0.08468899 0.00711644
 0.         0.         0.         0.         0.         0.
 0.         0.         0.         0.         0.         0.
 0.         0.         0.         0.         0.         0.
 0.         0.         0.         0.00977702 0.         0.
 0.         0.         0.         0.         0.         0.
 0.         0.         0.01443038 0.         0.         0.
 0.         0.         0.         0.         0.         0.
 0.         0.         0.         0.03267667 0.         0.
 0.         0.         0.         0.         0.         0.
 0.         0.         0.         0.02749321 0.02277329 0.
 0.         0.         0.         0.         0.         0.
 0.07550011 0.         0.         0.         0.         0.
 0.         0.         0.         0.         0.         0.
 0.         0.         0.         0.         0.         0.
 0.         0.         0.         0.         0.         0.
 0.         0.         0.         0.         0.         0.
 0.04618209 0.         0.         0.         0.         0.
 0.         0.        ]
deepbreaks
y_true:  [1. 1. 1. 1. 1. 1. 0. 0. 0. 0. 0. 0. 0. 0. 0. 0. 0. 0. 0. 0. 0. 0. 0. 0.
 1. 1. 1. 1. 1. 1. 0. 0. 0. 0. 0. 0. 0. 0. 0. 0. 0. 0. 1. 1. 1. 1. 1. 1.
 1. 1. 1. 1. 1. 1. 1. 1. 1. 1. 1. 1. 0. 0. 0. 0. 0. 0. 0. 0. 0. 0. 0. 0.
 0. 0. 0. 0. 0. 0. 0. 0. 0. 0. 0. 0. 0. 0. 0. 0. 0. 0. 0. 0. 0. 0. 0. 0.
 0. 0. 0. 0. 0. 0. 0. 0. 0. 0. 0. 0. 0. 0. 0. 0. 0. 0. 0. 0. 0. 0. 0. 0.
 0. 0. 0. 0. 0. 0. 0. 0. 0. 0. 0. 0. 0. 0. 0. 0. 0. 0. 0. 0. 0. 0. 0. 0.
 0. 0. 0. 0. 0. 0. 0. 0. 0. 0. 0. 0. 0. 0. 0. 0. 0. 0. 0. 0. 0. 0. 0. 0.
 0. 0. 0. 0. 0. 0. 0. 0. 0. 0. 0. 0. 0. 0. 0. 0. 0. 0. 0. 0. 0. 0. 0. 0.
 0. 0. 0. 0. 0. 0. 0. 0.]
y_pred:  [1. 1. 1. 1. 1. 1. 0. 0. 0. 0. 0. 0. 0. 0. 0. 0. 0. 0. 0. 0. 0. 0. 0. 0.
 1. 1. 1. 1. 1. 1. 0. 0. 0. 0. 0. 0. 0. 0. 0. 0. 0. 0. 1. 1. 1. 1. 1. 1.
 1. 1. 1. 1. 1. 1. 1. 1. 1. 1. 1. 1. 0. 0. 0. 0. 0. 0. 0. 0. 0. 0. 0. 0.
 0. 0. 0. 0. 0. 0. 0. 0. 0. 0. 0. 0. 0. 0. 0. 0. 0. 0. 0. 0. 0. 0. 0. 0.
 0. 0. 0. 0. 0. 0. 0. 0. 0. 0. 0. 0. 0. 0. 0. 0. 0. 0. 0. 0. 0. 0. 0. 0.
 0. 0. 0. 0. 0. 0. 0. 0. 0. 0. 0. 0. 0. 0. 0. 0. 0. 0. 0. 0. 0. 0. 0. 0.
 0. 0. 0. 0. 0. 0. 0. 0. 0. 0. 0. 0. 0. 0. 0. 0. 0. 0. 0. 0. 0. 0. 0. 0.
 0. 0. 0. 0. 0. 0. 0. 0. 0. 0. 0. 0. 0. 0. 0. 0. 0. 0. 0. 0. 0. 0. 0. 0.
 0. 0. 0. 0. 0. 0. 0. 0.]
Normalized importance:  [0.86266094 0.41416309 0.2639485  0.32618026 0.2167382  0.51502146
 0.44206009 0.08755365 0.1611588  0.33261803 0.         0.42060086
 0.19377682 0.03819742 0.07875536 0.24034335 0.01248927 0.
 0.44206009 0.15643777 0.18712446 0.04463519 0.0051073  0.40128755
 1.         0.56223176 0.52360515 0.5472103  0.5944206  0.08905579
 0.35407725 0.03819742 0.06373391 0.13562232 0.09527897 0.13841202
 0.2832618  0.0972103  0.21137339 0.10085837 0.10214592 0.1
 0.6695279  0.32832618 0.28969957 0.39055794 0.40772532 0.18497854
 0.97854077 0.0944206  0.4055794  0.64806867 0.21888412 0.527897
 0.88412017 0.42060086 0.44635193 0.54291845 0.28969957 0.56008584
 0.         0.22532189 0.00744635 0.00766094 0.04570815 0.23175966
 0.         0.         0.03433476 0.08690987 0.         0.0944206
 0.06051502 0.20085837 0.1693133  0.07081545 0.         0.
 0.         0.         0.         0.15042918 0.08197425 0.
 0.         0.03197425 0.         0.21459227 0.05257511 0.01534335
 0.         0.         0.10386266 0.         0.35622318 0.
 0.         0.24678112 0.         0.         0.08261803 0.
 0.10922747 0.12360515 0.         0.18454936 0.05407725 0.24463519
 0.19120172 0.03390558 0.         0.         0.22317597 0.
 0.11201717 0.04420601 0.         0.21437768 0.13841202 0.
 0.09527897 0.09785408 0.         0.         0.         0.2167382
 0.         0.03991416 0.09334764 0.         0.         0.
 0.26180258 0.         0.04012876 0.25107296 0.24034335 0.14399142
 0.12424893 0.06437768 0.10901288 0.1723176  0.         0.
 0.00121245 0.07725322 0.         0.         0.21030043 0.
 0.04184549 0.05429185 0.         0.22961373 0.34978541 0.16609442
 0.         0.18412017 0.         0.         0.28540773 0.
 0.21888412 0.08626609 0.         0.01175966 0.         0.12060086
 0.0251073  0.26824034 0.15815451 0.         0.26180258 0.
 0.         0.12618026 0.1193133  0.         0.07188841 0.
 0.25965665 0.08004292 0.27896996 0.19849785 0.         0.
 0.11373391 0.21888412 0.0693133  0.         0.         0.07339056
 0.2832618  0.13841202 0.         0.03755365 0.05515021 0.05214592
 0.         0.        ]
pyseer
y_true:  [1. 1. 1. 1. 1. 1. 0. 0. 0. 0. 0. 0. 0. 0. 0. 0. 0. 0. 0. 0. 0. 0. 0. 0.
 1. 1. 1. 1. 1. 1. 0. 0. 0. 0. 0. 0. 0. 0. 0. 0. 0. 0. 1. 1. 1. 1. 1. 1.
 1. 1. 1. 1. 1. 1. 1. 1. 1. 1. 1. 1. 0. 0. 0. 0. 0. 0. 0. 0. 0. 0. 0. 0.
 0. 0. 0. 0. 0. 0. 0. 0. 0. 0. 0. 0. 0. 0. 0. 0. 0. 0. 0. 0. 0. 0. 0. 0.
 0. 0. 0. 0. 0. 0. 0. 0. 0. 0. 0. 0. 0. 0. 0. 0. 0. 0. 0. 0. 0. 0. 0. 0.
 0. 0. 0. 0. 0. 0. 0. 0. 0. 0. 0. 0. 0. 0. 0. 0. 0. 0. 0. 0. 0. 0. 0. 0.
 0. 0. 0. 0. 0. 0. 0. 0. 0. 0. 0. 0. 0. 0. 0. 0. 0. 0. 0. 0. 0. 0. 0. 0.
 0. 0. 0. 0. 0. 0. 0. 0. 0. 0. 0. 0. 0. 0. 0. 0. 0. 0. 0. 0. 0. 0. 0. 0.
 0. 0. 0. 0. 0. 0. 0. 0.]
y_pred:  [1. 1. 1. 1. 1. 1. 1. 0. 0. 1. 0. 1. 1. 0. 0. 1. 0. 0. 1. 0. 1. 0. 0. 1.
 1. 1. 1. 1. 1. 0. 1. 0. 0. 0. 0. 0. 1. 0. 1. 0. 0. 0. 1. 1. 1. 1. 1. 1.
 1. 0. 1. 1. 1. 1. 1. 1. 1. 1. 1. 1. 0. 1. 0. 0. 0. 1. 0. 0. 0. 0. 0. 0.
 0. 1. 1. 0. 0. 0. 0. 0. 0. 0. 0. 0. 0. 0. 0. 1. 0. 0. 0. 0. 0. 0. 1. 0.
 0. 1. 0. 0. 0. 0. 0. 0. 0. 1. 0. 1. 1. 0. 0. 0. 1. 0. 0. 0. 0. 1. 0. 0.
 0. 0. 0. 0. 0. 1. 0. 0. 0. 0. 0. 0. 1. 0. 0. 1. 1. 0. 0. 0. 0. 1. 0. 0.
 0. 0. 0. 0. 1. 0. 0. 0. 0. 1. 1. 1. 0. 1. 0. 0. 1. 0. 1. 0. 0. 0. 0. 0.
 0. 1. 0. 0. 1. 0. 0. 0. 0. 0. 0. 0. 1. 0. 1. 1. 0. 0. 0. 1. 0. 0. 0. 0.
 1. 0. 0. 0. 0. 0. 0. 0.]
Time taken: 23.425034761428833 seconds
Running combination 44 of 50
Fitting RandomForest...
Fitting Adaboost...
Fitting AdaBoost_2...
Fitting et...
Fitting gbc...
Fitting gbc_2...
Fitting gbc_3...
Fitting dt...
Fitting lr...
Fitting Lasso_1...
Fitting Lasso_2...
Fitting Lasso_3...
Fitting Lasso_4...
Fitting elasticnet...
VCF file created successfully.
pyseer stderr:  Read 1000 phenotypes
Detected continuous phenotype
Reading all variants

0variants [00:00, ?variants/s]
51variants [00:00, 509.35variants/s]
102variants [00:00, 444.61variants/s]
157variants [00:00, 487.98variants/s]
198variants [00:00, 494.35variants/s]
Applying correlation filtering

  0%|          | 0/198 [00:00<?, ?variants/s]
100%|██████████| 198/198 [00:00<00:00, 2572.26variants/s]
Fitting elastic net to top 148 variants
Best penalty (lambda) from cross-validation: 1.79E+01
Best R^2 from cross-validation: 0.522
Finding and printing selected variants
198 loaded variants
50 pre-filtered variants
148 tested variants
133 printed variants

True importance standardized:  [0.82401793 0.82401793 0.82401793 0.82401793 0.82401793 0.82401793
 0.43943225 0.43943225 0.43943225 0.43943225 0.43943225 0.43943225
 1.         1.         1.         1.         1.         1.
 0.18698522 0.18698522 0.18698522 0.18698522 0.18698522 0.18698522
 0.40241797 0.40241797 0.40241797 0.40241797 0.40241797 0.40241797
 0.30317853 0.30317853 0.30317853 0.30317853 0.30317853 0.30317853
 0.95128849 0.95128849 0.95128849 0.95128849 0.95128849 0.95128849
 0.3683842  0.3683842  0.3683842  0.3683842  0.3683842  0.3683842
 0.35554889 0.35554889 0.35554889 0.35554889 0.35554889 0.35554889
 0.76990837 0.76990837 0.76990837 0.76990837 0.76990837 0.76990837
 0.         0.         0.         0.         0.         0.
 0.         0.         0.         0.         0.         0.
 0.         0.         0.         0.         0.         0.
 0.         0.         0.         0.         0.         0.
 0.         0.         0.         0.         0.         0.
 0.         0.         0.         0.         0.         0.
 0.         0.         0.         0.         0.         0.
 0.         0.         0.         0.         0.         0.
 0.         0.         0.         0.         0.         0.
 0.         0.         0.         0.         0.         0.
 0.         0.         0.         0.         0.         0.
 0.         0.         0.         0.         0.         0.
 0.         0.         0.         0.         0.         0.
 0.         0.         0.         0.         0.         0.
 0.         0.         0.         0.         0.         0.
 0.         0.         0.         0.         0.         0.
 0.         0.         0.         0.         0.         0.
 0.         0.         0.         0.         0.         0.
 0.         0.         0.         0.         0.         0.
 0.         0.         0.         0.         0.         0.
 0.         0.         0.         0.         0.         0.
 0.         0.         0.         0.         0.         0.
 0.         0.         0.         0.         0.         0.
 0.         0.        ]
Normalized importance:  [0.88412479 0.88412479 0.88412479 0.88412479 0.88412479 0.88412479
 0.21922879 0.21922879 0.21922879 0.21922879 0.21922879 0.21922879
 1.         1.         1.         1.         1.         1.
 0.         0.         0.         0.         0.         0.
 0.11056035 0.11056035 0.11056035 0.11056035 0.11056035 0.11056035
 0.06950785 0.06950785 0.06950785 0.06950785 0.06950785 0.06950785
 0.80256017 0.80256017 0.80256017 0.80256017 0.80256017 0.80256017
 0.11274999 0.11274999 0.11274999 0.11274999 0.11274999 0.11274999
 0.08963228 0.08963228 0.08963228 0.08963228 0.08963228 0.08963228
 0.65807193 0.65807193 0.65807193 0.65807193 0.65807193 0.65807193
 0.         0.         0.         0.         0.         0.
 0.         0.         0.         0.         0.         0.
 0.         0.         0.         0.         0.         0.
 0.         0.         0.         0.01259995 0.         0.
 0.         0.         0.         0.         0.         0.
 0.         0.         0.         0.01175713 0.         0.
 0.         0.         0.         0.         0.         0.
 0.         0.         0.         0.         0.         0.
 0.         0.         0.         0.         0.         0.
 0.         0.         0.05525848 0.         0.         0.
 0.         0.         0.         0.         0.01199937 0.
 0.         0.         0.         0.         0.         0.
 0.         0.         0.         0.         0.         0.
 0.         0.         0.         0.         0.         0.02512823
 0.         0.         0.         0.         0.         0.
 0.         0.         0.         0.         0.         0.
 0.         0.         0.         0.         0.         0.
 0.         0.         0.01250582 0.         0.         0.
 0.         0.         0.         0.         0.         0.
 0.         0.01356045 0.         0.         0.         0.
 0.         0.         0.         0.         0.         0.0291616
 0.         0.         0.         0.         0.         0.
 0.         0.         0.         0.         0.         0.
 0.         0.        ]
deepbreaks
y_true:  [1. 1. 1. 1. 1. 1. 1. 1. 1. 1. 1. 1. 1. 1. 1. 1. 1. 1. 0. 0. 0. 0. 0. 0.
 0. 0. 0. 0. 0. 0. 0. 0. 0. 0. 0. 0. 1. 1. 1. 1. 1. 1. 0. 0. 0. 0. 0. 0.
 0. 0. 0. 0. 0. 0. 1. 1. 1. 1. 1. 1. 0. 0. 0. 0. 0. 0. 0. 0. 0. 0. 0. 0.
 0. 0. 0. 0. 0. 0. 0. 0. 0. 0. 0. 0. 0. 0. 0. 0. 0. 0. 0. 0. 0. 0. 0. 0.
 0. 0. 0. 0. 0. 0. 0. 0. 0. 0. 0. 0. 0. 0. 0. 0. 0. 0. 0. 0. 0. 0. 0. 0.
 0. 0. 0. 0. 0. 0. 0. 0. 0. 0. 0. 0. 0. 0. 0. 0. 0. 0. 0. 0. 0. 0. 0. 0.
 0. 0. 0. 0. 0. 0. 0. 0. 0. 0. 0. 0. 0. 0. 0. 0. 0. 0. 0. 0. 0. 0. 0. 0.
 0. 0. 0. 0. 0. 0. 0. 0. 0. 0. 0. 0. 0. 0. 0. 0. 0. 0. 0. 0. 0. 0. 0. 0.
 0. 0. 0. 0. 0. 0. 0. 0.]
y_pred:  [1. 1. 1. 1. 1. 1. 1. 1. 1. 1. 1. 1. 1. 1. 1. 1. 1. 1. 0. 0. 0. 0. 0. 0.
 0. 0. 0. 0. 0. 0. 0. 0. 0. 0. 0. 0. 1. 1. 1. 1. 1. 1. 1. 1. 1. 1. 1. 1.
 0. 0. 0. 0. 0. 0. 1. 1. 1. 1. 1. 1. 0. 0. 0. 0. 0. 0. 0. 0. 0. 0. 0. 0.
 0. 0. 0. 0. 0. 0. 0. 0. 0. 0. 0. 0. 0. 0. 0. 0. 0. 0. 0. 0. 0. 0. 0. 0.
 0. 0. 0. 0. 0. 0. 0. 0. 0. 0. 0. 0. 0. 0. 0. 0. 0. 0. 0. 0. 0. 0. 0. 0.
 0. 0. 0. 0. 0. 0. 0. 0. 0. 0. 0. 0. 0. 0. 0. 0. 0. 0. 0. 0. 0. 0. 0. 0.
 0. 0. 0. 0. 0. 0. 0. 0. 0. 0. 0. 0. 0. 0. 0. 0. 0. 0. 0. 0. 0. 0. 0. 0.
 0. 0. 0. 0. 0. 0. 0. 0. 0. 0. 0. 0. 0. 0. 0. 0. 0. 0. 0. 0. 0. 0. 0. 0.
 0. 0. 0. 0. 0. 0. 0. 0.]
Normalized importance:  [0.82848837 0.57267442 0.28633721 0.44912791 0.16424419 0.40843023
 0.62354651 0.3502907  0.08328488 0.2252907  0.17296512 0.22383721
 0.99709302 0.59593023 0.54069767 0.50436047 0.36773256 0.30087209
 0.03662791 0.         0.         0.13226744 0.05930233 0.28633721
 0.47819767 0.21075581 0.         0.27616279 0.         0.31686047
 0.14505814 0.20930233 0.26017442 0.16860465 0.         0.19331395
 1.         0.24709302 0.75290698 0.08313953 0.39389535 0.44186047
 0.28633721 0.06046512 0.15406977 0.1377907  0.29215116 0.32848837
 0.52034884 0.19476744 0.04825581 0.15261628 0.11293605 0.12252907
 0.69331395 0.4127907  0.42005814 0.12703488 0.2994186  0.46947674
 0.01976744 0.         0.15552326 0.12427326 0.05072674 0.
 0.         0.11918605 0.1875     0.15697674 0.         0.06860465
 0.         0.00329942 0.         0.         0.01109012 0.29651163
 0.         0.16715116 0.08938953 0.08997093 0.         0.
 0.16715116 0.14825581 0.17732558 0.         0.20930233 0.2994186
 0.12383721 0.15697674 0.0497093  0.29651163 0.13531977 0.
 0.1375     0.05755814 0.0877907  0.12034884 0.375      0.01325581
 0.03037791 0.0877907  0.         0.         0.02311047 0.
 0.01860465 0.         0.         0.         0.24418605 0.
 0.06598837 0.         0.37790698 0.         0.         0.19331395
 0.18023256 0.         0.         0.         0.10915698 0.17151163
 0.08575581 0.         0.07921512 0.         0.22238372 0.1497093
 0.         0.19912791 0.07776163 0.23401163 0.         0.10625
 0.         0.         0.         0.         0.         0.26453488
 0.         0.         0.         0.         0.04898256 0.
 0.03561047 0.14680233 0.         0.         0.1875     0.
 0.07994186 0.         0.         0.         0.         0.
 0.07122093 0.         0.25145349 0.21947674 0.15406977 0.
 0.05072674 0.         0.20784884 0.02805233 0.         0.11787791
 0.04811047 0.2630814  0.         0.         0.16715116 0.04927326
 0.         0.11322674 0.         0.02979651 0.00652616 0.05915698
 0.14825581 0.         0.         0.0747093  0.2122093  0.
 0.29796512 0.20203488 0.05857558 0.19912791 0.         0.
 0.         0.        ]
pyseer
y_true:  [1. 1. 1. 1. 1. 1. 1. 1. 1. 1. 1. 1. 1. 1. 1. 1. 1. 1. 0. 0. 0. 0. 0. 0.
 0. 0. 0. 0. 0. 0. 0. 0. 0. 0. 0. 0. 1. 1. 1. 1. 1. 1. 0. 0. 0. 0. 0. 0.
 0. 0. 0. 0. 0. 0. 1. 1. 1. 1. 1. 1. 0. 0. 0. 0. 0. 0. 0. 0. 0. 0. 0. 0.
 0. 0. 0. 0. 0. 0. 0. 0. 0. 0. 0. 0. 0. 0. 0. 0. 0. 0. 0. 0. 0. 0. 0. 0.
 0. 0. 0. 0. 0. 0. 0. 0. 0. 0. 0. 0. 0. 0. 0. 0. 0. 0. 0. 0. 0. 0. 0. 0.
 0. 0. 0. 0. 0. 0. 0. 0. 0. 0. 0. 0. 0. 0. 0. 0. 0. 0. 0. 0. 0. 0. 0. 0.
 0. 0. 0. 0. 0. 0. 0. 0. 0. 0. 0. 0. 0. 0. 0. 0. 0. 0. 0. 0. 0. 0. 0. 0.
 0. 0. 0. 0. 0. 0. 0. 0. 0. 0. 0. 0. 0. 0. 0. 0. 0. 0. 0. 0. 0. 0. 0. 0.
 0. 0. 0. 0. 0. 0. 0. 0.]
y_pred:  [1. 1. 1. 1. 0. 1. 1. 1. 0. 1. 1. 1. 1. 1. 1. 1. 1. 1. 0. 0. 0. 0. 0. 1.
 1. 1. 0. 1. 0. 1. 0. 1. 1. 1. 0. 1. 1. 1. 1. 0. 1. 1. 1. 0. 0. 0. 1. 1.
 1. 1. 0. 0. 0. 0. 1. 1. 1. 0. 1. 1. 0. 0. 0. 0. 0. 0. 0. 0. 1. 0. 0. 0.
 0. 0. 0. 0. 0. 1. 0. 1. 0. 0. 0. 0. 1. 0. 1. 0. 1. 1. 0. 0. 0. 1. 0. 0.
 0. 0. 0. 0. 1. 0. 0. 0. 0. 0. 0. 0. 0. 0. 0. 0. 1. 0. 0. 0. 1. 0. 0. 1.
 1. 0. 0. 0. 0. 1. 0. 0. 0. 0. 1. 0. 0. 1. 0. 1. 0. 0. 0. 0. 0. 0. 0. 1.
 0. 0. 0. 0. 0. 0. 0. 0. 0. 0. 1. 0. 0. 0. 0. 0. 0. 0. 0. 0. 1. 1. 0. 0.
 0. 0. 1. 0. 0. 0. 0. 1. 0. 0. 1. 0. 0. 0. 0. 0. 0. 0. 0. 0. 0. 0. 1. 0.
 1. 1. 0. 1. 0. 0. 0. 0.]
Time taken: 23.995176315307617 seconds
Running combination 45 of 50
Fitting RandomForest...
Fitting Adaboost...
Fitting AdaBoost_2...
Fitting et...
Fitting gbc...
Fitting gbc_2...
Fitting gbc_3...
Fitting dt...
Fitting lr...
Fitting Lasso_1...
Fitting Lasso_2...
Fitting Lasso_3...
Fitting Lasso_4...
Fitting elasticnet...
VCF file created successfully.
pyseer stderr:  Read 1000 phenotypes
Detected continuous phenotype
Reading all variants

0variants [00:00, ?variants/s]
56variants [00:00, 551.64variants/s]
112variants [00:00, 484.59variants/s]
168variants [00:00, 512.46variants/s]
198variants [00:00, 516.85variants/s]
Applying correlation filtering

  0%|          | 0/198 [00:00<?, ?variants/s]
100%|██████████| 198/198 [00:00<00:00, 2688.85variants/s]
Fitting elastic net to top 148 variants
Best penalty (lambda) from cross-validation: 1.04E+01
Best R^2 from cross-validation: 0.534
Finding and printing selected variants
198 loaded variants
50 pre-filtered variants
148 tested variants
143 printed variants

True importance standardized:  [0.23128303 0.23128303 0.23128303 0.23128303 0.23128303 0.23128303
 0.72076952 0.72076952 0.72076952 0.72076952 0.72076952 0.72076952
 0.76396609 0.76396609 0.76396609 0.76396609 0.76396609 0.76396609
 1.         1.         1.         1.         1.         1.
 0.93979988 0.93979988 0.93979988 0.93979988 0.93979988 0.93979988
 0.39852461 0.39852461 0.39852461 0.39852461 0.39852461 0.39852461
 0.16508633 0.16508633 0.16508633 0.16508633 0.16508633 0.16508633
 0.45399809 0.45399809 0.45399809 0.45399809 0.45399809 0.45399809
 0.26080045 0.26080045 0.26080045 0.26080045 0.26080045 0.26080045
 0.24333405 0.24333405 0.24333405 0.24333405 0.24333405 0.24333405
 0.         0.         0.         0.         0.         0.
 0.         0.         0.         0.         0.         0.
 0.         0.         0.         0.         0.         0.
 0.         0.         0.         0.         0.         0.
 0.         0.         0.         0.         0.         0.
 0.         0.         0.         0.         0.         0.
 0.         0.         0.         0.         0.         0.
 0.         0.         0.         0.         0.         0.
 0.         0.         0.         0.         0.         0.
 0.         0.         0.         0.         0.         0.
 0.         0.         0.         0.         0.         0.
 0.         0.         0.         0.         0.         0.
 0.         0.         0.         0.         0.         0.
 0.         0.         0.         0.         0.         0.
 0.         0.         0.         0.         0.         0.
 0.         0.         0.         0.         0.         0.
 0.         0.         0.         0.         0.         0.
 0.         0.         0.         0.         0.         0.
 0.         0.         0.         0.         0.         0.
 0.         0.         0.         0.         0.         0.
 0.         0.         0.         0.         0.         0.
 0.         0.         0.         0.         0.         0.
 0.         0.         0.         0.         0.         0.
 0.         0.        ]
Normalized importance:  [0.06833404 0.06833404 0.06833404 0.06833404 0.06833404 0.06833404
 0.51553797 0.51553797 0.51553797 0.51553797 0.51553797 0.51553797
 0.53129168 0.53129168 0.53129168 0.53129168 0.53129168 0.53129168
 1.         1.         1.         1.         1.         1.
 0.9960289  0.9960289  0.9960289  0.9960289  0.9960289  0.9960289
 0.17260523 0.17260523 0.17260523 0.17260523 0.17260523 0.17260523
 0.         0.         0.         0.         0.         0.
 0.23542217 0.23542217 0.23542217 0.23542217 0.23542217 0.23542217
 0.02939187 0.         0.         0.         0.         0.02939187
 0.11753031 0.11753031 0.11753031 0.11753031 0.11753031 0.11753031
 0.         0.         0.         0.         0.         0.
 0.         0.         0.         0.         0.         0.
 0.         0.         0.01352422 0.         0.         0.
 0.         0.         0.         0.         0.         0.
 0.         0.         0.         0.         0.         0.
 0.         0.         0.         0.         0.         0.
 0.02834276 0.         0.         0.01447955 0.         0.
 0.         0.         0.         0.         0.         0.
 0.         0.         0.         0.         0.         0.
 0.         0.         0.         0.         0.         0.
 0.         0.         0.02283973 0.         0.         0.
 0.         0.         0.         0.         0.         0.
 0.         0.         0.         0.         0.         0.
 0.         0.         0.         0.         0.         0.
 0.         0.         0.         0.0165449  0.         0.
 0.         0.         0.         0.         0.         0.
 0.         0.         0.         0.         0.         0.
 0.         0.         0.         0.         0.         0.
 0.         0.09108918 0.         0.         0.         0.
 0.         0.         0.         0.00638169 0.02393012 0.
 0.         0.         0.         0.         0.         0.
 0.         0.         0.         0.         0.         0.
 0.         0.         0.         0.         0.         0.
 0.         0.        ]
deepbreaks
y_true:  [0. 0. 0. 0. 0. 0. 1. 1. 1. 1. 1. 1. 1. 1. 1. 1. 1. 1. 1. 1. 1. 1. 1. 1.
 1. 1. 1. 1. 1. 1. 0. 0. 0. 0. 0. 0. 0. 0. 0. 0. 0. 0. 1. 1. 1. 1. 1. 1.
 0. 0. 0. 0. 0. 0. 0. 0. 0. 0. 0. 0. 0. 0. 0. 0. 0. 0. 0. 0. 0. 0. 0. 0.
 0. 0. 0. 0. 0. 0. 0. 0. 0. 0. 0. 0. 0. 0. 0. 0. 0. 0. 0. 0. 0. 0. 0. 0.
 0. 0. 0. 0. 0. 0. 0. 0. 0. 0. 0. 0. 0. 0. 0. 0. 0. 0. 0. 0. 0. 0. 0. 0.
 0. 0. 0. 0. 0. 0. 0. 0. 0. 0. 0. 0. 0. 0. 0. 0. 0. 0. 0. 0. 0. 0. 0. 0.
 0. 0. 0. 0. 0. 0. 0. 0. 0. 0. 0. 0. 0. 0. 0. 0. 0. 0. 0. 0. 0. 0. 0. 0.
 0. 0. 0. 0. 0. 0. 0. 0. 0. 0. 0. 0. 0. 0. 0. 0. 0. 0. 0. 0. 0. 0. 0. 0.
 0. 0. 0. 0. 0. 0. 0. 0.]
y_pred:  [0. 0. 0. 0. 0. 0. 1. 1. 1. 1. 1. 1. 1. 1. 1. 1. 1. 1. 1. 1. 1. 1. 1. 1.
 1. 1. 1. 1. 1. 1. 0. 0. 0. 0. 0. 0. 0. 0. 0. 0. 0. 0. 1. 1. 1. 1. 1. 1.
 0. 0. 0. 0. 0. 0. 0. 0. 0. 0. 0. 0. 0. 0. 0. 0. 0. 0. 0. 0. 0. 0. 0. 0.
 0. 0. 0. 0. 0. 0. 0. 0. 0. 0. 0. 0. 0. 0. 0. 0. 0. 0. 0. 0. 0. 0. 0. 0.
 0. 0. 0. 0. 0. 0. 0. 0. 0. 0. 0. 0. 0. 0. 0. 0. 0. 0. 0. 0. 0. 0. 0. 0.
 0. 0. 0. 0. 0. 0. 0. 0. 0. 0. 0. 0. 0. 0. 0. 0. 0. 0. 0. 0. 0. 0. 0. 0.
 0. 0. 0. 0. 0. 0. 0. 0. 0. 0. 0. 0. 0. 0. 0. 0. 0. 0. 0. 0. 0. 0. 0. 0.
 0. 0. 0. 0. 0. 0. 0. 0. 0. 0. 0. 0. 0. 0. 0. 0. 0. 0. 0. 0. 0. 0. 0. 0.
 0. 0. 0. 0. 0. 0. 0. 0.]
Normalized importance:  [0.34084084 0.01153153 0.1        0.18318318 0.09864865 0.12057057
 0.62312312 0.34684685 0.08483483 0.47297297 0.23573574 0.34984985
 0.71021021 0.38588589 0.34234234 0.1981982  0.25675676 0.11876877
 0.95495495 0.6021021  0.31981982 0.40840841 0.26726727 0.18018018
 1.         0.28678679 0.11351351 0.36636637 0.37687688 0.53003003
 0.4009009  0.33033033 0.12702703 0.25375375 0.10945946 0.14984985
 0.         0.         0.01861862 0.03948949 0.08723724 0.08378378
 0.57807808 0.06546547 0.31981982 0.15315315 0.32282282 0.04459459
 0.03858859 0.07732733 0.08858859 0.06171171 0.02882883 0.26876877
 0.36936937 0.0140991  0.13603604 0.14204204 0.25975976 0.35885886
 0.         0.2027027  0.1033033  0.19219219 0.         0.09189189
 0.         0.12222222 0.09114114 0.07102102 0.         0.
 0.         0.         0.17417417 0.09504505 0.096997   0.22072072
 0.08783784 0.02402402 0.14534535 0.06801802 0.         0.
 0.04864865 0.         0.14039039 0.02462462 0.         0.
 0.18468468 0.1036036  0.         0.05015015 0.22822823 0.
 0.27477477 0.13978979 0.         0.08603604 0.         0.2012012
 0.3033033  0.02747748 0.01493994 0.21471471 0.         0.04354354
 0.00345345 0.2012012  0.         0.         0.03693694 0.05885886
 0.         0.14504505 0.06906907 0.06411411 0.07177177 0.12072072
 0.         0.0533033  0.25075075 0.00612613 0.02102102 0.11201201
 0.07852853 0.1003003  0.         0.         0.19369369 0.06906907
 0.24324324 0.10615616 0.         0.16066066 0.25675676 0.
 0.07657658 0.         0.         0.         0.         0.19369369
 0.         0.         0.15765766 0.2042042  0.         0.
 0.         0.         0.03378378 0.         0.         0.13888889
 0.0487988  0.03708709 0.08318318 0.10690691 0.01921922 0.
 0.11261261 0.         0.00328829 0.         0.01726727 0.16666667
 0.         0.34684685 0.07372372 0.12552553 0.01295796 0.
 0.18768769 0.00657658 0.07582583 0.22672673 0.18768769 0.
 0.         0.0087988  0.11126126 0.1487988  0.12072072 0.
 0.00927928 0.         0.         0.         0.         0.16966967
 0.04429429 0.         0.         0.         0.         0.28678679
 0.         0.        ]
pyseer
y_true:  [0. 0. 0. 0. 0. 0. 1. 1. 1. 1. 1. 1. 1. 1. 1. 1. 1. 1. 1. 1. 1. 1. 1. 1.
 1. 1. 1. 1. 1. 1. 0. 0. 0. 0. 0. 0. 0. 0. 0. 0. 0. 0. 1. 1. 1. 1. 1. 1.
 0. 0. 0. 0. 0. 0. 0. 0. 0. 0. 0. 0. 0. 0. 0. 0. 0. 0. 0. 0. 0. 0. 0. 0.
 0. 0. 0. 0. 0. 0. 0. 0. 0. 0. 0. 0. 0. 0. 0. 0. 0. 0. 0. 0. 0. 0. 0. 0.
 0. 0. 0. 0. 0. 0. 0. 0. 0. 0. 0. 0. 0. 0. 0. 0. 0. 0. 0. 0. 0. 0. 0. 0.
 0. 0. 0. 0. 0. 0. 0. 0. 0. 0. 0. 0. 0. 0. 0. 0. 0. 0. 0. 0. 0. 0. 0. 0.
 0. 0. 0. 0. 0. 0. 0. 0. 0. 0. 0. 0. 0. 0. 0. 0. 0. 0. 0. 0. 0. 0. 0. 0.
 0. 0. 0. 0. 0. 0. 0. 0. 0. 0. 0. 0. 0. 0. 0. 0. 0. 0. 0. 0. 0. 0. 0. 0.
 0. 0. 0. 0. 0. 0. 0. 0.]
y_pred:  [1. 0. 0. 1. 0. 0. 1. 1. 0. 1. 1. 1. 1. 1. 1. 1. 1. 0. 1. 1. 1. 1. 1. 1.
 1. 1. 0. 1. 1. 1. 1. 1. 1. 1. 0. 1. 0. 0. 0. 0. 0. 0. 1. 0. 1. 1. 1. 0.
 0. 0. 0. 0. 0. 1. 1. 0. 1. 1. 1. 1. 0. 1. 0. 1. 0. 0. 0. 1. 0. 0. 0. 0.
 0. 0. 1. 0. 0. 1. 0. 0. 1. 0. 0. 0. 0. 0. 1. 0. 0. 0. 1. 0. 0. 0. 1. 0.
 1. 1. 0. 0. 0. 1. 1. 0. 0. 1. 0. 0. 0. 1. 0. 0. 0. 0. 0. 1. 0. 0. 0. 0.
 0. 0. 1. 0. 0. 0. 0. 0. 0. 0. 1. 0. 1. 0. 0. 1. 1. 0. 0. 0. 0. 0. 0. 1.
 0. 0. 1. 1. 0. 0. 0. 0. 0. 0. 0. 1. 0. 0. 0. 0. 0. 0. 0. 0. 0. 0. 0. 1.
 0. 1. 0. 1. 0. 0. 1. 0. 0. 1. 1. 0. 0. 0. 0. 1. 0. 0. 0. 0. 0. 0. 0. 1.
 0. 0. 0. 0. 0. 1. 0. 0.]
Time taken: 23.38671851158142 seconds
Running combination 46 of 50
Fitting RandomForest...
Fitting Adaboost...
Fitting AdaBoost_2...
Fitting et...
Fitting gbc...
Fitting gbc_2...
Fitting gbc_3...
Fitting dt...
Fitting lr...
Fitting Lasso_1...
Fitting Lasso_2...
Fitting Lasso_3...
Fitting Lasso_4...
Fitting elasticnet...
VCF file created successfully.
pyseer stderr:  Read 1000 phenotypes
Detected continuous phenotype
Reading all variants

0variants [00:00, ?variants/s]
54variants [00:00, 532.40variants/s]
108variants [00:00, 473.31variants/s]
164variants [00:00, 506.61variants/s]
198variants [00:00, 511.03variants/s]
Applying correlation filtering

  0%|          | 0/198 [00:00<?, ?variants/s]
100%|██████████| 198/198 [00:00<00:00, 2674.60variants/s]
Fitting elastic net to top 148 variants
Best penalty (lambda) from cross-validation: 1.93E+01
Best R^2 from cross-validation: 0.494
Finding and printing selected variants
198 loaded variants
50 pre-filtered variants
148 tested variants
139 printed variants

True importance standardized:  [0.82722414 0.82722414 0.82722414 0.82722414 0.82722414 0.82722414
 0.15313696 0.15313696 0.15313696 0.15313696 0.15313696 0.15313696
 0.93220046 0.93220046 0.93220046 0.93220046 0.93220046 0.93220046
 0.6401762  0.6401762  0.6401762  0.6401762  0.6401762  0.6401762
 0.52262979 0.52262979 0.52262979 0.52262979 0.52262979 0.52262979
 0.43343178 0.43343178 0.43343178 0.43343178 0.43343178 0.43343178
 0.90437494 0.90437494 0.90437494 0.90437494 0.90437494 0.90437494
 0.26161149 0.26161149 0.26161149 0.26161149 0.26161149 0.26161149
 0.51479811 0.51479811 0.51479811 0.51479811 0.51479811 0.51479811
 1.         1.         1.         1.         1.         1.
 0.         0.         0.         0.         0.         0.
 0.         0.         0.         0.         0.         0.
 0.         0.         0.         0.         0.         0.
 0.         0.         0.         0.         0.         0.
 0.         0.         0.         0.         0.         0.
 0.         0.         0.         0.         0.         0.
 0.         0.         0.         0.         0.         0.
 0.         0.         0.         0.         0.         0.
 0.         0.         0.         0.         0.         0.
 0.         0.         0.         0.         0.         0.
 0.         0.         0.         0.         0.         0.
 0.         0.         0.         0.         0.         0.
 0.         0.         0.         0.         0.         0.
 0.         0.         0.         0.         0.         0.
 0.         0.         0.         0.         0.         0.
 0.         0.         0.         0.         0.         0.
 0.         0.         0.         0.         0.         0.
 0.         0.         0.         0.         0.         0.
 0.         0.         0.         0.         0.         0.
 0.         0.         0.         0.         0.         0.
 0.         0.         0.         0.         0.         0.
 0.         0.         0.         0.         0.         0.
 0.         0.         0.         0.         0.         0.
 0.         0.        ]
Normalized importance:  [0.7294266  0.7294266  0.7294266  0.7294266  0.7294266  0.7294266
 0.         0.         0.         0.         0.         0.
 0.69276247 0.69276247 0.69276247 0.69276247 0.69276247 0.69276247
 0.21694046 0.21694046 0.21694046 0.21694046 0.21694046 0.21694046
 0.15321235 0.15321235 0.15321235 0.15321235 0.15321235 0.15321235
 0.27627192 0.27627192 0.27627192 0.27627192 0.27627192 0.27627192
 0.85366069 0.85366069 0.85366069 0.85366069 0.85366069 0.85366069
 0.02719761 0.02719761 0.         0.02719761 0.         0.
 0.16537527 0.         0.16537527 0.16537527 0.16537527 0.16537527
 1.         1.         1.         1.         1.         1.
 0.         0.         0.         0.         0.         0.
 0.02045334 0.         0.02008599 0.         0.         0.
 0.         0.         0.         0.         0.         0.
 0.         0.         0.         0.         0.         0.
 0.         0.         0.         0.         0.         0.
 0.         0.         0.         0.         0.         0.
 0.         0.         0.         0.         0.         0.
 0.         0.         0.01136936 0.         0.         0.
 0.         0.         0.         0.         0.         0.
 0.         0.         0.         0.         0.         0.
 0.         0.         0.         0.         0.         0.
 0.         0.         0.         0.         0.         0.
 0.         0.         0.03025692 0.         0.         0.
 0.         0.00810739 0.0307212  0.         0.         0.01036502
 0.         0.         0.         0.         0.         0.
 0.         0.042616   0.         0.         0.         0.
 0.         0.         0.         0.         0.         0.
 0.01750988 0.         0.         0.         0.         0.
 0.         0.         0.         0.         0.         0.
 0.01545581 0.         0.01611074 0.         0.         0.
 0.         0.         0.         0.         0.         0.
 0.         0.         0.         0.         0.         0.
 0.         0.         0.         0.         0.         0.
 0.         0.        ]
deepbreaks
y_true:  [1. 1. 1. 1. 1. 1. 0. 0. 0. 0. 0. 0. 1. 1. 1. 1. 1. 1. 1. 1. 1. 1. 1. 1.
 0. 0. 0. 0. 0. 0. 0. 0. 0. 0. 0. 0. 1. 1. 1. 1. 1. 1. 0. 0. 0. 0. 0. 0.
 0. 0. 0. 0. 0. 0. 1. 1. 1. 1. 1. 1. 0. 0. 0. 0. 0. 0. 0. 0. 0. 0. 0. 0.
 0. 0. 0. 0. 0. 0. 0. 0. 0. 0. 0. 0. 0. 0. 0. 0. 0. 0. 0. 0. 0. 0. 0. 0.
 0. 0. 0. 0. 0. 0. 0. 0. 0. 0. 0. 0. 0. 0. 0. 0. 0. 0. 0. 0. 0. 0. 0. 0.
 0. 0. 0. 0. 0. 0. 0. 0. 0. 0. 0. 0. 0. 0. 0. 0. 0. 0. 0. 0. 0. 0. 0. 0.
 0. 0. 0. 0. 0. 0. 0. 0. 0. 0. 0. 0. 0. 0. 0. 0. 0. 0. 0. 0. 0. 0. 0. 0.
 0. 0. 0. 0. 0. 0. 0. 0. 0. 0. 0. 0. 0. 0. 0. 0. 0. 0. 0. 0. 0. 0. 0. 0.
 0. 0. 0. 0. 0. 0. 0. 0.]
y_pred:  [1. 1. 1. 1. 1. 1. 0. 0. 0. 0. 0. 0. 1. 1. 1. 1. 1. 1. 1. 1. 1. 1. 1. 1.
 0. 0. 0. 0. 0. 0. 1. 1. 1. 1. 1. 1. 1. 1. 1. 1. 1. 1. 0. 0. 0. 0. 0. 0.
 0. 0. 0. 0. 0. 0. 1. 1. 1. 1. 1. 1. 0. 0. 0. 0. 0. 0. 0. 0. 0. 0. 0. 0.
 0. 0. 0. 0. 0. 0. 0. 0. 0. 0. 0. 0. 0. 0. 0. 0. 0. 0. 0. 0. 0. 0. 0. 0.
 0. 0. 0. 0. 0. 0. 0. 0. 0. 0. 0. 0. 0. 0. 0. 0. 0. 0. 0. 0. 0. 0. 0. 0.
 0. 0. 0. 0. 0. 0. 0. 0. 0. 0. 0. 0. 0. 0. 0. 0. 0. 0. 0. 0. 0. 0. 0. 0.
 0. 0. 0. 0. 0. 0. 0. 0. 0. 0. 0. 0. 0. 0. 0. 0. 0. 0. 0. 0. 0. 0. 0. 0.
 0. 0. 0. 0. 0. 0. 0. 0. 0. 0. 0. 0. 0. 0. 0. 0. 0. 0. 0. 0. 0. 0. 0. 0.
 0. 0. 0. 0. 0. 0. 0. 0.]
Normalized importance:  [0.65517241 0.44827586 0.35423197 0.5015674  0.44357367 0.43416928
 0.00868339 0.05125392 0.         0.08981191 0.0022884  0.01818182
 0.71630094 0.52507837 0.27429467 0.50940439 0.36206897 0.47805643
 0.52978056 0.23667712 0.         0.30564263 0.3338558  0.17868339
 0.49529781 0.3354232  0.1362069  0.1645768  0.14059561 0.02319749
 0.52978056 0.15470219 0.21473354 0.37931034 0.14404389 0.03918495
 0.94670846 0.39028213 0.54075235 0.31191223 0.45297806 0.38557994
 0.06630094 0.13573668 0.0992163  0.18025078 0.17554859 0.
 0.37774295 0.         0.08526646 0.13949843 0.32288401 0.37617555
 1.         0.30250784 0.39184953 0.26332288 0.55015674 0.55485893
 0.10642633 0.22727273 0.         0.06833856 0.03683386 0.
 0.27429467 0.17241379 0.03981191 0.21003135 0.         0.
 0.         0.         0.12962382 0.         0.14341693 0.06316614
 0.19749216 0.04482759 0.0131348  0.         0.12241379 0.01324451
 0.17868339 0.05987461 0.23510972 0.         0.07115987 0.02978056
 0.04780564 0.         0.         0.         0.07366771 0.
 0.10250784 0.00901254 0.27429467 0.         0.         0.21473354
 0.         0.14216301 0.11253918 0.03009404 0.         0.
 0.         0.03119122 0.06081505 0.         0.         0.30250784
 0.         0.21943574 0.00261755 0.20219436 0.         0.
 0.         0.11426332 0.         0.         0.10219436 0.2507837
 0.02163009 0.07570533 0.05423197 0.19749216 0.12241379 0.14576803
 0.         0.         0.18495298 0.         0.05846395 0.09435737
 0.         0.2492163  0.15548589 0.17241379 0.12774295 0.22727273
 0.         0.         0.1346395  0.         0.         0.
 0.         0.169279   0.         0.1677116  0.21003135 0.
 0.15673981 0.21473354 0.         0.         0.11238245 0.11974922
 0.29780564 0.         0.15658307 0.09576803 0.         0.19435737
 0.15141066 0.         0.19905956 0.09827586 0.         0.06347962
 0.15830721 0.20532915 0.23667712 0.12539185 0.04420063 0.09968652
 0.1645768  0.         0.         0.         0.12978056 0.
 0.05626959 0.23354232 0.18808777 0.13981191 0.07523511 0.
 0.         0.         0.         0.         0.         0.02868339
 0.         0.        ]
pyseer
y_true:  [1. 1. 1. 1. 1. 1. 0. 0. 0. 0. 0. 0. 1. 1. 1. 1. 1. 1. 1. 1. 1. 1. 1. 1.
 0. 0. 0. 0. 0. 0. 0. 0. 0. 0. 0. 0. 1. 1. 1. 1. 1. 1. 0. 0. 0. 0. 0. 0.
 0. 0. 0. 0. 0. 0. 1. 1. 1. 1. 1. 1. 0. 0. 0. 0. 0. 0. 0. 0. 0. 0. 0. 0.
 0. 0. 0. 0. 0. 0. 0. 0. 0. 0. 0. 0. 0. 0. 0. 0. 0. 0. 0. 0. 0. 0. 0. 0.
 0. 0. 0. 0. 0. 0. 0. 0. 0. 0. 0. 0. 0. 0. 0. 0. 0. 0. 0. 0. 0. 0. 0. 0.
 0. 0. 0. 0. 0. 0. 0. 0. 0. 0. 0. 0. 0. 0. 0. 0. 0. 0. 0. 0. 0. 0. 0. 0.
 0. 0. 0. 0. 0. 0. 0. 0. 0. 0. 0. 0. 0. 0. 0. 0. 0. 0. 0. 0. 0. 0. 0. 0.
 0. 0. 0. 0. 0. 0. 0. 0. 0. 0. 0. 0. 0. 0. 0. 0. 0. 0. 0. 0. 0. 0. 0. 0.
 0. 0. 0. 0. 0. 0. 0. 0.]
y_pred:  [1. 1. 1. 1. 1. 1. 0. 0. 0. 0. 0. 0. 1. 1. 1. 1. 1. 1. 1. 1. 0. 1. 1. 1.
 1. 1. 0. 1. 0. 0. 1. 0. 1. 1. 0. 0. 1. 1. 1. 1. 1. 1. 0. 0. 0. 1. 1. 0.
 1. 0. 0. 0. 1. 1. 1. 1. 1. 1. 1. 1. 0. 1. 0. 0. 0. 0. 1. 1. 0. 1. 0. 0.
 0. 0. 0. 0. 0. 0. 1. 0. 0. 0. 0. 0. 1. 0. 1. 0. 0. 0. 0. 0. 0. 0. 0. 0.
 0. 0. 1. 0. 0. 1. 0. 0. 0. 0. 0. 0. 0. 0. 0. 0. 0. 1. 0. 1. 0. 1. 0. 0.
 0. 0. 0. 0. 0. 1. 0. 0. 0. 1. 0. 0. 0. 0. 1. 0. 0. 0. 0. 1. 0. 1. 0. 1.
 0. 0. 0. 0. 0. 0. 0. 1. 0. 1. 1. 0. 0. 1. 0. 0. 0. 0. 1. 0. 0. 0. 0. 1.
 0. 0. 1. 0. 0. 0. 0. 1. 1. 0. 0. 0. 1. 0. 0. 0. 0. 0. 0. 1. 1. 0. 0. 0.
 0. 0. 0. 0. 0. 0. 0. 0.]
Time taken: 23.844900369644165 seconds
Running combination 47 of 50
Fitting RandomForest...
Fitting Adaboost...
Fitting AdaBoost_2...
Fitting et...
Fitting gbc...
Fitting gbc_2...
Fitting gbc_3...
Fitting dt...
Fitting lr...
Fitting Lasso_1...
Fitting Lasso_2...
Fitting Lasso_3...
Fitting Lasso_4...
Fitting elasticnet...
VCF file created successfully.
pyseer stderr:  Read 1000 phenotypes
Detected continuous phenotype
Reading all variants

0variants [00:00, ?variants/s]
55variants [00:00, 548.33variants/s]
110variants [00:00, 472.09variants/s]
165variants [00:00, 503.98variants/s]
198variants [00:00, 509.71variants/s]
Applying correlation filtering

  0%|          | 0/198 [00:00<?, ?variants/s]
100%|██████████| 198/198 [00:00<00:00, 2710.49variants/s]
Fitting elastic net to top 148 variants
Best penalty (lambda) from cross-validation: 4.76E+00
Best R^2 from cross-validation: 0.447
Finding and printing selected variants
198 loaded variants
50 pre-filtered variants
148 tested variants
138 printed variants

True importance standardized:  [0.24919104 0.24919104 0.24919104 0.24919104 0.24919104 0.24919104
 0.40758453 0.40758453 0.40758453 0.40758453 0.40758453 0.40758453
 0.17527071 0.17527071 0.17527071 0.17527071 0.17527071 0.17527071
 0.15270588 0.15270588 0.15270588 0.15270588 0.15270588 0.15270588
 0.58215096 0.58215096 0.58215096 0.58215096 0.58215096 0.58215096
 0.29727644 0.29727644 0.29727644 0.29727644 0.29727644 0.29727644
 0.17177598 0.17177598 0.17177598 0.17177598 0.17177598 0.17177598
 0.84435265 0.84435265 0.84435265 0.84435265 0.84435265 0.84435265
 1.         1.         1.         1.         1.         1.
 0.14816051 0.14816051 0.14816051 0.14816051 0.14816051 0.14816051
 0.         0.         0.         0.         0.         0.
 0.         0.         0.         0.         0.         0.
 0.         0.         0.         0.         0.         0.
 0.         0.         0.         0.         0.         0.
 0.         0.         0.         0.         0.         0.
 0.         0.         0.         0.         0.         0.
 0.         0.         0.         0.         0.         0.
 0.         0.         0.         0.         0.         0.
 0.         0.         0.         0.         0.         0.
 0.         0.         0.         0.         0.         0.
 0.         0.         0.         0.         0.         0.
 0.         0.         0.         0.         0.         0.
 0.         0.         0.         0.         0.         0.
 0.         0.         0.         0.         0.         0.
 0.         0.         0.         0.         0.         0.
 0.         0.         0.         0.         0.         0.
 0.         0.         0.         0.         0.         0.
 0.         0.         0.         0.         0.         0.
 0.         0.         0.         0.         0.         0.
 0.         0.         0.         0.         0.         0.
 0.         0.         0.         0.         0.         0.
 0.         0.         0.         0.         0.         0.
 0.         0.         0.         0.         0.         0.
 0.         0.        ]
Normalized importance:  [0.16942027 0.16942027 0.16942027 0.16942027 0.16942027 0.16942027
 0.44776432 0.44776432 0.44776432 0.44776432 0.44776432 0.44776432
 0.04919197 0.         0.04919197 0.         0.04919197 0.
 0.         0.         0.         0.         0.         0.
 0.4950952  0.4950952  0.4950952  0.4950952  0.4950952  0.4950952
 0.05829756 0.05829756 0.05829756 0.05829756 0.05829756 0.05829756
 0.19360647 0.19360647 0.19360647 0.19360647 0.19360647 0.19360647
 0.9250367  0.9250367  0.9250367  0.9250367  0.9250367  0.9250367
 1.         1.         1.         1.         1.         1.
 0.10313036 0.10313036 0.         0.10313036 0.         0.
 0.         0.         0.         0.         0.         0.
 0.         0.         0.         0.         0.01505745 0.
 0.         0.         0.         0.         0.         0.
 0.02720588 0.         0.         0.         0.         0.
 0.         0.         0.         0.         0.         0.
 0.         0.         0.         0.         0.         0.02122623
 0.         0.         0.         0.         0.         0.
 0.         0.         0.         0.         0.         0.
 0.         0.         0.05243043 0.         0.         0.
 0.         0.         0.         0.         0.         0.
 0.         0.         0.         0.06298009 0.         0.
 0.         0.         0.         0.         0.         0.
 0.         0.         0.         0.         0.         0.
 0.         0.         0.         0.         0.         0.
 0.         0.         0.         0.         0.         0.
 0.         0.         0.         0.         0.0470789  0.07538457
 0.04110579 0.         0.         0.         0.         0.
 0.         0.         0.         0.         0.         0.
 0.         0.         0.         0.         0.         0.
 0.         0.         0.         0.         0.         0.
 0.         0.         0.         0.01518061 0.05900347 0.
 0.10625826 0.         0.         0.         0.         0.
 0.         0.         0.         0.         0.         0.
 0.         0.        ]
deepbreaks
y_true:  [0. 0. 0. 0. 0. 0. 1. 1. 1. 1. 1. 1. 0. 0. 0. 0. 0. 0. 0. 0. 0. 0. 0. 0.
 1. 1. 1. 1. 1. 1. 1. 1. 1. 1. 1. 1. 0. 0. 0. 0. 0. 0. 1. 1. 1. 1. 1. 1.
 1. 1. 1. 1. 1. 1. 0. 0. 0. 0. 0. 0. 0. 0. 0. 0. 0. 0. 0. 0. 0. 0. 0. 0.
 0. 0. 0. 0. 0. 0. 0. 0. 0. 0. 0. 0. 0. 0. 0. 0. 0. 0. 0. 0. 0. 0. 0. 0.
 0. 0. 0. 0. 0. 0. 0. 0. 0. 0. 0. 0. 0. 0. 0. 0. 0. 0. 0. 0. 0. 0. 0. 0.
 0. 0. 0. 0. 0. 0. 0. 0. 0. 0. 0. 0. 0. 0. 0. 0. 0. 0. 0. 0. 0. 0. 0. 0.
 0. 0. 0. 0. 0. 0. 0. 0. 0. 0. 0. 0. 0. 0. 0. 0. 0. 0. 0. 0. 0. 0. 0. 0.
 0. 0. 0. 0. 0. 0. 0. 0. 0. 0. 0. 0. 0. 0. 0. 0. 0. 0. 0. 0. 0. 0. 0. 0.
 0. 0. 0. 0. 0. 0. 0. 0.]
y_pred:  [0. 0. 0. 0. 0. 0. 1. 1. 1. 1. 1. 1. 0. 0. 0. 0. 0. 0. 0. 0. 0. 0. 0. 0.
 1. 1. 1. 1. 1. 1. 0. 0. 0. 0. 0. 0. 1. 1. 1. 1. 1. 1. 1. 1. 1. 1. 1. 1.
 1. 1. 1. 1. 1. 1. 0. 0. 0. 0. 0. 0. 0. 0. 0. 0. 0. 0. 0. 0. 0. 0. 0. 0.
 0. 0. 0. 0. 0. 0. 0. 0. 0. 0. 0. 0. 0. 0. 0. 0. 0. 0. 0. 0. 0. 0. 0. 0.
 0. 0. 0. 0. 0. 0. 0. 0. 0. 0. 0. 0. 0. 0. 0. 0. 0. 0. 0. 0. 0. 0. 0. 0.
 0. 0. 0. 0. 0. 0. 0. 0. 0. 0. 0. 0. 0. 0. 0. 0. 0. 0. 0. 0. 0. 0. 0. 0.
 0. 0. 0. 0. 0. 0. 0. 0. 0. 0. 0. 0. 0. 0. 0. 0. 0. 0. 0. 0. 0. 0. 0. 0.
 0. 0. 0. 0. 0. 0. 0. 0. 0. 0. 0. 0. 0. 0. 0. 0. 0. 0. 0. 0. 0. 0. 0. 0.
 0. 0. 0. 0. 0. 0. 0. 0.]
Normalized importance:  [2.42063492e-01 4.19047619e-01 4.54761905e-02 1.95238095e-01
 2.15873016e-01 1.63492063e-01 5.66666667e-01 2.86507937e-01
 1.71428571e-01 4.92063492e-01 1.57142857e-01 3.46031746e-01
 1.13492063e-01 4.65079365e-02 2.96031746e-01 0.00000000e+00
 2.43650794e-01 1.30952381e-01 0.00000000e+00 0.00000000e+00
 5.22222222e-02 2.58730159e-01 2.16666667e-02 0.00000000e+00
 6.36507937e-01 4.42063492e-01 5.32539683e-01 4.77777778e-01
 1.82539683e-01 2.88888889e-01 2.30158730e-01 2.83333333e-01
 7.01587302e-02 1.52380952e-01 3.31746032e-01 5.01587302e-02
 3.11111111e-01 1.04761905e-01 7.22222222e-02 1.21428571e-01
 2.93650794e-01 3.19841270e-01 9.68253968e-01 5.88888889e-01
 7.07142857e-01 4.44444444e-01 2.24603175e-01 4.28571429e-01
 1.00000000e+00 7.15079365e-01 5.03968254e-01 7.12698413e-01
 3.30952381e-01 6.58730159e-01 1.70634921e-01 2.06349206e-01
 8.17460317e-02 1.73809524e-01 2.39682540e-02 0.00000000e+00
 0.00000000e+00 1.86507937e-01 1.25396825e-02 0.00000000e+00
 3.30952381e-02 0.00000000e+00 0.00000000e+00 3.46825397e-01
 0.00000000e+00 9.36507937e-04 1.57936508e-01 0.00000000e+00
 7.83333333e-02 9.92063492e-02 0.00000000e+00 1.84126984e-01
 1.20634921e-02 1.69841270e-01 9.44444444e-02 0.00000000e+00
 1.34126984e-01 9.84126984e-02 1.58730159e-01 0.00000000e+00
 3.89682540e-02 2.78571429e-01 0.00000000e+00 0.00000000e+00
 1.03174603e-01 1.21428571e-01 1.80158730e-01 2.29365079e-01
 0.00000000e+00 0.00000000e+00 0.00000000e+00 1.49206349e-01
 1.58730159e-01 1.46825397e-01 3.30952381e-02 1.11904762e-01
 0.00000000e+00 9.44444444e-02 0.00000000e+00 0.00000000e+00
 1.24603175e-01 1.23809524e-01 3.28571429e-02 0.00000000e+00
 1.73015873e-01 0.00000000e+00 1.53968254e-01 1.02380952e-01
 1.06349206e-01 1.73809524e-01 0.00000000e+00 6.40476190e-05
 8.41269841e-02 1.29365079e-02 2.19047619e-03 0.00000000e+00
 0.00000000e+00 0.00000000e+00 4.88095238e-02 1.61111111e-01
 1.42857143e-02 0.00000000e+00 0.00000000e+00 0.00000000e+00
 0.00000000e+00 4.31746032e-02 1.27777778e-01 1.51587302e-01
 1.03968254e-01 0.00000000e+00 1.58730159e-01 0.00000000e+00
 1.97619048e-01 1.57142857e-01 7.48412698e-02 0.00000000e+00
 0.00000000e+00 2.81746032e-02 0.00000000e+00 0.00000000e+00
 0.00000000e+00 0.00000000e+00 0.00000000e+00 0.00000000e+00
 0.00000000e+00 1.27777778e-01 7.06349206e-02 1.23015873e-01
 8.33333333e-02 0.00000000e+00 5.14285714e-01 2.10317460e-01
 3.22222222e-01 1.89682540e-01 0.00000000e+00 0.00000000e+00
 6.80158730e-02 0.00000000e+00 2.65873016e-01 0.00000000e+00
 0.00000000e+00 1.61904762e-02 8.80952381e-02 0.00000000e+00
 0.00000000e+00 0.00000000e+00 0.00000000e+00 0.00000000e+00
 1.67460317e-01 9.12698413e-02 1.65079365e-01 1.41269841e-01
 1.96825397e-01 6.87301587e-02 1.23015873e-01 0.00000000e+00
 0.00000000e+00 1.72222222e-01 5.61904762e-02 2.10317460e-01
 2.24603175e-01 4.32539683e-02 4.06349206e-01 5.30952381e-02
 4.12698413e-02 0.00000000e+00 1.59523810e-01 0.00000000e+00
 7.49206349e-02 3.26984127e-02 2.14285714e-01 0.00000000e+00
 0.00000000e+00 8.25396825e-02 0.00000000e+00 0.00000000e+00]
pyseer
y_true:  [0. 0. 0. 0. 0. 0. 1. 1. 1. 1. 1. 1. 0. 0. 0. 0. 0. 0. 0. 0. 0. 0. 0. 0.
 1. 1. 1. 1. 1. 1. 1. 1. 1. 1. 1. 1. 0. 0. 0. 0. 0. 0. 1. 1. 1. 1. 1. 1.
 1. 1. 1. 1. 1. 1. 0. 0. 0. 0. 0. 0. 0. 0. 0. 0. 0. 0. 0. 0. 0. 0. 0. 0.
 0. 0. 0. 0. 0. 0. 0. 0. 0. 0. 0. 0. 0. 0. 0. 0. 0. 0. 0. 0. 0. 0. 0. 0.
 0. 0. 0. 0. 0. 0. 0. 0. 0. 0. 0. 0. 0. 0. 0. 0. 0. 0. 0. 0. 0. 0. 0. 0.
 0. 0. 0. 0. 0. 0. 0. 0. 0. 0. 0. 0. 0. 0. 0. 0. 0. 0. 0. 0. 0. 0. 0. 0.
 0. 0. 0. 0. 0. 0. 0. 0. 0. 0. 0. 0. 0. 0. 0. 0. 0. 0. 0. 0. 0. 0. 0. 0.
 0. 0. 0. 0. 0. 0. 0. 0. 0. 0. 0. 0. 0. 0. 0. 0. 0. 0. 0. 0. 0. 0. 0. 0.
 0. 0. 0. 0. 0. 0. 0. 0.]
y_pred:  [1. 1. 0. 1. 1. 1. 1. 1. 1. 1. 0. 1. 0. 0. 1. 0. 1. 0. 0. 0. 0. 1. 0. 0.
 1. 1. 1. 1. 1. 1. 1. 1. 0. 0. 1. 0. 1. 0. 0. 0. 1. 1. 1. 1. 1. 1. 1. 1.
 1. 1. 1. 1. 1. 1. 1. 1. 0. 1. 0. 0. 0. 1. 0. 0. 0. 0. 0. 1. 0. 0. 1. 0.
 0. 0. 0. 1. 0. 1. 0. 0. 0. 0. 1. 0. 0. 1. 0. 0. 0. 0. 1. 1. 0. 0. 0. 0.
 1. 0. 0. 0. 0. 0. 0. 0. 0. 0. 0. 0. 1. 0. 0. 0. 0. 1. 0. 0. 0. 0. 0. 0.
 0. 0. 0. 1. 0. 0. 0. 0. 0. 0. 0. 0. 0. 0. 1. 0. 1. 0. 0. 0. 0. 0. 0. 0.
 0. 0. 0. 0. 0. 0. 0. 0. 0. 0. 1. 1. 1. 1. 0. 0. 0. 0. 1. 0. 0. 0. 0. 0.
 0. 0. 0. 0. 1. 0. 1. 0. 1. 0. 0. 0. 0. 1. 0. 1. 1. 0. 1. 0. 0. 0. 1. 0.
 0. 0. 1. 0. 0. 0. 0. 0.]
Time taken: 23.795302391052246 seconds
Running combination 48 of 50
Fitting RandomForest...
Fitting Adaboost...
Fitting AdaBoost_2...
Fitting et...
Fitting gbc...
Fitting gbc_2...
Fitting gbc_3...
Fitting dt...
Fitting lr...
Fitting Lasso_1...
Fitting Lasso_2...
Fitting Lasso_3...
Fitting Lasso_4...
Fitting elasticnet...
VCF file created successfully.
pyseer stderr:  Read 1000 phenotypes
Detected continuous phenotype
Reading all variants

0variants [00:00, ?variants/s]
54variants [00:00, 534.79variants/s]
108variants [00:00, 472.02variants/s]
163variants [00:00, 502.40variants/s]
198variants [00:00, 507.38variants/s]
Applying correlation filtering

  0%|          | 0/198 [00:00<?, ?variants/s]
100%|██████████| 198/198 [00:00<00:00, 2710.83variants/s]
Fitting elastic net to top 148 variants
Best penalty (lambda) from cross-validation: 2.12E+01
Best R^2 from cross-validation: 0.496
Finding and printing selected variants
198 loaded variants
50 pre-filtered variants
148 tested variants
139 printed variants

True importance standardized:  [0.18647857 0.18647857 0.18647857 0.18647857 0.18647857 0.18647857
 0.70754049 0.70754049 0.70754049 0.70754049 0.70754049 0.70754049
 1.         1.         1.         1.         1.         1.
 0.69933933 0.69933933 0.69933933 0.69933933 0.69933933 0.69933933
 0.48219242 0.48219242 0.48219242 0.48219242 0.48219242 0.48219242
 0.55487968 0.55487968 0.55487968 0.55487968 0.55487968 0.55487968
 0.65539824 0.65539824 0.65539824 0.65539824 0.65539824 0.65539824
 0.22069282 0.22069282 0.22069282 0.22069282 0.22069282 0.22069282
 0.64359179 0.64359179 0.64359179 0.64359179 0.64359179 0.64359179
 0.67027474 0.67027474 0.67027474 0.67027474 0.67027474 0.67027474
 0.         0.         0.         0.         0.         0.
 0.         0.         0.         0.         0.         0.
 0.         0.         0.         0.         0.         0.
 0.         0.         0.         0.         0.         0.
 0.         0.         0.         0.         0.         0.
 0.         0.         0.         0.         0.         0.
 0.         0.         0.         0.         0.         0.
 0.         0.         0.         0.         0.         0.
 0.         0.         0.         0.         0.         0.
 0.         0.         0.         0.         0.         0.
 0.         0.         0.         0.         0.         0.
 0.         0.         0.         0.         0.         0.
 0.         0.         0.         0.         0.         0.
 0.         0.         0.         0.         0.         0.
 0.         0.         0.         0.         0.         0.
 0.         0.         0.         0.         0.         0.
 0.         0.         0.         0.         0.         0.
 0.         0.         0.         0.         0.         0.
 0.         0.         0.         0.         0.         0.
 0.         0.         0.         0.         0.         0.
 0.         0.         0.         0.         0.         0.
 0.         0.         0.         0.         0.         0.
 0.         0.         0.         0.         0.         0.
 0.         0.        ]
Normalized importance:  [0.         0.         0.         0.         0.         0.
 0.56535339 0.56535339 0.56535339 0.56535339 0.56535339 0.56535339
 1.         1.         1.         1.         1.         1.
 0.54738104 0.54738104 0.54738104 0.54738104 0.54738104 0.54738104
 0.24360696 0.24360696 0.24360696 0.24360696 0.24360696 0.24360696
 0.50337503 0.50337503 0.50337503 0.50337503 0.50337503 0.50337503
 0.49316116 0.49316116 0.49316116 0.49316116 0.49316116 0.49316116
 0.         0.         0.         0.         0.         0.
 0.2574425  0.2574425  0.2574425  0.2574425  0.2574425  0.2574425
 0.36297711 0.36297711 0.36297711 0.36297711 0.36297711 0.36297711
 0.         0.         0.         0.         0.         0.
 0.         0.         0.         0.         0.         0.
 0.         0.         0.0106916  0.         0.         0.
 0.         0.         0.         0.         0.         0.
 0.         0.         0.         0.         0.         0.
 0.         0.         0.         0.         0.         0.
 0.         0.         0.         0.         0.02153568 0.
 0.         0.         0.         0.         0.         0.
 0.         0.         0.         0.         0.         0.
 0.         0.         0.         0.         0.         0.
 0.         0.         0.         0.02398998 0.         0.
 0.         0.         0.         0.         0.         0.
 0.         0.         0.         0.         0.         0.
 0.         0.         0.         0.         0.         0.
 0.         0.         0.         0.         0.         0.
 0.         0.         0.         0.         0.         0.
 0.01174787 0.         0.         0.         0.         0.
 0.         0.         0.01691608 0.         0.         0.
 0.         0.         0.         0.         0.03077876 0.
 0.         0.         0.         0.         0.         0.
 0.         0.         0.00688265 0.         0.00472488 0.
 0.         0.         0.         0.         0.02242778 0.
 0.         0.         0.         0.         0.         0.
 0.         0.        ]
deepbreaks
y_true:  [0. 0. 0. 0. 0. 0. 1. 1. 1. 1. 1. 1. 1. 1. 1. 1. 1. 1. 1. 1. 1. 1. 1. 1.
 0. 0. 0. 0. 0. 0. 0. 0. 0. 0. 0. 0. 1. 1. 1. 1. 1. 1. 0. 0. 0. 0. 0. 0.
 0. 0. 0. 0. 0. 0. 1. 1. 1. 1. 1. 1. 0. 0. 0. 0. 0. 0. 0. 0. 0. 0. 0. 0.
 0. 0. 0. 0. 0. 0. 0. 0. 0. 0. 0. 0. 0. 0. 0. 0. 0. 0. 0. 0. 0. 0. 0. 0.
 0. 0. 0. 0. 0. 0. 0. 0. 0. 0. 0. 0. 0. 0. 0. 0. 0. 0. 0. 0. 0. 0. 0. 0.
 0. 0. 0. 0. 0. 0. 0. 0. 0. 0. 0. 0. 0. 0. 0. 0. 0. 0. 0. 0. 0. 0. 0. 0.
 0. 0. 0. 0. 0. 0. 0. 0. 0. 0. 0. 0. 0. 0. 0. 0. 0. 0. 0. 0. 0. 0. 0. 0.
 0. 0. 0. 0. 0. 0. 0. 0. 0. 0. 0. 0. 0. 0. 0. 0. 0. 0. 0. 0. 0. 0. 0. 0.
 0. 0. 0. 0. 0. 0. 0. 0.]
y_pred:  [0. 0. 0. 0. 0. 0. 1. 1. 1. 1. 1. 1. 1. 1. 1. 1. 1. 1. 1. 1. 1. 1. 1. 1.
 0. 0. 0. 0. 0. 0. 1. 1. 1. 1. 1. 1. 1. 1. 1. 1. 1. 1. 0. 0. 0. 0. 0. 0.
 0. 0. 0. 0. 0. 0. 0. 0. 0. 0. 0. 0. 0. 0. 0. 0. 0. 0. 0. 0. 0. 0. 0. 0.
 0. 0. 0. 0. 0. 0. 0. 0. 0. 0. 0. 0. 0. 0. 0. 0. 0. 0. 0. 0. 0. 0. 0. 0.
 0. 0. 0. 0. 0. 0. 0. 0. 0. 0. 0. 0. 0. 0. 0. 0. 0. 0. 0. 0. 0. 0. 0. 0.
 0. 0. 0. 0. 0. 0. 0. 0. 0. 0. 0. 0. 0. 0. 0. 0. 0. 0. 0. 0. 0. 0. 0. 0.
 0. 0. 0. 0. 0. 0. 0. 0. 0. 0. 0. 0. 0. 0. 0. 0. 0. 0. 0. 0. 0. 0. 0. 0.
 0. 0. 0. 0. 0. 0. 0. 0. 0. 0. 0. 0. 0. 0. 0. 0. 0. 0. 0. 0. 0. 0. 0. 0.
 0. 0. 0. 0. 0. 0. 0. 0.]
Normalized importance:  [0.00000000e+00 4.63114754e-02 0.00000000e+00 0.00000000e+00
 0.00000000e+00 1.54371585e-01 6.62568306e-01 4.00273224e-01
 2.32240437e-01 4.82240437e-01 3.00546448e-01 1.76229508e-01
 1.00000000e+00 4.43989071e-01 5.66939891e-01 3.57923497e-01
 3.70218579e-01 5.72404372e-01 7.82786885e-01 2.26775956e-01
 4.87704918e-01 3.44262295e-01 1.68032787e-01 3.82513661e-01
 5.25956284e-01 2.60928962e-01 4.61748634e-01 4.52185792e-02
 4.33060109e-02 1.21311475e-01 6.29781421e-01 3.14207650e-01
 0.00000000e+00 3.01912568e-01 3.52459016e-01 3.89344262e-01
 5.24590164e-01 3.59289617e-01 3.55191257e-01 2.66393443e-01
 2.40437158e-01 4.19398907e-01 1.65300546e-02 1.96721311e-01
 6.59836066e-02 6.96721311e-02 6.48907104e-02 9.16666667e-02
 5.94262295e-01 3.33333333e-01 1.80327869e-01 1.54371585e-01
 4.23497268e-01 2.07650273e-01 6.43442623e-01 2.66393443e-01
 3.23770492e-01 4.91803279e-01 4.31693989e-01 2.03551913e-01
 0.00000000e+00 0.00000000e+00 1.78961749e-01 0.00000000e+00
 0.00000000e+00 8.75683060e-02 0.00000000e+00 5.68306011e-02
 0.00000000e+00 8.12841530e-02 1.47540984e-02 6.39344262e-02
 5.34153005e-02 0.00000000e+00 1.11612022e-01 0.00000000e+00
 0.00000000e+00 0.00000000e+00 0.00000000e+00 4.59016393e-02
 0.00000000e+00 2.07650273e-01 0.00000000e+00 0.00000000e+00
 0.00000000e+00 6.36612022e-02 7.29508197e-02 0.00000000e+00
 1.30327869e-01 0.00000000e+00 1.37978142e-01 1.00546448e-01
 3.07377049e-02 9.48087432e-02 0.00000000e+00 1.26912568e-01
 0.00000000e+00 1.02459016e-01 0.00000000e+00 3.38797814e-02
 2.24043716e-01 8.23770492e-02 0.00000000e+00 4.49453552e-01
 0.00000000e+00 0.00000000e+00 1.23907104e-01 1.16939891e-01
 8.67486339e-02 9.24863388e-02 0.00000000e+00 5.56010929e-02
 0.00000000e+00 0.00000000e+00 2.82786885e-02 1.18442623e-01
 0.00000000e+00 0.00000000e+00 1.91256831e-01 1.29098361e-01
 6.68032787e-02 0.00000000e+00 6.57103825e-02 3.03278689e-01
 2.13114754e-01 0.00000000e+00 1.68032787e-01 0.00000000e+00
 0.00000000e+00 0.00000000e+00 9.56284153e-02 2.17213115e-02
 2.67759563e-01 0.00000000e+00 1.20355191e-01 2.96448087e-01
 1.66666667e-01 0.00000000e+00 0.00000000e+00 1.40710383e-01
 1.35519126e-01 4.15300546e-02 0.00000000e+00 1.19945355e-01
 0.00000000e+00 0.00000000e+00 1.00956284e-01 0.00000000e+00
 0.00000000e+00 1.23087432e-02 0.00000000e+00 1.20765027e-01
 9.63114754e-02 2.33606557e-02 1.08196721e-01 0.00000000e+00
 8.75683060e-02 2.32240437e-01 0.00000000e+00 3.31967213e-01
 1.05874317e-01 1.32103825e-01 1.32377049e-01 1.15983607e-01
 1.35109290e-01 2.81420765e-01 5.73770492e-02 0.00000000e+00
 1.16666667e-01 2.29508197e-01 0.00000000e+00 5.54644809e-03
 1.99453552e-01 0.00000000e+00 2.55464481e-04 3.22404372e-02
 1.89890710e-01 9.82240437e-02 0.00000000e+00 5.64207650e-02
 0.00000000e+00 4.35792350e-02 1.80327869e-01 2.00819672e-02
 6.42076503e-02 8.92076503e-02 6.07923497e-02 1.95355191e-02
 0.00000000e+00 0.00000000e+00 1.96721311e-01 1.43442623e-01
 0.00000000e+00 0.00000000e+00 0.00000000e+00 1.58469945e-02
 1.44808743e-01 1.58469945e-01 0.00000000e+00 0.00000000e+00]
pyseer
y_true:  [0. 0. 0. 0. 0. 0. 1. 1. 1. 1. 1. 1. 1. 1. 1. 1. 1. 1. 1. 1. 1. 1. 1. 1.
 0. 0. 0. 0. 0. 0. 0. 0. 0. 0. 0. 0. 1. 1. 1. 1. 1. 1. 0. 0. 0. 0. 0. 0.
 0. 0. 0. 0. 0. 0. 1. 1. 1. 1. 1. 1. 0. 0. 0. 0. 0. 0. 0. 0. 0. 0. 0. 0.
 0. 0. 0. 0. 0. 0. 0. 0. 0. 0. 0. 0. 0. 0. 0. 0. 0. 0. 0. 0. 0. 0. 0. 0.
 0. 0. 0. 0. 0. 0. 0. 0. 0. 0. 0. 0. 0. 0. 0. 0. 0. 0. 0. 0. 0. 0. 0. 0.
 0. 0. 0. 0. 0. 0. 0. 0. 0. 0. 0. 0. 0. 0. 0. 0. 0. 0. 0. 0. 0. 0. 0. 0.
 0. 0. 0. 0. 0. 0. 0. 0. 0. 0. 0. 0. 0. 0. 0. 0. 0. 0. 0. 0. 0. 0. 0. 0.
 0. 0. 0. 0. 0. 0. 0. 0. 0. 0. 0. 0. 0. 0. 0. 0. 0. 0. 0. 0. 0. 0. 0. 0.
 0. 0. 0. 0. 0. 0. 0. 0.]
y_pred:  [0. 0. 0. 0. 0. 1. 1. 1. 1. 1. 1. 1. 1. 1. 1. 1. 1. 1. 1. 1. 1. 1. 1. 1.
 1. 1. 1. 0. 0. 0. 1. 1. 0. 1. 1. 1. 1. 1. 1. 1. 1. 1. 0. 1. 0. 0. 0. 0.
 1. 1. 1. 1. 1. 1. 1. 1. 1. 1. 1. 1. 0. 0. 1. 0. 0. 0. 0. 0. 0. 0. 0. 0.
 0. 0. 0. 0. 0. 0. 0. 0. 0. 1. 0. 0. 0. 0. 0. 0. 0. 0. 1. 0. 0. 0. 0. 0.
 0. 0. 0. 0. 1. 0. 0. 1. 0. 0. 0. 0. 0. 0. 0. 0. 0. 0. 0. 0. 0. 0. 1. 0.
 0. 0. 0. 1. 1. 0. 1. 0. 0. 0. 0. 0. 1. 0. 0. 1. 1. 0. 0. 1. 0. 0. 0. 0.
 0. 0. 0. 0. 0. 0. 0. 0. 0. 0. 0. 0. 0. 1. 0. 1. 0. 0. 0. 0. 0. 1. 0. 0.
 0. 1. 0. 0. 1. 0. 0. 0. 1. 0. 0. 0. 0. 0. 1. 0. 0. 0. 0. 0. 0. 0. 1. 1.
 0. 0. 0. 0. 1. 1. 0. 0.]
Time taken: 23.182592630386353 seconds
Running combination 49 of 50
Fitting RandomForest...
Fitting Adaboost...
Fitting AdaBoost_2...
Fitting et...
Fitting gbc...
Fitting gbc_2...
Fitting gbc_3...
Fitting dt...
Fitting lr...
Fitting Lasso_1...
Fitting Lasso_2...
Fitting Lasso_3...
Fitting Lasso_4...
Fitting elasticnet...
VCF file created successfully.
pyseer stderr:  Read 1000 phenotypes
Detected continuous phenotype
Reading all variants

0variants [00:00, ?variants/s]
53variants [00:00, 524.05variants/s]
106variants [00:00, 469.87variants/s]
162variants [00:00, 504.94variants/s]
198variants [00:00, 508.77variants/s]
Applying correlation filtering

  0%|          | 0/198 [00:00<?, ?variants/s]
100%|██████████| 198/198 [00:00<00:00, 2716.70variants/s]
Fitting elastic net to top 148 variants
Best penalty (lambda) from cross-validation: 6.52E+01
Best R^2 from cross-validation: 0.442
Finding and printing selected variants
198 loaded variants
50 pre-filtered variants
148 tested variants
138 printed variants

True importance standardized:  [0.50254027 0.50254027 0.50254027 0.50254027 0.50254027 0.50254027
 0.77122528 0.77122528 0.77122528 0.77122528 0.77122528 0.77122528
 0.89349505 0.89349505 0.89349505 0.89349505 0.89349505 0.89349505
 0.15998554 0.15998554 0.15998554 0.15998554 0.15998554 0.15998554
 1.         1.         1.         1.         1.         1.
 0.79409457 0.79409457 0.79409457 0.79409457 0.79409457 0.79409457
 0.79318398 0.79318398 0.79318398 0.79318398 0.79318398 0.79318398
 0.51321444 0.51321444 0.51321444 0.51321444 0.51321444 0.51321444
 0.91724181 0.91724181 0.91724181 0.91724181 0.91724181 0.91724181
 0.504467   0.504467   0.504467   0.504467   0.504467   0.504467
 0.         0.         0.         0.         0.         0.
 0.         0.         0.         0.         0.         0.
 0.         0.         0.         0.         0.         0.
 0.         0.         0.         0.         0.         0.
 0.         0.         0.         0.         0.         0.
 0.         0.         0.         0.         0.         0.
 0.         0.         0.         0.         0.         0.
 0.         0.         0.         0.         0.         0.
 0.         0.         0.         0.         0.         0.
 0.         0.         0.         0.         0.         0.
 0.         0.         0.         0.         0.         0.
 0.         0.         0.         0.         0.         0.
 0.         0.         0.         0.         0.         0.
 0.         0.         0.         0.         0.         0.
 0.         0.         0.         0.         0.         0.
 0.         0.         0.         0.         0.         0.
 0.         0.         0.         0.         0.         0.
 0.         0.         0.         0.         0.         0.
 0.         0.         0.         0.         0.         0.
 0.         0.         0.         0.         0.         0.
 0.         0.         0.         0.         0.         0.
 0.         0.         0.         0.         0.         0.
 0.         0.         0.         0.         0.         0.
 0.         0.        ]
Normalized importance:  [0.34335283 0.34335283 0.34335283 0.34335283 0.34335283 0.34335283
 0.69405121 0.69405121 0.69405121 0.69405121 0.69405121 0.69405121
 0.86965013 0.86965013 0.86965013 0.86965013 0.86965013 0.86965013
 0.02911622 0.02911622 0.02911622 0.         0.02911622 0.02911622
 1.         1.         1.         1.         1.         1.
 0.54087993 0.54087993 0.54087993 0.54087993 0.54087993 0.54087993
 0.62639766 0.62639766 0.62639766 0.62639766 0.62639766 0.62639766
 0.18030636 0.18030636 0.18030636 0.18030636 0.18030636 0.18030636
 0.48278291 0.48278291 0.48278291 0.48278291 0.48278291 0.48278291
 0.12817422 0.12817422 0.12817422 0.12817422 0.12817422 0.12817422
 0.         0.         0.         0.         0.         0.
 0.         0.         0.         0.         0.         0.
 0.         0.         0.         0.         0.         0.02088252
 0.         0.         0.00347405 0.         0.01671662 0.
 0.         0.         0.         0.         0.02485348 0.
 0.         0.         0.         0.         0.         0.
 0.         0.         0.         0.         0.         0.
 0.         0.01481794 0.         0.         0.         0.
 0.         0.         0.         0.         0.         0.
 0.         0.         0.         0.         0.         0.
 0.         0.         0.         0.         0.         0.
 0.         0.         0.         0.         0.         0.
 0.         0.         0.         0.         0.         0.
 0.         0.         0.         0.         0.01390448 0.
 0.         0.         0.         0.         0.         0.
 0.         0.         0.         0.         0.         0.
 0.         0.         0.         0.         0.         0.
 0.         0.         0.         0.         0.         0.
 0.         0.         0.         0.         0.         0.
 0.         0.         0.         0.         0.         0.
 0.         0.         0.         0.         0.         0.
 0.         0.         0.         0.         0.         0.
 0.         0.         0.         0.         0.         0.
 0.         0.        ]
deepbreaks
y_true:  [0. 0. 0. 0. 0. 0. 0. 0. 0. 0. 0. 0. 1. 1. 1. 1. 1. 1. 0. 0. 0. 0. 0. 0.
 1. 1. 1. 1. 1. 1. 1. 1. 1. 1. 1. 1. 1. 1. 1. 1. 1. 1. 0. 0. 0. 0. 0. 0.
 1. 1. 1. 1. 1. 1. 0. 0. 0. 0. 0. 0. 0. 0. 0. 0. 0. 0. 0. 0. 0. 0. 0. 0.
 0. 0. 0. 0. 0. 0. 0. 0. 0. 0. 0. 0. 0. 0. 0. 0. 0. 0. 0. 0. 0. 0. 0. 0.
 0. 0. 0. 0. 0. 0. 0. 0. 0. 0. 0. 0. 0. 0. 0. 0. 0. 0. 0. 0. 0. 0. 0. 0.
 0. 0. 0. 0. 0. 0. 0. 0. 0. 0. 0. 0. 0. 0. 0. 0. 0. 0. 0. 0. 0. 0. 0. 0.
 0. 0. 0. 0. 0. 0. 0. 0. 0. 0. 0. 0. 0. 0. 0. 0. 0. 0. 0. 0. 0. 0. 0. 0.
 0. 0. 0. 0. 0. 0. 0. 0. 0. 0. 0. 0. 0. 0. 0. 0. 0. 0. 0. 0. 0. 0. 0. 0.
 0. 0. 0. 0. 0. 0. 0. 0.]
y_pred:  [0. 0. 0. 0. 0. 0. 1. 1. 1. 1. 1. 1. 1. 1. 1. 1. 1. 1. 0. 0. 0. 0. 0. 0.
 1. 1. 1. 1. 1. 1. 1. 1. 1. 1. 1. 1. 1. 1. 1. 1. 1. 1. 0. 0. 0. 0. 0. 0.
 1. 1. 1. 1. 1. 1. 0. 0. 0. 0. 0. 0. 0. 0. 0. 0. 0. 0. 0. 0. 0. 0. 0. 0.
 0. 0. 0. 0. 0. 0. 0. 0. 0. 0. 0. 0. 0. 0. 0. 0. 0. 0. 0. 0. 0. 0. 0. 0.
 0. 0. 0. 0. 0. 0. 0. 0. 0. 0. 0. 0. 0. 0. 0. 0. 0. 0. 0. 0. 0. 0. 0. 0.
 0. 0. 0. 0. 0. 0. 0. 0. 0. 0. 0. 0. 0. 0. 0. 0. 0. 0. 0. 0. 0. 0. 0. 0.
 0. 0. 0. 0. 0. 0. 0. 0. 0. 0. 0. 0. 0. 0. 0. 0. 0. 0. 0. 0. 0. 0. 0. 0.
 0. 0. 0. 0. 0. 0. 0. 0. 0. 0. 0. 0. 0. 0. 0. 0. 0. 0. 0. 0. 0. 0. 0. 0.
 0. 0. 0. 0. 0. 0. 0. 0.]
Normalized importance:  [0.57738095 0.35714286 0.15595238 0.08869048 0.23154762 0.59464286
 0.80952381 0.36011905 0.26845238 0.43988095 0.29166667 0.58928571
 0.76785714 0.70238095 0.5952381  0.         0.45535714 0.43988095
 0.15297619 0.18869048 0.04113095 0.1875     0.03059524 0.47202381
 1.         0.38571429 0.49464286 0.66666667 0.63095238 0.57202381
 0.85119048 0.01684524 0.38154762 0.52380952 0.42619048 0.35357143
 0.85714286 0.46130952 0.40595238 0.15595238 0.63690476 0.25416667
 0.4952381  0.39166667 0.26607143 0.25059524 0.32261905 0.41488095
 0.94047619 0.24583333 0.3125     0.27142857 0.38571429 0.57619048
 0.56785714 0.0672619  0.41666667 0.25892857 0.32261905 0.04279762
 0.3202381  0.         0.         0.         0.         0.11666667
 0.         0.12797619 0.09047619 0.         0.         0.
 0.42559524 0.31547619 0.13809524 0.10297619 0.         0.33154762
 0.03910714 0.         0.30892857 0.         0.21309524 0.05815476
 0.13214286 0.         0.00284524 0.13154762 0.1202381  0.05184524
 0.08690476 0.         0.         0.13452381 0.2672619  0.08452381
 0.         0.09642857 0.09404762 0.13095238 0.         0.
 0.         0.24464286 0.         0.         0.11488095 0.24583333
 0.33333333 0.27380952 0.07678571 0.         0.         0.
 0.         0.         0.         0.25595238 0.03613095 0.11785714
 0.12440476 0.05107143 0.         0.         0.         0.
 0.04779762 0.         0.08809524 0.         0.         0.
 0.16309524 0.11369048 0.2202381  0.21130952 0.18511905 0.00526786
 0.17619048 0.         0.         0.         0.34642857 0.
 0.15654762 0.29583333 0.         0.22797619 0.         0.
 0.24642857 0.4047619  0.09166667 0.01863095 0.17916667 0.
 0.01291667 0.20654762 0.         0.05232143 0.         0.26071429
 0.15892857 0.00988095 0.20892857 0.04375    0.23452381 0.12559524
 0.3125     0.09940476 0.05303571 0.         0.43988095 0.
 0.125      0.         0.01136905 0.25833333 0.         0.08928571
 0.25595238 0.         0.10952381 0.0085119  0.         0.34642857
 0.         0.03863095 0.         0.06130952 0.         0.14880952
 0.         0.         0.         0.         0.         0.
 0.         0.        ]
pyseer
y_true:  [0. 0. 0. 0. 0. 0. 0. 0. 0. 0. 0. 0. 1. 1. 1. 1. 1. 1. 0. 0. 0. 0. 0. 0.
 1. 1. 1. 1. 1. 1. 1. 1. 1. 1. 1. 1. 1. 1. 1. 1. 1. 1. 0. 0. 0. 0. 0. 0.
 1. 1. 1. 1. 1. 1. 0. 0. 0. 0. 0. 0. 0. 0. 0. 0. 0. 0. 0. 0. 0. 0. 0. 0.
 0. 0. 0. 0. 0. 0. 0. 0. 0. 0. 0. 0. 0. 0. 0. 0. 0. 0. 0. 0. 0. 0. 0. 0.
 0. 0. 0. 0. 0. 0. 0. 0. 0. 0. 0. 0. 0. 0. 0. 0. 0. 0. 0. 0. 0. 0. 0. 0.
 0. 0. 0. 0. 0. 0. 0. 0. 0. 0. 0. 0. 0. 0. 0. 0. 0. 0. 0. 0. 0. 0. 0. 0.
 0. 0. 0. 0. 0. 0. 0. 0. 0. 0. 0. 0. 0. 0. 0. 0. 0. 0. 0. 0. 0. 0. 0. 0.
 0. 0. 0. 0. 0. 0. 0. 0. 0. 0. 0. 0. 0. 0. 0. 0. 0. 0. 0. 0. 0. 0. 0. 0.
 0. 0. 0. 0. 0. 0. 0. 0.]
y_pred:  [1. 1. 0. 0. 0. 1. 1. 1. 1. 1. 1. 1. 1. 1. 1. 0. 1. 1. 0. 0. 0. 0. 0. 1.
 1. 1. 1. 1. 1. 1. 1. 0. 1. 1. 1. 1. 1. 1. 1. 0. 1. 1. 1. 1. 1. 1. 1. 1.
 1. 1. 1. 1. 1. 1. 1. 0. 1. 1. 1. 0. 1. 0. 0. 0. 0. 0. 0. 0. 0. 0. 0. 0.
 1. 1. 0. 0. 0. 1. 0. 0. 1. 0. 0. 0. 0. 0. 0. 0. 0. 0. 0. 0. 0. 0. 1. 0.
 0. 0. 0. 0. 0. 0. 0. 1. 0. 0. 0. 1. 1. 1. 0. 0. 0. 0. 0. 0. 0. 1. 0. 0.
 0. 0. 0. 0. 0. 0. 0. 0. 0. 0. 0. 0. 0. 0. 0. 0. 0. 0. 0. 0. 0. 0. 1. 0.
 0. 1. 0. 0. 0. 0. 1. 1. 0. 0. 0. 0. 0. 0. 0. 0. 0. 1. 0. 0. 0. 0. 1. 0.
 1. 0. 0. 0. 1. 0. 0. 0. 0. 1. 0. 0. 1. 0. 0. 0. 0. 1. 0. 0. 0. 0. 0. 0.
 0. 0. 0. 0. 0. 0. 0. 0.]
Time taken: 23.79079794883728 seconds
Running combination 50 of 50
Fitting RandomForest...
Fitting Adaboost...
Fitting AdaBoost_2...
Fitting et...
Fitting gbc...
Fitting gbc_2...
Fitting gbc_3...
Fitting dt...
Fitting lr...
Fitting Lasso_1...
Fitting Lasso_2...
Fitting Lasso_3...
Fitting Lasso_4...
Fitting elasticnet...
VCF file created successfully.
pyseer stderr:  Read 1000 phenotypes
Detected continuous phenotype
Reading all variants

0variants [00:00, ?variants/s]
54variants [00:00, 539.90variants/s]
108variants [00:00, 469.26variants/s]
164variants [00:00, 506.96variants/s]
198variants [00:00, 511.87variants/s]
Applying correlation filtering

  0%|          | 0/198 [00:00<?, ?variants/s]
100%|██████████| 198/198 [00:00<00:00, 2674.52variants/s]
Fitting elastic net to top 148 variants
Best penalty (lambda) from cross-validation: 1.45E+01
Best R^2 from cross-validation: 0.512
Finding and printing selected variants
198 loaded variants
50 pre-filtered variants
148 tested variants
140 printed variants

True importance standardized:  [0.37531839 0.37531839 0.37531839 0.37531839 0.37531839 0.37531839
 0.40654889 0.40654889 0.40654889 0.40654889 0.40654889 0.40654889
 0.34239893 0.34239893 0.34239893 0.34239893 0.34239893 0.34239893
 1.         1.         1.         1.         1.         1.
 0.25320527 0.25320527 0.25320527 0.25320527 0.25320527 0.25320527
 0.70985665 0.70985665 0.70985665 0.70985665 0.70985665 0.70985665
 0.73075036 0.73075036 0.73075036 0.73075036 0.73075036 0.73075036
 0.8958555  0.8958555  0.8958555  0.8958555  0.8958555  0.8958555
 0.37143273 0.37143273 0.37143273 0.37143273 0.37143273 0.37143273
 0.66514762 0.66514762 0.66514762 0.66514762 0.66514762 0.66514762
 0.         0.         0.         0.         0.         0.
 0.         0.         0.         0.         0.         0.
 0.         0.         0.         0.         0.         0.
 0.         0.         0.         0.         0.         0.
 0.         0.         0.         0.         0.         0.
 0.         0.         0.         0.         0.         0.
 0.         0.         0.         0.         0.         0.
 0.         0.         0.         0.         0.         0.
 0.         0.         0.         0.         0.         0.
 0.         0.         0.         0.         0.         0.
 0.         0.         0.         0.         0.         0.
 0.         0.         0.         0.         0.         0.
 0.         0.         0.         0.         0.         0.
 0.         0.         0.         0.         0.         0.
 0.         0.         0.         0.         0.         0.
 0.         0.         0.         0.         0.         0.
 0.         0.         0.         0.         0.         0.
 0.         0.         0.         0.         0.         0.
 0.         0.         0.         0.         0.         0.
 0.         0.         0.         0.         0.         0.
 0.         0.         0.         0.         0.         0.
 0.         0.         0.         0.         0.         0.
 0.         0.         0.         0.         0.         0.
 0.         0.        ]
Normalized importance:  [0.13972804 0.13972804 0.13972804 0.13972804 0.13972804 0.13972804
 0.15522418 0.15522418 0.15522418 0.15522418 0.15522418 0.15522418
 0.14126543 0.14126543 0.14126543 0.14126543 0.14126543 0.14126543
 1.         1.         1.         1.         1.         1.
 0.05319607 0.05319607 0.05319607 0.05319607 0.05319607 0.05319607
 0.87854367 0.87854367 0.87854367 0.87854367 0.87854367 0.87854367
 0.84916561 0.84916561 0.84916561 0.84916561 0.84916561 0.84916561
 0.99603486 0.99603486 0.99603486 0.99603486 0.99603486 0.99603486
 0.14958123 0.14958123 0.14958123 0.14958123 0.14958123 0.14958123
 0.45316067 0.45316067 0.45316067 0.45316067 0.45316067 0.45316067
 0.         0.         0.         0.         0.         0.
 0.         0.         0.         0.         0.06429963 0.
 0.         0.         0.         0.         0.         0.
 0.         0.         0.         0.         0.         0.
 0.         0.         0.         0.         0.         0.
 0.         0.         0.         0.         0.         0.
 0.         0.         0.         0.         0.         0.
 0.         0.         0.         0.         0.         0.
 0.         0.         0.         0.         0.         0.02746088
 0.         0.         0.         0.         0.         0.
 0.         0.         0.         0.00985711 0.         0.
 0.         0.         0.         0.         0.         0.
 0.         0.         0.         0.         0.         0.
 0.         0.         0.         0.         0.         0.
 0.         0.         0.         0.         0.         0.
 0.         0.         0.         0.         0.         0.
 0.         0.         0.         0.         0.         0.
 0.         0.0188318  0.02267073 0.         0.         0.
 0.         0.         0.         0.         0.         0.03739329
 0.         0.         0.         0.         0.         0.02839906
 0.         0.         0.         0.         0.         0.
 0.         0.01936267 0.         0.         0.         0.
 0.         0.         0.         0.         0.         0.
 0.         0.        ]
deepbreaks
y_true:  [0. 0. 0. 0. 0. 0. 0. 0. 0. 0. 0. 0. 0. 0. 0. 0. 0. 0. 1. 1. 1. 1. 1. 1.
 0. 0. 0. 0. 0. 0. 1. 1. 1. 1. 1. 1. 1. 1. 1. 1. 1. 1. 1. 1. 1. 1. 1. 1.
 0. 0. 0. 0. 0. 0. 1. 1. 1. 1. 1. 1. 0. 0. 0. 0. 0. 0. 0. 0. 0. 0. 0. 0.
 0. 0. 0. 0. 0. 0. 0. 0. 0. 0. 0. 0. 0. 0. 0. 0. 0. 0. 0. 0. 0. 0. 0. 0.
 0. 0. 0. 0. 0. 0. 0. 0. 0. 0. 0. 0. 0. 0. 0. 0. 0. 0. 0. 0. 0. 0. 0. 0.
 0. 0. 0. 0. 0. 0. 0. 0. 0. 0. 0. 0. 0. 0. 0. 0. 0. 0. 0. 0. 0. 0. 0. 0.
 0. 0. 0. 0. 0. 0. 0. 0. 0. 0. 0. 0. 0. 0. 0. 0. 0. 0. 0. 0. 0. 0. 0. 0.
 0. 0. 0. 0. 0. 0. 0. 0. 0. 0. 0. 0. 0. 0. 0. 0. 0. 0. 0. 0. 0. 0. 0. 0.
 0. 0. 0. 0. 0. 0. 0. 0.]
y_pred:  [0. 0. 0. 0. 0. 0. 1. 1. 1. 1. 1. 1. 0. 0. 0. 0. 0. 0. 1. 1. 1. 1. 1. 1.
 0. 0. 0. 0. 0. 0. 1. 1. 1. 1. 1. 1. 1. 1. 1. 1. 1. 1. 1. 1. 1. 1. 1. 1.
 0. 0. 0. 0. 0. 0. 1. 1. 1. 1. 1. 1. 0. 0. 0. 0. 0. 0. 0. 0. 0. 0. 0. 0.
 0. 0. 0. 0. 0. 0. 0. 0. 0. 0. 0. 0. 0. 0. 0. 0. 0. 0. 0. 0. 0. 0. 0. 0.
 0. 0. 0. 0. 0. 0. 0. 0. 0. 0. 0. 0. 0. 0. 0. 0. 0. 0. 0. 0. 0. 0. 0. 0.
 0. 0. 0. 0. 0. 0. 0. 0. 0. 0. 0. 0. 0. 0. 0. 0. 0. 0. 0. 0. 0. 0. 0. 0.
 0. 0. 0. 0. 0. 0. 0. 0. 0. 0. 0. 0. 0. 0. 0. 0. 0. 0. 0. 0. 0. 0. 0. 0.
 0. 0. 0. 0. 0. 0. 0. 0. 0. 0. 0. 0. 0. 0. 0. 0. 0. 0. 0. 0. 0. 0. 0. 0.
 0. 0. 0. 0. 0. 0. 0. 0.]
Normalized importance:  [0.41266376 0.17663755 0.20567686 0.119869   0.47598253 0.17030568
 0.41048035 0.1        0.17161572 0.22925764 0.28384279 0.58951965
 0.38646288 0.         0.1441048  0.41266376 0.32532751 0.15240175
 0.99344978 0.7860262  0.27947598 0.38864629 0.69868996 0.37772926
 0.23362445 0.17816594 0.04170306 0.30349345 0.06026201 0.03275109
 0.77074236 0.50655022 0.49563319 0.31877729 0.26637555 0.43886463
 0.94323144 0.49563319 0.28820961 0.27947598 0.11659389 0.54366812
 1.         0.35371179 0.42358079 0.63318777 0.56113537 0.48908297
 0.46943231 0.25982533 0.21572052 0.36899563 0.34934498 0.06157205
 0.63973799 0.26419214 0.36681223 0.13799127 0.51091703 0.25545852
 0.18165939 0.08427948 0.06222707 0.12008734 0.27729258 0.04672489
 0.12139738 0.12030568 0.05305677 0.         0.3930131  0.14519651
 0.         0.         0.         0.         0.20982533 0.13034934
 0.05873362 0.         0.09388646 0.         0.         0.0941048
 0.         0.22052402 0.         0.19017467 0.07729258 0.25545852
 0.         0.12358079 0.03864629 0.         0.13275109 0.0768559
 0.         0.12117904 0.13187773 0.20218341 0.08034934 0.22925764
 0.         0.         0.         0.20349345 0.         0.
 0.         0.07882096 0.0779476  0.         0.17838428 0.23580786
 0.         0.15218341 0.30786026 0.05545852 0.22489083 0.
 0.         0.         0.         0.26855895 0.         0.
 0.         0.1709607  0.         0.0510917  0.         0.
 0.20742358 0.         0.03908297 0.         0.         0.00838428
 0.         0.15152838 0.10633188 0.18755459 0.         0.01541485
 0.1349345  0.04694323 0.         0.         0.         0.03362445
 0.         0.         0.06834061 0.11746725 0.27729258 0.
 0.         0.17489083 0.17227074 0.20633188 0.         0.09104803
 0.01126638 0.16768559 0.17270742 0.         0.04148472 0.18820961
 0.         0.18668122 0.23799127 0.1220524  0.         0.16331878
 0.         0.         0.09279476 0.07510917 0.         0.25764192
 0.09759825 0.         0.10436681 0.07489083 0.         0.0580786
 0.         0.26419214 0.10174672 0.0019738  0.23362445 0.
 0.         0.19017467 0.         0.         0.00908297 0.08034934
 0.         0.        ]
pyseer
y_true:  [0. 0. 0. 0. 0. 0. 0. 0. 0. 0. 0. 0. 0. 0. 0. 0. 0. 0. 1. 1. 1. 1. 1. 1.
 0. 0. 0. 0. 0. 0. 1. 1. 1. 1. 1. 1. 1. 1. 1. 1. 1. 1. 1. 1. 1. 1. 1. 1.
 0. 0. 0. 0. 0. 0. 1. 1. 1. 1. 1. 1. 0. 0. 0. 0. 0. 0. 0. 0. 0. 0. 0. 0.
 0. 0. 0. 0. 0. 0. 0. 0. 0. 0. 0. 0. 0. 0. 0. 0. 0. 0. 0. 0. 0. 0. 0. 0.
 0. 0. 0. 0. 0. 0. 0. 0. 0. 0. 0. 0. 0. 0. 0. 0. 0. 0. 0. 0. 0. 0. 0. 0.
 0. 0. 0. 0. 0. 0. 0. 0. 0. 0. 0. 0. 0. 0. 0. 0. 0. 0. 0. 0. 0. 0. 0. 0.
 0. 0. 0. 0. 0. 0. 0. 0. 0. 0. 0. 0. 0. 0. 0. 0. 0. 0. 0. 0. 0. 0. 0. 0.
 0. 0. 0. 0. 0. 0. 0. 0. 0. 0. 0. 0. 0. 0. 0. 0. 0. 0. 0. 0. 0. 0. 0. 0.
 0. 0. 0. 0. 0. 0. 0. 0.]
y_pred:  [1. 0. 1. 0. 1. 0. 1. 0. 0. 1. 1. 1. 1. 0. 0. 1. 1. 0. 1. 1. 1. 1. 1. 1.
 1. 0. 0. 1. 0. 0. 1. 1. 1. 1. 1. 1. 1. 1. 1. 1. 0. 1. 1. 1. 1. 1. 1. 1.
 1. 1. 1. 1. 1. 0. 1. 1. 1. 0. 1. 1. 1. 0. 0. 0. 1. 0. 0. 0. 0. 0. 1. 0.
 0. 0. 0. 0. 1. 0. 0. 0. 0. 0. 0. 0. 0. 1. 0. 1. 0. 1. 0. 0. 0. 0. 0. 0.
 0. 0. 0. 1. 0. 1. 0. 0. 0. 1. 0. 0. 0. 0. 0. 0. 0. 1. 0. 0. 1. 0. 1. 0.
 0. 0. 0. 1. 0. 0. 0. 0. 0. 0. 0. 0. 1. 0. 0. 0. 0. 0. 0. 0. 0. 1. 0. 0.
 0. 0. 0. 0. 0. 0. 0. 0. 0. 0. 1. 0. 0. 0. 0. 1. 0. 0. 0. 0. 0. 0. 0. 1.
 0. 1. 1. 0. 0. 0. 0. 0. 0. 0. 0. 1. 0. 0. 0. 0. 0. 0. 0. 1. 0. 0. 1. 0.
 0. 1. 0. 0. 0. 0. 0. 0.]
Time taken: 30.254842042922974 seconds
