Number of combinations:  50
Running combination 1 of 50
Fitting RandomForest...
Fitting Adaboost...
Fitting AdaBoost_2...
Fitting et...
Fitting gbc...
Fitting gbc_2...
Fitting gbc_3...
Fitting dt...
Fitting lr...
Fitting Lasso_1...
Fitting Lasso_2...
Fitting Lasso_3...
Fitting Lasso_4...
Fitting elasticnet...
VCF file created successfully.
pyseer stderr:  Read 1000 phenotypes
Detected continuous phenotype
Reading all variants

0variants [00:00, ?variants/s]
51variants [00:00, 507.76variants/s]
102variants [00:00, 461.51variants/s]
157variants [00:00, 496.29variants/s]
198variants [00:00, 501.16variants/s]
Applying correlation filtering

  0%|          | 0/198 [00:00<?, ?variants/s]
100%|██████████| 198/198 [00:00<00:00, 2428.03variants/s]
Fitting elastic net to top 148 variants
Best penalty (lambda) from cross-validation: 9.37E+00
Best R^2 from cross-validation: 0.520
Finding and printing selected variants
198 loaded variants
50 pre-filtered variants
148 tested variants
142 printed variants

True importance standardized:  [0.2553106  0.81102908 0.88495769 0.2013672  0.52665065 0.98786816
 0.51775123 0.32356679 0.78509106 1.         0.         0.
 0.         0.         0.         0.         0.         0.
 0.         0.         0.         0.         0.         0.
 0.         0.         0.         0.         0.         0.
 0.         0.         0.         0.         0.         0.
 0.         0.         0.         0.         0.         0.
 0.         0.         0.         0.         0.         0.
 0.         0.         0.         0.         0.         0.
 0.         0.         0.         0.         0.         0.
 0.         0.         0.         0.         0.         0.
 0.         0.         0.         0.         0.         0.
 0.         0.         0.         0.         0.         0.
 0.         0.         0.         0.         0.         0.
 0.         0.         0.         0.         0.         0.
 0.         0.         0.         0.         0.         0.
 0.         0.         0.         0.         0.         0.
 0.         0.         0.         0.         0.         0.
 0.         0.         0.         0.         0.         0.
 0.         0.         0.         0.         0.         0.
 0.         0.         0.         0.         0.         0.
 0.         0.         0.         0.         0.         0.
 0.         0.         0.         0.         0.         0.
 0.         0.         0.         0.         0.         0.
 0.         0.         0.         0.         0.         0.
 0.         0.         0.         0.         0.         0.
 0.         0.         0.         0.         0.         0.
 0.         0.         0.         0.         0.         0.
 0.         0.         0.         0.         0.         0.
 0.         0.         0.         0.         0.         0.
 0.         0.         0.         0.         0.         0.
 0.         0.         0.         0.         0.         0.
 0.         0.         0.         0.         0.         0.
 0.         0.        ]
Normalized importance:  [0.05075483 0.69814546 0.56070264 0.         0.32185978 1.
 0.31124871 0.0733942  0.97816555 0.89388118 0.         0.
 0.         0.         0.         0.         0.         0.
 0.         0.         0.         0.         0.         0.
 0.         0.         0.         0.         0.         0.
 0.         0.         0.         0.         0.         0.
 0.         0.         0.         0.         0.         0.
 0.         0.         0.         0.         0.         0.
 0.         0.         0.         0.         0.         0.
 0.         0.         0.         0.01492635 0.         0.
 0.         0.         0.         0.         0.         0.
 0.         0.         0.         0.         0.         0.
 0.         0.         0.         0.         0.         0.
 0.         0.         0.         0.         0.         0.
 0.         0.         0.         0.         0.         0.
 0.         0.         0.         0.         0.         0.
 0.         0.         0.         0.         0.         0.
 0.         0.         0.         0.         0.         0.
 0.         0.         0.         0.         0.         0.
 0.         0.         0.         0.         0.         0.
 0.         0.         0.         0.         0.         0.
 0.         0.         0.         0.         0.         0.
 0.         0.         0.         0.         0.         0.
 0.         0.         0.         0.         0.         0.
 0.         0.         0.         0.         0.         0.
 0.         0.         0.         0.         0.         0.
 0.         0.         0.         0.         0.         0.
 0.         0.         0.         0.         0.         0.
 0.         0.         0.         0.         0.         0.
 0.         0.         0.01903497 0.         0.         0.
 0.         0.         0.         0.         0.         0.
 0.         0.         0.         0.         0.         0.
 0.         0.         0.         0.         0.         0.
 0.         0.        ]
deepbreaks
y_true:  [0. 1. 1. 0. 0. 1. 0. 0. 1. 1. 0. 0. 0. 0. 0. 0. 0. 0. 0. 0. 0. 0. 0. 0.
 0. 0. 0. 0. 0. 0. 0. 0. 0. 0. 0. 0. 0. 0. 0. 0. 0. 0. 0. 0. 0. 0. 0. 0.
 0. 0. 0. 0. 0. 0. 0. 0. 0. 0. 0. 0. 0. 0. 0. 0. 0. 0. 0. 0. 0. 0. 0. 0.
 0. 0. 0. 0. 0. 0. 0. 0. 0. 0. 0. 0. 0. 0. 0. 0. 0. 0. 0. 0. 0. 0. 0. 0.
 0. 0. 0. 0. 0. 0. 0. 0. 0. 0. 0. 0. 0. 0. 0. 0. 0. 0. 0. 0. 0. 0. 0. 0.
 0. 0. 0. 0. 0. 0. 0. 0. 0. 0. 0. 0. 0. 0. 0. 0. 0. 0. 0. 0. 0. 0. 0. 0.
 0. 0. 0. 0. 0. 0. 0. 0. 0. 0. 0. 0. 0. 0. 0. 0. 0. 0. 0. 0. 0. 0. 0. 0.
 0. 0. 0. 0. 0. 0. 0. 0. 0. 0. 0. 0. 0. 0. 0. 0. 0. 0. 0. 0. 0. 0. 0. 0.
 0. 0. 0. 0. 0. 0. 0. 0.]
y_pred:  [0. 1. 1. 0. 1. 1. 0. 0. 1. 1. 0. 0. 0. 0. 0. 0. 0. 0. 0. 0. 0. 0. 0. 0.
 0. 0. 0. 0. 0. 0. 0. 0. 0. 0. 0. 0. 0. 0. 0. 0. 0. 0. 0. 0. 0. 0. 0. 0.
 0. 0. 0. 0. 0. 0. 0. 0. 0. 0. 0. 0. 0. 0. 0. 0. 0. 0. 0. 0. 0. 0. 0. 0.
 0. 0. 0. 0. 0. 0. 0. 0. 0. 0. 0. 0. 0. 0. 0. 0. 0. 0. 0. 0. 0. 0. 0. 0.
 0. 0. 0. 0. 0. 0. 0. 0. 0. 0. 0. 0. 0. 0. 0. 0. 0. 0. 0. 0. 0. 0. 0. 0.
 0. 0. 0. 0. 0. 0. 0. 0. 0. 0. 0. 0. 0. 0. 0. 0. 0. 0. 0. 0. 0. 0. 0. 0.
 0. 0. 0. 0. 0. 0. 0. 0. 0. 0. 0. 0. 0. 0. 0. 0. 0. 0. 0. 0. 0. 0. 0. 0.
 0. 0. 0. 0. 0. 0. 0. 0. 0. 0. 0. 0. 0. 0. 0. 0. 0. 0. 0. 0. 0. 0. 0. 0.
 0. 0. 0. 0. 0. 0. 0. 0.]
Normalized importance:  [2.42105263e-01 8.42105263e-01 7.32456140e-01 1.18421053e-01
 5.92105263e-01 1.00000000e+00 6.62280702e-01 3.62719298e-01
 8.11403509e-01 9.21052632e-01 7.98245614e-02 7.19298246e-02
 1.37280702e-01 0.00000000e+00 0.00000000e+00 0.00000000e+00
 0.00000000e+00 7.98245614e-02 1.05263158e-02 3.12280702e-02
 1.81140351e-01 1.57894737e-02 7.32456140e-02 0.00000000e+00
 1.08333333e-01 0.00000000e+00 4.16228070e-02 0.00000000e+00
 2.41666667e-02 5.48245614e-02 1.59210526e-02 5.13157895e-03
 0.00000000e+00 0.00000000e+00 3.82456140e-03 1.25877193e-01
 1.06578947e-01 0.00000000e+00 9.07894737e-02 1.15789474e-01
 1.26315789e-01 5.39473684e-02 9.78070175e-02 6.18421053e-02
 5.96491228e-02 9.29824561e-02 1.26754386e-01 0.00000000e+00
 0.00000000e+00 3.94736842e-02 0.00000000e+00 1.28070175e-01
 0.00000000e+00 1.19736842e-01 0.00000000e+00 1.25877193e-01
 1.43859649e-02 1.32456140e-01 1.87280702e-01 0.00000000e+00
 4.64912281e-02 1.21929825e-01 4.78070175e-02 1.11842105e-01
 0.00000000e+00 6.05263158e-03 0.00000000e+00 6.66666667e-02
 6.31578947e-02 0.00000000e+00 0.00000000e+00 0.00000000e+00
 1.72807018e-02 1.39035088e-02 3.34649123e-02 0.00000000e+00
 6.66666667e-02 1.49561404e-02 0.00000000e+00 2.25877193e-02
 1.37719298e-01 1.50877193e-01 0.00000000e+00 1.06578947e-01
 2.90789474e-03 7.14912281e-03 3.10526316e-02 1.58333333e-02
 1.36842105e-01 0.00000000e+00 0.00000000e+00 0.00000000e+00
 0.00000000e+00 0.00000000e+00 8.37719298e-02 8.72807018e-02
 0.00000000e+00 4.47368421e-02 5.87719298e-02 1.50438596e-01
 7.89473684e-02 0.00000000e+00 2.92105263e-02 0.00000000e+00
 4.26754386e-03 1.24122807e-01 2.27192982e-02 1.49122807e-03
 1.23684211e-01 0.00000000e+00 1.33333333e-01 0.00000000e+00
 1.74122807e-02 0.00000000e+00 1.17982456e-01 8.99122807e-02
 0.00000000e+00 1.10087719e-01 0.00000000e+00 0.00000000e+00
 1.14912281e-01 1.45614035e-01 0.00000000e+00 1.49561404e-01
 0.00000000e+00 4.37719298e-02 1.28508772e-01 1.34210526e-01
 0.00000000e+00 6.22807018e-03 1.83771930e-02 1.06578947e-01
 2.83771930e-02 2.35964912e-01 1.91228070e-01 8.20175439e-02
 4.36403509e-03 4.60526316e-02 0.00000000e+00 4.73684211e-02
 6.18421053e-02 7.93859649e-02 1.01754386e-01 0.00000000e+00
 8.90350877e-03 0.00000000e+00 7.67543860e-02 1.05263158e-01
 0.00000000e+00 9.16666667e-02 9.16666667e-05 5.78947368e-02
 8.59649123e-02 7.93859649e-02 4.36842105e-02 0.00000000e+00
 4.60526316e-02 6.05263158e-02 9.07894737e-02 0.00000000e+00
 3.14912281e-02 5.08771930e-02 4.82456140e-02 5.96491228e-02
 6.27192982e-02 1.32894737e-02 1.01754386e-01 1.21052632e-01
 3.50000000e-02 1.54824561e-01 1.89912281e-01 3.41228070e-02
 5.52631579e-02 1.28070175e-01 1.25877193e-01 0.00000000e+00
 1.78947368e-01 7.85087719e-02 7.63157895e-02 0.00000000e+00
 1.85526316e-02 1.92982456e-03 2.55701754e-02 0.00000000e+00
 0.00000000e+00 6.75438596e-02 0.00000000e+00 6.05263158e-02
 7.76315789e-02 1.45614035e-01 1.16228070e-01 1.77192982e-01
 0.00000000e+00 0.00000000e+00 1.00000000e-01 0.00000000e+00
 0.00000000e+00 1.71491228e-01 0.00000000e+00 0.00000000e+00]
pyseer
y_true:  [0. 1. 1. 0. 0. 1. 0. 0. 1. 1. 0. 0. 0. 0. 0. 0. 0. 0. 0. 0. 0. 0. 0. 0.
 0. 0. 0. 0. 0. 0. 0. 0. 0. 0. 0. 0. 0. 0. 0. 0. 0. 0. 0. 0. 0. 0. 0. 0.
 0. 0. 0. 0. 0. 0. 0. 0. 0. 0. 0. 0. 0. 0. 0. 0. 0. 0. 0. 0. 0. 0. 0. 0.
 0. 0. 0. 0. 0. 0. 0. 0. 0. 0. 0. 0. 0. 0. 0. 0. 0. 0. 0. 0. 0. 0. 0. 0.
 0. 0. 0. 0. 0. 0. 0. 0. 0. 0. 0. 0. 0. 0. 0. 0. 0. 0. 0. 0. 0. 0. 0. 0.
 0. 0. 0. 0. 0. 0. 0. 0. 0. 0. 0. 0. 0. 0. 0. 0. 0. 0. 0. 0. 0. 0. 0. 0.
 0. 0. 0. 0. 0. 0. 0. 0. 0. 0. 0. 0. 0. 0. 0. 0. 0. 0. 0. 0. 0. 0. 0. 0.
 0. 0. 0. 0. 0. 0. 0. 0. 0. 0. 0. 0. 0. 0. 0. 0. 0. 0. 0. 0. 0. 0. 0. 0.
 0. 0. 0. 0. 0. 0. 0. 0.]
y_pred:  [1. 1. 1. 1. 1. 1. 1. 1. 1. 1. 1. 0. 1. 0. 0. 0. 0. 1. 0. 0. 1. 0. 0. 0.
 1. 0. 0. 0. 0. 0. 0. 0. 0. 0. 0. 1. 1. 0. 1. 1. 1. 0. 1. 0. 0. 1. 1. 0.
 0. 0. 0. 1. 0. 1. 0. 1. 0. 1. 1. 0. 0. 1. 0. 1. 0. 0. 0. 0. 0. 0. 0. 0.
 0. 0. 0. 0. 0. 0. 0. 0. 1. 1. 0. 1. 0. 0. 0. 0. 1. 0. 0. 0. 0. 0. 1. 1.
 0. 0. 0. 1. 0. 0. 0. 0. 0. 1. 0. 0. 1. 0. 1. 0. 0. 0. 1. 1. 0. 1. 0. 0.
 1. 1. 0. 1. 0. 0. 1. 1. 0. 0. 0. 1. 0. 1. 1. 1. 0. 0. 0. 0. 0. 1. 1. 0.
 0. 0. 0. 1. 0. 1. 0. 0. 1. 1. 0. 0. 0. 0. 1. 0. 0. 0. 0. 0. 0. 0. 1. 1.
 0. 1. 1. 0. 0. 1. 1. 0. 1. 0. 0. 0. 0. 0. 0. 0. 0. 0. 0. 0. 0. 1. 1. 1.
 0. 0. 1. 0. 0. 1. 0. 0.]
Time taken: 26.5395028591156 seconds
Running combination 2 of 50
Fitting RandomForest...
Fitting Adaboost...
Fitting AdaBoost_2...
Fitting et...
Fitting gbc...
Fitting gbc_2...
Fitting gbc_3...
Fitting dt...
Fitting lr...
Fitting Lasso_1...
Fitting Lasso_2...
Fitting Lasso_3...
Fitting Lasso_4...
Fitting elasticnet...
VCF file created successfully.
pyseer stderr:  Read 1000 phenotypes
Detected continuous phenotype
Reading all variants

0variants [00:00, ?variants/s]
56variants [00:00, 550.42variants/s]
112variants [00:00, 482.81variants/s]
168variants [00:00, 513.73variants/s]
198variants [00:00, 517.72variants/s]
Applying correlation filtering

  0%|          | 0/198 [00:00<?, ?variants/s]
100%|██████████| 198/198 [00:00<00:00, 2653.98variants/s]
Fitting elastic net to top 148 variants
Best penalty (lambda) from cross-validation: 1.38E+00
Best R^2 from cross-validation: 0.562
Finding and printing selected variants
198 loaded variants
50 pre-filtered variants
148 tested variants
145 printed variants

True importance standardized:  [0.5996027  0.75212088 0.61416363 0.37482132 0.39781636 0.63021669
 0.6212369  0.49571012 1.         0.78323658 0.         0.
 0.         0.         0.         0.         0.         0.
 0.         0.         0.         0.         0.         0.
 0.         0.         0.         0.         0.         0.
 0.         0.         0.         0.         0.         0.
 0.         0.         0.         0.         0.         0.
 0.         0.         0.         0.         0.         0.
 0.         0.         0.         0.         0.         0.
 0.         0.         0.         0.         0.         0.
 0.         0.         0.         0.         0.         0.
 0.         0.         0.         0.         0.         0.
 0.         0.         0.         0.         0.         0.
 0.         0.         0.         0.         0.         0.
 0.         0.         0.         0.         0.         0.
 0.         0.         0.         0.         0.         0.
 0.         0.         0.         0.         0.         0.
 0.         0.         0.         0.         0.         0.
 0.         0.         0.         0.         0.         0.
 0.         0.         0.         0.         0.         0.
 0.         0.         0.         0.         0.         0.
 0.         0.         0.         0.         0.         0.
 0.         0.         0.         0.         0.         0.
 0.         0.         0.         0.         0.         0.
 0.         0.         0.         0.         0.         0.
 0.         0.         0.         0.         0.         0.
 0.         0.         0.         0.         0.         0.
 0.         0.         0.         0.         0.         0.
 0.         0.         0.         0.         0.         0.
 0.         0.         0.         0.         0.         0.
 0.         0.         0.         0.         0.         0.
 0.         0.         0.         0.         0.         0.
 0.         0.         0.         0.         0.         0.
 0.         0.        ]
Normalized importance:  [0.36237425 0.5424579  0.28978652 0.10558362 0.20979179 0.54045361
 0.23339271 0.32980372 1.         0.6579231  0.         0.
 0.         0.         0.         0.         0.         0.
 0.         0.         0.         0.         0.         0.
 0.         0.         0.         0.         0.         0.
 0.         0.         0.         0.         0.         0.
 0.         0.         0.         0.         0.         0.
 0.         0.         0.         0.         0.         0.
 0.         0.         0.         0.         0.         0.
 0.         0.         0.         0.         0.         0.
 0.         0.         0.         0.         0.         0.
 0.         0.         0.         0.         0.         0.
 0.         0.         0.         0.         0.         0.
 0.         0.         0.         0.         0.         0.
 0.         0.         0.         0.         0.         0.
 0.         0.         0.         0.         0.         0.
 0.         0.         0.         0.         0.         0.
 0.         0.         0.         0.         0.         0.
 0.         0.         0.         0.         0.         0.
 0.         0.         0.         0.         0.         0.
 0.         0.         0.         0.         0.         0.
 0.         0.         0.         0.         0.         0.
 0.         0.         0.         0.         0.         0.
 0.         0.         0.         0.         0.         0.
 0.         0.         0.         0.         0.         0.
 0.         0.         0.         0.         0.         0.
 0.         0.         0.         0.         0.         0.
 0.         0.         0.         0.         0.         0.
 0.         0.         0.         0.         0.         0.
 0.         0.         0.         0.         0.         0.
 0.         0.         0.         0.         0.         0.
 0.         0.         0.         0.         0.         0.
 0.         0.         0.         0.         0.         0.
 0.         0.        ]
deepbreaks
y_true:  [0. 1. 0. 0. 0. 1. 1. 0. 1. 1. 0. 0. 0. 0. 0. 0. 0. 0. 0. 0. 0. 0. 0. 0.
 0. 0. 0. 0. 0. 0. 0. 0. 0. 0. 0. 0. 0. 0. 0. 0. 0. 0. 0. 0. 0. 0. 0. 0.
 0. 0. 0. 0. 0. 0. 0. 0. 0. 0. 0. 0. 0. 0. 0. 0. 0. 0. 0. 0. 0. 0. 0. 0.
 0. 0. 0. 0. 0. 0. 0. 0. 0. 0. 0. 0. 0. 0. 0. 0. 0. 0. 0. 0. 0. 0. 0. 0.
 0. 0. 0. 0. 0. 0. 0. 0. 0. 0. 0. 0. 0. 0. 0. 0. 0. 0. 0. 0. 0. 0. 0. 0.
 0. 0. 0. 0. 0. 0. 0. 0. 0. 0. 0. 0. 0. 0. 0. 0. 0. 0. 0. 0. 0. 0. 0. 0.
 0. 0. 0. 0. 0. 0. 0. 0. 0. 0. 0. 0. 0. 0. 0. 0. 0. 0. 0. 0. 0. 0. 0. 0.
 0. 0. 0. 0. 0. 0. 0. 0. 0. 0. 0. 0. 0. 0. 0. 0. 0. 0. 0. 0. 0. 0. 0. 0.
 0. 0. 0. 0. 0. 0. 0. 0.]
y_pred:  [1. 1. 0. 0. 0. 1. 0. 0. 1. 1. 0. 0. 0. 0. 0. 0. 0. 0. 0. 0. 0. 0. 0. 0.
 0. 0. 0. 0. 0. 0. 0. 0. 0. 0. 0. 0. 0. 0. 0. 0. 0. 0. 0. 0. 0. 0. 0. 0.
 0. 0. 0. 0. 0. 0. 0. 0. 0. 0. 0. 0. 0. 0. 0. 0. 0. 0. 0. 0. 0. 0. 0. 0.
 0. 0. 0. 0. 0. 0. 0. 0. 0. 0. 0. 0. 0. 0. 0. 0. 0. 0. 0. 0. 0. 0. 0. 0.
 0. 0. 0. 0. 0. 0. 0. 0. 0. 0. 0. 0. 0. 0. 0. 0. 0. 0. 0. 0. 0. 0. 0. 0.
 0. 0. 0. 0. 0. 0. 0. 0. 0. 0. 0. 0. 0. 0. 0. 0. 0. 0. 0. 0. 0. 0. 0. 0.
 0. 0. 0. 0. 0. 0. 0. 0. 0. 0. 0. 0. 0. 0. 0. 0. 0. 0. 0. 0. 0. 0. 0. 0.
 0. 0. 0. 0. 0. 0. 0. 0. 0. 0. 0. 0. 0. 0. 0. 0. 0. 0. 0. 0. 0. 0. 0. 0.
 0. 0. 0. 0. 0. 0. 0. 0.]
Normalized importance:  [5.33807829e-01 6.69039146e-01 4.96441281e-01 3.75444840e-01
 4.07473310e-01 6.70818505e-01 4.43060498e-01 5.26690391e-01
 1.00000000e+00 7.61565836e-01 5.48042705e-03 1.23309609e-02
 9.51957295e-02 5.78291815e-02 0.00000000e+00 1.07473310e-01
 8.84341637e-02 4.21708185e-02 5.67615658e-02 1.33629893e-01
 1.34519573e-02 6.58362989e-02 0.00000000e+00 0.00000000e+00
 1.01601423e-01 6.45907473e-02 0.00000000e+00 1.18861210e-01
 9.83985765e-03 1.17259786e-01 0.00000000e+00 2.01067616e-02
 0.00000000e+00 0.00000000e+00 4.37722420e-02 1.32562278e-01
 6.86832740e-02 5.12455516e-02 9.34163701e-02 9.96441281e-02
 0.00000000e+00 1.52669039e-03 1.02846975e-01 0.00000000e+00
 7.59786477e-03 6.77935943e-03 5.62277580e-02 0.00000000e+00
 5.37366548e-02 9.57295374e-02 7.58007117e-02 8.22064057e-02
 0.00000000e+00 1.95729537e-03 0.00000000e+00 0.00000000e+00
 6.81494662e-02 0.00000000e+00 0.00000000e+00 0.00000000e+00
 0.00000000e+00 2.95373665e-02 4.32384342e-02 9.41281139e-02
 8.71886121e-02 3.29181495e-02 1.14590747e-01 4.75088968e-02
 5.00000000e-02 2.11743772e-02 0.00000000e+00 8.86120996e-03
 1.17259786e-01 1.16014235e-01 6.76156584e-02 4.62633452e-02
 5.67615658e-02 9.23487544e-02 8.38078292e-03 0.00000000e+00
 8.64768683e-02 2.25978648e-02 1.09964413e-01 4.66192171e-02
 1.69039146e-01 2.38434164e-02 5.88967972e-02 2.40213523e-02
 1.19572954e-02 1.75088968e-02 0.00000000e+00 4.43060498e-02
 6.03202847e-03 5.16014235e-02 7.02846975e-02 0.00000000e+00
 3.91459075e-03 0.00000000e+00 6.37010676e-02 7.27758007e-02
 8.11387900e-03 0.00000000e+00 7.58007117e-02 1.85053381e-02
 0.00000000e+00 0.00000000e+00 7.22419929e-02 3.27402135e-02
 6.79715302e-02 1.52491103e-01 3.41637011e-02 2.36654804e-02
 0.00000000e+00 0.00000000e+00 0.00000000e+00 2.75800712e-02
 1.68683274e-01 0.00000000e+00 8.45195730e-02 8.50533808e-02
 8.89679715e-02 0.00000000e+00 1.25800712e-01 0.00000000e+00
 7.93594306e-02 0.00000000e+00 9.71530249e-04 1.48220641e-02
 0.00000000e+00 7.59786477e-02 0.00000000e+00 0.00000000e+00
 7.18861210e-02 0.00000000e+00 2.74021352e-02 2.20640569e-02
 2.22419929e-02 0.00000000e+00 6.77935943e-02 7.59786477e-02
 9.50177936e-02 5.53380783e-02 7.09964413e-02 1.64946619e-01
 1.90391459e-02 6.72597865e-02 0.00000000e+00 7.09964413e-02
 1.73309609e-02 0.00000000e+00 4.37722420e-02 0.00000000e+00
 3.11387900e-02 3.29181495e-02 8.54092527e-02 0.00000000e+00
 6.60142349e-02 6.70818505e-02 1.25444840e-01 0.00000000e+00
 2.49110320e-02 0.00000000e+00 9.69750890e-02 4.50177936e-02
 6.37010676e-02 0.00000000e+00 1.03024911e-01 2.08185053e-02
 0.00000000e+00 0.00000000e+00 0.00000000e+00 1.33807829e-01
 0.00000000e+00 1.29359431e-01 1.03380783e-01 2.77580071e-02
 0.00000000e+00 3.38078292e-02 1.81494662e-03 1.51423488e-01
 1.26334520e-02 1.36298932e-01 0.00000000e+00 8.14946619e-02
 4.98220641e-02 6.60142349e-02 1.06405694e-01 5.23131673e-03
 0.00000000e+00 4.76868327e-02 0.00000000e+00 1.26512456e-01
 0.00000000e+00 4.07473310e-02 5.28469751e-02 1.15302491e-03
 3.80782918e-02 1.25622776e-01 0.00000000e+00 0.00000000e+00]
pyseer
y_true:  [0. 1. 0. 0. 0. 1. 1. 0. 1. 1. 0. 0. 0. 0. 0. 0. 0. 0. 0. 0. 0. 0. 0. 0.
 0. 0. 0. 0. 0. 0. 0. 0. 0. 0. 0. 0. 0. 0. 0. 0. 0. 0. 0. 0. 0. 0. 0. 0.
 0. 0. 0. 0. 0. 0. 0. 0. 0. 0. 0. 0. 0. 0. 0. 0. 0. 0. 0. 0. 0. 0. 0. 0.
 0. 0. 0. 0. 0. 0. 0. 0. 0. 0. 0. 0. 0. 0. 0. 0. 0. 0. 0. 0. 0. 0. 0. 0.
 0. 0. 0. 0. 0. 0. 0. 0. 0. 0. 0. 0. 0. 0. 0. 0. 0. 0. 0. 0. 0. 0. 0. 0.
 0. 0. 0. 0. 0. 0. 0. 0. 0. 0. 0. 0. 0. 0. 0. 0. 0. 0. 0. 0. 0. 0. 0. 0.
 0. 0. 0. 0. 0. 0. 0. 0. 0. 0. 0. 0. 0. 0. 0. 0. 0. 0. 0. 0. 0. 0. 0. 0.
 0. 0. 0. 0. 0. 0. 0. 0. 0. 0. 0. 0. 0. 0. 0. 0. 0. 0. 0. 0. 0. 0. 0. 0.
 0. 0. 0. 0. 0. 0. 0. 0.]
y_pred:  [1. 1. 1. 1. 1. 1. 1. 1. 1. 1. 0. 0. 1. 0. 0. 1. 1. 0. 0. 1. 0. 0. 0. 0.
 1. 0. 0. 1. 0. 1. 0. 0. 0. 0. 0. 1. 1. 0. 1. 1. 0. 0. 1. 0. 0. 0. 0. 0.
 0. 1. 1. 1. 0. 0. 0. 0. 1. 0. 0. 0. 0. 0. 0. 1. 1. 0. 1. 0. 0. 0. 0. 0.
 1. 1. 1. 0. 0. 1. 0. 0. 1. 0. 1. 0. 1. 0. 0. 0. 0. 0. 0. 0. 0. 0. 1. 0.
 0. 0. 0. 1. 0. 0. 1. 0. 0. 0. 1. 0. 1. 1. 0. 0. 0. 0. 0. 0. 1. 0. 1. 1.
 1. 0. 1. 0. 1. 0. 0. 0. 0. 1. 0. 0. 1. 0. 0. 0. 0. 0. 1. 1. 1. 0. 1. 1.
 0. 1. 0. 1. 0. 0. 0. 0. 0. 0. 1. 0. 1. 1. 1. 0. 0. 0. 1. 0. 0. 0. 1. 0.
 0. 0. 0. 1. 0. 1. 1. 0. 0. 0. 0. 1. 0. 1. 0. 1. 0. 1. 1. 0. 0. 0. 0. 1.
 0. 0. 0. 0. 0. 1. 0. 0.]
Time taken: 22.34242272377014 seconds
Running combination 3 of 50
Fitting RandomForest...
Fitting Adaboost...
Fitting AdaBoost_2...
Fitting et...
Fitting gbc...
Fitting gbc_2...
Fitting gbc_3...
Fitting dt...
Fitting lr...
Fitting Lasso_1...
Fitting Lasso_2...
Fitting Lasso_3...
Fitting Lasso_4...
Fitting elasticnet...
VCF file created successfully.
pyseer stderr:  Read 1000 phenotypes
Detected continuous phenotype
Reading all variants

0variants [00:00, ?variants/s]
26variants [00:00, 226.46variants/s]
68variants [00:00, 318.15variants/s]
123variants [00:00, 415.99variants/s]
179variants [00:00, 470.10variants/s]
198variants [00:00, 430.05variants/s]
Applying correlation filtering

  0%|          | 0/198 [00:00<?, ?variants/s]
100%|██████████| 198/198 [00:00<00:00, 2717.84variants/s]
Fitting elastic net to top 148 variants
Best penalty (lambda) from cross-validation: 7.74E+00
Best R^2 from cross-validation: 0.507
Finding and printing selected variants
198 loaded variants
50 pre-filtered variants
148 tested variants
146 printed variants

True importance standardized:  [0.41642979 0.55666385 0.4120091  1.         0.69754009 0.312547
 0.33669784 0.57630482 0.6551108  0.83404651 0.         0.
 0.         0.         0.         0.         0.         0.
 0.         0.         0.         0.         0.         0.
 0.         0.         0.         0.         0.         0.
 0.         0.         0.         0.         0.         0.
 0.         0.         0.         0.         0.         0.
 0.         0.         0.         0.         0.         0.
 0.         0.         0.         0.         0.         0.
 0.         0.         0.         0.         0.         0.
 0.         0.         0.         0.         0.         0.
 0.         0.         0.         0.         0.         0.
 0.         0.         0.         0.         0.         0.
 0.         0.         0.         0.         0.         0.
 0.         0.         0.         0.         0.         0.
 0.         0.         0.         0.         0.         0.
 0.         0.         0.         0.         0.         0.
 0.         0.         0.         0.         0.         0.
 0.         0.         0.         0.         0.         0.
 0.         0.         0.         0.         0.         0.
 0.         0.         0.         0.         0.         0.
 0.         0.         0.         0.         0.         0.
 0.         0.         0.         0.         0.         0.
 0.         0.         0.         0.         0.         0.
 0.         0.         0.         0.         0.         0.
 0.         0.         0.         0.         0.         0.
 0.         0.         0.         0.         0.         0.
 0.         0.         0.         0.         0.         0.
 0.         0.         0.         0.         0.         0.
 0.         0.         0.         0.         0.         0.
 0.         0.         0.         0.         0.         0.
 0.         0.         0.         0.         0.         0.
 0.         0.         0.         0.         0.         0.
 0.         0.        ]
Normalized importance:  [0.11097293 0.25221157 0.18604138 1.         0.53809219 0.13027767
 0.18572528 0.68534286 0.5390659  0.76912739 0.         0.
 0.         0.         0.         0.         0.         0.
 0.         0.         0.         0.         0.         0.01745821
 0.         0.         0.         0.         0.         0.
 0.         0.         0.         0.         0.         0.
 0.         0.         0.         0.         0.         0.
 0.         0.         0.         0.         0.         0.
 0.         0.         0.         0.         0.         0.
 0.         0.         0.         0.         0.         0.
 0.         0.05025759 0.         0.         0.         0.
 0.         0.         0.         0.         0.         0.
 0.         0.         0.         0.         0.         0.
 0.         0.         0.         0.         0.         0.
 0.         0.         0.         0.         0.         0.
 0.         0.         0.         0.         0.         0.
 0.         0.         0.         0.         0.         0.
 0.         0.         0.         0.         0.         0.
 0.         0.         0.         0.         0.         0.
 0.         0.         0.         0.         0.         0.
 0.         0.         0.         0.         0.         0.
 0.         0.         0.         0.         0.         0.
 0.         0.         0.         0.         0.02320385 0.
 0.         0.         0.         0.         0.         0.
 0.01805486 0.         0.         0.         0.         0.
 0.         0.         0.         0.         0.         0.
 0.         0.         0.07771445 0.         0.         0.
 0.         0.         0.         0.         0.         0.
 0.         0.         0.         0.         0.         0.
 0.         0.         0.         0.         0.         0.
 0.         0.         0.         0.         0.         0.
 0.         0.         0.         0.         0.0219931  0.
 0.         0.         0.         0.02420106 0.         0.
 0.         0.        ]
deepbreaks
y_true:  [0. 0. 0. 1. 1. 0. 0. 1. 1. 1. 0. 0. 0. 0. 0. 0. 0. 0. 0. 0. 0. 0. 0. 0.
 0. 0. 0. 0. 0. 0. 0. 0. 0. 0. 0. 0. 0. 0. 0. 0. 0. 0. 0. 0. 0. 0. 0. 0.
 0. 0. 0. 0. 0. 0. 0. 0. 0. 0. 0. 0. 0. 0. 0. 0. 0. 0. 0. 0. 0. 0. 0. 0.
 0. 0. 0. 0. 0. 0. 0. 0. 0. 0. 0. 0. 0. 0. 0. 0. 0. 0. 0. 0. 0. 0. 0. 0.
 0. 0. 0. 0. 0. 0. 0. 0. 0. 0. 0. 0. 0. 0. 0. 0. 0. 0. 0. 0. 0. 0. 0. 0.
 0. 0. 0. 0. 0. 0. 0. 0. 0. 0. 0. 0. 0. 0. 0. 0. 0. 0. 0. 0. 0. 0. 0. 0.
 0. 0. 0. 0. 0. 0. 0. 0. 0. 0. 0. 0. 0. 0. 0. 0. 0. 0. 0. 0. 0. 0. 0. 0.
 0. 0. 0. 0. 0. 0. 0. 0. 0. 0. 0. 0. 0. 0. 0. 0. 0. 0. 0. 0. 0. 0. 0. 0.
 0. 0. 0. 0. 0. 0. 0. 0.]
y_pred:  [0. 1. 1. 1. 1. 1. 1. 1. 1. 1. 0. 0. 0. 0. 0. 0. 0. 0. 0. 0. 0. 0. 0. 0.
 0. 0. 0. 0. 0. 0. 0. 0. 0. 0. 0. 0. 0. 0. 0. 0. 0. 0. 0. 0. 0. 0. 0. 0.
 0. 0. 0. 0. 0. 0. 0. 0. 0. 0. 0. 0. 0. 0. 0. 0. 0. 0. 0. 0. 0. 0. 0. 0.
 0. 0. 0. 0. 0. 0. 0. 0. 0. 0. 0. 0. 0. 0. 0. 0. 0. 0. 0. 0. 0. 0. 0. 0.
 0. 0. 0. 0. 0. 0. 0. 0. 0. 0. 0. 0. 0. 0. 0. 0. 0. 0. 0. 0. 0. 0. 0. 0.
 0. 0. 0. 0. 0. 0. 0. 0. 0. 0. 0. 0. 0. 0. 0. 0. 0. 0. 0. 0. 0. 0. 0. 0.
 0. 0. 0. 0. 0. 0. 0. 0. 0. 0. 0. 0. 0. 0. 0. 0. 0. 0. 0. 0. 0. 0. 0. 0.
 0. 0. 0. 0. 0. 0. 0. 0. 0. 0. 0. 0. 0. 0. 0. 0. 0. 0. 0. 0. 0. 0. 0. 0.
 0. 0. 0. 0. 0. 0. 0. 0.]
Normalized importance:  [4.48058252e-01 5.63106796e-01 5.33980583e-01 1.00000000e+00
 6.89320388e-01 3.15533981e-01 4.11650485e-01 6.79611650e-01
 7.52427184e-01 8.98058252e-01 7.57281553e-02 5.14563107e-03
 9.36893204e-02 8.88349515e-02 0.00000000e+00 0.00000000e+00
 8.49514563e-02 8.00970874e-02 2.61165049e-01 0.00000000e+00
 1.64563107e-02 5.14563107e-02 0.00000000e+00 1.75242718e-01
 0.00000000e+00 0.00000000e+00 8.49514563e-03 0.00000000e+00
 1.50485437e-01 1.42718447e-01 1.30097087e-01 0.00000000e+00
 0.00000000e+00 6.74757282e-02 2.08252427e-02 8.98058252e-02
 3.77184466e-02 6.35922330e-02 0.00000000e+00 1.13106796e-01
 0.00000000e+00 1.69417476e-01 1.64077670e-05 7.23300971e-03
 0.00000000e+00 0.00000000e+00 7.08737864e-02 3.66504854e-02
 0.00000000e+00 2.80582524e-02 3.50970874e-02 3.05339806e-02
 5.48543689e-02 1.21359223e-01 1.71359223e-02 0.00000000e+00
 7.37864078e-02 5.38834951e-02 7.13592233e-02 0.00000000e+00
 1.22330097e-01 2.00485437e-01 4.18446602e-02 5.09708738e-03
 3.64563107e-02 8.20388350e-02 6.16504854e-02 0.00000000e+00
 4.46116505e-02 6.16504854e-02 3.22330097e-02 0.00000000e+00
 5.04854369e-02 4.14563107e-03 3.46116505e-02 0.00000000e+00
 2.24757282e-02 1.24757282e-01 1.04368932e-02 0.00000000e+00
 1.45631068e-01 1.59223301e-01 0.00000000e+00 5.33980583e-02
 0.00000000e+00 1.12621359e-01 2.84466019e-02 2.62135922e-02
 2.16990291e-02 2.91747573e-02 3.84466019e-02 2.83009709e-02
 1.34951456e-01 1.72815534e-02 1.41262136e-01 1.67961165e-02
 1.39320388e-01 0.00000000e+00 0.00000000e+00 5.14563107e-02
 0.00000000e+00 1.22815534e-01 2.13106796e-02 9.51456311e-02
 5.43689320e-02 7.42718447e-02 0.00000000e+00 1.21359223e-01
 0.00000000e+00 0.00000000e+00 0.00000000e+00 1.29611650e-02
 3.96601942e-02 6.21359223e-02 8.88349515e-02 1.71844660e-01
 0.00000000e+00 0.00000000e+00 3.94174757e-02 0.00000000e+00
 0.00000000e+00 0.00000000e+00 0.00000000e+00 5.19417476e-02
 3.54368932e-02 1.32038835e-01 3.64077670e-02 2.01456311e-02
 1.00000000e-01 7.28155340e-02 3.86893204e-02 4.57281553e-02
 0.00000000e+00 7.76699029e-02 5.24271845e-02 1.08252427e-01
 1.20388350e-01 0.00000000e+00 4.07766990e-02 0.00000000e+00
 3.35922330e-02 1.52912621e-02 4.83980583e-02 6.99029126e-02
 1.43689320e-01 0.00000000e+00 8.73786408e-02 0.00000000e+00
 4.24271845e-02 3.53883495e-03 5.97087379e-02 0.00000000e+00
 8.83495146e-02 1.56310680e-01 7.37864078e-02 1.38349515e-01
 3.99514563e-02 0.00000000e+00 1.77184466e-01 1.35436893e-01
 4.73300971e-02 8.39805825e-02 4.69902913e-02 0.00000000e+00
 8.44660194e-02 6.11650485e-02 0.00000000e+00 1.16990291e-01
 3.32038835e-04 1.13106796e-01 0.00000000e+00 0.00000000e+00
 1.56310680e-01 0.00000000e+00 0.00000000e+00 1.18932039e-01
 4.41747573e-03 2.13592233e-02 1.69902913e-01 2.41747573e-02
 1.93203883e-01 5.04854369e-03 5.87378641e-02 9.95145631e-02
 0.00000000e+00 3.75242718e-03 5.58252427e-02 9.22330097e-02
 5.53398058e-02 3.56310680e-02 2.00000000e-01 2.48058252e-02
 4.12135922e-03 0.00000000e+00 0.00000000e+00 1.33980583e-01
 1.13106796e-02 0.00000000e+00 0.00000000e+00 0.00000000e+00]
pyseer
y_true:  [0. 0. 0. 1. 1. 0. 0. 1. 1. 1. 0. 0. 0. 0. 0. 0. 0. 0. 0. 0. 0. 0. 0. 0.
 0. 0. 0. 0. 0. 0. 0. 0. 0. 0. 0. 0. 0. 0. 0. 0. 0. 0. 0. 0. 0. 0. 0. 0.
 0. 0. 0. 0. 0. 0. 0. 0. 0. 0. 0. 0. 0. 0. 0. 0. 0. 0. 0. 0. 0. 0. 0. 0.
 0. 0. 0. 0. 0. 0. 0. 0. 0. 0. 0. 0. 0. 0. 0. 0. 0. 0. 0. 0. 0. 0. 0. 0.
 0. 0. 0. 0. 0. 0. 0. 0. 0. 0. 0. 0. 0. 0. 0. 0. 0. 0. 0. 0. 0. 0. 0. 0.
 0. 0. 0. 0. 0. 0. 0. 0. 0. 0. 0. 0. 0. 0. 0. 0. 0. 0. 0. 0. 0. 0. 0. 0.
 0. 0. 0. 0. 0. 0. 0. 0. 0. 0. 0. 0. 0. 0. 0. 0. 0. 0. 0. 0. 0. 0. 0. 0.
 0. 0. 0. 0. 0. 0. 0. 0. 0. 0. 0. 0. 0. 0. 0. 0. 0. 0. 0. 0. 0. 0. 0. 0.
 0. 0. 0. 0. 0. 0. 0. 0.]
y_pred:  [1. 1. 1. 1. 1. 1. 1. 1. 1. 1. 1. 0. 1. 1. 0. 0. 1. 1. 1. 0. 0. 0. 0. 1.
 0. 0. 0. 0. 1. 1. 1. 0. 0. 1. 0. 1. 0. 1. 0. 1. 0. 1. 0. 0. 0. 0. 1. 0.
 0. 0. 0. 0. 0. 1. 0. 0. 1. 0. 1. 0. 1. 1. 0. 0. 0. 1. 0. 0. 0. 0. 0. 0.
 0. 0. 0. 0. 0. 1. 0. 0. 1. 1. 0. 0. 0. 1. 0. 0. 0. 0. 0. 0. 1. 0. 1. 0.
 1. 0. 0. 0. 0. 1. 0. 1. 0. 1. 0. 1. 0. 0. 0. 0. 0. 1. 1. 1. 0. 0. 0. 0.
 0. 0. 0. 0. 0. 1. 0. 0. 1. 1. 0. 0. 0. 1. 0. 1. 1. 0. 0. 0. 0. 0. 0. 1.
 1. 0. 1. 0. 0. 0. 0. 0. 1. 1. 1. 1. 0. 0. 1. 1. 0. 1. 0. 0. 1. 0. 0. 1.
 0. 1. 0. 0. 1. 0. 0. 1. 0. 0. 1. 0. 1. 0. 0. 1. 0. 0. 0. 1. 0. 0. 1. 0.
 0. 0. 0. 1. 0. 0. 0. 0.]
Time taken: 24.263811826705933 seconds
Running combination 4 of 50
Fitting RandomForest...
Fitting Adaboost...
Fitting AdaBoost_2...
Fitting et...
Fitting gbc...
Fitting gbc_2...
Fitting gbc_3...
Fitting dt...
Fitting lr...
Fitting Lasso_1...
Fitting Lasso_2...
Fitting Lasso_3...
Fitting Lasso_4...
Fitting elasticnet...
VCF file created successfully.
pyseer stderr:  Read 1000 phenotypes
Detected continuous phenotype
Reading all variants

0variants [00:00, ?variants/s]
55variants [00:00, 548.15variants/s]
110variants [00:00, 480.30variants/s]
165variants [00:00, 506.92variants/s]
198variants [00:00, 512.80variants/s]
Applying correlation filtering

  0%|          | 0/198 [00:00<?, ?variants/s]
100%|██████████| 198/198 [00:00<00:00, 2635.93variants/s]
Fitting elastic net to top 148 variants
Best penalty (lambda) from cross-validation: 3.21E+00
Best R^2 from cross-validation: 0.508
Finding and printing selected variants
198 loaded variants
50 pre-filtered variants
148 tested variants
141 printed variants

True importance standardized:  [0.42344223 0.27081979 0.5013304  0.24105889 0.39391366 0.78347318
 0.49489307 0.57104751 0.22625319 1.         0.         0.
 0.         0.         0.         0.         0.         0.
 0.         0.         0.         0.         0.         0.
 0.         0.         0.         0.         0.         0.
 0.         0.         0.         0.         0.         0.
 0.         0.         0.         0.         0.         0.
 0.         0.         0.         0.         0.         0.
 0.         0.         0.         0.         0.         0.
 0.         0.         0.         0.         0.         0.
 0.         0.         0.         0.         0.         0.
 0.         0.         0.         0.         0.         0.
 0.         0.         0.         0.         0.         0.
 0.         0.         0.         0.         0.         0.
 0.         0.         0.         0.         0.         0.
 0.         0.         0.         0.         0.         0.
 0.         0.         0.         0.         0.         0.
 0.         0.         0.         0.         0.         0.
 0.         0.         0.         0.         0.         0.
 0.         0.         0.         0.         0.         0.
 0.         0.         0.         0.         0.         0.
 0.         0.         0.         0.         0.         0.
 0.         0.         0.         0.         0.         0.
 0.         0.         0.         0.         0.         0.
 0.         0.         0.         0.         0.         0.
 0.         0.         0.         0.         0.         0.
 0.         0.         0.         0.         0.         0.
 0.         0.         0.         0.         0.         0.
 0.         0.         0.         0.         0.         0.
 0.         0.         0.         0.         0.         0.
 0.         0.         0.         0.         0.         0.
 0.         0.         0.         0.         0.         0.
 0.         0.         0.         0.         0.         0.
 0.         0.        ]
Normalized importance:  [0.23199531 0.16532516 0.65630156 0.07459302 0.34734759 0.84997459
 0.38672155 0.21806733 0.08498511 1.         0.         0.
 0.         0.         0.         0.         0.         0.
 0.         0.         0.         0.         0.         0.
 0.         0.         0.         0.         0.         0.
 0.         0.         0.         0.         0.         0.
 0.         0.         0.         0.         0.         0.
 0.14623513 0.         0.         0.         0.         0.
 0.         0.         0.         0.         0.         0.
 0.         0.         0.         0.         0.         0.
 0.         0.         0.         0.         0.         0.
 0.         0.         0.         0.         0.         0.
 0.         0.         0.         0.         0.         0.
 0.         0.         0.         0.         0.         0.
 0.         0.         0.         0.         0.         0.
 0.         0.         0.         0.         0.         0.03211298
 0.         0.         0.         0.         0.         0.
 0.         0.         0.         0.         0.         0.05986128
 0.01925255 0.         0.         0.         0.         0.
 0.         0.         0.         0.         0.         0.
 0.         0.         0.         0.         0.         0.
 0.         0.         0.         0.         0.         0.
 0.         0.         0.         0.         0.         0.
 0.         0.         0.         0.         0.         0.
 0.         0.         0.         0.         0.         0.
 0.         0.         0.         0.         0.         0.
 0.         0.         0.         0.         0.         0.01451035
 0.         0.         0.         0.02411086 0.         0.
 0.         0.         0.         0.         0.         0.
 0.         0.         0.         0.         0.         0.
 0.         0.         0.         0.         0.         0.
 0.         0.         0.         0.         0.         0.
 0.         0.         0.         0.         0.         0.
 0.         0.        ]
deepbreaks
y_true:  [0. 0. 1. 0. 0. 1. 1. 1. 0. 1. 0. 0. 0. 0. 0. 0. 0. 0. 0. 0. 0. 0. 0. 0.
 0. 0. 0. 0. 0. 0. 0. 0. 0. 0. 0. 0. 0. 0. 0. 0. 0. 0. 0. 0. 0. 0. 0. 0.
 0. 0. 0. 0. 0. 0. 0. 0. 0. 0. 0. 0. 0. 0. 0. 0. 0. 0. 0. 0. 0. 0. 0. 0.
 0. 0. 0. 0. 0. 0. 0. 0. 0. 0. 0. 0. 0. 0. 0. 0. 0. 0. 0. 0. 0. 0. 0. 0.
 0. 0. 0. 0. 0. 0. 0. 0. 0. 0. 0. 0. 0. 0. 0. 0. 0. 0. 0. 0. 0. 0. 0. 0.
 0. 0. 0. 0. 0. 0. 0. 0. 0. 0. 0. 0. 0. 0. 0. 0. 0. 0. 0. 0. 0. 0. 0. 0.
 0. 0. 0. 0. 0. 0. 0. 0. 0. 0. 0. 0. 0. 0. 0. 0. 0. 0. 0. 0. 0. 0. 0. 0.
 0. 0. 0. 0. 0. 0. 0. 0. 0. 0. 0. 0. 0. 0. 0. 0. 0. 0. 0. 0. 0. 0. 0. 0.
 0. 0. 0. 0. 0. 0. 0. 0.]
y_pred:  [1. 1. 1. 0. 1. 1. 1. 1. 0. 1. 0. 0. 0. 0. 0. 0. 0. 0. 0. 0. 0. 0. 0. 0.
 0. 0. 0. 0. 0. 0. 0. 0. 0. 0. 0. 0. 0. 0. 0. 0. 0. 0. 0. 0. 0. 0. 0. 0.
 0. 0. 0. 0. 0. 0. 0. 0. 0. 0. 0. 0. 0. 0. 0. 0. 0. 0. 0. 0. 0. 0. 0. 0.
 0. 0. 0. 0. 0. 0. 0. 0. 0. 0. 0. 0. 0. 0. 0. 0. 0. 0. 0. 0. 0. 0. 0. 0.
 0. 0. 0. 0. 0. 0. 0. 0. 0. 0. 0. 0. 0. 0. 0. 0. 0. 0. 0. 0. 0. 0. 0. 0.
 0. 0. 0. 0. 0. 0. 0. 0. 0. 0. 0. 0. 0. 0. 0. 0. 0. 0. 0. 0. 0. 0. 0. 0.
 0. 0. 0. 0. 0. 0. 0. 0. 0. 0. 0. 0. 0. 0. 0. 0. 0. 0. 0. 0. 0. 0. 0. 0.
 0. 0. 0. 0. 0. 0. 0. 0. 0. 0. 0. 0. 0. 0. 0. 0. 0. 0. 0. 0. 0. 0. 0. 0.
 0. 0. 0. 0. 0. 0. 0. 0.]
Normalized importance:  [0.45411765 0.40941176 0.61882353 0.26117647 0.44823529 0.81058824
 0.52823529 0.50470588 0.25294118 1.         0.03788235 0.08423529
 0.         0.05235294 0.12941176 0.         0.00178824 0.
 0.         0.04058824 0.01964706 0.024      0.04823529 0.04129412
 0.01081176 0.11117647 0.         0.         0.         0.01130588
 0.02188235 0.         0.06764706 0.02164706 0.         0.05494118
 0.05058824 0.00369412 0.01131765 0.09505882 0.13058824 0.00357647
 0.11882353 0.         0.02929412 0.08141176 0.06164706 0.03294118
 0.         0.06858824 0.07364706 0.02964706 0.04658824 0.08094118
 0.         0.         0.06223529 0.         0.10788235 0.06129412
 0.15058824 0.08776471 0.         0.00892941 0.02435294 0.03917647
 0.00303529 0.02717647 0.09894118 0.02105882 0.03670588 0.
 0.10352941 0.         0.         0.12705882 0.08270588 0.00197647
 0.09882353 0.06847059 0.03752941 0.         0.06729412 0.
 0.         0.         0.         0.07188235 0.01352941 0.07035294
 0.11352941 0.05376471 0.04305882 0.01623529 0.10188235 0.07929412
 0.01776471 0.         0.         0.09505882 0.07658824 0.10517647
 0.07552941 0.03035294 0.         0.06870588 0.06847059 0.11176471
 0.         0.         0.04341176 0.05       0.         0.
 0.01176471 0.00525882 0.01541176 0.10611765 0.04576471 0.
 0.05788235 0.028      0.         0.10235294 0.05858824 0.06305882
 0.04458824 0.         0.04541176 0.01541176 0.04835294 0.
 0.         0.00705882 0.         0.         0.         0.12823529
 0.11764706 0.01517647 0.21058824 0.09788235 0.00987059 0.
 0.07964706 0.03294118 0.01447059 0.         0.         0.01156471
 0.09682353 0.         0.         0.00361176 0.05788235 0.06047059
 0.02611765 0.06211765 0.         0.06917647 0.00632941 0.19529412
 0.         0.10847059 0.02364706 0.02188235 0.         0.04717647
 0.00898824 0.11129412 0.03894118 0.00288235 0.         0.
 0.08752941 0.         0.         0.00714118 0.12705882 0.
 0.05294118 0.14       0.07576471 0.04435294 0.09517647 0.01917647
 0.         0.         0.09517647 0.08764706 0.         0.06729412
 0.         0.         0.05364706 0.03494118 0.         0.03329412
 0.         0.        ]
pyseer
y_true:  [0. 0. 1. 0. 0. 1. 1. 1. 0. 1. 0. 0. 0. 0. 0. 0. 0. 0. 0. 0. 0. 0. 0. 0.
 0. 0. 0. 0. 0. 0. 0. 0. 0. 0. 0. 0. 0. 0. 0. 0. 0. 0. 0. 0. 0. 0. 0. 0.
 0. 0. 0. 0. 0. 0. 0. 0. 0. 0. 0. 0. 0. 0. 0. 0. 0. 0. 0. 0. 0. 0. 0. 0.
 0. 0. 0. 0. 0. 0. 0. 0. 0. 0. 0. 0. 0. 0. 0. 0. 0. 0. 0. 0. 0. 0. 0. 0.
 0. 0. 0. 0. 0. 0. 0. 0. 0. 0. 0. 0. 0. 0. 0. 0. 0. 0. 0. 0. 0. 0. 0. 0.
 0. 0. 0. 0. 0. 0. 0. 0. 0. 0. 0. 0. 0. 0. 0. 0. 0. 0. 0. 0. 0. 0. 0. 0.
 0. 0. 0. 0. 0. 0. 0. 0. 0. 0. 0. 0. 0. 0. 0. 0. 0. 0. 0. 0. 0. 0. 0. 0.
 0. 0. 0. 0. 0. 0. 0. 0. 0. 0. 0. 0. 0. 0. 0. 0. 0. 0. 0. 0. 0. 0. 0. 0.
 0. 0. 0. 0. 0. 0. 0. 0.]
y_pred:  [1. 1. 1. 1. 1. 1. 1. 1. 1. 1. 0. 1. 0. 0. 1. 0. 0. 0. 0. 0. 0. 0. 0. 0.
 0. 1. 0. 0. 0. 0. 0. 0. 1. 0. 0. 0. 0. 0. 0. 1. 1. 0. 1. 0. 0. 1. 1. 0.
 0. 1. 1. 0. 0. 1. 0. 0. 1. 0. 1. 1. 1. 1. 0. 0. 0. 0. 0. 0. 1. 0. 0. 0.
 1. 0. 0. 1. 1. 0. 1. 1. 0. 0. 1. 0. 0. 0. 0. 1. 0. 1. 1. 0. 0. 0. 1. 1.
 0. 0. 0. 1. 1. 1. 1. 0. 0. 1. 1. 1. 0. 0. 0. 0. 0. 0. 0. 0. 0. 1. 0. 0.
 1. 0. 0. 1. 1. 1. 0. 0. 0. 0. 0. 0. 0. 0. 0. 0. 0. 1. 1. 0. 1. 1. 0. 0.
 1. 0. 0. 0. 0. 0. 1. 0. 0. 0. 1. 1. 0. 1. 0. 1. 0. 1. 0. 1. 0. 0. 0. 0.
 0. 1. 0. 0. 0. 0. 1. 0. 0. 0. 1. 0. 0. 1. 1. 0. 1. 0. 0. 0. 1. 1. 0. 1.
 0. 0. 0. 0. 0. 0. 0. 0.]
Time taken: 21.47308850288391 seconds
Running combination 5 of 50
Fitting RandomForest...
Fitting Adaboost...
Fitting AdaBoost_2...
Fitting et...
Fitting gbc...
Fitting gbc_2...
Fitting gbc_3...
Fitting dt...
Fitting lr...
Fitting Lasso_1...
Fitting Lasso_2...
Fitting Lasso_3...
Fitting Lasso_4...
Fitting elasticnet...
VCF file created successfully.
pyseer stderr:  Read 1000 phenotypes
Detected continuous phenotype
Reading all variants

0variants [00:00, ?variants/s]
53variants [00:00, 529.04variants/s]
106variants [00:00, 469.96variants/s]
161variants [00:00, 502.37variants/s]
198variants [00:00, 507.50variants/s]
Applying correlation filtering

  0%|          | 0/198 [00:00<?, ?variants/s]
100%|██████████| 198/198 [00:00<00:00, 2683.64variants/s]
Fitting elastic net to top 148 variants
Best penalty (lambda) from cross-validation: 3.52E+00
Best R^2 from cross-validation: 0.460
Finding and printing selected variants
198 loaded variants
50 pre-filtered variants
148 tested variants
140 printed variants

True importance standardized:  [0.61969737 0.99221967 0.75732646 1.         0.59706547 0.63503172
 0.46265866 0.91788631 0.98949881 0.50524664 0.         0.
 0.         0.         0.         0.         0.         0.
 0.         0.         0.         0.         0.         0.
 0.         0.         0.         0.         0.         0.
 0.         0.         0.         0.         0.         0.
 0.         0.         0.         0.         0.         0.
 0.         0.         0.         0.         0.         0.
 0.         0.         0.         0.         0.         0.
 0.         0.         0.         0.         0.         0.
 0.         0.         0.         0.         0.         0.
 0.         0.         0.         0.         0.         0.
 0.         0.         0.         0.         0.         0.
 0.         0.         0.         0.         0.         0.
 0.         0.         0.         0.         0.         0.
 0.         0.         0.         0.         0.         0.
 0.         0.         0.         0.         0.         0.
 0.         0.         0.         0.         0.         0.
 0.         0.         0.         0.         0.         0.
 0.         0.         0.         0.         0.         0.
 0.         0.         0.         0.         0.         0.
 0.         0.         0.         0.         0.         0.
 0.         0.         0.         0.         0.         0.
 0.         0.         0.         0.         0.         0.
 0.         0.         0.         0.         0.         0.
 0.         0.         0.         0.         0.         0.
 0.         0.         0.         0.         0.         0.
 0.         0.         0.         0.         0.         0.
 0.         0.         0.         0.         0.         0.
 0.         0.         0.         0.         0.         0.
 0.         0.         0.         0.         0.         0.
 0.         0.         0.         0.         0.         0.
 0.         0.         0.         0.         0.         0.
 0.         0.        ]
Normalized importance:  [0.45454024 0.94078796 0.6769071  1.         0.45688215 0.73860123
 0.16399679 0.61379979 0.7258197  0.18661594 0.         0.
 0.         0.         0.         0.         0.         0.
 0.         0.         0.         0.         0.         0.
 0.         0.         0.         0.07040639 0.         0.
 0.         0.         0.         0.         0.         0.
 0.         0.         0.         0.         0.         0.
 0.         0.         0.         0.         0.         0.
 0.         0.         0.         0.         0.         0.
 0.         0.         0.         0.         0.         0.
 0.         0.         0.         0.         0.         0.
 0.         0.         0.         0.         0.         0.
 0.         0.         0.         0.         0.         0.
 0.         0.         0.         0.         0.         0.
 0.         0.         0.         0.         0.         0.
 0.         0.         0.         0.         0.         0.
 0.         0.         0.         0.         0.         0.
 0.         0.         0.         0.         0.         0.
 0.         0.         0.         0.         0.         0.
 0.         0.         0.         0.         0.         0.
 0.         0.         0.         0.         0.         0.
 0.         0.         0.         0.         0.         0.
 0.         0.         0.         0.         0.         0.
 0.         0.         0.         0.         0.         0.
 0.         0.         0.         0.         0.         0.
 0.         0.         0.         0.         0.         0.
 0.         0.         0.         0.         0.         0.
 0.         0.         0.         0.         0.         0.
 0.         0.         0.         0.         0.         0.
 0.         0.         0.         0.         0.         0.
 0.         0.         0.         0.         0.         0.
 0.         0.         0.         0.         0.         0.
 0.         0.         0.         0.         0.         0.
 0.         0.        ]
deepbreaks
y_true:  [0. 1. 1. 1. 0. 0. 0. 1. 1. 0. 0. 0. 0. 0. 0. 0. 0. 0. 0. 0. 0. 0. 0. 0.
 0. 0. 0. 0. 0. 0. 0. 0. 0. 0. 0. 0. 0. 0. 0. 0. 0. 0. 0. 0. 0. 0. 0. 0.
 0. 0. 0. 0. 0. 0. 0. 0. 0. 0. 0. 0. 0. 0. 0. 0. 0. 0. 0. 0. 0. 0. 0. 0.
 0. 0. 0. 0. 0. 0. 0. 0. 0. 0. 0. 0. 0. 0. 0. 0. 0. 0. 0. 0. 0. 0. 0. 0.
 0. 0. 0. 0. 0. 0. 0. 0. 0. 0. 0. 0. 0. 0. 0. 0. 0. 0. 0. 0. 0. 0. 0. 0.
 0. 0. 0. 0. 0. 0. 0. 0. 0. 0. 0. 0. 0. 0. 0. 0. 0. 0. 0. 0. 0. 0. 0. 0.
 0. 0. 0. 0. 0. 0. 0. 0. 0. 0. 0. 0. 0. 0. 0. 0. 0. 0. 0. 0. 0. 0. 0. 0.
 0. 0. 0. 0. 0. 0. 0. 0. 0. 0. 0. 0. 0. 0. 0. 0. 0. 0. 0. 0. 0. 0. 0. 0.
 0. 0. 0. 0. 0. 0. 0. 0.]
y_pred:  [0. 1. 1. 1. 0. 1. 0. 1. 1. 0. 0. 0. 0. 0. 0. 0. 0. 0. 0. 0. 0. 0. 0. 0.
 0. 0. 0. 0. 0. 0. 0. 0. 0. 0. 0. 0. 0. 0. 0. 0. 0. 0. 0. 0. 0. 0. 0. 0.
 0. 0. 0. 0. 0. 0. 0. 0. 0. 0. 0. 0. 0. 0. 0. 0. 0. 0. 0. 0. 0. 0. 0. 0.
 0. 0. 0. 0. 0. 0. 0. 0. 0. 0. 0. 0. 0. 0. 0. 0. 0. 0. 0. 0. 0. 0. 0. 0.
 0. 0. 0. 0. 0. 0. 0. 0. 0. 0. 0. 0. 0. 0. 0. 0. 0. 0. 0. 0. 0. 0. 0. 0.
 0. 0. 0. 0. 0. 0. 0. 0. 0. 0. 0. 0. 0. 0. 0. 0. 0. 0. 0. 0. 0. 0. 0. 0.
 0. 0. 0. 0. 0. 0. 0. 0. 0. 0. 0. 0. 0. 0. 0. 0. 0. 0. 0. 0. 0. 0. 0. 0.
 0. 0. 0. 0. 0. 0. 0. 0. 0. 0. 0. 0. 0. 0. 0. 0. 0. 0. 0. 0. 0. 0. 0. 0.
 0. 0. 0. 0. 0. 0. 0. 0.]
Normalized importance:  [5.96741344e-01 9.55193483e-01 8.51323829e-01 1.00000000e+00
 5.78411405e-01 5.68228106e-01 4.25661914e-01 7.90224033e-01
 9.73523422e-01 4.23625255e-01 1.37270876e-01 4.58248473e-02
 0.00000000e+00 1.73930754e-02 1.00000000e-01 0.00000000e+00
 1.35030550e-01 0.00000000e+00 1.19348269e-01 1.12627291e-01
 0.00000000e+00 2.40325866e-02 0.00000000e+00 0.00000000e+00
 0.00000000e+00 1.01629328e-01 7.98370672e-02 2.91242363e-01
 0.00000000e+00 0.00000000e+00 2.83095723e-02 0.00000000e+00
 4.54175153e-02 3.95112016e-02 2.99389002e-01 0.00000000e+00
 0.00000000e+00 0.00000000e+00 1.12219959e-01 6.23217923e-02
 0.00000000e+00 9.81670061e-02 3.03462322e-01 1.58044807e-01
 0.00000000e+00 0.00000000e+00 1.66395112e-02 1.01425662e-01
 3.66598778e-02 1.16089613e-02 4.15478615e-03 3.86965377e-02
 0.00000000e+00 9.89816701e-02 5.62118126e-02 2.30142566e-01
 1.30957230e-02 0.00000000e+00 1.38900204e-02 2.11812627e-01
 8.67617108e-02 1.14052953e-01 1.55397149e-02 8.49287169e-02
 0.00000000e+00 6.98574338e-03 3.70672098e-02 1.70672098e-01
 1.25661914e-01 0.00000000e+00 2.81059063e-02 0.00000000e+00
 1.02036660e-01 3.66598778e-02 8.61507128e-02 1.87169043e-01
 1.39103870e-01 3.05498982e-02 0.00000000e+00 0.00000000e+00
 0.00000000e+00 0.00000000e+00 1.86558045e-01 5.66191446e-03
 1.04684318e-01 1.72097760e-01 1.47046843e-01 1.86354379e-01
 0.00000000e+00 1.31364562e-01 0.00000000e+00 1.02240326e-01
 0.00000000e+00 1.64562118e-02 5.60081466e-02 1.86965377e-02
 8.32993890e-02 0.00000000e+00 0.00000000e+00 9.53156823e-02
 0.00000000e+00 8.79837067e-02 0.00000000e+00 8.24847251e-02
 4.27698574e-02 1.60081466e-02 9.81670061e-02 8.94093686e-02
 7.96334012e-02 8.32993890e-02 0.00000000e+00 1.55193483e-01
 5.70264766e-02 0.00000000e+00 0.00000000e+00 0.00000000e+00
 0.00000000e+00 1.33808554e-01 1.78818737e-01 8.39103870e-02
 2.34215886e-02 4.98981670e-02 1.60692464e-01 0.00000000e+00
 0.00000000e+00 0.00000000e+00 0.00000000e+00 1.38900204e-01
 4.13441955e-02 0.00000000e+00 0.00000000e+00 1.64765784e-01
 0.00000000e+00 0.00000000e+00 1.14460285e-02 4.88798371e-02
 6.51731161e-02 2.74949084e-02 0.00000000e+00 5.17311609e-02
 0.00000000e+00 4.98981670e-02 0.00000000e+00 1.25458248e-01
 1.76578411e-02 0.00000000e+00 2.28105906e-01 9.08350305e-02
 1.21792261e-01 1.63136456e-01 0.00000000e+00 4.43991853e-02
 1.26069246e-01 0.00000000e+00 0.00000000e+00 8.43177189e-02
 2.36252546e-01 0.00000000e+00 2.00203666e-01 8.08553971e-02
 1.47454175e-01 3.05498982e-02 1.40325866e-01 5.15274949e-03
 0.00000000e+00 1.10794297e-01 1.55397149e-01 1.45621181e-01
 1.77596741e-01 1.38289206e-02 1.04684318e-01 8.53360489e-02
 1.58248473e-01 8.24847251e-04 8.83910387e-02 5.56008147e-02
 0.00000000e+00 5.68228106e-02 1.49083503e-01 1.93075356e-02
 1.26476578e-01 1.63543788e-01 1.69653768e-01 1.91242363e-01
 0.00000000e+00 1.07535642e-01 0.00000000e+00 6.35437882e-02
 4.94908350e-02 5.41751527e-02 1.00000000e-01 0.00000000e+00
 5.11201629e-02 1.65173116e-01 8.35030550e-02 1.55193483e-01
 1.43584521e-01 4.01221996e-02 0.00000000e+00 0.00000000e+00]
pyseer
y_true:  [0. 1. 1. 1. 0. 0. 0. 1. 1. 0. 0. 0. 0. 0. 0. 0. 0. 0. 0. 0. 0. 0. 0. 0.
 0. 0. 0. 0. 0. 0. 0. 0. 0. 0. 0. 0. 0. 0. 0. 0. 0. 0. 0. 0. 0. 0. 0. 0.
 0. 0. 0. 0. 0. 0. 0. 0. 0. 0. 0. 0. 0. 0. 0. 0. 0. 0. 0. 0. 0. 0. 0. 0.
 0. 0. 0. 0. 0. 0. 0. 0. 0. 0. 0. 0. 0. 0. 0. 0. 0. 0. 0. 0. 0. 0. 0. 0.
 0. 0. 0. 0. 0. 0. 0. 0. 0. 0. 0. 0. 0. 0. 0. 0. 0. 0. 0. 0. 0. 0. 0. 0.
 0. 0. 0. 0. 0. 0. 0. 0. 0. 0. 0. 0. 0. 0. 0. 0. 0. 0. 0. 0. 0. 0. 0. 0.
 0. 0. 0. 0. 0. 0. 0. 0. 0. 0. 0. 0. 0. 0. 0. 0. 0. 0. 0. 0. 0. 0. 0. 0.
 0. 0. 0. 0. 0. 0. 0. 0. 0. 0. 0. 0. 0. 0. 0. 0. 0. 0. 0. 0. 0. 0. 0. 0.
 0. 0. 0. 0. 0. 0. 0. 0.]
y_pred:  [1. 1. 1. 1. 1. 1. 1. 1. 1. 1. 1. 0. 0. 0. 1. 0. 1. 0. 1. 1. 0. 0. 0. 0.
 0. 1. 0. 1. 0. 0. 0. 0. 0. 0. 1. 0. 0. 0. 1. 0. 0. 1. 1. 1. 0. 0. 0. 1.
 0. 0. 0. 0. 0. 1. 0. 1. 0. 0. 0. 1. 0. 1. 0. 0. 0. 0. 0. 1. 1. 0. 0. 0.
 1. 0. 0. 1. 1. 0. 0. 0. 0. 0. 1. 0. 1. 1. 1. 1. 0. 1. 0. 1. 0. 0. 0. 0.
 0. 0. 0. 0. 0. 0. 0. 0. 0. 0. 1. 0. 0. 0. 0. 1. 0. 0. 0. 0. 0. 1. 1. 0.
 0. 0. 1. 0. 0. 0. 0. 1. 0. 0. 0. 1. 0. 0. 0. 0. 0. 0. 0. 0. 0. 0. 0. 1.
 0. 0. 1. 0. 1. 1. 0. 0. 1. 0. 0. 0. 1. 0. 1. 0. 1. 0. 1. 0. 0. 1. 1. 1.
 1. 0. 1. 0. 1. 0. 0. 0. 0. 0. 1. 0. 1. 1. 1. 1. 0. 1. 0. 0. 0. 0. 1. 0.
 0. 1. 0. 1. 1. 0. 0. 0.]
Time taken: 22.66063928604126 seconds
Running combination 6 of 50
Fitting RandomForest...
Fitting Adaboost...
Fitting AdaBoost_2...
Fitting et...
Fitting gbc...
Fitting gbc_2...
Fitting gbc_3...
Fitting dt...
Fitting lr...
Fitting Lasso_1...
Fitting Lasso_2...
Fitting Lasso_3...
Fitting Lasso_4...
Fitting elasticnet...
VCF file created successfully.
pyseer stderr:  Read 1000 phenotypes
Detected continuous phenotype
Reading all variants

0variants [00:00, ?variants/s]
48variants [00:00, 472.45variants/s]
96variants [00:00, 432.63variants/s]
150variants [00:00, 478.45variants/s]
198variants [00:00, 485.43variants/s]
Applying correlation filtering

  0%|          | 0/198 [00:00<?, ?variants/s]
100%|██████████| 198/198 [00:00<00:00, 2583.41variants/s]
Fitting elastic net to top 148 variants
Best penalty (lambda) from cross-validation: 8.37E+00
Best R^2 from cross-validation: 0.536
Finding and printing selected variants
198 loaded variants
50 pre-filtered variants
148 tested variants
138 printed variants

True importance standardized:  [1.         0.41463265 0.73505231 0.80858663 0.18795241 0.58522119
 0.95283489 0.16212661 0.56095018 0.69999913 0.         0.
 0.         0.         0.         0.         0.         0.
 0.         0.         0.         0.         0.         0.
 0.         0.         0.         0.         0.         0.
 0.         0.         0.         0.         0.         0.
 0.         0.         0.         0.         0.         0.
 0.         0.         0.         0.         0.         0.
 0.         0.         0.         0.         0.         0.
 0.         0.         0.         0.         0.         0.
 0.         0.         0.         0.         0.         0.
 0.         0.         0.         0.         0.         0.
 0.         0.         0.         0.         0.         0.
 0.         0.         0.         0.         0.         0.
 0.         0.         0.         0.         0.         0.
 0.         0.         0.         0.         0.         0.
 0.         0.         0.         0.         0.         0.
 0.         0.         0.         0.         0.         0.
 0.         0.         0.         0.         0.         0.
 0.         0.         0.         0.         0.         0.
 0.         0.         0.         0.         0.         0.
 0.         0.         0.         0.         0.         0.
 0.         0.         0.         0.         0.         0.
 0.         0.         0.         0.         0.         0.
 0.         0.         0.         0.         0.         0.
 0.         0.         0.         0.         0.         0.
 0.         0.         0.         0.         0.         0.
 0.         0.         0.         0.         0.         0.
 0.         0.         0.         0.         0.         0.
 0.         0.         0.         0.         0.         0.
 0.         0.         0.         0.         0.         0.
 0.         0.         0.         0.         0.         0.
 0.         0.         0.         0.         0.         0.
 0.         0.        ]
Normalized importance:  [1.         0.18086653 0.52181595 0.51169662 0.         0.30126393
 0.53814286 0.         0.24006505 0.4384355  0.         0.
 0.         0.         0.         0.         0.         0.
 0.         0.         0.         0.         0.         0.
 0.         0.         0.         0.         0.         0.
 0.         0.         0.         0.         0.         0.
 0.         0.         0.         0.         0.         0.
 0.         0.         0.         0.         0.         0.
 0.         0.         0.         0.         0.         0.
 0.         0.         0.         0.         0.         0.
 0.         0.         0.         0.         0.         0.
 0.         0.         0.         0.         0.         0.
 0.         0.         0.         0.         0.         0.
 0.         0.         0.         0.         0.         0.
 0.         0.         0.         0.         0.         0.
 0.         0.         0.         0.         0.         0.
 0.         0.         0.         0.         0.         0.
 0.         0.         0.         0.         0.         0.
 0.         0.         0.         0.         0.         0.
 0.         0.         0.         0.         0.         0.
 0.         0.         0.         0.         0.         0.
 0.         0.         0.         0.         0.         0.
 0.         0.         0.         0.         0.         0.
 0.         0.         0.         0.         0.         0.
 0.         0.         0.         0.         0.         0.
 0.         0.         0.         0.         0.         0.
 0.         0.         0.         0.         0.         0.
 0.         0.         0.         0.         0.         0.
 0.         0.         0.         0.         0.         0.
 0.         0.         0.         0.         0.         0.
 0.         0.         0.         0.         0.         0.
 0.         0.         0.         0.         0.         0.
 0.         0.         0.         0.         0.         0.
 0.         0.        ]
deepbreaks
y_true:  [1. 0. 1. 1. 0. 0. 1. 0. 0. 1. 0. 0. 0. 0. 0. 0. 0. 0. 0. 0. 0. 0. 0. 0.
 0. 0. 0. 0. 0. 0. 0. 0. 0. 0. 0. 0. 0. 0. 0. 0. 0. 0. 0. 0. 0. 0. 0. 0.
 0. 0. 0. 0. 0. 0. 0. 0. 0. 0. 0. 0. 0. 0. 0. 0. 0. 0. 0. 0. 0. 0. 0. 0.
 0. 0. 0. 0. 0. 0. 0. 0. 0. 0. 0. 0. 0. 0. 0. 0. 0. 0. 0. 0. 0. 0. 0. 0.
 0. 0. 0. 0. 0. 0. 0. 0. 0. 0. 0. 0. 0. 0. 0. 0. 0. 0. 0. 0. 0. 0. 0. 0.
 0. 0. 0. 0. 0. 0. 0. 0. 0. 0. 0. 0. 0. 0. 0. 0. 0. 0. 0. 0. 0. 0. 0. 0.
 0. 0. 0. 0. 0. 0. 0. 0. 0. 0. 0. 0. 0. 0. 0. 0. 0. 0. 0. 0. 0. 0. 0. 0.
 0. 0. 0. 0. 0. 0. 0. 0. 0. 0. 0. 0. 0. 0. 0. 0. 0. 0. 0. 0. 0. 0. 0. 0.
 0. 0. 0. 0. 0. 0. 0. 0.]
y_pred:  [1. 0. 1. 1. 0. 0. 1. 0. 0. 0. 0. 0. 0. 0. 0. 0. 0. 0. 0. 0. 0. 0. 0. 0.
 0. 0. 0. 0. 0. 0. 0. 0. 0. 0. 0. 0. 0. 0. 0. 0. 0. 0. 0. 0. 0. 0. 0. 0.
 0. 0. 0. 0. 0. 0. 0. 0. 0. 0. 0. 0. 0. 0. 0. 0. 0. 0. 0. 0. 0. 0. 0. 0.
 0. 0. 0. 0. 0. 0. 0. 0. 0. 0. 0. 0. 0. 0. 0. 0. 0. 0. 0. 0. 0. 0. 0. 0.
 0. 0. 0. 0. 0. 0. 0. 0. 0. 0. 0. 0. 0. 0. 0. 0. 0. 0. 0. 0. 0. 0. 0. 0.
 0. 0. 0. 0. 0. 0. 0. 0. 0. 0. 0. 0. 0. 0. 0. 0. 0. 0. 0. 0. 0. 0. 0. 0.
 0. 0. 0. 0. 0. 0. 0. 0. 0. 0. 0. 0. 0. 0. 0. 0. 0. 0. 0. 0. 0. 0. 0. 0.
 0. 0. 0. 0. 0. 0. 0. 0. 0. 0. 0. 0. 0. 0. 0. 0. 0. 0. 0. 0. 0. 0. 0. 0.
 0. 0. 0. 0. 0. 0. 0. 0.]
Normalized importance:  [1.00000000e+00 4.42982456e-01 7.50000000e-01 8.02631579e-01
 1.92105263e-01 6.14035088e-01 7.93859649e-01 6.57894737e-02
 5.04385965e-01 6.97368421e-01 0.00000000e+00 5.83333333e-02
 0.00000000e+00 0.00000000e+00 1.23245614e-01 6.62280702e-02
 2.26315789e-02 4.82456140e-02 1.18859649e-01 0.00000000e+00
 7.50000000e-02 5.30701754e-02 3.71491228e-02 8.55263158e-03
 1.12280702e-01 0.00000000e+00 4.82456140e-02 0.00000000e+00
 0.00000000e+00 0.00000000e+00 9.95614035e-02 1.17105263e-01
 2.98245614e-02 1.14473684e-01 0.00000000e+00 9.07894737e-04
 0.00000000e+00 2.62719298e-02 1.37280702e-01 8.64035088e-03
 0.00000000e+00 8.20175439e-02 7.10526316e-02 8.72807018e-03
 2.56578947e-03 8.02631579e-02 0.00000000e+00 0.00000000e+00
 0.00000000e+00 2.87719298e-02 4.19736842e-02 4.47368421e-02
 1.46929825e-01 0.00000000e+00 1.10526316e-01 0.00000000e+00
 5.08771930e-02 0.00000000e+00 3.25438596e-02 5.83333333e-02
 0.00000000e+00 8.11403509e-03 7.67543860e-02 2.07017544e-01
 0.00000000e+00 7.23684211e-02 7.01754386e-02 9.42982456e-02
 1.12280702e-01 0.00000000e+00 8.68421053e-02 2.64473684e-02
 0.00000000e+00 2.10526316e-02 0.00000000e+00 7.32456140e-02
 1.20614035e-01 1.39035088e-02 6.88596491e-02 3.74122807e-02
 0.00000000e+00 4.91228070e-02 0.00000000e+00 1.11842105e-02
 0.00000000e+00 6.14035088e-02 1.36403509e-01 3.14035088e-02
 7.98245614e-02 0.00000000e+00 0.00000000e+00 8.59649123e-03
 1.79385965e-02 0.00000000e+00 1.10087719e-01 5.00000000e-02
 0.00000000e+00 0.00000000e+00 2.70175439e-02 8.28947368e-03
 1.14912281e-01 4.21052632e-02 0.00000000e+00 1.03508772e-01
 4.69298246e-02 7.19298246e-03 2.89912281e-03 4.06578947e-02
 2.29824561e-03 0.00000000e+00 7.63157895e-02 0.00000000e+00
 0.00000000e+00 0.00000000e+00 1.04824561e-02 9.69298246e-02
 2.01315789e-02 4.78070175e-03 3.91228070e-02 1.21929825e-01
 8.42105263e-02 0.00000000e+00 0.00000000e+00 0.00000000e+00
 0.00000000e+00 1.89912281e-02 0.00000000e+00 5.70175439e-02
 0.00000000e+00 6.14035088e-02 6.09649123e-02 6.79824561e-02
 5.57017544e-02 0.00000000e+00 1.20614035e-01 2.58771930e-02
 1.12280702e-02 4.95614035e-02 3.26315789e-02 5.39473684e-02
 0.00000000e+00 1.32017544e-02 4.22368421e-03 2.46052632e-01
 5.83333333e-02 4.86842105e-02 5.74561404e-02 0.00000000e+00
 4.60526316e-02 0.00000000e+00 1.32017544e-01 0.00000000e+00
 0.00000000e+00 4.91228070e-02 1.77631579e-02 0.00000000e+00
 1.19298246e-01 2.36842105e-02 2.93421053e-02 6.49122807e-02
 2.88157895e-02 0.00000000e+00 0.00000000e+00 7.98245614e-02
 0.00000000e+00 1.67543860e-01 1.09210526e-01 2.82894737e-02
 3.97807018e-02 1.30701754e-01 4.47368421e-02 0.00000000e+00
 4.82456140e-02 0.00000000e+00 5.21929825e-02 1.60526316e-01
 4.10964912e-02 6.49122807e-02 0.00000000e+00 1.26315789e-02
 0.00000000e+00 4.24122807e-03 0.00000000e+00 6.97368421e-02
 9.73684211e-02 7.67543860e-02 4.10964912e-02 7.41228070e-02
 0.00000000e+00 3.78070175e-03 1.15350877e-02 0.00000000e+00
 1.14912281e-01 0.00000000e+00 7.19298246e-03 1.40789474e-01
 0.00000000e+00 1.32894737e-02 0.00000000e+00 0.00000000e+00]
pyseer
y_true:  [1. 0. 1. 1. 0. 0. 1. 0. 0. 1. 0. 0. 0. 0. 0. 0. 0. 0. 0. 0. 0. 0. 0. 0.
 0. 0. 0. 0. 0. 0. 0. 0. 0. 0. 0. 0. 0. 0. 0. 0. 0. 0. 0. 0. 0. 0. 0. 0.
 0. 0. 0. 0. 0. 0. 0. 0. 0. 0. 0. 0. 0. 0. 0. 0. 0. 0. 0. 0. 0. 0. 0. 0.
 0. 0. 0. 0. 0. 0. 0. 0. 0. 0. 0. 0. 0. 0. 0. 0. 0. 0. 0. 0. 0. 0. 0. 0.
 0. 0. 0. 0. 0. 0. 0. 0. 0. 0. 0. 0. 0. 0. 0. 0. 0. 0. 0. 0. 0. 0. 0. 0.
 0. 0. 0. 0. 0. 0. 0. 0. 0. 0. 0. 0. 0. 0. 0. 0. 0. 0. 0. 0. 0. 0. 0. 0.
 0. 0. 0. 0. 0. 0. 0. 0. 0. 0. 0. 0. 0. 0. 0. 0. 0. 0. 0. 0. 0. 0. 0. 0.
 0. 0. 0. 0. 0. 0. 0. 0. 0. 0. 0. 0. 0. 0. 0. 0. 0. 0. 0. 0. 0. 0. 0. 0.
 0. 0. 0. 0. 0. 0. 0. 0.]
y_pred:  [1. 1. 1. 1. 1. 1. 1. 1. 1. 1. 0. 1. 0. 0. 1. 1. 0. 0. 1. 0. 1. 0. 0. 0.
 1. 0. 0. 0. 0. 0. 1. 1. 0. 1. 0. 0. 0. 0. 1. 0. 0. 1. 1. 0. 0. 1. 0. 0.
 0. 0. 0. 0. 1. 0. 1. 0. 0. 0. 0. 1. 0. 0. 1. 1. 0. 1. 1. 1. 1. 0. 1. 0.
 0. 0. 0. 1. 1. 0. 1. 0. 0. 0. 0. 0. 0. 1. 1. 0. 1. 0. 0. 0. 0. 0. 1. 0.
 0. 0. 0. 0. 1. 0. 0. 1. 0. 0. 0. 0. 0. 0. 1. 0. 0. 0. 0. 1. 0. 0. 0. 1.
 1. 0. 0. 0. 0. 0. 0. 1. 0. 1. 1. 1. 0. 0. 1. 0. 0. 0. 0. 0. 0. 0. 0. 1.
 1. 0. 1. 0. 0. 0. 1. 0. 0. 0. 0. 0. 1. 0. 0. 1. 0. 0. 0. 1. 0. 1. 1. 0.
 0. 1. 0. 0. 0. 0. 0. 1. 0. 1. 0. 0. 0. 0. 0. 1. 1. 1. 0. 1. 0. 0. 0. 0.
 1. 0. 0. 1. 0. 0. 0. 0.]
Time taken: 23.889573574066162 seconds
Running combination 7 of 50
Fitting RandomForest...
Fitting Adaboost...
Fitting AdaBoost_2...
Fitting et...
Fitting gbc...
Fitting gbc_2...
Fitting gbc_3...
Fitting dt...
Fitting lr...
Fitting Lasso_1...
Fitting Lasso_2...
Fitting Lasso_3...
Fitting Lasso_4...
Fitting elasticnet...
VCF file created successfully.
pyseer stderr:  Read 1000 phenotypes
Detected continuous phenotype
Reading all variants

0variants [00:00, ?variants/s]
54variants [00:00, 539.20variants/s]
108variants [00:00, 479.42variants/s]
164variants [00:00, 512.45variants/s]
198variants [00:00, 517.00variants/s]
Applying correlation filtering

  0%|          | 0/198 [00:00<?, ?variants/s]
100%|██████████| 198/198 [00:00<00:00, 2730.79variants/s]
Fitting elastic net to top 148 variants
Best penalty (lambda) from cross-validation: 1.36E+01
Best R^2 from cross-validation: 0.475
Finding and printing selected variants
198 loaded variants
50 pre-filtered variants
148 tested variants
145 printed variants

True importance standardized:  [0.11561905 1.         0.70491444 0.16169455 0.80498421 0.43045526
 0.68274272 0.61878183 0.84900351 0.98664784 0.         0.
 0.         0.         0.         0.         0.         0.
 0.         0.         0.         0.         0.         0.
 0.         0.         0.         0.         0.         0.
 0.         0.         0.         0.         0.         0.
 0.         0.         0.         0.         0.         0.
 0.         0.         0.         0.         0.         0.
 0.         0.         0.         0.         0.         0.
 0.         0.         0.         0.         0.         0.
 0.         0.         0.         0.         0.         0.
 0.         0.         0.         0.         0.         0.
 0.         0.         0.         0.         0.         0.
 0.         0.         0.         0.         0.         0.
 0.         0.         0.         0.         0.         0.
 0.         0.         0.         0.         0.         0.
 0.         0.         0.         0.         0.         0.
 0.         0.         0.         0.         0.         0.
 0.         0.         0.         0.         0.         0.
 0.         0.         0.         0.         0.         0.
 0.         0.         0.         0.         0.         0.
 0.         0.         0.         0.         0.         0.
 0.         0.         0.         0.         0.         0.
 0.         0.         0.         0.         0.         0.
 0.         0.         0.         0.         0.         0.
 0.         0.         0.         0.         0.         0.
 0.         0.         0.         0.         0.         0.
 0.         0.         0.         0.         0.         0.
 0.         0.         0.         0.         0.         0.
 0.         0.         0.         0.         0.         0.
 0.         0.         0.         0.         0.         0.
 0.         0.         0.         0.         0.         0.
 0.         0.         0.         0.         0.         0.
 0.         0.        ]
Normalized importance:  [0.         1.         0.45171703 0.         0.60503425 0.15243895
 0.56142168 0.31780519 0.67686902 0.92797408 0.         0.
 0.         0.         0.         0.         0.         0.
 0.         0.         0.         0.         0.         0.
 0.         0.         0.         0.         0.         0.
 0.         0.         0.         0.         0.         0.
 0.         0.         0.         0.         0.         0.
 0.         0.         0.         0.         0.         0.
 0.         0.         0.         0.         0.         0.
 0.         0.         0.         0.         0.         0.
 0.         0.         0.         0.         0.         0.
 0.         0.         0.         0.         0.         0.
 0.         0.         0.         0.         0.         0.
 0.         0.         0.         0.         0.         0.
 0.         0.         0.         0.         0.         0.
 0.         0.         0.         0.         0.         0.
 0.         0.         0.         0.         0.         0.
 0.         0.         0.         0.         0.         0.
 0.         0.         0.         0.         0.         0.
 0.         0.         0.         0.         0.         0.
 0.         0.         0.         0.         0.         0.
 0.         0.         0.         0.         0.         0.
 0.         0.         0.         0.         0.         0.
 0.         0.         0.         0.         0.         0.
 0.         0.         0.         0.         0.         0.
 0.         0.         0.         0.         0.         0.
 0.         0.         0.         0.         0.         0.
 0.         0.         0.         0.         0.         0.
 0.         0.         0.         0.         0.         0.
 0.         0.         0.         0.         0.         0.
 0.         0.         0.         0.         0.         0.
 0.         0.         0.         0.02776776 0.03320134 0.
 0.         0.         0.         0.         0.         0.
 0.         0.        ]
deepbreaks
y_true:  [0. 1. 1. 0. 1. 0. 0. 0. 1. 1. 0. 0. 0. 0. 0. 0. 0. 0. 0. 0. 0. 0. 0. 0.
 0. 0. 0. 0. 0. 0. 0. 0. 0. 0. 0. 0. 0. 0. 0. 0. 0. 0. 0. 0. 0. 0. 0. 0.
 0. 0. 0. 0. 0. 0. 0. 0. 0. 0. 0. 0. 0. 0. 0. 0. 0. 0. 0. 0. 0. 0. 0. 0.
 0. 0. 0. 0. 0. 0. 0. 0. 0. 0. 0. 0. 0. 0. 0. 0. 0. 0. 0. 0. 0. 0. 0. 0.
 0. 0. 0. 0. 0. 0. 0. 0. 0. 0. 0. 0. 0. 0. 0. 0. 0. 0. 0. 0. 0. 0. 0. 0.
 0. 0. 0. 0. 0. 0. 0. 0. 0. 0. 0. 0. 0. 0. 0. 0. 0. 0. 0. 0. 0. 0. 0. 0.
 0. 0. 0. 0. 0. 0. 0. 0. 0. 0. 0. 0. 0. 0. 0. 0. 0. 0. 0. 0. 0. 0. 0. 0.
 0. 0. 0. 0. 0. 0. 0. 0. 0. 0. 0. 0. 0. 0. 0. 0. 0. 0. 0. 0. 0. 0. 0. 0.
 0. 0. 0. 0. 0. 0. 0. 0.]
y_pred:  [0. 1. 0. 0. 1. 0. 1. 0. 1. 1. 0. 0. 0. 0. 0. 0. 0. 0. 0. 0. 0. 0. 0. 0.
 0. 0. 0. 0. 0. 0. 0. 0. 0. 0. 0. 0. 0. 0. 0. 0. 0. 0. 0. 0. 0. 0. 0. 0.
 0. 0. 0. 0. 0. 0. 0. 0. 0. 0. 0. 0. 0. 0. 0. 0. 0. 0. 0. 0. 0. 0. 0. 0.
 0. 0. 0. 0. 0. 0. 0. 0. 0. 0. 0. 0. 0. 0. 0. 0. 0. 0. 0. 0. 0. 0. 0. 0.
 0. 0. 0. 0. 0. 0. 0. 0. 0. 0. 0. 0. 0. 0. 0. 0. 0. 0. 0. 0. 0. 0. 0. 0.
 0. 0. 0. 0. 0. 0. 0. 0. 0. 0. 0. 0. 0. 0. 0. 0. 0. 0. 0. 0. 0. 0. 0. 0.
 0. 0. 0. 0. 0. 0. 0. 0. 0. 0. 0. 0. 0. 0. 0. 0. 0. 0. 0. 0. 0. 0. 0. 0.
 0. 0. 0. 0. 0. 0. 0. 0. 0. 0. 0. 0. 0. 0. 0. 0. 0. 0. 0. 0. 0. 0. 0. 0.
 0. 0. 0. 0. 0. 0. 0. 0.]
Normalized importance:  [1.97854077e-01 1.00000000e+00 6.39484979e-01 1.84978541e-01
 7.76824034e-01 4.50643777e-01 7.55364807e-01 5.92274678e-01
 7.42489270e-01 9.78540773e-01 1.58369099e-01 5.79399142e-02
 1.69527897e-01 1.44635193e-02 9.48497854e-02 0.00000000e+00
 4.03004292e-02 8.79828326e-02 1.39055794e-02 3.96995708e-03
 1.35622318e-01 0.00000000e+00 1.52789700e-01 0.00000000e+00
 5.15021459e-02 5.62231760e-02 2.59656652e-02 5.96566524e-02
 5.66523605e-02 0.00000000e+00 0.00000000e+00 9.48497854e-03
 5.79399142e-02 2.03433476e-01 1.39484979e-01 0.00000000e+00
 5.49356223e-03 0.00000000e+00 5.06437768e-02 1.21888412e-01
 6.95278970e-02 1.17167382e-01 6.05150215e-02 1.27038627e-02
 1.53218884e-01 4.06866953e-02 0.00000000e+00 1.83261803e-02
 2.56652361e-02 0.00000000e+00 7.46781116e-02 1.15021459e-01
 1.91845494e-02 5.49356223e-02 5.92274678e-02 1.05150215e-01
 0.00000000e+00 4.80686695e-02 0.00000000e+00 7.21030043e-02
 1.04291845e-01 1.39055794e-01 2.17167382e-02 0.00000000e+00
 5.57939914e-02 9.31330472e-02 5.87982833e-02 2.50214592e-01
 0.00000000e+00 8.75536481e-02 1.26609442e-01 5.70815451e-02
 1.47639485e-01 7.72532189e-02 3.31759657e-02 8.45493562e-02
 1.63948498e-01 0.00000000e+00 1.07725322e-01 0.00000000e+00
 0.00000000e+00 0.00000000e+00 0.00000000e+00 0.00000000e+00
 3.18884120e-02 0.00000000e+00 1.24892704e-01 5.49356223e-02
 2.79828326e-02 0.00000000e+00 7.55364807e-02 1.63519313e-01
 1.12446352e-01 1.80686695e-02 4.17167382e-02 1.10729614e-01
 1.12017167e-01 0.00000000e+00 1.27038627e-01 1.75965665e-01
 1.56652361e-01 1.02575107e-01 1.87124464e-02 3.13733906e-02
 7.72532189e-02 0.00000000e+00 0.00000000e+00 0.00000000e+00
 2.11158798e-03 8.45493562e-04 0.00000000e+00 4.93562232e-02
 1.34334764e-01 0.00000000e+00 0.00000000e+00 1.78111588e-02
 2.66523605e-02 1.02145923e-01 0.00000000e+00 0.00000000e+00
 7.72532189e-02 0.00000000e+00 4.72103004e-02 0.00000000e+00
 0.00000000e+00 4.50643777e-02 1.45493562e-01 0.00000000e+00
 1.34334764e-01 0.00000000e+00 4.29184549e-02 5.27896996e-02
 8.36909871e-02 0.00000000e+00 8.58369099e-02 0.00000000e+00
 6.86695279e-02 6.52360515e-02 5.02145923e-02 1.02145923e-01
 8.49785408e-03 9.18454936e-02 6.26609442e-02 1.42489270e-02
 0.00000000e+00 0.00000000e+00 0.00000000e+00 4.76394850e-02
 4.84978541e-02 3.73819742e-02 0.00000000e+00 1.75536481e-01
 0.00000000e+00 5.92274678e-03 1.07296137e-01 0.00000000e+00
 1.12017167e-01 2.83690987e-02 6.05150215e-02 0.00000000e+00
 1.31330472e-01 3.69957082e-02 5.32188841e-02 0.00000000e+00
 4.37768240e-02 1.96566524e-02 0.00000000e+00 2.19742489e-01
 2.75965665e-02 4.23605150e-02 5.32188841e-02 0.00000000e+00
 1.48927039e-02 0.00000000e+00 1.37768240e-02 0.00000000e+00
 0.00000000e+00 3.56223176e-02 5.32188841e-02 1.24034335e-02
 0.00000000e+00 0.00000000e+00 3.63090129e-02 0.00000000e+00
 1.96137339e-02 2.69527897e-02 4.46351931e-02 8.96995708e-02
 5.27896996e-02 1.83261803e-01 1.29613734e-01 9.78540773e-02
 1.28755365e-01 3.77682403e-02 5.32188841e-02 1.53648069e-01
 1.92703863e-02 9.57081545e-02 0.00000000e+00 0.00000000e+00]
pyseer
y_true:  [0. 1. 1. 0. 1. 0. 0. 0. 1. 1. 0. 0. 0. 0. 0. 0. 0. 0. 0. 0. 0. 0. 0. 0.
 0. 0. 0. 0. 0. 0. 0. 0. 0. 0. 0. 0. 0. 0. 0. 0. 0. 0. 0. 0. 0. 0. 0. 0.
 0. 0. 0. 0. 0. 0. 0. 0. 0. 0. 0. 0. 0. 0. 0. 0. 0. 0. 0. 0. 0. 0. 0. 0.
 0. 0. 0. 0. 0. 0. 0. 0. 0. 0. 0. 0. 0. 0. 0. 0. 0. 0. 0. 0. 0. 0. 0. 0.
 0. 0. 0. 0. 0. 0. 0. 0. 0. 0. 0. 0. 0. 0. 0. 0. 0. 0. 0. 0. 0. 0. 0. 0.
 0. 0. 0. 0. 0. 0. 0. 0. 0. 0. 0. 0. 0. 0. 0. 0. 0. 0. 0. 0. 0. 0. 0. 0.
 0. 0. 0. 0. 0. 0. 0. 0. 0. 0. 0. 0. 0. 0. 0. 0. 0. 0. 0. 0. 0. 0. 0. 0.
 0. 0. 0. 0. 0. 0. 0. 0. 0. 0. 0. 0. 0. 0. 0. 0. 0. 0. 0. 0. 0. 0. 0. 0.
 0. 0. 0. 0. 0. 0. 0. 0.]
y_pred:  [1. 1. 1. 1. 1. 1. 1. 1. 1. 1. 1. 0. 1. 0. 1. 0. 0. 1. 0. 0. 1. 0. 1. 0.
 0. 0. 0. 0. 0. 0. 0. 0. 0. 1. 1. 0. 0. 0. 0. 1. 1. 1. 1. 0. 1. 0. 0. 0.
 0. 0. 1. 1. 0. 0. 0. 1. 0. 0. 0. 1. 1. 1. 0. 0. 0. 1. 0. 1. 0. 1. 1. 0.
 1. 1. 0. 1. 1. 0. 1. 0. 0. 0. 0. 0. 0. 0. 1. 0. 0. 0. 1. 1. 1. 0. 0. 1.
 1. 0. 1. 1. 1. 1. 0. 0. 1. 0. 0. 0. 0. 0. 0. 0. 1. 0. 0. 0. 0. 1. 0. 0.
 1. 0. 0. 0. 0. 0. 1. 0. 1. 0. 0. 0. 1. 0. 1. 0. 1. 1. 0. 1. 0. 1. 1. 0.
 0. 0. 0. 0. 0. 0. 0. 1. 0. 0. 1. 0. 1. 0. 1. 0. 1. 0. 0. 0. 0. 0. 0. 1.
 0. 0. 0. 0. 0. 0. 0. 0. 0. 0. 0. 0. 0. 0. 0. 0. 0. 0. 0. 1. 0. 1. 1. 1.
 1. 0. 0. 1. 0. 1. 0. 0.]
Time taken: 20.837267637252808 seconds
Running combination 8 of 50
Fitting RandomForest...
Fitting Adaboost...
Fitting AdaBoost_2...
Fitting et...
Fitting gbc...
Fitting gbc_2...
Fitting gbc_3...
Fitting dt...
Fitting lr...
Fitting Lasso_1...
Fitting Lasso_2...
Fitting Lasso_3...
Fitting Lasso_4...
Fitting elasticnet...
VCF file created successfully.
pyseer stderr:  Read 1000 phenotypes
Detected continuous phenotype
Reading all variants

0variants [00:00, ?variants/s]
55variants [00:00, 540.18variants/s]
110variants [00:00, 474.15variants/s]
165variants [00:00, 503.67variants/s]
198variants [00:00, 508.69variants/s]
Applying correlation filtering

  0%|          | 0/198 [00:00<?, ?variants/s]
100%|██████████| 198/198 [00:00<00:00, 2722.42variants/s]
Fitting elastic net to top 148 variants
Best penalty (lambda) from cross-validation: 8.23E+00
Best R^2 from cross-validation: 0.569
Finding and printing selected variants
198 loaded variants
50 pre-filtered variants
148 tested variants
143 printed variants

True importance standardized:  [0.53546333 0.18116561 0.93786067 0.71593596 0.19802421 0.9966432
 0.48661322 0.9567938  1.         0.19734829 0.         0.
 0.         0.         0.         0.         0.         0.
 0.         0.         0.         0.         0.         0.
 0.         0.         0.         0.         0.         0.
 0.         0.         0.         0.         0.         0.
 0.         0.         0.         0.         0.         0.
 0.         0.         0.         0.         0.         0.
 0.         0.         0.         0.         0.         0.
 0.         0.         0.         0.         0.         0.
 0.         0.         0.         0.         0.         0.
 0.         0.         0.         0.         0.         0.
 0.         0.         0.         0.         0.         0.
 0.         0.         0.         0.         0.         0.
 0.         0.         0.         0.         0.         0.
 0.         0.         0.         0.         0.         0.
 0.         0.         0.         0.         0.         0.
 0.         0.         0.         0.         0.         0.
 0.         0.         0.         0.         0.         0.
 0.         0.         0.         0.         0.         0.
 0.         0.         0.         0.         0.         0.
 0.         0.         0.         0.         0.         0.
 0.         0.         0.         0.         0.         0.
 0.         0.         0.         0.         0.         0.
 0.         0.         0.         0.         0.         0.
 0.         0.         0.         0.         0.         0.
 0.         0.         0.         0.         0.         0.
 0.         0.         0.         0.         0.         0.
 0.         0.         0.         0.         0.         0.
 0.         0.         0.         0.         0.         0.
 0.         0.         0.         0.         0.         0.
 0.         0.         0.         0.         0.         0.
 0.         0.         0.         0.         0.         0.
 0.         0.        ]
Normalized importance:  [0.13726247 0.         1.         0.46231178 0.05054541 0.92922002
 0.15491528 0.99930389 0.74064169 0.         0.         0.
 0.         0.         0.         0.         0.         0.
 0.         0.         0.         0.         0.         0.
 0.         0.         0.         0.         0.         0.
 0.         0.         0.         0.         0.         0.0133894
 0.         0.         0.         0.         0.         0.
 0.         0.         0.         0.         0.         0.
 0.         0.         0.         0.         0.         0.
 0.         0.         0.         0.         0.         0.
 0.         0.         0.         0.05688    0.         0.
 0.         0.         0.         0.         0.         0.
 0.         0.         0.         0.         0.         0.
 0.         0.         0.         0.         0.         0.
 0.         0.         0.         0.         0.         0.
 0.         0.         0.         0.         0.         0.
 0.         0.         0.         0.         0.         0.
 0.         0.         0.         0.         0.         0.
 0.         0.         0.         0.         0.         0.
 0.         0.         0.         0.         0.         0.
 0.         0.         0.         0.         0.         0.
 0.         0.         0.         0.         0.         0.
 0.         0.         0.         0.         0.         0.
 0.         0.         0.         0.         0.         0.
 0.         0.         0.         0.         0.         0.
 0.         0.         0.         0.         0.         0.
 0.         0.         0.         0.         0.         0.
 0.         0.         0.         0.         0.         0.
 0.         0.         0.         0.         0.         0.
 0.         0.         0.         0.         0.         0.
 0.         0.         0.         0.         0.         0.
 0.         0.         0.         0.         0.         0.
 0.         0.         0.         0.         0.         0.
 0.         0.        ]
deepbreaks
y_true:  [0. 0. 1. 1. 0. 1. 0. 1. 1. 0. 0. 0. 0. 0. 0. 0. 0. 0. 0. 0. 0. 0. 0. 0.
 0. 0. 0. 0. 0. 0. 0. 0. 0. 0. 0. 0. 0. 0. 0. 0. 0. 0. 0. 0. 0. 0. 0. 0.
 0. 0. 0. 0. 0. 0. 0. 0. 0. 0. 0. 0. 0. 0. 0. 0. 0. 0. 0. 0. 0. 0. 0. 0.
 0. 0. 0. 0. 0. 0. 0. 0. 0. 0. 0. 0. 0. 0. 0. 0. 0. 0. 0. 0. 0. 0. 0. 0.
 0. 0. 0. 0. 0. 0. 0. 0. 0. 0. 0. 0. 0. 0. 0. 0. 0. 0. 0. 0. 0. 0. 0. 0.
 0. 0. 0. 0. 0. 0. 0. 0. 0. 0. 0. 0. 0. 0. 0. 0. 0. 0. 0. 0. 0. 0. 0. 0.
 0. 0. 0. 0. 0. 0. 0. 0. 0. 0. 0. 0. 0. 0. 0. 0. 0. 0. 0. 0. 0. 0. 0. 0.
 0. 0. 0. 0. 0. 0. 0. 0. 0. 0. 0. 0. 0. 0. 0. 0. 0. 0. 0. 0. 0. 0. 0. 0.
 0. 0. 0. 0. 0. 0. 0. 0.]
y_pred:  [0. 0. 1. 1. 0. 1. 0. 1. 1. 0. 0. 0. 0. 0. 0. 0. 0. 0. 0. 0. 0. 0. 0. 0.
 0. 0. 0. 0. 0. 0. 0. 0. 0. 0. 0. 0. 0. 0. 0. 0. 0. 0. 0. 0. 0. 0. 0. 0.
 0. 0. 0. 0. 0. 0. 0. 0. 0. 0. 0. 0. 0. 0. 0. 0. 0. 0. 0. 0. 0. 0. 0. 0.
 0. 0. 0. 0. 0. 0. 0. 0. 0. 0. 0. 0. 0. 0. 0. 0. 0. 0. 0. 0. 0. 0. 0. 0.
 0. 0. 0. 0. 0. 0. 0. 0. 0. 0. 0. 0. 0. 0. 0. 0. 0. 0. 0. 0. 0. 0. 0. 0.
 0. 0. 0. 0. 0. 0. 0. 0. 0. 0. 0. 0. 0. 0. 0. 0. 0. 0. 0. 0. 0. 0. 0. 0.
 0. 0. 0. 0. 0. 0. 0. 0. 0. 0. 0. 0. 0. 0. 0. 0. 0. 0. 0. 0. 0. 0. 0. 0.
 0. 0. 0. 0. 0. 0. 0. 0. 0. 0. 0. 0. 0. 0. 0. 0. 0. 0. 0. 0. 0. 0. 0. 0.
 0. 0. 0. 0. 0. 0. 0. 0.]
Normalized importance:  [4.57564576e-01 1.14022140e-01 9.26199262e-01 8.33948339e-01
 2.53874539e-01 9.85239852e-01 4.24354244e-01 1.00000000e+00
 9.55719557e-01 2.04059041e-01 0.00000000e+00 4.53874539e-02
 7.49077491e-03 0.00000000e+00 4.16974170e-02 0.00000000e+00
 0.00000000e+00 1.74907749e-02 1.44649446e-01 9.88929889e-02
 8.11808118e-02 2.87453875e-02 0.00000000e+00 1.40221402e-01
 0.00000000e+00 1.06273063e-01 4.39114391e-02 1.01845018e-01
 0.00000000e+00 2.31365314e-02 5.42435424e-03 1.96309963e-03
 6.23616236e-02 0.00000000e+00 0.00000000e+00 1.39114391e-01
 1.07380074e-01 1.06273063e-02 9.66789668e-02 4.68634686e-02
 7.19557196e-02 1.17343173e-02 0.00000000e+00 0.00000000e+00
 0.00000000e+00 3.72693727e-02 0.00000000e+00 0.00000000e+00
 2.26199262e-02 7.38007380e-02 5.53505535e-02 2.42804428e-02
 1.21033210e-02 0.00000000e+00 4.53874539e-02 2.72693727e-02
 2.92619926e-02 0.00000000e+00 1.15867159e-01 8.00738007e-02
 0.00000000e+00 3.72693727e-02 5.20295203e-02 1.80811808e-01
 5.75645756e-02 1.08118081e-01 5.60885609e-03 5.42435424e-02
 2.32841328e-02 8.45018450e-02 0.00000000e+00 2.85977860e-02
 0.00000000e+00 1.03321033e-01 1.34686347e-02 3.14760148e-02
 3.62730627e-02 2.34686347e-02 1.02952030e-02 7.63837638e-02
 0.00000000e+00 3.91143911e-02 7.12177122e-02 6.34686347e-02
 5.16605166e-02 5.46125461e-02 0.00000000e+00 0.00000000e+00
 2.65682657e-02 5.16605166e-02 3.08856089e-02 0.00000000e+00
 0.00000000e+00 0.00000000e+00 1.53874539e-02 1.76383764e-02
 0.00000000e+00 8.56088561e-02 1.19926199e-01 1.96678967e-01
 0.00000000e+00 4.09594096e-02 9.22509225e-02 8.67158672e-02
 1.03321033e-02 2.42435424e-02 7.38007380e-02 6.71586716e-02
 8.22878229e-02 0.00000000e+00 0.00000000e+00 3.14391144e-02
 8.92988930e-03 0.00000000e+00 0.00000000e+00 1.35424354e-01
 6.01476015e-02 0.00000000e+00 9.04059041e-03 8.70848708e-02
 1.64944649e-02 1.26199262e-01 4.98154982e-02 0.00000000e+00
 0.00000000e+00 0.00000000e+00 3.83763838e-02 7.67527675e-02
 0.00000000e+00 5.20295203e-02 3.83763838e-02 1.56457565e-01
 0.00000000e+00 0.00000000e+00 0.00000000e+00 6.38376384e-02
 0.00000000e+00 0.00000000e+00 0.00000000e+00 6.01476015e-02
 7.04797048e-02 5.27675277e-02 4.68634686e-02 0.00000000e+00
 4.05904059e-02 9.18819188e-02 1.19188192e-04 1.24723247e-01
 0.00000000e+00 1.03690037e-01 1.03690037e-02 5.16605166e-02
 0.00000000e+00 6.60516605e-02 6.38376384e-02 0.00000000e+00
 1.41328413e-01 4.02214022e-02 9.96309963e-02 1.57564576e-01
 1.13653137e-01 7.45387454e-03 1.14022140e-01 0.00000000e+00
 0.00000000e+00 1.12546125e-01 9.92619926e-02 4.09594096e-02
 1.49077491e-02 0.00000000e+00 4.83394834e-03 4.09594096e-02
 5.68265683e-02 0.00000000e+00 0.00000000e+00 3.76383764e-02
 7.56457565e-02 0.00000000e+00 3.98523985e-03 0.00000000e+00
 1.38376384e-01 1.26937269e-02 0.00000000e+00 6.27306273e-02
 2.03321033e-02 5.01845018e-02 4.57564576e-02 7.34317343e-02
 0.00000000e+00 1.11439114e-01 3.51291513e-02 6.12546125e-02
 4.16974170e-02 8.37638376e-02 8.04428044e-02 1.22140221e-01
 7.85977860e-02 2.20664207e-03 0.00000000e+00 0.00000000e+00]
pyseer
y_true:  [0. 0. 1. 1. 0. 1. 0. 1. 1. 0. 0. 0. 0. 0. 0. 0. 0. 0. 0. 0. 0. 0. 0. 0.
 0. 0. 0. 0. 0. 0. 0. 0. 0. 0. 0. 0. 0. 0. 0. 0. 0. 0. 0. 0. 0. 0. 0. 0.
 0. 0. 0. 0. 0. 0. 0. 0. 0. 0. 0. 0. 0. 0. 0. 0. 0. 0. 0. 0. 0. 0. 0. 0.
 0. 0. 0. 0. 0. 0. 0. 0. 0. 0. 0. 0. 0. 0. 0. 0. 0. 0. 0. 0. 0. 0. 0. 0.
 0. 0. 0. 0. 0. 0. 0. 0. 0. 0. 0. 0. 0. 0. 0. 0. 0. 0. 0. 0. 0. 0. 0. 0.
 0. 0. 0. 0. 0. 0. 0. 0. 0. 0. 0. 0. 0. 0. 0. 0. 0. 0. 0. 0. 0. 0. 0. 0.
 0. 0. 0. 0. 0. 0. 0. 0. 0. 0. 0. 0. 0. 0. 0. 0. 0. 0. 0. 0. 0. 0. 0. 0.
 0. 0. 0. 0. 0. 0. 0. 0. 0. 0. 0. 0. 0. 0. 0. 0. 0. 0. 0. 0. 0. 0. 0. 0.
 0. 0. 0. 0. 0. 0. 0. 0.]
y_pred:  [1. 1. 1. 1. 1. 1. 1. 1. 1. 1. 0. 0. 0. 0. 0. 0. 0. 0. 1. 1. 1. 0. 0. 1.
 0. 1. 0. 1. 0. 0. 0. 0. 1. 0. 0. 1. 1. 0. 1. 0. 1. 0. 0. 0. 0. 0. 0. 0.
 0. 1. 0. 0. 0. 0. 0. 0. 0. 0. 1. 1. 0. 0. 0. 1. 1. 1. 0. 0. 0. 1. 0. 0.
 0. 1. 0. 0. 0. 0. 0. 1. 0. 0. 1. 1. 0. 0. 0. 0. 0. 0. 0. 0. 0. 0. 0. 0.
 0. 1. 1. 1. 0. 0. 1. 1. 0. 0. 1. 1. 1. 0. 0. 0. 0. 0. 0. 1. 1. 0. 0. 1.
 0. 1. 0. 0. 0. 0. 0. 1. 0. 0. 0. 1. 0. 0. 0. 1. 0. 0. 0. 1. 1. 0. 0. 0.
 0. 1. 0. 1. 0. 1. 0. 0. 0. 1. 1. 0. 1. 0. 1. 1. 1. 0. 1. 0. 0. 1. 1. 0.
 0. 0. 0. 0. 1. 0. 0. 0. 1. 0. 0. 0. 1. 0. 0. 1. 0. 0. 0. 1. 0. 1. 0. 1.
 0. 1. 1. 1. 1. 0. 0. 0.]
Time taken: 21.64322853088379 seconds
Running combination 9 of 50
Fitting RandomForest...
Fitting Adaboost...
Fitting AdaBoost_2...
Fitting et...
Fitting gbc...
Fitting gbc_2...
Fitting gbc_3...
Fitting dt...
Fitting lr...
Fitting Lasso_1...
Fitting Lasso_2...
Fitting Lasso_3...
Fitting Lasso_4...
Fitting elasticnet...
VCF file created successfully.
pyseer stderr:  Read 1000 phenotypes
Detected continuous phenotype
Reading all variants

0variants [00:00, ?variants/s]
55variants [00:00, 542.43variants/s]
110variants [00:00, 483.64variants/s]
166variants [00:00, 514.57variants/s]
198variants [00:00, 519.00variants/s]
Applying correlation filtering

  0%|          | 0/198 [00:00<?, ?variants/s]
100%|██████████| 198/198 [00:00<00:00, 2533.16variants/s]
Fitting elastic net to top 148 variants
Best penalty (lambda) from cross-validation: 1.59E+01
Best R^2 from cross-validation: 0.544
Finding and printing selected variants
198 loaded variants
50 pre-filtered variants
148 tested variants
143 printed variants

True importance standardized:  [0.38885793 0.91259781 1.         0.15898051 0.77355827 0.83062336
 0.59041257 0.92963047 0.29859741 0.54338319 0.         0.
 0.         0.         0.         0.         0.         0.
 0.         0.         0.         0.         0.         0.
 0.         0.         0.         0.         0.         0.
 0.         0.         0.         0.         0.         0.
 0.         0.         0.         0.         0.         0.
 0.         0.         0.         0.         0.         0.
 0.         0.         0.         0.         0.         0.
 0.         0.         0.         0.         0.         0.
 0.         0.         0.         0.         0.         0.
 0.         0.         0.         0.         0.         0.
 0.         0.         0.         0.         0.         0.
 0.         0.         0.         0.         0.         0.
 0.         0.         0.         0.         0.         0.
 0.         0.         0.         0.         0.         0.
 0.         0.         0.         0.         0.         0.
 0.         0.         0.         0.         0.         0.
 0.         0.         0.         0.         0.         0.
 0.         0.         0.         0.         0.         0.
 0.         0.         0.         0.         0.         0.
 0.         0.         0.         0.         0.         0.
 0.         0.         0.         0.         0.         0.
 0.         0.         0.         0.         0.         0.
 0.         0.         0.         0.         0.         0.
 0.         0.         0.         0.         0.         0.
 0.         0.         0.         0.         0.         0.
 0.         0.         0.         0.         0.         0.
 0.         0.         0.         0.         0.         0.
 0.         0.         0.         0.         0.         0.
 0.         0.         0.         0.         0.         0.
 0.         0.         0.         0.         0.         0.
 0.         0.         0.         0.         0.         0.
 0.         0.        ]
Normalized importance:  [0.4319113  0.65429768 1.         0.0270912  0.41823284 0.51112133
 0.27469594 0.90826667 0.15400974 0.22988747 0.         0.
 0.         0.         0.         0.         0.         0.
 0.         0.         0.         0.         0.         0.
 0.         0.         0.         0.         0.         0.
 0.         0.         0.         0.         0.         0.
 0.         0.         0.         0.         0.         0.
 0.         0.         0.         0.         0.         0.
 0.         0.         0.         0.         0.         0.
 0.         0.         0.         0.         0.         0.
 0.         0.         0.         0.         0.         0.
 0.         0.         0.         0.         0.         0.
 0.         0.         0.         0.         0.         0.
 0.         0.         0.         0.         0.         0.
 0.         0.         0.         0.         0.         0.
 0.         0.         0.         0.         0.         0.
 0.         0.         0.         0.         0.         0.
 0.         0.         0.         0.         0.         0.
 0.         0.         0.         0.         0.         0.
 0.         0.         0.         0.         0.         0.
 0.         0.         0.         0.         0.         0.
 0.         0.         0.         0.         0.         0.
 0.         0.         0.         0.         0.         0.
 0.         0.         0.         0.         0.         0.
 0.         0.         0.         0.         0.         0.
 0.         0.         0.         0.         0.         0.
 0.         0.         0.         0.         0.         0.
 0.         0.         0.         0.         0.         0.
 0.         0.         0.         0.         0.         0.
 0.         0.         0.         0.         0.         0.
 0.         0.         0.         0.         0.         0.
 0.         0.         0.         0.         0.         0.
 0.         0.         0.         0.         0.         0.
 0.         0.        ]
deepbreaks
y_true:  [0. 1. 1. 0. 1. 1. 0. 1. 0. 0. 0. 0. 0. 0. 0. 0. 0. 0. 0. 0. 0. 0. 0. 0.
 0. 0. 0. 0. 0. 0. 0. 0. 0. 0. 0. 0. 0. 0. 0. 0. 0. 0. 0. 0. 0. 0. 0. 0.
 0. 0. 0. 0. 0. 0. 0. 0. 0. 0. 0. 0. 0. 0. 0. 0. 0. 0. 0. 0. 0. 0. 0. 0.
 0. 0. 0. 0. 0. 0. 0. 0. 0. 0. 0. 0. 0. 0. 0. 0. 0. 0. 0. 0. 0. 0. 0. 0.
 0. 0. 0. 0. 0. 0. 0. 0. 0. 0. 0. 0. 0. 0. 0. 0. 0. 0. 0. 0. 0. 0. 0. 0.
 0. 0. 0. 0. 0. 0. 0. 0. 0. 0. 0. 0. 0. 0. 0. 0. 0. 0. 0. 0. 0. 0. 0. 0.
 0. 0. 0. 0. 0. 0. 0. 0. 0. 0. 0. 0. 0. 0. 0. 0. 0. 0. 0. 0. 0. 0. 0. 0.
 0. 0. 0. 0. 0. 0. 0. 0. 0. 0. 0. 0. 0. 0. 0. 0. 0. 0. 0. 0. 0. 0. 0. 0.
 0. 0. 0. 0. 0. 0. 0. 0.]
y_pred:  [1. 1. 1. 0. 0. 1. 0. 1. 0. 0. 0. 0. 0. 0. 0. 0. 0. 0. 0. 0. 0. 0. 0. 0.
 0. 0. 0. 0. 0. 0. 0. 0. 0. 0. 0. 0. 0. 0. 0. 0. 0. 0. 0. 0. 0. 0. 0. 0.
 0. 0. 0. 0. 0. 0. 0. 0. 0. 0. 0. 0. 0. 0. 0. 0. 0. 0. 0. 0. 0. 0. 0. 0.
 0. 0. 0. 0. 0. 0. 0. 0. 0. 0. 0. 0. 0. 0. 0. 0. 0. 0. 0. 0. 0. 0. 0. 0.
 0. 0. 0. 0. 0. 0. 0. 0. 0. 0. 0. 0. 0. 0. 0. 0. 0. 0. 0. 0. 0. 0. 0. 0.
 0. 0. 0. 0. 0. 0. 0. 0. 0. 0. 0. 0. 0. 0. 0. 0. 0. 0. 0. 0. 0. 0. 0. 0.
 0. 0. 0. 0. 0. 0. 0. 0. 0. 0. 0. 0. 0. 0. 0. 0. 0. 0. 0. 0. 0. 0. 0. 0.
 0. 0. 0. 0. 0. 0. 0. 0. 0. 0. 0. 0. 0. 0. 0. 0. 0. 0. 0. 0. 0. 0. 0. 0.
 0. 0. 0. 0. 0. 0. 0. 0.]
Normalized importance:  [6.35014837e-01 8.72403561e-01 1.00000000e+00 2.05934718e-01
 7.29970326e-01 8.21958457e-01 6.14243323e-01 9.40652819e-01
 3.91691395e-01 5.28189911e-01 4.54005935e-02 0.00000000e+00
 1.11572700e-01 9.28783383e-02 2.49258160e-02 4.92581602e-02
 9.73293769e-02 1.12759644e-01 4.48071217e-02 1.21068249e-02
 4.71810089e-02 1.81305638e-01 1.77744807e-01 2.07715134e-02
 9.76261128e-02 2.04154303e-02 8.93175074e-02 5.01483680e-03
 0.00000000e+00 1.26112760e-01 0.00000000e+00 1.66765579e-01
 2.07418398e-01 8.90207715e-02 0.00000000e+00 7.32937685e-02
 1.08308605e-01 0.00000000e+00 5.48961424e-02 3.88724036e-02
 1.20178042e-01 6.37982196e-02 3.14540059e-02 2.73887240e-03
 0.00000000e+00 0.00000000e+00 0.00000000e+00 7.89317507e-02
 9.76261128e-02 0.00000000e+00 6.61721068e-02 1.46884273e-02
 0.00000000e+00 4.80712166e-02 4.56973294e-02 4.09495549e-02
 3.97626113e-02 1.00296736e-02 1.12462908e-01 0.00000000e+00
 7.89317507e-03 0.00000000e+00 0.00000000e+00 0.00000000e+00
 0.00000000e+00 0.00000000e+00 1.00890208e-01 1.08902077e-02
 0.00000000e+00 6.37982196e-03 6.52818991e-02 0.00000000e+00
 0.00000000e+00 2.79525223e-02 7.71513353e-02 2.96735905e-02
 7.59643917e-02 2.75667656e-02 4.42136499e-02 1.29673591e-01
 7.18100890e-02 1.40949555e-01 0.00000000e+00 2.09198813e-02
 4.39169139e-02 1.01780415e-01 1.81008902e-01 0.00000000e+00
 6.23145401e-02 0.00000000e+00 5.07418398e-02 1.29970326e-01
 1.88130564e-01 0.00000000e+00 9.67359050e-02 2.87833828e-02
 1.22255193e-02 1.48664688e-01 0.00000000e+00 3.14540059e-02
 1.76557864e-02 4.24332344e-02 0.00000000e+00 9.85163205e-03
 1.11572700e-01 1.47181009e-01 0.00000000e+00 0.00000000e+00
 0.00000000e+00 8.93175074e-02 1.41246291e-01 0.00000000e+00
 0.00000000e+00 1.10682493e-01 1.39762611e-01 0.00000000e+00
 9.55489614e-02 0.00000000e+00 1.23738872e-01 0.00000000e+00
 6.58753709e-02 4.77744807e-02 0.00000000e+00 3.59050445e-02
 0.00000000e+00 0.00000000e+00 0.00000000e+00 6.08308605e-02
 1.57566766e-01 0.00000000e+00 1.50741840e-01 1.92878338e-01
 4.30267062e-02 1.35905045e-01 4.27299703e-02 8.24925816e-02
 5.48961424e-02 4.21364985e-02 1.27002967e-01 3.38278932e-02
 1.75074184e-02 1.02967359e-01 3.56083086e-02 2.96735905e-03
 7.12166172e-02 2.99703264e-02 0.00000000e+00 2.42729970e-05
 0.00000000e+00 8.18991098e-02 0.00000000e+00 2.47181009e-01
 1.85459941e-02 7.18100890e-02 2.13946588e-03 8.72403561e-02
 1.81008902e-01 0.00000000e+00 3.14540059e-02 1.66765579e-01
 6.64688427e-02 2.64391691e-02 7.68545994e-02 0.00000000e+00
 1.45400593e-01 1.02373887e-02 2.37982196e-02 7.00296736e-02
 0.00000000e+00 8.72403561e-02 9.79228487e-02 9.25816024e-02
 1.41543027e-01 9.79228487e-03 8.69436202e-02 3.94658754e-02
 0.00000000e+00 0.00000000e+00 0.00000000e+00 2.56083086e-01
 3.82789318e-02 0.00000000e+00 0.00000000e+00 8.13056380e-02
 1.19584570e-01 0.00000000e+00 6.37982196e-02 6.35014837e-02
 0.00000000e+00 0.00000000e+00 0.00000000e+00 6.02373887e-02
 7.74480712e-02 1.03560831e-01 0.00000000e+00 1.11869436e-01
 1.66765579e-02 0.00000000e+00 0.00000000e+00 0.00000000e+00]
pyseer
y_true:  [0. 1. 1. 0. 1. 1. 0. 1. 0. 0. 0. 0. 0. 0. 0. 0. 0. 0. 0. 0. 0. 0. 0. 0.
 0. 0. 0. 0. 0. 0. 0. 0. 0. 0. 0. 0. 0. 0. 0. 0. 0. 0. 0. 0. 0. 0. 0. 0.
 0. 0. 0. 0. 0. 0. 0. 0. 0. 0. 0. 0. 0. 0. 0. 0. 0. 0. 0. 0. 0. 0. 0. 0.
 0. 0. 0. 0. 0. 0. 0. 0. 0. 0. 0. 0. 0. 0. 0. 0. 0. 0. 0. 0. 0. 0. 0. 0.
 0. 0. 0. 0. 0. 0. 0. 0. 0. 0. 0. 0. 0. 0. 0. 0. 0. 0. 0. 0. 0. 0. 0. 0.
 0. 0. 0. 0. 0. 0. 0. 0. 0. 0. 0. 0. 0. 0. 0. 0. 0. 0. 0. 0. 0. 0. 0. 0.
 0. 0. 0. 0. 0. 0. 0. 0. 0. 0. 0. 0. 0. 0. 0. 0. 0. 0. 0. 0. 0. 0. 0. 0.
 0. 0. 0. 0. 0. 0. 0. 0. 0. 0. 0. 0. 0. 0. 0. 0. 0. 0. 0. 0. 0. 0. 0. 0.
 0. 0. 0. 0. 0. 0. 0. 0.]
y_pred:  [1. 1. 1. 1. 1. 1. 1. 1. 1. 1. 0. 0. 1. 1. 0. 0. 1. 1. 0. 0. 0. 1. 1. 0.
 1. 0. 1. 0. 0. 1. 0. 1. 1. 1. 0. 1. 1. 0. 0. 0. 1. 0. 0. 0. 0. 0. 0. 1.
 1. 0. 0. 0. 0. 0. 0. 0. 0. 0. 1. 0. 0. 0. 0. 0. 0. 0. 1. 0. 0. 0. 0. 0.
 0. 0. 1. 0. 1. 0. 0. 1. 0. 1. 0. 0. 0. 1. 1. 0. 0. 0. 0. 1. 1. 0. 1. 0.
 0. 1. 0. 0. 0. 0. 0. 0. 1. 1. 0. 0. 0. 1. 1. 0. 0. 1. 1. 0. 1. 0. 1. 0.
 0. 0. 0. 0. 0. 0. 0. 0. 1. 0. 1. 1. 0. 1. 0. 1. 0. 0. 1. 0. 0. 1. 0. 0.
 0. 0. 0. 0. 0. 1. 0. 1. 0. 0. 0. 1. 1. 0. 0. 1. 0. 0. 1. 0. 1. 0. 0. 0.
 0. 1. 1. 1. 1. 0. 1. 0. 0. 0. 0. 1. 0. 0. 0. 1. 1. 0. 0. 0. 0. 0. 0. 0.
 1. 1. 0. 1. 0. 0. 0. 0.]
Time taken: 22.924278497695923 seconds
Running combination 10 of 50
Fitting RandomForest...
Fitting Adaboost...
Fitting AdaBoost_2...
Fitting et...
Fitting gbc...
Fitting gbc_2...
Fitting gbc_3...
Fitting dt...
Fitting lr...
Fitting Lasso_1...
Fitting Lasso_2...
Fitting Lasso_3...
Fitting Lasso_4...
Fitting elasticnet...
VCF file created successfully.
pyseer stderr:  Read 1000 phenotypes
Detected continuous phenotype
Reading all variants

0variants [00:00, ?variants/s]
56variants [00:00, 558.05variants/s]
112variants [00:00, 490.22variants/s]
168variants [00:00, 518.32variants/s]
198variants [00:00, 475.03variants/s]
Applying correlation filtering

  0%|          | 0/198 [00:00<?, ?variants/s]
100%|██████████| 198/198 [00:00<00:00, 2649.78variants/s]
Fitting elastic net to top 148 variants
Best penalty (lambda) from cross-validation: 1.46E+01
Best R^2 from cross-validation: 0.521
Finding and printing selected variants
198 loaded variants
50 pre-filtered variants
148 tested variants
146 printed variants

True importance standardized:  [0.48128709 0.68793658 0.46217496 0.1563871  0.91081415 0.25733947
 0.80445087 0.92516764 0.71008435 1.         0.         0.
 0.         0.         0.         0.         0.         0.
 0.         0.         0.         0.         0.         0.
 0.         0.         0.         0.         0.         0.
 0.         0.         0.         0.         0.         0.
 0.         0.         0.         0.         0.         0.
 0.         0.         0.         0.         0.         0.
 0.         0.         0.         0.         0.         0.
 0.         0.         0.         0.         0.         0.
 0.         0.         0.         0.         0.         0.
 0.         0.         0.         0.         0.         0.
 0.         0.         0.         0.         0.         0.
 0.         0.         0.         0.         0.         0.
 0.         0.         0.         0.         0.         0.
 0.         0.         0.         0.         0.         0.
 0.         0.         0.         0.         0.         0.
 0.         0.         0.         0.         0.         0.
 0.         0.         0.         0.         0.         0.
 0.         0.         0.         0.         0.         0.
 0.         0.         0.         0.         0.         0.
 0.         0.         0.         0.         0.         0.
 0.         0.         0.         0.         0.         0.
 0.         0.         0.         0.         0.         0.
 0.         0.         0.         0.         0.         0.
 0.         0.         0.         0.         0.         0.
 0.         0.         0.         0.         0.         0.
 0.         0.         0.         0.         0.         0.
 0.         0.         0.         0.         0.         0.
 0.         0.         0.         0.         0.         0.
 0.         0.         0.         0.         0.         0.
 0.         0.         0.         0.         0.         0.
 0.         0.         0.         0.         0.         0.
 0.         0.        ]
Normalized importance:  [0.09682905 0.59084855 0.14687342 0.         0.62907049 0.07469205
 0.37343638 1.         0.72319147 0.99880671 0.         0.
 0.         0.         0.         0.         0.         0.
 0.         0.         0.         0.         0.         0.
 0.         0.         0.         0.         0.         0.
 0.         0.         0.         0.         0.         0.
 0.         0.         0.         0.         0.         0.
 0.         0.         0.         0.         0.         0.
 0.         0.         0.         0.         0.         0.
 0.         0.         0.         0.         0.         0.
 0.         0.         0.         0.         0.         0.
 0.         0.         0.         0.         0.         0.
 0.         0.         0.         0.         0.         0.
 0.         0.         0.         0.         0.         0.
 0.         0.         0.         0.         0.         0.
 0.         0.         0.         0.         0.         0.
 0.02119327 0.         0.         0.         0.         0.
 0.         0.         0.         0.         0.         0.
 0.         0.         0.         0.         0.         0.
 0.         0.         0.         0.         0.         0.
 0.         0.         0.         0.         0.         0.
 0.         0.01996296 0.         0.         0.         0.
 0.         0.         0.         0.         0.         0.
 0.         0.         0.         0.         0.         0.
 0.         0.         0.         0.         0.         0.
 0.         0.         0.         0.         0.         0.
 0.         0.         0.         0.         0.         0.
 0.         0.         0.         0.         0.         0.
 0.         0.         0.         0.         0.         0.
 0.         0.         0.         0.         0.         0.
 0.         0.         0.         0.         0.         0.
 0.         0.         0.         0.         0.         0.
 0.         0.         0.         0.         0.         0.
 0.         0.        ]
deepbreaks
y_true:  [0. 0. 0. 0. 1. 0. 1. 1. 1. 1. 0. 0. 0. 0. 0. 0. 0. 0. 0. 0. 0. 0. 0. 0.
 0. 0. 0. 0. 0. 0. 0. 0. 0. 0. 0. 0. 0. 0. 0. 0. 0. 0. 0. 0. 0. 0. 0. 0.
 0. 0. 0. 0. 0. 0. 0. 0. 0. 0. 0. 0. 0. 0. 0. 0. 0. 0. 0. 0. 0. 0. 0. 0.
 0. 0. 0. 0. 0. 0. 0. 0. 0. 0. 0. 0. 0. 0. 0. 0. 0. 0. 0. 0. 0. 0. 0. 0.
 0. 0. 0. 0. 0. 0. 0. 0. 0. 0. 0. 0. 0. 0. 0. 0. 0. 0. 0. 0. 0. 0. 0. 0.
 0. 0. 0. 0. 0. 0. 0. 0. 0. 0. 0. 0. 0. 0. 0. 0. 0. 0. 0. 0. 0. 0. 0. 0.
 0. 0. 0. 0. 0. 0. 0. 0. 0. 0. 0. 0. 0. 0. 0. 0. 0. 0. 0. 0. 0. 0. 0. 0.
 0. 0. 0. 0. 0. 0. 0. 0. 0. 0. 0. 0. 0. 0. 0. 0. 0. 0. 0. 0. 0. 0. 0. 0.
 0. 0. 0. 0. 0. 0. 0. 0.]
y_pred:  [0. 1. 0. 0. 1. 0. 1. 1. 1. 1. 0. 0. 0. 0. 0. 0. 0. 0. 0. 0. 0. 0. 0. 0.
 0. 0. 0. 0. 0. 0. 0. 0. 0. 0. 0. 0. 0. 0. 0. 0. 0. 0. 0. 0. 0. 0. 0. 0.
 0. 0. 0. 0. 0. 0. 0. 0. 0. 0. 0. 0. 0. 0. 0. 0. 0. 0. 0. 0. 0. 0. 0. 0.
 0. 0. 0. 0. 0. 0. 0. 0. 0. 0. 0. 0. 0. 0. 0. 0. 0. 0. 0. 0. 0. 0. 0. 0.
 0. 0. 0. 0. 0. 0. 0. 0. 0. 0. 0. 0. 0. 0. 0. 0. 0. 0. 0. 0. 0. 0. 0. 0.
 0. 0. 0. 0. 0. 0. 0. 0. 0. 0. 0. 0. 0. 0. 0. 0. 0. 0. 0. 0. 0. 0. 0. 0.
 0. 0. 0. 0. 0. 0. 0. 0. 0. 0. 0. 0. 0. 0. 0. 0. 0. 0. 0. 0. 0. 0. 0. 0.
 0. 0. 0. 0. 0. 0. 0. 0. 0. 0. 0. 0. 0. 0. 0. 0. 0. 0. 0. 0. 0. 0. 0. 0.
 0. 0. 0. 0. 0. 0. 0. 0.]
Normalized importance:  [5.00000000e-01 7.58992806e-01 4.85611511e-01 2.64388489e-01
 9.28057554e-01 3.70503597e-01 7.91366906e-01 1.00000000e+00
 7.23021583e-01 9.67625899e-01 1.20863309e-01 1.75179856e-02
 0.00000000e+00 0.00000000e+00 0.00000000e+00 0.00000000e+00
 1.26978417e-01 1.25179856e-02 0.00000000e+00 1.13669065e-01
 0.00000000e+00 1.21223022e-01 8.74100719e-02 1.48561151e-01
 2.04676259e-01 2.68705036e-02 0.00000000e+00 2.26618705e-01
 8.95683453e-03 7.01438849e-02 0.00000000e+00 4.38848921e-02
 1.55395683e-01 0.00000000e+00 5.17985612e-02 8.92086331e-02
 8.09352518e-02 0.00000000e+00 0.00000000e+00 4.56834532e-02
 1.32733813e-01 0.00000000e+00 0.00000000e+00 1.95683453e-02
 0.00000000e+00 2.07913669e-02 6.69064748e-02 0.00000000e+00
 2.45323741e-01 0.00000000e+00 0.00000000e+00 0.00000000e+00
 2.99280576e-02 1.54676259e-01 0.00000000e+00 6.54676259e-03
 0.00000000e+00 1.10791367e-01 0.00000000e+00 1.17625899e-01
 4.82014388e-02 0.00000000e+00 2.49640288e-02 0.00000000e+00
 1.29856115e-01 0.00000000e+00 0.00000000e+00 2.20863309e-01
 2.00359712e-01 8.66906475e-02 1.08992806e-01 1.01079137e-01
 8.52517986e-02 3.32014388e-02 3.74100719e-02 1.11870504e-01
 5.28776978e-02 1.01438849e-02 0.00000000e+00 1.61870504e-01
 6.36690647e-02 2.54316547e-02 8.12949640e-02 8.74100719e-02
 1.24100719e-01 0.00000000e+00 4.24460432e-02 7.23021583e-03
 2.89568345e-02 0.00000000e+00 8.41726619e-02 0.00000000e+00
 1.12589928e-01 4.64028777e-02 8.95683453e-02 1.53956835e-02
 2.21942446e-01 0.00000000e+00 8.27338129e-02 6.43884892e-02
 6.83453237e-02 1.22661871e-01 1.73381295e-01 3.33453237e-02
 1.31654676e-01 4.20863309e-02 9.46043165e-02 7.15827338e-02
 1.06834532e-01 0.00000000e+00 0.00000000e+00 1.29136691e-01
 1.01079137e-01 6.97841727e-02 1.80935252e-01 0.00000000e+00
 1.21223022e-01 0.00000000e+00 6.40287770e-02 0.00000000e+00
 5.03597122e-02 1.85251799e-02 7.26618705e-03 0.00000000e+00
 4.78417266e-02 0.00000000e+00 6.15107914e-02 1.51079137e-01
 1.32733813e-01 1.49280576e-01 6.00719424e-02 1.92086331e-02
 0.00000000e+00 5.64748201e-02 5.14388489e-02 4.31654676e-02
 7.08633094e-02 0.00000000e+00 5.03597122e-02 6.58273381e-02
 7.76978417e-02 4.10071942e-02 7.01438849e-03 4.49640288e-02
 0.00000000e+00 5.75539568e-02 3.99280576e-02 1.21942446e-01
 5.00000000e-02 8.05755396e-02 0.00000000e+00 6.36690647e-02
 0.00000000e+00 1.65107914e-01 1.18345324e-01 1.05035971e-01
 1.08273381e-01 1.55395683e-01 7.98561151e-02 1.42446043e-01
 1.84172662e-01 0.00000000e+00 6.61870504e-02 2.21582734e-01
 0.00000000e+00 7.91366906e-03 0.00000000e+00 1.26978417e-01
 7.76978417e-03 0.00000000e+00 1.35611511e-01 1.39208633e-02
 0.00000000e+00 5.28776978e-02 2.98201439e-02 0.00000000e+00
 7.51798561e-02 6.40287770e-02 8.95683453e-02 5.43165468e-02
 4.53237410e-02 0.00000000e+00 6.00719424e-04 6.51079137e-02
 7.33812950e-02 1.75539568e-01 0.00000000e+00 0.00000000e+00
 8.95683453e-04 1.56834532e-02 1.76618705e-01 1.32014388e-01
 1.05395683e-01 1.05035971e-01 1.24460432e-01 4.02877698e-02
 1.40647482e-01 0.00000000e+00 0.00000000e+00 0.00000000e+00]
pyseer
y_true:  [0. 0. 0. 0. 1. 0. 1. 1. 1. 1. 0. 0. 0. 0. 0. 0. 0. 0. 0. 0. 0. 0. 0. 0.
 0. 0. 0. 0. 0. 0. 0. 0. 0. 0. 0. 0. 0. 0. 0. 0. 0. 0. 0. 0. 0. 0. 0. 0.
 0. 0. 0. 0. 0. 0. 0. 0. 0. 0. 0. 0. 0. 0. 0. 0. 0. 0. 0. 0. 0. 0. 0. 0.
 0. 0. 0. 0. 0. 0. 0. 0. 0. 0. 0. 0. 0. 0. 0. 0. 0. 0. 0. 0. 0. 0. 0. 0.
 0. 0. 0. 0. 0. 0. 0. 0. 0. 0. 0. 0. 0. 0. 0. 0. 0. 0. 0. 0. 0. 0. 0. 0.
 0. 0. 0. 0. 0. 0. 0. 0. 0. 0. 0. 0. 0. 0. 0. 0. 0. 0. 0. 0. 0. 0. 0. 0.
 0. 0. 0. 0. 0. 0. 0. 0. 0. 0. 0. 0. 0. 0. 0. 0. 0. 0. 0. 0. 0. 0. 0. 0.
 0. 0. 0. 0. 0. 0. 0. 0. 0. 0. 0. 0. 0. 0. 0. 0. 0. 0. 0. 0. 0. 0. 0. 0.
 0. 0. 0. 0. 0. 0. 0. 0.]
y_pred:  [1. 1. 1. 1. 1. 1. 1. 1. 1. 1. 1. 0. 0. 0. 0. 0. 1. 0. 0. 1. 0. 1. 1. 1.
 1. 0. 0. 1. 0. 0. 0. 0. 1. 0. 0. 1. 0. 0. 0. 0. 1. 0. 0. 0. 0. 0. 0. 0.
 1. 0. 0. 0. 0. 1. 0. 0. 0. 1. 0. 1. 0. 0. 0. 0. 1. 0. 0. 1. 1. 1. 1. 1.
 1. 0. 0. 1. 0. 0. 0. 1. 0. 0. 1. 1. 1. 0. 0. 0. 0. 0. 1. 0. 1. 0. 1. 0.
 1. 0. 1. 0. 0. 1. 1. 0. 1. 0. 1. 0. 1. 0. 0. 1. 1. 0. 1. 0. 1. 0. 0. 0.
 0. 0. 0. 0. 0. 0. 0. 1. 1. 1. 0. 0. 0. 0. 0. 0. 0. 0. 0. 0. 0. 0. 0. 0.
 0. 0. 0. 1. 0. 0. 0. 0. 0. 1. 1. 1. 1. 1. 0. 1. 1. 0. 0. 1. 0. 0. 0. 1.
 0. 0. 1. 0. 0. 0. 0. 0. 0. 0. 1. 0. 0. 0. 0. 0. 0. 1. 0. 0. 0. 0. 1. 1.
 1. 1. 1. 0. 1. 0. 0. 0.]
Time taken: 21.39039373397827 seconds
Running combination 11 of 50
Fitting RandomForest...
Fitting Adaboost...
Fitting AdaBoost_2...
Fitting et...
Fitting gbc...
Fitting gbc_2...
Fitting gbc_3...
Fitting dt...
Fitting lr...
Fitting Lasso_1...
Fitting Lasso_2...
Fitting Lasso_3...
Fitting Lasso_4...
Fitting elasticnet...
VCF file created successfully.
pyseer stderr:  Read 1000 phenotypes
Detected continuous phenotype
Reading all variants

0variants [00:00, ?variants/s]
54variants [00:00, 530.79variants/s]
108variants [00:00, 472.92variants/s]
164variants [00:00, 506.64variants/s]
198variants [00:00, 510.75variants/s]
Applying correlation filtering

  0%|          | 0/198 [00:00<?, ?variants/s]
100%|██████████| 198/198 [00:00<00:00, 2747.50variants/s]
Fitting elastic net to top 148 variants
Best penalty (lambda) from cross-validation: 1.51E+01
Best R^2 from cross-validation: 0.533
Finding and printing selected variants
198 loaded variants
50 pre-filtered variants
148 tested variants
145 printed variants

True importance standardized:  [0.93101097 0.35311027 1.         0.34616084 0.31176988 0.25790107
 0.77606957 0.99770315 0.70997526 0.91945915 0.         0.
 0.         0.         0.         0.         0.         0.
 0.         0.         0.         0.         0.         0.
 0.         0.         0.         0.         0.         0.
 0.         0.         0.         0.         0.         0.
 0.         0.         0.         0.         0.         0.
 0.         0.         0.         0.         0.         0.
 0.         0.         0.         0.         0.         0.
 0.         0.         0.         0.         0.         0.
 0.         0.         0.         0.         0.         0.
 0.         0.         0.         0.         0.         0.
 0.         0.         0.         0.         0.         0.
 0.         0.         0.         0.         0.         0.
 0.         0.         0.         0.         0.         0.
 0.         0.         0.         0.         0.         0.
 0.         0.         0.         0.         0.         0.
 0.         0.         0.         0.         0.         0.
 0.         0.         0.         0.         0.         0.
 0.         0.         0.         0.         0.         0.
 0.         0.         0.         0.         0.         0.
 0.         0.         0.         0.         0.         0.
 0.         0.         0.         0.         0.         0.
 0.         0.         0.         0.         0.         0.
 0.         0.         0.         0.         0.         0.
 0.         0.         0.         0.         0.         0.
 0.         0.         0.         0.         0.         0.
 0.         0.         0.         0.         0.         0.
 0.         0.         0.         0.         0.         0.
 0.         0.         0.         0.         0.         0.
 0.         0.         0.         0.         0.         0.
 0.         0.         0.         0.         0.         0.
 0.         0.         0.         0.         0.         0.
 0.         0.        ]
Normalized importance:  [1.         0.07212546 0.9134914  0.10357621 0.1323327  0.
 0.77678148 0.75561786 0.44937052 0.76838949 0.         0.
 0.         0.         0.         0.         0.         0.
 0.         0.         0.         0.         0.05849381 0.
 0.         0.         0.         0.         0.         0.
 0.         0.         0.         0.         0.         0.
 0.         0.         0.         0.         0.         0.
 0.         0.         0.         0.         0.         0.
 0.         0.         0.         0.         0.         0.
 0.         0.         0.         0.         0.         0.
 0.         0.         0.         0.         0.         0.
 0.         0.         0.         0.         0.         0.
 0.         0.         0.         0.         0.         0.
 0.         0.         0.         0.         0.         0.
 0.         0.         0.         0.         0.         0.
 0.         0.         0.         0.         0.         0.
 0.         0.         0.         0.         0.         0.
 0.         0.         0.         0.         0.         0.
 0.         0.         0.         0.         0.         0.
 0.         0.         0.         0.         0.         0.
 0.         0.         0.         0.         0.         0.
 0.         0.         0.         0.         0.         0.
 0.         0.         0.         0.         0.         0.
 0.         0.         0.         0.         0.         0.
 0.         0.         0.         0.         0.06622059 0.
 0.         0.         0.         0.         0.         0.
 0.         0.         0.         0.         0.         0.
 0.         0.         0.         0.         0.         0.
 0.         0.         0.         0.         0.         0.
 0.         0.         0.         0.         0.         0.
 0.         0.         0.         0.         0.         0.
 0.         0.         0.         0.         0.         0.
 0.         0.         0.         0.         0.         0.
 0.         0.        ]
deepbreaks
y_true:  [1. 0. 1. 0. 0. 0. 1. 1. 0. 1. 0. 0. 0. 0. 0. 0. 0. 0. 0. 0. 0. 0. 0. 0.
 0. 0. 0. 0. 0. 0. 0. 0. 0. 0. 0. 0. 0. 0. 0. 0. 0. 0. 0. 0. 0. 0. 0. 0.
 0. 0. 0. 0. 0. 0. 0. 0. 0. 0. 0. 0. 0. 0. 0. 0. 0. 0. 0. 0. 0. 0. 0. 0.
 0. 0. 0. 0. 0. 0. 0. 0. 0. 0. 0. 0. 0. 0. 0. 0. 0. 0. 0. 0. 0. 0. 0. 0.
 0. 0. 0. 0. 0. 0. 0. 0. 0. 0. 0. 0. 0. 0. 0. 0. 0. 0. 0. 0. 0. 0. 0. 0.
 0. 0. 0. 0. 0. 0. 0. 0. 0. 0. 0. 0. 0. 0. 0. 0. 0. 0. 0. 0. 0. 0. 0. 0.
 0. 0. 0. 0. 0. 0. 0. 0. 0. 0. 0. 0. 0. 0. 0. 0. 0. 0. 0. 0. 0. 0. 0. 0.
 0. 0. 0. 0. 0. 0. 0. 0. 0. 0. 0. 0. 0. 0. 0. 0. 0. 0. 0. 0. 0. 0. 0. 0.
 0. 0. 0. 0. 0. 0. 0. 0.]
y_pred:  [1. 0. 1. 0. 0. 0. 1. 1. 1. 1. 0. 0. 0. 0. 0. 0. 0. 0. 0. 0. 0. 0. 0. 0.
 0. 0. 0. 0. 0. 0. 0. 0. 0. 0. 0. 0. 0. 0. 0. 0. 0. 0. 0. 0. 0. 0. 0. 0.
 0. 0. 0. 0. 0. 0. 0. 0. 0. 0. 0. 0. 0. 0. 0. 0. 0. 0. 0. 0. 0. 0. 0. 0.
 0. 0. 0. 0. 0. 0. 0. 0. 0. 0. 0. 0. 0. 0. 0. 0. 0. 0. 0. 0. 0. 0. 0. 0.
 0. 0. 0. 0. 0. 0. 0. 0. 0. 0. 0. 0. 0. 0. 0. 0. 0. 0. 0. 0. 0. 0. 0. 0.
 0. 0. 0. 0. 0. 0. 0. 0. 0. 0. 0. 0. 0. 0. 0. 0. 0. 0. 0. 0. 0. 0. 0. 0.
 0. 0. 0. 0. 0. 0. 0. 0. 0. 0. 0. 0. 0. 0. 0. 0. 0. 0. 0. 0. 0. 0. 0. 0.
 0. 0. 0. 0. 0. 0. 0. 0. 0. 0. 0. 0. 0. 0. 0. 0. 0. 0. 0. 0. 0. 0. 0. 0.
 0. 0. 0. 0. 0. 0. 0. 0.]
Normalized importance:  [1.00000000e+00 2.73159145e-01 9.40617577e-01 3.65795724e-01
 3.61045131e-01 2.11638955e-01 7.45843230e-01 9.28741093e-01
 6.43705463e-01 8.14726841e-01 7.29216152e-02 0.00000000e+00
 2.51781473e-03 8.69358670e-02 0.00000000e+00 6.93586698e-02
 8.71733967e-02 2.63657957e-02 0.00000000e+00 0.00000000e+00
 2.77909739e-03 1.65083135e-01 1.66033254e-01 3.23040380e-02
 1.14726841e-01 1.33016627e-01 0.00000000e+00 0.00000000e+00
 0.00000000e+00 0.00000000e+00 3.01662708e-02 0.00000000e+00
 0.00000000e+00 8.28978622e-02 0.00000000e+00 1.02137767e-01
 2.70783848e-02 3.75296912e-02 7.62470309e-02 9.40617577e-02
 7.52969121e-02 1.53206651e-01 0.00000000e+00 6.62707838e-02
 4.77434679e-02 1.02850356e-01 8.26603325e-02 4.79809976e-03
 5.17814727e-03 1.08313539e-01 8.05225653e-02 1.33016627e-02
 0.00000000e+00 1.87885986e-02 0.00000000e+00 4.29928741e-02
 1.82897862e-02 5.91448931e-02 2.47030879e-02 0.00000000e+00
 6.76959620e-02 9.33491686e-04 0.00000000e+00 1.03087886e-01
 4.01425178e-02 0.00000000e+00 8.52731591e-02 1.01187648e-02
 3.51543943e-02 8.74109264e-02 1.38242280e-02 4.67933492e-02
 1.60095012e-02 3.13539192e-02 6.31828979e-03 0.00000000e+00
 0.00000000e+00 3.27790974e-02 1.00712589e-03 0.00000000e+00
 4.18052257e-02 7.90973872e-02 8.33729216e-02 1.04275534e-01
 2.01187648e-01 1.23040380e-01 0.00000000e+00 2.19714964e-01
 0.00000000e+00 0.00000000e+00 7.88598575e-02 0.00000000e+00
 1.36104513e-03 1.14014252e-01 5.74821853e-02 7.74346793e-03
 4.58432304e-02 1.12351544e-01 0.00000000e+00 5.60570071e-02
 3.13539192e-02 3.91923990e-02 1.37767221e-02 5.74821853e-02
 4.58432304e-02 0.00000000e+00 4.22802850e-02 1.63657957e-01
 1.27790974e-01 1.00475059e-01 0.00000000e+00 6.10451306e-02
 8.81235154e-02 1.35866983e-01 0.00000000e+00 1.01662708e-01
 7.26840855e-02 1.67695962e-01 1.80760095e-01 4.51306413e-02
 3.89548694e-02 5.72446556e-03 1.88123515e-02 1.08551069e-01
 3.42042755e-02 3.75296912e-02 0.00000000e+00 2.77909739e-03
 0.00000000e+00 3.91923990e-02 0.00000000e+00 0.00000000e+00
 1.19714964e-02 0.00000000e+00 1.68171021e-01 0.00000000e+00
 7.86223278e-02 8.00475059e-02 0.00000000e+00 0.00000000e+00
 0.00000000e+00 0.00000000e+00 5.24940618e-02 6.46080760e-02
 0.00000000e+00 5.15439430e-03 0.00000000e+00 2.61282660e-02
 2.31591449e-01 0.00000000e+00 4.86935867e-02 4.18052257e-02
 4.58432304e-02 1.51781473e-01 0.00000000e+00 4.72684086e-02
 0.00000000e+00 2.61282660e-02 8.57482185e-02 8.38479810e-02
 1.41330166e-01 3.56294537e-02 0.00000000e+00 2.11401425e-02
 7.86223278e-02 0.00000000e+00 1.14014252e-01 6.60332542e-02
 6.17577197e-02 1.15439430e-01 0.00000000e+00 2.19002375e-02
 4.37054632e-02 9.54869359e-02 4.39429929e-03 1.30403800e-01
 1.30641330e-01 5.36817102e-02 3.63420428e-04 5.72446556e-02
 5.48693587e-02 1.30166271e-01 1.86698337e-01 6.48456057e-02
 0.00000000e+00 6.79334917e-02 0.00000000e+00 0.00000000e+00
 3.96674584e-02 1.41805226e-02 0.00000000e+00 1.15439430e-01
 7.33966746e-02 1.68646081e-02 0.00000000e+00 0.00000000e+00
 0.00000000e+00 2.06650831e-02 0.00000000e+00 0.00000000e+00]
pyseer
y_true:  [1. 0. 1. 0. 0. 0. 1. 1. 0. 1. 0. 0. 0. 0. 0. 0. 0. 0. 0. 0. 0. 0. 0. 0.
 0. 0. 0. 0. 0. 0. 0. 0. 0. 0. 0. 0. 0. 0. 0. 0. 0. 0. 0. 0. 0. 0. 0. 0.
 0. 0. 0. 0. 0. 0. 0. 0. 0. 0. 0. 0. 0. 0. 0. 0. 0. 0. 0. 0. 0. 0. 0. 0.
 0. 0. 0. 0. 0. 0. 0. 0. 0. 0. 0. 0. 0. 0. 0. 0. 0. 0. 0. 0. 0. 0. 0. 0.
 0. 0. 0. 0. 0. 0. 0. 0. 0. 0. 0. 0. 0. 0. 0. 0. 0. 0. 0. 0. 0. 0. 0. 0.
 0. 0. 0. 0. 0. 0. 0. 0. 0. 0. 0. 0. 0. 0. 0. 0. 0. 0. 0. 0. 0. 0. 0. 0.
 0. 0. 0. 0. 0. 0. 0. 0. 0. 0. 0. 0. 0. 0. 0. 0. 0. 0. 0. 0. 0. 0. 0. 0.
 0. 0. 0. 0. 0. 0. 0. 0. 0. 0. 0. 0. 0. 0. 0. 0. 0. 0. 0. 0. 0. 0. 0. 0.
 0. 0. 0. 0. 0. 0. 0. 0.]
y_pred:  [1. 1. 1. 1. 1. 1. 1. 1. 1. 1. 1. 0. 0. 1. 0. 1. 1. 0. 0. 0. 0. 1. 1. 0.
 1. 1. 0. 0. 0. 0. 0. 0. 0. 1. 0. 1. 0. 0. 1. 1. 1. 1. 0. 1. 0. 1. 1. 0.
 0. 1. 1. 0. 0. 0. 0. 0. 0. 0. 0. 0. 1. 0. 0. 1. 0. 0. 1. 0. 0. 1. 0. 0.
 0. 0. 0. 0. 0. 0. 0. 0. 0. 1. 1. 1. 1. 1. 0. 1. 0. 0. 1. 0. 0. 1. 0. 0.
 0. 1. 0. 0. 0. 0. 0. 0. 0. 0. 0. 1. 1. 1. 0. 0. 1. 1. 0. 1. 1. 1. 1. 0.
 0. 0. 0. 1. 0. 0. 0. 0. 0. 0. 0. 0. 0. 0. 1. 0. 1. 1. 0. 0. 0. 0. 0. 0.
 0. 0. 0. 0. 1. 0. 0. 0. 0. 1. 0. 0. 0. 0. 1. 1. 1. 0. 0. 0. 1. 0. 1. 1.
 0. 1. 0. 0. 0. 1. 0. 1. 1. 0. 0. 0. 0. 1. 1. 1. 0. 1. 0. 0. 0. 0. 0. 1.
 1. 0. 0. 0. 0. 0. 0. 0.]
Time taken: 22.424293041229248 seconds
Running combination 12 of 50
Fitting RandomForest...
Fitting Adaboost...
Fitting AdaBoost_2...
Fitting et...
Fitting gbc...
Fitting gbc_2...
Fitting gbc_3...
Fitting dt...
Fitting lr...
Fitting Lasso_1...
Fitting Lasso_2...
Fitting Lasso_3...
Fitting Lasso_4...
Fitting elasticnet...
VCF file created successfully.
pyseer stderr:  Read 1000 phenotypes
Detected continuous phenotype
Reading all variants

0variants [00:00, ?variants/s]
54variants [00:00, 531.24variants/s]
108variants [00:00, 469.58variants/s]
163variants [00:00, 502.16variants/s]
198variants [00:00, 505.99variants/s]
Applying correlation filtering

  0%|          | 0/198 [00:00<?, ?variants/s]
100%|██████████| 198/198 [00:00<00:00, 2679.65variants/s]
Fitting elastic net to top 148 variants
Best penalty (lambda) from cross-validation: 2.62E+00
Best R^2 from cross-validation: 0.519
Finding and printing selected variants
198 loaded variants
50 pre-filtered variants
148 tested variants
141 printed variants

True importance standardized:  [0.38516298 0.32397652 0.18791956 0.50076743 0.61733377 0.12724933
 0.54401772 0.4603383  1.         0.35820754 0.         0.
 0.         0.         0.         0.         0.         0.
 0.         0.         0.         0.         0.         0.
 0.         0.         0.         0.         0.         0.
 0.         0.         0.         0.         0.         0.
 0.         0.         0.         0.         0.         0.
 0.         0.         0.         0.         0.         0.
 0.         0.         0.         0.         0.         0.
 0.         0.         0.         0.         0.         0.
 0.         0.         0.         0.         0.         0.
 0.         0.         0.         0.         0.         0.
 0.         0.         0.         0.         0.         0.
 0.         0.         0.         0.         0.         0.
 0.         0.         0.         0.         0.         0.
 0.         0.         0.         0.         0.         0.
 0.         0.         0.         0.         0.         0.
 0.         0.         0.         0.         0.         0.
 0.         0.         0.         0.         0.         0.
 0.         0.         0.         0.         0.         0.
 0.         0.         0.         0.         0.         0.
 0.         0.         0.         0.         0.         0.
 0.         0.         0.         0.         0.         0.
 0.         0.         0.         0.         0.         0.
 0.         0.         0.         0.         0.         0.
 0.         0.         0.         0.         0.         0.
 0.         0.         0.         0.         0.         0.
 0.         0.         0.         0.         0.         0.
 0.         0.         0.         0.         0.         0.
 0.         0.         0.         0.         0.         0.
 0.         0.         0.         0.         0.         0.
 0.         0.         0.         0.         0.         0.
 0.         0.         0.         0.         0.         0.
 0.         0.        ]
Normalized importance:  [0.3946982  0.29503914 0.30016715 0.50155309 0.56391227 0.
 0.5475837  0.43528353 1.         0.34274155 0.         0.
 0.         0.         0.         0.         0.         0.
 0.         0.         0.         0.         0.         0.
 0.         0.         0.         0.         0.         0.
 0.         0.         0.         0.         0.         0.
 0.         0.         0.         0.         0.         0.
 0.         0.         0.         0.         0.         0.
 0.         0.         0.         0.         0.         0.
 0.         0.         0.         0.         0.         0.
 0.         0.         0.         0.         0.         0.
 0.         0.         0.         0.         0.         0.
 0.         0.         0.14154501 0.         0.         0.
 0.         0.         0.         0.         0.         0.
 0.         0.         0.         0.         0.         0.
 0.         0.         0.         0.         0.         0.
 0.         0.         0.         0.         0.         0.
 0.         0.         0.         0.         0.         0.
 0.         0.         0.         0.         0.         0.
 0.         0.         0.         0.         0.         0.
 0.         0.         0.         0.         0.         0.
 0.         0.         0.         0.         0.         0.
 0.         0.         0.         0.         0.         0.
 0.         0.         0.         0.         0.         0.
 0.         0.         0.         0.         0.         0.
 0.         0.         0.         0.         0.         0.
 0.         0.11129437 0.         0.         0.         0.
 0.12708123 0.         0.         0.         0.         0.
 0.         0.         0.         0.         0.         0.
 0.         0.         0.         0.         0.         0.
 0.         0.         0.         0.         0.         0.
 0.         0.         0.         0.         0.         0.
 0.13302876 0.         0.         0.         0.         0.15239778
 0.         0.        ]
deepbreaks
y_true:  [0. 0. 0. 1. 1. 0. 1. 1. 1. 0. 0. 0. 0. 0. 0. 0. 0. 0. 0. 0. 0. 0. 0. 0.
 0. 0. 0. 0. 0. 0. 0. 0. 0. 0. 0. 0. 0. 0. 0. 0. 0. 0. 0. 0. 0. 0. 0. 0.
 0. 0. 0. 0. 0. 0. 0. 0. 0. 0. 0. 0. 0. 0. 0. 0. 0. 0. 0. 0. 0. 0. 0. 0.
 0. 0. 0. 0. 0. 0. 0. 0. 0. 0. 0. 0. 0. 0. 0. 0. 0. 0. 0. 0. 0. 0. 0. 0.
 0. 0. 0. 0. 0. 0. 0. 0. 0. 0. 0. 0. 0. 0. 0. 0. 0. 0. 0. 0. 0. 0. 0. 0.
 0. 0. 0. 0. 0. 0. 0. 0. 0. 0. 0. 0. 0. 0. 0. 0. 0. 0. 0. 0. 0. 0. 0. 0.
 0. 0. 0. 0. 0. 0. 0. 0. 0. 0. 0. 0. 0. 0. 0. 0. 0. 0. 0. 0. 0. 0. 0. 0.
 0. 0. 0. 0. 0. 0. 0. 0. 0. 0. 0. 0. 0. 0. 0. 0. 0. 0. 0. 0. 0. 0. 0. 0.
 0. 0. 0. 0. 0. 0. 0. 0.]
y_pred:  [1. 0. 0. 1. 1. 0. 1. 1. 1. 1. 0. 0. 0. 0. 0. 0. 0. 0. 0. 0. 0. 0. 0. 0.
 0. 0. 0. 0. 0. 0. 0. 0. 0. 0. 0. 0. 0. 0. 0. 0. 0. 0. 0. 0. 0. 0. 0. 0.
 0. 0. 0. 0. 0. 0. 0. 0. 0. 0. 0. 0. 0. 0. 0. 0. 0. 0. 0. 0. 0. 0. 0. 0.
 0. 0. 0. 0. 0. 0. 0. 0. 0. 0. 0. 0. 0. 0. 0. 0. 0. 0. 0. 0. 0. 0. 0. 0.
 0. 0. 0. 0. 0. 0. 0. 0. 0. 0. 0. 0. 0. 0. 0. 0. 0. 0. 0. 0. 0. 0. 0. 0.
 0. 0. 0. 0. 0. 0. 0. 0. 0. 0. 0. 0. 0. 0. 0. 0. 0. 0. 0. 0. 0. 0. 0. 0.
 0. 0. 0. 0. 0. 0. 0. 0. 0. 0. 0. 0. 0. 0. 0. 0. 0. 0. 0. 0. 0. 0. 0. 0.
 0. 0. 0. 0. 0. 0. 0. 0. 0. 0. 0. 0. 0. 0. 0. 0. 0. 0. 0. 0. 0. 0. 0. 0.
 0. 0. 0. 0. 0. 0. 0. 0.]
Normalized importance:  [4.33884298e-01 2.97520661e-01 2.86501377e-01 4.86225895e-01
 5.31680441e-01 9.04958678e-02 5.38567493e-01 4.17355372e-01
 1.00000000e+00 3.67768595e-01 2.03856749e-02 2.07988981e-02
 5.64738292e-02 0.00000000e+00 6.17079890e-02 2.49311295e-02
 2.57575758e-02 1.29752066e-01 6.21212121e-02 4.84848485e-02
 3.91184573e-02 4.53168044e-02 0.00000000e+00 4.66942149e-02
 1.41873278e-01 6.48760331e-02 0.00000000e+00 4.03581267e-02
 0.00000000e+00 0.00000000e+00 5.41322314e-02 1.13360882e-01
 2.14876033e-02 9.35261708e-02 5.33057851e-03 0.00000000e+00
 6.34986226e-02 2.46556474e-02 0.00000000e+00 4.60055096e-02
 3.91184573e-02 1.08402204e-02 4.93112948e-02 5.05509642e-02
 1.02066116e-01 0.00000000e+00 1.12809917e-03 7.76859504e-02
 7.52066116e-02 6.91460055e-02 2.43801653e-02 1.09090909e-01
 3.55371901e-02 2.36914601e-02 0.00000000e+00 3.65013774e-02
 0.00000000e+00 1.44628099e-02 0.00000000e+00 0.00000000e+00
 1.94214876e-02 3.33333333e-02 0.00000000e+00 3.96694215e-02
 9.86225895e-02 0.00000000e+00 0.00000000e+00 1.08539945e-01
 5.00000000e-02 0.00000000e+00 7.83746556e-02 3.71900826e-02
 0.00000000e+00 0.00000000e+00 1.92837466e-01 4.88980716e-02
 0.00000000e+00 0.00000000e+00 3.77410468e-02 0.00000000e+00
 4.31129477e-02 0.00000000e+00 4.38016529e-02 1.55647383e-01
 3.00275482e-02 0.00000000e+00 0.00000000e+00 5.30303030e-02
 8.65013774e-02 5.33057851e-02 0.00000000e+00 0.00000000e+00
 6.00550964e-02 6.17079890e-02 8.80165289e-02 9.51790634e-02
 3.01652893e-02 4.07713499e-03 5.15151515e-02 1.77685950e-02
 3.81542700e-02 2.78236915e-02 5.31680441e-02 3.81542700e-03
 0.00000000e+00 2.27272727e-02 1.69421488e-02 0.00000000e+00
 5.81267218e-02 0.00000000e+00 0.00000000e+00 6.41873278e-02
 0.00000000e+00 6.04683196e-02 9.42148760e-02 5.09641873e-04
 7.42424242e-02 5.60606061e-02 6.15702479e-02 0.00000000e+00
 7.07988981e-02 7.96143251e-02 3.25068871e-02 2.39669421e-02
 0.00000000e+00 1.35399449e-01 0.00000000e+00 4.76584022e-02
 0.00000000e+00 4.40771350e-02 1.33884298e-01 0.00000000e+00
 4.46280992e-02 0.00000000e+00 0.00000000e+00 1.79063361e-02
 2.56198347e-02 4.71074380e-02 1.80440771e-03 0.00000000e+00
 8.37465565e-02 1.48760331e-01 4.22865014e-02 2.01101928e-02
 0.00000000e+00 2.60330579e-02 4.38016529e-02 0.00000000e+00
 7.85123967e-02 1.80440771e-01 0.00000000e+00 3.63636364e-02
 1.65289256e-02 0.00000000e+00 0.00000000e+00 0.00000000e+00
 1.02066116e-01 1.20110193e-01 0.00000000e+00 4.22865014e-02
 7.79614325e-02 7.61707989e-02 1.46005510e-01 4.46280992e-02
 0.00000000e+00 4.10468320e-02 0.00000000e+00 1.33884298e-02
 4.22865014e-02 0.00000000e+00 3.04407713e-02 1.01928375e-01
 3.47107438e-02 5.50964187e-02 8.85674931e-02 0.00000000e+00
 1.07988981e-01 2.09366391e-02 7.68595041e-02 3.19559229e-02
 0.00000000e+00 2.13498623e-02 9.14600551e-02 4.22865014e-02
 2.83746556e-02 0.00000000e+00 1.43250689e-01 0.00000000e+00
 2.36914601e-02 2.42424242e-02 1.06611570e-02 0.00000000e+00
 1.17906336e-01 0.00000000e+00 7.34159780e-02 0.00000000e+00
 0.00000000e+00 1.41873278e-01 0.00000000e+00 0.00000000e+00]
pyseer
y_true:  [0. 0. 0. 1. 1. 0. 1. 1. 1. 0. 0. 0. 0. 0. 0. 0. 0. 0. 0. 0. 0. 0. 0. 0.
 0. 0. 0. 0. 0. 0. 0. 0. 0. 0. 0. 0. 0. 0. 0. 0. 0. 0. 0. 0. 0. 0. 0. 0.
 0. 0. 0. 0. 0. 0. 0. 0. 0. 0. 0. 0. 0. 0. 0. 0. 0. 0. 0. 0. 0. 0. 0. 0.
 0. 0. 0. 0. 0. 0. 0. 0. 0. 0. 0. 0. 0. 0. 0. 0. 0. 0. 0. 0. 0. 0. 0. 0.
 0. 0. 0. 0. 0. 0. 0. 0. 0. 0. 0. 0. 0. 0. 0. 0. 0. 0. 0. 0. 0. 0. 0. 0.
 0. 0. 0. 0. 0. 0. 0. 0. 0. 0. 0. 0. 0. 0. 0. 0. 0. 0. 0. 0. 0. 0. 0. 0.
 0. 0. 0. 0. 0. 0. 0. 0. 0. 0. 0. 0. 0. 0. 0. 0. 0. 0. 0. 0. 0. 0. 0. 0.
 0. 0. 0. 0. 0. 0. 0. 0. 0. 0. 0. 0. 0. 0. 0. 0. 0. 0. 0. 0. 0. 0. 0. 0.
 0. 0. 0. 0. 0. 0. 0. 0.]
y_pred:  [1. 1. 1. 1. 1. 1. 1. 1. 1. 1. 0. 0. 1. 0. 1. 0. 0. 1. 1. 0. 0. 0. 0. 0.
 1. 1. 0. 0. 0. 0. 1. 1. 0. 1. 0. 0. 1. 0. 0. 0. 0. 0. 0. 1. 1. 0. 0. 1.
 1. 1. 0. 1. 0. 0. 0. 0. 0. 0. 0. 0. 0. 0. 0. 0. 1. 0. 0. 1. 1. 0. 1. 0.
 0. 0. 1. 0. 0. 0. 0. 0. 0. 0. 0. 1. 0. 0. 0. 1. 1. 1. 0. 0. 1. 1. 1. 1.
 0. 0. 1. 0. 0. 0. 1. 0. 0. 0. 0. 0. 1. 0. 0. 1. 0. 1. 1. 0. 1. 1. 1. 0.
 1. 1. 0. 0. 0. 1. 0. 0. 0. 0. 1. 0. 0. 0. 0. 0. 0. 0. 0. 0. 1. 1. 0. 0.
 0. 0. 0. 0. 1. 1. 0. 0. 0. 0. 0. 0. 1. 1. 0. 0. 1. 1. 1. 0. 0. 0. 0. 0.
 0. 0. 0. 1. 0. 1. 1. 0. 1. 0. 1. 0. 0. 0. 1. 0. 0. 0. 1. 0. 0. 0. 0. 0.
 1. 0. 1. 0. 0. 1. 0. 0.]
Time taken: 22.637245655059814 seconds
Running combination 13 of 50
Fitting RandomForest...
Fitting Adaboost...
Fitting AdaBoost_2...
Fitting et...
Fitting gbc...
Fitting gbc_2...
Fitting gbc_3...
Fitting dt...
Fitting lr...
Fitting Lasso_1...
Fitting Lasso_2...
Fitting Lasso_3...
Fitting Lasso_4...
Fitting elasticnet...
VCF file created successfully.
pyseer stderr:  Read 1000 phenotypes
Detected continuous phenotype
Reading all variants

0variants [00:00, ?variants/s]
53variants [00:00, 527.32variants/s]
106variants [00:00, 468.92variants/s]
161variants [00:00, 501.73variants/s]
198variants [00:00, 506.19variants/s]
Applying correlation filtering

  0%|          | 0/198 [00:00<?, ?variants/s]
100%|██████████| 198/198 [00:00<00:00, 2700.36variants/s]
Fitting elastic net to top 148 variants
Best penalty (lambda) from cross-validation: 5.90E+00
Best R^2 from cross-validation: 0.547
Finding and printing selected variants
198 loaded variants
50 pre-filtered variants
148 tested variants
140 printed variants

True importance standardized:  [0.65176919 0.7587281  0.28442279 0.44249871 1.         0.56639599
 0.12495554 0.84725147 0.86719091 0.11398075 0.         0.
 0.         0.         0.         0.         0.         0.
 0.         0.         0.         0.         0.         0.
 0.         0.         0.         0.         0.         0.
 0.         0.         0.         0.         0.         0.
 0.         0.         0.         0.         0.         0.
 0.         0.         0.         0.         0.         0.
 0.         0.         0.         0.         0.         0.
 0.         0.         0.         0.         0.         0.
 0.         0.         0.         0.         0.         0.
 0.         0.         0.         0.         0.         0.
 0.         0.         0.         0.         0.         0.
 0.         0.         0.         0.         0.         0.
 0.         0.         0.         0.         0.         0.
 0.         0.         0.         0.         0.         0.
 0.         0.         0.         0.         0.         0.
 0.         0.         0.         0.         0.         0.
 0.         0.         0.         0.         0.         0.
 0.         0.         0.         0.         0.         0.
 0.         0.         0.         0.         0.         0.
 0.         0.         0.         0.         0.         0.
 0.         0.         0.         0.         0.         0.
 0.         0.         0.         0.         0.         0.
 0.         0.         0.         0.         0.         0.
 0.         0.         0.         0.         0.         0.
 0.         0.         0.         0.         0.         0.
 0.         0.         0.         0.         0.         0.
 0.         0.         0.         0.         0.         0.
 0.         0.         0.         0.         0.         0.
 0.         0.         0.         0.         0.         0.
 0.         0.         0.         0.         0.         0.
 0.         0.         0.         0.         0.         0.
 0.         0.        ]
Normalized importance:  [0.50251891 0.71954597 0.         0.18383266 0.97435893 0.24306949
 0.         0.62944104 1.         0.         0.         0.
 0.         0.         0.         0.         0.         0.
 0.         0.         0.         0.         0.         0.
 0.         0.         0.         0.         0.         0.
 0.02492736 0.         0.         0.         0.         0.
 0.         0.         0.         0.         0.         0.
 0.         0.         0.         0.         0.         0.
 0.         0.         0.         0.         0.         0.
 0.         0.         0.         0.         0.         0.
 0.         0.         0.         0.         0.         0.
 0.         0.         0.         0.         0.         0.
 0.         0.         0.         0.         0.         0.
 0.         0.         0.         0.         0.         0.
 0.         0.         0.         0.         0.         0.
 0.         0.         0.04910721 0.         0.         0.
 0.         0.         0.         0.         0.02969716 0.
 0.         0.         0.         0.         0.         0.
 0.         0.         0.         0.         0.         0.
 0.         0.         0.         0.         0.         0.
 0.         0.         0.         0.         0.         0.
 0.         0.         0.         0.         0.         0.
 0.         0.         0.         0.         0.         0.
 0.         0.         0.         0.         0.         0.
 0.         0.03409239 0.         0.         0.         0.
 0.         0.         0.         0.         0.         0.06276985
 0.         0.         0.         0.         0.         0.
 0.         0.         0.         0.         0.         0.
 0.         0.         0.         0.         0.         0.
 0.         0.         0.         0.         0.         0.
 0.         0.         0.         0.         0.         0.
 0.         0.         0.         0.         0.         0.
 0.         0.         0.         0.         0.         0.
 0.         0.        ]
deepbreaks
y_true:  [1. 1. 0. 0. 1. 0. 0. 1. 1. 0. 0. 0. 0. 0. 0. 0. 0. 0. 0. 0. 0. 0. 0. 0.
 0. 0. 0. 0. 0. 0. 0. 0. 0. 0. 0. 0. 0. 0. 0. 0. 0. 0. 0. 0. 0. 0. 0. 0.
 0. 0. 0. 0. 0. 0. 0. 0. 0. 0. 0. 0. 0. 0. 0. 0. 0. 0. 0. 0. 0. 0. 0. 0.
 0. 0. 0. 0. 0. 0. 0. 0. 0. 0. 0. 0. 0. 0. 0. 0. 0. 0. 0. 0. 0. 0. 0. 0.
 0. 0. 0. 0. 0. 0. 0. 0. 0. 0. 0. 0. 0. 0. 0. 0. 0. 0. 0. 0. 0. 0. 0. 0.
 0. 0. 0. 0. 0. 0. 0. 0. 0. 0. 0. 0. 0. 0. 0. 0. 0. 0. 0. 0. 0. 0. 0. 0.
 0. 0. 0. 0. 0. 0. 0. 0. 0. 0. 0. 0. 0. 0. 0. 0. 0. 0. 0. 0. 0. 0. 0. 0.
 0. 0. 0. 0. 0. 0. 0. 0. 0. 0. 0. 0. 0. 0. 0. 0. 0. 0. 0. 0. 0. 0. 0. 0.
 0. 0. 0. 0. 0. 0. 0. 0.]
y_pred:  [1. 1. 0. 0. 1. 1. 0. 1. 1. 0. 0. 0. 0. 0. 0. 0. 0. 0. 0. 0. 0. 0. 0. 0.
 0. 0. 0. 0. 0. 0. 0. 0. 0. 0. 0. 0. 0. 0. 0. 0. 0. 0. 0. 0. 0. 0. 0. 0.
 0. 0. 0. 0. 0. 0. 0. 0. 0. 0. 0. 0. 0. 0. 0. 0. 0. 0. 0. 0. 0. 0. 0. 0.
 0. 0. 0. 0. 0. 0. 0. 0. 0. 0. 0. 0. 0. 0. 0. 0. 0. 0. 0. 0. 0. 0. 0. 0.
 0. 0. 0. 0. 0. 0. 0. 0. 0. 0. 0. 0. 0. 0. 0. 0. 0. 0. 0. 0. 0. 0. 0. 0.
 0. 0. 0. 0. 0. 0. 0. 0. 0. 0. 0. 0. 0. 0. 0. 0. 0. 0. 0. 0. 0. 0. 0. 0.
 0. 0. 0. 0. 0. 0. 0. 0. 0. 0. 0. 0. 0. 0. 0. 0. 0. 0. 0. 0. 0. 0. 0. 0.
 0. 0. 0. 0. 0. 0. 0. 0. 0. 0. 0. 0. 0. 0. 0. 0. 0. 0. 0. 0. 0. 0. 0. 0.
 0. 0. 0. 0. 0. 0. 0. 0.]
Normalized importance:  [5.90344828e-01 7.24137931e-01 2.44137931e-01 4.21379310e-01
 1.00000000e+00 5.10344828e-01 4.02758621e-02 8.27586207e-01
 9.17241379e-01 0.00000000e+00 4.15172414e-02 1.48965517e-02
 5.23448276e-02 0.00000000e+00 1.57931034e-01 0.00000000e+00
 0.00000000e+00 0.00000000e+00 1.79310345e-02 1.30344828e-01
 5.39310345e-02 0.00000000e+00 5.83448276e-02 0.00000000e+00
 1.31724138e-04 8.75862069e-02 6.07586207e-02 1.12413793e-01
 0.00000000e+00 0.00000000e+00 1.80689655e-01 0.00000000e+00
 0.00000000e+00 0.00000000e+00 0.00000000e+00 1.97931034e-02
 1.90344828e-02 6.13103448e-02 1.23448276e-01 5.15862069e-02
 1.71724138e-02 5.54482759e-03 1.02068966e-01 4.25517241e-02
 4.80000000e-02 2.51724138e-02 0.00000000e+00 0.00000000e+00
 0.00000000e+00 1.01379310e-02 6.96551724e-02 3.44827586e-02
 0.00000000e+00 7.65517241e-02 4.63448276e-03 8.06896552e-02
 5.88275862e-02 9.10344828e-02 6.69655172e-02 3.53793103e-02
 7.03448276e-02 0.00000000e+00 8.06896552e-03 6.33793103e-02
 1.08275862e-01 4.15172414e-02 0.00000000e+00 0.00000000e+00
 1.17241379e-01 1.68965517e-02 7.24137931e-02 0.00000000e+00
 2.60689655e-02 4.58620690e-02 3.55172414e-02 0.00000000e+00
 2.08275862e-02 2.07586207e-02 5.32413793e-02 1.22068966e-01
 2.51724138e-02 5.04137931e-03 6.02068966e-02 0.00000000e+00
 0.00000000e+00 6.22758621e-02 9.79310345e-02 3.83448276e-02
 5.75172414e-02 9.79310345e-02 5.58620690e-02 1.49655172e-02
 1.81379310e-01 0.00000000e+00 0.00000000e+00 5.50344828e-02
 0.00000000e+00 5.68965517e-02 0.00000000e+00 0.00000000e+00
 1.41379310e-01 6.11724138e-02 1.19310345e-02 0.00000000e+00
 0.00000000e+00 0.00000000e+00 2.20689655e-02 5.91034483e-02
 0.00000000e+00 0.00000000e+00 8.68965517e-02 3.84137931e-02
 1.26206897e-01 5.24137931e-02 9.79310345e-02 6.37931034e-03
 2.06896552e-02 1.04827586e-01 9.58620690e-03 5.28965517e-02
 1.11724138e-01 7.79310345e-02 6.10344828e-03 4.03448276e-03
 0.00000000e+00 6.44827586e-02 8.00000000e-02 0.00000000e+00
 5.90344828e-02 8.62068966e-03 3.49655172e-02 1.37241379e-01
 5.35172414e-02 0.00000000e+00 9.44827586e-02 0.00000000e+00
 0.00000000e+00 1.55862069e-02 0.00000000e+00 1.30344828e-01
 3.89655172e-02 0.00000000e+00 5.09655172e-02 9.31034483e-03
 1.24137931e-01 1.57241379e-01 0.00000000e+00 0.00000000e+00
 2.86896552e-02 4.17931034e-02 5.59310345e-02 3.53103448e-02
 0.00000000e+00 2.40689655e-02 7.31034483e-02 1.92413793e-01
 2.08275862e-02 7.03448276e-02 0.00000000e+00 7.03448276e-02
 6.37931034e-02 0.00000000e+00 1.03448276e-01 1.05517241e-01
 6.62758621e-02 6.14482759e-02 0.00000000e+00 0.00000000e+00
 0.00000000e+00 0.00000000e+00 1.37241379e-02 4.33793103e-02
 1.27586207e-01 6.20000000e-02 3.87586207e-02 0.00000000e+00
 4.11034483e-02 0.00000000e+00 0.00000000e+00 3.55172414e-02
 4.24827586e-02 4.15172414e-03 0.00000000e+00 1.31724138e-01
 0.00000000e+00 5.44137931e-02 1.42758621e-01 5.14482759e-02
 0.00000000e+00 5.21379310e-02 4.35172414e-02 4.71724138e-02
 2.41379310e-02 6.42068966e-02 2.28965517e-02 0.00000000e+00
 5.39310345e-03 0.00000000e+00 0.00000000e+00 0.00000000e+00]
pyseer
y_true:  [1. 1. 0. 0. 1. 0. 0. 1. 1. 0. 0. 0. 0. 0. 0. 0. 0. 0. 0. 0. 0. 0. 0. 0.
 0. 0. 0. 0. 0. 0. 0. 0. 0. 0. 0. 0. 0. 0. 0. 0. 0. 0. 0. 0. 0. 0. 0. 0.
 0. 0. 0. 0. 0. 0. 0. 0. 0. 0. 0. 0. 0. 0. 0. 0. 0. 0. 0. 0. 0. 0. 0. 0.
 0. 0. 0. 0. 0. 0. 0. 0. 0. 0. 0. 0. 0. 0. 0. 0. 0. 0. 0. 0. 0. 0. 0. 0.
 0. 0. 0. 0. 0. 0. 0. 0. 0. 0. 0. 0. 0. 0. 0. 0. 0. 0. 0. 0. 0. 0. 0. 0.
 0. 0. 0. 0. 0. 0. 0. 0. 0. 0. 0. 0. 0. 0. 0. 0. 0. 0. 0. 0. 0. 0. 0. 0.
 0. 0. 0. 0. 0. 0. 0. 0. 0. 0. 0. 0. 0. 0. 0. 0. 0. 0. 0. 0. 0. 0. 0. 0.
 0. 0. 0. 0. 0. 0. 0. 0. 0. 0. 0. 0. 0. 0. 0. 0. 0. 0. 0. 0. 0. 0. 0. 0.
 0. 0. 0. 0. 0. 0. 0. 0.]
y_pred:  [1. 1. 1. 1. 1. 1. 0. 1. 1. 0. 0. 0. 0. 0. 1. 0. 0. 0. 0. 1. 0. 0. 1. 0.
 0. 1. 1. 1. 0. 0. 1. 0. 0. 0. 0. 0. 0. 1. 1. 0. 0. 0. 1. 0. 0. 0. 0. 0.
 0. 0. 1. 0. 0. 1. 0. 1. 1. 1. 1. 0. 1. 0. 0. 1. 1. 0. 0. 0. 1. 0. 1. 0.
 0. 0. 0. 0. 0. 0. 0. 1. 0. 0. 1. 0. 0. 1. 1. 0. 1. 1. 1. 0. 1. 0. 0. 0.
 0. 1. 0. 0. 1. 1. 0. 0. 0. 0. 0. 1. 0. 0. 1. 0. 1. 0. 1. 0. 0. 1. 0. 0.
 1. 1. 0. 0. 0. 1. 1. 0. 1. 0. 0. 1. 0. 0. 1. 0. 0. 0. 0. 1. 0. 0. 0. 0.
 1. 1. 0. 0. 0. 0. 1. 0. 0. 0. 1. 1. 0. 1. 0. 1. 1. 0. 1. 1. 1. 1. 0. 0.
 0. 0. 0. 0. 1. 1. 0. 0. 0. 0. 0. 0. 0. 0. 0. 1. 0. 0. 1. 0. 0. 0. 0. 0.
 0. 1. 0. 0. 0. 0. 0. 0.]
Time taken: 22.36134672164917 seconds
Running combination 14 of 50
Fitting RandomForest...
Fitting Adaboost...
Fitting AdaBoost_2...
Fitting et...
Fitting gbc...
Fitting gbc_2...
Fitting gbc_3...
Fitting dt...
Fitting lr...
Fitting Lasso_1...
Fitting Lasso_2...
Fitting Lasso_3...
Fitting Lasso_4...
Fitting elasticnet...
VCF file created successfully.
pyseer stderr:  Read 1000 phenotypes
Detected continuous phenotype
Reading all variants

0variants [00:00, ?variants/s]
55variants [00:00, 542.36variants/s]
110variants [00:00, 480.54variants/s]
166variants [00:00, 513.75variants/s]
198variants [00:00, 517.61variants/s]
Applying correlation filtering

  0%|          | 0/198 [00:00<?, ?variants/s]
100%|██████████| 198/198 [00:00<00:00, 2688.52variants/s]
Fitting elastic net to top 148 variants
Best penalty (lambda) from cross-validation: 6.40E+00
Best R^2 from cross-validation: 0.579
Finding and printing selected variants
198 loaded variants
50 pre-filtered variants
148 tested variants
144 printed variants

True importance standardized:  [1.         0.25650288 0.56308247 0.69038769 0.27466488 0.32404758
 0.950545   0.81068825 0.65895002 0.35110182 0.         0.
 0.         0.         0.         0.         0.         0.
 0.         0.         0.         0.         0.         0.
 0.         0.         0.         0.         0.         0.
 0.         0.         0.         0.         0.         0.
 0.         0.         0.         0.         0.         0.
 0.         0.         0.         0.         0.         0.
 0.         0.         0.         0.         0.         0.
 0.         0.         0.         0.         0.         0.
 0.         0.         0.         0.         0.         0.
 0.         0.         0.         0.         0.         0.
 0.         0.         0.         0.         0.         0.
 0.         0.         0.         0.         0.         0.
 0.         0.         0.         0.         0.         0.
 0.         0.         0.         0.         0.         0.
 0.         0.         0.         0.         0.         0.
 0.         0.         0.         0.         0.         0.
 0.         0.         0.         0.         0.         0.
 0.         0.         0.         0.         0.         0.
 0.         0.         0.         0.         0.         0.
 0.         0.         0.         0.         0.         0.
 0.         0.         0.         0.         0.         0.
 0.         0.         0.         0.         0.         0.
 0.         0.         0.         0.         0.         0.
 0.         0.         0.         0.         0.         0.
 0.         0.         0.         0.         0.         0.
 0.         0.         0.         0.         0.         0.
 0.         0.         0.         0.         0.         0.
 0.         0.         0.         0.         0.         0.
 0.         0.         0.         0.         0.         0.
 0.         0.         0.         0.         0.         0.
 0.         0.         0.         0.         0.         0.
 0.         0.        ]
Normalized importance:  [0.87907183 0.07565807 0.50434017 0.74588096 0.06958494 0.15066379
 1.         0.91772686 0.53718919 0.08209987 0.         0.
 0.         0.         0.         0.         0.         0.
 0.         0.         0.         0.         0.         0.
 0.         0.         0.         0.         0.         0.
 0.         0.         0.         0.         0.         0.
 0.         0.         0.         0.         0.         0.
 0.         0.         0.         0.         0.         0.
 0.         0.         0.         0.         0.03321537 0.
 0.         0.         0.         0.         0.         0.
 0.         0.         0.         0.         0.         0.
 0.         0.         0.         0.         0.         0.
 0.         0.         0.         0.         0.         0.
 0.         0.         0.         0.         0.         0.
 0.         0.         0.         0.         0.         0.
 0.         0.         0.         0.         0.         0.
 0.         0.         0.         0.         0.         0.
 0.         0.         0.         0.         0.         0.
 0.         0.         0.         0.         0.         0.
 0.         0.         0.         0.         0.         0.
 0.         0.         0.         0.         0.         0.
 0.         0.         0.         0.         0.         0.
 0.         0.         0.         0.         0.         0.
 0.         0.         0.         0.         0.         0.
 0.         0.         0.         0.         0.         0.
 0.         0.         0.         0.         0.         0.
 0.         0.         0.         0.         0.         0.
 0.         0.         0.         0.         0.         0.
 0.         0.         0.         0.         0.         0.
 0.         0.         0.         0.         0.         0.
 0.         0.         0.         0.         0.         0.
 0.         0.         0.         0.         0.         0.
 0.         0.         0.         0.         0.         0.
 0.         0.        ]
deepbreaks
y_true:  [1. 0. 0. 1. 0. 0. 1. 1. 1. 0. 0. 0. 0. 0. 0. 0. 0. 0. 0. 0. 0. 0. 0. 0.
 0. 0. 0. 0. 0. 0. 0. 0. 0. 0. 0. 0. 0. 0. 0. 0. 0. 0. 0. 0. 0. 0. 0. 0.
 0. 0. 0. 0. 0. 0. 0. 0. 0. 0. 0. 0. 0. 0. 0. 0. 0. 0. 0. 0. 0. 0. 0. 0.
 0. 0. 0. 0. 0. 0. 0. 0. 0. 0. 0. 0. 0. 0. 0. 0. 0. 0. 0. 0. 0. 0. 0. 0.
 0. 0. 0. 0. 0. 0. 0. 0. 0. 0. 0. 0. 0. 0. 0. 0. 0. 0. 0. 0. 0. 0. 0. 0.
 0. 0. 0. 0. 0. 0. 0. 0. 0. 0. 0. 0. 0. 0. 0. 0. 0. 0. 0. 0. 0. 0. 0. 0.
 0. 0. 0. 0. 0. 0. 0. 0. 0. 0. 0. 0. 0. 0. 0. 0. 0. 0. 0. 0. 0. 0. 0. 0.
 0. 0. 0. 0. 0. 0. 0. 0. 0. 0. 0. 0. 0. 0. 0. 0. 0. 0. 0. 0. 0. 0. 0. 0.
 0. 0. 0. 0. 0. 0. 0. 0.]
y_pred:  [1. 0. 1. 1. 0. 0. 1. 1. 1. 0. 0. 0. 0. 0. 0. 0. 0. 0. 0. 0. 0. 0. 0. 0.
 0. 0. 0. 0. 0. 0. 0. 0. 0. 0. 0. 0. 0. 0. 0. 0. 0. 0. 0. 0. 0. 0. 0. 0.
 0. 0. 0. 0. 0. 0. 0. 0. 0. 0. 0. 0. 0. 0. 0. 0. 0. 0. 0. 0. 0. 0. 0. 0.
 0. 0. 0. 0. 0. 0. 0. 0. 0. 0. 0. 0. 0. 0. 0. 0. 0. 0. 0. 0. 0. 0. 0. 0.
 0. 0. 0. 0. 0. 0. 0. 0. 0. 0. 0. 0. 0. 0. 0. 0. 0. 0. 0. 0. 0. 0. 0. 0.
 0. 0. 0. 0. 0. 0. 0. 0. 0. 0. 0. 0. 0. 0. 0. 0. 0. 0. 0. 0. 0. 0. 0. 0.
 0. 0. 0. 0. 0. 0. 0. 0. 0. 0. 0. 0. 0. 0. 0. 0. 0. 0. 0. 0. 0. 0. 0. 0.
 0. 0. 0. 0. 0. 0. 0. 0. 0. 0. 0. 0. 0. 0. 0. 0. 0. 0. 0. 0. 0. 0. 0. 0.
 0. 0. 0. 0. 0. 0. 0. 0.]
Normalized importance:  [9.81132075e-01 2.99528302e-01 7.45283019e-01 8.67924528e-01
 3.70754717e-01 4.20283019e-01 1.00000000e+00 9.15094340e-01
 7.50000000e-01 3.68396226e-01 2.17452830e-01 2.25000000e-02
 1.67452830e-02 0.00000000e+00 0.00000000e+00 1.64150943e-02
 3.54245283e-02 5.89622642e-02 1.80188679e-02 1.16509434e-02
 0.00000000e+00 1.37264151e-02 2.27830189e-02 0.00000000e+00
 0.00000000e+00 6.74528302e-02 0.00000000e+00 6.60377358e-02
 0.00000000e+00 0.00000000e+00 1.01415094e-01 8.67924528e-02
 0.00000000e+00 1.69339623e-02 5.89622642e-02 2.38679245e-02
 0.00000000e+00 6.22641509e-02 4.63207547e-02 6.93396226e-02
 7.78301887e-02 0.00000000e+00 2.05188679e-02 1.16981132e-01
 1.08962264e-01 1.10849057e-01 9.48113208e-02 7.64150943e-02
 1.06132075e-01 8.82075472e-03 0.00000000e+00 3.61320755e-02
 1.83962264e-01 3.23113208e-02 1.04245283e-01 1.93867925e-02
 1.39150943e-01 0.00000000e+00 7.45283019e-02 7.16981132e-02
 0.00000000e+00 4.90566038e-02 0.00000000e+00 0.00000000e+00
 1.62735849e-02 9.29245283e-02 0.00000000e+00 2.91981132e-02
 9.10377358e-02 4.38679245e-03 4.95283019e-02 0.00000000e+00
 2.53301887e-02 0.00000000e+00 1.75000000e-02 0.00000000e+00
 5.99056604e-02 5.75471698e-02 8.06603774e-02 2.69339623e-03
 3.04245283e-02 0.00000000e+00 6.50943396e-02 7.07547170e-02
 6.46226415e-02 0.00000000e+00 0.00000000e+00 3.21698113e-02
 1.45283019e-01 1.08490566e-01 0.00000000e+00 7.40566038e-02
 0.00000000e+00 0.00000000e+00 1.10377358e-01 0.00000000e+00
 3.14622642e-02 2.87735849e-02 0.00000000e+00 0.00000000e+00
 5.00000000e-02 7.83018868e-02 5.80188679e-02 0.00000000e+00
 0.00000000e+00 0.00000000e+00 0.00000000e+00 1.59433962e-01
 1.37264151e-01 5.66037736e-02 9.43396226e-02 0.00000000e+00
 0.00000000e+00 3.37264151e-03 8.53773585e-02 5.75471698e-02
 2.08018868e-02 0.00000000e+00 0.00000000e+00 0.00000000e+00
 1.36320755e-02 3.15566038e-02 1.13207547e-01 1.42924528e-01
 5.00000000e-02 1.50943396e-01 6.17924528e-02 5.00000000e-02
 7.45283019e-02 6.46226415e-02 8.63207547e-02 8.49056604e-03
 0.00000000e+00 5.33018868e-02 1.91037736e-01 3.87735849e-02
 1.33490566e-01 7.83018868e-03 3.14150943e-02 5.09433962e-02
 1.06603774e-01 9.33962264e-02 0.00000000e+00 3.25000000e-02
 5.99056604e-02 0.00000000e+00 1.05188679e-01 1.40094340e-02
 3.56603774e-02 1.59433962e-01 0.00000000e+00 4.25000000e-02
 4.71698113e-02 3.71698113e-02 4.76415094e-02 0.00000000e+00
 6.13207547e-02 7.31132075e-02 4.95283019e-02 8.58490566e-02
 0.00000000e+00 8.49056604e-02 0.00000000e+00 9.38679245e-02
 0.00000000e+00 5.89622642e-02 2.59433962e-02 1.14150943e-02
 2.96698113e-02 7.07547170e-02 6.50943396e-02 7.26415094e-02
 1.27830189e-02 0.00000000e+00 1.44811321e-02 8.49056604e-05
 0.00000000e+00 0.00000000e+00 0.00000000e+00 1.83018868e-02
 4.76415094e-02 6.50943396e-02 4.67924528e-02 7.40566038e-02
 1.05660377e-01 8.72641509e-02 7.68867925e-02 0.00000000e+00
 1.05188679e-01 1.30660377e-01 9.15094340e-03 2.25943396e-02
 0.00000000e+00 2.24528302e-02 3.16981132e-03 0.00000000e+00
 0.00000000e+00 7.87735849e-02 0.00000000e+00 0.00000000e+00]
pyseer
y_true:  [1. 0. 0. 1. 0. 0. 1. 1. 1. 0. 0. 0. 0. 0. 0. 0. 0. 0. 0. 0. 0. 0. 0. 0.
 0. 0. 0. 0. 0. 0. 0. 0. 0. 0. 0. 0. 0. 0. 0. 0. 0. 0. 0. 0. 0. 0. 0. 0.
 0. 0. 0. 0. 0. 0. 0. 0. 0. 0. 0. 0. 0. 0. 0. 0. 0. 0. 0. 0. 0. 0. 0. 0.
 0. 0. 0. 0. 0. 0. 0. 0. 0. 0. 0. 0. 0. 0. 0. 0. 0. 0. 0. 0. 0. 0. 0. 0.
 0. 0. 0. 0. 0. 0. 0. 0. 0. 0. 0. 0. 0. 0. 0. 0. 0. 0. 0. 0. 0. 0. 0. 0.
 0. 0. 0. 0. 0. 0. 0. 0. 0. 0. 0. 0. 0. 0. 0. 0. 0. 0. 0. 0. 0. 0. 0. 0.
 0. 0. 0. 0. 0. 0. 0. 0. 0. 0. 0. 0. 0. 0. 0. 0. 0. 0. 0. 0. 0. 0. 0. 0.
 0. 0. 0. 0. 0. 0. 0. 0. 0. 0. 0. 0. 0. 0. 0. 0. 0. 0. 0. 0. 0. 0. 0. 0.
 0. 0. 0. 0. 0. 0. 0. 0.]
y_pred:  [1. 1. 1. 1. 1. 1. 1. 1. 1. 1. 1. 0. 0. 0. 0. 0. 0. 0. 0. 0. 0. 0. 0. 0.
 0. 1. 0. 1. 0. 0. 1. 1. 0. 0. 0. 0. 0. 1. 0. 1. 1. 0. 0. 1. 1. 1. 1. 1.
 1. 0. 0. 0. 1. 0. 1. 0. 1. 0. 1. 1. 0. 0. 0. 0. 0. 1. 0. 0. 1. 0. 0. 0.
 0. 0. 0. 0. 0. 0. 1. 0. 0. 0. 1. 1. 1. 0. 0. 0. 1. 1. 0. 1. 0. 0. 1. 0.
 0. 0. 0. 0. 0. 1. 0. 0. 0. 0. 0. 1. 1. 0. 1. 0. 0. 0. 1. 0. 0. 0. 0. 0.
 0. 0. 1. 1. 0. 1. 1. 0. 1. 1. 1. 0. 0. 0. 1. 0. 1. 0. 0. 0. 1. 1. 0. 0.
 0. 0. 1. 0. 0. 1. 0. 0. 0. 0. 0. 0. 0. 1. 0. 1. 0. 1. 0. 1. 0. 0. 0. 0.
 0. 1. 1. 1. 0. 0. 0. 0. 0. 0. 0. 0. 0. 1. 0. 1. 1. 1. 1. 0. 1. 1. 0. 0.
 0. 0. 0. 0. 0. 1. 0. 0.]
Time taken: 21.280382871627808 seconds
Running combination 15 of 50
Fitting RandomForest...
Fitting Adaboost...
Fitting AdaBoost_2...
Fitting et...
Fitting gbc...
Fitting gbc_2...
Fitting gbc_3...
Fitting dt...
Fitting lr...
Fitting Lasso_1...
Fitting Lasso_2...
Fitting Lasso_3...
Fitting Lasso_4...
Fitting elasticnet...
VCF file created successfully.
pyseer stderr:  Read 1000 phenotypes
Detected continuous phenotype
Reading all variants

0variants [00:00, ?variants/s]
43variants [00:00, 365.18variants/s]
80variants [00:00, 356.10variants/s]
136variants [00:00, 442.11variants/s]
192variants [00:00, 485.41variants/s]
198variants [00:00, 453.47variants/s]
Applying correlation filtering

  0%|          | 0/198 [00:00<?, ?variants/s]
100%|██████████| 198/198 [00:00<00:00, 2697.01variants/s]
Fitting elastic net to top 148 variants
Best penalty (lambda) from cross-validation: 4.76E+00
Best R^2 from cross-validation: 0.566
Finding and printing selected variants
198 loaded variants
50 pre-filtered variants
148 tested variants
142 printed variants

True importance standardized:  [0.82242747 0.55718315 0.20537568 0.61162616 0.56884447 1.
 0.49884884 0.12848663 0.27289175 0.39612664 0.         0.
 0.         0.         0.         0.         0.         0.
 0.         0.         0.         0.         0.         0.
 0.         0.         0.         0.         0.         0.
 0.         0.         0.         0.         0.         0.
 0.         0.         0.         0.         0.         0.
 0.         0.         0.         0.         0.         0.
 0.         0.         0.         0.         0.         0.
 0.         0.         0.         0.         0.         0.
 0.         0.         0.         0.         0.         0.
 0.         0.         0.         0.         0.         0.
 0.         0.         0.         0.         0.         0.
 0.         0.         0.         0.         0.         0.
 0.         0.         0.         0.         0.         0.
 0.         0.         0.         0.         0.         0.
 0.         0.         0.         0.         0.         0.
 0.         0.         0.         0.         0.         0.
 0.         0.         0.         0.         0.         0.
 0.         0.         0.         0.         0.         0.
 0.         0.         0.         0.         0.         0.
 0.         0.         0.         0.         0.         0.
 0.         0.         0.         0.         0.         0.
 0.         0.         0.         0.         0.         0.
 0.         0.         0.         0.         0.         0.
 0.         0.         0.         0.         0.         0.
 0.         0.         0.         0.         0.         0.
 0.         0.         0.         0.         0.         0.
 0.         0.         0.         0.         0.         0.
 0.         0.         0.         0.         0.         0.
 0.         0.         0.         0.         0.         0.
 0.         0.         0.         0.         0.         0.
 0.         0.         0.         0.         0.         0.
 0.         0.        ]
Normalized importance:  [0.8073693  0.39481549 0.10070486 0.54490679 0.30495907 1.
 0.21298334 0.         0.         0.20228292 0.         0.
 0.         0.         0.         0.         0.         0.
 0.         0.         0.         0.         0.         0.
 0.         0.         0.         0.         0.         0.
 0.         0.         0.         0.         0.         0.
 0.         0.         0.         0.         0.         0.
 0.         0.         0.         0.         0.         0.
 0.         0.         0.         0.         0.         0.
 0.         0.         0.         0.         0.         0.
 0.         0.         0.         0.         0.         0.
 0.         0.         0.         0.         0.         0.
 0.         0.         0.         0.         0.         0.
 0.         0.         0.         0.         0.         0.
 0.         0.         0.         0.         0.         0.
 0.         0.         0.         0.         0.         0.
 0.         0.         0.         0.         0.         0.
 0.         0.         0.         0.         0.         0.
 0.         0.         0.         0.         0.         0.
 0.         0.         0.         0.         0.         0.
 0.         0.         0.         0.         0.         0.
 0.         0.         0.         0.         0.         0.
 0.         0.         0.         0.         0.         0.
 0.         0.         0.         0.         0.         0.
 0.         0.         0.         0.         0.         0.
 0.         0.         0.         0.         0.         0.
 0.         0.         0.         0.         0.         0.
 0.         0.         0.         0.         0.         0.
 0.         0.         0.         0.         0.         0.
 0.         0.         0.         0.         0.         0.
 0.         0.         0.         0.         0.         0.
 0.         0.         0.         0.         0.         0.
 0.         0.         0.         0.         0.         0.
 0.         0.        ]
deepbreaks
y_true:  [1. 1. 0. 1. 1. 1. 0. 0. 0. 0. 0. 0. 0. 0. 0. 0. 0. 0. 0. 0. 0. 0. 0. 0.
 0. 0. 0. 0. 0. 0. 0. 0. 0. 0. 0. 0. 0. 0. 0. 0. 0. 0. 0. 0. 0. 0. 0. 0.
 0. 0. 0. 0. 0. 0. 0. 0. 0. 0. 0. 0. 0. 0. 0. 0. 0. 0. 0. 0. 0. 0. 0. 0.
 0. 0. 0. 0. 0. 0. 0. 0. 0. 0. 0. 0. 0. 0. 0. 0. 0. 0. 0. 0. 0. 0. 0. 0.
 0. 0. 0. 0. 0. 0. 0. 0. 0. 0. 0. 0. 0. 0. 0. 0. 0. 0. 0. 0. 0. 0. 0. 0.
 0. 0. 0. 0. 0. 0. 0. 0. 0. 0. 0. 0. 0. 0. 0. 0. 0. 0. 0. 0. 0. 0. 0. 0.
 0. 0. 0. 0. 0. 0. 0. 0. 0. 0. 0. 0. 0. 0. 0. 0. 0. 0. 0. 0. 0. 0. 0. 0.
 0. 0. 0. 0. 0. 0. 0. 0. 0. 0. 0. 0. 0. 0. 0. 0. 0. 0. 0. 0. 0. 0. 0. 0.
 0. 0. 0. 0. 0. 0. 0. 0.]
y_pred:  [1. 1. 0. 1. 0. 1. 0. 0. 0. 0. 0. 0. 0. 0. 0. 0. 0. 0. 0. 0. 0. 0. 0. 0.
 0. 0. 0. 0. 0. 0. 0. 0. 0. 0. 0. 0. 0. 0. 0. 0. 0. 0. 0. 0. 0. 0. 0. 0.
 0. 0. 0. 0. 0. 0. 0. 0. 0. 0. 0. 0. 0. 0. 0. 0. 0. 0. 0. 0. 0. 0. 0. 0.
 0. 0. 0. 0. 0. 0. 0. 0. 0. 0. 0. 0. 0. 0. 0. 0. 0. 0. 0. 0. 0. 0. 0. 0.
 0. 0. 0. 0. 0. 0. 0. 0. 0. 0. 0. 0. 0. 0. 0. 0. 0. 0. 0. 0. 0. 0. 0. 0.
 0. 0. 0. 0. 0. 0. 0. 0. 0. 0. 0. 0. 0. 0. 0. 0. 0. 0. 0. 0. 0. 0. 0. 0.
 0. 0. 0. 0. 0. 0. 0. 0. 0. 0. 0. 0. 0. 0. 0. 0. 0. 0. 0. 0. 0. 0. 0. 0.
 0. 0. 0. 0. 0. 0. 0. 0. 0. 0. 0. 0. 0. 0. 0. 0. 0. 0. 0. 0. 0. 0. 0. 0.
 0. 0. 0. 0. 0. 0. 0. 0.]
Normalized importance:  [8.74074074e-01 5.82222222e-01 3.52592593e-01 6.56296296e-01
 5.89629630e-01 1.00000000e+00 4.67407407e-01 7.20000000e-02
 1.52592593e-01 3.78518519e-01 2.30370370e-03 8.07407407e-02
 1.02962963e-01 2.82222222e-02 0.00000000e+00 0.00000000e+00
 6.05185185e-02 3.92592593e-02 3.33333333e-02 0.00000000e+00
 2.10370370e-02 6.15555556e-02 1.97777778e-02 0.00000000e+00
 3.43703704e-02 0.00000000e+00 2.08148148e-03 7.55555556e-02
 0.00000000e+00 1.01481481e-01 3.45185185e-02 0.00000000e+00
 0.00000000e+00 7.37037037e-02 3.63703704e-02 1.11851852e-01
 0.00000000e+00 6.48148148e-02 2.96296296e-03 5.82222222e-02
 0.00000000e+00 3.86666667e-02 3.96296296e-02 8.37037037e-02
 0.00000000e+00 0.00000000e+00 1.06666667e-01 1.00000000e-01
 5.44444444e-02 1.00000000e-01 7.14074074e-02 8.29629630e-02
 0.00000000e+00 0.00000000e+00 1.25925926e-01 9.77777778e-02
 8.00000000e-03 2.60000000e-02 5.99259259e-02 2.81481481e-02
 0.00000000e+00 5.68148148e-02 8.74074074e-02 9.55555556e-02
 4.21481481e-02 4.24444444e-02 2.72592593e-02 0.00000000e+00
 7.55555556e-02 0.00000000e+00 0.00000000e+00 0.00000000e+00
 0.00000000e+00 4.42962963e-02 0.00000000e+00 4.39259259e-02
 8.44444444e-02 8.59259259e-02 7.25925926e-03 0.00000000e+00
 8.44444444e-03 0.00000000e+00 3.49629630e-02 5.30370370e-02
 9.48148148e-02 5.59259259e-02 1.96296296e-03 0.00000000e+00
 6.20740741e-03 3.75555556e-02 9.40740741e-02 4.15555556e-02
 0.00000000e+00 0.00000000e+00 8.37037037e-02 0.00000000e+00
 5.56296296e-02 0.00000000e+00 1.77777778e-02 3.14074074e-05
 4.56296296e-02 6.39259259e-02 2.60740741e-02 0.00000000e+00
 1.40740741e-02 7.34074074e-02 1.22962963e-01 2.33333333e-02
 1.73333333e-02 0.00000000e+00 0.00000000e+00 0.00000000e+00
 0.00000000e+00 0.00000000e+00 1.73333333e-01 8.22222222e-02
 0.00000000e+00 1.65185185e-02 2.80000000e-02 4.87407407e-04
 7.92592593e-02 2.02962963e-02 6.59259259e-02 8.37037037e-03
 7.22222222e-03 0.00000000e+00 0.00000000e+00 7.16296296e-02
 4.82222222e-02 2.97777778e-02 0.00000000e+00 4.41481481e-02
 1.00740741e-01 1.02222222e-01 0.00000000e+00 0.00000000e+00
 2.24444444e-02 6.92592593e-02 8.00000000e-02 2.71851852e-02
 0.00000000e+00 2.67407407e-02 7.07407407e-02 1.25925926e-01
 1.05925926e-01 0.00000000e+00 1.00000000e-01 1.67407407e-02
 0.00000000e+00 4.45185185e-02 2.54814815e-02 3.76296296e-02
 0.00000000e+00 6.97037037e-02 0.00000000e+00 5.02962963e-02
 2.94814815e-02 0.00000000e+00 0.00000000e+00 0.00000000e+00
 6.56296296e-02 6.12592593e-03 2.77037037e-03 0.00000000e+00
 6.69629630e-02 1.91111111e-02 0.00000000e+00 1.72592593e-02
 3.72592593e-03 2.88148148e-02 8.14814815e-02 8.96296296e-03
 9.40740741e-02 5.00000000e-02 4.92592593e-02 5.07407407e-02
 1.29629630e-02 3.86666667e-02 8.29629630e-02 7.17777778e-02
 0.00000000e+00 6.09629630e-02 3.99259259e-02 7.25185185e-02
 9.55555556e-02 7.48148148e-02 0.00000000e+00 7.01481481e-02
 0.00000000e+00 0.00000000e+00 1.60740741e-02 4.48888889e-04
 6.31111111e-02 0.00000000e+00 1.02962963e-01 0.00000000e+00
 4.17037037e-02 6.78518519e-02 0.00000000e+00 0.00000000e+00]
pyseer
y_true:  [1. 1. 0. 1. 1. 1. 0. 0. 0. 0. 0. 0. 0. 0. 0. 0. 0. 0. 0. 0. 0. 0. 0. 0.
 0. 0. 0. 0. 0. 0. 0. 0. 0. 0. 0. 0. 0. 0. 0. 0. 0. 0. 0. 0. 0. 0. 0. 0.
 0. 0. 0. 0. 0. 0. 0. 0. 0. 0. 0. 0. 0. 0. 0. 0. 0. 0. 0. 0. 0. 0. 0. 0.
 0. 0. 0. 0. 0. 0. 0. 0. 0. 0. 0. 0. 0. 0. 0. 0. 0. 0. 0. 0. 0. 0. 0. 0.
 0. 0. 0. 0. 0. 0. 0. 0. 0. 0. 0. 0. 0. 0. 0. 0. 0. 0. 0. 0. 0. 0. 0. 0.
 0. 0. 0. 0. 0. 0. 0. 0. 0. 0. 0. 0. 0. 0. 0. 0. 0. 0. 0. 0. 0. 0. 0. 0.
 0. 0. 0. 0. 0. 0. 0. 0. 0. 0. 0. 0. 0. 0. 0. 0. 0. 0. 0. 0. 0. 0. 0. 0.
 0. 0. 0. 0. 0. 0. 0. 0. 0. 0. 0. 0. 0. 0. 0. 0. 0. 0. 0. 0. 0. 0. 0. 0.
 0. 0. 0. 0. 0. 0. 0. 0.]
y_pred:  [1. 1. 1. 1. 1. 1. 1. 1. 1. 1. 0. 1. 1. 0. 0. 0. 1. 0. 0. 0. 0. 1. 0. 0.
 0. 0. 0. 1. 0. 1. 0. 0. 0. 1. 0. 1. 0. 1. 0. 1. 0. 0. 0. 1. 0. 0. 1. 1.
 0. 1. 1. 1. 0. 0. 1. 1. 0. 0. 1. 0. 0. 1. 1. 1. 0. 0. 0. 0. 1. 0. 0. 0.
 0. 0. 0. 0. 1. 1. 0. 0. 0. 0. 0. 0. 1. 1. 0. 0. 0. 0. 1. 0. 0. 0. 1. 0.
 1. 0. 0. 0. 0. 1. 0. 0. 0. 1. 1. 0. 0. 0. 0. 0. 0. 0. 1. 1. 0. 0. 0. 0.
 1. 0. 1. 0. 0. 0. 0. 1. 0. 0. 0. 0. 1. 1. 0. 0. 0. 1. 1. 0. 0. 0. 1. 1.
 1. 0. 1. 0. 0. 0. 0. 0. 0. 1. 0. 0. 0. 0. 0. 0. 1. 0. 0. 0. 1. 0. 0. 0.
 0. 0. 1. 0. 1. 0. 0. 0. 0. 0. 1. 1. 0. 1. 0. 1. 1. 1. 0. 1. 0. 0. 0. 0.
 1. 0. 1. 0. 0. 1. 0. 0.]
Time taken: 21.74606156349182 seconds
Running combination 16 of 50
Fitting RandomForest...
Fitting Adaboost...
Fitting AdaBoost_2...
Fitting et...
Fitting gbc...
Fitting gbc_2...
Fitting gbc_3...
Fitting dt...
Fitting lr...
Fitting Lasso_1...
Fitting Lasso_2...
Fitting Lasso_3...
Fitting Lasso_4...
Fitting elasticnet...
VCF file created successfully.
pyseer stderr:  Read 1000 phenotypes
Detected continuous phenotype
Reading all variants

0variants [00:00, ?variants/s]
54variants [00:00, 536.06variants/s]
108variants [00:00, 475.73variants/s]
164variants [00:00, 507.56variants/s]
198variants [00:00, 512.15variants/s]
Applying correlation filtering

  0%|          | 0/198 [00:00<?, ?variants/s]
100%|██████████| 198/198 [00:00<00:00, 2654.31variants/s]
Fitting elastic net to top 148 variants
Best penalty (lambda) from cross-validation: 9.48E+00
Best R^2 from cross-validation: 0.520
Finding and printing selected variants
198 loaded variants
50 pre-filtered variants
148 tested variants
141 printed variants

True importance standardized:  [1.         0.79389512 0.28435718 0.36018985 0.83202742 0.19520017
 0.9474421  0.53090654 0.52731163 0.27252788 0.         0.
 0.         0.         0.         0.         0.         0.
 0.         0.         0.         0.         0.         0.
 0.         0.         0.         0.         0.         0.
 0.         0.         0.         0.         0.         0.
 0.         0.         0.         0.         0.         0.
 0.         0.         0.         0.         0.         0.
 0.         0.         0.         0.         0.         0.
 0.         0.         0.         0.         0.         0.
 0.         0.         0.         0.         0.         0.
 0.         0.         0.         0.         0.         0.
 0.         0.         0.         0.         0.         0.
 0.         0.         0.         0.         0.         0.
 0.         0.         0.         0.         0.         0.
 0.         0.         0.         0.         0.         0.
 0.         0.         0.         0.         0.         0.
 0.         0.         0.         0.         0.         0.
 0.         0.         0.         0.         0.         0.
 0.         0.         0.         0.         0.         0.
 0.         0.         0.         0.         0.         0.
 0.         0.         0.         0.         0.         0.
 0.         0.         0.         0.         0.         0.
 0.         0.         0.         0.         0.         0.
 0.         0.         0.         0.         0.         0.
 0.         0.         0.         0.         0.         0.
 0.         0.         0.         0.         0.         0.
 0.         0.         0.         0.         0.         0.
 0.         0.         0.         0.         0.         0.
 0.         0.         0.         0.         0.         0.
 0.         0.         0.         0.         0.         0.
 0.         0.         0.         0.         0.         0.
 0.         0.         0.         0.         0.         0.
 0.         0.        ]
Normalized importance:  [0.92698061 0.61285209 0.04768018 0.08779418 1.         0.06849847
 0.81624543 0.36578723 0.26962125 0.08873473 0.         0.
 0.         0.         0.         0.         0.         0.
 0.         0.         0.         0.         0.         0.
 0.         0.         0.         0.         0.         0.
 0.         0.         0.         0.         0.         0.
 0.         0.         0.         0.         0.         0.
 0.         0.         0.         0.         0.         0.
 0.         0.         0.         0.         0.         0.
 0.         0.         0.         0.         0.         0.
 0.         0.         0.         0.         0.         0.
 0.         0.         0.         0.         0.         0.
 0.         0.         0.         0.         0.         0.
 0.         0.         0.         0.         0.         0.
 0.         0.         0.         0.         0.         0.
 0.         0.         0.         0.         0.         0.
 0.         0.         0.         0.         0.         0.
 0.         0.         0.         0.         0.         0.
 0.         0.         0.         0.         0.         0.
 0.         0.         0.         0.         0.         0.
 0.         0.         0.         0.         0.         0.
 0.         0.         0.         0.         0.         0.
 0.         0.         0.         0.         0.         0.
 0.         0.         0.         0.         0.         0.
 0.         0.         0.         0.         0.         0.
 0.         0.         0.         0.         0.         0.
 0.         0.         0.         0.         0.         0.
 0.         0.         0.         0.         0.         0.
 0.         0.         0.         0.         0.         0.
 0.         0.         0.         0.         0.         0.
 0.         0.         0.         0.         0.         0.
 0.         0.         0.         0.         0.         0.
 0.         0.         0.         0.         0.02966814 0.
 0.         0.        ]
deepbreaks
y_true:  [1. 1. 0. 0. 1. 0. 1. 1. 0. 0. 0. 0. 0. 0. 0. 0. 0. 0. 0. 0. 0. 0. 0. 0.
 0. 0. 0. 0. 0. 0. 0. 0. 0. 0. 0. 0. 0. 0. 0. 0. 0. 0. 0. 0. 0. 0. 0. 0.
 0. 0. 0. 0. 0. 0. 0. 0. 0. 0. 0. 0. 0. 0. 0. 0. 0. 0. 0. 0. 0. 0. 0. 0.
 0. 0. 0. 0. 0. 0. 0. 0. 0. 0. 0. 0. 0. 0. 0. 0. 0. 0. 0. 0. 0. 0. 0. 0.
 0. 0. 0. 0. 0. 0. 0. 0. 0. 0. 0. 0. 0. 0. 0. 0. 0. 0. 0. 0. 0. 0. 0. 0.
 0. 0. 0. 0. 0. 0. 0. 0. 0. 0. 0. 0. 0. 0. 0. 0. 0. 0. 0. 0. 0. 0. 0. 0.
 0. 0. 0. 0. 0. 0. 0. 0. 0. 0. 0. 0. 0. 0. 0. 0. 0. 0. 0. 0. 0. 0. 0. 0.
 0. 0. 0. 0. 0. 0. 0. 0. 0. 0. 0. 0. 0. 0. 0. 0. 0. 0. 0. 0. 0. 0. 0. 0.
 0. 0. 0. 0. 0. 0. 0. 0.]
y_pred:  [1. 1. 0. 0. 1. 0. 1. 1. 1. 0. 0. 0. 0. 0. 0. 0. 0. 0. 0. 0. 0. 0. 0. 0.
 0. 0. 0. 0. 0. 0. 0. 0. 0. 0. 0. 0. 0. 0. 0. 0. 0. 0. 0. 0. 0. 0. 0. 0.
 0. 0. 0. 0. 0. 0. 0. 0. 0. 0. 0. 0. 0. 0. 0. 0. 0. 0. 0. 0. 0. 0. 0. 0.
 0. 0. 0. 0. 0. 0. 0. 0. 0. 0. 0. 0. 0. 0. 0. 0. 0. 0. 0. 0. 0. 0. 0. 0.
 0. 0. 0. 0. 0. 0. 0. 0. 0. 0. 0. 0. 0. 0. 0. 0. 0. 0. 0. 0. 0. 0. 0. 0.
 0. 0. 0. 0. 0. 0. 0. 0. 0. 0. 0. 0. 0. 0. 0. 0. 0. 0. 0. 0. 0. 0. 0. 0.
 0. 0. 0. 0. 0. 0. 0. 0. 0. 0. 0. 0. 0. 0. 0. 0. 0. 0. 0. 0. 0. 0. 0. 0.
 0. 0. 0. 0. 0. 0. 0. 0. 0. 0. 0. 0. 0. 0. 0. 0. 0. 0. 0. 0. 0. 0. 0. 0.
 0. 0. 0. 0. 0. 0. 0. 0.]
Normalized importance:  [0.98214286 0.83035714 0.23928571 0.32991071 0.90178571 0.215625
 1.         0.5625     0.69642857 0.35803571 0.         0.00553571
 0.07098214 0.08035714 0.         0.115625   0.00544643 0.
 0.00464286 0.         0.09285714 0.04165179 0.04008929 0.
 0.         0.00403125 0.         0.         0.         0.16517857
 0.06964286 0.07410714 0.11473214 0.         0.018125   0.06830357
 0.08169643 0.07991071 0.         0.05133929 0.02665179 0.
 0.05446429 0.         0.         0.         0.09642857 0.01169643
 0.         0.00915179 0.         0.         0.14375    0.
 0.         0.         0.17276786 0.11026786 0.13392857 0.04508929
 0.0875     0.         0.03361607 0.13526786 0.11160714 0.23392857
 0.005      0.09285714 0.10401786 0.03       0.09955357 0.
 0.075      0.         0.07232143 0.10223214 0.04508929 0.
 0.         0.1        0.12098214 0.         0.10267857 0.
 0.09821429 0.0321875  0.         0.128125   0.01491071 0.05803571
 0.00959821 0.04910714 0.06785714 0.18125    0.04053571 0.
 0.         0.19776786 0.12142857 0.12098214 0.         0.03700893
 0.09017857 0.         0.         0.16383929 0.084375   0.09910714
 0.00204911 0.10178571 0.         0.04598214 0.023125   0.11651786
 0.03375    0.12142857 0.         0.00575893 0.         0.08794643
 0.06116071 0.00892857 0.08526786 0.06026786 0.08482143 0.04776786
 0.         0.125      0.05892857 0.03504464 0.11116071 0.
 0.11383929 0.00651786 0.         0.02892857 0.04776786 0.12053571
 0.05714286 0.06160714 0.078125   0.08303571 0.04299107 0.08214286
 0.04910714 0.         0.11964286 0.02589286 0.09732143 0.11741071
 0.09375    0.14866071 0.11607143 0.00808036 0.01236607 0.
 0.         0.06160714 0.04392857 0.00834821 0.         0.06741071
 0.         0.         0.13928571 0.01044643 0.07767857 0.
 0.14107143 0.05044643 0.         0.         0.         0.
 0.00642857 0.0075     0.15401786 0.00785714 0.12366071 0.019375
 0.00910714 0.15178571 0.00933036 0.033125   0.09910714 0.06785714
 0.02075893 0.18125    0.         0.01866071 0.10848214 0.
 0.         0.00139286 0.         0.         0.16875    0.
 0.         0.        ]
pyseer
y_true:  [1. 1. 0. 0. 1. 0. 1. 1. 0. 0. 0. 0. 0. 0. 0. 0. 0. 0. 0. 0. 0. 0. 0. 0.
 0. 0. 0. 0. 0. 0. 0. 0. 0. 0. 0. 0. 0. 0. 0. 0. 0. 0. 0. 0. 0. 0. 0. 0.
 0. 0. 0. 0. 0. 0. 0. 0. 0. 0. 0. 0. 0. 0. 0. 0. 0. 0. 0. 0. 0. 0. 0. 0.
 0. 0. 0. 0. 0. 0. 0. 0. 0. 0. 0. 0. 0. 0. 0. 0. 0. 0. 0. 0. 0. 0. 0. 0.
 0. 0. 0. 0. 0. 0. 0. 0. 0. 0. 0. 0. 0. 0. 0. 0. 0. 0. 0. 0. 0. 0. 0. 0.
 0. 0. 0. 0. 0. 0. 0. 0. 0. 0. 0. 0. 0. 0. 0. 0. 0. 0. 0. 0. 0. 0. 0. 0.
 0. 0. 0. 0. 0. 0. 0. 0. 0. 0. 0. 0. 0. 0. 0. 0. 0. 0. 0. 0. 0. 0. 0. 0.
 0. 0. 0. 0. 0. 0. 0. 0. 0. 0. 0. 0. 0. 0. 0. 0. 0. 0. 0. 0. 0. 0. 0. 0.
 0. 0. 0. 0. 0. 0. 0. 0.]
y_pred:  [1. 1. 1. 1. 1. 1. 1. 1. 1. 1. 0. 0. 0. 1. 0. 1. 0. 0. 0. 0. 1. 0. 0. 0.
 0. 0. 0. 0. 0. 1. 0. 0. 1. 0. 0. 0. 1. 1. 0. 0. 0. 0. 0. 0. 0. 0. 1. 0.
 0. 0. 0. 0. 1. 0. 0. 0. 1. 1. 1. 0. 1. 0. 0. 1. 1. 1. 0. 1. 1. 0. 1. 0.
 0. 0. 0. 1. 0. 0. 0. 1. 1. 0. 1. 0. 1. 0. 0. 1. 0. 0. 0. 0. 0. 1. 0. 0.
 0. 1. 1. 1. 0. 0. 1. 0. 0. 1. 1. 1. 0. 1. 0. 0. 0. 1. 0. 1. 0. 0. 0. 1.
 0. 0. 1. 0. 1. 0. 0. 1. 0. 0. 1. 0. 1. 0. 0. 0. 0. 1. 0. 0. 1. 1. 0. 1.
 0. 0. 1. 0. 1. 1. 1. 1. 1. 0. 0. 0. 0. 0. 0. 0. 0. 0. 0. 0. 1. 0. 0. 0.
 1. 0. 0. 0. 0. 0. 0. 0. 1. 0. 1. 0. 0. 1. 0. 0. 1. 0. 0. 1. 0. 0. 1. 0.
 0. 0. 0. 0. 1. 0. 0. 0.]
Time taken: 21.19577145576477 seconds
Running combination 17 of 50
Fitting RandomForest...
Fitting Adaboost...
Fitting AdaBoost_2...
Fitting et...
Fitting gbc...
Fitting gbc_2...
Fitting gbc_3...
Fitting dt...
Fitting lr...
Fitting Lasso_1...
Fitting Lasso_2...
Fitting Lasso_3...
Fitting Lasso_4...
Fitting elasticnet...
VCF file created successfully.
pyseer stderr:  Read 1000 phenotypes
Detected continuous phenotype
Reading all variants

0variants [00:00, ?variants/s]
55variants [00:00, 542.18variants/s]
110variants [00:00, 481.77variants/s]
165variants [00:00, 508.14variants/s]
198variants [00:00, 514.71variants/s]
Applying correlation filtering

  0%|          | 0/198 [00:00<?, ?variants/s]
100%|██████████| 198/198 [00:00<00:00, 2697.91variants/s]
Fitting elastic net to top 148 variants
Best penalty (lambda) from cross-validation: 6.61E+00
Best R^2 from cross-validation: 0.521
Finding and printing selected variants
198 loaded variants
50 pre-filtered variants
148 tested variants
143 printed variants

True importance standardized:  [0.57138463 0.80424382 0.78091196 0.39208082 0.70190793 0.43233239
 0.38663023 0.12641288 1.         0.623341   0.         0.
 0.         0.         0.         0.         0.         0.
 0.         0.         0.         0.         0.         0.
 0.         0.         0.         0.         0.         0.
 0.         0.         0.         0.         0.         0.
 0.         0.         0.         0.         0.         0.
 0.         0.         0.         0.         0.         0.
 0.         0.         0.         0.         0.         0.
 0.         0.         0.         0.         0.         0.
 0.         0.         0.         0.         0.         0.
 0.         0.         0.         0.         0.         0.
 0.         0.         0.         0.         0.         0.
 0.         0.         0.         0.         0.         0.
 0.         0.         0.         0.         0.         0.
 0.         0.         0.         0.         0.         0.
 0.         0.         0.         0.         0.         0.
 0.         0.         0.         0.         0.         0.
 0.         0.         0.         0.         0.         0.
 0.         0.         0.         0.         0.         0.
 0.         0.         0.         0.         0.         0.
 0.         0.         0.         0.         0.         0.
 0.         0.         0.         0.         0.         0.
 0.         0.         0.         0.         0.         0.
 0.         0.         0.         0.         0.         0.
 0.         0.         0.         0.         0.         0.
 0.         0.         0.         0.         0.         0.
 0.         0.         0.         0.         0.         0.
 0.         0.         0.         0.         0.         0.
 0.         0.         0.         0.         0.         0.
 0.         0.         0.         0.         0.         0.
 0.         0.         0.         0.         0.         0.
 0.         0.         0.         0.         0.         0.
 0.         0.        ]
Normalized importance:  [0.36747043 0.96447117 0.58073157 0.13348797 0.64931636 0.12620627
 0.10204091 0.         1.         0.52242379 0.         0.
 0.         0.         0.         0.         0.         0.
 0.         0.         0.         0.         0.         0.
 0.         0.         0.         0.         0.         0.
 0.         0.         0.         0.         0.         0.
 0.         0.         0.04643017 0.         0.         0.
 0.         0.         0.         0.         0.         0.
 0.         0.         0.         0.         0.         0.
 0.         0.         0.         0.         0.         0.
 0.09260514 0.         0.         0.         0.         0.
 0.         0.03721744 0.         0.         0.         0.
 0.00871759 0.         0.         0.         0.         0.
 0.         0.         0.         0.         0.         0.
 0.         0.         0.         0.         0.         0.
 0.         0.         0.         0.         0.         0.
 0.         0.         0.         0.         0.         0.
 0.         0.         0.         0.         0.         0.
 0.         0.         0.         0.         0.         0.
 0.         0.         0.         0.         0.         0.
 0.         0.         0.         0.         0.         0.
 0.         0.         0.         0.         0.         0.
 0.         0.         0.         0.         0.         0.
 0.         0.         0.         0.         0.         0.
 0.         0.         0.         0.         0.         0.
 0.         0.         0.         0.         0.         0.
 0.         0.         0.         0.         0.         0.
 0.         0.         0.         0.         0.         0.
 0.         0.         0.         0.         0.         0.
 0.         0.         0.         0.         0.         0.
 0.         0.         0.         0.         0.         0.
 0.         0.         0.         0.         0.         0.
 0.         0.         0.         0.         0.         0.
 0.         0.        ]
deepbreaks
y_true:  [0. 1. 1. 0. 1. 0. 0. 0. 1. 1. 0. 0. 0. 0. 0. 0. 0. 0. 0. 0. 0. 0. 0. 0.
 0. 0. 0. 0. 0. 0. 0. 0. 0. 0. 0. 0. 0. 0. 0. 0. 0. 0. 0. 0. 0. 0. 0. 0.
 0. 0. 0. 0. 0. 0. 0. 0. 0. 0. 0. 0. 0. 0. 0. 0. 0. 0. 0. 0. 0. 0. 0. 0.
 0. 0. 0. 0. 0. 0. 0. 0. 0. 0. 0. 0. 0. 0. 0. 0. 0. 0. 0. 0. 0. 0. 0. 0.
 0. 0. 0. 0. 0. 0. 0. 0. 0. 0. 0. 0. 0. 0. 0. 0. 0. 0. 0. 0. 0. 0. 0. 0.
 0. 0. 0. 0. 0. 0. 0. 0. 0. 0. 0. 0. 0. 0. 0. 0. 0. 0. 0. 0. 0. 0. 0. 0.
 0. 0. 0. 0. 0. 0. 0. 0. 0. 0. 0. 0. 0. 0. 0. 0. 0. 0. 0. 0. 0. 0. 0. 0.
 0. 0. 0. 0. 0. 0. 0. 0. 0. 0. 0. 0. 0. 0. 0. 0. 0. 0. 0. 0. 0. 0. 0. 0.
 0. 0. 0. 0. 0. 0. 0. 0.]
y_pred:  [1. 1. 1. 1. 1. 0. 0. 0. 1. 1. 0. 0. 0. 0. 0. 0. 0. 0. 0. 0. 0. 0. 0. 0.
 0. 0. 0. 0. 0. 0. 0. 0. 0. 0. 0. 0. 0. 0. 0. 0. 0. 0. 0. 0. 0. 0. 0. 0.
 0. 0. 0. 0. 0. 0. 0. 0. 0. 0. 0. 0. 0. 0. 0. 0. 0. 0. 0. 0. 0. 0. 0. 0.
 0. 0. 0. 0. 0. 0. 0. 0. 0. 0. 0. 0. 0. 0. 0. 0. 0. 0. 0. 0. 0. 0. 0. 0.
 0. 0. 0. 0. 0. 0. 0. 0. 0. 0. 0. 0. 0. 0. 0. 0. 0. 0. 0. 0. 0. 0. 0. 0.
 0. 0. 0. 0. 0. 0. 0. 0. 0. 0. 0. 0. 0. 0. 0. 0. 0. 0. 0. 0. 0. 0. 0. 0.
 0. 0. 0. 0. 0. 0. 0. 0. 0. 0. 0. 0. 0. 0. 0. 0. 0. 0. 0. 0. 0. 0. 0. 0.
 0. 0. 0. 0. 0. 0. 0. 0. 0. 0. 0. 0. 0. 0. 0. 0. 0. 0. 0. 0. 0. 0. 0. 0.
 0. 0. 0. 0. 0. 0. 0. 0.]
Normalized importance:  [0.64647887 0.88028169 0.65       0.36478873 0.73943662 0.44295775
 0.31549296 0.22323944 1.         0.65704225 0.05816901 0.05950704
 0.04309859 0.         0.         0.03091549 0.07112676 0.03767606
 0.00215493 0.02549296 0.02274648 0.01521127 0.         0.02901408
 0.08661972 0.         0.         0.11549296 0.         0.04767606
 0.03140845 0.         0.01521127 0.12605634 0.05457746 0.03598592
 0.08591549 0.05598592 0.13239437 0.         0.14507042 0.
 0.03725352 0.10915493 0.08732394 0.11267606 0.02401408 0.06978873
 0.         0.0156338  0.10774648 0.06901408 0.04887324 0.11830986
 0.00530282 0.09366197 0.         0.0506338  0.08521127 0.10633803
 0.24929577 0.15140845 0.         0.02415493 0.07253521 0.
 0.         0.14788732 0.01774648 0.08169014 0.04126761 0.04021127
 0.13521127 0.01197183 0.00188028 0.         0.00544366 0.06838028
 0.1443662  0.02253521 0.         0.05021127 0.         0.
 0.         0.         0.00894366 0.         0.11690141 0.07323944
 0.02338028 0.         0.08028169 0.         0.14084507 0.
 0.02126761 0.         0.         0.13098592 0.14859155 0.00887324
 0.06091549 0.02014085 0.06633803 0.07394366 0.06676056 0.0115493
 0.03253521 0.01295775 0.02816901 0.02471831 0.04457746 0.
 0.06507042 0.11830986 0.04070423 0.         0.         0.02021127
 0.03711268 0.13169014 0.         0.02       0.         0.17394366
 0.13943662 0.         0.         0.03549296 0.         0.01105634
 0.07887324 0.         0.01042254 0.12464789 0.05521127 0.05647887
 0.04697183 0.05035211 0.12816901 0.03204225 0.         0.11478873
 0.         0.11408451 0.03260563 0.06577465 0.         0.
 0.03697183 0.         0.05211268 0.         0.         0.0915493
 0.02147887 0.06464789 0.         0.09084507 0.09577465 0.13450704
 0.         0.         0.01190141 0.02471831 0.01098592 0.22676056
 0.03725352 0.06528169 0.00739437 0.         0.03556338 0.03253521
 0.         0.09929577 0.         0.00387324 0.11760563 0.02908451
 0.01394366 0.         0.         0.03852113 0.         0.05964789
 0.00433803 0.         0.07394366 0.         0.01394366 0.
 0.01021127 0.02732394 0.09929577 0.         0.0971831  0.07183099
 0.         0.        ]
pyseer
y_true:  [0. 1. 1. 0. 1. 0. 0. 0. 1. 1. 0. 0. 0. 0. 0. 0. 0. 0. 0. 0. 0. 0. 0. 0.
 0. 0. 0. 0. 0. 0. 0. 0. 0. 0. 0. 0. 0. 0. 0. 0. 0. 0. 0. 0. 0. 0. 0. 0.
 0. 0. 0. 0. 0. 0. 0. 0. 0. 0. 0. 0. 0. 0. 0. 0. 0. 0. 0. 0. 0. 0. 0. 0.
 0. 0. 0. 0. 0. 0. 0. 0. 0. 0. 0. 0. 0. 0. 0. 0. 0. 0. 0. 0. 0. 0. 0. 0.
 0. 0. 0. 0. 0. 0. 0. 0. 0. 0. 0. 0. 0. 0. 0. 0. 0. 0. 0. 0. 0. 0. 0. 0.
 0. 0. 0. 0. 0. 0. 0. 0. 0. 0. 0. 0. 0. 0. 0. 0. 0. 0. 0. 0. 0. 0. 0. 0.
 0. 0. 0. 0. 0. 0. 0. 0. 0. 0. 0. 0. 0. 0. 0. 0. 0. 0. 0. 0. 0. 0. 0. 0.
 0. 0. 0. 0. 0. 0. 0. 0. 0. 0. 0. 0. 0. 0. 0. 0. 0. 0. 0. 0. 0. 0. 0. 0.
 0. 0. 0. 0. 0. 0. 0. 0.]
y_pred:  [1. 1. 1. 1. 1. 1. 1. 1. 1. 1. 1. 1. 0. 0. 0. 0. 1. 0. 0. 0. 0. 0. 0. 0.
 1. 0. 0. 1. 0. 0. 0. 0. 0. 1. 0. 0. 1. 0. 1. 0. 1. 0. 0. 1. 1. 1. 0. 1.
 0. 0. 1. 1. 0. 1. 0. 1. 0. 0. 1. 1. 1. 1. 0. 0. 1. 0. 0. 1. 0. 1. 0. 0.
 1. 0. 0. 0. 0. 1. 1. 0. 0. 0. 0. 0. 0. 0. 0. 0. 1. 1. 0. 0. 1. 0. 1. 0.
 0. 0. 0. 1. 1. 0. 1. 0. 1. 1. 1. 0. 0. 0. 0. 0. 0. 0. 1. 1. 0. 0. 0. 0.
 0. 1. 0. 0. 0. 1. 1. 0. 0. 0. 0. 0. 1. 0. 0. 1. 0. 0. 0. 0. 1. 0. 0. 1.
 0. 1. 0. 1. 0. 0. 0. 0. 0. 0. 0. 1. 0. 1. 0. 1. 1. 1. 0. 0. 0. 0. 0. 1.
 0. 1. 0. 0. 0. 0. 0. 1. 0. 0. 1. 0. 0. 0. 0. 0. 0. 1. 0. 0. 1. 0. 0. 0.
 0. 0. 1. 0. 1. 1. 0. 0.]
Time taken: 21.151463747024536 seconds
Running combination 18 of 50
Fitting RandomForest...
Fitting Adaboost...
Fitting AdaBoost_2...
Fitting et...
Fitting gbc...
Fitting gbc_2...
Fitting gbc_3...
Fitting dt...
Fitting lr...
Fitting Lasso_1...
Fitting Lasso_2...
Fitting Lasso_3...
Fitting Lasso_4...
Fitting elasticnet...
VCF file created successfully.
pyseer stderr:  Read 1000 phenotypes
Detected continuous phenotype
Reading all variants

0variants [00:00, ?variants/s]
53variants [00:00, 528.43variants/s]
106variants [00:00, 465.56variants/s]
161variants [00:00, 498.57variants/s]
198variants [00:00, 504.11variants/s]
Applying correlation filtering

  0%|          | 0/198 [00:00<?, ?variants/s]
100%|██████████| 198/198 [00:00<00:00, 2682.49variants/s]
Fitting elastic net to top 148 variants
Best penalty (lambda) from cross-validation: 5.06E+01
Best R^2 from cross-validation: 0.458
Finding and printing selected variants
198 loaded variants
50 pre-filtered variants
148 tested variants
143 printed variants

True importance standardized:  [0.27754837 0.93914117 0.66097619 0.61774923 0.71915713 1.
 0.91381574 0.82618737 0.98058227 0.83504219 0.         0.
 0.         0.         0.         0.         0.         0.
 0.         0.         0.         0.         0.         0.
 0.         0.         0.         0.         0.         0.
 0.         0.         0.         0.         0.         0.
 0.         0.         0.         0.         0.         0.
 0.         0.         0.         0.         0.         0.
 0.         0.         0.         0.         0.         0.
 0.         0.         0.         0.         0.         0.
 0.         0.         0.         0.         0.         0.
 0.         0.         0.         0.         0.         0.
 0.         0.         0.         0.         0.         0.
 0.         0.         0.         0.         0.         0.
 0.         0.         0.         0.         0.         0.
 0.         0.         0.         0.         0.         0.
 0.         0.         0.         0.         0.         0.
 0.         0.         0.         0.         0.         0.
 0.         0.         0.         0.         0.         0.
 0.         0.         0.         0.         0.         0.
 0.         0.         0.         0.         0.         0.
 0.         0.         0.         0.         0.         0.
 0.         0.         0.         0.         0.         0.
 0.         0.         0.         0.         0.         0.
 0.         0.         0.         0.         0.         0.
 0.         0.         0.         0.         0.         0.
 0.         0.         0.         0.         0.         0.
 0.         0.         0.         0.         0.         0.
 0.         0.         0.         0.         0.         0.
 0.         0.         0.         0.         0.         0.
 0.         0.         0.         0.         0.         0.
 0.         0.         0.         0.         0.         0.
 0.         0.         0.         0.         0.         0.
 0.         0.        ]
Normalized importance:  [0.         0.78676605 0.73976588 0.38558702 0.52082061 0.94609731
 0.63334143 0.73721399 1.         0.94343997 0.         0.
 0.22480347 0.         0.         0.         0.         0.
 0.         0.         0.         0.         0.         0.
 0.         0.         0.         0.         0.         0.
 0.         0.         0.         0.         0.         0.
 0.         0.         0.         0.         0.         0.
 0.         0.         0.         0.         0.         0.
 0.         0.         0.         0.         0.         0.
 0.         0.         0.         0.         0.         0.
 0.         0.         0.         0.         0.         0.
 0.         0.         0.         0.         0.         0.
 0.         0.         0.         0.         0.         0.
 0.         0.         0.         0.         0.         0.
 0.         0.         0.         0.         0.         0.
 0.         0.70811226 0.         0.         0.         0.
 0.         0.         0.         0.         0.         0.
 0.         0.         0.         0.         0.         0.
 0.         0.         0.         0.         0.         0.
 0.         0.         0.         0.         0.         0.
 0.         0.         0.         0.         0.         0.
 0.         0.         0.         0.         0.         0.
 0.         0.         0.43763616 0.         0.         0.
 0.         0.         0.         0.         0.         0.
 0.         0.         0.         0.         0.         0.
 0.         0.         0.         0.         0.         0.
 0.         0.         0.         0.         0.         0.
 0.         0.         0.         0.         0.         0.
 0.         0.         0.         0.         0.         0.
 0.         0.         0.         0.         0.         0.
 0.         0.         0.         0.         0.         0.
 0.         0.         0.         0.         0.         0.
 0.         0.         0.         0.         0.         0.
 0.         0.        ]
deepbreaks
y_true:  [0. 1. 0. 0. 0. 1. 1. 0. 1. 1. 0. 0. 0. 0. 0. 0. 0. 0. 0. 0. 0. 0. 0. 0.
 0. 0. 0. 0. 0. 0. 0. 0. 0. 0. 0. 0. 0. 0. 0. 0. 0. 0. 0. 0. 0. 0. 0. 0.
 0. 0. 0. 0. 0. 0. 0. 0. 0. 0. 0. 0. 0. 0. 0. 0. 0. 0. 0. 0. 0. 0. 0. 0.
 0. 0. 0. 0. 0. 0. 0. 0. 0. 0. 0. 0. 0. 0. 0. 0. 0. 0. 0. 0. 0. 0. 0. 0.
 0. 0. 0. 0. 0. 0. 0. 0. 0. 0. 0. 0. 0. 0. 0. 0. 0. 0. 0. 0. 0. 0. 0. 0.
 0. 0. 0. 0. 0. 0. 0. 0. 0. 0. 0. 0. 0. 0. 0. 0. 0. 0. 0. 0. 0. 0. 0. 0.
 0. 0. 0. 0. 0. 0. 0. 0. 0. 0. 0. 0. 0. 0. 0. 0. 0. 0. 0. 0. 0. 0. 0. 0.
 0. 0. 0. 0. 0. 0. 0. 0. 0. 0. 0. 0. 0. 0. 0. 0. 0. 0. 0. 0. 0. 0. 0. 0.
 0. 0. 0. 0. 0. 0. 0. 0.]
y_pred:  [0. 1. 1. 0. 0. 1. 0. 1. 1. 1. 0. 0. 0. 0. 0. 0. 0. 0. 0. 0. 0. 0. 0. 0.
 0. 0. 0. 0. 0. 0. 0. 0. 0. 0. 0. 0. 0. 0. 0. 0. 0. 0. 0. 0. 0. 0. 0. 0.
 0. 0. 0. 0. 0. 0. 0. 0. 0. 0. 0. 0. 0. 0. 0. 0. 0. 0. 0. 0. 0. 0. 0. 0.
 0. 0. 0. 0. 0. 0. 0. 0. 0. 0. 0. 0. 0. 0. 0. 0. 0. 0. 0. 0. 0. 0. 0. 0.
 0. 0. 0. 0. 0. 0. 0. 0. 0. 0. 0. 0. 0. 0. 0. 0. 0. 0. 0. 0. 0. 0. 0. 0.
 0. 0. 0. 0. 0. 0. 0. 0. 0. 0. 0. 0. 0. 0. 0. 0. 0. 0. 0. 0. 0. 0. 0. 0.
 0. 0. 0. 0. 0. 0. 0. 0. 0. 0. 0. 0. 0. 0. 0. 0. 0. 0. 0. 0. 0. 0. 0. 0.
 0. 0. 0. 0. 0. 0. 0. 0. 0. 0. 0. 0. 0. 0. 0. 0. 0. 0. 0. 0. 0. 0. 0. 0.
 0. 0. 0. 0. 0. 0. 0. 0.]
Normalized importance:  [0.18426966 0.85393258 0.57865169 0.5258427  0.70224719 0.92022472
 0.86292135 0.89550562 1.         0.81460674 0.05404494 0.
 0.1247191  0.02449438 0.         0.01539326 0.20449438 0.
 0.10674157 0.         0.05157303 0.17303371 0.10696629 0.
 0.09707865 0.         0.0505618  0.17640449 0.         0.16516854
 0.15280899 0.         0.09966292 0.         0.24494382 0.08977528
 0.04134831 0.11460674 0.05191011 0.01337079 0.06247191 0.
 0.         0.03348315 0.17078652 0.13033708 0.02797753 0.
 0.         0.         0.         0.07764045 0.         0.0411236
 0.09921348 0.10325843 0.         0.1494382  0.18202247 0.
 0.2011236  0.         0.         0.         0.11797753 0.03146067
 0.01730337 0.06382022 0.         0.         0.         0.02910112
 0.         0.25168539 0.01235955 0.07303371 0.         0.0087191
 0.1258427  0.         0.09831461 0.03797753 0.11348315 0.
 0.11235955 0.08966292 0.14494382 0.16516854 0.09235955 0.
 0.0858427  0.10741573 0.08460674 0.         0.12247191 0.
 0.14719101 0.0894382  0.         0.         0.02191011 0.14719101
 0.10134831 0.         0.14494382 0.09865169 0.05955056 0.
 0.04955056 0.03123596 0.10483146 0.06258427 0.16067416 0.14157303
 0.02820225 0.09808989 0.         0.         0.16404494 0.08044944
 0.11157303 0.17752809 0.10168539 0.         0.0055618  0.04213483
 0.08146067 0.2258427  0.04719101 0.07606742 0.13707865 0.07853933
 0.         0.20337079 0.18988764 0.15393258 0.16853933 0.15393258
 0.02719101 0.12134831 0.26853933 0.02573034 0.04876404 0.08685393
 0.00755056 0.0252809  0.         0.         0.         0.11910112
 0.09303371 0.         0.10067416 0.13483146 0.07247191 0.04483146
 0.10325843 0.14494382 0.09022472 0.10292135 0.         0.
 0.17191011 0.         0.00162921 0.06505618 0.         0.06685393
 0.         0.         0.         0.18651685 0.11460674 0.07168539
 0.01025843 0.16179775 0.0494382  0.03640449 0.11067416 0.
 0.21235955 0.11348315 0.06640449 0.1258427  0.04157303 0.03269663
 0.         0.03258427 0.06393258 0.10651685 0.07033708 0.00805618
 0.04910112 0.         0.11235955 0.         0.         0.04662921
 0.         0.        ]
pyseer
y_true:  [0. 1. 0. 0. 0. 1. 1. 0. 1. 1. 0. 0. 0. 0. 0. 0. 0. 0. 0. 0. 0. 0. 0. 0.
 0. 0. 0. 0. 0. 0. 0. 0. 0. 0. 0. 0. 0. 0. 0. 0. 0. 0. 0. 0. 0. 0. 0. 0.
 0. 0. 0. 0. 0. 0. 0. 0. 0. 0. 0. 0. 0. 0. 0. 0. 0. 0. 0. 0. 0. 0. 0. 0.
 0. 0. 0. 0. 0. 0. 0. 0. 0. 0. 0. 0. 0. 0. 0. 0. 0. 0. 0. 0. 0. 0. 0. 0.
 0. 0. 0. 0. 0. 0. 0. 0. 0. 0. 0. 0. 0. 0. 0. 0. 0. 0. 0. 0. 0. 0. 0. 0.
 0. 0. 0. 0. 0. 0. 0. 0. 0. 0. 0. 0. 0. 0. 0. 0. 0. 0. 0. 0. 0. 0. 0. 0.
 0. 0. 0. 0. 0. 0. 0. 0. 0. 0. 0. 0. 0. 0. 0. 0. 0. 0. 0. 0. 0. 0. 0. 0.
 0. 0. 0. 0. 0. 0. 0. 0. 0. 0. 0. 0. 0. 0. 0. 0. 0. 0. 0. 0. 0. 0. 0. 0.
 0. 0. 0. 0. 0. 0. 0. 0.]
y_pred:  [1. 1. 1. 1. 1. 1. 1. 1. 1. 1. 0. 0. 1. 0. 0. 0. 1. 0. 1. 0. 0. 1. 1. 0.
 0. 0. 0. 1. 0. 1. 1. 0. 1. 0. 1. 0. 0. 1. 0. 0. 0. 0. 0. 0. 1. 1. 0. 0.
 0. 0. 0. 0. 0. 0. 0. 1. 0. 1. 1. 0. 1. 0. 0. 0. 1. 0. 0. 0. 0. 0. 0. 0.
 0. 1. 0. 0. 0. 0. 1. 0. 0. 0. 1. 0. 1. 0. 1. 1. 0. 0. 0. 1. 0. 0. 1. 0.
 1. 0. 0. 0. 0. 1. 1. 0. 1. 0. 0. 0. 0. 0. 1. 0. 1. 1. 0. 0. 0. 0. 1. 0.
 1. 1. 1. 0. 0. 0. 0. 1. 0. 0. 1. 0. 0. 1. 1. 1. 1. 1. 0. 1. 1. 0. 0. 0.
 0. 0. 0. 0. 0. 1. 0. 0. 1. 1. 0. 0. 1. 1. 0. 1. 0. 0. 1. 0. 0. 0. 0. 0.
 0. 0. 0. 1. 1. 0. 0. 1. 0. 0. 1. 0. 1. 1. 0. 1. 0. 0. 0. 0. 0. 1. 0. 0.
 0. 0. 1. 0. 0. 0. 0. 0.]
Time taken: 22.436439514160156 seconds
Running combination 19 of 50
Fitting RandomForest...
Fitting Adaboost...
Fitting AdaBoost_2...
Fitting et...
Fitting gbc...
Fitting gbc_2...
Fitting gbc_3...
Fitting dt...
Fitting lr...
Fitting Lasso_1...
Fitting Lasso_2...
Fitting Lasso_3...
Fitting Lasso_4...
Fitting elasticnet...
VCF file created successfully.
pyseer stderr:  Read 1000 phenotypes
Detected continuous phenotype
Reading all variants

0variants [00:00, ?variants/s]
56variants [00:00, 557.88variants/s]
112variants [00:00, 490.55variants/s]
168variants [00:00, 519.75variants/s]
198variants [00:00, 524.05variants/s]
Applying correlation filtering

  0%|          | 0/198 [00:00<?, ?variants/s]
100%|██████████| 198/198 [00:00<00:00, 2699.44variants/s]
Fitting elastic net to top 148 variants
Best penalty (lambda) from cross-validation: 4.58E+00
Best R^2 from cross-validation: 0.521
Finding and printing selected variants
198 loaded variants
50 pre-filtered variants
148 tested variants
145 printed variants

True importance standardized:  [0.47884317 0.33099279 1.         0.2712679  0.34949377 0.63569145
 0.36772989 0.24399594 0.98474807 0.60112602 0.         0.
 0.         0.         0.         0.         0.         0.
 0.         0.         0.         0.         0.         0.
 0.         0.         0.         0.         0.         0.
 0.         0.         0.         0.         0.         0.
 0.         0.         0.         0.         0.         0.
 0.         0.         0.         0.         0.         0.
 0.         0.         0.         0.         0.         0.
 0.         0.         0.         0.         0.         0.
 0.         0.         0.         0.         0.         0.
 0.         0.         0.         0.         0.         0.
 0.         0.         0.         0.         0.         0.
 0.         0.         0.         0.         0.         0.
 0.         0.         0.         0.         0.         0.
 0.         0.         0.         0.         0.         0.
 0.         0.         0.         0.         0.         0.
 0.         0.         0.         0.         0.         0.
 0.         0.         0.         0.         0.         0.
 0.         0.         0.         0.         0.         0.
 0.         0.         0.         0.         0.         0.
 0.         0.         0.         0.         0.         0.
 0.         0.         0.         0.         0.         0.
 0.         0.         0.         0.         0.         0.
 0.         0.         0.         0.         0.         0.
 0.         0.         0.         0.         0.         0.
 0.         0.         0.         0.         0.         0.
 0.         0.         0.         0.         0.         0.
 0.         0.         0.         0.         0.         0.
 0.         0.         0.         0.         0.         0.
 0.         0.         0.         0.         0.         0.
 0.         0.         0.         0.         0.         0.
 0.         0.         0.         0.         0.         0.
 0.         0.        ]
Normalized importance:  [0.24972556 0.09552427 1.         0.23094189 0.14668776 0.45798048
 0.11114034 0.05508302 0.96317219 0.36392864 0.         0.
 0.         0.         0.         0.         0.         0.
 0.         0.         0.         0.         0.         0.
 0.         0.         0.         0.         0.         0.
 0.         0.         0.         0.         0.         0.
 0.         0.         0.         0.         0.         0.
 0.         0.         0.         0.         0.         0.
 0.         0.         0.         0.         0.         0.
 0.         0.         0.         0.         0.         0.
 0.         0.         0.         0.         0.         0.
 0.         0.         0.         0.         0.         0.
 0.         0.         0.         0.         0.         0.
 0.         0.         0.         0.         0.         0.
 0.         0.         0.11015451 0.         0.         0.
 0.         0.         0.         0.         0.         0.
 0.         0.         0.         0.         0.         0.
 0.         0.         0.         0.         0.         0.
 0.         0.         0.         0.         0.         0.
 0.         0.         0.         0.         0.         0.
 0.         0.         0.         0.         0.         0.
 0.         0.         0.         0.         0.         0.
 0.         0.         0.         0.         0.         0.
 0.         0.         0.         0.         0.         0.
 0.         0.         0.         0.         0.         0.
 0.         0.         0.         0.         0.         0.
 0.         0.         0.         0.         0.         0.
 0.         0.         0.         0.         0.         0.
 0.         0.         0.         0.         0.         0.
 0.         0.         0.         0.         0.         0.
 0.         0.         0.         0.         0.         0.
 0.         0.         0.         0.         0.         0.
 0.         0.         0.         0.         0.         0.
 0.         0.        ]
deepbreaks
y_true:  [1. 0. 1. 0. 0. 1. 0. 0. 1. 1. 0. 0. 0. 0. 0. 0. 0. 0. 0. 0. 0. 0. 0. 0.
 0. 0. 0. 0. 0. 0. 0. 0. 0. 0. 0. 0. 0. 0. 0. 0. 0. 0. 0. 0. 0. 0. 0. 0.
 0. 0. 0. 0. 0. 0. 0. 0. 0. 0. 0. 0. 0. 0. 0. 0. 0. 0. 0. 0. 0. 0. 0. 0.
 0. 0. 0. 0. 0. 0. 0. 0. 0. 0. 0. 0. 0. 0. 0. 0. 0. 0. 0. 0. 0. 0. 0. 0.
 0. 0. 0. 0. 0. 0. 0. 0. 0. 0. 0. 0. 0. 0. 0. 0. 0. 0. 0. 0. 0. 0. 0. 0.
 0. 0. 0. 0. 0. 0. 0. 0. 0. 0. 0. 0. 0. 0. 0. 0. 0. 0. 0. 0. 0. 0. 0. 0.
 0. 0. 0. 0. 0. 0. 0. 0. 0. 0. 0. 0. 0. 0. 0. 0. 0. 0. 0. 0. 0. 0. 0. 0.
 0. 0. 0. 0. 0. 0. 0. 0. 0. 0. 0. 0. 0. 0. 0. 0. 0. 0. 0. 0. 0. 0. 0. 0.
 0. 0. 0. 0. 0. 0. 0. 0.]
y_pred:  [1. 0. 1. 1. 0. 1. 0. 0. 1. 1. 0. 0. 0. 0. 0. 0. 0. 0. 0. 0. 0. 0. 0. 0.
 0. 0. 0. 0. 0. 0. 0. 0. 0. 0. 0. 0. 0. 0. 0. 0. 0. 0. 0. 0. 0. 0. 0. 0.
 0. 0. 0. 0. 0. 0. 0. 0. 0. 0. 0. 0. 0. 0. 0. 0. 0. 0. 0. 0. 0. 0. 0. 0.
 0. 0. 0. 0. 0. 0. 0. 0. 0. 0. 0. 0. 0. 0. 0. 0. 0. 0. 0. 0. 0. 0. 0. 0.
 0. 0. 0. 0. 0. 0. 0. 0. 0. 0. 0. 0. 0. 0. 0. 0. 0. 0. 0. 0. 0. 0. 0. 0.
 0. 0. 0. 0. 0. 0. 0. 0. 0. 0. 0. 0. 0. 0. 0. 0. 0. 0. 0. 0. 0. 0. 0. 0.
 0. 0. 0. 0. 0. 0. 0. 0. 0. 0. 0. 0. 0. 0. 0. 0. 0. 0. 0. 0. 0. 0. 0. 0.
 0. 0. 0. 0. 0. 0. 0. 0. 0. 0. 0. 0. 0. 0. 0. 0. 0. 0. 0. 0. 0. 0. 0. 0.
 0. 0. 0. 0. 0. 0. 0. 0.]
Normalized importance:  [4.09909910e-01 3.09909910e-01 1.00000000e+00 4.07207207e-01
 3.75675676e-01 6.00000000e-01 3.39639640e-01 2.35135135e-01
 9.90990991e-01 5.47747748e-01 1.04504505e-03 0.00000000e+00
 9.54954955e-02 3.20720721e-02 8.65765766e-02 9.00900901e-02
 9.18918919e-02 5.06306306e-02 0.00000000e+00 6.90090090e-03
 0.00000000e+00 1.23423423e-01 1.06306306e-01 3.10810811e-02
 5.12612613e-02 2.27027027e-03 5.74774775e-02 1.09909910e-01
 1.51351351e-01 1.54054054e-01 8.89189189e-02 5.00000000e-03
 9.27927928e-02 2.73873874e-02 0.00000000e+00 6.35135135e-03
 9.27927928e-03 0.00000000e+00 2.90090090e-02 2.89189189e-02
 0.00000000e+00 0.00000000e+00 0.00000000e+00 0.00000000e+00
 4.45045045e-02 0.00000000e+00 3.82882883e-02 3.74774775e-02
 0.00000000e+00 6.56756757e-02 5.34234234e-02 2.98198198e-02
 6.55855856e-02 4.43243243e-02 3.45945946e-02 4.43243243e-02
 4.32432432e-03 7.32432432e-03 0.00000000e+00 0.00000000e+00
 5.68468468e-02 0.00000000e+00 8.32432432e-02 1.93693694e-02
 0.00000000e+00 0.00000000e+00 7.64864865e-02 1.03603604e-01
 4.70270270e-03 0.00000000e+00 0.00000000e+00 0.00000000e+00
 7.97297297e-02 9.63963964e-02 7.49549550e-02 1.30630631e-01
 5.99099099e-02 7.38738739e-02 2.41441441e-02 0.00000000e+00
 0.00000000e+00 9.09909910e-02 0.00000000e+00 5.35135135e-02
 0.00000000e+00 1.45045045e-01 2.17117117e-01 0.00000000e+00
 6.41441441e-05 6.26126126e-05 2.35135135e-03 1.33333333e-02
 0.00000000e+00 6.62162162e-02 0.00000000e+00 5.27027027e-02
 1.16216216e-01 4.27027027e-02 3.14414414e-02 1.62162162e-01
 1.90090090e-02 4.50450450e-02 3.81081081e-02 0.00000000e+00
 6.09009009e-02 7.60360360e-03 1.13513514e-01 3.77477477e-02
 0.00000000e+00 8.41441441e-02 7.55855856e-02 1.26126126e-03
 1.06306306e-01 1.09909910e-01 0.00000000e+00 0.00000000e+00
 0.00000000e+00 0.00000000e+00 5.27927928e-02 1.41441441e-01
 5.59459459e-02 8.18018018e-02 0.00000000e+00 0.00000000e+00
 1.34234234e-01 4.80180180e-02 1.87387387e-03 0.00000000e+00
 0.00000000e+00 1.47747748e-01 5.72972973e-02 8.35135135e-02
 3.53153153e-02 6.41441441e-02 2.08108108e-02 1.00900901e-01
 0.00000000e+00 0.00000000e+00 5.38738739e-02 0.00000000e+00
 2.28828829e-02 5.78378378e-02 6.69369369e-02 0.00000000e+00
 6.62162162e-02 3.14414414e-02 9.54954955e-02 5.85585586e-02
 2.53153153e-02 6.24324324e-02 1.51351351e-02 9.45945946e-02
 1.28828829e-02 0.00000000e+00 1.04504505e-01 1.50450450e-02
 6.83783784e-02 0.00000000e+00 3.90090090e-02 2.98198198e-02
 2.31531532e-02 0.00000000e+00 9.72972973e-02 2.07207207e-04
 0.00000000e+00 0.00000000e+00 0.00000000e+00 0.00000000e+00
 4.71171171e-02 1.11711712e-01 1.61261261e-03 2.49549550e-02
 9.54954955e-02 3.56756757e-02 7.09009009e-02 0.00000000e+00
 6.62162162e-02 5.30630631e-02 4.29729730e-02 0.00000000e+00
 0.00000000e+00 3.64864865e-02 0.00000000e+00 3.82882883e-02
 4.72072072e-02 6.67567568e-03 0.00000000e+00 2.05405405e-02
 1.24324324e-01 7.30630631e-02 0.00000000e+00 1.00000000e-01
 3.43243243e-03 1.83783784e-02 8.12612613e-02 6.17117117e-02
 1.44144144e-01 5.20720721e-03 0.00000000e+00 0.00000000e+00]
pyseer
y_true:  [1. 0. 1. 0. 0. 1. 0. 0. 1. 1. 0. 0. 0. 0. 0. 0. 0. 0. 0. 0. 0. 0. 0. 0.
 0. 0. 0. 0. 0. 0. 0. 0. 0. 0. 0. 0. 0. 0. 0. 0. 0. 0. 0. 0. 0. 0. 0. 0.
 0. 0. 0. 0. 0. 0. 0. 0. 0. 0. 0. 0. 0. 0. 0. 0. 0. 0. 0. 0. 0. 0. 0. 0.
 0. 0. 0. 0. 0. 0. 0. 0. 0. 0. 0. 0. 0. 0. 0. 0. 0. 0. 0. 0. 0. 0. 0. 0.
 0. 0. 0. 0. 0. 0. 0. 0. 0. 0. 0. 0. 0. 0. 0. 0. 0. 0. 0. 0. 0. 0. 0. 0.
 0. 0. 0. 0. 0. 0. 0. 0. 0. 0. 0. 0. 0. 0. 0. 0. 0. 0. 0. 0. 0. 0. 0. 0.
 0. 0. 0. 0. 0. 0. 0. 0. 0. 0. 0. 0. 0. 0. 0. 0. 0. 0. 0. 0. 0. 0. 0. 0.
 0. 0. 0. 0. 0. 0. 0. 0. 0. 0. 0. 0. 0. 0. 0. 0. 0. 0. 0. 0. 0. 0. 0. 0.
 0. 0. 0. 0. 0. 0. 0. 0.]
y_pred:  [1. 1. 1. 1. 1. 1. 1. 1. 1. 1. 0. 0. 1. 0. 1. 1. 1. 0. 0. 0. 0. 1. 1. 0.
 0. 0. 1. 1. 1. 1. 1. 0. 1. 0. 0. 0. 0. 0. 0. 0. 0. 0. 0. 0. 0. 0. 0. 0.
 0. 1. 0. 0. 1. 0. 0. 0. 0. 0. 0. 0. 0. 0. 1. 0. 0. 0. 1. 1. 0. 0. 0. 0.
 1. 1. 1. 1. 1. 1. 0. 0. 0. 1. 0. 0. 0. 1. 1. 0. 0. 0. 0. 0. 0. 1. 0. 0.
 1. 0. 0. 1. 0. 0. 0. 0. 1. 0. 1. 0. 0. 1. 1. 0. 1. 1. 0. 0. 0. 0. 0. 1.
 0. 1. 0. 0. 1. 0. 0. 0. 0. 1. 1. 1. 0. 1. 0. 1. 0. 0. 0. 0. 0. 1. 1. 0.
 1. 0. 1. 1. 0. 1. 0. 1. 0. 0. 1. 0. 1. 0. 0. 0. 0. 0. 1. 0. 0. 0. 0. 0.
 0. 1. 0. 0. 1. 0. 1. 0. 1. 0. 0. 0. 0. 0. 0. 0. 0. 0. 0. 0. 1. 1. 0. 1.
 0. 0. 1. 1. 1. 0. 0. 0.]
Time taken: 21.849617958068848 seconds
Running combination 20 of 50
Fitting RandomForest...
Fitting Adaboost...
Fitting AdaBoost_2...
Fitting et...
Fitting gbc...
Fitting gbc_2...
Fitting gbc_3...
Fitting dt...
Fitting lr...
Fitting Lasso_1...
Fitting Lasso_2...
Fitting Lasso_3...
Fitting Lasso_4...
Fitting elasticnet...
VCF file created successfully.
pyseer stderr:  Read 1000 phenotypes
Detected continuous phenotype
Reading all variants

0variants [00:00, ?variants/s]
55variants [00:00, 541.85variants/s]
110variants [00:00, 474.44variants/s]
165variants [00:00, 505.45variants/s]
198variants [00:00, 509.97variants/s]
Applying correlation filtering

  0%|          | 0/198 [00:00<?, ?variants/s]
100%|██████████| 198/198 [00:00<00:00, 2671.75variants/s]
Fitting elastic net to top 148 variants
Best penalty (lambda) from cross-validation: 1.44E+01
Best R^2 from cross-validation: 0.519
Finding and printing selected variants
198 loaded variants
50 pre-filtered variants
148 tested variants
142 printed variants

True importance standardized:  [0.55912975 0.36921817 0.7902218  0.81183709 0.47547917 0.50001355
 1.         0.88403535 0.43162127 0.90326728 0.         0.
 0.         0.         0.         0.         0.         0.
 0.         0.         0.         0.         0.         0.
 0.         0.         0.         0.         0.         0.
 0.         0.         0.         0.         0.         0.
 0.         0.         0.         0.         0.         0.
 0.         0.         0.         0.         0.         0.
 0.         0.         0.         0.         0.         0.
 0.         0.         0.         0.         0.         0.
 0.         0.         0.         0.         0.         0.
 0.         0.         0.         0.         0.         0.
 0.         0.         0.         0.         0.         0.
 0.         0.         0.         0.         0.         0.
 0.         0.         0.         0.         0.         0.
 0.         0.         0.         0.         0.         0.
 0.         0.         0.         0.         0.         0.
 0.         0.         0.         0.         0.         0.
 0.         0.         0.         0.         0.         0.
 0.         0.         0.         0.         0.         0.
 0.         0.         0.         0.         0.         0.
 0.         0.         0.         0.         0.         0.
 0.         0.         0.         0.         0.         0.
 0.         0.         0.         0.         0.         0.
 0.         0.         0.         0.         0.         0.
 0.         0.         0.         0.         0.         0.
 0.         0.         0.         0.         0.         0.
 0.         0.         0.         0.         0.         0.
 0.         0.         0.         0.         0.         0.
 0.         0.         0.         0.         0.         0.
 0.         0.         0.         0.         0.         0.
 0.         0.         0.         0.         0.         0.
 0.         0.         0.         0.         0.         0.
 0.         0.        ]
Normalized importance:  [0.36912087 0.         0.69153796 0.42845318 0.35810458 0.19265576
 0.84668482 1.         0.3844258  0.90085198 0.         0.
 0.         0.         0.         0.         0.         0.
 0.         0.         0.         0.         0.         0.
 0.         0.         0.         0.         0.         0.
 0.         0.         0.         0.         0.         0.
 0.         0.         0.         0.         0.         0.
 0.         0.         0.         0.         0.         0.
 0.         0.         0.         0.         0.         0.
 0.         0.17405437 0.         0.         0.02498467 0.
 0.         0.         0.         0.         0.         0.
 0.         0.         0.         0.         0.         0.03366386
 0.         0.         0.         0.         0.         0.
 0.         0.         0.         0.         0.00832893 0.
 0.         0.         0.         0.         0.         0.
 0.         0.         0.         0.         0.         0.
 0.         0.         0.         0.         0.         0.
 0.         0.         0.         0.         0.         0.
 0.05096669 0.         0.         0.         0.         0.
 0.         0.         0.         0.         0.         0.
 0.         0.         0.         0.         0.         0.
 0.         0.         0.         0.         0.         0.
 0.         0.         0.         0.         0.         0.
 0.         0.         0.         0.         0.         0.
 0.         0.         0.         0.         0.         0.
 0.         0.         0.         0.         0.         0.
 0.         0.         0.         0.         0.         0.
 0.         0.         0.         0.         0.         0.
 0.         0.         0.         0.         0.         0.
 0.         0.         0.         0.         0.         0.
 0.         0.         0.         0.         0.         0.
 0.         0.         0.         0.         0.         0.
 0.03809516 0.         0.         0.         0.         0.
 0.         0.        ]
deepbreaks
y_true:  [0. 0. 1. 1. 0. 0. 1. 1. 0. 1. 0. 0. 0. 0. 0. 0. 0. 0. 0. 0. 0. 0. 0. 0.
 0. 0. 0. 0. 0. 0. 0. 0. 0. 0. 0. 0. 0. 0. 0. 0. 0. 0. 0. 0. 0. 0. 0. 0.
 0. 0. 0. 0. 0. 0. 0. 0. 0. 0. 0. 0. 0. 0. 0. 0. 0. 0. 0. 0. 0. 0. 0. 0.
 0. 0. 0. 0. 0. 0. 0. 0. 0. 0. 0. 0. 0. 0. 0. 0. 0. 0. 0. 0. 0. 0. 0. 0.
 0. 0. 0. 0. 0. 0. 0. 0. 0. 0. 0. 0. 0. 0. 0. 0. 0. 0. 0. 0. 0. 0. 0. 0.
 0. 0. 0. 0. 0. 0. 0. 0. 0. 0. 0. 0. 0. 0. 0. 0. 0. 0. 0. 0. 0. 0. 0. 0.
 0. 0. 0. 0. 0. 0. 0. 0. 0. 0. 0. 0. 0. 0. 0. 0. 0. 0. 0. 0. 0. 0. 0. 0.
 0. 0. 0. 0. 0. 0. 0. 0. 0. 0. 0. 0. 0. 0. 0. 0. 0. 0. 0. 0. 0. 0. 0. 0.
 0. 0. 0. 0. 0. 0. 0. 0.]
y_pred:  [1. 0. 1. 1. 1. 0. 1. 1. 1. 1. 0. 0. 0. 0. 0. 0. 0. 0. 0. 0. 0. 0. 0. 0.
 0. 0. 0. 0. 0. 0. 0. 0. 0. 0. 0. 0. 0. 0. 0. 0. 0. 0. 0. 0. 0. 0. 0. 0.
 0. 0. 0. 0. 0. 0. 0. 0. 0. 0. 0. 0. 0. 0. 0. 0. 0. 0. 0. 0. 0. 0. 0. 0.
 0. 0. 0. 0. 0. 0. 0. 0. 0. 0. 0. 0. 0. 0. 0. 0. 0. 0. 0. 0. 0. 0. 0. 0.
 0. 0. 0. 0. 0. 0. 0. 0. 0. 0. 0. 0. 0. 0. 0. 0. 0. 0. 0. 0. 0. 0. 0. 0.
 0. 0. 0. 0. 0. 0. 0. 0. 0. 0. 0. 0. 0. 0. 0. 0. 0. 0. 0. 0. 0. 0. 0. 0.
 0. 0. 0. 0. 0. 0. 0. 0. 0. 0. 0. 0. 0. 0. 0. 0. 0. 0. 0. 0. 0. 0. 0. 0.
 0. 0. 0. 0. 0. 0. 0. 0. 0. 0. 0. 0. 0. 0. 0. 0. 0. 0. 0. 0. 0. 0. 0. 0.
 0. 0. 0. 0. 0. 0. 0. 0.]
Normalized importance:  [0.74110032 0.27475728 0.80906149 0.78964401 0.60841424 0.5210356
 1.         0.97411003 0.60194175 0.97734628 0.         0.1394822
 0.17216828 0.         0.05631068 0.         0.00721683 0.16957929
 0.09320388 0.13980583 0.14757282 0.08511327 0.03223301 0.10161812
 0.         0.         0.0089644  0.         0.1566343  0.
 0.         0.         0.         0.02614887 0.05210356 0.19773463
 0.13915858 0.06666667 0.09805825 0.0815534  0.         0.07087379
 0.04886731 0.1605178  0.05598706 0.         0.01566343 0.02255663
 0.09417476 0.1828479  0.11391586 0.26925566 0.10582524 0.02320388
 0.00456311 0.25113269 0.         0.         0.26569579 0.0115534
 0.13980583 0.         0.05372168 0.00932039 0.         0.
 0.17378641 0.         0.         0.         0.         0.17669903
 0.09320388 0.04045307 0.         0.06763754 0.         0.
 0.04530744 0.03656958 0.02682848 0.06569579 0.102589   0.
 0.0310356  0.02708738 0.         0.14012945 0.         0.02941748
 0.         0.00240129 0.07022654 0.         0.10453074 0.03398058
 0.1592233  0.07605178 0.00721683 0.06957929 0.13074434 0.07508091
 0.24886731 0.         0.09838188 0.         0.         0.01462783
 0.19029126 0.         0.22686084 0.01912621 0.         0.09935275
 0.09158576 0.00825243 0.08414239 0.07119741 0.16990291 0.02912621
 0.23656958 0.         0.08252427 0.07799353 0.07508091 0.16148867
 0.06278317 0.         0.06213592 0.01957929 0.         0.17411003
 0.         0.10679612 0.02695793 0.03980583 0.04142395 0.10485437
 0.06601942 0.0592233  0.08478964 0.         0.04466019 0.01786408
 0.         0.12006472 0.         0.         0.05987055 0.08673139
 0.01601942 0.01061489 0.         0.05469256 0.18252427 0.11035599
 0.04886731 0.14757282 0.         0.         0.18705502 0.
 0.09579288 0.         0.03592233 0.07669903 0.08770227 0.02080906
 0.14401294 0.         0.         0.         0.         0.
 0.         0.02307443 0.06472492 0.15210356 0.14563107 0.1184466
 0.0179288  0.         0.07152104 0.06116505 0.         0.00517799
 0.04919094 0.02404531 0.09223301 0.17928803 0.00320065 0.
 0.22977346 0.11132686 0.03527508 0.04595469 0.05695793 0.01174757
 0.         0.        ]
pyseer
y_true:  [0. 0. 1. 1. 0. 0. 1. 1. 0. 1. 0. 0. 0. 0. 0. 0. 0. 0. 0. 0. 0. 0. 0. 0.
 0. 0. 0. 0. 0. 0. 0. 0. 0. 0. 0. 0. 0. 0. 0. 0. 0. 0. 0. 0. 0. 0. 0. 0.
 0. 0. 0. 0. 0. 0. 0. 0. 0. 0. 0. 0. 0. 0. 0. 0. 0. 0. 0. 0. 0. 0. 0. 0.
 0. 0. 0. 0. 0. 0. 0. 0. 0. 0. 0. 0. 0. 0. 0. 0. 0. 0. 0. 0. 0. 0. 0. 0.
 0. 0. 0. 0. 0. 0. 0. 0. 0. 0. 0. 0. 0. 0. 0. 0. 0. 0. 0. 0. 0. 0. 0. 0.
 0. 0. 0. 0. 0. 0. 0. 0. 0. 0. 0. 0. 0. 0. 0. 0. 0. 0. 0. 0. 0. 0. 0. 0.
 0. 0. 0. 0. 0. 0. 0. 0. 0. 0. 0. 0. 0. 0. 0. 0. 0. 0. 0. 0. 0. 0. 0. 0.
 0. 0. 0. 0. 0. 0. 0. 0. 0. 0. 0. 0. 0. 0. 0. 0. 0. 0. 0. 0. 0. 0. 0. 0.
 0. 0. 0. 0. 0. 0. 0. 0.]
y_pred:  [1. 1. 1. 1. 1. 1. 1. 1. 1. 1. 0. 1. 1. 0. 0. 0. 0. 1. 1. 1. 1. 1. 0. 1.
 0. 0. 0. 0. 1. 0. 0. 0. 0. 0. 0. 1. 1. 0. 1. 1. 0. 0. 0. 1. 0. 0. 0. 0.
 1. 1. 1. 1. 1. 0. 0. 1. 0. 0. 1. 0. 1. 0. 0. 0. 0. 0. 1. 0. 0. 0. 0. 1.
 1. 0. 0. 0. 0. 0. 0. 0. 0. 0. 1. 0. 0. 0. 0. 1. 0. 0. 0. 0. 0. 0. 1. 0.
 1. 0. 0. 0. 1. 0. 1. 0. 1. 0. 0. 0. 1. 0. 1. 0. 0. 1. 1. 0. 1. 0. 1. 0.
 1. 0. 1. 0. 0. 1. 0. 0. 0. 0. 0. 1. 0. 1. 0. 0. 0. 1. 0. 0. 1. 0. 0. 0.
 0. 1. 0. 0. 0. 1. 0. 0. 0. 0. 1. 1. 0. 1. 0. 0. 1. 0. 1. 0. 0. 0. 1. 0.
 1. 0. 0. 0. 0. 0. 0. 0. 0. 1. 1. 1. 0. 0. 0. 0. 0. 0. 0. 0. 1. 1. 0. 0.
 1. 1. 0. 0. 0. 0. 0. 0.]
Time taken: 21.517235040664673 seconds
Running combination 21 of 50
Fitting RandomForest...
Fitting Adaboost...
Fitting AdaBoost_2...
Fitting et...
Fitting gbc...
Fitting gbc_2...
Fitting gbc_3...
Fitting dt...
Fitting lr...
Fitting Lasso_1...
Fitting Lasso_2...
Fitting Lasso_3...
Fitting Lasso_4...
Fitting elasticnet...
VCF file created successfully.
pyseer stderr:  Read 1000 phenotypes
Detected continuous phenotype
Reading all variants

0variants [00:00, ?variants/s]
55variants [00:00, 546.47variants/s]
110variants [00:00, 480.57variants/s]
166variants [00:00, 511.54variants/s]
198variants [00:00, 515.63variants/s]
Applying correlation filtering

  0%|          | 0/198 [00:00<?, ?variants/s]
100%|██████████| 198/198 [00:00<00:00, 2641.92variants/s]
Fitting elastic net to top 148 variants
Best penalty (lambda) from cross-validation: 8.76E+00
Best R^2 from cross-validation: 0.593
Finding and printing selected variants
198 loaded variants
50 pre-filtered variants
148 tested variants
141 printed variants

True importance standardized:  [0.8796579  0.8746162  0.82202538 0.87553208 0.47450074 0.8321268
 0.15600053 0.96128109 1.         0.88948109 0.         0.
 0.         0.         0.         0.         0.         0.
 0.         0.         0.         0.         0.         0.
 0.         0.         0.         0.         0.         0.
 0.         0.         0.         0.         0.         0.
 0.         0.         0.         0.         0.         0.
 0.         0.         0.         0.         0.         0.
 0.         0.         0.         0.         0.         0.
 0.         0.         0.         0.         0.         0.
 0.         0.         0.         0.         0.         0.
 0.         0.         0.         0.         0.         0.
 0.         0.         0.         0.         0.         0.
 0.         0.         0.         0.         0.         0.
 0.         0.         0.         0.         0.         0.
 0.         0.         0.         0.         0.         0.
 0.         0.         0.         0.         0.         0.
 0.         0.         0.         0.         0.         0.
 0.         0.         0.         0.         0.         0.
 0.         0.         0.         0.         0.         0.
 0.         0.         0.         0.         0.         0.
 0.         0.         0.         0.         0.         0.
 0.         0.         0.         0.         0.         0.
 0.         0.         0.         0.         0.         0.
 0.         0.         0.         0.         0.         0.
 0.         0.         0.         0.         0.         0.
 0.         0.         0.         0.         0.         0.
 0.         0.         0.         0.         0.         0.
 0.         0.         0.         0.         0.         0.
 0.         0.         0.         0.         0.         0.
 0.         0.         0.         0.         0.         0.
 0.         0.         0.         0.         0.         0.
 0.         0.         0.         0.         0.         0.
 0.         0.        ]
Normalized importance:  [0.37366036 0.43698852 0.44469779 0.79958246 0.16624033 0.60039794
 0.         0.97278487 1.         0.44616196 0.         0.
 0.         0.         0.         0.         0.         0.
 0.         0.         0.         0.         0.         0.
 0.         0.         0.         0.         0.         0.
 0.         0.         0.         0.         0.         0.
 0.         0.         0.         0.         0.         0.
 0.         0.         0.         0.         0.         0.
 0.         0.         0.         0.         0.         0.
 0.         0.         0.         0.         0.         0.
 0.         0.         0.         0.         0.         0.
 0.         0.         0.         0.         0.         0.
 0.         0.         0.         0.         0.         0.
 0.         0.         0.         0.         0.         0.02442237
 0.         0.         0.         0.         0.         0.
 0.         0.         0.         0.         0.         0.
 0.         0.         0.         0.         0.         0.
 0.         0.         0.         0.         0.         0.
 0.         0.         0.         0.         0.         0.
 0.         0.         0.         0.         0.         0.
 0.         0.         0.         0.         0.         0.
 0.         0.         0.         0.         0.         0.
 0.         0.         0.         0.         0.         0.
 0.         0.         0.         0.         0.         0.
 0.         0.         0.         0.         0.         0.
 0.         0.         0.         0.03625122 0.         0.
 0.         0.         0.         0.         0.         0.
 0.         0.         0.         0.         0.         0.
 0.         0.         0.         0.         0.         0.
 0.         0.         0.         0.         0.         0.
 0.         0.         0.         0.         0.         0.
 0.03427923 0.         0.         0.         0.         0.
 0.         0.         0.         0.         0.         0.
 0.         0.        ]
deepbreaks
y_true:  [1. 0. 0. 1. 0. 0. 0. 1. 1. 1. 0. 0. 0. 0. 0. 0. 0. 0. 0. 0. 0. 0. 0. 0.
 0. 0. 0. 0. 0. 0. 0. 0. 0. 0. 0. 0. 0. 0. 0. 0. 0. 0. 0. 0. 0. 0. 0. 0.
 0. 0. 0. 0. 0. 0. 0. 0. 0. 0. 0. 0. 0. 0. 0. 0. 0. 0. 0. 0. 0. 0. 0. 0.
 0. 0. 0. 0. 0. 0. 0. 0. 0. 0. 0. 0. 0. 0. 0. 0. 0. 0. 0. 0. 0. 0. 0. 0.
 0. 0. 0. 0. 0. 0. 0. 0. 0. 0. 0. 0. 0. 0. 0. 0. 0. 0. 0. 0. 0. 0. 0. 0.
 0. 0. 0. 0. 0. 0. 0. 0. 0. 0. 0. 0. 0. 0. 0. 0. 0. 0. 0. 0. 0. 0. 0. 0.
 0. 0. 0. 0. 0. 0. 0. 0. 0. 0. 0. 0. 0. 0. 0. 0. 0. 0. 0. 0. 0. 0. 0. 0.
 0. 0. 0. 0. 0. 0. 0. 0. 0. 0. 0. 0. 0. 0. 0. 0. 0. 0. 0. 0. 0. 0. 0. 0.
 0. 0. 0. 0. 0. 0. 0. 0.]
y_pred:  [0. 0. 1. 1. 0. 1. 0. 1. 1. 1. 0. 0. 0. 0. 0. 0. 0. 0. 0. 0. 0. 0. 0. 0.
 0. 0. 0. 0. 0. 0. 0. 0. 0. 0. 0. 0. 0. 0. 0. 0. 0. 0. 0. 0. 0. 0. 0. 0.
 0. 0. 0. 0. 0. 0. 0. 0. 0. 0. 0. 0. 0. 0. 0. 0. 0. 0. 0. 0. 0. 0. 0. 0.
 0. 0. 0. 0. 0. 0. 0. 0. 0. 0. 0. 0. 0. 0. 0. 0. 0. 0. 0. 0. 0. 0. 0. 0.
 0. 0. 0. 0. 0. 0. 0. 0. 0. 0. 0. 0. 0. 0. 0. 0. 0. 0. 0. 0. 0. 0. 0. 0.
 0. 0. 0. 0. 0. 0. 0. 0. 0. 0. 0. 0. 0. 0. 0. 0. 0. 0. 0. 0. 0. 0. 0. 0.
 0. 0. 0. 0. 0. 0. 0. 0. 0. 0. 0. 0. 0. 0. 0. 0. 0. 0. 0. 0. 0. 0. 0. 0.
 0. 0. 0. 0. 0. 0. 0. 0. 0. 0. 0. 0. 0. 0. 0. 0. 0. 0. 0. 0. 0. 0. 0. 0.
 0. 0. 0. 0. 0. 0. 0. 0.]
Normalized importance:  [6.88212928e-01 7.11026616e-01 6.88212928e-01 8.59315589e-01
 4.86692015e-01 7.98479087e-01 1.73003802e-01 9.69581749e-01
 1.00000000e+00 7.94676806e-01 2.41825095e-01 1.49809886e-01
 0.00000000e+00 3.84030418e-02 8.09885932e-02 1.26615970e-01
 0.00000000e+00 3.13307985e-02 1.89353612e-01 1.02661597e-01
 4.60076046e-02 1.12167300e-01 1.46007605e-01 0.00000000e+00
 1.30038023e-01 8.28897338e-02 1.81368821e-01 1.43726236e-01
 7.94676806e-02 1.22813688e-01 0.00000000e+00 0.00000000e+00
 4.10646388e-02 8.74524715e-02 0.00000000e+00 0.00000000e+00
 1.15209125e-02 1.05703422e-01 0.00000000e+00 0.00000000e+00
 9.23954373e-02 5.39923954e-02 7.41444867e-02 8.44106464e-02
 1.90874525e-02 3.04562738e-02 0.00000000e+00 1.90874525e-01
 0.00000000e+00 1.34980989e-01 1.22813688e-01 1.40304183e-01
 6.12167300e-02 3.22813688e-02 5.13307985e-02 0.00000000e+00
 6.15969582e-02 1.52471483e-01 1.31178707e-01 0.00000000e+00
 0.00000000e+00 0.00000000e+00 0.00000000e+00 4.25855513e-02
 8.28897338e-02 0.00000000e+00 1.60836502e-02 1.01901141e-02
 9.20152091e-02 3.87832700e-02 0.00000000e+00 2.12927757e-02
 7.83269962e-02 0.00000000e+00 0.00000000e+00 0.00000000e+00
 2.48288973e-02 2.88593156e-02 0.00000000e+00 1.02281369e-02
 6.53992395e-02 6.61596958e-03 7.71863118e-02 1.84790875e-01
 0.00000000e+00 1.26615970e-01 1.34220532e-01 6.88212928e-02
 9.46768061e-02 0.00000000e+00 1.35361217e-01 0.00000000e+00
 6.00760456e-02 0.00000000e+00 1.53992395e-03 0.00000000e+00
 0.00000000e+00 0.00000000e+00 8.09885932e-02 1.53612167e-03
 0.00000000e+00 0.00000000e+00 0.00000000e+00 1.60076046e-01
 7.83269962e-02 3.19391635e-02 7.98479087e-03 5.89353612e-02
 3.31558935e-02 0.00000000e+00 2.93155894e-02 7.52851711e-02
 0.00000000e+00 0.00000000e+00 0.00000000e+00 1.23574144e-02
 1.46007605e-02 7.68060837e-02 6.65399240e-02 0.00000000e+00
 0.00000000e+00 1.60456274e-02 1.01140684e-01 0.00000000e+00
 0.00000000e+00 8.32699620e-02 9.54372624e-02 5.32319392e-02
 5.01901141e-02 0.00000000e+00 1.38022814e-01 3.24714829e-02
 6.42585551e-02 1.26235741e-02 0.00000000e+00 5.24714829e-02
 9.77186312e-02 2.63498099e-02 6.50190114e-02 4.33460076e-02
 8.32699620e-02 5.81749049e-02 0.00000000e+00 0.00000000e+00
 6.92015209e-02 1.60836502e-02 7.60456274e-02 4.52471483e-02
 6.46387833e-02 1.68821293e-02 1.09885932e-01 1.39543726e-01
 4.25855513e-02 1.74904943e-01 1.35741445e-01 5.01901141e-02
 9.16349810e-02 7.37642586e-02 3.36501901e-02 0.00000000e+00
 5.89353612e-02 6.69201521e-02 0.00000000e+00 0.00000000e+00
 1.14068441e-01 0.00000000e+00 4.22053232e-02 0.00000000e+00
 0.00000000e+00 3.32319392e-02 2.38403042e-02 1.05323194e-02
 7.49049430e-02 7.79467681e-04 1.15209125e-01 6.65399240e-04
 0.00000000e+00 0.00000000e+00 9.31558935e-02 1.03041825e-01
 0.00000000e+00 8.63117871e-02 1.30038023e-01 5.43726236e-02
 0.00000000e+00 2.08745247e-02 1.13307985e-01 3.41444867e-02
 5.20912548e-02 1.19391635e-02 0.00000000e+00 9.39163498e-02
 7.68060837e-03 0.00000000e+00 1.69581749e-02 0.00000000e+00
 8.74524715e-02 9.50570342e-02 0.00000000e+00 0.00000000e+00]
pyseer
y_true:  [1. 0. 0. 1. 0. 0. 0. 1. 1. 1. 0. 0. 0. 0. 0. 0. 0. 0. 0. 0. 0. 0. 0. 0.
 0. 0. 0. 0. 0. 0. 0. 0. 0. 0. 0. 0. 0. 0. 0. 0. 0. 0. 0. 0. 0. 0. 0. 0.
 0. 0. 0. 0. 0. 0. 0. 0. 0. 0. 0. 0. 0. 0. 0. 0. 0. 0. 0. 0. 0. 0. 0. 0.
 0. 0. 0. 0. 0. 0. 0. 0. 0. 0. 0. 0. 0. 0. 0. 0. 0. 0. 0. 0. 0. 0. 0. 0.
 0. 0. 0. 0. 0. 0. 0. 0. 0. 0. 0. 0. 0. 0. 0. 0. 0. 0. 0. 0. 0. 0. 0. 0.
 0. 0. 0. 0. 0. 0. 0. 0. 0. 0. 0. 0. 0. 0. 0. 0. 0. 0. 0. 0. 0. 0. 0. 0.
 0. 0. 0. 0. 0. 0. 0. 0. 0. 0. 0. 0. 0. 0. 0. 0. 0. 0. 0. 0. 0. 0. 0. 0.
 0. 0. 0. 0. 0. 0. 0. 0. 0. 0. 0. 0. 0. 0. 0. 0. 0. 0. 0. 0. 0. 0. 0. 0.
 0. 0. 0. 0. 0. 0. 0. 0.]
y_pred:  [1. 1. 1. 1. 1. 1. 1. 1. 1. 1. 1. 1. 0. 0. 1. 1. 0. 0. 1. 1. 0. 1. 1. 0.
 1. 1. 1. 1. 1. 1. 0. 0. 0. 1. 0. 0. 0. 1. 0. 0. 1. 0. 0. 1. 0. 0. 0. 1.
 0. 1. 1. 1. 0. 0. 0. 0. 0. 1. 1. 0. 0. 0. 0. 0. 1. 0. 0. 0. 1. 0. 0. 0.
 1. 0. 0. 0. 0. 0. 0. 0. 0. 0. 1. 1. 0. 1. 1. 0. 1. 0. 1. 0. 0. 0. 0. 0.
 0. 0. 1. 0. 0. 0. 0. 1. 1. 0. 0. 0. 0. 0. 0. 1. 0. 0. 0. 0. 0. 1. 0. 0.
 0. 0. 1. 0. 0. 1. 1. 0. 0. 0. 1. 0. 0. 0. 0. 0. 1. 0. 0. 0. 1. 0. 0. 0.
 0. 0. 1. 0. 0. 0. 1. 1. 0. 1. 1. 0. 1. 0. 0. 0. 0. 0. 0. 0. 1. 0. 0. 0.
 0. 0. 0. 0. 1. 0. 1. 0. 0. 0. 1. 1. 0. 1. 1. 0. 0. 0. 1. 0. 0. 0. 0. 1.
 0. 0. 0. 0. 1. 1. 0. 0.]
Time taken: 22.291597366333008 seconds
Running combination 22 of 50
Fitting RandomForest...
Fitting Adaboost...
Fitting AdaBoost_2...
Fitting et...
Fitting gbc...
Fitting gbc_2...
Fitting gbc_3...
Fitting dt...
Fitting lr...
Fitting Lasso_1...
Fitting Lasso_2...
Fitting Lasso_3...
Fitting Lasso_4...
Fitting elasticnet...
VCF file created successfully.
pyseer stderr:  Read 1000 phenotypes
Detected continuous phenotype
Reading all variants

0variants [00:00, ?variants/s]
53variants [00:00, 529.03variants/s]
106variants [00:00, 475.70variants/s]
163variants [00:00, 512.32variants/s]
198variants [00:00, 512.84variants/s]
Applying correlation filtering

  0%|          | 0/198 [00:00<?, ?variants/s]
100%|██████████| 198/198 [00:00<00:00, 2670.75variants/s]
Fitting elastic net to top 148 variants
Best penalty (lambda) from cross-validation: 6.60E+00
Best R^2 from cross-validation: 0.568
Finding and printing selected variants
198 loaded variants
50 pre-filtered variants
148 tested variants
141 printed variants

True importance standardized:  [0.259468   1.         0.50024856 0.47151333 0.13232583 0.71039851
 0.93036746 0.64987279 0.58661864 0.84414696 0.         0.
 0.         0.         0.         0.         0.         0.
 0.         0.         0.         0.         0.         0.
 0.         0.         0.         0.         0.         0.
 0.         0.         0.         0.         0.         0.
 0.         0.         0.         0.         0.         0.
 0.         0.         0.         0.         0.         0.
 0.         0.         0.         0.         0.         0.
 0.         0.         0.         0.         0.         0.
 0.         0.         0.         0.         0.         0.
 0.         0.         0.         0.         0.         0.
 0.         0.         0.         0.         0.         0.
 0.         0.         0.         0.         0.         0.
 0.         0.         0.         0.         0.         0.
 0.         0.         0.         0.         0.         0.
 0.         0.         0.         0.         0.         0.
 0.         0.         0.         0.         0.         0.
 0.         0.         0.         0.         0.         0.
 0.         0.         0.         0.         0.         0.
 0.         0.         0.         0.         0.         0.
 0.         0.         0.         0.         0.         0.
 0.         0.         0.         0.         0.         0.
 0.         0.         0.         0.         0.         0.
 0.         0.         0.         0.         0.         0.
 0.         0.         0.         0.         0.         0.
 0.         0.         0.         0.         0.         0.
 0.         0.         0.         0.         0.         0.
 0.         0.         0.         0.         0.         0.
 0.         0.         0.         0.         0.         0.
 0.         0.         0.         0.         0.         0.
 0.         0.         0.         0.         0.         0.
 0.         0.         0.         0.         0.         0.
 0.         0.        ]
Normalized importance:  [0.         0.90142305 0.3655121  0.22376203 0.         0.72119988
 1.         0.56174711 0.29266095 0.85032747 0.         0.
 0.         0.         0.         0.         0.         0.
 0.         0.         0.         0.         0.         0.
 0.         0.         0.         0.         0.         0.
 0.         0.         0.         0.         0.         0.
 0.         0.         0.         0.         0.         0.
 0.         0.         0.         0.         0.         0.0486752
 0.         0.         0.         0.         0.         0.
 0.         0.         0.         0.         0.         0.
 0.         0.         0.         0.         0.         0.
 0.         0.         0.         0.         0.         0.
 0.         0.         0.         0.06766953 0.         0.
 0.         0.         0.         0.         0.         0.
 0.         0.         0.         0.         0.         0.
 0.         0.         0.         0.         0.         0.
 0.         0.         0.         0.         0.         0.
 0.         0.         0.         0.         0.         0.
 0.         0.         0.         0.         0.         0.
 0.         0.         0.         0.         0.         0.
 0.         0.         0.         0.         0.         0.
 0.         0.         0.         0.         0.         0.
 0.         0.         0.         0.         0.         0.
 0.         0.         0.         0.         0.         0.
 0.         0.         0.         0.         0.         0.
 0.         0.         0.         0.         0.         0.
 0.         0.         0.         0.         0.         0.
 0.         0.         0.         0.         0.         0.
 0.         0.         0.         0.         0.         0.
 0.         0.         0.         0.         0.         0.
 0.         0.         0.         0.         0.         0.
 0.         0.         0.         0.         0.         0.
 0.         0.         0.         0.         0.         0.
 0.         0.        ]
deepbreaks
y_true:  [0. 1. 0. 0. 0. 1. 1. 1. 0. 1. 0. 0. 0. 0. 0. 0. 0. 0. 0. 0. 0. 0. 0. 0.
 0. 0. 0. 0. 0. 0. 0. 0. 0. 0. 0. 0. 0. 0. 0. 0. 0. 0. 0. 0. 0. 0. 0. 0.
 0. 0. 0. 0. 0. 0. 0. 0. 0. 0. 0. 0. 0. 0. 0. 0. 0. 0. 0. 0. 0. 0. 0. 0.
 0. 0. 0. 0. 0. 0. 0. 0. 0. 0. 0. 0. 0. 0. 0. 0. 0. 0. 0. 0. 0. 0. 0. 0.
 0. 0. 0. 0. 0. 0. 0. 0. 0. 0. 0. 0. 0. 0. 0. 0. 0. 0. 0. 0. 0. 0. 0. 0.
 0. 0. 0. 0. 0. 0. 0. 0. 0. 0. 0. 0. 0. 0. 0. 0. 0. 0. 0. 0. 0. 0. 0. 0.
 0. 0. 0. 0. 0. 0. 0. 0. 0. 0. 0. 0. 0. 0. 0. 0. 0. 0. 0. 0. 0. 0. 0. 0.
 0. 0. 0. 0. 0. 0. 0. 0. 0. 0. 0. 0. 0. 0. 0. 0. 0. 0. 0. 0. 0. 0. 0. 0.
 0. 0. 0. 0. 0. 0. 0. 0.]
y_pred:  [0. 1. 0. 0. 0. 1. 1. 1. 0. 1. 0. 0. 0. 0. 0. 0. 0. 0. 0. 0. 0. 0. 0. 0.
 0. 0. 0. 0. 0. 0. 0. 0. 0. 0. 0. 0. 0. 0. 0. 0. 0. 0. 0. 0. 0. 0. 0. 0.
 0. 0. 0. 0. 0. 0. 0. 0. 0. 0. 0. 0. 0. 0. 0. 0. 0. 0. 0. 0. 0. 0. 0. 0.
 0. 0. 0. 0. 0. 0. 0. 0. 0. 0. 0. 0. 0. 0. 0. 0. 0. 0. 0. 0. 0. 0. 0. 0.
 0. 0. 0. 0. 0. 0. 0. 0. 0. 0. 0. 0. 0. 0. 0. 0. 0. 0. 0. 0. 0. 0. 0. 0.
 0. 0. 0. 0. 0. 0. 0. 0. 0. 0. 0. 0. 0. 0. 0. 0. 0. 0. 0. 0. 0. 0. 0. 0.
 0. 0. 0. 0. 0. 0. 0. 0. 0. 0. 0. 0. 0. 0. 0. 0. 0. 0. 0. 0. 0. 0. 0. 0.
 0. 0. 0. 0. 0. 0. 0. 0. 0. 0. 0. 0. 0. 0. 0. 0. 0. 0. 0. 0. 0. 0. 0. 0.
 0. 0. 0. 0. 0. 0. 0. 0.]
Normalized importance:  [1.78318584e-01 9.29203540e-01 5.61946903e-01 5.44247788e-01
 2.47787611e-01 8.18584071e-01 1.00000000e+00 6.76991150e-01
 5.70796460e-01 9.02654867e-01 5.84070796e-02 8.49557522e-02
 0.00000000e+00 9.42477876e-03 0.00000000e+00 2.98230088e-02
 2.34070796e-02 5.75221239e-02 0.00000000e+00 1.27876106e-01
 2.77433628e-02 0.00000000e+00 0.00000000e+00 2.89823009e-02
 8.36283186e-02 6.50442478e-02 1.70796460e-02 0.00000000e+00
 6.15044248e-02 0.00000000e+00 0.00000000e+00 3.07079646e-02
 1.03539823e-02 7.07964602e-02 3.16814159e-02 0.00000000e+00
 0.00000000e+00 1.05309735e-01 1.09734513e-01 5.70796460e-06
 1.45132743e-01 0.00000000e+00 1.21681416e-02 0.00000000e+00
 0.00000000e+00 6.85840708e-02 7.25663717e-02 1.30088496e-01
 2.80530973e-02 9.82300885e-02 1.01327434e-01 0.00000000e+00
 0.00000000e+00 8.76106195e-02 1.27876106e-01 4.26106195e-02
 1.04424779e-01 7.34513274e-02 0.00000000e+00 6.76991150e-02
 0.00000000e+00 4.38053097e-03 2.01327434e-02 1.34513274e-01
 1.86283186e-02 0.00000000e+00 1.39823009e-03 5.53097345e-02
 0.00000000e+00 5.61946903e-02 1.43805310e-02 6.10619469e-02
 4.25221239e-02 0.00000000e+00 4.41592920e-02 1.87610619e-01
 8.80530973e-02 0.00000000e+00 2.44247788e-02 0.00000000e+00
 2.40265487e-03 0.00000000e+00 1.06637168e-01 3.82300885e-02
 2.83185841e-03 1.26548673e-01 1.02212389e-01 4.55752212e-02
 2.07964602e-02 3.92035398e-02 0.00000000e+00 4.31415929e-02
 0.00000000e+00 0.00000000e+00 0.00000000e+00 2.64159292e-02
 8.18584071e-02 1.07964602e-01 1.06637168e-01 1.26548673e-02
 3.50442478e-02 8.45132743e-02 1.91150442e-01 8.27433628e-02
 0.00000000e+00 9.60176991e-03 0.00000000e+00 0.00000000e+00
 0.00000000e+00 2.83628319e-02 1.42477876e-01 0.00000000e+00
 0.00000000e+00 1.69469027e-02 0.00000000e+00 0.00000000e+00
 0.00000000e+00 3.30973451e-02 7.96460177e-02 9.33628319e-02
 0.00000000e+00 4.95575221e-02 1.04867257e-01 3.18584071e-02
 0.00000000e+00 1.38053097e-01 0.00000000e+00 0.00000000e+00
 9.73451327e-02 0.00000000e+00 1.16371681e-01 1.00884956e-01
 0.00000000e+00 0.00000000e+00 7.38938053e-02 7.61061947e-02
 7.16814159e-02 9.15929204e-02 5.75221239e-02 0.00000000e+00
 6.90265487e-02 0.00000000e+00 0.00000000e+00 8.23008850e-02
 5.75221239e-02 9.38053097e-02 1.01769912e-01 7.92035398e-02
 4.55752212e-02 9.11504425e-02 0.00000000e+00 8.76106195e-02
 6.06194690e-02 0.00000000e+00 1.09292035e-01 3.51327434e-02
 2.72566372e-02 3.19911504e-02 1.19469027e-03 6.23893805e-04
 4.95575221e-02 0.00000000e+00 7.16814159e-02 0.00000000e+00
 0.00000000e+00 3.80088496e-02 1.47345133e-02 6.06194690e-02
 8.45132743e-02 1.24336283e-01 0.00000000e+00 0.00000000e+00
 5.26548673e-02 8.18584071e-04 1.30530973e-01 3.89380531e-02
 2.60176991e-02 3.72123894e-02 7.07964602e-02 1.26991150e-01
 8.67256637e-02 1.10176991e-02 0.00000000e+00 6.32743363e-02
 1.85840708e-01 4.60176991e-02 8.27433628e-03 3.24336283e-02
 6.59292035e-02 0.00000000e+00 7.87610619e-02 1.11504425e-01
 1.94247788e-02 8.45132743e-02 0.00000000e+00 1.46902655e-01
 0.00000000e+00 1.35840708e-01 0.00000000e+00 0.00000000e+00]
pyseer
y_true:  [0. 1. 0. 0. 0. 1. 1. 1. 0. 1. 0. 0. 0. 0. 0. 0. 0. 0. 0. 0. 0. 0. 0. 0.
 0. 0. 0. 0. 0. 0. 0. 0. 0. 0. 0. 0. 0. 0. 0. 0. 0. 0. 0. 0. 0. 0. 0. 0.
 0. 0. 0. 0. 0. 0. 0. 0. 0. 0. 0. 0. 0. 0. 0. 0. 0. 0. 0. 0. 0. 0. 0. 0.
 0. 0. 0. 0. 0. 0. 0. 0. 0. 0. 0. 0. 0. 0. 0. 0. 0. 0. 0. 0. 0. 0. 0. 0.
 0. 0. 0. 0. 0. 0. 0. 0. 0. 0. 0. 0. 0. 0. 0. 0. 0. 0. 0. 0. 0. 0. 0. 0.
 0. 0. 0. 0. 0. 0. 0. 0. 0. 0. 0. 0. 0. 0. 0. 0. 0. 0. 0. 0. 0. 0. 0. 0.
 0. 0. 0. 0. 0. 0. 0. 0. 0. 0. 0. 0. 0. 0. 0. 0. 0. 0. 0. 0. 0. 0. 0. 0.
 0. 0. 0. 0. 0. 0. 0. 0. 0. 0. 0. 0. 0. 0. 0. 0. 0. 0. 0. 0. 0. 0. 0. 0.
 0. 0. 0. 0. 0. 0. 0. 0.]
y_pred:  [1. 1. 1. 1. 1. 1. 1. 1. 1. 1. 0. 1. 0. 0. 0. 0. 0. 0. 0. 1. 0. 0. 0. 0.
 1. 0. 0. 0. 0. 0. 0. 0. 0. 1. 0. 0. 0. 1. 1. 0. 1. 0. 0. 0. 0. 1. 1. 1.
 0. 1. 1. 0. 0. 1. 1. 0. 1. 1. 0. 0. 0. 0. 0. 1. 0. 0. 0. 0. 0. 0. 0. 0.
 0. 0. 0. 1. 1. 0. 0. 0. 0. 0. 1. 0. 0. 1. 1. 0. 0. 0. 0. 0. 0. 0. 0. 0.
 1. 1. 1. 0. 0. 1. 1. 1. 0. 0. 0. 0. 0. 0. 1. 0. 0. 0. 0. 0. 0. 0. 1. 1.
 0. 0. 1. 0. 0. 1. 0. 0. 1. 0. 1. 1. 0. 0. 1. 1. 1. 1. 0. 0. 1. 0. 0. 1.
 0. 1. 1. 1. 0. 1. 0. 1. 0. 0. 1. 0. 0. 0. 0. 0. 0. 0. 1. 0. 0. 0. 0. 0.
 1. 1. 0. 0. 0. 0. 1. 0. 0. 0. 1. 1. 1. 0. 0. 0. 1. 0. 0. 0. 0. 0. 1. 1.
 0. 1. 0. 1. 0. 1. 0. 0.]
Time taken: 22.356629610061646 seconds
Running combination 23 of 50
Fitting RandomForest...
Fitting Adaboost...
Fitting AdaBoost_2...
Fitting et...
Fitting gbc...
Fitting gbc_2...
Fitting gbc_3...
Fitting dt...
Fitting lr...
Fitting Lasso_1...
Fitting Lasso_2...
Fitting Lasso_3...
Fitting Lasso_4...
Fitting elasticnet...
VCF file created successfully.
pyseer stderr:  Read 1000 phenotypes
Detected continuous phenotype
Reading all variants

0variants [00:00, ?variants/s]
54variants [00:00, 539.27variants/s]
108variants [00:00, 478.68variants/s]
163variants [00:00, 505.84variants/s]
198variants [00:00, 512.47variants/s]
Applying correlation filtering

  0%|          | 0/198 [00:00<?, ?variants/s]
100%|██████████| 198/198 [00:00<00:00, 2700.79variants/s]
Fitting elastic net to top 148 variants
Best penalty (lambda) from cross-validation: 4.94E+00
Best R^2 from cross-validation: 0.560
Finding and printing selected variants
198 loaded variants
50 pre-filtered variants
148 tested variants
142 printed variants

True importance standardized:  [1.         0.62227678 0.47783105 0.87747391 0.18512766 0.85721351
 0.98841    0.42369375 0.19526499 0.66757292 0.         0.
 0.         0.         0.         0.         0.         0.
 0.         0.         0.         0.         0.         0.
 0.         0.         0.         0.         0.         0.
 0.         0.         0.         0.         0.         0.
 0.         0.         0.         0.         0.         0.
 0.         0.         0.         0.         0.         0.
 0.         0.         0.         0.         0.         0.
 0.         0.         0.         0.         0.         0.
 0.         0.         0.         0.         0.         0.
 0.         0.         0.         0.         0.         0.
 0.         0.         0.         0.         0.         0.
 0.         0.         0.         0.         0.         0.
 0.         0.         0.         0.         0.         0.
 0.         0.         0.         0.         0.         0.
 0.         0.         0.         0.         0.         0.
 0.         0.         0.         0.         0.         0.
 0.         0.         0.         0.         0.         0.
 0.         0.         0.         0.         0.         0.
 0.         0.         0.         0.         0.         0.
 0.         0.         0.         0.         0.         0.
 0.         0.         0.         0.         0.         0.
 0.         0.         0.         0.         0.         0.
 0.         0.         0.         0.         0.         0.
 0.         0.         0.         0.         0.         0.
 0.         0.         0.         0.         0.         0.
 0.         0.         0.         0.         0.         0.
 0.         0.         0.         0.         0.         0.
 0.         0.         0.         0.         0.         0.
 0.         0.         0.         0.         0.         0.
 0.         0.         0.         0.         0.         0.
 0.         0.         0.         0.         0.         0.
 0.         0.        ]
Normalized importance:  [0.70596905 0.51067862 0.27900399 0.94768309 0.         0.61178741
 1.         0.15660512 0.03904326 0.24163605 0.         0.
 0.         0.         0.         0.         0.         0.
 0.         0.         0.         0.         0.         0.
 0.03111959 0.         0.         0.         0.         0.
 0.         0.         0.         0.         0.         0.
 0.         0.         0.         0.         0.         0.
 0.         0.         0.         0.         0.         0.
 0.         0.         0.         0.         0.         0.
 0.02353002 0.         0.         0.         0.         0.
 0.         0.         0.         0.         0.         0.
 0.         0.         0.         0.         0.         0.
 0.         0.         0.03955887 0.         0.         0.
 0.         0.02771219 0.         0.         0.         0.
 0.02484196 0.         0.         0.         0.         0.
 0.         0.         0.         0.         0.         0.
 0.         0.         0.         0.         0.         0.
 0.         0.         0.         0.         0.         0.
 0.         0.         0.         0.         0.         0.
 0.         0.         0.         0.02912715 0.         0.02578509
 0.         0.         0.         0.         0.         0.
 0.         0.         0.         0.         0.09281404 0.
 0.         0.         0.         0.         0.         0.
 0.         0.         0.         0.         0.         0.
 0.         0.         0.         0.         0.         0.
 0.         0.         0.         0.         0.         0.
 0.         0.         0.         0.         0.         0.
 0.         0.         0.         0.         0.         0.
 0.         0.         0.         0.         0.         0.
 0.         0.         0.         0.         0.         0.
 0.         0.         0.         0.         0.         0.
 0.01700443 0.         0.         0.         0.         0.
 0.         0.         0.         0.         0.         0.
 0.         0.        ]
deepbreaks
y_true:  [1. 0. 0. 1. 0. 1. 1. 0. 0. 1. 0. 0. 0. 0. 0. 0. 0. 0. 0. 0. 0. 0. 0. 0.
 0. 0. 0. 0. 0. 0. 0. 0. 0. 0. 0. 0. 0. 0. 0. 0. 0. 0. 0. 0. 0. 0. 0. 0.
 0. 0. 0. 0. 0. 0. 0. 0. 0. 0. 0. 0. 0. 0. 0. 0. 0. 0. 0. 0. 0. 0. 0. 0.
 0. 0. 0. 0. 0. 0. 0. 0. 0. 0. 0. 0. 0. 0. 0. 0. 0. 0. 0. 0. 0. 0. 0. 0.
 0. 0. 0. 0. 0. 0. 0. 0. 0. 0. 0. 0. 0. 0. 0. 0. 0. 0. 0. 0. 0. 0. 0. 0.
 0. 0. 0. 0. 0. 0. 0. 0. 0. 0. 0. 0. 0. 0. 0. 0. 0. 0. 0. 0. 0. 0. 0. 0.
 0. 0. 0. 0. 0. 0. 0. 0. 0. 0. 0. 0. 0. 0. 0. 0. 0. 0. 0. 0. 0. 0. 0. 0.
 0. 0. 0. 0. 0. 0. 0. 0. 0. 0. 0. 0. 0. 0. 0. 0. 0. 0. 0. 0. 0. 0. 0. 0.
 0. 0. 0. 0. 0. 0. 0. 0.]
y_pred:  [1. 1. 1. 1. 0. 1. 1. 1. 0. 1. 0. 0. 0. 0. 0. 0. 0. 0. 0. 0. 0. 0. 0. 0.
 0. 0. 0. 0. 0. 0. 0. 0. 0. 0. 0. 0. 0. 0. 0. 0. 0. 0. 0. 0. 0. 0. 0. 0.
 0. 0. 0. 0. 0. 0. 0. 0. 0. 0. 0. 0. 0. 0. 0. 0. 0. 0. 0. 0. 0. 0. 0. 0.
 0. 0. 0. 0. 0. 0. 0. 0. 0. 0. 0. 0. 0. 0. 0. 0. 0. 0. 0. 0. 0. 0. 0. 0.
 0. 0. 0. 0. 0. 0. 0. 0. 0. 0. 0. 0. 0. 0. 0. 0. 0. 0. 0. 0. 0. 0. 0. 0.
 0. 0. 0. 0. 0. 0. 0. 0. 0. 0. 1. 0. 0. 0. 0. 0. 0. 0. 0. 0. 0. 0. 0. 0.
 0. 0. 0. 0. 0. 0. 0. 0. 0. 0. 0. 0. 0. 0. 0. 0. 0. 0. 0. 0. 0. 0. 0. 0.
 0. 0. 0. 0. 0. 0. 0. 0. 0. 0. 0. 0. 0. 0. 0. 0. 0. 0. 0. 0. 0. 0. 0. 0.
 0. 0. 0. 0. 0. 0. 0. 0.]
Normalized importance:  [9.31818182e-01 7.14393939e-01 5.15909091e-01 9.31818182e-01
 2.34848485e-01 8.03030303e-01 1.00000000e+00 4.91666667e-01
 2.09090909e-01 6.16666667e-01 0.00000000e+00 8.33333333e-02
 6.21969697e-02 6.89393939e-02 0.00000000e+00 1.43939394e-01
 0.00000000e+00 9.01515152e-02 0.00000000e+00 8.40909091e-02
 3.45454545e-02 1.52272727e-01 0.00000000e+00 0.00000000e+00
 8.86363636e-02 0.00000000e+00 0.00000000e+00 8.56060606e-02
 3.77272727e-02 2.07575758e-02 1.02272727e-01 1.55303030e-03
 1.11363636e-01 4.01515152e-02 0.00000000e+00 1.10606061e-01
 3.09848485e-02 7.57575758e-02 7.10606061e-02 4.91666667e-02
 0.00000000e+00 0.00000000e+00 0.00000000e+00 0.00000000e+00
 5.48484848e-02 6.50757576e-03 1.21969697e-01 4.62121212e-02
 1.16666667e-01 3.32575758e-03 1.90151515e-02 0.00000000e+00
 0.00000000e+00 0.00000000e+00 1.95454545e-01 5.18939394e-02
 1.52272727e-02 4.49242424e-02 3.49242424e-02 1.12878788e-02
 2.55303030e-02 1.50757576e-02 9.62121212e-02 9.92424242e-02
 6.83333333e-02 6.62121212e-03 0.00000000e+00 1.78030303e-02
 0.00000000e+00 2.04545455e-02 0.00000000e+00 0.00000000e+00
 4.34090909e-02 0.00000000e+00 1.73484848e-01 6.23484848e-02
 0.00000000e+00 9.54545455e-02 0.00000000e+00 1.53030303e-01
 8.71212121e-03 0.00000000e+00 2.77272727e-04 4.03787879e-02
 1.66666667e-01 0.00000000e+00 0.00000000e+00 0.00000000e+00
 3.87121212e-02 5.09090909e-02 3.63636364e-02 0.00000000e+00
 8.71212121e-02 0.00000000e+00 7.46212121e-02 1.28030303e-01
 6.27272727e-02 1.32575758e-01 0.00000000e+00 0.00000000e+00
 3.38636364e-02 1.51515152e-01 5.65909091e-02 9.54545455e-02
 9.09090909e-02 3.74242424e-02 1.34848485e-01 1.40151515e-01
 6.87878788e-02 3.46212121e-02 0.00000000e+00 1.49242424e-01
 0.00000000e+00 4.35606061e-02 3.46212121e-02 1.34090909e-02
 2.94696970e-02 8.86363636e-02 3.14393939e-02 2.18939394e-01
 4.97727273e-02 7.65151515e-02 9.01515152e-02 2.80303030e-02
 1.70454545e-02 0.00000000e+00 5.88636364e-02 0.00000000e+00
 1.44696970e-01 0.00000000e+00 2.04545455e-01 9.92424242e-02
 6.89393939e-02 5.56818182e-02 0.00000000e+00 1.21212121e-01
 1.37121212e-01 4.15151515e-02 2.59090909e-02 0.00000000e+00
 0.00000000e+00 1.09848485e-01 0.00000000e+00 2.96212121e-03
 1.63636364e-01 1.36363636e-02 4.17424242e-02 0.00000000e+00
 3.71212121e-02 1.04545455e-02 0.00000000e+00 0.00000000e+00
 0.00000000e+00 8.40909091e-02 8.63636364e-03 8.48484848e-02
 3.31060606e-02 0.00000000e+00 1.29545455e-01 1.40151515e-01
 0.00000000e+00 5.25000000e-02 5.23484848e-02 0.00000000e+00
 1.43939394e-01 1.07575758e-01 0.00000000e+00 3.67424242e-02
 1.24242424e-02 1.90909091e-01 9.92424242e-03 0.00000000e+00
 0.00000000e+00 0.00000000e+00 5.18939394e-02 9.77272727e-02
 5.09848485e-02 0.00000000e+00 0.00000000e+00 0.00000000e+00
 3.17424242e-02 7.04545455e-02 2.56818182e-02 1.25000000e-01
 6.85606061e-02 5.21969697e-02 1.05303030e-01 0.00000000e+00
 0.00000000e+00 1.87121212e-02 4.51515152e-02 6.57575758e-02
 4.75757576e-02 1.57575758e-02 8.71212121e-02 1.40909091e-02
 6.36363636e-02 4.03030303e-02 0.00000000e+00 0.00000000e+00]
pyseer
y_true:  [1. 0. 0. 1. 0. 1. 1. 0. 0. 1. 0. 0. 0. 0. 0. 0. 0. 0. 0. 0. 0. 0. 0. 0.
 0. 0. 0. 0. 0. 0. 0. 0. 0. 0. 0. 0. 0. 0. 0. 0. 0. 0. 0. 0. 0. 0. 0. 0.
 0. 0. 0. 0. 0. 0. 0. 0. 0. 0. 0. 0. 0. 0. 0. 0. 0. 0. 0. 0. 0. 0. 0. 0.
 0. 0. 0. 0. 0. 0. 0. 0. 0. 0. 0. 0. 0. 0. 0. 0. 0. 0. 0. 0. 0. 0. 0. 0.
 0. 0. 0. 0. 0. 0. 0. 0. 0. 0. 0. 0. 0. 0. 0. 0. 0. 0. 0. 0. 0. 0. 0. 0.
 0. 0. 0. 0. 0. 0. 0. 0. 0. 0. 0. 0. 0. 0. 0. 0. 0. 0. 0. 0. 0. 0. 0. 0.
 0. 0. 0. 0. 0. 0. 0. 0. 0. 0. 0. 0. 0. 0. 0. 0. 0. 0. 0. 0. 0. 0. 0. 0.
 0. 0. 0. 0. 0. 0. 0. 0. 0. 0. 0. 0. 0. 0. 0. 0. 0. 0. 0. 0. 0. 0. 0. 0.
 0. 0. 0. 0. 0. 0. 0. 0.]
y_pred:  [1. 1. 1. 1. 1. 1. 1. 1. 1. 1. 0. 1. 0. 1. 0. 1. 0. 1. 0. 1. 0. 1. 0. 0.
 1. 0. 0. 1. 0. 0. 1. 0. 1. 0. 0. 1. 0. 1. 1. 0. 0. 0. 0. 0. 0. 0. 1. 0.
 1. 0. 0. 0. 0. 0. 1. 0. 0. 0. 0. 0. 0. 0. 1. 1. 1. 0. 0. 0. 0. 0. 0. 0.
 0. 0. 1. 0. 0. 1. 0. 1. 0. 0. 0. 0. 1. 0. 0. 0. 0. 0. 0. 0. 1. 0. 1. 1.
 0. 1. 0. 0. 0. 1. 0. 1. 1. 0. 1. 1. 1. 0. 0. 1. 0. 0. 0. 0. 0. 1. 0. 1.
 0. 1. 1. 0. 0. 0. 0. 0. 1. 0. 1. 1. 1. 0. 0. 1. 1. 0. 0. 0. 0. 1. 0. 0.
 1. 0. 0. 0. 0. 0. 0. 0. 0. 1. 0. 1. 0. 0. 1. 1. 0. 0. 0. 0. 1. 1. 0. 0.
 0. 1. 0. 0. 0. 0. 0. 1. 0. 0. 0. 0. 0. 1. 0. 1. 1. 0. 1. 0. 0. 0. 0. 1.
 0. 0. 1. 0. 1. 0. 0. 0.]
Time taken: 21.628010272979736 seconds
Running combination 24 of 50
Fitting RandomForest...
Fitting Adaboost...
Fitting AdaBoost_2...
Fitting et...
Fitting gbc...
Fitting gbc_2...
Fitting gbc_3...
Fitting dt...
Fitting lr...
Fitting Lasso_1...
Fitting Lasso_2...
Fitting Lasso_3...
Fitting Lasso_4...
Fitting elasticnet...
VCF file created successfully.
pyseer stderr:  Read 1000 phenotypes
Detected continuous phenotype
Reading all variants

0variants [00:00, ?variants/s]
56variants [00:00, 558.34variants/s]
112variants [00:00, 489.34variants/s]
169variants [00:00, 520.85variants/s]
198variants [00:00, 524.39variants/s]
Applying correlation filtering

  0%|          | 0/198 [00:00<?, ?variants/s]
100%|██████████| 198/198 [00:00<00:00, 2707.58variants/s]
Fitting elastic net to top 148 variants
Best penalty (lambda) from cross-validation: 3.63E+00
Best R^2 from cross-validation: 0.573
Finding and printing selected variants
198 loaded variants
50 pre-filtered variants
148 tested variants
144 printed variants

True importance standardized:  [0.22810553 0.20035637 1.         0.75283093 0.44631495 0.50186746
 0.35736301 0.6453105  0.50603299 0.28694781 0.         0.
 0.         0.         0.         0.         0.         0.
 0.         0.         0.         0.         0.         0.
 0.         0.         0.         0.         0.         0.
 0.         0.         0.         0.         0.         0.
 0.         0.         0.         0.         0.         0.
 0.         0.         0.         0.         0.         0.
 0.         0.         0.         0.         0.         0.
 0.         0.         0.         0.         0.         0.
 0.         0.         0.         0.         0.         0.
 0.         0.         0.         0.         0.         0.
 0.         0.         0.         0.         0.         0.
 0.         0.         0.         0.         0.         0.
 0.         0.         0.         0.         0.         0.
 0.         0.         0.         0.         0.         0.
 0.         0.         0.         0.         0.         0.
 0.         0.         0.         0.         0.         0.
 0.         0.         0.         0.         0.         0.
 0.         0.         0.         0.         0.         0.
 0.         0.         0.         0.         0.         0.
 0.         0.         0.         0.         0.         0.
 0.         0.         0.         0.         0.         0.
 0.         0.         0.         0.         0.         0.
 0.         0.         0.         0.         0.         0.
 0.         0.         0.         0.         0.         0.
 0.         0.         0.         0.         0.         0.
 0.         0.         0.         0.         0.         0.
 0.         0.         0.         0.         0.         0.
 0.         0.         0.         0.         0.         0.
 0.         0.         0.         0.         0.         0.
 0.         0.         0.         0.         0.         0.
 0.         0.         0.         0.         0.         0.
 0.         0.        ]
Normalized importance:  [0.         0.         1.         0.71292189 0.27219769 0.29336864
 0.05046283 0.7357783  0.25949505 0.10170846 0.         0.
 0.         0.         0.         0.         0.         0.
 0.         0.         0.         0.         0.         0.
 0.         0.         0.         0.         0.         0.
 0.         0.         0.         0.         0.         0.
 0.         0.         0.         0.         0.         0.
 0.         0.         0.         0.         0.         0.
 0.         0.         0.         0.         0.         0.
 0.         0.         0.         0.         0.         0.
 0.         0.         0.         0.         0.         0.
 0.         0.         0.         0.         0.         0.
 0.         0.         0.         0.         0.         0.
 0.         0.         0.         0.         0.         0.
 0.         0.         0.         0.         0.         0.
 0.         0.         0.         0.         0.         0.
 0.         0.         0.         0.         0.         0.
 0.         0.         0.         0.         0.         0.
 0.         0.         0.         0.         0.         0.
 0.         0.         0.         0.         0.         0.
 0.         0.         0.         0.         0.         0.
 0.         0.         0.         0.         0.         0.
 0.         0.         0.         0.         0.         0.
 0.         0.         0.         0.         0.         0.
 0.         0.         0.         0.         0.         0.
 0.         0.         0.         0.         0.         0.
 0.         0.         0.         0.         0.         0.
 0.         0.         0.         0.         0.         0.
 0.         0.         0.         0.         0.         0.
 0.         0.         0.         0.         0.         0.
 0.         0.         0.         0.         0.         0.
 0.         0.         0.         0.         0.         0.
 0.         0.         0.         0.         0.         0.
 0.         0.        ]
deepbreaks
y_true:  [0. 0. 1. 1. 0. 1. 0. 1. 1. 0. 0. 0. 0. 0. 0. 0. 0. 0. 0. 0. 0. 0. 0. 0.
 0. 0. 0. 0. 0. 0. 0. 0. 0. 0. 0. 0. 0. 0. 0. 0. 0. 0. 0. 0. 0. 0. 0. 0.
 0. 0. 0. 0. 0. 0. 0. 0. 0. 0. 0. 0. 0. 0. 0. 0. 0. 0. 0. 0. 0. 0. 0. 0.
 0. 0. 0. 0. 0. 0. 0. 0. 0. 0. 0. 0. 0. 0. 0. 0. 0. 0. 0. 0. 0. 0. 0. 0.
 0. 0. 0. 0. 0. 0. 0. 0. 0. 0. 0. 0. 0. 0. 0. 0. 0. 0. 0. 0. 0. 0. 0. 0.
 0. 0. 0. 0. 0. 0. 0. 0. 0. 0. 0. 0. 0. 0. 0. 0. 0. 0. 0. 0. 0. 0. 0. 0.
 0. 0. 0. 0. 0. 0. 0. 0. 0. 0. 0. 0. 0. 0. 0. 0. 0. 0. 0. 0. 0. 0. 0. 0.
 0. 0. 0. 0. 0. 0. 0. 0. 0. 0. 0. 0. 0. 0. 0. 0. 0. 0. 0. 0. 0. 0. 0. 0.
 0. 0. 0. 0. 0. 0. 0. 0.]
y_pred:  [0. 0. 1. 1. 0. 1. 0. 1. 0. 0. 0. 0. 0. 0. 0. 0. 0. 0. 0. 0. 0. 0. 0. 0.
 0. 0. 0. 0. 0. 0. 0. 0. 0. 0. 0. 0. 0. 0. 0. 0. 0. 0. 0. 0. 0. 0. 0. 0.
 0. 0. 0. 0. 0. 0. 0. 0. 0. 0. 0. 0. 0. 0. 0. 0. 0. 0. 0. 0. 0. 0. 0. 0.
 0. 0. 0. 0. 0. 0. 0. 0. 0. 0. 0. 0. 0. 0. 0. 0. 0. 0. 0. 0. 0. 0. 0. 0.
 0. 0. 0. 0. 0. 0. 0. 0. 0. 0. 0. 0. 0. 0. 0. 0. 0. 0. 0. 0. 0. 0. 0. 0.
 0. 0. 0. 0. 0. 0. 0. 0. 0. 0. 0. 0. 0. 0. 0. 0. 0. 0. 0. 0. 0. 0. 0. 0.
 0. 0. 0. 0. 0. 0. 0. 0. 0. 0. 0. 0. 0. 0. 0. 0. 0. 0. 0. 0. 0. 0. 0. 0.
 0. 0. 0. 0. 0. 0. 0. 0. 0. 0. 0. 0. 0. 0. 0. 0. 0. 0. 0. 0. 0. 0. 0. 0.
 0. 0. 0. 0. 0. 0. 0. 0.]
Normalized importance:  [2.12578616e-01 2.22641509e-01 1.00000000e+00 7.67295597e-01
 5.01886792e-01 5.55345912e-01 2.63522013e-01 7.48427673e-01
 5.50314465e-01 3.27044025e-01 9.62264151e-02 5.97484277e-02
 0.00000000e+00 2.64779874e-02 0.00000000e+00 0.00000000e+00
 3.12578616e-02 4.81132075e-02 4.08176101e-02 5.10062893e-02
 0.00000000e+00 3.57861635e-04 8.61635220e-02 4.64779874e-02
 1.08805031e-01 0.00000000e+00 3.01257862e-02 0.00000000e+00
 7.61006289e-02 0.00000000e+00 0.00000000e+00 7.42138365e-02
 2.91194969e-02 0.00000000e+00 4.57861635e-02 4.03144654e-02
 9.43396226e-02 1.49056604e-02 2.15094340e-02 3.87421384e-02
 0.00000000e+00 5.92452830e-02 1.96855346e-02 3.42138365e-02
 8.23899371e-02 6.66666667e-02 6.16981132e-02 1.68553459e-02
 0.00000000e+00 7.04402516e-02 6.35220126e-04 0.00000000e+00
 0.00000000e+00 2.67295597e-02 0.00000000e+00 3.66037736e-02
 1.31446541e-01 0.00000000e+00 0.00000000e+00 0.00000000e+00
 8.05031447e-02 4.37735849e-02 7.23270440e-02 8.23899371e-03
 2.81132075e-02 4.52201258e-02 5.11320755e-02 2.45911950e-02
 6.79245283e-02 3.53459119e-02 7.16981132e-03 0.00000000e+00
 6.66666667e-02 5.93081761e-02 3.59119497e-03 0.00000000e+00
 2.28301887e-02 1.84276730e-01 9.43396226e-02 8.23899371e-02
 7.79874214e-03 8.05031447e-02 9.11949686e-02 3.18867925e-02
 0.00000000e+00 1.17610063e-01 5.41509434e-02 0.00000000e+00
 2.18238994e-02 0.00000000e+00 1.07547170e-01 0.00000000e+00
 1.86163522e-02 0.00000000e+00 1.84905660e-02 5.57232704e-02
 0.00000000e+00 3.54088050e-02 1.36477987e-02 6.79245283e-02
 8.42767296e-02 1.37106918e-01 2.30817610e-02 0.00000000e+00
 3.88050314e-02 0.00000000e+00 0.00000000e+00 0.00000000e+00
 0.00000000e+00 6.72955975e-02 1.28930818e-01 8.99371069e-02
 9.11949686e-02 1.46540881e-01 5.20754717e-02 1.84276730e-02
 0.00000000e+00 7.73584906e-02 0.00000000e+00 0.00000000e+00
 1.27044025e-01 1.36477987e-01 1.00628931e-01 2.32704403e-02
 1.25786164e-01 3.35220126e-02 9.74842767e-02 4.41509434e-02
 3.53459119e-03 0.00000000e+00 6.91823899e-02 1.33333333e-01
 7.92452830e-02 4.32075472e-02 4.67924528e-02 5.16352201e-02
 1.04402516e-01 1.80503145e-01 5.94968553e-02 1.52201258e-02
 4.35220126e-02 0.00000000e+00 7.73584906e-03 3.92452830e-02
 3.28930818e-02 3.45283019e-02 4.30817610e-02 0.00000000e+00
 0.00000000e+00 2.56603774e-02 3.61006289e-02 1.33333333e-02
 5.52201258e-02 2.00000000e-02 6.03773585e-02 0.00000000e+00
 0.00000000e+00 1.12578616e-01 0.00000000e+00 3.85534591e-03
 0.00000000e+00 3.15094340e-02 0.00000000e+00 2.84276730e-02
 0.00000000e+00 3.12578616e-02 1.28930818e-03 7.42138365e-02
 0.00000000e+00 0.00000000e+00 4.64779874e-02 6.79245283e-02
 4.67924528e-02 1.88679245e-02 0.00000000e+00 6.47798742e-02
 3.62264151e-02 0.00000000e+00 0.00000000e+00 0.00000000e+00
 2.01257862e-02 9.62264151e-02 1.28930818e-01 3.57861635e-02
 5.10062893e-02 8.05031447e-02 0.00000000e+00 8.99371069e-02
 4.47169811e-02 0.00000000e+00 6.35220126e-02 0.00000000e+00
 1.76100629e-02 0.00000000e+00 5.37106918e-02 9.37106918e-02
 0.00000000e+00 8.05031447e-02 0.00000000e+00 0.00000000e+00]
pyseer
y_true:  [0. 0. 1. 1. 0. 1. 0. 1. 1. 0. 0. 0. 0. 0. 0. 0. 0. 0. 0. 0. 0. 0. 0. 0.
 0. 0. 0. 0. 0. 0. 0. 0. 0. 0. 0. 0. 0. 0. 0. 0. 0. 0. 0. 0. 0. 0. 0. 0.
 0. 0. 0. 0. 0. 0. 0. 0. 0. 0. 0. 0. 0. 0. 0. 0. 0. 0. 0. 0. 0. 0. 0. 0.
 0. 0. 0. 0. 0. 0. 0. 0. 0. 0. 0. 0. 0. 0. 0. 0. 0. 0. 0. 0. 0. 0. 0. 0.
 0. 0. 0. 0. 0. 0. 0. 0. 0. 0. 0. 0. 0. 0. 0. 0. 0. 0. 0. 0. 0. 0. 0. 0.
 0. 0. 0. 0. 0. 0. 0. 0. 0. 0. 0. 0. 0. 0. 0. 0. 0. 0. 0. 0. 0. 0. 0. 0.
 0. 0. 0. 0. 0. 0. 0. 0. 0. 0. 0. 0. 0. 0. 0. 0. 0. 0. 0. 0. 0. 0. 0. 0.
 0. 0. 0. 0. 0. 0. 0. 0. 0. 0. 0. 0. 0. 0. 0. 0. 0. 0. 0. 0. 0. 0. 0. 0.
 0. 0. 0. 0. 0. 0. 0. 0.]
y_pred:  [1. 1. 1. 1. 1. 1. 1. 1. 1. 1. 1. 1. 0. 0. 0. 0. 0. 0. 0. 0. 0. 0. 1. 0.
 1. 0. 0. 0. 1. 0. 0. 1. 0. 0. 0. 0. 1. 0. 0. 0. 0. 1. 0. 0. 1. 1. 1. 0.
 0. 1. 0. 0. 0. 0. 0. 0. 1. 0. 0. 0. 1. 0. 1. 0. 0. 0. 0. 0. 1. 0. 0. 0.
 1. 1. 0. 0. 0. 1. 1. 1. 0. 1. 1. 0. 0. 1. 1. 0. 0. 0. 1. 0. 0. 0. 0. 1.
 0. 0. 0. 1. 1. 1. 0. 0. 0. 0. 0. 0. 0. 1. 1. 1. 1. 1. 1. 0. 0. 1. 0. 0.
 1. 1. 1. 0. 1. 0. 1. 0. 0. 0. 1. 1. 1. 0. 0. 0. 1. 1. 1. 0. 0. 0. 0. 0.
 0. 0. 0. 0. 0. 0. 0. 0. 1. 0. 1. 0. 0. 1. 0. 0. 0. 0. 0. 0. 0. 0. 0. 1.
 0. 0. 0. 1. 0. 0. 0. 1. 0. 0. 0. 0. 0. 1. 1. 0. 0. 1. 0. 1. 0. 0. 1. 0.
 0. 0. 1. 1. 0. 1. 0. 0.]
Time taken: 21.52930498123169 seconds
Running combination 25 of 50
Fitting RandomForest...
Fitting Adaboost...
Fitting AdaBoost_2...
Fitting et...
Fitting gbc...
Fitting gbc_2...
Fitting gbc_3...
Fitting dt...
Fitting lr...
Fitting Lasso_1...
Fitting Lasso_2...
Fitting Lasso_3...
Fitting Lasso_4...
Fitting elasticnet...
VCF file created successfully.
pyseer stderr:  Read 1000 phenotypes
Detected continuous phenotype
Reading all variants

0variants [00:00, ?variants/s]
55variants [00:00, 547.34variants/s]
110variants [00:00, 482.41variants/s]
166variants [00:00, 512.59variants/s]
198variants [00:00, 513.38variants/s]
Applying correlation filtering

  0%|          | 0/198 [00:00<?, ?variants/s]
100%|██████████| 198/198 [00:00<00:00, 2596.91variants/s]
Fitting elastic net to top 148 variants
Best penalty (lambda) from cross-validation: 3.55E+00
Best R^2 from cross-validation: 0.608
Finding and printing selected variants
198 loaded variants
50 pre-filtered variants
148 tested variants
142 printed variants

True importance standardized:  [0.32215552 0.76820752 0.76415758 0.93051267 0.29510081 0.4341499
 0.34977481 0.75935584 1.         0.12566331 0.         0.
 0.         0.         0.         0.         0.         0.
 0.         0.         0.         0.         0.         0.
 0.         0.         0.         0.         0.         0.
 0.         0.         0.         0.         0.         0.
 0.         0.         0.         0.         0.         0.
 0.         0.         0.         0.         0.         0.
 0.         0.         0.         0.         0.         0.
 0.         0.         0.         0.         0.         0.
 0.         0.         0.         0.         0.         0.
 0.         0.         0.         0.         0.         0.
 0.         0.         0.         0.         0.         0.
 0.         0.         0.         0.         0.         0.
 0.         0.         0.         0.         0.         0.
 0.         0.         0.         0.         0.         0.
 0.         0.         0.         0.         0.         0.
 0.         0.         0.         0.         0.         0.
 0.         0.         0.         0.         0.         0.
 0.         0.         0.         0.         0.         0.
 0.         0.         0.         0.         0.         0.
 0.         0.         0.         0.         0.         0.
 0.         0.         0.         0.         0.         0.
 0.         0.         0.         0.         0.         0.
 0.         0.         0.         0.         0.         0.
 0.         0.         0.         0.         0.         0.
 0.         0.         0.         0.         0.         0.
 0.         0.         0.         0.         0.         0.
 0.         0.         0.         0.         0.         0.
 0.         0.         0.         0.         0.         0.
 0.         0.         0.         0.         0.         0.
 0.         0.         0.         0.         0.         0.
 0.         0.         0.         0.         0.         0.
 0.         0.        ]
Normalized importance:  [0.         0.79099509 0.47749324 0.92870443 0.09805748 0.35592772
 0.15038084 0.73355575 1.         0.         0.         0.
 0.         0.         0.         0.         0.         0.
 0.         0.         0.         0.         0.         0.
 0.         0.         0.         0.         0.         0.
 0.         0.         0.         0.         0.         0.
 0.         0.         0.         0.         0.         0.
 0.         0.         0.         0.         0.         0.
 0.         0.         0.         0.         0.08790068 0.
 0.         0.         0.         0.         0.         0.
 0.         0.         0.         0.         0.         0.
 0.         0.         0.         0.         0.         0.
 0.         0.         0.         0.         0.         0.
 0.         0.         0.         0.         0.         0.
 0.         0.         0.         0.         0.         0.
 0.         0.         0.         0.         0.         0.
 0.         0.         0.         0.         0.         0.
 0.         0.         0.         0.         0.         0.
 0.         0.         0.         0.         0.         0.
 0.         0.         0.         0.         0.         0.
 0.         0.         0.         0.02302265 0.         0.
 0.         0.         0.         0.02816834 0.         0.
 0.         0.         0.         0.         0.         0.
 0.         0.         0.         0.         0.         0.
 0.         0.         0.         0.         0.         0.
 0.         0.         0.         0.         0.04739481 0.
 0.         0.         0.         0.         0.         0.
 0.         0.         0.         0.         0.         0.
 0.         0.         0.         0.         0.         0.
 0.         0.         0.         0.         0.         0.
 0.         0.         0.         0.         0.         0.
 0.02803286 0.         0.         0.         0.         0.
 0.         0.         0.         0.         0.         0.
 0.         0.        ]
deepbreaks
y_true:  [0. 1. 1. 1. 0. 0. 0. 1. 1. 0. 0. 0. 0. 0. 0. 0. 0. 0. 0. 0. 0. 0. 0. 0.
 0. 0. 0. 0. 0. 0. 0. 0. 0. 0. 0. 0. 0. 0. 0. 0. 0. 0. 0. 0. 0. 0. 0. 0.
 0. 0. 0. 0. 0. 0. 0. 0. 0. 0. 0. 0. 0. 0. 0. 0. 0. 0. 0. 0. 0. 0. 0. 0.
 0. 0. 0. 0. 0. 0. 0. 0. 0. 0. 0. 0. 0. 0. 0. 0. 0. 0. 0. 0. 0. 0. 0. 0.
 0. 0. 0. 0. 0. 0. 0. 0. 0. 0. 0. 0. 0. 0. 0. 0. 0. 0. 0. 0. 0. 0. 0. 0.
 0. 0. 0. 0. 0. 0. 0. 0. 0. 0. 0. 0. 0. 0. 0. 0. 0. 0. 0. 0. 0. 0. 0. 0.
 0. 0. 0. 0. 0. 0. 0. 0. 0. 0. 0. 0. 0. 0. 0. 0. 0. 0. 0. 0. 0. 0. 0. 0.
 0. 0. 0. 0. 0. 0. 0. 0. 0. 0. 0. 0. 0. 0. 0. 0. 0. 0. 0. 0. 0. 0. 0. 0.
 0. 0. 0. 0. 0. 0. 0. 0.]
y_pred:  [0. 1. 1. 1. 0. 1. 1. 1. 1. 0. 0. 0. 0. 0. 0. 0. 0. 0. 0. 0. 0. 0. 0. 0.
 0. 0. 0. 0. 0. 0. 0. 0. 0. 0. 0. 0. 0. 0. 0. 0. 0. 0. 0. 0. 0. 0. 0. 0.
 0. 0. 0. 0. 0. 0. 0. 0. 0. 0. 0. 0. 0. 0. 0. 0. 0. 0. 0. 0. 0. 0. 0. 0.
 0. 0. 0. 0. 0. 0. 0. 0. 0. 0. 0. 0. 0. 0. 0. 0. 0. 0. 0. 0. 0. 0. 0. 0.
 0. 0. 0. 0. 0. 0. 0. 0. 0. 0. 0. 0. 0. 0. 0. 0. 0. 0. 0. 0. 0. 0. 0. 0.
 0. 0. 0. 0. 0. 0. 0. 0. 0. 0. 0. 0. 0. 0. 0. 0. 0. 0. 0. 0. 0. 0. 0. 0.
 0. 0. 0. 0. 0. 0. 0. 0. 0. 0. 0. 0. 0. 0. 0. 0. 0. 0. 0. 0. 0. 0. 0. 0.
 0. 0. 0. 0. 0. 0. 0. 0. 0. 0. 0. 0. 0. 0. 0. 0. 0. 0. 0. 0. 0. 0. 0. 0.
 0. 0. 0. 0. 0. 0. 0. 0.]
Normalized importance:  [3.56250000e-01 8.35227273e-01 7.38636364e-01 9.48863636e-01
 3.67613636e-01 5.17613636e-01 5.15909091e-01 7.84090909e-01
 1.00000000e+00 1.22727273e-01 4.39204545e-02 6.25000000e-03
 2.39772727e-02 3.71022727e-02 0.00000000e+00 7.50000000e-02
 3.38068182e-03 0.00000000e+00 0.00000000e+00 2.80681818e-02
 8.12500000e-02 5.18750000e-02 4.66477273e-02 1.36931818e-03
 8.06818182e-03 6.30681818e-03 1.57954545e-02 0.00000000e+00
 1.45454545e-01 7.32954545e-02 0.00000000e+00 3.30113636e-02
 7.72727273e-02 4.84090909e-02 3.24431818e-02 0.00000000e+00
 5.21590909e-02 6.59090909e-02 0.00000000e+00 0.00000000e+00
 0.00000000e+00 0.00000000e+00 0.00000000e+00 2.39772727e-02
 1.02840909e-01 1.69886364e-01 1.42613636e-01 1.25568182e-01
 5.68181818e-02 6.64772727e-03 0.00000000e+00 0.00000000e+00
 1.46022727e-01 1.13068182e-01 3.09659091e-02 3.54545455e-02
 3.76136364e-03 3.34659091e-02 0.00000000e+00 0.00000000e+00
 1.93181818e-02 0.00000000e+00 2.06818182e-03 8.75000000e-04
 1.20454545e-01 8.12500000e-02 2.40909091e-02 0.00000000e+00
 1.43181818e-01 0.00000000e+00 1.46022727e-02 1.82954545e-02
 5.34090909e-02 0.00000000e+00 0.00000000e+00 9.14772727e-02
 7.95454545e-02 0.00000000e+00 1.01136364e-01 6.87500000e-02
 7.15909091e-02 0.00000000e+00 0.00000000e+00 0.00000000e+00
 3.57386364e-03 6.87500000e-02 6.42045455e-02 8.29545455e-02
 5.79545455e-02 1.47727273e-02 8.97727273e-02 0.00000000e+00
 8.52272727e-02 3.30113636e-02 0.00000000e+00 3.71022727e-02
 0.00000000e+00 1.85227273e-02 6.47727273e-02 6.42045455e-02
 0.00000000e+00 1.02840909e-03 0.00000000e+00 0.00000000e+00
 2.99431818e-02 4.89204545e-02 2.70454545e-02 3.23295455e-02
 0.00000000e+00 9.43181818e-03 5.10227273e-02 0.00000000e+00
 2.41477273e-02 3.72159091e-02 4.93181818e-02 0.00000000e+00
 0.00000000e+00 1.25000000e-02 5.37500000e-02 1.11931818e-01
 3.07386364e-02 1.11363636e-01 1.05681818e-02 1.39204545e-01
 5.59090909e-02 1.19886364e-01 1.15340909e-01 7.50000000e-02
 7.50000000e-02 1.79545455e-01 9.43181818e-02 0.00000000e+00
 4.71022727e-02 3.50000000e-02 0.00000000e+00 0.00000000e+00
 1.47159091e-03 1.39772727e-01 4.01136364e-02 1.77840909e-02
 1.25000000e-01 0.00000000e+00 4.83522727e-02 5.60227273e-02
 1.98295455e-02 0.00000000e+00 6.25000000e-02 1.27272727e-01
 0.00000000e+00 9.77272727e-02 0.00000000e+00 4.07386364e-02
 1.35227273e-01 0.00000000e+00 1.76704545e-01 1.10795455e-01
 3.40909091e-02 1.52840909e-01 9.77272727e-02 1.51704545e-01
 0.00000000e+00 0.00000000e+00 0.00000000e+00 4.09090909e-02
 0.00000000e+00 1.32386364e-02 1.32386364e-02 8.57954545e-02
 3.55681818e-02 3.54545455e-02 2.78977273e-02 6.36363636e-02
 6.87500000e-02 6.30681818e-02 1.48295455e-02 6.19318182e-02
 0.00000000e+00 2.85795455e-02 0.00000000e+00 1.23863636e-02
 0.00000000e+00 0.00000000e+00 0.00000000e+00 1.13068182e-01
 3.85227273e-02 5.79545455e-02 2.00568182e-01 1.15340909e-02
 4.76136364e-02 0.00000000e+00 5.67613636e-02 1.15909091e-01
 9.71590909e-02 0.00000000e+00 0.00000000e+00 0.00000000e+00
 0.00000000e+00 4.90340909e-02 0.00000000e+00 0.00000000e+00]
pyseer
y_true:  [0. 1. 1. 1. 0. 0. 0. 1. 1. 0. 0. 0. 0. 0. 0. 0. 0. 0. 0. 0. 0. 0. 0. 0.
 0. 0. 0. 0. 0. 0. 0. 0. 0. 0. 0. 0. 0. 0. 0. 0. 0. 0. 0. 0. 0. 0. 0. 0.
 0. 0. 0. 0. 0. 0. 0. 0. 0. 0. 0. 0. 0. 0. 0. 0. 0. 0. 0. 0. 0. 0. 0. 0.
 0. 0. 0. 0. 0. 0. 0. 0. 0. 0. 0. 0. 0. 0. 0. 0. 0. 0. 0. 0. 0. 0. 0. 0.
 0. 0. 0. 0. 0. 0. 0. 0. 0. 0. 0. 0. 0. 0. 0. 0. 0. 0. 0. 0. 0. 0. 0. 0.
 0. 0. 0. 0. 0. 0. 0. 0. 0. 0. 0. 0. 0. 0. 0. 0. 0. 0. 0. 0. 0. 0. 0. 0.
 0. 0. 0. 0. 0. 0. 0. 0. 0. 0. 0. 0. 0. 0. 0. 0. 0. 0. 0. 0. 0. 0. 0. 0.
 0. 0. 0. 0. 0. 0. 0. 0. 0. 0. 0. 0. 0. 0. 0. 0. 0. 0. 0. 0. 0. 0. 0. 0.
 0. 0. 0. 0. 0. 0. 0. 0.]
y_pred:  [1. 1. 1. 1. 1. 1. 1. 1. 1. 1. 0. 0. 0. 0. 0. 1. 0. 0. 0. 0. 1. 0. 0. 0.
 0. 0. 0. 0. 1. 1. 0. 0. 1. 0. 0. 0. 0. 1. 0. 0. 0. 0. 0. 0. 1. 1. 1. 1.
 1. 0. 0. 0. 1. 1. 0. 0. 0. 0. 0. 0. 0. 0. 0. 0. 1. 1. 0. 0. 1. 0. 0. 0.
 0. 0. 0. 1. 1. 0. 1. 1. 1. 0. 0. 0. 0. 1. 1. 1. 1. 0. 1. 0. 1. 0. 0. 0.
 0. 0. 1. 1. 0. 0. 0. 0. 0. 0. 0. 0. 0. 0. 0. 0. 0. 0. 0. 0. 0. 0. 0. 1.
 0. 1. 0. 1. 0. 1. 1. 1. 1. 1. 1. 0. 0. 0. 0. 0. 0. 1. 0. 0. 1. 0. 0. 1.
 0. 0. 1. 1. 0. 1. 0. 0. 1. 0. 1. 1. 0. 1. 1. 1. 0. 0. 0. 0. 0. 0. 0. 1.
 0. 0. 0. 1. 1. 1. 0. 1. 0. 0. 0. 0. 0. 0. 0. 1. 0. 1. 1. 0. 0. 0. 1. 1.
 1. 0. 0. 0. 0. 0. 0. 0.]
Time taken: 23.386209726333618 seconds
Running combination 26 of 50
Fitting RandomForest...
Fitting Adaboost...
Fitting AdaBoost_2...
Fitting et...
Fitting gbc...
Fitting gbc_2...
Fitting gbc_3...
Fitting dt...
Fitting lr...
Fitting Lasso_1...
Fitting Lasso_2...
Fitting Lasso_3...
Fitting Lasso_4...
Fitting elasticnet...
VCF file created successfully.
pyseer stderr:  Read 1000 phenotypes
Detected continuous phenotype
Reading all variants

0variants [00:00, ?variants/s]
54variants [00:00, 539.44variants/s]
108variants [00:00, 479.05variants/s]
164variants [00:00, 511.05variants/s]
198variants [00:00, 515.76variants/s]
Applying correlation filtering

  0%|          | 0/198 [00:00<?, ?variants/s]
100%|██████████| 198/198 [00:00<00:00, 2723.86variants/s]
Fitting elastic net to top 148 variants
Best penalty (lambda) from cross-validation: 5.69E+00
Best R^2 from cross-validation: 0.521
Finding and printing selected variants
198 loaded variants
50 pre-filtered variants
148 tested variants
141 printed variants

True importance standardized:  [0.41374177 0.3200444  0.4516104  0.91219807 0.75782048 0.12096166
 1.         0.86814498 0.12769813 0.28703305 0.         0.
 0.         0.         0.         0.         0.         0.
 0.         0.         0.         0.         0.         0.
 0.         0.         0.         0.         0.         0.
 0.         0.         0.         0.         0.         0.
 0.         0.         0.         0.         0.         0.
 0.         0.         0.         0.         0.         0.
 0.         0.         0.         0.         0.         0.
 0.         0.         0.         0.         0.         0.
 0.         0.         0.         0.         0.         0.
 0.         0.         0.         0.         0.         0.
 0.         0.         0.         0.         0.         0.
 0.         0.         0.         0.         0.         0.
 0.         0.         0.         0.         0.         0.
 0.         0.         0.         0.         0.         0.
 0.         0.         0.         0.         0.         0.
 0.         0.         0.         0.         0.         0.
 0.         0.         0.         0.         0.         0.
 0.         0.         0.         0.         0.         0.
 0.         0.         0.         0.         0.         0.
 0.         0.         0.         0.         0.         0.
 0.         0.         0.         0.         0.         0.
 0.         0.         0.         0.         0.         0.
 0.         0.         0.         0.         0.         0.
 0.         0.         0.         0.         0.         0.
 0.         0.         0.         0.         0.         0.
 0.         0.         0.         0.         0.         0.
 0.         0.         0.         0.         0.         0.
 0.         0.         0.         0.         0.         0.
 0.         0.         0.         0.         0.         0.
 0.         0.         0.         0.         0.         0.
 0.         0.         0.         0.         0.         0.
 0.         0.        ]
Normalized importance:  [0.12974028 0.         0.23600156 0.99095284 0.73574981 0.
 1.         0.7230836  0.         0.13746613 0.         0.
 0.         0.         0.         0.         0.         0.
 0.         0.         0.         0.         0.         0.
 0.         0.         0.         0.         0.         0.
 0.         0.         0.         0.         0.         0.
 0.         0.         0.         0.         0.         0.
 0.         0.         0.         0.         0.         0.
 0.         0.         0.         0.         0.         0.
 0.         0.         0.         0.         0.         0.
 0.         0.         0.         0.         0.         0.
 0.         0.         0.         0.         0.         0.
 0.         0.         0.         0.         0.         0.
 0.         0.         0.         0.         0.         0.
 0.         0.         0.         0.         0.         0.
 0.         0.         0.         0.         0.         0.
 0.         0.         0.         0.         0.         0.
 0.         0.         0.         0.         0.         0.
 0.         0.         0.         0.         0.         0.
 0.         0.         0.         0.         0.         0.
 0.         0.         0.         0.         0.         0.
 0.         0.         0.         0.         0.         0.
 0.08918039 0.         0.         0.         0.         0.
 0.         0.         0.         0.         0.         0.
 0.         0.         0.         0.         0.         0.
 0.         0.         0.         0.         0.         0.
 0.         0.         0.         0.         0.         0.
 0.         0.         0.         0.         0.         0.
 0.         0.         0.         0.         0.07386514 0.
 0.         0.         0.         0.         0.         0.
 0.         0.         0.         0.         0.         0.
 0.         0.         0.         0.         0.         0.
 0.         0.         0.         0.         0.         0.
 0.         0.        ]
deepbreaks
y_true:  [0. 0. 1. 1. 1. 0. 1. 1. 0. 0. 0. 0. 0. 0. 0. 0. 0. 0. 0. 0. 0. 0. 0. 0.
 0. 0. 0. 0. 0. 0. 0. 0. 0. 0. 0. 0. 0. 0. 0. 0. 0. 0. 0. 0. 0. 0. 0. 0.
 0. 0. 0. 0. 0. 0. 0. 0. 0. 0. 0. 0. 0. 0. 0. 0. 0. 0. 0. 0. 0. 0. 0. 0.
 0. 0. 0. 0. 0. 0. 0. 0. 0. 0. 0. 0. 0. 0. 0. 0. 0. 0. 0. 0. 0. 0. 0. 0.
 0. 0. 0. 0. 0. 0. 0. 0. 0. 0. 0. 0. 0. 0. 0. 0. 0. 0. 0. 0. 0. 0. 0. 0.
 0. 0. 0. 0. 0. 0. 0. 0. 0. 0. 0. 0. 0. 0. 0. 0. 0. 0. 0. 0. 0. 0. 0. 0.
 0. 0. 0. 0. 0. 0. 0. 0. 0. 0. 0. 0. 0. 0. 0. 0. 0. 0. 0. 0. 0. 0. 0. 0.
 0. 0. 0. 0. 0. 0. 0. 0. 0. 0. 0. 0. 0. 0. 0. 0. 0. 0. 0. 0. 0. 0. 0. 0.
 0. 0. 0. 0. 0. 0. 0. 0.]
y_pred:  [0. 0. 1. 1. 1. 0. 1. 1. 0. 0. 0. 0. 0. 0. 0. 0. 0. 0. 0. 0. 0. 0. 0. 0.
 0. 0. 0. 0. 0. 0. 0. 0. 0. 0. 0. 0. 0. 0. 0. 0. 0. 0. 0. 0. 0. 0. 0. 0.
 0. 0. 0. 0. 0. 0. 0. 0. 0. 0. 0. 0. 0. 0. 0. 0. 0. 0. 0. 0. 0. 0. 0. 0.
 0. 0. 0. 0. 0. 0. 0. 0. 0. 0. 0. 0. 0. 0. 0. 0. 0. 0. 0. 0. 0. 0. 0. 0.
 0. 0. 0. 0. 0. 0. 0. 0. 0. 0. 0. 0. 0. 0. 0. 0. 0. 0. 0. 0. 0. 0. 0. 0.
 0. 0. 0. 0. 0. 0. 0. 0. 0. 0. 0. 0. 0. 0. 0. 0. 0. 0. 0. 0. 0. 0. 0. 0.
 0. 0. 0. 0. 0. 0. 0. 0. 0. 0. 0. 0. 0. 0. 0. 0. 0. 0. 0. 0. 0. 0. 0. 0.
 0. 0. 0. 0. 0. 0. 0. 0. 0. 0. 0. 0. 0. 0. 0. 0. 0. 0. 0. 0. 0. 0. 0. 0.
 0. 0. 0. 0. 0. 0. 0. 0.]
Normalized importance:  [0.41492537 0.20820896 0.5380597  0.91791045 0.88059701 0.15597015
 1.         0.94029851 0.25746269 0.36940299 0.00573881 0.05029851
 0.05477612 0.         0.03641791 0.01440299 0.01134328 0.0191791
 0.         0.12985075 0.00517164 0.04141791 0.00798507 0.
 0.1738806  0.03895522 0.00358955 0.01895522 0.06171642 0.03783582
 0.11791045 0.02641791 0.0688806  0.08059701 0.14626866 0.
 0.02895522 0.15671642 0.         0.04171642 0.01253731 0.03298507
 0.04216418 0.02276119 0.         0.         0.         0.1380597
 0.09925373 0.00685075 0.0880597  0.03022388 0.04007463 0.04261194
 0.06171642 0.         0.16119403 0.02492537 0.09776119 0.
 0.07985075 0.02126866 0.         0.         0.00358209 0.10223881
 0.         0.         0.00659701 0.00865672 0.05179104 0.
 0.01947761 0.11268657 0.05970149 0.         0.         0.05738806
 0.05134328 0.00412687 0.10820896 0.         0.         0.02395522
 0.02522388 0.04402985 0.04164179 0.         0.0761194  0.01022388
 0.         0.04186567 0.00342537 0.         0.05716418 0.0488806
 0.03828358 0.12537313 0.         0.         0.         0.
 0.10820896 0.10298507 0.07537313 0.08432836 0.13432836 0.
 0.01156716 0.         0.         0.06253731 0.         0.10223881
 0.10074627 0.00570896 0.0880597  0.         0.01850746 0.0719403
 0.04104478 0.03679104 0.07761194 0.         0.         0.02910448
 0.01671642 0.         0.0858209  0.05007463 0.0043806  0.03731343
 0.17164179 0.15970149 0.         0.11492537 0.         0.04358209
 0.05873134 0.05007463 0.01007463 0.         0.01223881 0.04761194
 0.         0.05462687 0.10895522 0.1        0.         0.
 0.05261194 0.         0.15820896 0.         0.01141791 0.07686567
 0.         0.07238806 0.         0.         0.07298507 0.10970149
 0.05126866 0.05708955 0.13208955 0.         0.04626866 0.
 0.         0.04402985 0.05970149 0.02522388 0.20746269 0.07910448
 0.04052239 0.04768657 0.00657463 0.01507463 0.03507463 0.
 0.         0.0441791  0.00327612 0.10597015 0.04089552 0.02880597
 0.         0.04343284 0.         0.         0.         0.03365672
 0.         0.         0.16716418 0.         0.07462687 0.01298507
 0.         0.        ]
pyseer
y_true:  [0. 0. 1. 1. 1. 0. 1. 1. 0. 0. 0. 0. 0. 0. 0. 0. 0. 0. 0. 0. 0. 0. 0. 0.
 0. 0. 0. 0. 0. 0. 0. 0. 0. 0. 0. 0. 0. 0. 0. 0. 0. 0. 0. 0. 0. 0. 0. 0.
 0. 0. 0. 0. 0. 0. 0. 0. 0. 0. 0. 0. 0. 0. 0. 0. 0. 0. 0. 0. 0. 0. 0. 0.
 0. 0. 0. 0. 0. 0. 0. 0. 0. 0. 0. 0. 0. 0. 0. 0. 0. 0. 0. 0. 0. 0. 0. 0.
 0. 0. 0. 0. 0. 0. 0. 0. 0. 0. 0. 0. 0. 0. 0. 0. 0. 0. 0. 0. 0. 0. 0. 0.
 0. 0. 0. 0. 0. 0. 0. 0. 0. 0. 0. 0. 0. 0. 0. 0. 0. 0. 0. 0. 0. 0. 0. 0.
 0. 0. 0. 0. 0. 0. 0. 0. 0. 0. 0. 0. 0. 0. 0. 0. 0. 0. 0. 0. 0. 0. 0. 0.
 0. 0. 0. 0. 0. 0. 0. 0. 0. 0. 0. 0. 0. 0. 0. 0. 0. 0. 0. 0. 0. 0. 0. 0.
 0. 0. 0. 0. 0. 0. 0. 0.]
y_pred:  [1. 1. 1. 1. 1. 1. 1. 1. 1. 1. 0. 1. 1. 0. 0. 0. 0. 0. 0. 1. 0. 0. 0. 0.
 1. 0. 0. 0. 1. 0. 1. 0. 1. 1. 1. 0. 0. 1. 0. 0. 0. 0. 0. 0. 0. 0. 0. 1.
 1. 0. 1. 0. 0. 0. 1. 0. 1. 0. 1. 0. 1. 0. 0. 0. 0. 1. 0. 0. 0. 0. 1. 0.
 0. 1. 1. 0. 0. 1. 1. 0. 1. 0. 0. 0. 0. 0. 0. 0. 1. 0. 0. 0. 0. 0. 1. 0.
 0. 1. 0. 0. 0. 0. 1. 1. 1. 1. 1. 0. 0. 0. 0. 1. 0. 1. 1. 0. 1. 0. 0. 1.
 0. 0. 1. 0. 0. 0. 0. 0. 1. 0. 0. 0. 1. 1. 0. 1. 0. 0. 1. 0. 0. 0. 0. 0.
 0. 1. 1. 1. 0. 0. 1. 0. 1. 0. 0. 1. 0. 1. 0. 0. 1. 1. 1. 1. 1. 0. 0. 0.
 0. 0. 1. 0. 1. 1. 0. 0. 0. 0. 0. 0. 0. 0. 0. 1. 0. 0. 0. 0. 0. 0. 0. 0.
 0. 0. 1. 0. 1. 0. 0. 0.]
Time taken: 24.707283973693848 seconds
Running combination 27 of 50
Fitting RandomForest...
Fitting Adaboost...
Fitting AdaBoost_2...
Fitting et...
Fitting gbc...
Fitting gbc_2...
Fitting gbc_3...
Fitting dt...
Fitting lr...
Fitting Lasso_1...
Fitting Lasso_2...
Fitting Lasso_3...
Fitting Lasso_4...
Fitting elasticnet...
VCF file created successfully.
pyseer stderr:  Read 1000 phenotypes
Detected continuous phenotype
Reading all variants

0variants [00:00, ?variants/s]
55variants [00:00, 545.42variants/s]
110variants [00:00, 480.19variants/s]
165variants [00:00, 508.90variants/s]
198variants [00:00, 513.42variants/s]
Applying correlation filtering

  0%|          | 0/198 [00:00<?, ?variants/s]
100%|██████████| 198/198 [00:00<00:00, 2667.72variants/s]
Fitting elastic net to top 148 variants
Best penalty (lambda) from cross-validation: 3.91E+00
Best R^2 from cross-validation: 0.543
Finding and printing selected variants
198 loaded variants
50 pre-filtered variants
148 tested variants
142 printed variants

True importance standardized:  [1.         0.2261343  0.19973432 0.66639356 0.35967507 0.45301936
 0.82448768 0.23684195 0.61105224 0.71032143 0.         0.
 0.         0.         0.         0.         0.         0.
 0.         0.         0.         0.         0.         0.
 0.         0.         0.         0.         0.         0.
 0.         0.         0.         0.         0.         0.
 0.         0.         0.         0.         0.         0.
 0.         0.         0.         0.         0.         0.
 0.         0.         0.         0.         0.         0.
 0.         0.         0.         0.         0.         0.
 0.         0.         0.         0.         0.         0.
 0.         0.         0.         0.         0.         0.
 0.         0.         0.         0.         0.         0.
 0.         0.         0.         0.         0.         0.
 0.         0.         0.         0.         0.         0.
 0.         0.         0.         0.         0.         0.
 0.         0.         0.         0.         0.         0.
 0.         0.         0.         0.         0.         0.
 0.         0.         0.         0.         0.         0.
 0.         0.         0.         0.         0.         0.
 0.         0.         0.         0.         0.         0.
 0.         0.         0.         0.         0.         0.
 0.         0.         0.         0.         0.         0.
 0.         0.         0.         0.         0.         0.
 0.         0.         0.         0.         0.         0.
 0.         0.         0.         0.         0.         0.
 0.         0.         0.         0.         0.         0.
 0.         0.         0.         0.         0.         0.
 0.         0.         0.         0.         0.         0.
 0.         0.         0.         0.         0.         0.
 0.         0.         0.         0.         0.         0.
 0.         0.         0.         0.         0.         0.
 0.         0.         0.         0.         0.         0.
 0.         0.        ]
Normalized importance:  [1.         0.         0.         0.73688101 0.0762328  0.3478697
 0.86289883 0.         0.40193084 0.70425561 0.0139196  0.
 0.         0.         0.         0.         0.         0.
 0.         0.         0.         0.         0.         0.
 0.         0.         0.         0.         0.         0.
 0.         0.         0.         0.         0.         0.
 0.         0.         0.         0.         0.         0.
 0.         0.         0.         0.         0.         0.
 0.         0.         0.         0.         0.         0.
 0.         0.         0.         0.         0.         0.
 0.         0.         0.         0.         0.         0.
 0.         0.         0.         0.         0.         0.
 0.         0.         0.         0.         0.         0.
 0.         0.         0.         0.         0.         0.
 0.         0.         0.         0.         0.         0.
 0.         0.         0.         0.         0.         0.
 0.         0.         0.         0.         0.         0.
 0.         0.         0.         0.         0.         0.
 0.         0.         0.         0.         0.         0.
 0.         0.         0.         0.         0.         0.
 0.         0.         0.         0.         0.         0.
 0.         0.         0.         0.         0.         0.
 0.         0.         0.         0.         0.         0.
 0.         0.         0.         0.         0.         0.
 0.         0.         0.         0.         0.         0.
 0.         0.         0.         0.         0.         0.
 0.         0.         0.         0.         0.         0.
 0.         0.         0.         0.         0.         0.
 0.         0.         0.         0.         0.         0.
 0.         0.         0.         0.         0.         0.
 0.         0.         0.         0.         0.         0.
 0.         0.         0.         0.         0.         0.
 0.         0.         0.         0.         0.         0.
 0.         0.        ]
deepbreaks
y_true:  [1. 0. 0. 1. 0. 0. 1. 0. 1. 1. 0. 0. 0. 0. 0. 0. 0. 0. 0. 0. 0. 0. 0. 0.
 0. 0. 0. 0. 0. 0. 0. 0. 0. 0. 0. 0. 0. 0. 0. 0. 0. 0. 0. 0. 0. 0. 0. 0.
 0. 0. 0. 0. 0. 0. 0. 0. 0. 0. 0. 0. 0. 0. 0. 0. 0. 0. 0. 0. 0. 0. 0. 0.
 0. 0. 0. 0. 0. 0. 0. 0. 0. 0. 0. 0. 0. 0. 0. 0. 0. 0. 0. 0. 0. 0. 0. 0.
 0. 0. 0. 0. 0. 0. 0. 0. 0. 0. 0. 0. 0. 0. 0. 0. 0. 0. 0. 0. 0. 0. 0. 0.
 0. 0. 0. 0. 0. 0. 0. 0. 0. 0. 0. 0. 0. 0. 0. 0. 0. 0. 0. 0. 0. 0. 0. 0.
 0. 0. 0. 0. 0. 0. 0. 0. 0. 0. 0. 0. 0. 0. 0. 0. 0. 0. 0. 0. 0. 0. 0. 0.
 0. 0. 0. 0. 0. 0. 0. 0. 0. 0. 0. 0. 0. 0. 0. 0. 0. 0. 0. 0. 0. 0. 0. 0.
 0. 0. 0. 0. 0. 0. 0. 0.]
y_pred:  [1. 0. 0. 1. 0. 0. 1. 0. 0. 1. 0. 0. 0. 0. 0. 0. 0. 0. 0. 0. 0. 0. 0. 0.
 0. 0. 0. 0. 0. 0. 0. 0. 0. 0. 0. 0. 0. 0. 0. 0. 0. 0. 0. 0. 0. 0. 0. 0.
 0. 0. 0. 0. 0. 0. 0. 0. 0. 0. 0. 0. 0. 0. 0. 0. 0. 0. 0. 0. 0. 0. 0. 0.
 0. 0. 0. 0. 0. 0. 0. 0. 0. 0. 0. 0. 0. 0. 0. 0. 0. 0. 0. 0. 0. 0. 0. 0.
 0. 0. 0. 0. 0. 0. 0. 0. 0. 0. 0. 0. 0. 0. 0. 0. 0. 0. 0. 0. 0. 0. 0. 0.
 0. 0. 0. 0. 0. 0. 0. 0. 0. 0. 0. 0. 0. 0. 0. 0. 0. 0. 0. 0. 0. 0. 0. 0.
 0. 0. 0. 0. 0. 0. 0. 0. 0. 0. 0. 0. 0. 0. 0. 0. 0. 0. 0. 0. 0. 0. 0. 0.
 0. 0. 0. 0. 0. 0. 0. 0. 0. 0. 0. 0. 0. 0. 0. 0. 0. 0. 0. 0. 0. 0. 0. 0.
 0. 0. 0. 0. 0. 0. 0. 0.]
Normalized importance:  [1.00000000e+00 2.49504950e-01 2.60396040e-01 8.30693069e-01
 3.66336634e-01 4.90099010e-01 9.38613861e-01 1.80198020e-01
 7.26732673e-01 8.00000000e-01 1.49504950e-01 0.00000000e+00
 6.01980198e-02 0.00000000e+00 5.99009901e-02 0.00000000e+00
 0.00000000e+00 0.00000000e+00 7.35643564e-02 1.92079208e-02
 8.90099010e-02 1.25742574e-01 3.00990099e-02 0.00000000e+00
 4.04950495e-02 9.38613861e-02 9.70297030e-02 1.98019802e-02
 0.00000000e+00 9.33663366e-02 6.83168317e-02 0.00000000e+00
 1.05940594e-02 0.00000000e+00 0.00000000e+00 8.81188119e-02
 0.00000000e+00 2.54455446e-02 1.96039604e-01 0.00000000e+00
 0.00000000e+00 1.97029703e-01 3.16831683e-02 1.07920792e-01
 1.30693069e-01 1.00000000e-01 1.53465347e-01 1.13861386e-01
 6.14851485e-02 3.31683168e-02 0.00000000e+00 8.53465347e-02
 1.65346535e-02 2.41584158e-02 5.37623762e-02 0.00000000e+00
 0.00000000e+00 8.56435644e-02 1.29702970e-01 1.36633663e-01
 0.00000000e+00 1.81188119e-02 9.28712871e-03 1.93069307e-02
 0.00000000e+00 1.52475248e-01 0.00000000e+00 1.27722772e-02
 2.53465347e-02 0.00000000e+00 0.00000000e+00 8.26732673e-02
 1.01980198e-01 5.82178218e-02 0.00000000e+00 8.88118812e-02
 0.00000000e+00 0.00000000e+00 5.17821782e-02 4.98019802e-02
 1.96039604e-03 7.71287129e-02 0.00000000e+00 2.69306931e-02
 1.09900990e-01 3.72277228e-02 5.93069307e-02 7.10891089e-02
 4.75247525e-02 2.01980198e-02 7.23762376e-02 5.99009901e-02
 0.00000000e+00 8.01980198e-02 2.55445545e-02 6.63366337e-02
 3.57425743e-02 1.65346535e-02 6.21782178e-02 7.24752475e-02
 3.90099010e-02 1.38613861e-02 0.00000000e+00 0.00000000e+00
 0.00000000e+00 7.90099010e-02 8.06930693e-03 1.26732673e-01
 0.00000000e+00 9.72277228e-02 0.00000000e+00 5.00000000e-02
 1.63366337e-01 1.97029703e-01 9.87128713e-03 2.23762376e-02
 4.57425743e-02 0.00000000e+00 0.00000000e+00 5.60396040e-02
 0.00000000e+00 1.12871287e-01 3.14851485e-02 1.90099010e-03
 1.28712871e-01 0.00000000e+00 0.00000000e+00 0.00000000e+00
 4.26732673e-02 7.89108911e-02 6.54455446e-02 4.49504950e-04
 2.91089109e-02 2.99009901e-02 3.00000000e-02 6.36633663e-02
 5.74257426e-02 3.69306931e-02 6.75247525e-02 0.00000000e+00
 1.04950495e-01 4.23762376e-03 0.00000000e+00 1.74257426e-03
 0.00000000e+00 0.00000000e+00 0.00000000e+00 0.00000000e+00
 2.33663366e-02 1.95049505e-02 2.54455446e-02 1.90099010e-02
 0.00000000e+00 0.00000000e+00 8.62376238e-02 1.04950495e-01
 2.21782178e-02 7.90099010e-02 0.00000000e+00 0.00000000e+00
 9.67326733e-02 6.14851485e-02 9.09900990e-02 2.28712871e-02
 7.45544554e-02 9.16831683e-02 7.01980198e-02 0.00000000e+00
 5.21782178e-02 4.30693069e-02 1.26732673e-01 5.93069307e-02
 1.63366337e-02 8.26732673e-02 8.99009901e-02 6.11881188e-02
 1.42574257e-01 0.00000000e+00 1.41584158e-02 6.23762376e-02
 3.15841584e-02 0.00000000e+00 0.00000000e+00 0.00000000e+00
 0.00000000e+00 8.31683168e-02 0.00000000e+00 2.20792079e-02
 6.85148515e-02 6.85148515e-02 1.04950495e-01 0.00000000e+00
 8.31683168e-03 9.52475248e-02 1.26732673e-02 2.21782178e-02
 0.00000000e+00 1.30693069e-01 0.00000000e+00 0.00000000e+00]
pyseer
y_true:  [1. 0. 0. 1. 0. 0. 1. 0. 1. 1. 0. 0. 0. 0. 0. 0. 0. 0. 0. 0. 0. 0. 0. 0.
 0. 0. 0. 0. 0. 0. 0. 0. 0. 0. 0. 0. 0. 0. 0. 0. 0. 0. 0. 0. 0. 0. 0. 0.
 0. 0. 0. 0. 0. 0. 0. 0. 0. 0. 0. 0. 0. 0. 0. 0. 0. 0. 0. 0. 0. 0. 0. 0.
 0. 0. 0. 0. 0. 0. 0. 0. 0. 0. 0. 0. 0. 0. 0. 0. 0. 0. 0. 0. 0. 0. 0. 0.
 0. 0. 0. 0. 0. 0. 0. 0. 0. 0. 0. 0. 0. 0. 0. 0. 0. 0. 0. 0. 0. 0. 0. 0.
 0. 0. 0. 0. 0. 0. 0. 0. 0. 0. 0. 0. 0. 0. 0. 0. 0. 0. 0. 0. 0. 0. 0. 0.
 0. 0. 0. 0. 0. 0. 0. 0. 0. 0. 0. 0. 0. 0. 0. 0. 0. 0. 0. 0. 0. 0. 0. 0.
 0. 0. 0. 0. 0. 0. 0. 0. 0. 0. 0. 0. 0. 0. 0. 0. 0. 0. 0. 0. 0. 0. 0. 0.
 0. 0. 0. 0. 0. 0. 0. 0.]
y_pred:  [1. 1. 1. 1. 1. 1. 1. 1. 1. 1. 1. 0. 0. 0. 0. 0. 0. 0. 1. 0. 1. 1. 0. 0.
 0. 1. 1. 0. 0. 1. 1. 0. 0. 0. 0. 1. 0. 0. 1. 0. 0. 1. 0. 1. 1. 1. 1. 1.
 0. 0. 0. 1. 0. 0. 0. 0. 0. 1. 1. 1. 0. 0. 0. 0. 0. 1. 0. 0. 0. 0. 0. 1.
 1. 0. 0. 1. 0. 0. 0. 0. 0. 1. 0. 0. 1. 0. 0. 1. 0. 0. 1. 0. 0. 1. 0. 1.
 0. 0. 0. 1. 0. 0. 0. 0. 0. 1. 0. 1. 0. 1. 0. 0. 1. 1. 0. 0. 0. 0. 0. 0.
 0. 1. 0. 0. 1. 0. 0. 0. 0. 1. 1. 0. 0. 0. 0. 1. 0. 0. 1. 0. 1. 0. 0. 0.
 0. 0. 0. 0. 0. 0. 0. 0. 0. 0. 1. 1. 0. 1. 0. 0. 1. 0. 1. 0. 1. 1. 1. 0.
 0. 0. 1. 0. 0. 1. 1. 0. 1. 0. 0. 0. 0. 0. 0. 0. 0. 1. 0. 0. 1. 1. 1. 0.
 0. 1. 0. 0. 0. 1. 0. 0.]
Time taken: 21.40395426750183 seconds
Running combination 28 of 50
Fitting RandomForest...
Fitting Adaboost...
Fitting AdaBoost_2...
Fitting et...
Fitting gbc...
Fitting gbc_2...
Fitting gbc_3...
Fitting dt...
Fitting lr...
Fitting Lasso_1...
Fitting Lasso_2...
Fitting Lasso_3...
Fitting Lasso_4...
Fitting elasticnet...
VCF file created successfully.
pyseer stderr:  Read 1000 phenotypes
Detected continuous phenotype
Reading all variants

0variants [00:00, ?variants/s]
55variants [00:00, 543.57variants/s]
110variants [00:00, 477.66variants/s]
165variants [00:00, 506.04variants/s]
198variants [00:00, 511.40variants/s]
Applying correlation filtering

  0%|          | 0/198 [00:00<?, ?variants/s]
100%|██████████| 198/198 [00:00<00:00, 2655.89variants/s]
Fitting elastic net to top 148 variants
Best penalty (lambda) from cross-validation: 4.38E+00
Best R^2 from cross-validation: 0.583
Finding and printing selected variants
198 loaded variants
50 pre-filtered variants
148 tested variants
147 printed variants

True importance standardized:  [0.66376561 0.79271618 1.         0.45104295 0.72850978 0.16633073
 0.26537781 0.79028192 0.28149938 0.19142586 0.         0.
 0.         0.         0.         0.         0.         0.
 0.         0.         0.         0.         0.         0.
 0.         0.         0.         0.         0.         0.
 0.         0.         0.         0.         0.         0.
 0.         0.         0.         0.         0.         0.
 0.         0.         0.         0.         0.         0.
 0.         0.         0.         0.         0.         0.
 0.         0.         0.         0.         0.         0.
 0.         0.         0.         0.         0.         0.
 0.         0.         0.         0.         0.         0.
 0.         0.         0.         0.         0.         0.
 0.         0.         0.         0.         0.         0.
 0.         0.         0.         0.         0.         0.
 0.         0.         0.         0.         0.         0.
 0.         0.         0.         0.         0.         0.
 0.         0.         0.         0.         0.         0.
 0.         0.         0.         0.         0.         0.
 0.         0.         0.         0.         0.         0.
 0.         0.         0.         0.         0.         0.
 0.         0.         0.         0.         0.         0.
 0.         0.         0.         0.         0.         0.
 0.         0.         0.         0.         0.         0.
 0.         0.         0.         0.         0.         0.
 0.         0.         0.         0.         0.         0.
 0.         0.         0.         0.         0.         0.
 0.         0.         0.         0.         0.         0.
 0.         0.         0.         0.         0.         0.
 0.         0.         0.         0.         0.         0.
 0.         0.         0.         0.         0.         0.
 0.         0.         0.         0.         0.         0.
 0.         0.         0.         0.         0.         0.
 0.         0.        ]
Normalized importance:  [0.58377588 1.         0.95319744 0.15097552 0.76953815 0.
 0.12517389 0.89316885 0.         0.06919895 0.         0.
 0.         0.         0.         0.         0.         0.
 0.         0.         0.         0.         0.         0.
 0.         0.         0.         0.         0.         0.
 0.         0.         0.         0.         0.         0.
 0.         0.         0.         0.         0.         0.
 0.         0.         0.         0.         0.         0.
 0.         0.         0.         0.         0.         0.
 0.         0.         0.         0.         0.         0.
 0.         0.         0.         0.         0.         0.
 0.         0.         0.         0.         0.         0.
 0.         0.         0.         0.         0.         0.
 0.         0.         0.         0.         0.         0.
 0.         0.         0.         0.         0.         0.
 0.         0.         0.         0.         0.         0.
 0.         0.         0.         0.         0.         0.
 0.         0.         0.         0.         0.         0.
 0.         0.         0.         0.         0.         0.
 0.         0.         0.         0.         0.         0.
 0.         0.         0.         0.         0.         0.
 0.         0.         0.         0.         0.         0.
 0.         0.         0.         0.         0.         0.
 0.         0.         0.         0.         0.         0.
 0.         0.         0.         0.         0.         0.
 0.         0.         0.         0.         0.         0.
 0.         0.         0.         0.         0.         0.
 0.         0.         0.         0.         0.         0.
 0.         0.         0.         0.         0.         0.
 0.         0.         0.         0.         0.         0.
 0.         0.         0.         0.         0.         0.
 0.         0.         0.         0.         0.         0.
 0.         0.         0.         0.         0.         0.
 0.         0.        ]
deepbreaks
y_true:  [1. 1. 1. 0. 1. 0. 0. 1. 0. 0. 0. 0. 0. 0. 0. 0. 0. 0. 0. 0. 0. 0. 0. 0.
 0. 0. 0. 0. 0. 0. 0. 0. 0. 0. 0. 0. 0. 0. 0. 0. 0. 0. 0. 0. 0. 0. 0. 0.
 0. 0. 0. 0. 0. 0. 0. 0. 0. 0. 0. 0. 0. 0. 0. 0. 0. 0. 0. 0. 0. 0. 0. 0.
 0. 0. 0. 0. 0. 0. 0. 0. 0. 0. 0. 0. 0. 0. 0. 0. 0. 0. 0. 0. 0. 0. 0. 0.
 0. 0. 0. 0. 0. 0. 0. 0. 0. 0. 0. 0. 0. 0. 0. 0. 0. 0. 0. 0. 0. 0. 0. 0.
 0. 0. 0. 0. 0. 0. 0. 0. 0. 0. 0. 0. 0. 0. 0. 0. 0. 0. 0. 0. 0. 0. 0. 0.
 0. 0. 0. 0. 0. 0. 0. 0. 0. 0. 0. 0. 0. 0. 0. 0. 0. 0. 0. 0. 0. 0. 0. 0.
 0. 0. 0. 0. 0. 0. 0. 0. 0. 0. 0. 0. 0. 0. 0. 0. 0. 0. 0. 0. 0. 0. 0. 0.
 0. 0. 0. 0. 0. 0. 0. 0.]
y_pred:  [0. 1. 1. 0. 1. 0. 0. 1. 0. 0. 0. 0. 0. 0. 0. 0. 0. 0. 0. 0. 0. 0. 0. 0.
 0. 0. 0. 0. 0. 0. 0. 0. 0. 0. 0. 0. 0. 0. 0. 0. 0. 0. 0. 0. 0. 0. 0. 0.
 0. 0. 0. 0. 0. 0. 0. 0. 0. 0. 0. 0. 0. 0. 0. 0. 0. 0. 0. 0. 0. 0. 0. 0.
 0. 0. 0. 0. 0. 0. 0. 0. 0. 0. 0. 0. 0. 0. 0. 0. 0. 0. 0. 0. 0. 0. 0. 0.
 0. 0. 0. 0. 0. 0. 0. 0. 0. 0. 0. 0. 0. 0. 0. 0. 0. 0. 0. 0. 0. 0. 0. 0.
 0. 0. 0. 0. 0. 0. 0. 0. 0. 0. 0. 0. 0. 0. 0. 0. 0. 0. 0. 0. 0. 0. 0. 0.
 0. 0. 0. 0. 0. 0. 0. 0. 0. 0. 0. 0. 0. 0. 0. 0. 0. 0. 0. 0. 0. 0. 0. 0.
 0. 0. 0. 0. 0. 0. 0. 0. 0. 0. 0. 0. 0. 0. 0. 0. 0. 0. 0. 0. 0. 0. 0. 0.
 0. 0. 0. 0. 0. 0. 0. 0.]
Normalized importance:  [0.75428571 0.84571429 1.         0.44628571 0.78285714 0.08114286
 0.27942857 0.87428571 0.34457143 0.30342857 0.08971429 0.
 0.03348571 0.128      0.06571429 0.09085714 0.0088     0.05828571
 0.12171429 0.05942857 0.03565714 0.00475429 0.         0.
 0.08057143 0.00851429 0.         0.04994286 0.00862857 0.04154286
 0.06285714 0.         0.         0.         0.12457143 0.00524571
 0.05942857 0.088      0.         0.06514286 0.02605714 0.
 0.09828571 0.         0.03525714 0.03914286 0.         0.04365714
 0.11028571 0.12       0.         0.05771429 0.09771429 0.07542857
 0.         0.0104     0.068      0.09142857 0.07257143 0.064
 0.0464     0.03822857 0.13428571 0.09771429 0.04354286 0.05691429
 0.01942857 0.04925714 0.06       0.03165714 0.02302857 0.
 0.07771429 0.         0.0472     0.         0.08914286 0.
 0.         0.04074286 0.06457143 0.         0.01137143 0.
 0.         0.01988571 0.09142857 0.14114286 0.11942857 0.01931429
 0.         0.13942857 0.04954286 0.01085714 0.152      0.00407429
 0.02714286 0.02714286 0.064      0.04262857 0.         0.
 0.         0.09714286 0.0508     0.05537143 0.         0.01811429
 0.04582857 0.03148571 0.03102857 0.         0.03137143 0.01377143
 0.05942857 0.06914286 0.         0.188      0.06171429 0.08514286
 0.00628571 0.03234286 0.         0.         0.11828571 0.0248
 0.11085714 0.06114286 0.         0.14057143 0.06       0.07142857
 0.07485714 0.08457143 0.         0.18742857 0.         0.03708571
 0.         0.         0.07657143 0.         0.06857143 0.00691429
 0.04211429 0.10114286 0.12628571 0.         0.02142857 0.05405714
 0.         0.         0.         0.05942857 0.         0.05668571
 0.00334286 0.02914286 0.10571429 0.         0.01017143 0.04937143
 0.04028571 0.         0.00748571 0.0128     0.         0.
 0.13028571 0.02034286 0.         0.15085714 0.         0.01234286
 0.0536     0.06342857 0.0292     0.07257143 0.         0.01102857
 0.07485714 0.16628571 0.10057143 0.         0.02731429 0.
 0.02011429 0.12114286 0.068      0.01371429 0.05377143 0.03582857
 0.06171429 0.02794286 0.01988571 0.         0.11257143 0.02874286
 0.         0.        ]
pyseer
y_true:  [1. 1. 1. 0. 1. 0. 0. 1. 0. 0. 0. 0. 0. 0. 0. 0. 0. 0. 0. 0. 0. 0. 0. 0.
 0. 0. 0. 0. 0. 0. 0. 0. 0. 0. 0. 0. 0. 0. 0. 0. 0. 0. 0. 0. 0. 0. 0. 0.
 0. 0. 0. 0. 0. 0. 0. 0. 0. 0. 0. 0. 0. 0. 0. 0. 0. 0. 0. 0. 0. 0. 0. 0.
 0. 0. 0. 0. 0. 0. 0. 0. 0. 0. 0. 0. 0. 0. 0. 0. 0. 0. 0. 0. 0. 0. 0. 0.
 0. 0. 0. 0. 0. 0. 0. 0. 0. 0. 0. 0. 0. 0. 0. 0. 0. 0. 0. 0. 0. 0. 0. 0.
 0. 0. 0. 0. 0. 0. 0. 0. 0. 0. 0. 0. 0. 0. 0. 0. 0. 0. 0. 0. 0. 0. 0. 0.
 0. 0. 0. 0. 0. 0. 0. 0. 0. 0. 0. 0. 0. 0. 0. 0. 0. 0. 0. 0. 0. 0. 0. 0.
 0. 0. 0. 0. 0. 0. 0. 0. 0. 0. 0. 0. 0. 0. 0. 0. 0. 0. 0. 0. 0. 0. 0. 0.
 0. 0. 0. 0. 0. 0. 0. 0.]
y_pred:  [1. 1. 1. 1. 1. 1. 1. 1. 1. 1. 1. 0. 0. 1. 1. 1. 0. 0. 1. 1. 0. 0. 0. 0.
 1. 0. 0. 0. 0. 0. 1. 0. 0. 0. 1. 0. 1. 1. 0. 1. 0. 0. 1. 0. 0. 0. 0. 0.
 1. 1. 0. 0. 1. 1. 0. 0. 1. 1. 1. 1. 0. 0. 1. 1. 0. 0. 0. 0. 1. 0. 0. 0.
 1. 0. 0. 0. 1. 0. 0. 0. 1. 0. 0. 0. 0. 0. 1. 1. 1. 0. 0. 1. 0. 0. 1. 0.
 0. 0. 1. 0. 0. 0. 0. 1. 0. 0. 0. 0. 0. 0. 0. 0. 0. 0. 1. 1. 0. 1. 1. 1.
 0. 0. 0. 0. 1. 0. 1. 1. 0. 1. 1. 1. 1. 1. 0. 1. 0. 0. 0. 0. 1. 0. 1. 0.
 0. 1. 1. 0. 0. 0. 0. 0. 0. 1. 0. 0. 0. 0. 1. 0. 0. 0. 0. 0. 0. 0. 0. 0.
 1. 0. 0. 1. 0. 0. 0. 1. 0. 1. 0. 0. 1. 1. 1. 0. 0. 0. 0. 1. 1. 0. 0. 0.
 1. 0. 0. 0. 1. 0. 0. 0.]
Time taken: 21.894474029541016 seconds
Running combination 29 of 50
Fitting RandomForest...
Fitting Adaboost...
Fitting AdaBoost_2...
Fitting et...
Fitting gbc...
Fitting gbc_2...
Fitting gbc_3...
Fitting dt...
Fitting lr...
Fitting Lasso_1...
Fitting Lasso_2...
Fitting Lasso_3...
Fitting Lasso_4...
Fitting elasticnet...
VCF file created successfully.
pyseer stderr:  Read 1000 phenotypes
Detected continuous phenotype
Reading all variants

0variants [00:00, ?variants/s]
53variants [00:00, 527.35variants/s]
106variants [00:00, 468.07variants/s]
160variants [00:00, 498.51variants/s]
198variants [00:00, 504.13variants/s]
Applying correlation filtering

  0%|          | 0/198 [00:00<?, ?variants/s]
100%|██████████| 198/198 [00:00<00:00, 2724.45variants/s]
Fitting elastic net to top 148 variants
Best penalty (lambda) from cross-validation: 3.34E+00
Best R^2 from cross-validation: 0.534
Finding and printing selected variants
198 loaded variants
50 pre-filtered variants
148 tested variants
146 printed variants

True importance standardized:  [0.44547299 0.92972079 0.34806503 0.58693351 1.         0.87615737
 0.54229765 0.28803063 0.19280952 0.2013592  0.         0.
 0.         0.         0.         0.         0.         0.
 0.         0.         0.         0.         0.         0.
 0.         0.         0.         0.         0.         0.
 0.         0.         0.         0.         0.         0.
 0.         0.         0.         0.         0.         0.
 0.         0.         0.         0.         0.         0.
 0.         0.         0.         0.         0.         0.
 0.         0.         0.         0.         0.         0.
 0.         0.         0.         0.         0.         0.
 0.         0.         0.         0.         0.         0.
 0.         0.         0.         0.         0.         0.
 0.         0.         0.         0.         0.         0.
 0.         0.         0.         0.         0.         0.
 0.         0.         0.         0.         0.         0.
 0.         0.         0.         0.         0.         0.
 0.         0.         0.         0.         0.         0.
 0.         0.         0.         0.         0.         0.
 0.         0.         0.         0.         0.         0.
 0.         0.         0.         0.         0.         0.
 0.         0.         0.         0.         0.         0.
 0.         0.         0.         0.         0.         0.
 0.         0.         0.         0.         0.         0.
 0.         0.         0.         0.         0.         0.
 0.         0.         0.         0.         0.         0.
 0.         0.         0.         0.         0.         0.
 0.         0.         0.         0.         0.         0.
 0.         0.         0.         0.         0.         0.
 0.         0.         0.         0.         0.         0.
 0.         0.         0.         0.         0.         0.
 0.         0.         0.         0.         0.         0.
 0.         0.         0.         0.         0.         0.
 0.         0.        ]
Normalized importance:  [0.54660835 1.         0.13171512 0.55535253 0.78659996 0.63656243
 0.31602923 0.         0.16384358 0.         0.         0.
 0.         0.         0.         0.         0.         0.
 0.         0.         0.         0.         0.         0.
 0.         0.         0.         0.         0.         0.
 0.         0.         0.         0.         0.01514075 0.
 0.         0.         0.         0.         0.         0.
 0.         0.         0.         0.04027196 0.         0.
 0.         0.         0.         0.         0.         0.
 0.05321589 0.         0.         0.         0.         0.
 0.         0.         0.         0.         0.         0.
 0.         0.         0.         0.         0.         0.
 0.         0.         0.         0.         0.         0.
 0.         0.         0.         0.         0.         0.
 0.         0.         0.         0.         0.         0.
 0.         0.         0.         0.         0.         0.
 0.         0.         0.         0.         0.         0.
 0.         0.         0.         0.         0.         0.
 0.         0.         0.         0.         0.         0.
 0.         0.         0.         0.         0.         0.
 0.         0.         0.         0.         0.         0.
 0.         0.         0.         0.         0.         0.
 0.         0.         0.         0.         0.         0.
 0.         0.         0.         0.         0.         0.
 0.         0.         0.         0.         0.         0.
 0.         0.         0.         0.         0.         0.
 0.         0.         0.         0.         0.         0.
 0.         0.         0.         0.         0.         0.
 0.         0.         0.         0.         0.         0.
 0.         0.         0.         0.         0.         0.
 0.         0.         0.         0.         0.         0.
 0.         0.         0.         0.         0.         0.
 0.         0.         0.         0.         0.         0.
 0.         0.        ]
deepbreaks
y_true:  [0. 1. 0. 1. 1. 1. 1. 0. 0. 0. 0. 0. 0. 0. 0. 0. 0. 0. 0. 0. 0. 0. 0. 0.
 0. 0. 0. 0. 0. 0. 0. 0. 0. 0. 0. 0. 0. 0. 0. 0. 0. 0. 0. 0. 0. 0. 0. 0.
 0. 0. 0. 0. 0. 0. 0. 0. 0. 0. 0. 0. 0. 0. 0. 0. 0. 0. 0. 0. 0. 0. 0. 0.
 0. 0. 0. 0. 0. 0. 0. 0. 0. 0. 0. 0. 0. 0. 0. 0. 0. 0. 0. 0. 0. 0. 0. 0.
 0. 0. 0. 0. 0. 0. 0. 0. 0. 0. 0. 0. 0. 0. 0. 0. 0. 0. 0. 0. 0. 0. 0. 0.
 0. 0. 0. 0. 0. 0. 0. 0. 0. 0. 0. 0. 0. 0. 0. 0. 0. 0. 0. 0. 0. 0. 0. 0.
 0. 0. 0. 0. 0. 0. 0. 0. 0. 0. 0. 0. 0. 0. 0. 0. 0. 0. 0. 0. 0. 0. 0. 0.
 0. 0. 0. 0. 0. 0. 0. 0. 0. 0. 0. 0. 0. 0. 0. 0. 0. 0. 0. 0. 0. 0. 0. 0.
 0. 0. 0. 0. 0. 0. 0. 0.]
y_pred:  [1. 1. 0. 1. 1. 1. 1. 0. 0. 0. 0. 0. 0. 0. 0. 0. 0. 0. 0. 0. 0. 0. 0. 0.
 0. 0. 0. 0. 0. 0. 0. 0. 0. 0. 0. 0. 0. 0. 0. 0. 0. 0. 0. 0. 0. 0. 0. 0.
 0. 0. 0. 0. 0. 0. 0. 0. 0. 0. 0. 0. 0. 0. 0. 0. 0. 0. 0. 0. 0. 0. 0. 0.
 0. 0. 0. 0. 0. 0. 0. 0. 0. 0. 0. 0. 0. 0. 0. 0. 0. 0. 0. 0. 0. 0. 0. 0.
 0. 0. 0. 0. 0. 0. 0. 0. 0. 0. 0. 0. 0. 0. 0. 0. 0. 0. 0. 0. 0. 0. 0. 0.
 0. 0. 0. 0. 0. 0. 0. 0. 0. 0. 0. 0. 0. 0. 0. 0. 0. 0. 0. 0. 0. 0. 0. 0.
 0. 0. 0. 0. 0. 0. 0. 0. 0. 0. 0. 0. 0. 0. 0. 0. 0. 0. 0. 0. 0. 0. 0. 0.
 0. 0. 0. 0. 0. 0. 0. 0. 0. 0. 0. 0. 0. 0. 0. 0. 0. 0. 0. 0. 0. 0. 0. 0.
 0. 0. 0. 0. 0. 0. 0. 0.]
Normalized importance:  [0.59150943 0.94339623 0.39150943 0.68773585 1.         0.86415094
 0.56792453 0.24150943 0.31698113 0.22924528 0.07207547 0.05839623
 0.         0.02556604 0.1009434  0.         0.02066038 0.
 0.0554717  0.         0.11415094 0.         0.08716981 0.01915094
 0.06037736 0.04509434 0.01264151 0.07773585 0.         0.07688679
 0.         0.05745283 0.         0.06424528 0.09009434 0.00463208
 0.0759434  0.         0.         0.         0.02349057 0.11792453
 0.06188679 0.07292453 0.         0.16037736 0.06773585 0.16226415
 0.07924528 0.07896226 0.04292453 0.         0.04424528 0.11132075
 0.14339623 0.03981132 0.08311321 0.07245283 0.04396226 0.04603774
 0.         0.10377358 0.01707547 0.03698113 0.04745283 0.03754717
 0.00990566 0.         0.075      0.         0.02179245 0.
 0.01962264 0.02245283 0.05396226 0.06962264 0.06584906 0.
 0.01216981 0.08773585 0.03188679 0.03877358 0.0409434  0.07981132
 0.03839623 0.         0.07141509 0.         0.0440566  0.04877358
 0.01896226 0.08481132 0.01622642 0.         0.01811321 0.04367925
 0.07122642 0.         0.01575472 0.         0.0049717  0.02896226
 0.11509434 0.         0.06811321 0.07745283 0.02292453 0.
 0.07386792 0.11132075 0.         0.         0.01981132 0.01028302
 0.11415094 0.0490566  0.01349057 0.         0.06566038 0.04584906
 0.06471698 0.20471698 0.02386792 0.03716981 0.         0.10283019
 0.03679245 0.         0.11320755 0.0990566  0.0795283  0.00399057
 0.11415094 0.         0.09169811 0.11792453 0.01745283 0.01075472
 0.03915094 0.08669811 0.01188679 0.00762264 0.         0.10660377
 0.00133962 0.01915094 0.         0.         0.         0.05028302
 0.08084906 0.09320755 0.         0.         0.02641509 0.01716981
 0.         0.0459434  0.         0.07896226 0.04792453 0.
 0.         0.01622642 0.         0.10283019 0.11792453 0.
 0.         0.02198113 0.07924528 0.1        0.01962264 0.0695283
 0.01632075 0.         0.         0.06773585 0.         0.06971698
 0.         0.05207547 0.05179245 0.02009434 0.03141509 0.02481132
 0.         0.         0.05122642 0.07792453 0.03160377 0.075
 0.07150943 0.02028302 0.         0.04216981 0.0029717  0.
 0.         0.        ]
pyseer
y_true:  [0. 1. 0. 1. 1. 1. 1. 0. 0. 0. 0. 0. 0. 0. 0. 0. 0. 0. 0. 0. 0. 0. 0. 0.
 0. 0. 0. 0. 0. 0. 0. 0. 0. 0. 0. 0. 0. 0. 0. 0. 0. 0. 0. 0. 0. 0. 0. 0.
 0. 0. 0. 0. 0. 0. 0. 0. 0. 0. 0. 0. 0. 0. 0. 0. 0. 0. 0. 0. 0. 0. 0. 0.
 0. 0. 0. 0. 0. 0. 0. 0. 0. 0. 0. 0. 0. 0. 0. 0. 0. 0. 0. 0. 0. 0. 0. 0.
 0. 0. 0. 0. 0. 0. 0. 0. 0. 0. 0. 0. 0. 0. 0. 0. 0. 0. 0. 0. 0. 0. 0. 0.
 0. 0. 0. 0. 0. 0. 0. 0. 0. 0. 0. 0. 0. 0. 0. 0. 0. 0. 0. 0. 0. 0. 0. 0.
 0. 0. 0. 0. 0. 0. 0. 0. 0. 0. 0. 0. 0. 0. 0. 0. 0. 0. 0. 0. 0. 0. 0. 0.
 0. 0. 0. 0. 0. 0. 0. 0. 0. 0. 0. 0. 0. 0. 0. 0. 0. 0. 0. 0. 0. 0. 0. 0.
 0. 0. 0. 0. 0. 0. 0. 0.]
y_pred:  [1. 1. 1. 1. 1. 1. 1. 1. 1. 1. 1. 1. 0. 0. 1. 0. 0. 0. 0. 0. 1. 0. 1. 0.
 1. 0. 0. 1. 0. 1. 0. 0. 0. 1. 1. 0. 1. 0. 0. 0. 0. 1. 1. 1. 0. 1. 1. 1.
 1. 1. 0. 0. 0. 1. 1. 0. 1. 1. 0. 0. 0. 1. 0. 0. 0. 0. 0. 0. 1. 0. 0. 0.
 0. 0. 0. 1. 1. 0. 0. 1. 0. 0. 0. 1. 0. 0. 1. 0. 0. 0. 0. 1. 0. 0. 0. 0.
 1. 0. 0. 0. 0. 0. 1. 0. 1. 1. 0. 0. 1. 1. 0. 0. 0. 0. 1. 0. 0. 0. 1. 0.
 1. 1. 0. 0. 0. 1. 0. 0. 1. 1. 1. 0. 1. 0. 1. 1. 0. 0. 0. 1. 0. 0. 0. 1.
 0. 0. 0. 0. 0. 0. 1. 1. 0. 0. 0. 0. 0. 0. 0. 1. 0. 0. 0. 0. 0. 1. 1. 0.
 0. 0. 1. 1. 0. 1. 0. 0. 0. 1. 0. 1. 0. 0. 0. 0. 0. 0. 0. 0. 0. 1. 0. 1.
 1. 0. 0. 0. 0. 0. 0. 0.]
Time taken: 20.625502347946167 seconds
Running combination 30 of 50
Fitting RandomForest...
Fitting Adaboost...
Fitting AdaBoost_2...
Fitting et...
Fitting gbc...
Fitting gbc_2...
Fitting gbc_3...
Fitting dt...
Fitting lr...
Fitting Lasso_1...
Fitting Lasso_2...
Fitting Lasso_3...
Fitting Lasso_4...
Fitting elasticnet...
VCF file created successfully.
pyseer stderr:  Read 1000 phenotypes
Detected continuous phenotype
Reading all variants

0variants [00:00, ?variants/s]
54variants [00:00, 533.36variants/s]
108variants [00:00, 356.63variants/s]
159variants [00:00, 410.18variants/s]
198variants [00:00, 430.20variants/s]
Applying correlation filtering

  0%|          | 0/198 [00:00<?, ?variants/s]
100%|██████████| 198/198 [00:00<00:00, 2734.99variants/s]
Fitting elastic net to top 148 variants
Best penalty (lambda) from cross-validation: 1.05E+01
Best R^2 from cross-validation: 0.547
Finding and printing selected variants
198 loaded variants
50 pre-filtered variants
148 tested variants
143 printed variants

True importance standardized:  [0.12976735 0.60214958 0.73615312 0.52633036 0.81766276 0.93957723
 0.26953013 0.39621228 0.87252706 1.         0.         0.
 0.         0.         0.         0.         0.         0.
 0.         0.         0.         0.         0.         0.
 0.         0.         0.         0.         0.         0.
 0.         0.         0.         0.         0.         0.
 0.         0.         0.         0.         0.         0.
 0.         0.         0.         0.         0.         0.
 0.         0.         0.         0.         0.         0.
 0.         0.         0.         0.         0.         0.
 0.         0.         0.         0.         0.         0.
 0.         0.         0.         0.         0.         0.
 0.         0.         0.         0.         0.         0.
 0.         0.         0.         0.         0.         0.
 0.         0.         0.         0.         0.         0.
 0.         0.         0.         0.         0.         0.
 0.         0.         0.         0.         0.         0.
 0.         0.         0.         0.         0.         0.
 0.         0.         0.         0.         0.         0.
 0.         0.         0.         0.         0.         0.
 0.         0.         0.         0.         0.         0.
 0.         0.         0.         0.         0.         0.
 0.         0.         0.         0.         0.         0.
 0.         0.         0.         0.         0.         0.
 0.         0.         0.         0.         0.         0.
 0.         0.         0.         0.         0.         0.
 0.         0.         0.         0.         0.         0.
 0.         0.         0.         0.         0.         0.
 0.         0.         0.         0.         0.         0.
 0.         0.         0.         0.         0.         0.
 0.         0.         0.         0.         0.         0.
 0.         0.         0.         0.         0.         0.
 0.         0.         0.         0.         0.         0.
 0.         0.        ]
Normalized importance:  [0.         0.51655105 0.45068711 0.26205812 0.65577998 1.
 0.         0.10516165 0.88988207 0.90520903 0.         0.
 0.         0.         0.         0.         0.         0.
 0.         0.         0.         0.         0.         0.
 0.         0.         0.         0.         0.         0.04356069
 0.         0.         0.         0.         0.         0.
 0.         0.         0.         0.         0.         0.
 0.         0.         0.         0.         0.         0.
 0.         0.         0.         0.         0.         0.
 0.         0.         0.         0.         0.         0.
 0.         0.         0.         0.         0.         0.
 0.         0.         0.         0.         0.         0.
 0.         0.         0.         0.05423191 0.         0.
 0.04382754 0.         0.         0.         0.         0.
 0.         0.         0.         0.         0.         0.
 0.         0.         0.         0.         0.         0.
 0.         0.         0.         0.         0.         0.
 0.         0.         0.         0.         0.         0.
 0.         0.         0.         0.         0.         0.
 0.         0.         0.         0.         0.         0.
 0.         0.         0.         0.         0.         0.
 0.         0.         0.         0.         0.         0.
 0.         0.         0.         0.         0.         0.
 0.         0.         0.         0.         0.         0.
 0.12684809 0.         0.         0.         0.         0.
 0.03693861 0.         0.         0.         0.         0.
 0.         0.         0.         0.         0.         0.
 0.         0.         0.         0.         0.         0.
 0.         0.         0.         0.         0.         0.
 0.         0.         0.         0.         0.         0.
 0.         0.         0.         0.         0.         0.
 0.         0.         0.         0.         0.         0.
 0.         0.         0.         0.         0.         0.
 0.         0.        ]
deepbreaks
y_true:  [0. 0. 1. 0. 1. 1. 0. 0. 1. 1. 0. 0. 0. 0. 0. 0. 0. 0. 0. 0. 0. 0. 0. 0.
 0. 0. 0. 0. 0. 0. 0. 0. 0. 0. 0. 0. 0. 0. 0. 0. 0. 0. 0. 0. 0. 0. 0. 0.
 0. 0. 0. 0. 0. 0. 0. 0. 0. 0. 0. 0. 0. 0. 0. 0. 0. 0. 0. 0. 0. 0. 0. 0.
 0. 0. 0. 0. 0. 0. 0. 0. 0. 0. 0. 0. 0. 0. 0. 0. 0. 0. 0. 0. 0. 0. 0. 0.
 0. 0. 0. 0. 0. 0. 0. 0. 0. 0. 0. 0. 0. 0. 0. 0. 0. 0. 0. 0. 0. 0. 0. 0.
 0. 0. 0. 0. 0. 0. 0. 0. 0. 0. 0. 0. 0. 0. 0. 0. 0. 0. 0. 0. 0. 0. 0. 0.
 0. 0. 0. 0. 0. 0. 0. 0. 0. 0. 0. 0. 0. 0. 0. 0. 0. 0. 0. 0. 0. 0. 0. 0.
 0. 0. 0. 0. 0. 0. 0. 0. 0. 0. 0. 0. 0. 0. 0. 0. 0. 0. 0. 0. 0. 0. 0. 0.
 0. 0. 0. 0. 0. 0. 0. 0.]
y_pred:  [0. 1. 1. 1. 1. 1. 0. 0. 1. 1. 0. 0. 0. 0. 0. 0. 0. 0. 0. 0. 0. 0. 0. 0.
 0. 0. 0. 0. 0. 0. 0. 0. 0. 0. 0. 0. 0. 0. 0. 0. 0. 0. 0. 0. 0. 0. 0. 0.
 0. 0. 0. 0. 0. 0. 0. 0. 0. 0. 0. 0. 0. 0. 0. 0. 0. 0. 0. 0. 0. 0. 0. 0.
 0. 0. 0. 0. 0. 0. 0. 0. 0. 0. 0. 0. 0. 0. 0. 0. 0. 0. 0. 0. 0. 0. 0. 0.
 0. 0. 0. 0. 0. 0. 0. 0. 0. 0. 0. 0. 0. 0. 0. 0. 0. 0. 0. 0. 0. 0. 0. 0.
 0. 0. 0. 0. 0. 0. 0. 0. 0. 0. 0. 0. 0. 0. 0. 0. 0. 0. 0. 0. 0. 0. 0. 0.
 0. 0. 0. 0. 0. 0. 0. 0. 0. 0. 0. 0. 0. 0. 0. 0. 0. 0. 0. 0. 0. 0. 0. 0.
 0. 0. 0. 0. 0. 0. 0. 0. 0. 0. 0. 0. 0. 0. 0. 0. 0. 0. 0. 0. 0. 0. 0. 0.
 0. 0. 0. 0. 0. 0. 0. 0.]
Normalized importance:  [1.95890411e-01 6.33561644e-01 6.84931507e-01 4.72602740e-01
 8.04794521e-01 8.76712329e-01 3.08561644e-01 3.93835616e-01
 8.66438356e-01 1.00000000e+00 0.00000000e+00 7.39726027e-03
 0.00000000e+00 2.10958904e-02 0.00000000e+00 2.63013699e-02
 7.36301370e-02 5.17123288e-02 6.43835616e-02 3.93835616e-02
 3.49315068e-02 1.11301370e-01 0.00000000e+00 1.54109589e-01
 2.05136986e-02 5.99315068e-02 0.00000000e+00 1.53424658e-02
 0.00000000e+00 6.30136986e-02 4.48630137e-02 0.00000000e+00
 4.10958904e-02 0.00000000e+00 0.00000000e+00 1.32534247e-02
 0.00000000e+00 5.61643836e-02 0.00000000e+00 1.99315068e-02
 0.00000000e+00 3.76712329e-02 2.94178082e-02 0.00000000e+00
 4.93150685e-03 0.00000000e+00 0.00000000e+00 6.40410959e-02
 4.04109589e-02 4.69178082e-02 5.89041096e-02 0.00000000e+00
 0.00000000e+00 8.45890411e-02 1.62328767e-01 0.00000000e+00
 0.00000000e+00 1.13013699e-01 0.00000000e+00 1.09246575e-01
 0.00000000e+00 0.00000000e+00 4.93150685e-02 3.09931507e-02
 4.34931507e-03 0.00000000e+00 4.28082192e-02 1.33219178e-01
 0.00000000e+00 1.86986301e-02 0.00000000e+00 1.05821918e-03
 3.73287671e-02 0.00000000e+00 2.78767123e-02 1.97945205e-01
 1.40410959e-01 4.79452055e-02 1.79452055e-01 1.66438356e-02
 7.29452055e-02 9.82876712e-02 9.04109589e-02 1.14726027e-01
 5.58219178e-02 0.00000000e+00 2.54794521e-02 7.77397260e-02
 8.63013699e-02 1.18493151e-01 1.92808219e-03 6.19863014e-02
 5.20547945e-02 4.38356164e-03 0.00000000e+00 7.53424658e-02
 5.65068493e-03 3.27054795e-03 6.71232877e-02 1.84589041e-01
 8.63013699e-02 1.55136986e-01 0.00000000e+00 8.15068493e-02
 1.04794521e-02 1.10616438e-01 5.06849315e-02 2.15410959e-01
 2.71917808e-02 5.51369863e-02 2.38013699e-02 8.49315068e-02
 1.38356164e-01 3.40410959e-02 1.06164384e-01 6.30136986e-02
 3.05136986e-02 0.00000000e+00 2.36301370e-02 4.04109589e-02
 3.20890411e-02 0.00000000e+00 0.00000000e+00 1.59589041e-02
 1.64041096e-02 1.37328767e-01 5.41095890e-02 0.00000000e+00
 0.00000000e+00 1.09931507e-01 3.25342466e-02 9.34931507e-02
 0.00000000e+00 8.80136986e-02 4.45205479e-02 0.00000000e+00
 0.00000000e+00 8.66438356e-02 2.26027397e-02 1.29452055e-01
 9.69178082e-02 0.00000000e+00 0.00000000e+00 1.34589041e-01
 1.73972603e-01 0.00000000e+00 2.48972603e-02 1.27739726e-01
 8.18493151e-02 6.78082192e-02 1.73287671e-01 3.01712329e-02
 0.00000000e+00 0.00000000e+00 4.76027397e-02 5.20547945e-02
 0.00000000e+00 0.00000000e+00 5.58219178e-02 6.26712329e-02
 1.47260274e-01 1.65753425e-02 3.86986301e-02 2.35273973e-02
 0.00000000e+00 3.45890411e-02 9.10958904e-02 0.00000000e+00
 7.36301370e-02 0.00000000e+00 1.41780822e-01 7.32876712e-04
 0.00000000e+00 9.93150685e-02 1.42465753e-01 2.93493151e-02
 0.00000000e+00 0.00000000e+00 8.49315068e-02 6.50684932e-02
 1.43493151e-02 0.00000000e+00 0.00000000e+00 2.18150685e-03
 6.81506849e-02 7.19178082e-02 1.46232877e-01 0.00000000e+00
 6.71232877e-02 1.97260274e-02 1.68150685e-02 1.44863014e-01
 1.21917808e-01 6.81506849e-02 6.54109589e-02 0.00000000e+00
 6.02739726e-02 0.00000000e+00 0.00000000e+00 0.00000000e+00]
pyseer
y_true:  [0. 0. 1. 0. 1. 1. 0. 0. 1. 1. 0. 0. 0. 0. 0. 0. 0. 0. 0. 0. 0. 0. 0. 0.
 0. 0. 0. 0. 0. 0. 0. 0. 0. 0. 0. 0. 0. 0. 0. 0. 0. 0. 0. 0. 0. 0. 0. 0.
 0. 0. 0. 0. 0. 0. 0. 0. 0. 0. 0. 0. 0. 0. 0. 0. 0. 0. 0. 0. 0. 0. 0. 0.
 0. 0. 0. 0. 0. 0. 0. 0. 0. 0. 0. 0. 0. 0. 0. 0. 0. 0. 0. 0. 0. 0. 0. 0.
 0. 0. 0. 0. 0. 0. 0. 0. 0. 0. 0. 0. 0. 0. 0. 0. 0. 0. 0. 0. 0. 0. 0. 0.
 0. 0. 0. 0. 0. 0. 0. 0. 0. 0. 0. 0. 0. 0. 0. 0. 0. 0. 0. 0. 0. 0. 0. 0.
 0. 0. 0. 0. 0. 0. 0. 0. 0. 0. 0. 0. 0. 0. 0. 0. 0. 0. 0. 0. 0. 0. 0. 0.
 0. 0. 0. 0. 0. 0. 0. 0. 0. 0. 0. 0. 0. 0. 0. 0. 0. 0. 0. 0. 0. 0. 0. 0.
 0. 0. 0. 0. 0. 0. 0. 0.]
y_pred:  [1. 1. 1. 1. 1. 1. 1. 1. 1. 1. 0. 0. 0. 0. 0. 0. 1. 0. 1. 0. 0. 1. 0. 1.
 0. 0. 0. 0. 0. 1. 0. 0. 0. 0. 0. 0. 0. 0. 0. 0. 0. 0. 0. 0. 0. 0. 0. 1.
 0. 0. 0. 0. 0. 1. 1. 0. 0. 1. 0. 1. 0. 0. 0. 0. 0. 0. 0. 1. 0. 0. 0. 0.
 0. 0. 0. 1. 1. 0. 1. 0. 1. 1. 1. 1. 0. 0. 0. 1. 1. 1. 0. 0. 0. 0. 0. 1.
 0. 0. 1. 1. 1. 1. 0. 1. 0. 1. 0. 1. 0. 0. 0. 1. 1. 0. 1. 1. 0. 0. 0. 0.
 0. 0. 0. 0. 0. 1. 0. 0. 0. 1. 0. 1. 0. 1. 0. 0. 0. 1. 0. 1. 1. 0. 0. 1.
 1. 0. 0. 1. 1. 1. 1. 0. 0. 0. 0. 0. 0. 0. 0. 0. 1. 0. 0. 0. 0. 0. 1. 0.
 1. 0. 1. 0. 0. 1. 1. 0. 0. 0. 1. 1. 0. 0. 0. 0. 1. 1. 1. 0. 1. 0. 0. 1.
 1. 1. 1. 0. 0. 0. 0. 0.]
Time taken: 22.12055015563965 seconds
Running combination 31 of 50
Fitting RandomForest...
Fitting Adaboost...
Fitting AdaBoost_2...
Fitting et...
Fitting gbc...
Fitting gbc_2...
Fitting gbc_3...
Fitting dt...
Fitting lr...
Fitting Lasso_1...
Fitting Lasso_2...
Fitting Lasso_3...
Fitting Lasso_4...
Fitting elasticnet...
VCF file created successfully.
pyseer stderr:  Read 1000 phenotypes
Detected continuous phenotype
Reading all variants

0variants [00:00, ?variants/s]
56variants [00:00, 553.31variants/s]
112variants [00:00, 431.44variants/s]
168variants [00:00, 479.82variants/s]
198variants [00:00, 486.94variants/s]
Applying correlation filtering

  0%|          | 0/198 [00:00<?, ?variants/s]
100%|██████████| 198/198 [00:00<00:00, 2754.38variants/s]
Fitting elastic net to top 148 variants
Best penalty (lambda) from cross-validation: 1.11E+01
Best R^2 from cross-validation: 0.532
Finding and printing selected variants
198 loaded variants
50 pre-filtered variants
148 tested variants
145 printed variants

True importance standardized:  [0.56097133 0.94362868 0.50639282 0.31137737 0.9124338  1.
 0.93458303 0.51314323 0.50748493 0.22040324 0.         0.
 0.         0.         0.         0.         0.         0.
 0.         0.         0.         0.         0.         0.
 0.         0.         0.         0.         0.         0.
 0.         0.         0.         0.         0.         0.
 0.         0.         0.         0.         0.         0.
 0.         0.         0.         0.         0.         0.
 0.         0.         0.         0.         0.         0.
 0.         0.         0.         0.         0.         0.
 0.         0.         0.         0.         0.         0.
 0.         0.         0.         0.         0.         0.
 0.         0.         0.         0.         0.         0.
 0.         0.         0.         0.         0.         0.
 0.         0.         0.         0.         0.         0.
 0.         0.         0.         0.         0.         0.
 0.         0.         0.         0.         0.         0.
 0.         0.         0.         0.         0.         0.
 0.         0.         0.         0.         0.         0.
 0.         0.         0.         0.         0.         0.
 0.         0.         0.         0.         0.         0.
 0.         0.         0.         0.         0.         0.
 0.         0.         0.         0.         0.         0.
 0.         0.         0.         0.         0.         0.
 0.         0.         0.         0.         0.         0.
 0.         0.         0.         0.         0.         0.
 0.         0.         0.         0.         0.         0.
 0.         0.         0.         0.         0.         0.
 0.         0.         0.         0.         0.         0.
 0.         0.         0.         0.         0.         0.
 0.         0.         0.         0.         0.         0.
 0.         0.         0.         0.         0.         0.
 0.         0.         0.         0.         0.         0.
 0.         0.        ]
Normalized importance:  [0.40479621 1.         0.26366275 0.         0.64774146 0.89884424
 0.92097084 0.19974439 0.38907856 0.23256452 0.         0.
 0.         0.         0.         0.         0.         0.
 0.         0.         0.         0.         0.         0.
 0.07685709 0.         0.         0.         0.         0.
 0.         0.         0.         0.         0.         0.
 0.         0.         0.         0.         0.         0.
 0.         0.         0.         0.         0.         0.05202976
 0.         0.         0.         0.         0.         0.
 0.         0.         0.         0.         0.         0.
 0.         0.         0.         0.         0.         0.
 0.         0.         0.         0.         0.         0.
 0.         0.         0.         0.         0.         0.
 0.         0.         0.         0.         0.         0.
 0.         0.         0.         0.         0.         0.
 0.         0.         0.         0.         0.         0.
 0.         0.         0.         0.         0.         0.
 0.         0.         0.         0.         0.         0.
 0.         0.         0.         0.         0.         0.
 0.         0.         0.         0.         0.         0.
 0.         0.0940186  0.14036645 0.         0.         0.
 0.         0.         0.         0.         0.         0.
 0.         0.         0.         0.         0.         0.
 0.         0.         0.         0.         0.         0.
 0.         0.         0.         0.         0.         0.
 0.         0.         0.         0.         0.         0.
 0.         0.         0.         0.         0.         0.
 0.         0.         0.         0.         0.         0.
 0.         0.         0.         0.         0.         0.
 0.         0.         0.         0.         0.         0.
 0.         0.         0.         0.         0.         0.
 0.         0.         0.         0.         0.         0.
 0.         0.         0.         0.         0.         0.
 0.         0.        ]
deepbreaks
y_true:  [1. 1. 0. 0. 1. 1. 1. 0. 0. 0. 0. 0. 0. 0. 0. 0. 0. 0. 0. 0. 0. 0. 0. 0.
 0. 0. 0. 0. 0. 0. 0. 0. 0. 0. 0. 0. 0. 0. 0. 0. 0. 0. 0. 0. 0. 0. 0. 0.
 0. 0. 0. 0. 0. 0. 0. 0. 0. 0. 0. 0. 0. 0. 0. 0. 0. 0. 0. 0. 0. 0. 0. 0.
 0. 0. 0. 0. 0. 0. 0. 0. 0. 0. 0. 0. 0. 0. 0. 0. 0. 0. 0. 0. 0. 0. 0. 0.
 0. 0. 0. 0. 0. 0. 0. 0. 0. 0. 0. 0. 0. 0. 0. 0. 0. 0. 0. 0. 0. 0. 0. 0.
 0. 0. 0. 0. 0. 0. 0. 0. 0. 0. 0. 0. 0. 0. 0. 0. 0. 0. 0. 0. 0. 0. 0. 0.
 0. 0. 0. 0. 0. 0. 0. 0. 0. 0. 0. 0. 0. 0. 0. 0. 0. 0. 0. 0. 0. 0. 0. 0.
 0. 0. 0. 0. 0. 0. 0. 0. 0. 0. 0. 0. 0. 0. 0. 0. 0. 0. 0. 0. 0. 0. 0. 0.
 0. 0. 0. 0. 0. 0. 0. 0.]
y_pred:  [1. 1. 1. 0. 1. 1. 1. 0. 1. 0. 0. 0. 0. 0. 0. 0. 0. 0. 0. 0. 0. 0. 0. 0.
 0. 0. 0. 0. 0. 0. 0. 0. 0. 0. 0. 0. 0. 0. 0. 0. 0. 0. 0. 0. 0. 0. 0. 0.
 0. 0. 0. 0. 0. 0. 0. 0. 0. 0. 0. 0. 0. 0. 0. 0. 0. 0. 0. 0. 0. 0. 0. 0.
 0. 0. 0. 0. 0. 0. 0. 0. 0. 0. 0. 0. 0. 0. 0. 0. 0. 0. 0. 0. 0. 0. 0. 0.
 0. 0. 0. 0. 0. 0. 0. 0. 0. 0. 0. 0. 0. 0. 0. 0. 0. 0. 0. 0. 0. 0. 0. 0.
 0. 0. 0. 0. 0. 0. 0. 0. 0. 0. 0. 0. 0. 0. 0. 0. 0. 0. 0. 0. 0. 0. 0. 0.
 0. 0. 0. 0. 0. 0. 0. 0. 0. 0. 0. 0. 0. 0. 0. 0. 0. 0. 0. 0. 0. 0. 0. 0.
 0. 0. 0. 0. 0. 0. 0. 0. 0. 0. 0. 0. 0. 0. 0. 0. 0. 0. 0. 0. 0. 0. 0. 0.
 0. 0. 0. 0. 0. 0. 0. 0.]
Normalized importance:  [0.51260504 0.98039216 0.56022409 0.12689076 0.89915966 1.
 0.89915966 0.4789916  0.51260504 0.29691877 0.05658263 0.14313725
 0.         0.         0.04789916 0.         0.04117647 0.06666667
 0.         0.         0.21064426 0.08235294 0.         0.06330532
 0.2487395  0.         0.         0.01333333 0.01397759 0.
 0.04089636 0.17142857 0.02268908 0.         0.07366947 0.
 0.05070028 0.05994398 0.05882353 0.04341737 0.01431373 0.09383754
 0.0464986  0.11064426 0.         0.07591036 0.0237535  0.1232493
 0.         0.0952381  0.         0.02095238 0.01767507 0.08515406
 0.08403361 0.         0.1        0.23557423 0.04397759 0.1
 0.07647059 0.         0.1280112  0.         0.18291317 0.08319328
 0.01501401 0.10756303 0.06162465 0.04061625 0.00285714 0.02521008
 0.04285714 0.09663866 0.         0.04229692 0.0745098  0.
 0.         0.07507003 0.1162465  0.14537815 0.         0.
 0.04145658 0.00518207 0.         0.         0.         0.16302521
 0.13193277 0.15070028 0.04985994 0.01557423 0.07002801 0.09691877
 0.04369748 0.05630252 0.00319328 0.06918768 0.09215686 0.05070028
 0.15266106 0.06918768 0.11428571 0.08907563 0.0605042  0.
 0.13753501 0.12885154 0.01803922 0.03501401 0.10560224 0.0145098
 0.         0.         0.06302521 0.07058824 0.         0.06862745
 0.16078431 0.16134454 0.17591036 0.09495798 0.         0.12717087
 0.06582633 0.         0.12072829 0.09019608 0.13529412 0.
 0.         0.13389356 0.         0.         0.04285714 0.1092437
 0.10672269 0.08851541 0.15098039 0.         0.         0.00938375
 0.         0.11764706 0.12857143 0.         0.09215686 0.
 0.0767507  0.15546218 0.         0.04677871 0.01148459 0.
 0.         0.00155462 0.00185434 0.08319328 0.17703081 0.09551821
 0.         0.         0.07282913 0.11680672 0.04565826 0.07563025
 0.04481793 0.         0.06386555 0.         0.21064426 0.0132493
 0.02697479 0.04593838 0.         0.         0.05910364 0.
 0.06946779 0.         0.15014006 0.02081232 0.         0.11512605
 0.12577031 0.05098039 0.12885154 0.0745098  0.03697479 0.02162465
 0.06862745 0.05630252 0.         0.06218487 0.12436975 0.02044818
 0.         0.        ]
pyseer
y_true:  [1. 1. 0. 0. 1. 1. 1. 0. 0. 0. 0. 0. 0. 0. 0. 0. 0. 0. 0. 0. 0. 0. 0. 0.
 0. 0. 0. 0. 0. 0. 0. 0. 0. 0. 0. 0. 0. 0. 0. 0. 0. 0. 0. 0. 0. 0. 0. 0.
 0. 0. 0. 0. 0. 0. 0. 0. 0. 0. 0. 0. 0. 0. 0. 0. 0. 0. 0. 0. 0. 0. 0. 0.
 0. 0. 0. 0. 0. 0. 0. 0. 0. 0. 0. 0. 0. 0. 0. 0. 0. 0. 0. 0. 0. 0. 0. 0.
 0. 0. 0. 0. 0. 0. 0. 0. 0. 0. 0. 0. 0. 0. 0. 0. 0. 0. 0. 0. 0. 0. 0. 0.
 0. 0. 0. 0. 0. 0. 0. 0. 0. 0. 0. 0. 0. 0. 0. 0. 0. 0. 0. 0. 0. 0. 0. 0.
 0. 0. 0. 0. 0. 0. 0. 0. 0. 0. 0. 0. 0. 0. 0. 0. 0. 0. 0. 0. 0. 0. 0. 0.
 0. 0. 0. 0. 0. 0. 0. 0. 0. 0. 0. 0. 0. 0. 0. 0. 0. 0. 0. 0. 0. 0. 0. 0.
 0. 0. 0. 0. 0. 0. 0. 0.]
y_pred:  [1. 1. 1. 1. 1. 1. 1. 1. 1. 1. 0. 1. 0. 0. 0. 0. 0. 0. 0. 0. 1. 1. 0. 0.
 1. 0. 0. 0. 0. 0. 0. 1. 0. 0. 0. 0. 0. 0. 0. 0. 0. 1. 0. 1. 0. 1. 0. 1.
 0. 1. 0. 0. 0. 1. 1. 0. 1. 1. 0. 1. 1. 0. 1. 0. 1. 1. 0. 1. 0. 0. 0. 0.
 0. 1. 0. 0. 0. 0. 0. 0. 1. 1. 0. 0. 0. 0. 0. 0. 0. 1. 1. 1. 0. 0. 0. 1.
 0. 0. 0. 0. 1. 0. 1. 0. 1. 1. 0. 0. 1. 1. 0. 0. 1. 0. 0. 0. 0. 0. 0. 0.
 1. 1. 1. 1. 0. 1. 0. 0. 1. 1. 1. 0. 0. 1. 0. 0. 0. 1. 1. 1. 1. 0. 0. 0.
 0. 1. 1. 0. 1. 0. 1. 1. 0. 0. 0. 0. 0. 0. 0. 1. 1. 1. 0. 0. 0. 1. 0. 1.
 0. 0. 0. 0. 1. 0. 0. 0. 0. 0. 0. 0. 0. 0. 1. 0. 0. 1. 1. 0. 1. 0. 0. 0.
 0. 0. 0. 0. 1. 0. 0. 0.]
Time taken: 22.088468551635742 seconds
Running combination 32 of 50
Fitting RandomForest...
Fitting Adaboost...
Fitting AdaBoost_2...
Fitting et...
Fitting gbc...
Fitting gbc_2...
Fitting gbc_3...
Fitting dt...
Fitting lr...
Fitting Lasso_1...
Fitting Lasso_2...
Fitting Lasso_3...
Fitting Lasso_4...
Fitting elasticnet...
VCF file created successfully.
pyseer stderr:  Read 1000 phenotypes
Detected continuous phenotype
Reading all variants

0variants [00:00, ?variants/s]
56variants [00:00, 558.10variants/s]
112variants [00:00, 490.68variants/s]
168variants [00:00, 519.72variants/s]
198variants [00:00, 524.11variants/s]
Applying correlation filtering

  0%|          | 0/198 [00:00<?, ?variants/s]
100%|██████████| 198/198 [00:00<00:00, 2688.39variants/s]
Fitting elastic net to top 148 variants
Best penalty (lambda) from cross-validation: 6.85E+00
Best R^2 from cross-validation: 0.586
Finding and printing selected variants
198 loaded variants
50 pre-filtered variants
148 tested variants
142 printed variants

True importance standardized:  [0.27922765 0.97281534 0.92776214 0.58733091 0.81185608 1.
 0.63184017 0.52213137 0.27358769 0.28500502 0.         0.
 0.         0.         0.         0.         0.         0.
 0.         0.         0.         0.         0.         0.
 0.         0.         0.         0.         0.         0.
 0.         0.         0.         0.         0.         0.
 0.         0.         0.         0.         0.         0.
 0.         0.         0.         0.         0.         0.
 0.         0.         0.         0.         0.         0.
 0.         0.         0.         0.         0.         0.
 0.         0.         0.         0.         0.         0.
 0.         0.         0.         0.         0.         0.
 0.         0.         0.         0.         0.         0.
 0.         0.         0.         0.         0.         0.
 0.         0.         0.         0.         0.         0.
 0.         0.         0.         0.         0.         0.
 0.         0.         0.         0.         0.         0.
 0.         0.         0.         0.         0.         0.
 0.         0.         0.         0.         0.         0.
 0.         0.         0.         0.         0.         0.
 0.         0.         0.         0.         0.         0.
 0.         0.         0.         0.         0.         0.
 0.         0.         0.         0.         0.         0.
 0.         0.         0.         0.         0.         0.
 0.         0.         0.         0.         0.         0.
 0.         0.         0.         0.         0.         0.
 0.         0.         0.         0.         0.         0.
 0.         0.         0.         0.         0.         0.
 0.         0.         0.         0.         0.         0.
 0.         0.         0.         0.         0.         0.
 0.         0.         0.         0.         0.         0.
 0.         0.         0.         0.         0.         0.
 0.         0.         0.         0.         0.         0.
 0.         0.        ]
Normalized importance:  [0.08650012 1.         0.98255452 0.22241342 0.46956345 0.88427138
 0.45193916 0.17368563 0.14689906 0.         0.         0.
 0.         0.         0.         0.         0.         0.
 0.         0.         0.         0.0779821  0.         0.
 0.         0.         0.         0.         0.         0.
 0.         0.         0.         0.         0.         0.
 0.         0.         0.         0.         0.         0.
 0.         0.         0.         0.         0.         0.
 0.         0.         0.         0.         0.         0.
 0.         0.         0.         0.         0.         0.
 0.         0.         0.         0.         0.         0.
 0.         0.         0.         0.         0.         0.
 0.         0.         0.         0.         0.         0.
 0.         0.         0.         0.         0.         0.
 0.         0.         0.         0.         0.         0.
 0.         0.         0.         0.         0.         0.
 0.         0.         0.         0.         0.         0.
 0.         0.         0.         0.0210682  0.         0.
 0.         0.         0.         0.         0.         0.
 0.         0.         0.         0.         0.         0.
 0.         0.         0.         0.         0.         0.
 0.         0.         0.         0.         0.         0.
 0.         0.         0.         0.         0.         0.
 0.         0.         0.         0.         0.         0.
 0.         0.         0.         0.         0.         0.
 0.01704987 0.         0.01083506 0.         0.         0.
 0.         0.         0.         0.         0.         0.
 0.         0.         0.         0.         0.         0.
 0.         0.         0.         0.         0.         0.
 0.         0.         0.         0.         0.         0.
 0.         0.         0.         0.         0.         0.
 0.         0.         0.         0.         0.         0.
 0.         0.         0.         0.         0.         0.
 0.         0.        ]
deepbreaks
y_true:  [0. 1. 1. 0. 1. 1. 1. 0. 0. 0. 0. 0. 0. 0. 0. 0. 0. 0. 0. 0. 0. 0. 0. 0.
 0. 0. 0. 0. 0. 0. 0. 0. 0. 0. 0. 0. 0. 0. 0. 0. 0. 0. 0. 0. 0. 0. 0. 0.
 0. 0. 0. 0. 0. 0. 0. 0. 0. 0. 0. 0. 0. 0. 0. 0. 0. 0. 0. 0. 0. 0. 0. 0.
 0. 0. 0. 0. 0. 0. 0. 0. 0. 0. 0. 0. 0. 0. 0. 0. 0. 0. 0. 0. 0. 0. 0. 0.
 0. 0. 0. 0. 0. 0. 0. 0. 0. 0. 0. 0. 0. 0. 0. 0. 0. 0. 0. 0. 0. 0. 0. 0.
 0. 0. 0. 0. 0. 0. 0. 0. 0. 0. 0. 0. 0. 0. 0. 0. 0. 0. 0. 0. 0. 0. 0. 0.
 0. 0. 0. 0. 0. 0. 0. 0. 0. 0. 0. 0. 0. 0. 0. 0. 0. 0. 0. 0. 0. 0. 0. 0.
 0. 0. 0. 0. 0. 0. 0. 0. 0. 0. 0. 0. 0. 0. 0. 0. 0. 0. 0. 0. 0. 0. 0. 0.
 0. 0. 0. 0. 0. 0. 0. 0.]
y_pred:  [0. 1. 1. 1. 1. 1. 1. 1. 0. 0. 0. 0. 0. 0. 0. 0. 0. 0. 0. 0. 0. 0. 0. 0.
 0. 0. 0. 0. 0. 0. 0. 0. 0. 0. 0. 0. 0. 0. 0. 0. 0. 0. 0. 0. 0. 0. 0. 0.
 0. 0. 0. 0. 0. 0. 0. 0. 0. 0. 0. 0. 0. 0. 0. 0. 0. 0. 0. 0. 0. 0. 0. 0.
 0. 0. 0. 0. 0. 0. 0. 0. 0. 0. 0. 0. 0. 0. 0. 0. 0. 0. 0. 0. 0. 0. 0. 0.
 0. 0. 0. 0. 0. 0. 0. 0. 0. 0. 0. 0. 0. 0. 0. 0. 0. 0. 0. 0. 0. 0. 0. 0.
 0. 0. 0. 0. 0. 0. 0. 0. 0. 0. 0. 0. 0. 0. 0. 0. 0. 0. 0. 0. 0. 0. 0. 0.
 0. 0. 0. 0. 0. 0. 0. 0. 0. 0. 0. 0. 0. 0. 0. 0. 0. 0. 0. 0. 0. 0. 0. 0.
 0. 0. 0. 0. 0. 0. 0. 0. 0. 0. 0. 0. 0. 0. 0. 0. 0. 0. 0. 0. 0. 0. 0. 0.
 0. 0. 0. 0. 0. 0. 0. 0.]
Normalized importance:  [0.36695279 1.         0.94420601 0.51072961 0.75107296 0.88841202
 0.72961373 0.5193133  0.40386266 0.2416309  0.         0.12660944
 0.         0.         0.         0.00393133 0.0383691  0.01429185
 0.03377682 0.         0.         0.20600858 0.         0.07467811
 0.         0.         0.08154506 0.01214592 0.         0.07167382
 0.01433476 0.07296137 0.06223176 0.         0.01502146 0.0944206
 0.09012876 0.04549356 0.         0.04103004 0.         0.
 0.0304721  0.02879828 0.22832618 0.         0.0944206  0.07682403
 0.13175966 0.01888412 0.10042918 0.15793991 0.02519313 0.10300429
 0.03849785 0.         0.09914163 0.13519313 0.02716738 0.01381974
 0.         0.0776824  0.         0.00327468 0.01343348 0.01909871
 0.0776824  0.02733906 0.06909871 0.11158798 0.         0.
 0.         0.         0.08497854 0.02227468 0.05665236 0.
 0.02287554 0.         0.0776824  0.         0.00802575 0.02527897
 0.0583691  0.0776824  0.03484979 0.10686695 0.00991416 0.
 0.         0.03982833 0.03244635 0.         0.07811159 0.01948498
 0.04072961 0.02871245 0.02459227 0.12274678 0.         0.09270386
 0.0339485  0.         0.1193133  0.14806867 0.02077253 0.
 0.12060086 0.01124464 0.03630901 0.         0.0144206  0.04849785
 0.05064378 0.09356223 0.03124464 0.07381974 0.03978541 0.09699571
 0.09227468 0.01871245 0.02519313 0.01360515 0.03223176 0.0583691
 0.         0.01412017 0.127897   0.         0.02896996 0.12703863
 0.08583691 0.         0.02283262 0.14377682 0.         0.
 0.00295279 0.         0.00182403 0.         0.         0.01927039
 0.0167382  0.03266094 0.05021459 0.07896996 0.08927039 0.09141631
 0.19012876 0.         0.08540773 0.03145923 0.         0.
 0.05450644 0.         0.         0.07038627 0.00759657 0.
 0.17081545 0.03364807 0.00450644 0.         0.08540773 0.
 0.         0.04763948 0.0395279  0.03909871 0.04678112 0.0251073
 0.09399142 0.09356223 0.         0.07896996 0.03223176 0.09914163
 0.         0.05107296 0.1416309  0.01523605 0.01665236 0.05364807
 0.15021459 0.         0.         0.05579399 0.         0.0295279
 0.         0.         0.00132189 0.07081545 0.00729614 0.05922747
 0.         0.        ]
pyseer
y_true:  [0. 1. 1. 0. 1. 1. 1. 0. 0. 0. 0. 0. 0. 0. 0. 0. 0. 0. 0. 0. 0. 0. 0. 0.
 0. 0. 0. 0. 0. 0. 0. 0. 0. 0. 0. 0. 0. 0. 0. 0. 0. 0. 0. 0. 0. 0. 0. 0.
 0. 0. 0. 0. 0. 0. 0. 0. 0. 0. 0. 0. 0. 0. 0. 0. 0. 0. 0. 0. 0. 0. 0. 0.
 0. 0. 0. 0. 0. 0. 0. 0. 0. 0. 0. 0. 0. 0. 0. 0. 0. 0. 0. 0. 0. 0. 0. 0.
 0. 0. 0. 0. 0. 0. 0. 0. 0. 0. 0. 0. 0. 0. 0. 0. 0. 0. 0. 0. 0. 0. 0. 0.
 0. 0. 0. 0. 0. 0. 0. 0. 0. 0. 0. 0. 0. 0. 0. 0. 0. 0. 0. 0. 0. 0. 0. 0.
 0. 0. 0. 0. 0. 0. 0. 0. 0. 0. 0. 0. 0. 0. 0. 0. 0. 0. 0. 0. 0. 0. 0. 0.
 0. 0. 0. 0. 0. 0. 0. 0. 0. 0. 0. 0. 0. 0. 0. 0. 0. 0. 0. 0. 0. 0. 0. 0.
 0. 0. 0. 0. 0. 0. 0. 0.]
y_pred:  [1. 1. 1. 1. 1. 1. 1. 1. 1. 1. 0. 1. 0. 0. 0. 0. 0. 0. 0. 0. 0. 1. 0. 1.
 0. 0. 1. 0. 0. 1. 0. 1. 1. 0. 0. 1. 1. 0. 0. 0. 0. 0. 0. 0. 1. 0. 1. 1.
 1. 0. 1. 1. 0. 1. 0. 0. 1. 1. 0. 0. 0. 1. 0. 0. 0. 0. 1. 0. 1. 1. 0. 0.
 0. 0. 1. 0. 1. 0. 0. 0. 1. 0. 0. 0. 1. 1. 0. 1. 0. 0. 0. 0. 0. 0. 1. 0.
 0. 0. 0. 1. 0. 1. 0. 0. 1. 1. 0. 0. 1. 0. 0. 0. 0. 0. 0. 1. 0. 1. 0. 1.
 1. 0. 0. 0. 0. 1. 0. 0. 1. 0. 0. 1. 1. 0. 0. 1. 0. 0. 0. 0. 0. 0. 0. 0.
 0. 0. 0. 1. 1. 1. 1. 0. 1. 0. 0. 0. 1. 0. 0. 1. 0. 0. 1. 0. 0. 0. 1. 0.
 0. 0. 0. 0. 0. 0. 1. 1. 0. 1. 0. 1. 0. 0. 1. 0. 0. 0. 1. 0. 0. 1. 0. 0.
 0. 0. 0. 1. 0. 1. 0. 0.]
Time taken: 21.40805983543396 seconds
Running combination 33 of 50
Fitting RandomForest...
Fitting Adaboost...
Fitting AdaBoost_2...
Fitting et...
Fitting gbc...
Fitting gbc_2...
Fitting gbc_3...
Fitting dt...
Fitting lr...
Fitting Lasso_1...
Fitting Lasso_2...
Fitting Lasso_3...
Fitting Lasso_4...
Fitting elasticnet...
VCF file created successfully.
pyseer stderr:  Read 1000 phenotypes
Detected continuous phenotype
Reading all variants

0variants [00:00, ?variants/s]
56variants [00:00, 554.91variants/s]
112variants [00:00, 488.46variants/s]
168variants [00:00, 515.85variants/s]
198variants [00:00, 519.73variants/s]
Applying correlation filtering

  0%|          | 0/198 [00:00<?, ?variants/s]
100%|██████████| 198/198 [00:00<00:00, 2699.68variants/s]
Fitting elastic net to top 148 variants
Best penalty (lambda) from cross-validation: 4.40E+00
Best R^2 from cross-validation: 0.524
Finding and printing selected variants
198 loaded variants
50 pre-filtered variants
148 tested variants
144 printed variants

True importance standardized:  [0.45943003 0.47828342 0.51060632 1.         0.48814465 0.61841159
 0.16039339 0.65819788 0.3502547  0.6801053  0.         0.
 0.         0.         0.         0.         0.         0.
 0.         0.         0.         0.         0.         0.
 0.         0.         0.         0.         0.         0.
 0.         0.         0.         0.         0.         0.
 0.         0.         0.         0.         0.         0.
 0.         0.         0.         0.         0.         0.
 0.         0.         0.         0.         0.         0.
 0.         0.         0.         0.         0.         0.
 0.         0.         0.         0.         0.         0.
 0.         0.         0.         0.         0.         0.
 0.         0.         0.         0.         0.         0.
 0.         0.         0.         0.         0.         0.
 0.         0.         0.         0.         0.         0.
 0.         0.         0.         0.         0.         0.
 0.         0.         0.         0.         0.         0.
 0.         0.         0.         0.         0.         0.
 0.         0.         0.         0.         0.         0.
 0.         0.         0.         0.         0.         0.
 0.         0.         0.         0.         0.         0.
 0.         0.         0.         0.         0.         0.
 0.         0.         0.         0.         0.         0.
 0.         0.         0.         0.         0.         0.
 0.         0.         0.         0.         0.         0.
 0.         0.         0.         0.         0.         0.
 0.         0.         0.         0.         0.         0.
 0.         0.         0.         0.         0.         0.
 0.         0.         0.         0.         0.         0.
 0.         0.         0.         0.         0.         0.
 0.         0.         0.         0.         0.         0.
 0.         0.         0.         0.         0.         0.
 0.         0.         0.         0.         0.         0.
 0.         0.        ]
Normalized importance:  [0.25879772 0.34541693 0.22498635 1.         0.34552103 0.49289202
 0.         0.57745439 0.18950341 0.65458218 0.         0.
 0.         0.         0.         0.         0.         0.
 0.         0.         0.         0.12991324 0.         0.
 0.         0.         0.         0.         0.         0.
 0.         0.         0.         0.         0.         0.
 0.         0.         0.         0.         0.         0.
 0.         0.         0.         0.         0.         0.
 0.         0.         0.         0.         0.         0.
 0.         0.         0.         0.         0.         0.
 0.         0.         0.         0.         0.         0.
 0.         0.         0.         0.         0.         0.
 0.         0.         0.         0.         0.         0.
 0.         0.         0.         0.         0.         0.04472041
 0.         0.0378561  0.         0.         0.         0.
 0.         0.         0.         0.         0.         0.
 0.         0.         0.         0.         0.         0.
 0.         0.         0.         0.         0.         0.
 0.         0.         0.         0.         0.         0.
 0.         0.         0.         0.         0.         0.
 0.         0.         0.         0.         0.         0.
 0.         0.         0.         0.         0.         0.
 0.         0.         0.         0.         0.         0.
 0.         0.         0.         0.         0.         0.
 0.         0.         0.         0.         0.         0.
 0.         0.         0.         0.         0.         0.
 0.         0.         0.         0.         0.         0.
 0.         0.         0.         0.         0.         0.
 0.         0.         0.         0.         0.         0.
 0.         0.         0.         0.         0.         0.
 0.         0.         0.         0.         0.         0.
 0.         0.         0.         0.         0.         0.
 0.         0.0284071  0.         0.         0.         0.
 0.         0.        ]
deepbreaks
y_true:  [0. 0. 1. 1. 0. 1. 0. 1. 0. 1. 0. 0. 0. 0. 0. 0. 0. 0. 0. 0. 0. 0. 0. 0.
 0. 0. 0. 0. 0. 0. 0. 0. 0. 0. 0. 0. 0. 0. 0. 0. 0. 0. 0. 0. 0. 0. 0. 0.
 0. 0. 0. 0. 0. 0. 0. 0. 0. 0. 0. 0. 0. 0. 0. 0. 0. 0. 0. 0. 0. 0. 0. 0.
 0. 0. 0. 0. 0. 0. 0. 0. 0. 0. 0. 0. 0. 0. 0. 0. 0. 0. 0. 0. 0. 0. 0. 0.
 0. 0. 0. 0. 0. 0. 0. 0. 0. 0. 0. 0. 0. 0. 0. 0. 0. 0. 0. 0. 0. 0. 0. 0.
 0. 0. 0. 0. 0. 0. 0. 0. 0. 0. 0. 0. 0. 0. 0. 0. 0. 0. 0. 0. 0. 0. 0. 0.
 0. 0. 0. 0. 0. 0. 0. 0. 0. 0. 0. 0. 0. 0. 0. 0. 0. 0. 0. 0. 0. 0. 0. 0.
 0. 0. 0. 0. 0. 0. 0. 0. 0. 0. 0. 0. 0. 0. 0. 0. 0. 0. 0. 0. 0. 0. 0. 0.
 0. 0. 0. 0. 0. 0. 0. 0.]
y_pred:  [1. 1. 0. 1. 1. 1. 0. 1. 0. 1. 0. 0. 0. 0. 0. 0. 0. 0. 0. 0. 0. 0. 0. 0.
 0. 0. 0. 0. 0. 0. 0. 0. 0. 0. 0. 0. 0. 0. 0. 0. 0. 0. 0. 0. 0. 0. 0. 0.
 0. 0. 0. 0. 0. 0. 0. 0. 0. 0. 0. 0. 0. 0. 0. 0. 0. 0. 0. 0. 0. 0. 0. 0.
 0. 0. 0. 0. 0. 0. 0. 0. 0. 0. 0. 0. 0. 0. 0. 0. 0. 0. 0. 0. 0. 0. 0. 0.
 0. 0. 0. 0. 0. 0. 0. 0. 0. 0. 0. 0. 0. 0. 0. 0. 0. 0. 0. 0. 0. 0. 0. 0.
 0. 0. 0. 0. 0. 0. 0. 0. 0. 0. 0. 0. 0. 0. 0. 0. 0. 0. 0. 0. 0. 0. 0. 0.
 0. 0. 0. 0. 0. 0. 0. 0. 0. 0. 0. 0. 0. 0. 0. 0. 0. 0. 0. 0. 0. 0. 0. 0.
 0. 0. 0. 0. 0. 0. 0. 0. 0. 0. 0. 0. 0. 0. 0. 0. 0. 0. 0. 0. 0. 0. 0. 0.
 0. 0. 0. 0. 0. 0. 0. 0.]
Normalized importance:  [4.42990654e-01 5.43925234e-01 4.97196262e-01 1.00000000e+00
 6.10280374e-01 6.94392523e-01 1.79439252e-01 6.99065421e-01
 2.80373832e-01 7.75700935e-01 5.28037383e-02 0.00000000e+00
 3.71962617e-02 0.00000000e+00 7.38317757e-02 3.74766355e-02
 1.33644860e-01 0.00000000e+00 1.05607477e-01 1.43925234e-02
 1.26168224e-02 2.04672897e-01 5.57943925e-03 5.39252336e-02
 4.28971963e-02 9.06542056e-02 8.47663551e-02 1.42056075e-01
 5.93457944e-02 1.27102804e-02 1.84112150e-02 4.48598131e-02
 3.05607477e-02 8.04672897e-02 0.00000000e+00 3.71028037e-04
 3.83177570e-02 0.00000000e+00 4.16822430e-02 5.98130841e-02
 9.34579439e-02 5.95327103e-02 3.46728972e-02 9.00000000e-02
 1.11214953e-01 0.00000000e+00 3.42056075e-02 0.00000000e+00
 0.00000000e+00 3.10280374e-02 5.34579439e-02 8.31775701e-02
 0.00000000e+00 0.00000000e+00 4.53271028e-02 0.00000000e+00
 0.00000000e+00 5.86915888e-02 0.00000000e+00 3.00934579e-03
 0.00000000e+00 2.04672897e-01 6.26168224e-02 7.76635514e-02
 1.24299065e-01 7.63551402e-03 0.00000000e+00 2.14018692e-02
 2.12149533e-02 0.00000000e+00 1.79439252e-01 1.77570093e-02
 2.77570093e-03 4.65420561e-03 1.31775701e-01 6.71028037e-02
 0.00000000e+00 1.01869159e-01 4.28971963e-02 0.00000000e+00
 5.33644860e-02 0.00000000e+00 0.00000000e+00 1.82242991e-01
 0.00000000e+00 9.90654206e-02 0.00000000e+00 2.67289720e-02
 7.75700935e-02 6.67289720e-03 1.15887850e-02 5.23364486e-02
 3.04672897e-02 7.47663551e-02 5.30841121e-02 3.54205607e-02
 0.00000000e+00 3.75700935e-03 6.14953271e-02 0.00000000e+00
 4.83177570e-02 1.11214953e-01 0.00000000e+00 1.17757009e-01
 0.00000000e+00 4.16822430e-02 3.15887850e-02 3.84112150e-02
 1.23364486e-02 6.93457944e-02 3.44859813e-02 3.89719626e-02
 5.90654206e-02 1.71028037e-01 2.57009346e-02 0.00000000e+00
 0.00000000e+00 8.40186916e-02 4.35514019e-02 8.75700935e-02
 1.32710280e-01 4.46728972e-02 2.67289720e-02 0.00000000e+00
 1.28971963e-01 5.94392523e-02 4.03738318e-02 5.51401869e-02
 3.32710280e-02 1.37383178e-02 0.00000000e+00 9.34579439e-02
 4.01869159e-02 2.52336449e-02 3.65420561e-02 0.00000000e+00
 8.63551402e-03 5.41121495e-02 0.00000000e+00 2.80373832e-02
 2.14953271e-04 6.42990654e-03 1.07476636e-01 0.00000000e+00
 0.00000000e+00 4.88785047e-02 3.24299065e-02 0.00000000e+00
 4.65420561e-02 1.09345794e-01 6.89719626e-02 6.14018692e-02
 6.02803738e-03 0.00000000e+00 9.17757009e-02 3.66355140e-02
 8.22429907e-02 4.63551402e-02 0.00000000e+00 7.56074766e-03
 3.59813084e-02 0.00000000e+00 3.57943925e-02 0.00000000e+00
 2.83177570e-03 9.90654206e-02 0.00000000e+00 0.00000000e+00
 0.00000000e+00 0.00000000e+00 0.00000000e+00 0.00000000e+00
 4.48598131e-02 1.34579439e-01 7.09345794e-02 2.25233645e-02
 0.00000000e+00 6.22429907e-03 5.07476636e-02 0.00000000e+00
 0.00000000e+00 2.44859813e-02 0.00000000e+00 3.55140187e-02
 0.00000000e+00 1.16822430e-01 0.00000000e+00 1.24299065e-01
 1.00000000e-01 7.43925234e-02 1.50467290e-02 2.57943925e-02
 0.00000000e+00 6.50467290e-02 0.00000000e+00 0.00000000e+00
 8.43925234e-02 1.24299065e-01 0.00000000e+00 0.00000000e+00]
pyseer
y_true:  [0. 0. 1. 1. 0. 1. 0. 1. 0. 1. 0. 0. 0. 0. 0. 0. 0. 0. 0. 0. 0. 0. 0. 0.
 0. 0. 0. 0. 0. 0. 0. 0. 0. 0. 0. 0. 0. 0. 0. 0. 0. 0. 0. 0. 0. 0. 0. 0.
 0. 0. 0. 0. 0. 0. 0. 0. 0. 0. 0. 0. 0. 0. 0. 0. 0. 0. 0. 0. 0. 0. 0. 0.
 0. 0. 0. 0. 0. 0. 0. 0. 0. 0. 0. 0. 0. 0. 0. 0. 0. 0. 0. 0. 0. 0. 0. 0.
 0. 0. 0. 0. 0. 0. 0. 0. 0. 0. 0. 0. 0. 0. 0. 0. 0. 0. 0. 0. 0. 0. 0. 0.
 0. 0. 0. 0. 0. 0. 0. 0. 0. 0. 0. 0. 0. 0. 0. 0. 0. 0. 0. 0. 0. 0. 0. 0.
 0. 0. 0. 0. 0. 0. 0. 0. 0. 0. 0. 0. 0. 0. 0. 0. 0. 0. 0. 0. 0. 0. 0. 0.
 0. 0. 0. 0. 0. 0. 0. 0. 0. 0. 0. 0. 0. 0. 0. 0. 0. 0. 0. 0. 0. 0. 0. 0.
 0. 0. 0. 0. 0. 0. 0. 0.]
y_pred:  [1. 1. 1. 1. 1. 1. 1. 1. 1. 1. 0. 0. 0. 0. 1. 0. 1. 0. 1. 0. 0. 1. 0. 1.
 0. 1. 1. 1. 1. 0. 0. 0. 0. 1. 0. 0. 0. 0. 0. 1. 1. 1. 0. 1. 1. 0. 0. 0.
 0. 0. 1. 1. 0. 0. 0. 0. 0. 1. 0. 0. 0. 1. 1. 1. 1. 0. 0. 0. 0. 0. 1. 0.
 0. 0. 1. 1. 0. 1. 0. 0. 1. 0. 0. 1. 0. 1. 0. 0. 1. 0. 0. 0. 0. 1. 1. 0.
 0. 0. 1. 0. 0. 1. 0. 1. 0. 0. 0. 0. 0. 1. 0. 0. 1. 1. 0. 0. 0. 1. 0. 1.
 1. 0. 0. 0. 1. 1. 0. 1. 0. 0. 0. 1. 0. 0. 0. 0. 0. 1. 0. 0. 0. 0. 1. 0.
 0. 0. 0. 0. 0. 1. 1. 1. 0. 0. 1. 0. 1. 0. 0. 0. 0. 0. 0. 0. 0. 1. 0. 0.
 0. 0. 0. 0. 0. 1. 1. 0. 0. 0. 0. 0. 0. 0. 0. 0. 0. 1. 0. 1. 1. 1. 0. 0.
 0. 1. 0. 0. 1. 1. 0. 0.]
Time taken: 22.217806339263916 seconds
Running combination 34 of 50
Fitting RandomForest...
Fitting Adaboost...
Fitting AdaBoost_2...
Fitting et...
Fitting gbc...
Fitting gbc_2...
Fitting gbc_3...
Fitting dt...
Fitting lr...
Fitting Lasso_1...
Fitting Lasso_2...
Fitting Lasso_3...
Fitting Lasso_4...
Fitting elasticnet...
VCF file created successfully.
pyseer stderr:  Read 1000 phenotypes
Detected continuous phenotype
Reading all variants

0variants [00:00, ?variants/s]
55variants [00:00, 546.08variants/s]
110variants [00:00, 479.25variants/s]
166variants [00:00, 512.38variants/s]
198variants [00:00, 516.38variants/s]
Applying correlation filtering

  0%|          | 0/198 [00:00<?, ?variants/s]
100%|██████████| 198/198 [00:00<00:00, 2722.42variants/s]
Fitting elastic net to top 148 variants
Best penalty (lambda) from cross-validation: 6.22E+00
Best R^2 from cross-validation: 0.535
Finding and printing selected variants
198 loaded variants
50 pre-filtered variants
148 tested variants
145 printed variants

True importance standardized:  [0.97415021 0.22599382 1.         0.89739077 0.42588558 0.54634889
 0.98717009 0.26154334 0.13197142 0.9676045  0.         0.
 0.         0.         0.         0.         0.         0.
 0.         0.         0.         0.         0.         0.
 0.         0.         0.         0.         0.         0.
 0.         0.         0.         0.         0.         0.
 0.         0.         0.         0.         0.         0.
 0.         0.         0.         0.         0.         0.
 0.         0.         0.         0.         0.         0.
 0.         0.         0.         0.         0.         0.
 0.         0.         0.         0.         0.         0.
 0.         0.         0.         0.         0.         0.
 0.         0.         0.         0.         0.         0.
 0.         0.         0.         0.         0.         0.
 0.         0.         0.         0.         0.         0.
 0.         0.         0.         0.         0.         0.
 0.         0.         0.         0.         0.         0.
 0.         0.         0.         0.         0.         0.
 0.         0.         0.         0.         0.         0.
 0.         0.         0.         0.         0.         0.
 0.         0.         0.         0.         0.         0.
 0.         0.         0.         0.         0.         0.
 0.         0.         0.         0.         0.         0.
 0.         0.         0.         0.         0.         0.
 0.         0.         0.         0.         0.         0.
 0.         0.         0.         0.         0.         0.
 0.         0.         0.         0.         0.         0.
 0.         0.         0.         0.         0.         0.
 0.         0.         0.         0.         0.         0.
 0.         0.         0.         0.         0.         0.
 0.         0.         0.         0.         0.         0.
 0.         0.         0.         0.         0.         0.
 0.         0.         0.         0.         0.         0.
 0.         0.        ]
Normalized importance:  [0.73234305 0.         0.73413531 0.75146517 0.09687213 0.66737859
 0.93906494 0.         0.         1.         0.         0.
 0.         0.         0.         0.         0.         0.
 0.         0.         0.         0.         0.         0.
 0.         0.         0.         0.         0.         0.
 0.         0.         0.         0.         0.         0.
 0.06991727 0.         0.         0.         0.         0.
 0.         0.         0.         0.         0.03311937 0.
 0.         0.         0.         0.         0.         0.
 0.         0.         0.         0.         0.         0.
 0.         0.         0.         0.         0.         0.
 0.         0.         0.         0.         0.         0.
 0.         0.         0.         0.         0.         0.
 0.         0.         0.         0.         0.         0.
 0.         0.         0.         0.         0.         0.
 0.         0.         0.         0.         0.         0.
 0.         0.         0.         0.         0.         0.
 0.         0.         0.         0.         0.         0.
 0.         0.         0.         0.         0.         0.
 0.         0.         0.         0.         0.         0.
 0.         0.         0.         0.         0.         0.
 0.         0.         0.         0.         0.         0.
 0.         0.         0.         0.         0.         0.
 0.         0.         0.         0.         0.         0.04487922
 0.         0.         0.         0.         0.         0.
 0.         0.         0.04137805 0.         0.         0.
 0.         0.         0.         0.         0.         0.
 0.         0.         0.         0.         0.         0.
 0.         0.         0.         0.         0.         0.
 0.         0.         0.         0.         0.         0.
 0.         0.         0.         0.         0.07415908 0.
 0.         0.         0.         0.         0.         0.
 0.         0.         0.         0.         0.         0.
 0.         0.        ]
deepbreaks
y_true:  [1. 0. 1. 1. 0. 0. 1. 0. 0. 1. 0. 0. 0. 0. 0. 0. 0. 0. 0. 0. 0. 0. 0. 0.
 0. 0. 0. 0. 0. 0. 0. 0. 0. 0. 0. 0. 0. 0. 0. 0. 0. 0. 0. 0. 0. 0. 0. 0.
 0. 0. 0. 0. 0. 0. 0. 0. 0. 0. 0. 0. 0. 0. 0. 0. 0. 0. 0. 0. 0. 0. 0. 0.
 0. 0. 0. 0. 0. 0. 0. 0. 0. 0. 0. 0. 0. 0. 0. 0. 0. 0. 0. 0. 0. 0. 0. 0.
 0. 0. 0. 0. 0. 0. 0. 0. 0. 0. 0. 0. 0. 0. 0. 0. 0. 0. 0. 0. 0. 0. 0. 0.
 0. 0. 0. 0. 0. 0. 0. 0. 0. 0. 0. 0. 0. 0. 0. 0. 0. 0. 0. 0. 0. 0. 0. 0.
 0. 0. 0. 0. 0. 0. 0. 0. 0. 0. 0. 0. 0. 0. 0. 0. 0. 0. 0. 0. 0. 0. 0. 0.
 0. 0. 0. 0. 0. 0. 0. 0. 0. 0. 0. 0. 0. 0. 0. 0. 0. 0. 0. 0. 0. 0. 0. 0.
 0. 0. 0. 0. 0. 0. 0. 0.]
y_pred:  [1. 0. 1. 1. 0. 1. 1. 0. 0. 1. 0. 0. 0. 0. 0. 0. 0. 0. 0. 0. 0. 0. 0. 0.
 0. 0. 0. 0. 0. 0. 0. 0. 0. 0. 0. 0. 0. 0. 0. 0. 0. 0. 0. 0. 0. 0. 0. 0.
 0. 0. 0. 0. 0. 0. 0. 0. 0. 0. 0. 0. 0. 0. 0. 0. 0. 0. 0. 0. 0. 0. 0. 0.
 0. 0. 0. 0. 0. 0. 0. 0. 0. 0. 0. 0. 0. 0. 0. 0. 0. 0. 0. 0. 0. 0. 0. 0.
 0. 0. 0. 0. 0. 0. 0. 0. 0. 0. 0. 0. 0. 0. 0. 0. 0. 0. 0. 0. 0. 0. 0. 0.
 0. 0. 0. 0. 0. 0. 0. 0. 0. 0. 0. 0. 0. 0. 0. 0. 0. 0. 0. 0. 0. 0. 0. 0.
 0. 0. 0. 0. 0. 0. 0. 0. 0. 0. 0. 0. 0. 0. 0. 0. 0. 0. 0. 0. 0. 0. 0. 0.
 0. 0. 0. 0. 0. 0. 0. 0. 0. 0. 0. 0. 0. 0. 0. 0. 0. 0. 0. 0. 0. 0. 0. 0.
 0. 0. 0. 0. 0. 0. 0. 0.]
Normalized importance:  [8.50000e-01 1.87500e-01 7.93750e-01 8.93750e-01 3.87500e-01 6.31250e-01
 9.87500e-01 1.66875e-01 1.34375e-01 1.00000e+00 1.46875e-01 1.21250e-01
 8.43750e-02 4.17500e-02 1.34375e-01 4.18125e-02 0.00000e+00 2.17500e-02
 4.58125e-02 0.00000e+00 3.55000e-02 5.65625e-02 0.00000e+00 3.81875e-02
 8.37500e-02 8.87500e-02 8.43750e-02 9.25000e-02 0.00000e+00 1.28125e-02
 3.26250e-02 1.05000e-01 1.75625e-01 5.80625e-04 1.72500e-01 7.43750e-02
 1.81250e-01 8.43750e-02 8.93750e-02 1.51875e-01 0.00000e+00 0.00000e+00
 2.41875e-02 1.18750e-01 5.53125e-02 4.23125e-02 1.91250e-01 5.44375e-02
 0.00000e+00 5.15000e-04 4.01875e-02 6.87500e-02 9.56250e-02 0.00000e+00
 3.29375e-02 2.39375e-02 3.48750e-02 2.03750e-01 1.20000e-01 7.18750e-02
 4.28125e-02 1.45000e-02 8.25000e-03 1.04375e-01 7.12500e-02 0.00000e+00
 6.87500e-02 1.83125e-02 1.38125e-02 1.28750e-01 0.00000e+00 3.36875e-02
 0.00000e+00 0.00000e+00 9.81250e-03 9.50000e-02 3.00625e-02 0.00000e+00
 0.00000e+00 8.56250e-02 7.25000e-02 4.00000e-02 6.23750e-02 5.18125e-02
 1.09375e-01 5.83125e-02 2.11875e-03 1.33125e-01 6.08125e-02 0.00000e+00
 0.00000e+00 1.57500e-01 0.00000e+00 9.31250e-02 2.01875e-02 3.55000e-02
 0.00000e+00 0.00000e+00 0.00000e+00 6.04375e-02 0.00000e+00 7.06250e-02
 0.00000e+00 8.75000e-02 3.31250e-03 1.43750e-01 6.87500e-02 1.83125e-01
 3.30625e-02 9.87500e-02 0.00000e+00 1.40000e-01 5.36875e-02 6.23750e-02
 0.00000e+00 1.11250e-01 0.00000e+00 0.00000e+00 0.00000e+00 0.00000e+00
 0.00000e+00 5.43125e-02 0.00000e+00 0.00000e+00 2.31250e-01 0.00000e+00
 3.90625e-02 0.00000e+00 0.00000e+00 4.04375e-02 0.00000e+00 8.06250e-03
 1.96875e-02 3.86875e-02 1.02500e-01 1.10625e-01 5.47500e-02 1.32500e-01
 0.00000e+00 7.50000e-02 2.68125e-01 3.60625e-02 9.93750e-02 1.90625e-01
 0.00000e+00 8.06250e-02 9.50000e-02 0.00000e+00 7.43750e-02 0.00000e+00
 0.00000e+00 1.01250e-01 1.78125e-01 6.93750e-02 5.64375e-02 6.25000e-02
 9.68750e-03 2.71875e-02 1.50625e-01 2.05000e-01 1.11250e-01 1.15625e-02
 0.00000e+00 1.55625e-02 1.16875e-01 3.63125e-02 8.87500e-02 6.11250e-02
 1.72500e-01 0.00000e+00 0.00000e+00 0.00000e+00 1.10625e-01 0.00000e+00
 0.00000e+00 7.56250e-03 0.00000e+00 8.25000e-02 1.60625e-01 1.11875e-01
 0.00000e+00 0.00000e+00 1.07500e-01 3.90000e-03 1.73750e-01 1.78750e-01
 6.37500e-02 1.76875e-01 8.31250e-02 9.37500e-02 5.32500e-02 0.00000e+00
 1.13125e-01 1.22500e-02 0.00000e+00 9.25000e-02 0.00000e+00 0.00000e+00
 0.00000e+00 0.00000e+00]
pyseer
y_true:  [1. 0. 1. 1. 0. 0. 1. 0. 0. 1. 0. 0. 0. 0. 0. 0. 0. 0. 0. 0. 0. 0. 0. 0.
 0. 0. 0. 0. 0. 0. 0. 0. 0. 0. 0. 0. 0. 0. 0. 0. 0. 0. 0. 0. 0. 0. 0. 0.
 0. 0. 0. 0. 0. 0. 0. 0. 0. 0. 0. 0. 0. 0. 0. 0. 0. 0. 0. 0. 0. 0. 0. 0.
 0. 0. 0. 0. 0. 0. 0. 0. 0. 0. 0. 0. 0. 0. 0. 0. 0. 0. 0. 0. 0. 0. 0. 0.
 0. 0. 0. 0. 0. 0. 0. 0. 0. 0. 0. 0. 0. 0. 0. 0. 0. 0. 0. 0. 0. 0. 0. 0.
 0. 0. 0. 0. 0. 0. 0. 0. 0. 0. 0. 0. 0. 0. 0. 0. 0. 0. 0. 0. 0. 0. 0. 0.
 0. 0. 0. 0. 0. 0. 0. 0. 0. 0. 0. 0. 0. 0. 0. 0. 0. 0. 0. 0. 0. 0. 0. 0.
 0. 0. 0. 0. 0. 0. 0. 0. 0. 0. 0. 0. 0. 0. 0. 0. 0. 0. 0. 0. 0. 0. 0. 0.
 0. 0. 0. 0. 0. 0. 0. 0.]
y_pred:  [1. 1. 1. 1. 1. 1. 1. 1. 1. 1. 1. 1. 1. 0. 1. 0. 0. 0. 0. 0. 0. 0. 0. 0.
 1. 1. 1. 1. 0. 0. 0. 1. 1. 0. 1. 0. 1. 1. 1. 1. 0. 0. 0. 1. 0. 0. 1. 0.
 0. 0. 0. 0. 1. 0. 0. 0. 0. 1. 1. 0. 0. 0. 0. 1. 0. 0. 0. 0. 0. 1. 0. 0.
 0. 0. 0. 1. 0. 0. 0. 1. 0. 0. 0. 0. 1. 0. 0. 1. 0. 0. 0. 1. 0. 1. 0. 0.
 0. 0. 0. 0. 0. 0. 0. 1. 0. 1. 0. 1. 0. 1. 0. 1. 0. 0. 0. 1. 0. 0. 0. 0.
 0. 0. 0. 0. 1. 0. 0. 0. 0. 0. 0. 0. 0. 0. 1. 1. 0. 1. 0. 0. 1. 0. 1. 1.
 0. 1. 1. 0. 0. 0. 0. 1. 1. 0. 0. 0. 0. 0. 1. 1. 1. 0. 0. 0. 1. 0. 1. 0.
 1. 0. 0. 0. 1. 0. 0. 0. 0. 1. 1. 1. 0. 0. 1. 0. 1. 1. 0. 1. 1. 1. 0. 0.
 1. 0. 0. 1. 0. 0. 0. 0.]
Time taken: 21.55285668373108 seconds
Running combination 35 of 50
Fitting RandomForest...
Fitting Adaboost...
Fitting AdaBoost_2...
Fitting et...
Fitting gbc...
Fitting gbc_2...
Fitting gbc_3...
Fitting dt...
Fitting lr...
Fitting Lasso_1...
Fitting Lasso_2...
Fitting Lasso_3...
Fitting Lasso_4...
Fitting elasticnet...
VCF file created successfully.
pyseer stderr:  Read 1000 phenotypes
Detected continuous phenotype
Reading all variants

0variants [00:00, ?variants/s]
55variants [00:00, 540.22variants/s]
110variants [00:00, 479.33variants/s]
166variants [00:00, 511.46variants/s]
198variants [00:00, 515.48variants/s]
Applying correlation filtering

  0%|          | 0/198 [00:00<?, ?variants/s]
100%|██████████| 198/198 [00:00<00:00, 2746.94variants/s]
Fitting elastic net to top 148 variants
Best penalty (lambda) from cross-validation: 9.59E+00
Best R^2 from cross-validation: 0.550
Finding and printing selected variants
198 loaded variants
50 pre-filtered variants
148 tested variants
140 printed variants

True importance standardized:  [0.64090208 0.70699597 0.33479556 1.         0.45569493 0.10454447
 0.53859584 0.88432534 0.67303494 0.93144467 0.         0.
 0.         0.         0.         0.         0.         0.
 0.         0.         0.         0.         0.         0.
 0.         0.         0.         0.         0.         0.
 0.         0.         0.         0.         0.         0.
 0.         0.         0.         0.         0.         0.
 0.         0.         0.         0.         0.         0.
 0.         0.         0.         0.         0.         0.
 0.         0.         0.         0.         0.         0.
 0.         0.         0.         0.         0.         0.
 0.         0.         0.         0.         0.         0.
 0.         0.         0.         0.         0.         0.
 0.         0.         0.         0.         0.         0.
 0.         0.         0.         0.         0.         0.
 0.         0.         0.         0.         0.         0.
 0.         0.         0.         0.         0.         0.
 0.         0.         0.         0.         0.         0.
 0.         0.         0.         0.         0.         0.
 0.         0.         0.         0.         0.         0.
 0.         0.         0.         0.         0.         0.
 0.         0.         0.         0.         0.         0.
 0.         0.         0.         0.         0.         0.
 0.         0.         0.         0.         0.         0.
 0.         0.         0.         0.         0.         0.
 0.         0.         0.         0.         0.         0.
 0.         0.         0.         0.         0.         0.
 0.         0.         0.         0.         0.         0.
 0.         0.         0.         0.         0.         0.
 0.         0.         0.         0.         0.         0.
 0.         0.         0.         0.         0.         0.
 0.         0.         0.         0.         0.         0.
 0.         0.         0.         0.         0.         0.
 0.         0.        ]
Normalized importance:  [0.4604051  0.42397241 0.15795807 1.         0.17009144 0.
 0.35894636 0.73866354 0.19083687 0.55080931 0.         0.
 0.         0.         0.         0.         0.         0.
 0.         0.         0.         0.         0.         0.
 0.         0.         0.         0.         0.         0.
 0.         0.         0.         0.         0.         0.
 0.         0.         0.         0.         0.         0.
 0.         0.         0.         0.         0.         0.
 0.         0.         0.         0.         0.         0.
 0.         0.         0.         0.         0.         0.
 0.         0.         0.         0.         0.         0.
 0.         0.         0.         0.         0.         0.
 0.         0.         0.         0.         0.         0.
 0.         0.         0.         0.         0.         0.
 0.         0.         0.         0.         0.         0.
 0.         0.         0.         0.         0.         0.
 0.         0.         0.         0.         0.         0.
 0.         0.         0.         0.         0.         0.
 0.         0.         0.         0.         0.         0.
 0.         0.         0.         0.         0.         0.
 0.         0.         0.         0.         0.         0.
 0.         0.         0.         0.         0.         0.
 0.         0.         0.         0.         0.         0.
 0.         0.         0.         0.         0.         0.
 0.         0.         0.         0.         0.         0.
 0.         0.         0.         0.         0.         0.
 0.         0.         0.         0.         0.         0.
 0.         0.         0.         0.         0.         0.
 0.         0.         0.         0.         0.         0.
 0.         0.         0.         0.         0.         0.
 0.         0.         0.         0.         0.         0.
 0.         0.         0.         0.         0.         0.
 0.         0.         0.         0.         0.         0.
 0.         0.        ]
deepbreaks
y_true:  [0. 1. 0. 1. 0. 0. 0. 1. 1. 1. 0. 0. 0. 0. 0. 0. 0. 0. 0. 0. 0. 0. 0. 0.
 0. 0. 0. 0. 0. 0. 0. 0. 0. 0. 0. 0. 0. 0. 0. 0. 0. 0. 0. 0. 0. 0. 0. 0.
 0. 0. 0. 0. 0. 0. 0. 0. 0. 0. 0. 0. 0. 0. 0. 0. 0. 0. 0. 0. 0. 0. 0. 0.
 0. 0. 0. 0. 0. 0. 0. 0. 0. 0. 0. 0. 0. 0. 0. 0. 0. 0. 0. 0. 0. 0. 0. 0.
 0. 0. 0. 0. 0. 0. 0. 0. 0. 0. 0. 0. 0. 0. 0. 0. 0. 0. 0. 0. 0. 0. 0. 0.
 0. 0. 0. 0. 0. 0. 0. 0. 0. 0. 0. 0. 0. 0. 0. 0. 0. 0. 0. 0. 0. 0. 0. 0.
 0. 0. 0. 0. 0. 0. 0. 0. 0. 0. 0. 0. 0. 0. 0. 0. 0. 0. 0. 0. 0. 0. 0. 0.
 0. 0. 0. 0. 0. 0. 0. 0. 0. 0. 0. 0. 0. 0. 0. 0. 0. 0. 0. 0. 0. 0. 0. 0.
 0. 0. 0. 0. 0. 0. 0. 0.]
y_pred:  [1. 1. 0. 1. 0. 0. 0. 1. 0. 1. 0. 0. 0. 0. 0. 0. 0. 0. 0. 0. 0. 0. 0. 0.
 0. 0. 0. 0. 0. 0. 0. 0. 0. 0. 0. 0. 0. 0. 0. 0. 0. 0. 0. 0. 0. 0. 0. 0.
 0. 0. 0. 0. 0. 0. 0. 0. 0. 0. 0. 0. 0. 0. 0. 0. 0. 0. 0. 0. 0. 0. 0. 0.
 0. 0. 0. 0. 0. 0. 0. 0. 0. 0. 0. 0. 0. 0. 0. 0. 0. 0. 0. 0. 0. 0. 0. 0.
 0. 0. 0. 0. 0. 0. 0. 0. 0. 0. 0. 0. 0. 0. 0. 0. 0. 0. 0. 0. 0. 0. 0. 0.
 0. 0. 0. 0. 0. 0. 0. 0. 0. 0. 0. 0. 0. 0. 0. 0. 0. 0. 0. 0. 0. 0. 0. 0.
 0. 0. 0. 0. 0. 0. 0. 0. 0. 0. 0. 0. 0. 0. 0. 0. 0. 0. 0. 0. 0. 0. 0. 0.
 0. 0. 0. 0. 0. 0. 0. 0. 0. 0. 0. 0. 0. 0. 0. 0. 0. 0. 0. 0. 0. 0. 0. 0.
 0. 0. 0. 0. 0. 0. 0. 0.]
Normalized importance:  [6.48026316e-01 7.20394737e-01 4.53947368e-01 1.00000000e+00
 5.52631579e-01 5.85526316e-02 6.18421053e-01 8.71710526e-01
 5.32894737e-01 8.28947368e-01 8.09210526e-02 3.48684211e-03
 3.75000000e-02 0.00000000e+00 5.98684211e-02 0.00000000e+00
 5.46052632e-02 8.22368421e-03 2.04605263e-01 9.63815789e-04
 0.00000000e+00 6.15131579e-02 1.03947368e-01 1.05592105e-01
 0.00000000e+00 5.92105263e-02 0.00000000e+00 6.18421053e-02
 5.36184211e-02 1.06578947e-01 0.00000000e+00 3.14144737e-02
 2.33552632e-02 0.00000000e+00 0.00000000e+00 3.32236842e-02
 3.21381579e-02 6.51315789e-02 0.00000000e+00 4.70394737e-03
 0.00000000e+00 0.00000000e+00 0.00000000e+00 1.33881579e-01
 9.34210526e-02 7.96052632e-03 1.35197368e-02 1.58552632e-01
 4.34210526e-02 0.00000000e+00 1.37828947e-01 5.69078947e-02
 0.00000000e+00 0.00000000e+00 2.01644737e-02 1.89144737e-02
 2.10855263e-02 1.00986842e-01 8.19078947e-02 1.16447368e-01
 9.63815789e-02 8.42105263e-02 4.53947368e-02 2.63815789e-02
 0.00000000e+00 7.43421053e-02 1.24342105e-02 2.82236842e-03
 0.00000000e+00 0.00000000e+00 2.58223684e-03 1.74671053e-02
 0.00000000e+00 1.36513158e-01 0.00000000e+00 6.48026316e-03
 5.85526316e-02 0.00000000e+00 8.05921053e-03 5.36184211e-02
 0.00000000e+00 9.34210526e-02 0.00000000e+00 5.59210526e-02
 2.65131579e-02 1.89473684e-02 8.32236842e-02 8.42105263e-02
 0.00000000e+00 6.77631579e-04 2.93750000e-02 1.66118421e-01
 7.43421053e-02 0.00000000e+00 6.05263158e-02 2.15131579e-02
 6.44736842e-02 7.92763158e-02 7.13815789e-03 0.00000000e+00
 6.84210526e-03 1.09539474e-01 0.00000000e+00 1.00000000e-01
 6.90789474e-03 3.48684211e-03 8.09210526e-02 0.00000000e+00
 1.02302632e-01 0.00000000e+00 1.05592105e-01 0.00000000e+00
 8.42105263e-03 0.00000000e+00 0.00000000e+00 0.00000000e+00
 6.44736842e-02 2.94736842e-02 4.30921053e-02 1.01973684e-01
 1.69736842e-01 0.00000000e+00 0.00000000e+00 3.81578947e-02
 2.77960526e-02 9.14473684e-02 0.00000000e+00 8.22368421e-02
 1.20394737e-01 0.00000000e+00 0.00000000e+00 9.37500000e-02
 0.00000000e+00 1.20065789e-01 4.34210526e-02 1.37500000e-02
 8.22368421e-04 7.23684211e-02 8.25657895e-03 3.10855263e-02
 2.53289474e-03 5.13157895e-02 6.31578947e-02 1.89802632e-02
 5.98684211e-02 0.00000000e+00 0.00000000e+00 1.61513158e-01
 5.32894737e-02 0.00000000e+00 7.53289474e-02 5.16447368e-02
 9.80263158e-03 0.00000000e+00 3.71710526e-02 0.00000000e+00
 1.43750000e-02 1.28289474e-01 0.00000000e+00 0.00000000e+00
 1.64144737e-02 8.19078947e-02 0.00000000e+00 0.00000000e+00
 0.00000000e+00 0.00000000e+00 0.00000000e+00 6.51315789e-02
 1.18092105e-01 2.23026316e-02 4.83552632e-02 7.46710526e-02
 0.00000000e+00 0.00000000e+00 5.85526316e-02 1.61184211e-01
 0.00000000e+00 1.11184211e-01 3.51973684e-02 2.23684211e-02
 2.88157895e-02 6.11842105e-02 8.05921053e-02 1.26315789e-01
 8.12500000e-02 1.45394737e-02 1.12500000e-01 1.34539474e-01
 8.94736842e-02 0.00000000e+00 2.06578947e-02 0.00000000e+00
 9.34210526e-04 4.30921053e-02 1.63486842e-02 0.00000000e+00
 1.22039474e-01 0.00000000e+00 0.00000000e+00 0.00000000e+00]
pyseer
y_true:  [0. 1. 0. 1. 0. 0. 0. 1. 1. 1. 0. 0. 0. 0. 0. 0. 0. 0. 0. 0. 0. 0. 0. 0.
 0. 0. 0. 0. 0. 0. 0. 0. 0. 0. 0. 0. 0. 0. 0. 0. 0. 0. 0. 0. 0. 0. 0. 0.
 0. 0. 0. 0. 0. 0. 0. 0. 0. 0. 0. 0. 0. 0. 0. 0. 0. 0. 0. 0. 0. 0. 0. 0.
 0. 0. 0. 0. 0. 0. 0. 0. 0. 0. 0. 0. 0. 0. 0. 0. 0. 0. 0. 0. 0. 0. 0. 0.
 0. 0. 0. 0. 0. 0. 0. 0. 0. 0. 0. 0. 0. 0. 0. 0. 0. 0. 0. 0. 0. 0. 0. 0.
 0. 0. 0. 0. 0. 0. 0. 0. 0. 0. 0. 0. 0. 0. 0. 0. 0. 0. 0. 0. 0. 0. 0. 0.
 0. 0. 0. 0. 0. 0. 0. 0. 0. 0. 0. 0. 0. 0. 0. 0. 0. 0. 0. 0. 0. 0. 0. 0.
 0. 0. 0. 0. 0. 0. 0. 0. 0. 0. 0. 0. 0. 0. 0. 0. 0. 0. 0. 0. 0. 0. 0. 0.
 0. 0. 0. 0. 0. 0. 0. 0.]
y_pred:  [1. 1. 1. 1. 1. 0. 1. 1. 1. 1. 1. 0. 0. 0. 1. 0. 0. 0. 1. 0. 0. 1. 1. 1.
 0. 0. 0. 1. 0. 1. 0. 0. 0. 0. 0. 0. 0. 1. 0. 0. 0. 0. 0. 1. 1. 0. 0. 1.
 0. 0. 1. 0. 0. 0. 0. 0. 0. 1. 1. 1. 1. 1. 0. 0. 0. 1. 0. 0. 0. 0. 0. 0.
 0. 1. 0. 0. 0. 0. 0. 0. 0. 1. 0. 0. 0. 0. 1. 1. 0. 0. 0. 1. 1. 0. 1. 0.
 1. 1. 0. 0. 0. 1. 0. 1. 0. 0. 1. 0. 1. 0. 1. 0. 0. 0. 0. 0. 1. 0. 0. 1.
 1. 0. 0. 0. 0. 1. 0. 1. 1. 0. 0. 1. 0. 1. 0. 0. 0. 1. 0. 0. 0. 0. 1. 0.
 1. 0. 0. 1. 0. 0. 1. 0. 0. 0. 0. 0. 0. 1. 0. 0. 0. 1. 0. 0. 0. 0. 0. 1.
 1. 0. 0. 1. 0. 0. 0. 1. 0. 1. 0. 0. 0. 1. 1. 1. 1. 0. 1. 1. 1. 0. 0. 0.
 0. 0. 0. 0. 1. 0. 0. 0.]
Time taken: 20.574024438858032 seconds
Running combination 36 of 50
Fitting RandomForest...
Fitting Adaboost...
Fitting AdaBoost_2...
Fitting et...
Fitting gbc...
Fitting gbc_2...
Fitting gbc_3...
Fitting dt...
Fitting lr...
Fitting Lasso_1...
Fitting Lasso_2...
Fitting Lasso_3...
Fitting Lasso_4...
Fitting elasticnet...
VCF file created successfully.
pyseer stderr:  Read 1000 phenotypes
Detected continuous phenotype
Reading all variants

0variants [00:00, ?variants/s]
54variants [00:00, 538.05variants/s]
108variants [00:00, 474.84variants/s]
164variants [00:00, 507.64variants/s]
198variants [00:00, 512.54variants/s]
Applying correlation filtering

  0%|          | 0/198 [00:00<?, ?variants/s]
100%|██████████| 198/198 [00:00<00:00, 2714.57variants/s]
Fitting elastic net to top 148 variants
Best penalty (lambda) from cross-validation: 6.77E+00
Best R^2 from cross-validation: 0.543
Finding and printing selected variants
198 loaded variants
50 pre-filtered variants
148 tested variants
142 printed variants

True importance standardized:  [0.74559967 0.32099295 0.73950929 0.94030383 0.73325887 0.29079894
 0.26084699 0.76897192 0.32247992 1.         0.         0.
 0.         0.         0.         0.         0.         0.
 0.         0.         0.         0.         0.         0.
 0.         0.         0.         0.         0.         0.
 0.         0.         0.         0.         0.         0.
 0.         0.         0.         0.         0.         0.
 0.         0.         0.         0.         0.         0.
 0.         0.         0.         0.         0.         0.
 0.         0.         0.         0.         0.         0.
 0.         0.         0.         0.         0.         0.
 0.         0.         0.         0.         0.         0.
 0.         0.         0.         0.         0.         0.
 0.         0.         0.         0.         0.         0.
 0.         0.         0.         0.         0.         0.
 0.         0.         0.         0.         0.         0.
 0.         0.         0.         0.         0.         0.
 0.         0.         0.         0.         0.         0.
 0.         0.         0.         0.         0.         0.
 0.         0.         0.         0.         0.         0.
 0.         0.         0.         0.         0.         0.
 0.         0.         0.         0.         0.         0.
 0.         0.         0.         0.         0.         0.
 0.         0.         0.         0.         0.         0.
 0.         0.         0.         0.         0.         0.
 0.         0.         0.         0.         0.         0.
 0.         0.         0.         0.         0.         0.
 0.         0.         0.         0.         0.         0.
 0.         0.         0.         0.         0.         0.
 0.         0.         0.         0.         0.         0.
 0.         0.         0.         0.         0.         0.
 0.         0.         0.         0.         0.         0.
 0.         0.         0.         0.         0.         0.
 0.         0.        ]
Normalized importance:  [0.84392266 0.3612391  0.49890052 1.         0.52478044 0.12664055
 0.08393099 0.62280008 0.11989261 0.89551503 0.         0.
 0.         0.         0.         0.         0.         0.
 0.         0.         0.         0.         0.         0.
 0.         0.         0.         0.         0.         0.
 0.         0.         0.         0.         0.         0.
 0.         0.         0.         0.         0.         0.
 0.         0.         0.         0.         0.         0.
 0.         0.         0.02165725 0.         0.         0.
 0.         0.         0.         0.         0.         0.
 0.         0.         0.         0.         0.         0.
 0.         0.         0.         0.         0.         0.
 0.         0.         0.         0.         0.         0.
 0.         0.         0.         0.         0.         0.
 0.         0.03661913 0.         0.         0.         0.
 0.         0.         0.         0.         0.         0.
 0.         0.         0.         0.         0.         0.
 0.         0.         0.         0.         0.         0.
 0.05097441 0.         0.         0.         0.         0.
 0.         0.         0.         0.         0.         0.
 0.         0.         0.         0.         0.         0.
 0.         0.         0.         0.         0.         0.
 0.         0.         0.         0.         0.         0.
 0.         0.         0.         0.         0.         0.
 0.         0.         0.         0.         0.         0.
 0.         0.         0.         0.         0.         0.07174207
 0.         0.         0.         0.         0.         0.
 0.         0.         0.         0.         0.         0.
 0.         0.         0.         0.         0.         0.
 0.         0.         0.         0.         0.         0.
 0.         0.         0.         0.         0.         0.
 0.         0.         0.         0.         0.         0.
 0.         0.         0.         0.         0.         0.
 0.         0.        ]
deepbreaks
y_true:  [1. 0. 1. 1. 0. 0. 0. 1. 0. 1. 0. 0. 0. 0. 0. 0. 0. 0. 0. 0. 0. 0. 0. 0.
 0. 0. 0. 0. 0. 0. 0. 0. 0. 0. 0. 0. 0. 0. 0. 0. 0. 0. 0. 0. 0. 0. 0. 0.
 0. 0. 0. 0. 0. 0. 0. 0. 0. 0. 0. 0. 0. 0. 0. 0. 0. 0. 0. 0. 0. 0. 0. 0.
 0. 0. 0. 0. 0. 0. 0. 0. 0. 0. 0. 0. 0. 0. 0. 0. 0. 0. 0. 0. 0. 0. 0. 0.
 0. 0. 0. 0. 0. 0. 0. 0. 0. 0. 0. 0. 0. 0. 0. 0. 0. 0. 0. 0. 0. 0. 0. 0.
 0. 0. 0. 0. 0. 0. 0. 0. 0. 0. 0. 0. 0. 0. 0. 0. 0. 0. 0. 0. 0. 0. 0. 0.
 0. 0. 0. 0. 0. 0. 0. 0. 0. 0. 0. 0. 0. 0. 0. 0. 0. 0. 0. 0. 0. 0. 0. 0.
 0. 0. 0. 0. 0. 0. 0. 0. 0. 0. 0. 0. 0. 0. 0. 0. 0. 0. 0. 0. 0. 0. 0. 0.
 0. 0. 0. 0. 0. 0. 0. 0.]
y_pred:  [1. 1. 1. 1. 1. 0. 0. 1. 0. 1. 0. 0. 0. 0. 0. 0. 0. 0. 0. 0. 0. 0. 0. 0.
 0. 0. 0. 0. 0. 0. 0. 0. 0. 0. 0. 0. 0. 0. 0. 0. 0. 0. 0. 0. 0. 0. 0. 0.
 0. 0. 0. 0. 0. 0. 0. 0. 0. 0. 0. 0. 0. 0. 0. 0. 0. 0. 0. 0. 0. 0. 0. 0.
 0. 0. 0. 0. 0. 0. 0. 0. 0. 0. 0. 0. 0. 0. 0. 0. 0. 0. 0. 0. 0. 0. 0. 0.
 0. 0. 0. 0. 0. 0. 0. 0. 0. 0. 0. 0. 0. 0. 0. 0. 0. 0. 0. 0. 0. 0. 0. 0.
 0. 0. 0. 0. 0. 0. 0. 0. 0. 0. 0. 0. 0. 0. 0. 0. 0. 0. 0. 0. 0. 0. 0. 0.
 0. 0. 0. 0. 0. 0. 0. 0. 0. 0. 0. 0. 0. 0. 0. 0. 0. 0. 0. 0. 0. 0. 0. 0.
 0. 0. 0. 0. 0. 0. 0. 0. 0. 0. 0. 0. 0. 0. 0. 0. 0. 0. 0. 0. 0. 0. 0. 0.
 0. 0. 0. 0. 0. 0. 0. 0.]
Normalized importance:  [0.91860465 0.40697674 0.81976744 0.99418605 0.84883721 0.36569767
 0.37790698 0.78488372 0.38953488 1.         0.         0.05087209
 0.06046512 0.14011628 0.         0.         0.         0.
 0.01325581 0.09244186 0.07674419 0.         0.         0.12732558
 0.         0.09011628 0.02761628 0.02139535 0.         0.11686047
 0.01965116 0.1127907  0.         0.20988372 0.03203488 0.03313953
 0.02965116 0.04226744 0.02662791 0.17267442 0.1494186  0.04575581
 0.05540698 0.04383721 0.         0.06686047 0.04325581 0.10465116
 0.         0.07848837 0.09883721 0.03122093 0.04453488 0.08197674
 0.0197093  0.0622093  0.         0.02406977 0.00854651 0.1
 0.03209302 0.01343023 0.0397093  0.09593023 0.04976744 0.03168605
 0.         0.05511628 0.09593023 0.         0.11104651 0.
 0.         0.         0.14244186 0.08197674 0.         0.
 0.         0.12674419 0.         0.08837209 0.         0.
 0.01912791 0.12906977 0.16802326 0.06104651 0.06395349 0.03906977
 0.00497093 0.         0.16686047 0.09244186 0.02616279 0.29011628
 0.00315698 0.0580814  0.00715116 0.06918605 0.01866279 0.13081395
 0.08081395 0.09127907 0.02104651 0.08837209 0.07093023 0.
 0.03290698 0.20755814 0.13372093 0.         0.12151163 0.02046512
 0.         0.         0.02901163 0.04802326 0.09825581 0.06569767
 0.         0.0394186  0.02116279 0.08488372 0.09244186 0.06686047
 0.08837209 0.03540698 0.10697674 0.         0.04215116 0.
 0.         0.15872093 0.01872093 0.06395349 0.03633721 0.
 0.05156977 0.04139535 0.08430233 0.         0.         0.
 0.         0.1122093  0.08081395 0.11162791 0.         0.02616279
 0.04418605 0.13313953 0.09244186 0.         0.05726744 0.17267442
 0.         0.10755814 0.0075     0.         0.         0.035
 0.14360465 0.         0.04918605 0.04494186 0.04575581 0.14244186
 0.         0.12616279 0.04465116 0.         0.05093023 0.
 0.10697674 0.08895349 0.         0.04372093 0.08837209 0.07093023
 0.11453488 0.09767442 0.         0.03581395 0.         0.11627907
 0.         0.         0.05331395 0.10406977 0.         0.15232558
 0.01872093 0.         0.04313953 0.         0.09825581 0.
 0.         0.        ]
pyseer
y_true:  [1. 0. 1. 1. 0. 0. 0. 1. 0. 1. 0. 0. 0. 0. 0. 0. 0. 0. 0. 0. 0. 0. 0. 0.
 0. 0. 0. 0. 0. 0. 0. 0. 0. 0. 0. 0. 0. 0. 0. 0. 0. 0. 0. 0. 0. 0. 0. 0.
 0. 0. 0. 0. 0. 0. 0. 0. 0. 0. 0. 0. 0. 0. 0. 0. 0. 0. 0. 0. 0. 0. 0. 0.
 0. 0. 0. 0. 0. 0. 0. 0. 0. 0. 0. 0. 0. 0. 0. 0. 0. 0. 0. 0. 0. 0. 0. 0.
 0. 0. 0. 0. 0. 0. 0. 0. 0. 0. 0. 0. 0. 0. 0. 0. 0. 0. 0. 0. 0. 0. 0. 0.
 0. 0. 0. 0. 0. 0. 0. 0. 0. 0. 0. 0. 0. 0. 0. 0. 0. 0. 0. 0. 0. 0. 0. 0.
 0. 0. 0. 0. 0. 0. 0. 0. 0. 0. 0. 0. 0. 0. 0. 0. 0. 0. 0. 0. 0. 0. 0. 0.
 0. 0. 0. 0. 0. 0. 0. 0. 0. 0. 0. 0. 0. 0. 0. 0. 0. 0. 0. 0. 0. 0. 0. 0.
 0. 0. 0. 0. 0. 0. 0. 0.]
y_pred:  [1. 1. 1. 1. 1. 1. 1. 1. 1. 1. 0. 0. 0. 1. 0. 0. 0. 0. 0. 1. 1. 0. 0. 1.
 0. 1. 0. 0. 0. 1. 0. 1. 0. 1. 0. 0. 0. 0. 0. 1. 1. 0. 0. 0. 0. 0. 0. 1.
 0. 1. 1. 0. 0. 1. 0. 0. 0. 0. 0. 1. 0. 0. 0. 1. 0. 0. 0. 0. 1. 0. 1. 0.
 0. 0. 1. 1. 0. 0. 0. 1. 0. 1. 0. 0. 0. 1. 1. 0. 0. 0. 0. 0. 1. 1. 0. 1.
 0. 0. 0. 0. 0. 1. 1. 1. 0. 1. 1. 0. 0. 1. 1. 0. 1. 0. 0. 0. 0. 0. 1. 0.
 0. 0. 0. 1. 1. 0. 1. 0. 1. 0. 0. 0. 0. 1. 0. 0. 0. 0. 0. 0. 1. 0. 0. 0.
 0. 1. 1. 1. 0. 0. 0. 1. 1. 0. 0. 1. 0. 1. 0. 0. 0. 0. 1. 0. 0. 0. 0. 1.
 0. 1. 0. 0. 0. 0. 1. 1. 0. 0. 1. 1. 1. 1. 0. 0. 0. 1. 0. 0. 0. 1. 0. 1.
 0. 0. 0. 0. 1. 0. 0. 0.]
Time taken: 21.350721836090088 seconds
Running combination 37 of 50
Fitting RandomForest...
Fitting Adaboost...
Fitting AdaBoost_2...
Fitting et...
Fitting gbc...
Fitting gbc_2...
Fitting gbc_3...
Fitting dt...
Fitting lr...
Fitting Lasso_1...
Fitting Lasso_2...
Fitting Lasso_3...
Fitting Lasso_4...
Fitting elasticnet...
VCF file created successfully.
pyseer stderr:  Read 1000 phenotypes
Detected continuous phenotype
Reading all variants

0variants [00:00, ?variants/s]
54variants [00:00, 530.27variants/s]
108variants [00:00, 470.53variants/s]
163variants [00:00, 503.37variants/s]
198variants [00:00, 507.66variants/s]
Applying correlation filtering

  0%|          | 0/198 [00:00<?, ?variants/s]
100%|██████████| 198/198 [00:00<00:00, 2712.56variants/s]
Fitting elastic net to top 148 variants
Best penalty (lambda) from cross-validation: 1.74E+01
Best R^2 from cross-validation: 0.494
Finding and printing selected variants
198 loaded variants
50 pre-filtered variants
148 tested variants
140 printed variants

True importance standardized:  [0.71211489 0.98162116 0.67949167 1.         0.63977697 0.54306259
 0.91412791 0.26345304 0.19137853 0.36438364 0.         0.
 0.         0.         0.         0.         0.         0.
 0.         0.         0.         0.         0.         0.
 0.         0.         0.         0.         0.         0.
 0.         0.         0.         0.         0.         0.
 0.         0.         0.         0.         0.         0.
 0.         0.         0.         0.         0.         0.
 0.         0.         0.         0.         0.         0.
 0.         0.         0.         0.         0.         0.
 0.         0.         0.         0.         0.         0.
 0.         0.         0.         0.         0.         0.
 0.         0.         0.         0.         0.         0.
 0.         0.         0.         0.         0.         0.
 0.         0.         0.         0.         0.         0.
 0.         0.         0.         0.         0.         0.
 0.         0.         0.         0.         0.         0.
 0.         0.         0.         0.         0.         0.
 0.         0.         0.         0.         0.         0.
 0.         0.         0.         0.         0.         0.
 0.         0.         0.         0.         0.         0.
 0.         0.         0.         0.         0.         0.
 0.         0.         0.         0.         0.         0.
 0.         0.         0.         0.         0.         0.
 0.         0.         0.         0.         0.         0.
 0.         0.         0.         0.         0.         0.
 0.         0.         0.         0.         0.         0.
 0.         0.         0.         0.         0.         0.
 0.         0.         0.         0.         0.         0.
 0.         0.         0.         0.         0.         0.
 0.         0.         0.         0.         0.         0.
 0.         0.         0.         0.         0.         0.
 0.         0.         0.         0.         0.         0.
 0.         0.        ]
Normalized importance:  [0.28233147 0.6516255  0.35502152 1.         0.48821539 0.34159561
 0.93135591 0.29947821 0.         0.0553336  0.         0.
 0.         0.         0.         0.         0.         0.
 0.         0.         0.         0.         0.         0.
 0.         0.         0.         0.         0.         0.
 0.         0.         0.         0.         0.         0.
 0.         0.         0.         0.         0.         0.
 0.         0.         0.         0.         0.         0.
 0.         0.         0.         0.         0.         0.
 0.         0.         0.         0.         0.01654196 0.
 0.         0.         0.         0.         0.         0.
 0.         0.         0.         0.         0.         0.
 0.         0.         0.         0.         0.         0.
 0.         0.         0.         0.         0.         0.
 0.         0.         0.         0.         0.         0.
 0.         0.         0.         0.         0.         0.
 0.         0.         0.         0.         0.         0.
 0.         0.         0.         0.         0.         0.
 0.         0.         0.0080953  0.         0.         0.
 0.         0.         0.         0.         0.         0.
 0.         0.         0.         0.         0.         0.
 0.         0.         0.         0.         0.         0.
 0.         0.         0.         0.         0.         0.
 0.         0.         0.         0.         0.         0.
 0.         0.         0.         0.         0.         0.
 0.         0.         0.         0.         0.         0.
 0.         0.         0.         0.         0.         0.
 0.         0.         0.         0.         0.         0.
 0.         0.         0.         0.         0.         0.
 0.         0.         0.         0.         0.         0.
 0.         0.         0.         0.         0.         0.
 0.         0.         0.04515515 0.         0.         0.
 0.         0.         0.         0.         0.         0.
 0.         0.        ]
deepbreaks
y_true:  [1. 1. 1. 1. 0. 0. 1. 0. 0. 0. 0. 0. 0. 0. 0. 0. 0. 0. 0. 0. 0. 0. 0. 0.
 0. 0. 0. 0. 0. 0. 0. 0. 0. 0. 0. 0. 0. 0. 0. 0. 0. 0. 0. 0. 0. 0. 0. 0.
 0. 0. 0. 0. 0. 0. 0. 0. 0. 0. 0. 0. 0. 0. 0. 0. 0. 0. 0. 0. 0. 0. 0. 0.
 0. 0. 0. 0. 0. 0. 0. 0. 0. 0. 0. 0. 0. 0. 0. 0. 0. 0. 0. 0. 0. 0. 0. 0.
 0. 0. 0. 0. 0. 0. 0. 0. 0. 0. 0. 0. 0. 0. 0. 0. 0. 0. 0. 0. 0. 0. 0. 0.
 0. 0. 0. 0. 0. 0. 0. 0. 0. 0. 0. 0. 0. 0. 0. 0. 0. 0. 0. 0. 0. 0. 0. 0.
 0. 0. 0. 0. 0. 0. 0. 0. 0. 0. 0. 0. 0. 0. 0. 0. 0. 0. 0. 0. 0. 0. 0. 0.
 0. 0. 0. 0. 0. 0. 0. 0. 0. 0. 0. 0. 0. 0. 0. 0. 0. 0. 0. 0. 0. 0. 0. 0.
 0. 0. 0. 0. 0. 0. 0. 0.]
y_pred:  [0. 1. 1. 1. 1. 1. 1. 0. 0. 0. 0. 0. 0. 0. 0. 0. 0. 0. 0. 0. 0. 0. 0. 0.
 0. 0. 0. 0. 0. 0. 0. 0. 0. 0. 0. 0. 0. 0. 0. 0. 0. 0. 0. 0. 0. 0. 0. 0.
 0. 0. 0. 0. 0. 0. 0. 0. 0. 0. 0. 0. 0. 0. 0. 0. 0. 0. 0. 0. 0. 0. 0. 0.
 0. 0. 0. 0. 0. 0. 0. 0. 0. 0. 0. 0. 0. 0. 0. 0. 0. 0. 0. 0. 0. 0. 0. 0.
 0. 0. 0. 0. 0. 0. 0. 0. 0. 0. 0. 0. 0. 0. 0. 0. 0. 0. 0. 0. 0. 0. 0. 0.
 0. 0. 0. 0. 0. 0. 0. 0. 0. 0. 0. 0. 0. 0. 0. 0. 0. 0. 0. 0. 0. 0. 0. 0.
 0. 0. 0. 0. 0. 0. 0. 0. 0. 0. 0. 0. 0. 0. 0. 0. 0. 0. 0. 0. 0. 0. 0. 0.
 0. 0. 0. 0. 0. 0. 0. 0. 0. 0. 0. 0. 0. 0. 0. 0. 0. 0. 0. 0. 0. 0. 0. 0.
 0. 0. 0. 0. 0. 0. 0. 0.]
Normalized importance:  [5.04347826e-01 8.00000000e-01 6.55072464e-01 1.00000000e+00
 6.52173913e-01 5.68115942e-01 9.73913043e-01 4.23188406e-01
 1.84927536e-01 3.36231884e-01 4.17391304e-02 0.00000000e+00
 5.44927536e-02 0.00000000e+00 0.00000000e+00 7.91304348e-02
 7.62318841e-02 7.18840580e-02 1.26376812e-02 1.61449275e-01
 5.82608696e-02 0.00000000e+00 0.00000000e+00 7.68115942e-03
 5.36231884e-02 0.00000000e+00 8.34782609e-02 1.49565217e-01
 5.36231884e-02 7.71014493e-03 7.47826087e-02 0.00000000e+00
 7.30434783e-02 5.79710145e-02 0.00000000e+00 4.86956522e-02
 6.46376812e-02 2.14492754e-02 2.58840580e-02 1.46376812e-01
 1.18260870e-01 0.00000000e+00 0.00000000e+00 0.00000000e+00
 8.55072464e-02 0.00000000e+00 4.00000000e-02 4.02898551e-02
 7.24637681e-02 1.11594203e-01 7.91304348e-02 8.98550725e-03
 4.66666667e-02 7.33333333e-02 0.00000000e+00 2.66376812e-02
 1.53913043e-01 0.00000000e+00 1.41159420e-01 5.21739130e-02
 1.65217391e-01 0.00000000e+00 0.00000000e+00 5.56521739e-02
 6.60869565e-02 1.06376812e-01 8.14492754e-03 1.18260870e-01
 1.53913043e-02 9.42028986e-02 0.00000000e+00 0.00000000e+00
 1.73623188e-02 1.24637681e-01 3.15942029e-03 7.53623188e-03
 1.73043478e-02 0.00000000e+00 5.71014493e-02 6.34782609e-02
 1.09565217e-01 1.10144928e-01 1.17391304e-03 5.68115942e-02
 5.04347826e-02 1.35942029e-01 0.00000000e+00 0.00000000e+00
 5.53623188e-02 1.08985507e-02 1.00869565e-01 5.01449275e-02
 0.00000000e+00 1.86376812e-02 0.00000000e+00 8.00000000e-02
 0.00000000e+00 0.00000000e+00 1.03188406e-01 4.89855072e-02
 0.00000000e+00 7.21739130e-02 0.00000000e+00 0.00000000e+00
 1.52753623e-01 6.31884058e-02 1.23478261e-01 0.00000000e+00
 1.12173913e-01 0.00000000e+00 1.75942029e-01 5.65217391e-02
 0.00000000e+00 1.91014493e-02 1.95652174e-02 5.85507246e-02
 8.08695652e-02 8.00000000e-02 6.66666667e-02 0.00000000e+00
 0.00000000e+00 7.42028986e-02 0.00000000e+00 6.37681159e-02
 3.30434783e-02 6.89855072e-02 0.00000000e+00 6.08695652e-04
 6.02898551e-02 0.00000000e+00 6.34782609e-02 2.89275362e-02
 3.07246377e-02 9.76811594e-02 6.37681159e-02 1.17101449e-01
 0.00000000e+00 0.00000000e+00 1.34202899e-01 3.10144928e-02
 6.43478261e-02 1.13623188e-02 0.00000000e+00 8.14492754e-02
 9.73913043e-02 3.79710145e-02 0.00000000e+00 4.20289855e-02
 0.00000000e+00 1.17391304e-01 0.00000000e+00 0.00000000e+00
 0.00000000e+00 4.34782609e-02 4.89855072e-02 1.17391304e-01
 8.26086957e-02 1.57971014e-01 0.00000000e+00 0.00000000e+00
 2.88985507e-03 1.40579710e-01 0.00000000e+00 4.40579710e-03
 1.11884058e-02 1.01739130e-01 0.00000000e+00 9.50724638e-02
 0.00000000e+00 1.90434783e-01 5.15942029e-02 1.14202899e-02
 5.62318841e-02 0.00000000e+00 0.00000000e+00 9.56521739e-02
 9.15942029e-03 1.83188406e-02 0.00000000e+00 1.11014493e-01
 5.07246377e-02 8.95652174e-02 0.00000000e+00 5.71014493e-02
 6.49275362e-02 0.00000000e+00 0.00000000e+00 7.59420290e-02
 2.24057971e-01 0.00000000e+00 0.00000000e+00 0.00000000e+00
 9.85507246e-02 2.18260870e-01 6.49275362e-02 8.69565217e-02
 6.92753623e-02 1.15072464e-01 0.00000000e+00 0.00000000e+00]
pyseer
y_true:  [1. 1. 1. 1. 0. 0. 1. 0. 0. 0. 0. 0. 0. 0. 0. 0. 0. 0. 0. 0. 0. 0. 0. 0.
 0. 0. 0. 0. 0. 0. 0. 0. 0. 0. 0. 0. 0. 0. 0. 0. 0. 0. 0. 0. 0. 0. 0. 0.
 0. 0. 0. 0. 0. 0. 0. 0. 0. 0. 0. 0. 0. 0. 0. 0. 0. 0. 0. 0. 0. 0. 0. 0.
 0. 0. 0. 0. 0. 0. 0. 0. 0. 0. 0. 0. 0. 0. 0. 0. 0. 0. 0. 0. 0. 0. 0. 0.
 0. 0. 0. 0. 0. 0. 0. 0. 0. 0. 0. 0. 0. 0. 0. 0. 0. 0. 0. 0. 0. 0. 0. 0.
 0. 0. 0. 0. 0. 0. 0. 0. 0. 0. 0. 0. 0. 0. 0. 0. 0. 0. 0. 0. 0. 0. 0. 0.
 0. 0. 0. 0. 0. 0. 0. 0. 0. 0. 0. 0. 0. 0. 0. 0. 0. 0. 0. 0. 0. 0. 0. 0.
 0. 0. 0. 0. 0. 0. 0. 0. 0. 0. 0. 0. 0. 0. 0. 0. 0. 0. 0. 0. 0. 0. 0. 0.
 0. 0. 0. 0. 0. 0. 0. 0.]
y_pred:  [1. 1. 1. 1. 1. 1. 1. 1. 1. 1. 0. 0. 0. 0. 0. 1. 1. 1. 0. 1. 0. 0. 0. 0.
 0. 0. 1. 1. 0. 0. 1. 0. 1. 0. 0. 0. 0. 0. 0. 1. 1. 0. 0. 0. 1. 0. 0. 0.
 1. 1. 1. 0. 0. 1. 0. 0. 1. 0. 1. 0. 1. 0. 0. 0. 0. 1. 0. 1. 0. 1. 0. 0.
 0. 1. 0. 0. 0. 0. 0. 0. 1. 1. 0. 0. 0. 1. 0. 0. 0. 0. 1. 0. 0. 0. 0. 1.
 0. 0. 1. 0. 0. 1. 0. 0. 1. 0. 1. 0. 1. 0. 1. 0. 0. 0. 0. 0. 1. 1. 0. 0.
 0. 1. 0. 0. 0. 1. 0. 0. 0. 0. 0. 0. 0. 1. 0. 1. 0. 0. 1. 0. 0. 0. 0. 1.
 1. 0. 0. 0. 0. 1. 0. 0. 0. 0. 0. 1. 1. 1. 0. 0. 0. 1. 0. 0. 0. 1. 0. 1.
 0. 1. 0. 0. 0. 0. 0. 1. 0. 0. 0. 1. 0. 1. 0. 0. 0. 0. 0. 1. 1. 0. 0. 0.
 1. 1. 0. 1. 1. 1. 0. 0.]
Time taken: 21.59484601020813 seconds
Running combination 38 of 50
Fitting RandomForest...
Fitting Adaboost...
Fitting AdaBoost_2...
Fitting et...
Fitting gbc...
Fitting gbc_2...
Fitting gbc_3...
Fitting dt...
Fitting lr...
Fitting Lasso_1...
Fitting Lasso_2...
Fitting Lasso_3...
Fitting Lasso_4...
Fitting elasticnet...
VCF file created successfully.
pyseer stderr:  Read 1000 phenotypes
Detected continuous phenotype
Reading all variants

0variants [00:00, ?variants/s]
54variants [00:00, 535.85variants/s]
108variants [00:00, 473.26variants/s]
164variants [00:00, 507.05variants/s]
198variants [00:00, 511.51variants/s]
Applying correlation filtering

  0%|          | 0/198 [00:00<?, ?variants/s]
100%|██████████| 198/198 [00:00<00:00, 2714.69variants/s]
Fitting elastic net to top 148 variants
Best penalty (lambda) from cross-validation: 1.98E+01
Best R^2 from cross-validation: 0.470
Finding and printing selected variants
198 loaded variants
50 pre-filtered variants
148 tested variants
145 printed variants

True importance standardized:  [0.38686027 1.         0.65178575 0.95356101 0.54259177 0.82179326
 0.5459821  0.71376309 0.27100895 0.51674914 0.         0.
 0.         0.         0.         0.         0.         0.
 0.         0.         0.         0.         0.         0.
 0.         0.         0.         0.         0.         0.
 0.         0.         0.         0.         0.         0.
 0.         0.         0.         0.         0.         0.
 0.         0.         0.         0.         0.         0.
 0.         0.         0.         0.         0.         0.
 0.         0.         0.         0.         0.         0.
 0.         0.         0.         0.         0.         0.
 0.         0.         0.         0.         0.         0.
 0.         0.         0.         0.         0.         0.
 0.         0.         0.         0.         0.         0.
 0.         0.         0.         0.         0.         0.
 0.         0.         0.         0.         0.         0.
 0.         0.         0.         0.         0.         0.
 0.         0.         0.         0.         0.         0.
 0.         0.         0.         0.         0.         0.
 0.         0.         0.         0.         0.         0.
 0.         0.         0.         0.         0.         0.
 0.         0.         0.         0.         0.         0.
 0.         0.         0.         0.         0.         0.
 0.         0.         0.         0.         0.         0.
 0.         0.         0.         0.         0.         0.
 0.         0.         0.         0.         0.         0.
 0.         0.         0.         0.         0.         0.
 0.         0.         0.         0.         0.         0.
 0.         0.         0.         0.         0.         0.
 0.         0.         0.         0.         0.         0.
 0.         0.         0.         0.         0.         0.
 0.         0.         0.         0.         0.         0.
 0.         0.         0.         0.         0.         0.
 0.         0.        ]
Normalized importance:  [0.80131863 0.90572108 0.6394175  0.91280971 1.         0.89339884
 0.88286778 0.9794964  0.73699335 0.86625773 0.         0.
 0.         0.         0.         0.         0.         0.
 0.         0.         0.         0.         0.         0.
 0.         0.         0.         0.         0.         0.
 0.         0.         0.         0.         0.         0.
 0.         0.         0.         0.         0.         0.
 0.         0.         0.         0.         0.         0.
 0.         0.         0.         0.         0.         0.
 0.         0.         0.         0.         0.         0.
 0.         0.         0.         0.         0.         0.
 0.         0.         0.         0.         0.         0.
 0.         0.         0.         0.         0.         0.
 0.         0.         0.         0.         0.         0.
 0.         0.         0.         0.         0.         0.
 0.         0.         0.         0.         0.         0.
 0.         0.         0.         0.         0.         0.
 0.         0.         0.         0.         0.         0.
 0.         0.         0.         0.         0.         0.
 0.         0.         0.         0.         0.         0.
 0.         0.         0.         0.         0.         0.
 0.         0.         0.         0.         0.         0.
 0.         0.         0.         0.         0.         0.
 0.         0.         0.         0.         0.         0.
 0.         0.         0.         0.         0.         0.
 0.         0.         0.         0.         0.         0.
 0.         0.         0.         0.         0.         0.
 0.         0.         0.         0.         0.         0.
 0.         0.         0.         0.         0.29182839 0.
 0.         0.         0.         0.         0.         0.
 0.         0.         0.         0.         0.         0.
 0.         0.         0.         0.         0.         0.
 0.         0.         0.         0.         0.         0.
 0.         0.        ]
deepbreaks
y_true:  [0. 1. 1. 1. 0. 1. 0. 1. 0. 0. 0. 0. 0. 0. 0. 0. 0. 0. 0. 0. 0. 0. 0. 0.
 0. 0. 0. 0. 0. 0. 0. 0. 0. 0. 0. 0. 0. 0. 0. 0. 0. 0. 0. 0. 0. 0. 0. 0.
 0. 0. 0. 0. 0. 0. 0. 0. 0. 0. 0. 0. 0. 0. 0. 0. 0. 0. 0. 0. 0. 0. 0. 0.
 0. 0. 0. 0. 0. 0. 0. 0. 0. 0. 0. 0. 0. 0. 0. 0. 0. 0. 0. 0. 0. 0. 0. 0.
 0. 0. 0. 0. 0. 0. 0. 0. 0. 0. 0. 0. 0. 0. 0. 0. 0. 0. 0. 0. 0. 0. 0. 0.
 0. 0. 0. 0. 0. 0. 0. 0. 0. 0. 0. 0. 0. 0. 0. 0. 0. 0. 0. 0. 0. 0. 0. 0.
 0. 0. 0. 0. 0. 0. 0. 0. 0. 0. 0. 0. 0. 0. 0. 0. 0. 0. 0. 0. 0. 0. 0. 0.
 0. 0. 0. 0. 0. 0. 0. 0. 0. 0. 0. 0. 0. 0. 0. 0. 0. 0. 0. 0. 0. 0. 0. 0.
 0. 0. 0. 0. 0. 0. 0. 0.]
y_pred:  [0. 1. 0. 1. 1. 1. 1. 1. 0. 0. 0. 0. 0. 0. 0. 0. 0. 0. 0. 0. 0. 0. 0. 0.
 0. 0. 0. 0. 0. 0. 0. 0. 0. 0. 0. 0. 0. 0. 0. 0. 0. 0. 0. 0. 0. 0. 0. 0.
 0. 0. 0. 0. 0. 0. 0. 0. 0. 0. 0. 0. 0. 0. 0. 0. 0. 0. 0. 0. 0. 0. 0. 0.
 0. 0. 0. 0. 0. 0. 0. 0. 0. 0. 0. 0. 0. 0. 0. 0. 0. 0. 0. 0. 0. 0. 0. 0.
 0. 0. 0. 0. 0. 0. 0. 0. 0. 0. 0. 0. 0. 0. 0. 0. 0. 0. 0. 0. 0. 0. 0. 0.
 0. 0. 0. 0. 0. 0. 0. 0. 0. 0. 0. 0. 0. 0. 0. 0. 0. 0. 0. 0. 0. 0. 0. 0.
 0. 0. 0. 0. 0. 0. 0. 0. 0. 0. 0. 0. 0. 0. 0. 0. 0. 0. 0. 0. 0. 0. 0. 0.
 0. 0. 0. 0. 0. 0. 0. 0. 0. 0. 0. 0. 0. 0. 0. 0. 0. 0. 0. 0. 0. 0. 0. 0.
 0. 0. 0. 0. 0. 0. 0. 0.]
Normalized importance:  [4.34903047e-01 9.50138504e-01 6.53739612e-01 1.00000000e+00
 6.86980609e-01 7.95013850e-01 5.67867036e-01 7.36842105e-01
 3.68421053e-01 5.45706371e-01 0.00000000e+00 4.73684211e-02
 1.13850416e-02 2.29916898e-01 9.52908587e-02 8.19944598e-02
 7.97783934e-02 1.70637119e-02 0.00000000e+00 1.32686981e-01
 0.00000000e+00 6.73130194e-02 2.28254848e-02 6.50969529e-02
 5.59556787e-02 7.11911357e-02 1.22991690e-02 0.00000000e+00
 1.31855956e-01 0.00000000e+00 8.28254848e-02 1.03878116e-01
 0.00000000e+00 4.93074792e-02 1.44598338e-01 0.00000000e+00
 9.83379501e-02 1.28531856e-01 0.00000000e+00 1.35457064e-01
 1.08587258e-01 1.79501385e-02 1.75069252e-02 0.00000000e+00
 1.53739612e-01 2.72299169e-02 1.45429363e-01 1.29085873e-01
 2.67867036e-02 2.12188366e-02 0.00000000e+00 1.68975069e-01
 3.71191136e-02 0.00000000e+00 0.00000000e+00 5.62326870e-02
 1.71745152e-02 3.79501385e-02 9.88919668e-02 0.00000000e+00
 1.33240997e-01 4.43213296e-02 5.65096953e-02 0.00000000e+00
 5.90027701e-02 2.34903047e-02 1.62880886e-01 2.61495845e-02
 2.85318560e-02 9.11357341e-02 1.35457064e-01 1.78116343e-02
 1.66204986e-01 6.03878116e-02 1.85595568e-02 1.71468144e-01
 0.00000000e+00 1.13850416e-03 1.31301939e-01 0.00000000e+00
 8.91966759e-02 1.11911357e-02 2.82548476e-02 1.46260388e-01
 5.45706371e-02 6.28808864e-02 1.89196676e-02 0.00000000e+00
 7.78393352e-02 0.00000000e+00 0.00000000e+00 3.46260388e-02
 1.15235457e-01 9.30747922e-02 6.03878116e-04 8.28254848e-02
 9.30747922e-02 9.83379501e-02 0.00000000e+00 1.12742382e-01
 1.75069252e-01 5.67867036e-03 5.92797784e-03 7.50692521e-02
 1.05263158e-01 6.78670360e-02 1.39612188e-01 1.19667590e-01
 1.05817175e-01 0.00000000e+00 1.50692521e-01 0.00000000e+00
 0.00000000e+00 0.00000000e+00 1.29085873e-01 1.12742382e-01
 0.00000000e+00 1.60941828e-02 9.77839335e-02 2.63711911e-02
 0.00000000e+00 8.25484765e-02 0.00000000e+00 8.89196676e-03
 0.00000000e+00 0.00000000e+00 1.00000000e-01 0.00000000e+00
 6.73130194e-02 0.00000000e+00 0.00000000e+00 0.00000000e+00
 6.01108033e-02 5.09695291e-02 3.32409972e-02 1.53185596e-02
 4.45983380e-02 1.20221607e-01 0.00000000e+00 1.61218837e-01
 0.00000000e+00 2.96398892e-02 7.83933518e-02 0.00000000e+00
 1.47091413e-01 1.63434903e-01 0.00000000e+00 2.65650970e-02
 2.27977839e-01 4.09972299e-02 3.13019391e-02 1.29085873e-01
 0.00000000e+00 9.69529086e-02 0.00000000e+00 0.00000000e+00
 0.00000000e+00 0.00000000e+00 1.34072022e-01 0.00000000e+00
 0.00000000e+00 8.22714681e-02 1.82271468e-01 0.00000000e+00
 8.08864266e-02 1.77285319e-02 6.06648199e-02 1.67313019e-02
 5.18005540e-03 0.00000000e+00 0.00000000e+00 5.42936288e-02
 2.75900277e-01 0.00000000e+00 0.00000000e+00 7.17451524e-02
 7.14681440e-02 2.48476454e-02 1.37396122e-01 4.01662050e-02
 6.06648199e-02 8.17174515e-02 0.00000000e+00 6.86980609e-02
 1.07756233e-01 7.14681440e-02 1.56786704e-01 0.00000000e+00
 4.40443213e-02 1.30747922e-01 6.42659280e-02 0.00000000e+00
 5.29085873e-02 6.53739612e-02 1.52077562e-01 1.63434903e-01
 1.01939058e-01 0.00000000e+00 0.00000000e+00 0.00000000e+00]
pyseer
y_true:  [0. 1. 1. 1. 0. 1. 0. 1. 0. 0. 0. 0. 0. 0. 0. 0. 0. 0. 0. 0. 0. 0. 0. 0.
 0. 0. 0. 0. 0. 0. 0. 0. 0. 0. 0. 0. 0. 0. 0. 0. 0. 0. 0. 0. 0. 0. 0. 0.
 0. 0. 0. 0. 0. 0. 0. 0. 0. 0. 0. 0. 0. 0. 0. 0. 0. 0. 0. 0. 0. 0. 0. 0.
 0. 0. 0. 0. 0. 0. 0. 0. 0. 0. 0. 0. 0. 0. 0. 0. 0. 0. 0. 0. 0. 0. 0. 0.
 0. 0. 0. 0. 0. 0. 0. 0. 0. 0. 0. 0. 0. 0. 0. 0. 0. 0. 0. 0. 0. 0. 0. 0.
 0. 0. 0. 0. 0. 0. 0. 0. 0. 0. 0. 0. 0. 0. 0. 0. 0. 0. 0. 0. 0. 0. 0. 0.
 0. 0. 0. 0. 0. 0. 0. 0. 0. 0. 0. 0. 0. 0. 0. 0. 0. 0. 0. 0. 0. 0. 0. 0.
 0. 0. 0. 0. 0. 0. 0. 0. 0. 0. 0. 0. 0. 0. 0. 0. 0. 0. 0. 0. 0. 0. 0. 0.
 0. 0. 0. 0. 0. 0. 0. 0.]
y_pred:  [1. 1. 1. 1. 1. 1. 1. 1. 1. 1. 0. 0. 0. 1. 1. 1. 0. 0. 0. 1. 0. 0. 0. 0.
 0. 0. 0. 0. 1. 0. 1. 1. 0. 0. 1. 0. 1. 1. 0. 1. 1. 0. 0. 0. 1. 0. 1. 1.
 0. 0. 0. 1. 0. 0. 0. 0. 0. 0. 1. 0. 1. 0. 0. 0. 0. 0. 1. 0. 0. 1. 1. 0.
 1. 0. 0. 1. 0. 0. 1. 0. 1. 0. 0. 1. 0. 0. 0. 0. 0. 0. 0. 0. 1. 1. 0. 1.
 1. 1. 0. 1. 1. 0. 0. 0. 1. 0. 1. 1. 1. 0. 1. 0. 0. 0. 1. 1. 0. 0. 1. 0.
 0. 1. 0. 0. 0. 0. 1. 0. 0. 0. 0. 0. 0. 0. 0. 0. 0. 1. 0. 1. 0. 0. 0. 0.
 1. 1. 0. 0. 1. 0. 0. 1. 0. 1. 0. 0. 0. 0. 1. 0. 0. 1. 1. 0. 1. 0. 0. 0.
 0. 0. 0. 0. 1. 0. 0. 0. 0. 0. 1. 0. 0. 1. 0. 0. 1. 0. 1. 0. 0. 1. 0. 0.
 0. 0. 1. 1. 1. 0. 0. 0.]
Time taken: 21.345802068710327 seconds
Running combination 39 of 50
Fitting RandomForest...
Fitting Adaboost...
Fitting AdaBoost_2...
Fitting et...
Fitting gbc...
Fitting gbc_2...
Fitting gbc_3...
Fitting dt...
Fitting lr...
Fitting Lasso_1...
Fitting Lasso_2...
Fitting Lasso_3...
Fitting Lasso_4...
Fitting elasticnet...
VCF file created successfully.
pyseer stderr:  Read 1000 phenotypes
Detected continuous phenotype
Reading all variants

0variants [00:00, ?variants/s]
53variants [00:00, 526.91variants/s]
106variants [00:00, 470.41variants/s]
162variants [00:00, 505.78variants/s]
198variants [00:00, 510.31variants/s]
Applying correlation filtering

  0%|          | 0/198 [00:00<?, ?variants/s]
100%|██████████| 198/198 [00:00<00:00, 2715.29variants/s]
Fitting elastic net to top 148 variants
Best penalty (lambda) from cross-validation: 2.36E+01
Best R^2 from cross-validation: 0.475
Finding and printing selected variants
198 loaded variants
50 pre-filtered variants
148 tested variants
141 printed variants

True importance standardized:  [1.         0.25587238 0.7535726  0.69475518 0.73810175 0.71121884
 0.81360739 0.99496649 0.31320737 0.42438929 0.         0.
 0.         0.         0.         0.         0.         0.
 0.         0.         0.         0.         0.         0.
 0.         0.         0.         0.         0.         0.
 0.         0.         0.         0.         0.         0.
 0.         0.         0.         0.         0.         0.
 0.         0.         0.         0.         0.         0.
 0.         0.         0.         0.         0.         0.
 0.         0.         0.         0.         0.         0.
 0.         0.         0.         0.         0.         0.
 0.         0.         0.         0.         0.         0.
 0.         0.         0.         0.         0.         0.
 0.         0.         0.         0.         0.         0.
 0.         0.         0.         0.         0.         0.
 0.         0.         0.         0.         0.         0.
 0.         0.         0.         0.         0.         0.
 0.         0.         0.         0.         0.         0.
 0.         0.         0.         0.         0.         0.
 0.         0.         0.         0.         0.         0.
 0.         0.         0.         0.         0.         0.
 0.         0.         0.         0.         0.         0.
 0.         0.         0.         0.         0.         0.
 0.         0.         0.         0.         0.         0.
 0.         0.         0.         0.         0.         0.
 0.         0.         0.         0.         0.         0.
 0.         0.         0.         0.         0.         0.
 0.         0.         0.         0.         0.         0.
 0.         0.         0.         0.         0.         0.
 0.         0.         0.         0.         0.         0.
 0.         0.         0.         0.         0.         0.
 0.         0.         0.         0.         0.         0.
 0.         0.         0.         0.         0.         0.
 0.         0.        ]
Normalized importance:  [1.         0.05920854 0.34539681 0.47169332 0.67185245 0.25880905
 0.91028302 0.87312542 0.30010151 0.33849073 0.         0.
 0.         0.         0.         0.         0.         0.
 0.         0.         0.         0.         0.         0.
 0.         0.         0.         0.         0.         0.
 0.         0.         0.         0.         0.         0.
 0.         0.         0.         0.         0.         0.
 0.         0.         0.         0.         0.         0.
 0.         0.         0.         0.         0.         0.
 0.         0.         0.         0.         0.         0.
 0.         0.         0.         0.         0.         0.
 0.         0.         0.         0.         0.         0.
 0.         0.         0.         0.         0.         0.
 0.         0.         0.         0.         0.         0.
 0.         0.         0.         0.         0.         0.
 0.         0.         0.         0.         0.         0.
 0.         0.         0.         0.         0.         0.
 0.         0.         0.         0.         0.         0.
 0.         0.         0.         0.         0.         0.
 0.         0.         0.         0.         0.         0.
 0.         0.         0.         0.         0.         0.
 0.         0.         0.         0.         0.         0.
 0.         0.         0.         0.         0.         0.
 0.         0.         0.         0.         0.         0.
 0.         0.         0.         0.         0.         0.
 0.         0.         0.         0.         0.         0.
 0.         0.         0.         0.09521611 0.         0.
 0.         0.         0.         0.         0.         0.
 0.         0.         0.         0.         0.         0.
 0.         0.         0.         0.         0.         0.
 0.         0.         0.         0.         0.         0.
 0.         0.         0.         0.         0.         0.
 0.         0.         0.         0.         0.         0.
 0.         0.        ]
deepbreaks
y_true:  [1. 0. 1. 0. 1. 0. 1. 1. 0. 0. 0. 0. 0. 0. 0. 0. 0. 0. 0. 0. 0. 0. 0. 0.
 0. 0. 0. 0. 0. 0. 0. 0. 0. 0. 0. 0. 0. 0. 0. 0. 0. 0. 0. 0. 0. 0. 0. 0.
 0. 0. 0. 0. 0. 0. 0. 0. 0. 0. 0. 0. 0. 0. 0. 0. 0. 0. 0. 0. 0. 0. 0. 0.
 0. 0. 0. 0. 0. 0. 0. 0. 0. 0. 0. 0. 0. 0. 0. 0. 0. 0. 0. 0. 0. 0. 0. 0.
 0. 0. 0. 0. 0. 0. 0. 0. 0. 0. 0. 0. 0. 0. 0. 0. 0. 0. 0. 0. 0. 0. 0. 0.
 0. 0. 0. 0. 0. 0. 0. 0. 0. 0. 0. 0. 0. 0. 0. 0. 0. 0. 0. 0. 0. 0. 0. 0.
 0. 0. 0. 0. 0. 0. 0. 0. 0. 0. 0. 0. 0. 0. 0. 0. 0. 0. 0. 0. 0. 0. 0. 0.
 0. 0. 0. 0. 0. 0. 0. 0. 0. 0. 0. 0. 0. 0. 0. 0. 0. 0. 0. 0. 0. 0. 0. 0.
 0. 0. 0. 0. 0. 0. 0. 0.]
y_pred:  [1. 0. 1. 1. 1. 0. 1. 1. 0. 0. 0. 0. 0. 0. 0. 0. 0. 0. 0. 0. 0. 0. 0. 0.
 0. 0. 0. 0. 0. 0. 0. 0. 0. 0. 0. 0. 0. 0. 0. 0. 0. 0. 0. 0. 0. 0. 0. 0.
 0. 0. 0. 0. 0. 0. 0. 0. 0. 0. 0. 0. 0. 0. 0. 0. 0. 0. 0. 0. 0. 0. 0. 0.
 0. 0. 0. 0. 0. 0. 0. 0. 0. 0. 0. 0. 0. 0. 0. 0. 0. 0. 0. 0. 0. 0. 0. 0.
 0. 0. 0. 0. 0. 0. 0. 0. 0. 0. 0. 0. 0. 0. 0. 0. 0. 0. 0. 0. 0. 0. 0. 0.
 0. 0. 0. 0. 0. 0. 0. 0. 0. 0. 0. 0. 0. 0. 0. 0. 0. 0. 0. 0. 0. 0. 0. 0.
 0. 0. 0. 0. 0. 0. 0. 0. 0. 0. 0. 0. 0. 0. 0. 0. 0. 0. 0. 0. 0. 0. 0. 0.
 0. 0. 0. 0. 0. 0. 0. 0. 0. 0. 0. 0. 0. 0. 0. 0. 0. 0. 0. 0. 0. 0. 0. 0.
 0. 0. 0. 0. 0. 0. 0. 0.]
Normalized importance:  [1.00000000e+00 3.63636364e-01 6.91387560e-01 6.50717703e-01
 7.27272727e-01 6.36363636e-01 8.03827751e-01 9.42583732e-01
 5.28708134e-01 4.42583732e-01 1.20334928e-01 1.84688995e-01
 3.44497608e-02 1.35885167e-01 1.72488038e-01 0.00000000e+00
 2.23444976e-01 6.86602871e-02 3.32535885e-02 9.06698565e-02
 7.67942584e-02 1.17703349e-02 0.00000000e+00 2.89473684e-02
 1.71531100e-01 0.00000000e+00 8.82775120e-02 0.00000000e+00
 0.00000000e+00 0.00000000e+00 0.00000000e+00 0.00000000e+00
 1.13636364e-01 0.00000000e+00 3.85167464e-02 0.00000000e+00
 0.00000000e+00 1.21291866e-02 0.00000000e+00 0.00000000e+00
 0.00000000e+00 0.00000000e+00 6.48325359e-02 1.35645933e-01
 1.75119617e-02 1.01913876e-01 5.38277512e-02 1.23205742e-01
 0.00000000e+00 0.00000000e+00 0.00000000e+00 2.84688995e-02
 0.00000000e+00 3.30143541e-02 2.20574163e-02 3.44497608e-02
 0.00000000e+00 1.52631579e-02 0.00000000e+00 1.71531100e-02
 8.03827751e-02 0.00000000e+00 9.80861244e-02 1.29186603e-03
 0.00000000e+00 5.64593301e-02 1.31578947e-01 1.17703349e-01
 4.85645933e-02 0.00000000e+00 3.08612440e-02 0.00000000e+00
 1.36842105e-01 1.02153110e-01 8.80382775e-02 2.00239234e-02
 8.30143541e-03 1.10287081e-01 4.83253589e-02 1.44497608e-01
 0.00000000e+00 7.32057416e-02 0.00000000e+00 1.27511962e-01
 6.88995215e-02 1.77272727e-02 0.00000000e+00 9.30622010e-03
 0.00000000e+00 1.35645933e-01 0.00000000e+00 0.00000000e+00
 6.60287081e-02 1.27272727e-01 6.69856459e-02 0.00000000e+00
 1.89712919e-01 0.00000000e+00 6.45933014e-02 8.25358852e-02
 4.30622010e-02 0.00000000e+00 5.43062201e-02 1.56220096e-01
 0.00000000e+00 5.31100478e-02 6.93779904e-02 9.78468900e-02
 1.43779904e-01 2.99043062e-02 9.73684211e-02 5.50239234e-02
 0.00000000e+00 1.01196172e-01 3.63636364e-02 8.70813397e-02
 5.38277512e-02 4.01913876e-02 1.67942584e-01 8.92344498e-03
 8.56459330e-02 1.47129187e-02 6.33971292e-02 1.21291866e-01
 1.57655502e-01 6.79425837e-02 1.53588517e-01 1.59330144e-02
 0.00000000e+00 0.00000000e+00 0.00000000e+00 0.00000000e+00
 4.01913876e-02 0.00000000e+00 5.93301435e-02 0.00000000e+00
 5.86124402e-02 0.00000000e+00 1.29425837e-03 7.82296651e-02
 6.31578947e-02 1.55980861e-01 0.00000000e+00 8.51674641e-02
 0.00000000e+00 1.76076555e-01 9.90430622e-02 0.00000000e+00
 1.04545455e-01 0.00000000e+00 9.13875598e-02 1.12200957e-01
 5.86124402e-02 0.00000000e+00 1.44497608e-01 2.55980861e-03
 0.00000000e+00 6.79425837e-02 1.08612440e-01 2.27033493e-01
 4.59330144e-02 5.83732057e-02 0.00000000e+00 2.24401914e-02
 1.11722488e-01 5.50239234e-02 1.30382775e-01 0.00000000e+00
 1.18899522e-01 1.44258373e-01 0.00000000e+00 6.29186603e-02
 7.67942584e-03 3.34928230e-02 8.73205742e-02 7.99043062e-04
 1.39473684e-01 1.36363636e-01 0.00000000e+00 9.01913876e-03
 7.65550239e-02 5.57416268e-02 1.82057416e-01 0.00000000e+00
 3.27751196e-02 5.31100478e-02 5.33492823e-02 3.27751196e-02
 0.00000000e+00 0.00000000e+00 0.00000000e+00 7.00956938e-03
 1.39952153e-01 6.05263158e-02 1.68181818e-01 1.26794258e-01
 2.14832536e-02 1.60765550e-02 0.00000000e+00 0.00000000e+00]
pyseer
y_true:  [1. 0. 1. 0. 1. 0. 1. 1. 0. 0. 0. 0. 0. 0. 0. 0. 0. 0. 0. 0. 0. 0. 0. 0.
 0. 0. 0. 0. 0. 0. 0. 0. 0. 0. 0. 0. 0. 0. 0. 0. 0. 0. 0. 0. 0. 0. 0. 0.
 0. 0. 0. 0. 0. 0. 0. 0. 0. 0. 0. 0. 0. 0. 0. 0. 0. 0. 0. 0. 0. 0. 0. 0.
 0. 0. 0. 0. 0. 0. 0. 0. 0. 0. 0. 0. 0. 0. 0. 0. 0. 0. 0. 0. 0. 0. 0. 0.
 0. 0. 0. 0. 0. 0. 0. 0. 0. 0. 0. 0. 0. 0. 0. 0. 0. 0. 0. 0. 0. 0. 0. 0.
 0. 0. 0. 0. 0. 0. 0. 0. 0. 0. 0. 0. 0. 0. 0. 0. 0. 0. 0. 0. 0. 0. 0. 0.
 0. 0. 0. 0. 0. 0. 0. 0. 0. 0. 0. 0. 0. 0. 0. 0. 0. 0. 0. 0. 0. 0. 0. 0.
 0. 0. 0. 0. 0. 0. 0. 0. 0. 0. 0. 0. 0. 0. 0. 0. 0. 0. 0. 0. 0. 0. 0. 0.
 0. 0. 0. 0. 0. 0. 0. 0.]
y_pred:  [1. 1. 1. 1. 1. 1. 1. 1. 1. 1. 1. 1. 0. 1. 1. 0. 1. 0. 0. 1. 1. 0. 0. 0.
 1. 0. 1. 0. 0. 0. 0. 0. 1. 0. 0. 0. 0. 0. 0. 0. 0. 0. 0. 1. 0. 1. 0. 1.
 0. 0. 0. 0. 0. 0. 0. 0. 0. 0. 0. 0. 1. 0. 1. 0. 0. 0. 1. 1. 0. 0. 0. 0.
 1. 1. 1. 0. 0. 1. 0. 1. 0. 0. 0. 1. 0. 0. 0. 0. 0. 1. 0. 0. 0. 1. 0. 0.
 1. 0. 0. 1. 0. 0. 0. 1. 0. 0. 0. 1. 1. 0. 1. 0. 0. 1. 0. 1. 0. 0. 1. 0.
 1. 0. 0. 1. 1. 0. 1. 0. 0. 0. 0. 0. 0. 0. 0. 0. 0. 0. 0. 1. 0. 1. 0. 1.
 0. 1. 1. 0. 1. 0. 1. 1. 0. 0. 1. 0. 0. 0. 1. 1. 0. 0. 0. 0. 1. 0. 1. 0.
 1. 1. 0. 0. 0. 0. 1. 0. 1. 1. 0. 0. 1. 0. 1. 0. 0. 0. 0. 0. 0. 0. 0. 0.
 1. 0. 1. 1. 0. 0. 0. 0.]
Time taken: 21.444526195526123 seconds
Running combination 40 of 50
Fitting RandomForest...
Fitting Adaboost...
Fitting AdaBoost_2...
Fitting et...
Fitting gbc...
Fitting gbc_2...
Fitting gbc_3...
Fitting dt...
Fitting lr...
Fitting Lasso_1...
Fitting Lasso_2...
Fitting Lasso_3...
Fitting Lasso_4...
Fitting elasticnet...
VCF file created successfully.
pyseer stderr:  Read 1000 phenotypes
Detected continuous phenotype
Reading all variants

0variants [00:00, ?variants/s]
43variants [00:00, 170.90variants/s]
79variants [00:00, 239.26variants/s]
134variants [00:00, 344.15variants/s]
189variants [00:00, 411.02variants/s]
198variants [00:00, 347.69variants/s]
Applying correlation filtering

  0%|          | 0/198 [00:00<?, ?variants/s]
100%|██████████| 198/198 [00:00<00:00, 2683.98variants/s]
Fitting elastic net to top 148 variants
Best penalty (lambda) from cross-validation: 4.40E+00
Best R^2 from cross-validation: 0.587
Finding and printing selected variants
198 loaded variants
50 pre-filtered variants
148 tested variants
144 printed variants

True importance standardized:  [0.81132908 0.28723829 0.55083615 0.33032635 1.         0.66346419
 0.44742586 0.27783278 0.49832896 0.91741783 0.         0.
 0.         0.         0.         0.         0.         0.
 0.         0.         0.         0.         0.         0.
 0.         0.         0.         0.         0.         0.
 0.         0.         0.         0.         0.         0.
 0.         0.         0.         0.         0.         0.
 0.         0.         0.         0.         0.         0.
 0.         0.         0.         0.         0.         0.
 0.         0.         0.         0.         0.         0.
 0.         0.         0.         0.         0.         0.
 0.         0.         0.         0.         0.         0.
 0.         0.         0.         0.         0.         0.
 0.         0.         0.         0.         0.         0.
 0.         0.         0.         0.         0.         0.
 0.         0.         0.         0.         0.         0.
 0.         0.         0.         0.         0.         0.
 0.         0.         0.         0.         0.         0.
 0.         0.         0.         0.         0.         0.
 0.         0.         0.         0.         0.         0.
 0.         0.         0.         0.         0.         0.
 0.         0.         0.         0.         0.         0.
 0.         0.         0.         0.         0.         0.
 0.         0.         0.         0.         0.         0.
 0.         0.         0.         0.         0.         0.
 0.         0.         0.         0.         0.         0.
 0.         0.         0.         0.         0.         0.
 0.         0.         0.         0.         0.         0.
 0.         0.         0.         0.         0.         0.
 0.         0.         0.         0.         0.         0.
 0.         0.         0.         0.         0.         0.
 0.         0.         0.         0.         0.         0.
 0.         0.         0.         0.         0.         0.
 0.         0.        ]
Normalized importance:  [0.65125124 0.10262947 0.38201001 0.09572248 1.         0.68288975
 0.26926942 0.         0.30179634 0.62447407 0.         0.
 0.         0.         0.         0.         0.         0.
 0.         0.0198775  0.         0.         0.         0.
 0.         0.         0.         0.         0.         0.
 0.         0.         0.         0.         0.         0.
 0.         0.         0.         0.         0.         0.
 0.         0.         0.         0.         0.         0.
 0.         0.         0.         0.04494806 0.         0.
 0.         0.         0.         0.         0.         0.
 0.         0.         0.         0.         0.         0.
 0.         0.         0.         0.01554553 0.         0.
 0.         0.         0.         0.         0.         0.04170008
 0.         0.         0.         0.         0.         0.
 0.         0.         0.         0.         0.         0.
 0.         0.         0.         0.         0.         0.
 0.         0.         0.         0.         0.         0.
 0.         0.         0.         0.         0.02261748 0.
 0.         0.         0.         0.         0.         0.
 0.         0.         0.         0.         0.         0.
 0.         0.         0.         0.         0.         0.
 0.         0.         0.         0.         0.         0.
 0.         0.         0.         0.         0.         0.
 0.         0.         0.         0.         0.         0.
 0.         0.         0.         0.         0.         0.
 0.         0.         0.         0.         0.         0.
 0.         0.         0.         0.         0.         0.
 0.         0.         0.         0.         0.         0.
 0.         0.         0.         0.         0.         0.
 0.         0.         0.         0.         0.         0.
 0.         0.         0.         0.         0.         0.
 0.         0.         0.         0.         0.         0.
 0.         0.         0.         0.         0.         0.
 0.         0.        ]
deepbreaks
y_true:  [1. 0. 1. 0. 1. 1. 0. 0. 0. 1. 0. 0. 0. 0. 0. 0. 0. 0. 0. 0. 0. 0. 0. 0.
 0. 0. 0. 0. 0. 0. 0. 0. 0. 0. 0. 0. 0. 0. 0. 0. 0. 0. 0. 0. 0. 0. 0. 0.
 0. 0. 0. 0. 0. 0. 0. 0. 0. 0. 0. 0. 0. 0. 0. 0. 0. 0. 0. 0. 0. 0. 0. 0.
 0. 0. 0. 0. 0. 0. 0. 0. 0. 0. 0. 0. 0. 0. 0. 0. 0. 0. 0. 0. 0. 0. 0. 0.
 0. 0. 0. 0. 0. 0. 0. 0. 0. 0. 0. 0. 0. 0. 0. 0. 0. 0. 0. 0. 0. 0. 0. 0.
 0. 0. 0. 0. 0. 0. 0. 0. 0. 0. 0. 0. 0. 0. 0. 0. 0. 0. 0. 0. 0. 0. 0. 0.
 0. 0. 0. 0. 0. 0. 0. 0. 0. 0. 0. 0. 0. 0. 0. 0. 0. 0. 0. 0. 0. 0. 0. 0.
 0. 0. 0. 0. 0. 0. 0. 0. 0. 0. 0. 0. 0. 0. 0. 0. 0. 0. 0. 0. 0. 0. 0. 0.
 0. 0. 0. 0. 0. 0. 0. 0.]
y_pred:  [1. 0. 1. 0. 1. 1. 1. 0. 1. 1. 0. 0. 0. 0. 0. 0. 0. 0. 0. 0. 0. 0. 0. 0.
 0. 0. 0. 0. 0. 0. 0. 0. 0. 0. 0. 0. 0. 0. 0. 0. 0. 0. 0. 0. 0. 0. 0. 0.
 0. 0. 0. 0. 0. 0. 0. 0. 0. 0. 0. 0. 0. 0. 0. 0. 0. 0. 0. 0. 0. 0. 0. 0.
 0. 0. 0. 0. 0. 0. 0. 0. 0. 0. 0. 0. 0. 0. 0. 0. 0. 0. 0. 0. 0. 0. 0. 0.
 0. 0. 0. 0. 0. 0. 0. 0. 0. 0. 0. 0. 0. 0. 0. 0. 0. 0. 0. 0. 0. 0. 0. 0.
 0. 0. 0. 0. 0. 0. 0. 0. 0. 0. 0. 0. 0. 0. 0. 0. 0. 0. 0. 0. 0. 0. 0. 0.
 0. 0. 0. 0. 0. 0. 0. 0. 0. 0. 0. 0. 0. 0. 0. 0. 0. 0. 0. 0. 0. 0. 0. 0.
 0. 0. 0. 0. 0. 0. 0. 0. 0. 0. 0. 0. 0. 0. 0. 0. 0. 0. 0. 0. 0. 0. 0. 0.
 0. 0. 0. 0. 0. 0. 0. 0.]
Normalized importance:  [8.08823529e-01 3.02941176e-01 5.66911765e-01 2.97794118e-01
 1.00000000e+00 7.33088235e-01 3.77941176e-01 0.00000000e+00
 5.08088235e-01 8.01470588e-01 4.17647059e-02 0.00000000e+00
 0.00000000e+00 7.64705882e-02 0.00000000e+00 1.41911765e-02
 1.06617647e-01 3.96323529e-02 8.08823529e-02 8.97058824e-02
 2.31617647e-02 0.00000000e+00 0.00000000e+00 5.03676471e-02
 1.41911765e-01 1.36764706e-01 0.00000000e+00 6.99264706e-02
 0.00000000e+00 2.23529412e-02 6.08088235e-03 8.08823529e-02
 4.22058824e-03 1.02941176e-02 4.83823529e-02 0.00000000e+00
 8.23529412e-02 0.00000000e+00 9.85294118e-02 7.35294118e-02
 6.70588235e-02 7.94117647e-02 7.72058824e-02 6.76470588e-02
 0.00000000e+00 4.22058824e-02 3.80147059e-02 1.22058824e-01
 0.00000000e+00 8.75000000e-02 0.00000000e+00 1.97058824e-01
 7.57352941e-02 9.41176471e-03 7.05882353e-02 2.79411765e-02
 9.26470588e-02 0.00000000e+00 1.19117647e-01 1.11029412e-01
 1.06617647e-02 1.09558824e-01 1.13235294e-01 6.00735294e-02
 5.41911765e-02 1.94117647e-02 0.00000000e+00 2.55882353e-02
 2.30147059e-02 8.52941176e-02 0.00000000e+00 0.00000000e+00
 2.50735294e-02 9.19117647e-02 3.66176471e-02 3.68382353e-02
 6.24264706e-02 1.81617647e-01 1.19852941e-02 3.74264706e-03
 3.99264706e-02 0.00000000e+00 2.92647059e-02 3.44852941e-02
 0.00000000e+00 0.00000000e+00 3.29411765e-02 1.27941176e-02
 0.00000000e+00 1.52205882e-02 2.71323529e-03 7.64705882e-02
 1.47058824e-01 1.09558824e-02 3.21323529e-02 0.00000000e+00
 4.58823529e-02 1.02205882e-01 0.00000000e+00 6.14705882e-02
 1.66911765e-02 2.13235294e-02 9.33823529e-02 4.05882353e-02
 5.97058824e-02 0.00000000e+00 1.15441176e-01 0.00000000e+00
 1.51470588e-02 4.92647059e-02 7.22794118e-02 1.28676471e-01
 3.54411765e-02 0.00000000e+00 5.06617647e-02 8.23529412e-02
 9.26470588e-02 0.00000000e+00 7.72058824e-02 6.46323529e-02
 7.64705882e-03 0.00000000e+00 6.72058824e-02 2.37500000e-02
 7.14705882e-02 0.00000000e+00 1.67647059e-01 1.84558824e-02
 1.19852941e-01 6.42647059e-02 1.05147059e-01 2.05882353e-02
 1.27941176e-01 3.64705882e-02 4.89705882e-02 0.00000000e+00
 0.00000000e+00 0.00000000e+00 0.00000000e+00 4.73529412e-02
 0.00000000e+00 0.00000000e+00 0.00000000e+00 1.10294118e-01
 1.88235294e-02 0.00000000e+00 2.58088235e-02 6.66911765e-02
 2.54411765e-02 0.00000000e+00 0.00000000e+00 0.00000000e+00
 0.00000000e+00 5.25000000e-02 8.89705882e-03 1.11764706e-01
 0.00000000e+00 4.70588235e-02 2.30147059e-02 0.00000000e+00
 2.04411765e-02 8.08823529e-02 4.18382353e-02 0.00000000e+00
 0.00000000e+00 0.00000000e+00 5.05147059e-02 2.64705882e-02
 1.38970588e-01 6.11029412e-02 0.00000000e+00 6.48529412e-04
 1.28676471e-01 8.08823529e-02 1.16911765e-01 0.00000000e+00
 1.88235294e-02 8.60294118e-02 0.00000000e+00 0.00000000e+00
 8.45588235e-02 0.00000000e+00 5.38970588e-02 0.00000000e+00
 0.00000000e+00 0.00000000e+00 9.77941176e-02 1.27205882e-01
 9.26470588e-02 5.10294118e-02 7.06617647e-02 5.18382353e-02
 2.94852941e-02 2.14705882e-02 5.06617647e-02 5.47794118e-02
 1.25000000e-01 3.15441176e-02 0.00000000e+00 0.00000000e+00]
pyseer
y_true:  [1. 0. 1. 0. 1. 1. 0. 0. 0. 1. 0. 0. 0. 0. 0. 0. 0. 0. 0. 0. 0. 0. 0. 0.
 0. 0. 0. 0. 0. 0. 0. 0. 0. 0. 0. 0. 0. 0. 0. 0. 0. 0. 0. 0. 0. 0. 0. 0.
 0. 0. 0. 0. 0. 0. 0. 0. 0. 0. 0. 0. 0. 0. 0. 0. 0. 0. 0. 0. 0. 0. 0. 0.
 0. 0. 0. 0. 0. 0. 0. 0. 0. 0. 0. 0. 0. 0. 0. 0. 0. 0. 0. 0. 0. 0. 0. 0.
 0. 0. 0. 0. 0. 0. 0. 0. 0. 0. 0. 0. 0. 0. 0. 0. 0. 0. 0. 0. 0. 0. 0. 0.
 0. 0. 0. 0. 0. 0. 0. 0. 0. 0. 0. 0. 0. 0. 0. 0. 0. 0. 0. 0. 0. 0. 0. 0.
 0. 0. 0. 0. 0. 0. 0. 0. 0. 0. 0. 0. 0. 0. 0. 0. 0. 0. 0. 0. 0. 0. 0. 0.
 0. 0. 0. 0. 0. 0. 0. 0. 0. 0. 0. 0. 0. 0. 0. 0. 0. 0. 0. 0. 0. 0. 0. 0.
 0. 0. 0. 0. 0. 0. 0. 0.]
y_pred:  [1. 1. 1. 1. 1. 1. 1. 0. 1. 1. 0. 0. 0. 1. 0. 0. 1. 0. 1. 1. 0. 0. 0. 0.
 1. 1. 0. 1. 0. 0. 0. 1. 0. 0. 0. 0. 1. 0. 1. 1. 1. 1. 1. 1. 0. 0. 0. 1.
 0. 1. 0. 1. 1. 0. 1. 0. 1. 0. 1. 1. 0. 1. 1. 0. 0. 0. 0. 0. 0. 1. 0. 0.
 0. 1. 0. 0. 1. 1. 0. 0. 0. 0. 0. 0. 0. 0. 0. 0. 0. 0. 0. 1. 1. 0. 0. 0.
 0. 1. 0. 1. 0. 0. 1. 0. 0. 0. 1. 0. 0. 0. 1. 1. 0. 0. 0. 1. 1. 0. 1. 1.
 0. 0. 1. 0. 1. 0. 1. 0. 1. 1. 1. 0. 1. 0. 0. 0. 0. 0. 0. 0. 0. 0. 0. 1.
 0. 0. 0. 1. 0. 0. 0. 0. 0. 0. 0. 1. 0. 0. 0. 0. 0. 1. 0. 0. 0. 0. 0. 0.
 1. 0. 0. 0. 1. 1. 1. 0. 0. 1. 0. 0. 1. 0. 0. 0. 0. 0. 1. 1. 1. 0. 1. 0.
 0. 0. 0. 0. 1. 0. 0. 0.]
Time taken: 21.860990524291992 seconds
Running combination 41 of 50
Fitting RandomForest...
Fitting Adaboost...
Fitting AdaBoost_2...
Fitting et...
Fitting gbc...
Fitting gbc_2...
Fitting gbc_3...
Fitting dt...
Fitting lr...
Fitting Lasso_1...
Fitting Lasso_2...
Fitting Lasso_3...
Fitting Lasso_4...
Fitting elasticnet...
VCF file created successfully.
pyseer stderr:  Read 1000 phenotypes
Detected continuous phenotype
Reading all variants

0variants [00:00, ?variants/s]
53variants [00:00, 527.32variants/s]
106variants [00:00, 467.06variants/s]
161variants [00:00, 501.43variants/s]
198variants [00:00, 506.36variants/s]
Applying correlation filtering

  0%|          | 0/198 [00:00<?, ?variants/s]
100%|██████████| 198/198 [00:00<00:00, 2723.91variants/s]
Fitting elastic net to top 148 variants
Best penalty (lambda) from cross-validation: 4.01E+00
Best R^2 from cross-validation: 0.526
Finding and printing selected variants
198 loaded variants
50 pre-filtered variants
148 tested variants
143 printed variants

True importance standardized:  [0.38374382 0.53030177 0.44902391 0.9710665  0.64481282 0.85907081
 0.22410662 0.2743163  0.50116374 1.         0.         0.
 0.         0.         0.         0.         0.         0.
 0.         0.         0.         0.         0.         0.
 0.         0.         0.         0.         0.         0.
 0.         0.         0.         0.         0.         0.
 0.         0.         0.         0.         0.         0.
 0.         0.         0.         0.         0.         0.
 0.         0.         0.         0.         0.         0.
 0.         0.         0.         0.         0.         0.
 0.         0.         0.         0.         0.         0.
 0.         0.         0.         0.         0.         0.
 0.         0.         0.         0.         0.         0.
 0.         0.         0.         0.         0.         0.
 0.         0.         0.         0.         0.         0.
 0.         0.         0.         0.         0.         0.
 0.         0.         0.         0.         0.         0.
 0.         0.         0.         0.         0.         0.
 0.         0.         0.         0.         0.         0.
 0.         0.         0.         0.         0.         0.
 0.         0.         0.         0.         0.         0.
 0.         0.         0.         0.         0.         0.
 0.         0.         0.         0.         0.         0.
 0.         0.         0.         0.         0.         0.
 0.         0.         0.         0.         0.         0.
 0.         0.         0.         0.         0.         0.
 0.         0.         0.         0.         0.         0.
 0.         0.         0.         0.         0.         0.
 0.         0.         0.         0.         0.         0.
 0.         0.         0.         0.         0.         0.
 0.         0.         0.         0.         0.         0.
 0.         0.         0.         0.         0.         0.
 0.         0.         0.         0.         0.         0.
 0.         0.        ]
Normalized importance:  [0.0850114  0.30581862 0.14420525 0.91990863 0.7678009  0.83147858
 0.         0.09951037 0.33101305 1.         0.         0.
 0.         0.         0.         0.         0.         0.
 0.         0.         0.         0.         0.         0.
 0.         0.         0.         0.         0.         0.
 0.         0.         0.         0.         0.         0.
 0.         0.         0.         0.         0.         0.
 0.         0.         0.         0.         0.         0.
 0.         0.         0.         0.         0.         0.
 0.         0.         0.         0.         0.         0.
 0.         0.         0.         0.         0.         0.
 0.         0.         0.         0.         0.         0.
 0.         0.         0.         0.         0.         0.
 0.         0.         0.         0.         0.02995836 0.
 0.         0.         0.         0.         0.         0.
 0.         0.         0.         0.         0.         0.
 0.         0.         0.         0.         0.         0.
 0.         0.         0.         0.         0.         0.
 0.         0.         0.         0.         0.         0.
 0.         0.         0.         0.         0.         0.
 0.         0.         0.         0.         0.         0.
 0.         0.         0.06757602 0.         0.         0.
 0.         0.         0.         0.         0.         0.
 0.         0.         0.         0.         0.         0.
 0.         0.         0.         0.         0.         0.
 0.         0.         0.         0.         0.         0.
 0.         0.         0.         0.         0.         0.
 0.         0.         0.         0.         0.         0.
 0.         0.         0.         0.         0.         0.
 0.         0.         0.         0.         0.         0.04287342
 0.         0.         0.         0.         0.         0.
 0.         0.         0.         0.         0.         0.
 0.         0.         0.         0.         0.         0.
 0.         0.        ]
deepbreaks
y_true:  [0. 1. 0. 1. 1. 1. 0. 0. 0. 1. 0. 0. 0. 0. 0. 0. 0. 0. 0. 0. 0. 0. 0. 0.
 0. 0. 0. 0. 0. 0. 0. 0. 0. 0. 0. 0. 0. 0. 0. 0. 0. 0. 0. 0. 0. 0. 0. 0.
 0. 0. 0. 0. 0. 0. 0. 0. 0. 0. 0. 0. 0. 0. 0. 0. 0. 0. 0. 0. 0. 0. 0. 0.
 0. 0. 0. 0. 0. 0. 0. 0. 0. 0. 0. 0. 0. 0. 0. 0. 0. 0. 0. 0. 0. 0. 0. 0.
 0. 0. 0. 0. 0. 0. 0. 0. 0. 0. 0. 0. 0. 0. 0. 0. 0. 0. 0. 0. 0. 0. 0. 0.
 0. 0. 0. 0. 0. 0. 0. 0. 0. 0. 0. 0. 0. 0. 0. 0. 0. 0. 0. 0. 0. 0. 0. 0.
 0. 0. 0. 0. 0. 0. 0. 0. 0. 0. 0. 0. 0. 0. 0. 0. 0. 0. 0. 0. 0. 0. 0. 0.
 0. 0. 0. 0. 0. 0. 0. 0. 0. 0. 0. 0. 0. 0. 0. 0. 0. 0. 0. 0. 0. 0. 0. 0.
 0. 0. 0. 0. 0. 0. 0. 0.]
y_pred:  [0. 1. 0. 1. 1. 1. 0. 0. 1. 1. 0. 0. 0. 0. 0. 0. 0. 0. 0. 0. 0. 0. 0. 0.
 0. 0. 0. 0. 0. 0. 0. 0. 0. 0. 0. 0. 0. 0. 0. 0. 0. 0. 0. 0. 0. 0. 0. 0.
 0. 0. 0. 0. 0. 0. 0. 0. 0. 0. 0. 0. 0. 0. 0. 0. 0. 0. 0. 0. 0. 0. 0. 0.
 0. 0. 0. 0. 0. 0. 0. 0. 0. 0. 0. 0. 0. 0. 0. 0. 0. 0. 0. 0. 0. 0. 0. 0.
 0. 0. 0. 0. 0. 0. 0. 0. 0. 0. 0. 0. 0. 0. 0. 0. 0. 0. 0. 0. 0. 0. 0. 0.
 0. 0. 0. 0. 0. 0. 0. 0. 0. 0. 0. 0. 0. 0. 0. 0. 0. 0. 0. 0. 0. 0. 0. 0.
 0. 0. 0. 0. 0. 0. 0. 0. 0. 0. 0. 0. 0. 0. 0. 0. 0. 0. 0. 0. 0. 0. 0. 0.
 0. 0. 0. 0. 0. 0. 0. 0. 0. 0. 0. 0. 0. 0. 0. 0. 0. 0. 0. 0. 0. 0. 0. 0.
 0. 0. 0. 0. 0. 0. 0. 0.]
Normalized importance:  [0.33088235 0.53781513 0.32563025 0.96953782 0.84348739 0.83823529
 0.18592437 0.31617647 0.59768908 1.         0.         0.09285714
 0.02552521 0.00557773 0.08382353 0.06806723 0.05294118 0.03403361
 0.08004202 0.05357143 0.08455882 0.02163866 0.         0.
 0.03382353 0.00510504 0.07951681 0.03245798 0.04159664 0.05115546
 0.01617647 0.03981092 0.0644958  0.05241597 0.05840336 0.0144958
 0.13235294 0.         0.         0.05241597 0.         0.11029412
 0.         0.17331933 0.         0.04978992 0.07951681 0.07710084
 0.         0.         0.03865546 0.05735294 0.02752101 0.04086134
 0.13235294 0.         0.08476891 0.         0.03151261 0.01680672
 0.01596639 0.         0.         0.06418067 0.07394958 0.00107143
 0.09338235 0.07394958 0.         0.03634454 0.11659664 0.06712185
 0.08739496 0.         0.14390756 0.         0.09548319 0.01712185
 0.         0.02205882 0.04684874 0.09810924 0.07226891 0.
 0.04243697 0.09611345 0.13235294 0.         0.00957983 0.04642857
 0.0907563  0.02762605 0.04233193 0.         0.02489496 0.08960084
 0.07836134 0.06806723 0.11659664 0.01806723 0.08182773 0.18172269
 0.02731092 0.04495798 0.         0.         0.0387605  0.
 0.         0.         0.10189076 0.11554622 0.12815126 0.
 0.17647059 0.         0.07289916 0.         0.03235294 0.
 0.06239496 0.04065126 0.04842437 0.04548319 0.         0.10451681
 0.06313025 0.         0.24159664 0.01659664 0.0460084  0.
 0.09359244 0.14390756 0.02153361 0.         0.         0.01523109
 0.07352941 0.04926471 0.02153361 0.11344538 0.         0.00505252
 0.         0.0637605  0.03161765 0.         0.0697479  0.01470588
 0.07972689 0.06523109 0.07352941 0.00431723 0.11764706 0.
 0.14915966 0.06439076 0.09611345 0.03939076 0.05693277 0.
 0.         0.01144958 0.         0.         0.         0.04506303
 0.02058824 0.11659664 0.05661765 0.         0.10504202 0.02689076
 0.         0.         0.07720588 0.         0.         0.2447479
 0.04569328 0.19432773 0.         0.03613445 0.03203782 0.09579832
 0.06953782 0.         0.08613445 0.         0.01565126 0.
 0.11029412 0.17226891 0.         0.07342437 0.         0.07111345
 0.         0.        ]
pyseer
y_true:  [0. 1. 0. 1. 1. 1. 0. 0. 0. 1. 0. 0. 0. 0. 0. 0. 0. 0. 0. 0. 0. 0. 0. 0.
 0. 0. 0. 0. 0. 0. 0. 0. 0. 0. 0. 0. 0. 0. 0. 0. 0. 0. 0. 0. 0. 0. 0. 0.
 0. 0. 0. 0. 0. 0. 0. 0. 0. 0. 0. 0. 0. 0. 0. 0. 0. 0. 0. 0. 0. 0. 0. 0.
 0. 0. 0. 0. 0. 0. 0. 0. 0. 0. 0. 0. 0. 0. 0. 0. 0. 0. 0. 0. 0. 0. 0. 0.
 0. 0. 0. 0. 0. 0. 0. 0. 0. 0. 0. 0. 0. 0. 0. 0. 0. 0. 0. 0. 0. 0. 0. 0.
 0. 0. 0. 0. 0. 0. 0. 0. 0. 0. 0. 0. 0. 0. 0. 0. 0. 0. 0. 0. 0. 0. 0. 0.
 0. 0. 0. 0. 0. 0. 0. 0. 0. 0. 0. 0. 0. 0. 0. 0. 0. 0. 0. 0. 0. 0. 0. 0.
 0. 0. 0. 0. 0. 0. 0. 0. 0. 0. 0. 0. 0. 0. 0. 0. 0. 0. 0. 0. 0. 0. 0. 0.
 0. 0. 0. 0. 0. 0. 0. 0.]
y_pred:  [1. 1. 1. 1. 1. 1. 1. 1. 1. 1. 0. 1. 0. 0. 1. 1. 0. 0. 1. 0. 1. 0. 0. 0.
 0. 0. 1. 0. 0. 0. 0. 0. 0. 0. 0. 0. 1. 0. 0. 0. 0. 1. 0. 1. 0. 0. 1. 1.
 0. 0. 0. 0. 0. 0. 1. 0. 1. 0. 0. 0. 0. 0. 0. 0. 1. 0. 1. 1. 0. 0. 1. 1.
 1. 0. 1. 0. 1. 0. 0. 0. 0. 1. 1. 0. 0. 1. 1. 0. 0. 0. 1. 0. 0. 0. 0. 1.
 1. 1. 1. 0. 1. 1. 0. 0. 0. 0. 0. 0. 0. 0. 1. 1. 1. 0. 1. 0. 1. 0. 0. 0.
 0. 0. 0. 0. 0. 1. 0. 0. 1. 0. 0. 0. 1. 1. 0. 0. 0. 0. 1. 0. 0. 1. 0. 0.
 0. 0. 0. 0. 1. 0. 1. 1. 1. 0. 1. 0. 1. 0. 1. 0. 0. 0. 0. 0. 0. 0. 0. 0.
 0. 1. 0. 0. 1. 0. 0. 0. 1. 0. 0. 1. 0. 1. 0. 0. 0. 1. 1. 0. 1. 0. 0. 0.
 1. 1. 0. 1. 0. 1. 0. 0.]
Time taken: 21.825281381607056 seconds
Running combination 42 of 50
Fitting RandomForest...
Fitting Adaboost...
Fitting AdaBoost_2...
Fitting et...
Fitting gbc...
Fitting gbc_2...
Fitting gbc_3...
Fitting dt...
Fitting lr...
Fitting Lasso_1...
Fitting Lasso_2...
Fitting Lasso_3...
Fitting Lasso_4...
Fitting elasticnet...
VCF file created successfully.
pyseer stderr:  Read 1000 phenotypes
Detected continuous phenotype
Reading all variants

0variants [00:00, ?variants/s]
56variants [00:00, 551.30variants/s]
112variants [00:00, 483.89variants/s]
168variants [00:00, 512.95variants/s]
198variants [00:00, 514.02variants/s]
Applying correlation filtering

  0%|          | 0/198 [00:00<?, ?variants/s]
100%|██████████| 198/198 [00:00<00:00, 2522.27variants/s]
Fitting elastic net to top 148 variants
Best penalty (lambda) from cross-validation: 1.85E+01
Best R^2 from cross-validation: 0.409
Finding and printing selected variants
198 loaded variants
50 pre-filtered variants
148 tested variants
139 printed variants

True importance standardized:  [1.         0.88425847 0.4233652  0.81319252 0.30025228 0.34872607
 0.55471596 0.79518866 0.77718856 0.66800093 0.         0.
 0.         0.         0.         0.         0.         0.
 0.         0.         0.         0.         0.         0.
 0.         0.         0.         0.         0.         0.
 0.         0.         0.         0.         0.         0.
 0.         0.         0.         0.         0.         0.
 0.         0.         0.         0.         0.         0.
 0.         0.         0.         0.         0.         0.
 0.         0.         0.         0.         0.         0.
 0.         0.         0.         0.         0.         0.
 0.         0.         0.         0.         0.         0.
 0.         0.         0.         0.         0.         0.
 0.         0.         0.         0.         0.         0.
 0.         0.         0.         0.         0.         0.
 0.         0.         0.         0.         0.         0.
 0.         0.         0.         0.         0.         0.
 0.         0.         0.         0.         0.         0.
 0.         0.         0.         0.         0.         0.
 0.         0.         0.         0.         0.         0.
 0.         0.         0.         0.         0.         0.
 0.         0.         0.         0.         0.         0.
 0.         0.         0.         0.         0.         0.
 0.         0.         0.         0.         0.         0.
 0.         0.         0.         0.         0.         0.
 0.         0.         0.         0.         0.         0.
 0.         0.         0.         0.         0.         0.
 0.         0.         0.         0.         0.         0.
 0.         0.         0.         0.         0.         0.
 0.         0.         0.         0.         0.         0.
 0.         0.         0.         0.         0.         0.
 0.         0.         0.         0.         0.         0.
 0.         0.         0.         0.         0.         0.
 0.         0.        ]
Normalized importance:  [0.65777348 1.         0.12609295 0.68795659 0.26952694 0.26453169
 0.33487824 0.73256328 0.48005288 0.54765357 0.         0.
 0.         0.         0.         0.         0.         0.
 0.         0.         0.         0.         0.         0.
 0.         0.         0.         0.         0.         0.
 0.         0.         0.         0.         0.         0.
 0.         0.         0.         0.         0.         0.
 0.         0.         0.         0.         0.         0.
 0.         0.         0.         0.         0.         0.
 0.         0.         0.         0.         0.         0.
 0.         0.         0.         0.         0.         0.
 0.         0.         0.         0.         0.         0.
 0.         0.10886294 0.         0.         0.         0.
 0.         0.         0.         0.         0.         0.
 0.         0.         0.         0.         0.         0.
 0.         0.         0.         0.         0.         0.
 0.         0.         0.         0.         0.         0.
 0.         0.         0.         0.         0.         0.
 0.         0.         0.         0.         0.         0.
 0.         0.         0.         0.         0.         0.
 0.         0.         0.         0.         0.         0.
 0.         0.         0.         0.         0.         0.
 0.         0.         0.         0.         0.         0.
 0.         0.         0.         0.         0.         0.
 0.         0.         0.         0.         0.         0.
 0.         0.         0.         0.         0.         0.
 0.         0.         0.         0.         0.         0.
 0.         0.         0.         0.         0.         0.
 0.         0.         0.         0.         0.         0.
 0.         0.         0.         0.         0.         0.
 0.         0.         0.         0.         0.         0.
 0.         0.         0.         0.         0.         0.
 0.         0.         0.         0.         0.         0.
 0.         0.        ]
deepbreaks
y_true:  [1. 1. 0. 1. 0. 0. 0. 1. 1. 0. 0. 0. 0. 0. 0. 0. 0. 0. 0. 0. 0. 0. 0. 0.
 0. 0. 0. 0. 0. 0. 0. 0. 0. 0. 0. 0. 0. 0. 0. 0. 0. 0. 0. 0. 0. 0. 0. 0.
 0. 0. 0. 0. 0. 0. 0. 0. 0. 0. 0. 0. 0. 0. 0. 0. 0. 0. 0. 0. 0. 0. 0. 0.
 0. 0. 0. 0. 0. 0. 0. 0. 0. 0. 0. 0. 0. 0. 0. 0. 0. 0. 0. 0. 0. 0. 0. 0.
 0. 0. 0. 0. 0. 0. 0. 0. 0. 0. 0. 0. 0. 0. 0. 0. 0. 0. 0. 0. 0. 0. 0. 0.
 0. 0. 0. 0. 0. 0. 0. 0. 0. 0. 0. 0. 0. 0. 0. 0. 0. 0. 0. 0. 0. 0. 0. 0.
 0. 0. 0. 0. 0. 0. 0. 0. 0. 0. 0. 0. 0. 0. 0. 0. 0. 0. 0. 0. 0. 0. 0. 0.
 0. 0. 0. 0. 0. 0. 0. 0. 0. 0. 0. 0. 0. 0. 0. 0. 0. 0. 0. 0. 0. 0. 0. 0.
 0. 0. 0. 0. 0. 0. 0. 0.]
y_pred:  [1. 1. 0. 1. 0. 0. 0. 1. 1. 1. 0. 0. 0. 0. 0. 0. 0. 0. 0. 0. 0. 0. 0. 0.
 0. 0. 0. 0. 0. 0. 0. 0. 0. 0. 0. 0. 0. 0. 0. 0. 0. 0. 0. 0. 0. 0. 0. 0.
 0. 0. 0. 0. 0. 0. 0. 0. 0. 0. 0. 0. 0. 0. 0. 0. 0. 0. 0. 0. 0. 0. 0. 0.
 0. 0. 0. 0. 0. 0. 0. 0. 0. 0. 0. 0. 0. 0. 0. 0. 0. 0. 0. 0. 0. 0. 0. 0.
 0. 0. 0. 0. 0. 0. 0. 0. 0. 0. 0. 0. 0. 0. 0. 0. 0. 0. 0. 0. 0. 0. 0. 0.
 0. 0. 0. 0. 0. 0. 0. 0. 0. 0. 0. 0. 0. 0. 0. 0. 0. 0. 0. 0. 0. 0. 0. 0.
 0. 0. 0. 0. 0. 0. 0. 0. 0. 0. 0. 0. 0. 0. 0. 0. 0. 0. 0. 0. 0. 0. 0. 0.
 0. 0. 0. 0. 0. 0. 0. 0. 0. 0. 0. 0. 0. 0. 0. 0. 0. 0. 0. 0. 0. 0. 0. 0.
 0. 0. 0. 0. 0. 0. 0. 0.]
Normalized importance:  [0.87619048 1.         0.40809524 0.8952381  0.47047619 0.56190476
 0.52857143 0.88571429 0.73333333 0.65714286 0.0457619  0.08333333
 0.25285714 0.06238095 0.         0.15904762 0.00401905 0.02319048
 0.         0.03804762 0.00647619 0.         0.         0.0647619
 0.10714286 0.         0.03047619 0.         0.         0.
 0.24571429 0.         0.         0.19428571 0.0752381  0.
 0.15714286 0.029      0.         0.09761905 0.07095238 0.
 0.15904762 0.13333333 0.         0.03519048 0.03904762 0.04904762
 0.         0.14142857 0.         0.09904762 0.         0.
 0.04533333 0.         0.06809524 0.         0.         0.00895238
 0.01114286 0.03814286 0.05047619 0.1852381  0.10761905 0.10285714
 0.         0.06285714 0.05428571 0.15809524 0.12714286 0.04561905
 0.         0.18952381 0.17952381 0.         0.14333333 0.
 0.         0.12238095 0.02490476 0.19809524 0.         0.10238095
 0.06142857 0.         0.19666667 0.06238095 0.09857143 0.04333333
 0.12380952 0.         0.11809524 0.04857143 0.06142857 0.
 0.04290476 0.         0.         0.024      0.0039619  0.22666667
 0.04904762 0.10571429 0.0652381  0.10047619 0.         0.06809524
 0.10142857 0.         0.         0.00528571 0.10809524 0.02414286
 0.10428571 0.14380952 0.24238095 0.10809524 0.00171429 0.06952381
 0.01766667 0.16095238 0.10904762 0.         0.02942857 0.12
 0.         0.         0.07285714 0.02928571 0.04857143 0.
 0.10333333 0.1147619  0.14       0.1152381  0.20666667 0.
 0.17952381 0.         0.1247619  0.12904762 0.         0.1347619
 0.         0.15238095 0.17380952 0.         0.00742857 0.
 0.15       0.05238095 0.00933333 0.01433333 0.         0.14095238
 0.1152381  0.03690476 0.13809524 0.         0.03871429 0.0072381
 0.02461905 0.23809524 0.06047619 0.0952381  0.17047619 0.
 0.18       0.         0.02404762 0.11333333 0.19380952 0.08190476
 0.         0.         0.1152381  0.08714286 0.02219048 0.
 0.08380952 0.         0.01752381 0.         0.11190476 0.
 0.         0.         0.         0.         0.01314286 0.14952381
 0.05857143 0.24714286 0.13190476 0.13619048 0.08333333 0.07904762
 0.         0.        ]
pyseer
y_true:  [1. 1. 0. 1. 0. 0. 0. 1. 1. 0. 0. 0. 0. 0. 0. 0. 0. 0. 0. 0. 0. 0. 0. 0.
 0. 0. 0. 0. 0. 0. 0. 0. 0. 0. 0. 0. 0. 0. 0. 0. 0. 0. 0. 0. 0. 0. 0. 0.
 0. 0. 0. 0. 0. 0. 0. 0. 0. 0. 0. 0. 0. 0. 0. 0. 0. 0. 0. 0. 0. 0. 0. 0.
 0. 0. 0. 0. 0. 0. 0. 0. 0. 0. 0. 0. 0. 0. 0. 0. 0. 0. 0. 0. 0. 0. 0. 0.
 0. 0. 0. 0. 0. 0. 0. 0. 0. 0. 0. 0. 0. 0. 0. 0. 0. 0. 0. 0. 0. 0. 0. 0.
 0. 0. 0. 0. 0. 0. 0. 0. 0. 0. 0. 0. 0. 0. 0. 0. 0. 0. 0. 0. 0. 0. 0. 0.
 0. 0. 0. 0. 0. 0. 0. 0. 0. 0. 0. 0. 0. 0. 0. 0. 0. 0. 0. 0. 0. 0. 0. 0.
 0. 0. 0. 0. 0. 0. 0. 0. 0. 0. 0. 0. 0. 0. 0. 0. 0. 0. 0. 0. 0. 0. 0. 0.
 0. 0. 0. 0. 0. 0. 0. 0.]
y_pred:  [1. 1. 1. 1. 1. 1. 1. 1. 1. 1. 0. 0. 1. 0. 0. 1. 0. 0. 0. 0. 0. 0. 0. 0.
 1. 0. 0. 0. 0. 0. 1. 0. 0. 1. 0. 0. 1. 0. 0. 0. 0. 0. 1. 1. 0. 0. 0. 0.
 0. 1. 0. 0. 0. 0. 0. 0. 0. 0. 0. 0. 0. 0. 0. 1. 1. 1. 0. 0. 0. 1. 1. 0.
 0. 1. 1. 0. 1. 0. 0. 1. 0. 1. 0. 1. 0. 0. 1. 0. 0. 0. 1. 0. 1. 0. 0. 0.
 0. 0. 0. 0. 0. 1. 0. 1. 0. 0. 0. 0. 1. 0. 0. 0. 1. 0. 1. 1. 1. 1. 0. 0.
 0. 1. 1. 0. 0. 1. 0. 0. 0. 0. 0. 0. 1. 1. 1. 1. 1. 0. 1. 0. 1. 1. 0. 1.
 0. 1. 1. 0. 0. 0. 1. 0. 0. 0. 0. 1. 1. 0. 1. 0. 0. 0. 0. 1. 0. 0. 1. 0.
 1. 0. 0. 1. 1. 0. 0. 0. 1. 0. 0. 0. 0. 0. 0. 0. 1. 0. 0. 0. 0. 0. 0. 1.
 0. 1. 1. 1. 0. 0. 0. 0.]
Time taken: 28.613970518112183 seconds
Running combination 43 of 50
Fitting RandomForest...
Fitting Adaboost...
Fitting AdaBoost_2...
Fitting et...
Fitting gbc...
Fitting gbc_2...
Fitting gbc_3...
Fitting dt...
Fitting lr...
Fitting Lasso_1...
Fitting Lasso_2...
Fitting Lasso_3...
Fitting Lasso_4...
Fitting elasticnet...
VCF file created successfully.
pyseer stderr:  Read 1000 phenotypes
Detected continuous phenotype
Reading all variants

0variants [00:00, ?variants/s]
55variants [00:00, 541.97variants/s]
110variants [00:00, 481.91variants/s]
166variants [00:00, 515.01variants/s]
198variants [00:00, 518.95variants/s]
Applying correlation filtering

  0%|          | 0/198 [00:00<?, ?variants/s]
100%|██████████| 198/198 [00:00<00:00, 2720.70variants/s]
Fitting elastic net to top 148 variants
Best penalty (lambda) from cross-validation: 1.19E+01
Best R^2 from cross-validation: 0.558
Finding and printing selected variants
198 loaded variants
50 pre-filtered variants
148 tested variants
143 printed variants

True importance standardized:  [0.45097481 0.83748009 0.67319051 0.74424639 0.80724864 0.68460132
 0.91381318 0.73150337 1.         0.97263213 0.         0.
 0.         0.         0.         0.         0.         0.
 0.         0.         0.         0.         0.         0.
 0.         0.         0.         0.         0.         0.
 0.         0.         0.         0.         0.         0.
 0.         0.         0.         0.         0.         0.
 0.         0.         0.         0.         0.         0.
 0.         0.         0.         0.         0.         0.
 0.         0.         0.         0.         0.         0.
 0.         0.         0.         0.         0.         0.
 0.         0.         0.         0.         0.         0.
 0.         0.         0.         0.         0.         0.
 0.         0.         0.         0.         0.         0.
 0.         0.         0.         0.         0.         0.
 0.         0.         0.         0.         0.         0.
 0.         0.         0.         0.         0.         0.
 0.         0.         0.         0.         0.         0.
 0.         0.         0.         0.         0.         0.
 0.         0.         0.         0.         0.         0.
 0.         0.         0.         0.         0.         0.
 0.         0.         0.         0.         0.         0.
 0.         0.         0.         0.         0.         0.
 0.         0.         0.         0.         0.         0.
 0.         0.         0.         0.         0.         0.
 0.         0.         0.         0.         0.         0.
 0.         0.         0.         0.         0.         0.
 0.         0.         0.         0.         0.         0.
 0.         0.         0.         0.         0.         0.
 0.         0.         0.         0.         0.         0.
 0.         0.         0.         0.         0.         0.
 0.         0.         0.         0.         0.         0.
 0.         0.         0.         0.         0.         0.
 0.         0.        ]
Normalized importance:  [0.18258363 0.71198478 0.39689115 0.52462142 0.88551673 0.54832697
 1.         0.90063921 0.87833344 0.97611889 0.         0.
 0.         0.         0.         0.0790706  0.         0.
 0.         0.         0.         0.         0.         0.
 0.         0.         0.         0.         0.         0.
 0.         0.         0.         0.         0.         0.
 0.         0.         0.         0.         0.         0.
 0.         0.         0.         0.         0.         0.
 0.         0.         0.         0.         0.         0.
 0.         0.         0.         0.         0.         0.
 0.         0.         0.         0.         0.         0.
 0.         0.         0.06613947 0.         0.         0.
 0.         0.         0.         0.         0.         0.
 0.         0.         0.         0.         0.         0.
 0.         0.         0.         0.         0.         0.
 0.         0.         0.         0.         0.         0.
 0.         0.         0.         0.         0.         0.
 0.         0.         0.         0.         0.         0.
 0.         0.         0.         0.         0.         0.
 0.         0.         0.         0.         0.         0.
 0.         0.         0.         0.         0.         0.
 0.         0.         0.         0.         0.         0.06932814
 0.         0.         0.         0.         0.         0.
 0.         0.         0.         0.         0.         0.
 0.         0.         0.         0.         0.         0.
 0.         0.         0.         0.         0.         0.
 0.         0.         0.         0.         0.         0.
 0.         0.         0.         0.         0.         0.
 0.         0.         0.         0.         0.         0.
 0.         0.         0.         0.         0.         0.
 0.         0.         0.         0.         0.         0.
 0.         0.         0.         0.         0.         0.
 0.         0.         0.         0.         0.         0.
 0.         0.        ]
deepbreaks
y_true:  [0. 1. 0. 0. 1. 0. 1. 0. 1. 1. 0. 0. 0. 0. 0. 0. 0. 0. 0. 0. 0. 0. 0. 0.
 0. 0. 0. 0. 0. 0. 0. 0. 0. 0. 0. 0. 0. 0. 0. 0. 0. 0. 0. 0. 0. 0. 0. 0.
 0. 0. 0. 0. 0. 0. 0. 0. 0. 0. 0. 0. 0. 0. 0. 0. 0. 0. 0. 0. 0. 0. 0. 0.
 0. 0. 0. 0. 0. 0. 0. 0. 0. 0. 0. 0. 0. 0. 0. 0. 0. 0. 0. 0. 0. 0. 0. 0.
 0. 0. 0. 0. 0. 0. 0. 0. 0. 0. 0. 0. 0. 0. 0. 0. 0. 0. 0. 0. 0. 0. 0. 0.
 0. 0. 0. 0. 0. 0. 0. 0. 0. 0. 0. 0. 0. 0. 0. 0. 0. 0. 0. 0. 0. 0. 0. 0.
 0. 0. 0. 0. 0. 0. 0. 0. 0. 0. 0. 0. 0. 0. 0. 0. 0. 0. 0. 0. 0. 0. 0. 0.
 0. 0. 0. 0. 0. 0. 0. 0. 0. 0. 0. 0. 0. 0. 0. 0. 0. 0. 0. 0. 0. 0. 0. 0.
 0. 0. 0. 0. 0. 0. 0. 0.]
y_pred:  [0. 1. 0. 0. 1. 1. 1. 1. 1. 1. 0. 0. 0. 0. 0. 0. 0. 0. 0. 0. 0. 0. 0. 0.
 0. 0. 0. 0. 0. 0. 0. 0. 0. 0. 0. 0. 0. 0. 0. 0. 0. 0. 0. 0. 0. 0. 0. 0.
 0. 0. 0. 0. 0. 0. 0. 0. 0. 0. 0. 0. 0. 0. 0. 0. 0. 0. 0. 0. 0. 0. 0. 0.
 0. 0. 0. 0. 0. 0. 0. 0. 0. 0. 0. 0. 0. 0. 0. 0. 0. 0. 0. 0. 0. 0. 0. 0.
 0. 0. 0. 0. 0. 0. 0. 0. 0. 0. 0. 0. 0. 0. 0. 0. 0. 0. 0. 0. 0. 0. 0. 0.
 0. 0. 0. 0. 0. 0. 0. 0. 0. 0. 0. 0. 0. 0. 0. 0. 0. 0. 0. 0. 0. 0. 0. 0.
 0. 0. 0. 0. 0. 0. 0. 0. 0. 0. 0. 0. 0. 0. 0. 0. 0. 0. 0. 0. 0. 0. 0. 0.
 0. 0. 0. 0. 0. 0. 0. 0. 0. 0. 0. 0. 0. 0. 0. 0. 0. 0. 0. 0. 0. 0. 0. 0.
 0. 0. 0. 0. 0. 0. 0. 0.]
Normalized importance:  [3.98058252e-01 9.06148867e-01 6.82847896e-01 6.79611650e-01
 9.74110032e-01 7.76699029e-01 9.25566343e-01 8.57605178e-01
 9.77346278e-01 1.00000000e+00 4.66019417e-02 0.00000000e+00
 1.23948220e-01 0.00000000e+00 9.06148867e-02 1.86731392e-01
 5.27508091e-03 1.92556634e-01 5.98705502e-02 6.69902913e-02
 1.24595469e-01 0.00000000e+00 2.03559871e-01 8.80258900e-02
 8.73786408e-02 1.05501618e-01 6.95792880e-02 0.00000000e+00
 1.46925566e-01 2.31715210e-02 0.00000000e+00 0.00000000e+00
 0.00000000e+00 2.03883495e-01 8.15533981e-03 9.06148867e-03
 0.00000000e+00 7.41100324e-02 9.80582524e-02 0.00000000e+00
 1.47249191e-02 7.73462783e-02 1.47896440e-02 5.30744337e-03
 0.00000000e+00 3.11326861e-02 5.72815534e-02 0.00000000e+00
 1.98058252e-01 4.75728155e-02 0.00000000e+00 7.70226537e-02
 1.19093851e-02 3.39805825e-02 1.18770227e-01 2.33980583e-02
 0.00000000e+00 6.76375405e-02 0.00000000e+00 6.31067961e-02
 4.62783172e-02 9.12621359e-03 3.00970874e-02 9.61165049e-02
 2.20711974e-01 6.86084142e-02 0.00000000e+00 1.50809061e-01
 2.25889968e-01 2.34951456e-02 0.00000000e+00 0.00000000e+00
 0.00000000e+00 8.12297735e-02 5.14563107e-02 3.94822006e-02
 0.00000000e+00 5.66343042e-02 0.00000000e+00 1.90938511e-02
 1.42394822e-02 0.00000000e+00 0.00000000e+00 1.45954693e-01
 0.00000000e+00 7.44336570e-02 1.22006472e-01 0.00000000e+00
 0.00000000e+00 0.00000000e+00 4.30420712e-02 3.65695793e-02
 7.15210356e-03 1.77669903e-02 8.83495146e-02 1.11003236e-01
 0.00000000e+00 1.14886731e-01 1.65695793e-01 1.56957929e-01
 1.96440129e-02 0.00000000e+00 8.67313916e-02 3.75404531e-03
 1.21359223e-01 0.00000000e+00 1.02265372e-01 0.00000000e+00
 1.00970874e-01 6.92556634e-04 0.00000000e+00 0.00000000e+00
 2.71844660e-02 0.00000000e+00 0.00000000e+00 9.06148867e-02
 5.59870550e-02 1.06472492e-01 3.81877023e-02 4.56310680e-02
 0.00000000e+00 9.38511327e-02 7.92880259e-03 5.17799353e-02
 0.00000000e+00 0.00000000e+00 4.43365696e-03 1.87055016e-01
 3.85113269e-03 6.11650485e-02 8.25242718e-02 1.60517799e-01
 1.29773463e-01 2.18446602e-02 3.30097087e-02 6.34304207e-02
 1.52750809e-01 3.59223301e-02 2.25889968e-02 4.85436893e-02
 0.00000000e+00 3.81877023e-02 1.32038835e-01 0.00000000e+00
 0.00000000e+00 0.00000000e+00 0.00000000e+00 5.76051780e-02
 1.00647249e-01 0.00000000e+00 9.83818770e-02 2.26860841e-01
 1.19417476e-01 2.32686084e-01 9.90291262e-02 1.15857605e-01
 1.29126214e-01 3.65695793e-02 6.56957929e-02 0.00000000e+00
 4.20711974e-02 1.31715210e-01 8.67313916e-02 0.00000000e+00
 0.00000000e+00 2.02265372e-02 1.05825243e-01 1.77669903e-01
 2.92233010e-02 4.49838188e-02 0.00000000e+00 6.50485437e-02
 5.01618123e-03 0.00000000e+00 0.00000000e+00 0.00000000e+00
 3.43042071e-02 2.13592233e-02 1.59546926e-01 3.52750809e-02
 0.00000000e+00 2.53398058e-01 1.45631068e-01 2.01941748e-02
 9.48220065e-03 0.00000000e+00 1.22006472e-01 0.00000000e+00
 4.82200647e-02 9.32038835e-03 1.52103560e-01 0.00000000e+00
 4.95145631e-02 2.42718447e-03 1.11650485e-01 6.37540453e-03
 9.12621359e-02 0.00000000e+00 0.00000000e+00 0.00000000e+00]
pyseer
y_true:  [0. 1. 0. 0. 1. 0. 1. 0. 1. 1. 0. 0. 0. 0. 0. 0. 0. 0. 0. 0. 0. 0. 0. 0.
 0. 0. 0. 0. 0. 0. 0. 0. 0. 0. 0. 0. 0. 0. 0. 0. 0. 0. 0. 0. 0. 0. 0. 0.
 0. 0. 0. 0. 0. 0. 0. 0. 0. 0. 0. 0. 0. 0. 0. 0. 0. 0. 0. 0. 0. 0. 0. 0.
 0. 0. 0. 0. 0. 0. 0. 0. 0. 0. 0. 0. 0. 0. 0. 0. 0. 0. 0. 0. 0. 0. 0. 0.
 0. 0. 0. 0. 0. 0. 0. 0. 0. 0. 0. 0. 0. 0. 0. 0. 0. 0. 0. 0. 0. 0. 0. 0.
 0. 0. 0. 0. 0. 0. 0. 0. 0. 0. 0. 0. 0. 0. 0. 0. 0. 0. 0. 0. 0. 0. 0. 0.
 0. 0. 0. 0. 0. 0. 0. 0. 0. 0. 0. 0. 0. 0. 0. 0. 0. 0. 0. 0. 0. 0. 0. 0.
 0. 0. 0. 0. 0. 0. 0. 0. 0. 0. 0. 0. 0. 0. 0. 0. 0. 0. 0. 0. 0. 0. 0. 0.
 0. 0. 0. 0. 0. 0. 0. 0.]
y_pred:  [1. 1. 1. 1. 1. 1. 1. 1. 1. 1. 0. 0. 1. 0. 1. 1. 0. 1. 0. 0. 1. 0. 1. 1.
 1. 1. 0. 0. 1. 0. 0. 0. 0. 1. 0. 0. 0. 1. 1. 0. 0. 1. 0. 0. 0. 0. 0. 0.
 1. 0. 0. 1. 0. 0. 1. 0. 0. 0. 0. 0. 0. 0. 0. 1. 1. 0. 0. 1. 1. 0. 0. 0.
 0. 1. 0. 0. 0. 0. 0. 0. 0. 0. 0. 1. 0. 1. 1. 0. 0. 0. 0. 0. 0. 0. 1. 1.
 0. 1. 1. 1. 0. 0. 1. 0. 1. 0. 1. 0. 1. 0. 0. 0. 0. 0. 0. 1. 0. 1. 0. 0.
 0. 1. 0. 0. 0. 0. 0. 1. 0. 0. 1. 1. 1. 0. 0. 0. 1. 0. 0. 0. 0. 0. 1. 0.
 0. 0. 0. 0. 1. 0. 1. 1. 1. 1. 1. 1. 1. 0. 0. 0. 0. 1. 1. 0. 0. 0. 1. 1.
 0. 0. 0. 0. 0. 0. 0. 0. 0. 0. 1. 0. 0. 1. 1. 0. 0. 0. 1. 0. 0. 0. 1. 0.
 0. 0. 1. 0. 1. 0. 0. 0.]
Time taken: 21.679844856262207 seconds
Running combination 44 of 50
Fitting RandomForest...
Fitting Adaboost...
Fitting AdaBoost_2...
Fitting et...
Fitting gbc...
Fitting gbc_2...
Fitting gbc_3...
Fitting dt...
Fitting lr...
Fitting Lasso_1...
Fitting Lasso_2...
Fitting Lasso_3...
Fitting Lasso_4...
Fitting elasticnet...
VCF file created successfully.
pyseer stderr:  Read 1000 phenotypes
Detected continuous phenotype
Reading all variants

0variants [00:00, ?variants/s]
55variants [00:00, 544.83variants/s]
110variants [00:00, 484.39variants/s]
166variants [00:00, 515.26variants/s]
198variants [00:00, 519.57variants/s]
Applying correlation filtering

  0%|          | 0/198 [00:00<?, ?variants/s]
100%|██████████| 198/198 [00:00<00:00, 2711.67variants/s]
Fitting elastic net to top 148 variants
Best penalty (lambda) from cross-validation: 5.15E+00
Best R^2 from cross-validation: 0.574
Finding and printing selected variants
198 loaded variants
50 pre-filtered variants
148 tested variants
142 printed variants

True importance standardized:  [0.60823198 0.13592005 0.22485941 0.76917163 0.6397185  0.15711932
 0.62767635 0.95883291 1.         0.80682438 0.         0.
 0.         0.         0.         0.         0.         0.
 0.         0.         0.         0.         0.         0.
 0.         0.         0.         0.         0.         0.
 0.         0.         0.         0.         0.         0.
 0.         0.         0.         0.         0.         0.
 0.         0.         0.         0.         0.         0.
 0.         0.         0.         0.         0.         0.
 0.         0.         0.         0.         0.         0.
 0.         0.         0.         0.         0.         0.
 0.         0.         0.         0.         0.         0.
 0.         0.         0.         0.         0.         0.
 0.         0.         0.         0.         0.         0.
 0.         0.         0.         0.         0.         0.
 0.         0.         0.         0.         0.         0.
 0.         0.         0.         0.         0.         0.
 0.         0.         0.         0.         0.         0.
 0.         0.         0.         0.         0.         0.
 0.         0.         0.         0.         0.         0.
 0.         0.         0.         0.         0.         0.
 0.         0.         0.         0.         0.         0.
 0.         0.         0.         0.         0.         0.
 0.         0.         0.         0.         0.         0.
 0.         0.         0.         0.         0.         0.
 0.         0.         0.         0.         0.         0.
 0.         0.         0.         0.         0.         0.
 0.         0.         0.         0.         0.         0.
 0.         0.         0.         0.         0.         0.
 0.         0.         0.         0.         0.         0.
 0.         0.         0.         0.         0.         0.
 0.         0.         0.         0.         0.         0.
 0.         0.         0.         0.         0.         0.
 0.         0.        ]
Normalized importance:  [0.33969145 0.02929051 0.15791782 0.52041858 0.33693753 0.
 0.36772258 1.         0.78567739 0.62895334 0.         0.
 0.         0.         0.         0.         0.         0.
 0.         0.         0.         0.         0.         0.
 0.         0.         0.         0.         0.         0.
 0.         0.         0.         0.         0.         0.
 0.         0.         0.         0.         0.         0.03988378
 0.         0.         0.         0.         0.         0.
 0.         0.         0.         0.         0.01731116 0.
 0.         0.         0.         0.04074924 0.         0.
 0.         0.         0.         0.         0.         0.
 0.         0.         0.         0.         0.         0.
 0.         0.         0.         0.         0.         0.
 0.         0.         0.         0.         0.         0.
 0.         0.         0.         0.         0.         0.
 0.         0.         0.         0.         0.         0.
 0.         0.         0.         0.         0.         0.
 0.         0.         0.         0.         0.         0.
 0.         0.         0.         0.         0.         0.
 0.         0.         0.         0.         0.         0.
 0.04884171 0.06506668 0.         0.         0.         0.
 0.         0.         0.         0.         0.         0.
 0.         0.         0.         0.         0.         0.
 0.         0.         0.         0.         0.         0.
 0.         0.         0.         0.         0.         0.
 0.         0.         0.         0.         0.         0.
 0.         0.         0.         0.         0.         0.
 0.         0.         0.         0.         0.         0.
 0.         0.         0.         0.         0.         0.
 0.         0.         0.         0.         0.         0.
 0.         0.02150622 0.         0.         0.         0.05938426
 0.         0.         0.         0.         0.         0.
 0.         0.         0.         0.         0.         0.
 0.         0.        ]
deepbreaks
y_true:  [0. 0. 0. 1. 1. 0. 0. 1. 1. 1. 0. 0. 0. 0. 0. 0. 0. 0. 0. 0. 0. 0. 0. 0.
 0. 0. 0. 0. 0. 0. 0. 0. 0. 0. 0. 0. 0. 0. 0. 0. 0. 0. 0. 0. 0. 0. 0. 0.
 0. 0. 0. 0. 0. 0. 0. 0. 0. 0. 0. 0. 0. 0. 0. 0. 0. 0. 0. 0. 0. 0. 0. 0.
 0. 0. 0. 0. 0. 0. 0. 0. 0. 0. 0. 0. 0. 0. 0. 0. 0. 0. 0. 0. 0. 0. 0. 0.
 0. 0. 0. 0. 0. 0. 0. 0. 0. 0. 0. 0. 0. 0. 0. 0. 0. 0. 0. 0. 0. 0. 0. 0.
 0. 0. 0. 0. 0. 0. 0. 0. 0. 0. 0. 0. 0. 0. 0. 0. 0. 0. 0. 0. 0. 0. 0. 0.
 0. 0. 0. 0. 0. 0. 0. 0. 0. 0. 0. 0. 0. 0. 0. 0. 0. 0. 0. 0. 0. 0. 0. 0.
 0. 0. 0. 0. 0. 0. 0. 0. 0. 0. 0. 0. 0. 0. 0. 0. 0. 0. 0. 0. 0. 0. 0. 0.
 0. 0. 0. 0. 0. 0. 0. 0.]
y_pred:  [1. 0. 1. 1. 1. 0. 1. 1. 1. 1. 0. 0. 0. 0. 0. 0. 0. 0. 0. 0. 0. 0. 0. 0.
 0. 0. 0. 0. 0. 0. 0. 0. 0. 0. 0. 0. 0. 0. 0. 0. 0. 0. 0. 0. 0. 0. 0. 0.
 0. 0. 0. 0. 0. 0. 0. 0. 0. 0. 0. 0. 0. 0. 0. 0. 0. 0. 0. 0. 0. 0. 0. 0.
 0. 0. 0. 0. 0. 0. 0. 0. 0. 0. 0. 0. 0. 0. 0. 0. 0. 0. 0. 0. 0. 0. 0. 0.
 0. 0. 0. 0. 0. 0. 0. 0. 0. 0. 0. 0. 0. 0. 0. 0. 0. 0. 0. 0. 0. 0. 0. 0.
 0. 0. 0. 0. 0. 0. 0. 0. 0. 0. 0. 0. 0. 0. 0. 0. 0. 0. 0. 0. 0. 0. 0. 0.
 0. 0. 0. 0. 0. 0. 0. 0. 0. 0. 0. 0. 0. 0. 0. 0. 0. 0. 0. 0. 0. 0. 0. 0.
 0. 0. 0. 0. 0. 0. 0. 0. 0. 0. 0. 0. 0. 0. 0. 0. 0. 0. 0. 0. 0. 0. 0. 0.
 0. 0. 0. 0. 0. 0. 0. 0.]
Normalized importance:  [6.12121212e-01 2.66060606e-01 3.50303030e-01 8.30303030e-01
 7.27272727e-01 1.52727273e-01 7.27272727e-01 1.00000000e+00
 9.51515152e-01 8.90909091e-01 0.00000000e+00 5.94545455e-02
 0.00000000e+00 0.00000000e+00 0.00000000e+00 6.03030303e-02
 8.96969697e-02 6.66666667e-02 3.80000000e-02 7.21212121e-03
 3.04242424e-03 7.15151515e-03 0.00000000e+00 0.00000000e+00
 1.66060606e-01 0.00000000e+00 1.13333333e-02 0.00000000e+00
 0.00000000e+00 0.00000000e+00 1.95151515e-02 1.19393939e-01
 0.00000000e+00 3.78181818e-02 1.63636364e-02 0.00000000e+00
 8.42424242e-02 3.86666667e-02 7.03030303e-02 1.00000000e-01
 4.46060606e-02 9.15151515e-02 1.64848485e-01 0.00000000e+00
 7.39393939e-02 0.00000000e+00 4.08484848e-02 8.96969697e-02
 0.00000000e+00 2.70909091e-02 1.19393939e-01 2.83636364e-02
 1.91515152e-01 0.00000000e+00 2.83030303e-02 3.34545455e-02
 2.64848485e-02 9.27272727e-02 3.06666667e-02 1.43030303e-01
 1.81212121e-02 1.46666667e-01 0.00000000e+00 0.00000000e+00
 7.21212121e-02 1.03030303e-01 0.00000000e+00 1.85454545e-01
 7.33333333e-02 6.18181818e-02 8.36363636e-02 0.00000000e+00
 3.52727273e-02 0.00000000e+00 2.42424242e-02 1.08484848e-01
 7.09090909e-02 0.00000000e+00 1.13333333e-01 4.95151515e-02
 0.00000000e+00 3.40000000e-02 8.90909091e-03 0.00000000e+00
 9.81818182e-02 6.72727273e-02 3.86666667e-02 0.00000000e+00
 1.19393939e-01 2.64242424e-02 2.72727273e-02 1.30303030e-01
 1.55151515e-02 3.40000000e-02 4.48484848e-02 4.08484848e-02
 3.86666667e-02 1.01818182e-01 3.30909091e-02 7.45454545e-03
 0.00000000e+00 6.18181818e-02 0.00000000e+00 1.40000000e-01
 0.00000000e+00 6.66666667e-02 8.96969697e-02 0.00000000e+00
 8.36363636e-02 5.29090909e-02 2.59393939e-02 4.23636364e-02
 0.00000000e+00 0.00000000e+00 1.03636364e-01 0.00000000e+00
 1.57575758e-01 5.20606061e-02 0.00000000e+00 2.08484848e-02
 1.90909091e-01 3.01212121e-01 3.31515152e-02 0.00000000e+00
 0.00000000e+00 1.23636364e-02 0.00000000e+00 0.00000000e+00
 4.57575758e-02 4.93333333e-02 0.00000000e+00 6.84848485e-04
 1.05454545e-02 4.29090909e-02 1.17575758e-02 8.42424242e-03
 1.03030303e-01 1.50909091e-01 4.67878788e-02 6.48484848e-02
 2.79393939e-02 1.40000000e-01 6.48484848e-02 9.39393939e-02
 2.18181818e-03 7.45454545e-02 6.84848485e-02 3.71515152e-02
 6.12121212e-03 0.00000000e+00 1.93333333e-02 0.00000000e+00
 5.59393939e-02 0.00000000e+00 8.96969697e-03 0.00000000e+00
 9.15151515e-02 0.00000000e+00 1.03030303e-01 0.00000000e+00
 0.00000000e+00 7.45454545e-02 3.04848485e-02 8.90909091e-02
 3.09696970e-02 2.83030303e-02 0.00000000e+00 2.49090909e-02
 7.03030303e-02 9.03030303e-02 6.30303030e-02 0.00000000e+00
 2.78181818e-02 9.81818182e-02 5.19393939e-02 7.33333333e-02
 0.00000000e+00 5.72727273e-02 0.00000000e+00 0.00000000e+00
 5.81212121e-02 7.15151515e-02 2.07878788e-03 0.00000000e+00
 8.30303030e-02 1.70303030e-01 6.72727273e-02 0.00000000e+00
 2.27878788e-03 1.73333333e-01 0.00000000e+00 0.00000000e+00
 8.60606061e-03 0.00000000e+00 0.00000000e+00 1.21818182e-01
 9.57575758e-02 6.90909091e-03 0.00000000e+00 0.00000000e+00]
pyseer
y_true:  [0. 0. 0. 1. 1. 0. 0. 1. 1. 1. 0. 0. 0. 0. 0. 0. 0. 0. 0. 0. 0. 0. 0. 0.
 0. 0. 0. 0. 0. 0. 0. 0. 0. 0. 0. 0. 0. 0. 0. 0. 0. 0. 0. 0. 0. 0. 0. 0.
 0. 0. 0. 0. 0. 0. 0. 0. 0. 0. 0. 0. 0. 0. 0. 0. 0. 0. 0. 0. 0. 0. 0. 0.
 0. 0. 0. 0. 0. 0. 0. 0. 0. 0. 0. 0. 0. 0. 0. 0. 0. 0. 0. 0. 0. 0. 0. 0.
 0. 0. 0. 0. 0. 0. 0. 0. 0. 0. 0. 0. 0. 0. 0. 0. 0. 0. 0. 0. 0. 0. 0. 0.
 0. 0. 0. 0. 0. 0. 0. 0. 0. 0. 0. 0. 0. 0. 0. 0. 0. 0. 0. 0. 0. 0. 0. 0.
 0. 0. 0. 0. 0. 0. 0. 0. 0. 0. 0. 0. 0. 0. 0. 0. 0. 0. 0. 0. 0. 0. 0. 0.
 0. 0. 0. 0. 0. 0. 0. 0. 0. 0. 0. 0. 0. 0. 0. 0. 0. 0. 0. 0. 0. 0. 0. 0.
 0. 0. 0. 0. 0. 0. 0. 0.]
y_pred:  [1. 1. 1. 1. 1. 1. 1. 1. 1. 1. 0. 0. 0. 0. 0. 0. 1. 1. 0. 0. 0. 0. 0. 0.
 1. 0. 0. 0. 0. 0. 0. 1. 0. 0. 0. 0. 1. 0. 1. 1. 0. 1. 1. 0. 1. 0. 0. 1.
 0. 0. 1. 0. 1. 0. 0. 0. 0. 1. 0. 1. 0. 1. 0. 0. 1. 1. 0. 1. 1. 0. 1. 0.
 0. 0. 0. 1. 1. 0. 1. 0. 0. 0. 0. 0. 1. 1. 0. 0. 1. 0. 0. 1. 0. 0. 0. 0.
 0. 1. 0. 0. 0. 0. 0. 1. 0. 1. 1. 0. 1. 0. 0. 0. 0. 0. 1. 0. 1. 0. 0. 0.
 1. 1. 0. 0. 0. 0. 0. 0. 0. 0. 0. 0. 0. 0. 0. 0. 1. 1. 0. 1. 0. 1. 1. 1.
 0. 1. 1. 0. 0. 0. 0. 0. 0. 0. 0. 0. 1. 0. 1. 0. 0. 1. 0. 1. 0. 0. 0. 0.
 1. 1. 1. 0. 0. 1. 0. 1. 0. 0. 0. 0. 0. 1. 0. 0. 1. 1. 1. 0. 0. 1. 0. 0.
 0. 0. 0. 1. 1. 0. 0. 0.]
Time taken: 21.836475372314453 seconds
Running combination 45 of 50
Fitting RandomForest...
Fitting Adaboost...
Fitting AdaBoost_2...
Fitting et...
Fitting gbc...
Fitting gbc_2...
Fitting gbc_3...
Fitting dt...
Fitting lr...
Fitting Lasso_1...
Fitting Lasso_2...
Fitting Lasso_3...
Fitting Lasso_4...
Fitting elasticnet...
VCF file created successfully.
pyseer stderr:  Read 1000 phenotypes
Detected continuous phenotype
Reading all variants

0variants [00:00, ?variants/s]
53variants [00:00, 527.39variants/s]
106variants [00:00, 472.27variants/s]
161variants [00:00, 503.92variants/s]
198variants [00:00, 509.04variants/s]
Applying correlation filtering

  0%|          | 0/198 [00:00<?, ?variants/s]
100%|██████████| 198/198 [00:00<00:00, 2700.95variants/s]
Fitting elastic net to top 148 variants
Best penalty (lambda) from cross-validation: 2.16E+01
Best R^2 from cross-validation: 0.544
Finding and printing selected variants
198 loaded variants
50 pre-filtered variants
148 tested variants
144 printed variants

True importance standardized:  [1.         0.8986647  0.49052524 0.61761958 0.33998934 0.93205826
 0.91624648 0.49459467 0.95330653 0.31140981 0.         0.
 0.         0.         0.         0.         0.         0.
 0.         0.         0.         0.         0.         0.
 0.         0.         0.         0.         0.         0.
 0.         0.         0.         0.         0.         0.
 0.         0.         0.         0.         0.         0.
 0.         0.         0.         0.         0.         0.
 0.         0.         0.         0.         0.         0.
 0.         0.         0.         0.         0.         0.
 0.         0.         0.         0.         0.         0.
 0.         0.         0.         0.         0.         0.
 0.         0.         0.         0.         0.         0.
 0.         0.         0.         0.         0.         0.
 0.         0.         0.         0.         0.         0.
 0.         0.         0.         0.         0.         0.
 0.         0.         0.         0.         0.         0.
 0.         0.         0.         0.         0.         0.
 0.         0.         0.         0.         0.         0.
 0.         0.         0.         0.         0.         0.
 0.         0.         0.         0.         0.         0.
 0.         0.         0.         0.         0.         0.
 0.         0.         0.         0.         0.         0.
 0.         0.         0.         0.         0.         0.
 0.         0.         0.         0.         0.         0.
 0.         0.         0.         0.         0.         0.
 0.         0.         0.         0.         0.         0.
 0.         0.         0.         0.         0.         0.
 0.         0.         0.         0.         0.         0.
 0.         0.         0.         0.         0.         0.
 0.         0.         0.         0.         0.         0.
 0.         0.         0.         0.         0.         0.
 0.         0.         0.         0.         0.         0.
 0.         0.        ]
Normalized importance:  [0.96361027 1.         0.32652891 0.34005151 0.28622945 0.62935012
 0.54854017 0.17197774 0.77838789 0.08388827 0.         0.
 0.         0.         0.         0.         0.         0.
 0.         0.         0.         0.         0.         0.
 0.         0.         0.         0.         0.         0.
 0.         0.         0.         0.         0.         0.07267473
 0.         0.         0.         0.         0.         0.
 0.         0.         0.         0.         0.         0.
 0.         0.         0.         0.         0.         0.
 0.         0.0281637  0.         0.         0.         0.
 0.         0.         0.         0.         0.         0.
 0.         0.         0.         0.         0.         0.
 0.         0.         0.         0.         0.         0.
 0.         0.         0.         0.         0.         0.
 0.         0.         0.         0.         0.         0.
 0.         0.         0.         0.         0.         0.
 0.         0.         0.         0.         0.         0.
 0.         0.         0.         0.         0.         0.
 0.         0.         0.         0.         0.         0.
 0.         0.         0.         0.         0.         0.
 0.         0.         0.         0.         0.0082371  0.
 0.         0.         0.         0.         0.         0.
 0.         0.         0.         0.         0.         0.
 0.         0.         0.         0.         0.         0.
 0.01662598 0.         0.         0.         0.         0.
 0.         0.         0.         0.         0.         0.
 0.         0.         0.         0.         0.         0.
 0.         0.         0.         0.         0.         0.
 0.         0.         0.         0.         0.         0.
 0.         0.         0.         0.         0.         0.
 0.         0.         0.         0.         0.         0.
 0.         0.         0.         0.         0.         0.03724386
 0.         0.         0.         0.         0.         0.
 0.         0.        ]
deepbreaks
y_true:  [1. 1. 0. 0. 0. 1. 1. 0. 1. 0. 0. 0. 0. 0. 0. 0. 0. 0. 0. 0. 0. 0. 0. 0.
 0. 0. 0. 0. 0. 0. 0. 0. 0. 0. 0. 0. 0. 0. 0. 0. 0. 0. 0. 0. 0. 0. 0. 0.
 0. 0. 0. 0. 0. 0. 0. 0. 0. 0. 0. 0. 0. 0. 0. 0. 0. 0. 0. 0. 0. 0. 0. 0.
 0. 0. 0. 0. 0. 0. 0. 0. 0. 0. 0. 0. 0. 0. 0. 0. 0. 0. 0. 0. 0. 0. 0. 0.
 0. 0. 0. 0. 0. 0. 0. 0. 0. 0. 0. 0. 0. 0. 0. 0. 0. 0. 0. 0. 0. 0. 0. 0.
 0. 0. 0. 0. 0. 0. 0. 0. 0. 0. 0. 0. 0. 0. 0. 0. 0. 0. 0. 0. 0. 0. 0. 0.
 0. 0. 0. 0. 0. 0. 0. 0. 0. 0. 0. 0. 0. 0. 0. 0. 0. 0. 0. 0. 0. 0. 0. 0.
 0. 0. 0. 0. 0. 0. 0. 0. 0. 0. 0. 0. 0. 0. 0. 0. 0. 0. 0. 0. 0. 0. 0. 0.
 0. 0. 0. 0. 0. 0. 0. 0.]
y_pred:  [1. 1. 1. 1. 1. 1. 1. 0. 1. 0. 0. 0. 0. 0. 0. 0. 0. 0. 0. 0. 0. 0. 0. 0.
 0. 0. 0. 0. 0. 0. 0. 0. 0. 0. 0. 0. 0. 0. 0. 0. 0. 0. 0. 0. 0. 0. 0. 0.
 0. 0. 0. 0. 0. 0. 0. 0. 0. 0. 0. 0. 0. 0. 0. 0. 0. 0. 0. 0. 0. 0. 0. 0.
 0. 0. 0. 0. 0. 0. 0. 0. 0. 0. 0. 0. 0. 0. 0. 0. 0. 0. 0. 0. 0. 0. 0. 0.
 0. 0. 0. 0. 0. 0. 0. 0. 0. 0. 0. 0. 0. 0. 0. 0. 0. 0. 0. 0. 0. 0. 0. 0.
 0. 0. 0. 0. 0. 0. 0. 0. 0. 0. 0. 0. 0. 0. 0. 0. 0. 0. 0. 0. 0. 0. 0. 0.
 0. 0. 0. 0. 0. 0. 0. 0. 0. 0. 0. 0. 0. 0. 0. 0. 0. 0. 0. 0. 0. 0. 0. 0.
 0. 0. 0. 0. 0. 0. 0. 0. 0. 0. 0. 0. 0. 0. 0. 0. 0. 0. 0. 0. 0. 0. 0. 0.
 0. 0. 0. 0. 0. 0. 0. 0.]
Normalized importance:  [1.00000000e+00 9.34182590e-01 5.37154989e-01 6.02972399e-01
 4.92569002e-01 8.68365180e-01 7.57961783e-01 4.43736730e-01
 9.08704883e-01 3.88535032e-01 1.25477707e-03 0.00000000e+00
 0.00000000e+00 1.16985138e-01 9.53290870e-03 7.30360934e-02
 0.00000000e+00 5.45647558e-02 0.00000000e+00 0.00000000e+00
 6.64543524e-02 4.33121019e-02 1.14437367e-01 1.11677282e-01
 9.70276008e-02 6.87898089e-02 3.16348195e-02 0.00000000e+00
 1.00424628e-01 8.76857749e-02 0.00000000e+00 3.63057325e-02
 1.39278132e-01 3.88535032e-02 1.60297240e-01 2.20806794e-01
 5.90233546e-02 0.00000000e+00 1.14861996e-01 1.08067941e-01
 0.00000000e+00 0.00000000e+00 2.48407643e-01 5.09554140e-02
 0.00000000e+00 0.00000000e+00 1.10403397e-01 0.00000000e+00
 4.24628450e-02 6.58174098e-02 1.90233546e-01 5.49893843e-02
 1.81528662e-01 0.00000000e+00 0.00000000e+00 1.22505308e-01
 7.96178344e-02 0.00000000e+00 9.78768577e-02 1.69851380e-01
 0.00000000e+00 6.51804671e-02 1.85138004e-02 0.00000000e+00
 0.00000000e+00 9.06581741e-02 0.00000000e+00 1.41188960e-01
 5.96602972e-02 6.19957537e-02 9.55414013e-02 1.51592357e-01
 5.77494692e-02 1.03609342e-02 3.75796178e-02 0.00000000e+00
 7.62208068e-02 1.22929936e-01 0.00000000e+00 0.00000000e+00
 8.87473461e-02 1.23142251e-01 8.28025478e-02 4.01273885e-02
 1.71549894e-01 2.00424628e-01 1.52866242e-01 7.09129512e-02
 0.00000000e+00 0.00000000e+00 1.14437367e-01 0.00000000e+00
 4.33121019e-02 2.20806794e-01 1.94267516e-02 1.90658174e-01
 1.65392781e-02 1.06581741e-01 6.85774947e-02 1.29511677e-02
 1.30785563e-01 9.87261146e-04 3.22717622e-02 2.95116773e-02
 2.90870488e-02 2.39915074e-02 1.59023355e-02 7.81316348e-02
 0.00000000e+00 4.01273885e-02 3.97027601e-02 2.05732484e-02
 2.20806794e-02 0.00000000e+00 3.94904459e-02 5.37154989e-02
 0.00000000e+00 2.35668790e-02 2.33545648e-02 1.90021231e-01
 0.00000000e+00 1.50955414e-02 0.00000000e+00 1.74097665e-01
 4.35244161e-03 5.37154989e-02 1.21231423e-01 0.00000000e+00
 1.33333333e-01 3.90658174e-02 0.00000000e+00 0.00000000e+00
 0.00000000e+00 1.23779193e-02 0.00000000e+00 6.41188960e-02
 1.27600849e-01 0.00000000e+00 9.63906582e-02 7.02760085e-02
 9.36305732e-02 0.00000000e+00 0.00000000e+00 1.73248408e-01
 1.87048832e-01 9.36305732e-02 1.38004246e-01 8.06794055e-02
 0.00000000e+00 9.61783439e-02 2.50530786e-02 0.00000000e+00
 2.76008493e-02 0.00000000e+00 0.00000000e+00 0.00000000e+00
 0.00000000e+00 1.33333333e-01 9.25690021e-02 4.05520170e-02
 1.07218684e-01 0.00000000e+00 6.41188960e-02 0.00000000e+00
 2.50530786e-03 5.39278132e-02 3.20594480e-02 6.51804671e-02
 1.00000000e-01 9.12951168e-02 7.55838641e-02 4.77707006e-02
 0.00000000e+00 1.46709130e-01 0.00000000e+00 5.41401274e-02
 2.44161359e-02 5.35031847e-02 1.50318471e-01 2.73885350e-02
 9.27813163e-02 7.30360934e-02 1.77070064e-01 0.00000000e+00
 0.00000000e+00 9.46921444e-02 8.42887473e-02 0.00000000e+00
 3.80042463e-03 0.00000000e+00 1.12738854e-01 8.85350318e-02
 1.01486200e-01 1.13375796e-01 9.21443737e-02 6.90021231e-02
 9.17197452e-03 0.00000000e+00 0.00000000e+00 0.00000000e+00]
pyseer
y_true:  [1. 1. 0. 0. 0. 1. 1. 0. 1. 0. 0. 0. 0. 0. 0. 0. 0. 0. 0. 0. 0. 0. 0. 0.
 0. 0. 0. 0. 0. 0. 0. 0. 0. 0. 0. 0. 0. 0. 0. 0. 0. 0. 0. 0. 0. 0. 0. 0.
 0. 0. 0. 0. 0. 0. 0. 0. 0. 0. 0. 0. 0. 0. 0. 0. 0. 0. 0. 0. 0. 0. 0. 0.
 0. 0. 0. 0. 0. 0. 0. 0. 0. 0. 0. 0. 0. 0. 0. 0. 0. 0. 0. 0. 0. 0. 0. 0.
 0. 0. 0. 0. 0. 0. 0. 0. 0. 0. 0. 0. 0. 0. 0. 0. 0. 0. 0. 0. 0. 0. 0. 0.
 0. 0. 0. 0. 0. 0. 0. 0. 0. 0. 0. 0. 0. 0. 0. 0. 0. 0. 0. 0. 0. 0. 0. 0.
 0. 0. 0. 0. 0. 0. 0. 0. 0. 0. 0. 0. 0. 0. 0. 0. 0. 0. 0. 0. 0. 0. 0. 0.
 0. 0. 0. 0. 0. 0. 0. 0. 0. 0. 0. 0. 0. 0. 0. 0. 0. 0. 0. 0. 0. 0. 0. 0.
 0. 0. 0. 0. 0. 0. 0. 0.]
y_pred:  [1. 1. 1. 1. 1. 1. 1. 1. 1. 1. 0. 0. 0. 1. 0. 0. 0. 0. 0. 0. 0. 0. 1. 1.
 1. 0. 0. 0. 1. 1. 0. 0. 1. 0. 1. 1. 0. 0. 1. 1. 0. 0. 1. 0. 0. 0. 1. 0.
 0. 0. 1. 0. 1. 0. 0. 1. 0. 0. 1. 1. 0. 0. 0. 0. 0. 1. 0. 1. 0. 0. 1. 1.
 0. 0. 0. 0. 0. 1. 0. 0. 1. 1. 1. 0. 1. 1. 1. 0. 0. 0. 1. 0. 0. 1. 0. 1.
 0. 1. 0. 0. 1. 0. 0. 0. 0. 0. 0. 0. 0. 0. 0. 0. 0. 0. 0. 0. 0. 0. 0. 1.
 0. 0. 0. 1. 0. 0. 1. 0. 1. 0. 0. 0. 0. 0. 0. 0. 1. 0. 1. 0. 1. 0. 0. 1.
 1. 1. 1. 0. 0. 1. 0. 0. 0. 0. 0. 0. 0. 1. 1. 0. 1. 0. 0. 0. 0. 0. 0. 0.
 1. 1. 0. 0. 0. 1. 0. 0. 0. 0. 1. 0. 1. 0. 1. 0. 0. 1. 1. 0. 0. 0. 1. 1.
 1. 1. 1. 0. 0. 0. 0. 0.]
Time taken: 21.870117902755737 seconds
Running combination 46 of 50
Fitting RandomForest...
Fitting Adaboost...
Fitting AdaBoost_2...
Fitting et...
Fitting gbc...
Fitting gbc_2...
Fitting gbc_3...
Fitting dt...
Fitting lr...
Fitting Lasso_1...
Fitting Lasso_2...
Fitting Lasso_3...
Fitting Lasso_4...
Fitting elasticnet...
VCF file created successfully.
pyseer stderr:  Read 1000 phenotypes
Detected continuous phenotype
Reading all variants

0variants [00:00, ?variants/s]
57variants [00:00, 560.95variants/s]
114variants [00:00, 495.03variants/s]
170variants [00:00, 521.93variants/s]
198variants [00:00, 525.44variants/s]
Applying correlation filtering

  0%|          | 0/198 [00:00<?, ?variants/s]
100%|██████████| 198/198 [00:00<00:00, 2659.37variants/s]
Fitting elastic net to top 148 variants
Best penalty (lambda) from cross-validation: 2.08E+00
Best R^2 from cross-validation: 0.548
Finding and printing selected variants
198 loaded variants
50 pre-filtered variants
148 tested variants
142 printed variants

True importance standardized:  [0.14615678 0.86943811 0.13557058 0.68251773 0.83536138 0.30712712
 0.38980428 0.49907034 1.         0.22157824 0.         0.
 0.         0.         0.         0.         0.         0.
 0.         0.         0.         0.         0.         0.
 0.         0.         0.         0.         0.         0.
 0.         0.         0.         0.         0.         0.
 0.         0.         0.         0.         0.         0.
 0.         0.         0.         0.         0.         0.
 0.         0.         0.         0.         0.         0.
 0.         0.         0.         0.         0.         0.
 0.         0.         0.         0.         0.         0.
 0.         0.         0.         0.         0.         0.
 0.         0.         0.         0.         0.         0.
 0.         0.         0.         0.         0.         0.
 0.         0.         0.         0.         0.         0.
 0.         0.         0.         0.         0.         0.
 0.         0.         0.         0.         0.         0.
 0.         0.         0.         0.         0.         0.
 0.         0.         0.         0.         0.         0.
 0.         0.         0.         0.         0.         0.
 0.         0.         0.         0.         0.         0.
 0.         0.         0.         0.         0.         0.
 0.         0.         0.         0.         0.         0.
 0.         0.         0.         0.         0.         0.
 0.         0.         0.         0.         0.         0.
 0.         0.         0.         0.         0.         0.
 0.         0.         0.         0.         0.         0.
 0.         0.         0.         0.         0.         0.
 0.         0.         0.         0.         0.         0.
 0.         0.         0.         0.         0.         0.
 0.         0.         0.         0.         0.         0.
 0.         0.         0.         0.         0.         0.
 0.         0.         0.         0.         0.         0.
 0.         0.        ]
Normalized importance:  [0.         0.81300069 0.         0.62290517 0.75208981 0.17330596
 0.26987545 0.18547862 1.         0.07273317 0.         0.
 0.         0.         0.         0.         0.         0.
 0.         0.         0.         0.         0.         0.
 0.         0.         0.         0.         0.         0.
 0.         0.         0.         0.         0.         0.
 0.         0.         0.         0.         0.         0.
 0.         0.         0.         0.         0.         0.
 0.         0.         0.         0.         0.         0.
 0.         0.         0.         0.         0.         0.
 0.         0.         0.         0.         0.         0.
 0.         0.         0.         0.         0.         0.
 0.         0.         0.         0.         0.         0.
 0.         0.         0.         0.         0.         0.
 0.         0.         0.         0.         0.         0.
 0.         0.         0.         0.         0.         0.
 0.         0.         0.         0.         0.         0.
 0.         0.         0.         0.         0.         0.
 0.         0.         0.         0.         0.         0.
 0.         0.         0.         0.         0.         0.
 0.         0.         0.         0.         0.         0.
 0.         0.         0.         0.         0.         0.
 0.         0.         0.         0.         0.         0.
 0.         0.         0.         0.         0.         0.
 0.         0.         0.         0.         0.         0.
 0.         0.         0.         0.         0.         0.
 0.         0.         0.         0.         0.         0.
 0.         0.         0.         0.         0.         0.
 0.         0.         0.         0.         0.         0.
 0.         0.         0.         0.         0.         0.
 0.         0.         0.         0.         0.         0.
 0.         0.         0.01000439 0.         0.         0.
 0.03121042 0.         0.         0.         0.         0.02063331
 0.         0.        ]
deepbreaks
y_true:  [0. 1. 0. 1. 1. 0. 0. 1. 1. 0. 0. 0. 0. 0. 0. 0. 0. 0. 0. 0. 0. 0. 0. 0.
 0. 0. 0. 0. 0. 0. 0. 0. 0. 0. 0. 0. 0. 0. 0. 0. 0. 0. 0. 0. 0. 0. 0. 0.
 0. 0. 0. 0. 0. 0. 0. 0. 0. 0. 0. 0. 0. 0. 0. 0. 0. 0. 0. 0. 0. 0. 0. 0.
 0. 0. 0. 0. 0. 0. 0. 0. 0. 0. 0. 0. 0. 0. 0. 0. 0. 0. 0. 0. 0. 0. 0. 0.
 0. 0. 0. 0. 0. 0. 0. 0. 0. 0. 0. 0. 0. 0. 0. 0. 0. 0. 0. 0. 0. 0. 0. 0.
 0. 0. 0. 0. 0. 0. 0. 0. 0. 0. 0. 0. 0. 0. 0. 0. 0. 0. 0. 0. 0. 0. 0. 0.
 0. 0. 0. 0. 0. 0. 0. 0. 0. 0. 0. 0. 0. 0. 0. 0. 0. 0. 0. 0. 0. 0. 0. 0.
 0. 0. 0. 0. 0. 0. 0. 0. 0. 0. 0. 0. 0. 0. 0. 0. 0. 0. 0. 0. 0. 0. 0. 0.
 0. 0. 0. 0. 0. 0. 0. 0.]
y_pred:  [0. 1. 0. 1. 1. 0. 1. 1. 1. 0. 0. 0. 0. 0. 0. 0. 0. 0. 0. 0. 0. 0. 0. 0.
 0. 0. 0. 0. 0. 0. 0. 0. 0. 0. 0. 0. 0. 0. 0. 0. 0. 0. 0. 0. 0. 0. 0. 0.
 0. 0. 0. 0. 0. 0. 0. 0. 0. 0. 0. 0. 0. 0. 0. 0. 0. 0. 0. 0. 0. 0. 0. 0.
 0. 0. 0. 0. 0. 0. 0. 0. 0. 0. 0. 0. 0. 0. 0. 0. 0. 0. 0. 0. 0. 0. 0. 0.
 0. 0. 0. 0. 0. 0. 0. 0. 0. 0. 0. 0. 0. 0. 0. 0. 0. 0. 0. 0. 0. 0. 0. 0.
 0. 0. 0. 0. 0. 0. 0. 0. 0. 0. 0. 0. 0. 0. 0. 0. 0. 0. 0. 0. 0. 0. 0. 0.
 0. 0. 0. 0. 0. 0. 0. 0. 0. 0. 0. 0. 0. 0. 0. 0. 0. 0. 0. 0. 0. 0. 0. 0.
 0. 0. 0. 0. 0. 0. 0. 0. 0. 0. 0. 0. 0. 0. 0. 0. 0. 0. 0. 0. 0. 0. 0. 0.
 0. 0. 0. 0. 0. 0. 0. 0.]
Normalized importance:  [0.089141   0.79092382 0.14311183 0.70016207 0.80226904 0.31766613
 0.38735818 0.44894652 1.         0.23176661 0.         0.04100486
 0.003047   0.         0.         0.04068071 0.04003241 0.
 0.04910859 0.00192869 0.         0.03922204 0.         0.05915721
 0.04538088 0.08411669 0.04181524 0.08995138 0.05980551 0.00858995
 0.07941653 0.06207455 0.05105348 0.         0.08606159 0.06401945
 0.00471637 0.14829822 0.         0.         0.05640194 0.09270665
 0.         0.         0.         0.         0.         0.
 0.03517018 0.11863857 0.         0.         0.01316045 0.
 0.         0.07552674 0.05591572 0.03306321 0.05510535 0.02058347
 0.04667747 0.01181524 0.07552674 0.         0.         0.03322528
 0.02333874 0.00385737 0.07730956 0.         0.00259319 0.0452188
 0.05380875 0.04910859 0.06288493 0.03290113 0.03792545 0.02220421
 0.08508914 0.         0.04635332 0.         0.         0.0184765
 0.16693679 0.         0.06272285 0.03176661 0.11734198 0.
 0.11474878 0.10567261 0.         0.02090762 0.04797407 0.01264182
 0.         0.         0.         0.03047002 0.         0.03209076
 0.04570502 0.11166937 0.06418152 0.08363047 0.01928687 0.04230146
 0.0356564  0.         0.00131442 0.06515397 0.         0.07730956
 0.02576985 0.04667747 0.         0.02982172 0.06175041 0.13435981
 0.0471637  0.         0.00424635 0.04197731 0.08411669 0.
 0.03873582 0.05089141 0.05202593 0.08444084 0.15883306 0.02155592
 0.0541329  0.06936791 0.         0.03549433 0.         0.06580227
 0.         0.00750405 0.         0.         0.         0.05218801
 0.0197731  0.         0.08411669 0.         0.         0.03824959
 0.02042139 0.09400324 0.03403566 0.07941653 0.06466775 0.02479741
 0.         0.06175041 0.06564019 0.         0.02431118 0.14781199
 0.12901135 0.01249595 0.00367909 0.03014587 0.07990276 0.
 0.01636953 0.         0.09886548 0.00533225 0.08654781 0.0121718
 0.06223663 0.         0.0554295  0.03273906 0.0178282  0.
 0.         0.         0.13679092 0.00269044 0.05494327 0.10907618
 0.11264182 0.04376013 0.0923825  0.         0.0267423  0.05121556
 0.18476499 0.05510535 0.         0.08768233 0.06094003 0.12998379
 0.         0.        ]
pyseer
y_true:  [0. 1. 0. 1. 1. 0. 0. 1. 1. 0. 0. 0. 0. 0. 0. 0. 0. 0. 0. 0. 0. 0. 0. 0.
 0. 0. 0. 0. 0. 0. 0. 0. 0. 0. 0. 0. 0. 0. 0. 0. 0. 0. 0. 0. 0. 0. 0. 0.
 0. 0. 0. 0. 0. 0. 0. 0. 0. 0. 0. 0. 0. 0. 0. 0. 0. 0. 0. 0. 0. 0. 0. 0.
 0. 0. 0. 0. 0. 0. 0. 0. 0. 0. 0. 0. 0. 0. 0. 0. 0. 0. 0. 0. 0. 0. 0. 0.
 0. 0. 0. 0. 0. 0. 0. 0. 0. 0. 0. 0. 0. 0. 0. 0. 0. 0. 0. 0. 0. 0. 0. 0.
 0. 0. 0. 0. 0. 0. 0. 0. 0. 0. 0. 0. 0. 0. 0. 0. 0. 0. 0. 0. 0. 0. 0. 0.
 0. 0. 0. 0. 0. 0. 0. 0. 0. 0. 0. 0. 0. 0. 0. 0. 0. 0. 0. 0. 0. 0. 0. 0.
 0. 0. 0. 0. 0. 0. 0. 0. 0. 0. 0. 0. 0. 0. 0. 0. 0. 0. 0. 0. 0. 0. 0. 0.
 0. 0. 0. 0. 0. 0. 0. 0.]
y_pred:  [1. 1. 1. 1. 1. 1. 1. 1. 1. 1. 0. 0. 0. 0. 0. 0. 0. 0. 0. 0. 0. 0. 0. 1.
 0. 1. 0. 1. 1. 0. 1. 1. 0. 0. 1. 1. 0. 1. 0. 0. 1. 1. 0. 0. 0. 0. 0. 0.
 0. 1. 0. 0. 0. 0. 0. 1. 1. 0. 1. 0. 0. 0. 1. 0. 0. 0. 0. 0. 1. 0. 0. 0.
 1. 0. 1. 0. 0. 0. 1. 0. 0. 0. 0. 0. 1. 0. 1. 0. 1. 0. 1. 1. 0. 0. 0. 0.
 0. 0. 0. 0. 0. 0. 0. 1. 1. 1. 0. 0. 0. 0. 0. 1. 0. 1. 0. 0. 0. 0. 1. 1.
 0. 0. 0. 0. 1. 0. 0. 0. 0. 1. 1. 0. 1. 1. 0. 0. 0. 1. 0. 0. 0. 0. 0. 0.
 0. 0. 1. 0. 0. 0. 0. 1. 0. 1. 1. 0. 0. 1. 1. 0. 0. 1. 1. 0. 0. 0. 1. 0.
 0. 0. 1. 0. 1. 0. 1. 0. 1. 0. 0. 0. 0. 0. 1. 0. 1. 1. 1. 0. 1. 0. 0. 0.
 1. 1. 0. 1. 1. 1. 0. 0.]
Time taken: 21.00931715965271 seconds
Running combination 47 of 50
Fitting RandomForest...
Fitting Adaboost...
Fitting AdaBoost_2...
Fitting et...
Fitting gbc...
Fitting gbc_2...
Fitting gbc_3...
Fitting dt...
Fitting lr...
Fitting Lasso_1...
Fitting Lasso_2...
Fitting Lasso_3...
Fitting Lasso_4...
Fitting elasticnet...
VCF file created successfully.
pyseer stderr:  Read 1000 phenotypes
Detected continuous phenotype
Reading all variants

0variants [00:00, ?variants/s]
54variants [00:00, 535.72variants/s]
108variants [00:00, 473.24variants/s]
161variants [00:00, 495.09variants/s]
198variants [00:00, 502.98variants/s]
Applying correlation filtering

  0%|          | 0/198 [00:00<?, ?variants/s]
100%|██████████| 198/198 [00:00<00:00, 2691.44variants/s]
Fitting elastic net to top 148 variants
Best penalty (lambda) from cross-validation: 4.53E+00
Best R^2 from cross-validation: 0.590
Finding and printing selected variants
198 loaded variants
50 pre-filtered variants
148 tested variants
145 printed variants

True importance standardized:  [0.76601327 0.3482102  0.45549211 0.69369173 0.82962847 0.98077977
 1.         0.75977938 0.72853103 0.18889026 0.         0.
 0.         0.         0.         0.         0.         0.
 0.         0.         0.         0.         0.         0.
 0.         0.         0.         0.         0.         0.
 0.         0.         0.         0.         0.         0.
 0.         0.         0.         0.         0.         0.
 0.         0.         0.         0.         0.         0.
 0.         0.         0.         0.         0.         0.
 0.         0.         0.         0.         0.         0.
 0.         0.         0.         0.         0.         0.
 0.         0.         0.         0.         0.         0.
 0.         0.         0.         0.         0.         0.
 0.         0.         0.         0.         0.         0.
 0.         0.         0.         0.         0.         0.
 0.         0.         0.         0.         0.         0.
 0.         0.         0.         0.         0.         0.
 0.         0.         0.         0.         0.         0.
 0.         0.         0.         0.         0.         0.
 0.         0.         0.         0.         0.         0.
 0.         0.         0.         0.         0.         0.
 0.         0.         0.         0.         0.         0.
 0.         0.         0.         0.         0.         0.
 0.         0.         0.         0.         0.         0.
 0.         0.         0.         0.         0.         0.
 0.         0.         0.         0.         0.         0.
 0.         0.         0.         0.         0.         0.
 0.         0.         0.         0.         0.         0.
 0.         0.         0.         0.         0.         0.
 0.         0.         0.         0.         0.         0.
 0.         0.         0.         0.         0.         0.
 0.         0.         0.         0.         0.         0.
 0.         0.         0.         0.         0.         0.
 0.         0.        ]
Normalized importance:  [0.3786007  0.23651796 0.15984942 0.58595415 0.61075017 1.
 0.76477508 0.43732519 0.50110645 0.         0.         0.
 0.         0.         0.         0.         0.         0.
 0.         0.         0.         0.         0.         0.
 0.         0.         0.         0.         0.         0.
 0.         0.         0.         0.         0.         0.
 0.         0.         0.         0.         0.         0.
 0.         0.         0.         0.         0.         0.
 0.         0.         0.02417896 0.         0.         0.0190336
 0.         0.         0.         0.         0.         0.
 0.         0.         0.         0.         0.         0.
 0.         0.         0.         0.         0.         0.
 0.         0.         0.         0.         0.         0.
 0.         0.         0.         0.         0.         0.
 0.         0.         0.         0.         0.         0.
 0.         0.         0.         0.         0.         0.
 0.         0.         0.         0.         0.         0.
 0.         0.         0.         0.         0.         0.
 0.         0.         0.         0.05700039 0.         0.
 0.         0.01835999 0.         0.         0.         0.
 0.         0.         0.         0.         0.         0.
 0.         0.         0.         0.         0.         0.
 0.         0.         0.         0.         0.         0.
 0.         0.         0.         0.         0.         0.
 0.         0.         0.         0.         0.         0.
 0.         0.         0.         0.         0.         0.
 0.         0.         0.         0.         0.         0.
 0.         0.         0.         0.         0.         0.
 0.         0.         0.         0.         0.         0.
 0.         0.         0.         0.         0.         0.
 0.         0.         0.         0.         0.         0.
 0.         0.         0.         0.         0.         0.
 0.         0.         0.         0.04063937 0.         0.
 0.         0.        ]
deepbreaks
y_true:  [1. 0. 0. 0. 1. 1. 1. 1. 0. 0. 0. 0. 0. 0. 0. 0. 0. 0. 0. 0. 0. 0. 0. 0.
 0. 0. 0. 0. 0. 0. 0. 0. 0. 0. 0. 0. 0. 0. 0. 0. 0. 0. 0. 0. 0. 0. 0. 0.
 0. 0. 0. 0. 0. 0. 0. 0. 0. 0. 0. 0. 0. 0. 0. 0. 0. 0. 0. 0. 0. 0. 0. 0.
 0. 0. 0. 0. 0. 0. 0. 0. 0. 0. 0. 0. 0. 0. 0. 0. 0. 0. 0. 0. 0. 0. 0. 0.
 0. 0. 0. 0. 0. 0. 0. 0. 0. 0. 0. 0. 0. 0. 0. 0. 0. 0. 0. 0. 0. 0. 0. 0.
 0. 0. 0. 0. 0. 0. 0. 0. 0. 0. 0. 0. 0. 0. 0. 0. 0. 0. 0. 0. 0. 0. 0. 0.
 0. 0. 0. 0. 0. 0. 0. 0. 0. 0. 0. 0. 0. 0. 0. 0. 0. 0. 0. 0. 0. 0. 0. 0.
 0. 0. 0. 0. 0. 0. 0. 0. 0. 0. 0. 0. 0. 0. 0. 0. 0. 0. 0. 0. 0. 0. 0. 0.
 0. 0. 0. 0. 0. 0. 0. 0.]
y_pred:  [1. 0. 0. 1. 1. 1. 1. 1. 1. 0. 0. 0. 0. 0. 0. 0. 0. 0. 0. 0. 0. 0. 0. 0.
 0. 0. 0. 0. 0. 0. 0. 0. 0. 0. 0. 0. 0. 0. 0. 0. 0. 0. 0. 0. 0. 0. 0. 0.
 0. 0. 0. 0. 0. 0. 0. 0. 0. 0. 0. 0. 0. 0. 0. 0. 0. 0. 0. 0. 0. 0. 0. 0.
 0. 0. 0. 0. 0. 0. 0. 0. 0. 0. 0. 0. 0. 0. 0. 0. 0. 0. 0. 0. 0. 0. 0. 0.
 0. 0. 0. 0. 0. 0. 0. 0. 0. 0. 0. 0. 0. 0. 0. 0. 0. 0. 0. 0. 0. 0. 0. 0.
 0. 0. 0. 0. 0. 0. 0. 0. 0. 0. 0. 0. 0. 0. 0. 0. 0. 0. 0. 0. 0. 0. 0. 0.
 0. 0. 0. 0. 0. 0. 0. 0. 0. 0. 0. 0. 0. 0. 0. 0. 0. 0. 0. 0. 0. 0. 0. 0.
 0. 0. 0. 0. 0. 0. 0. 0. 0. 0. 0. 0. 0. 0. 0. 0. 0. 0. 0. 0. 0. 0. 0. 0.
 0. 0. 0. 0. 0. 0. 0. 0.]
Normalized importance:  [0.67701863 0.40372671 0.44658385 0.76397516 0.80745342 1.
 0.94409938 0.70186335 0.70807453 0.18819876 0.02385093 0.12608696
 0.17267081 0.06583851 0.04888199 0.         0.08819876 0.11552795
 0.02180124 0.11801242 0.         0.00968944 0.0048323  0.01341615
 0.01888199 0.01372671 0.14223602 0.01118012 0.12236025 0.
 0.02111801 0.07701863 0.11552795 0.00322981 0.01658385 0.
 0.0863354  0.05515528 0.04310559 0.         0.03906832 0.08322981
 0.         0.         0.03645963 0.0084472  0.04049689 0.03062112
 0.01931677 0.         0.07391304 0.01962733 0.0189441  0.13726708
 0.08881988 0.         0.20993789 0.01689441 0.02621118 0.04223602
 0.0457764  0.02732919 0.12111801 0.         0.         0.05677019
 0.05267081 0.10559006 0.         0.06583851 0.02465839 0.04975155
 0.04248447 0.04204969 0.         0.09751553 0.         0.04832298
 0.         0.09937888 0.06043478 0.15590062 0.09689441 0.
 0.05763975 0.0173913  0.12173913 0.10186335 0.06583851 0.01465839
 0.03490683 0.         0.02018634 0.         0.05403727 0.
 0.02925466 0.10807453 0.         0.14037267 0.         0.07453416
 0.         0.14223602 0.03447205 0.         0.         0.
 0.         0.         0.0163354  0.15403727 0.01037267 0.
 0.08136646 0.15465839 0.1        0.         0.         0.00497516
 0.08198758 0.04801242 0.03695652 0.04204969 0.01652174 0.01236025
 0.         0.15031056 0.10807453 0.06397516 0.10621118 0.
 0.         0.07080745 0.         0.         0.14409938 0.00993789
 0.         0.00607453 0.         0.06397516 0.10248447 0.08695652
 0.         0.02037267 0.13291925 0.03956522 0.01099379 0.09565217
 0.         0.07453416 0.00795031 0.05720497 0.12732919 0.
 0.18695652 0.03136646 0.08074534 0.08447205 0.02950311 0.03602484
 0.01869565 0.03447205 0.01391304 0.00343478 0.05484472 0.
 0.         0.         0.1068323  0.         0.         0.
 0.0615528  0.         0.05726708 0.05857143 0.0310559  0.
 0.09192547 0.04285714 0.01136646 0.01167702 0.         0.
 0.         0.05534161 0.06521739 0.01161491 0.04086957 0.
 0.00106211 0.03652174 0.03173913 0.07267081 0.05850932 0.
 0.         0.        ]
pyseer
y_true:  [1. 0. 0. 0. 1. 1. 1. 1. 0. 0. 0. 0. 0. 0. 0. 0. 0. 0. 0. 0. 0. 0. 0. 0.
 0. 0. 0. 0. 0. 0. 0. 0. 0. 0. 0. 0. 0. 0. 0. 0. 0. 0. 0. 0. 0. 0. 0. 0.
 0. 0. 0. 0. 0. 0. 0. 0. 0. 0. 0. 0. 0. 0. 0. 0. 0. 0. 0. 0. 0. 0. 0. 0.
 0. 0. 0. 0. 0. 0. 0. 0. 0. 0. 0. 0. 0. 0. 0. 0. 0. 0. 0. 0. 0. 0. 0. 0.
 0. 0. 0. 0. 0. 0. 0. 0. 0. 0. 0. 0. 0. 0. 0. 0. 0. 0. 0. 0. 0. 0. 0. 0.
 0. 0. 0. 0. 0. 0. 0. 0. 0. 0. 0. 0. 0. 0. 0. 0. 0. 0. 0. 0. 0. 0. 0. 0.
 0. 0. 0. 0. 0. 0. 0. 0. 0. 0. 0. 0. 0. 0. 0. 0. 0. 0. 0. 0. 0. 0. 0. 0.
 0. 0. 0. 0. 0. 0. 0. 0. 0. 0. 0. 0. 0. 0. 0. 0. 0. 0. 0. 0. 0. 0. 0. 0.
 0. 0. 0. 0. 0. 0. 0. 0.]
y_pred:  [1. 1. 1. 1. 1. 1. 1. 1. 1. 1. 0. 1. 1. 1. 0. 0. 1. 1. 0. 1. 0. 0. 0. 0.
 0. 0. 1. 0. 1. 0. 0. 1. 1. 0. 0. 0. 1. 0. 0. 0. 0. 1. 0. 0. 0. 0. 0. 0.
 0. 0. 1. 0. 0. 1. 1. 0. 1. 0. 0. 0. 0. 0. 1. 0. 0. 1. 0. 1. 0. 1. 0. 0.
 0. 0. 0. 1. 0. 0. 0. 1. 1. 1. 1. 0. 1. 0. 1. 1. 1. 0. 0. 0. 0. 0. 0. 0.
 0. 1. 0. 1. 0. 1. 0. 1. 0. 0. 0. 0. 0. 0. 0. 1. 0. 0. 1. 1. 1. 0. 0. 0.
 1. 0. 0. 0. 0. 0. 0. 1. 1. 1. 1. 0. 0. 1. 0. 0. 1. 0. 0. 0. 0. 1. 1. 1.
 0. 0. 1. 0. 0. 1. 0. 1. 0. 1. 1. 0. 1. 0. 1. 1. 0. 0. 0. 0. 0. 0. 0. 0.
 0. 0. 1. 0. 0. 0. 1. 0. 1. 1. 0. 0. 1. 0. 0. 0. 0. 0. 0. 0. 1. 0. 0. 0.
 0. 0. 0. 1. 1. 0. 0. 0.]
Time taken: 21.90312147140503 seconds
Running combination 48 of 50
Fitting RandomForest...
Fitting Adaboost...
Fitting AdaBoost_2...
Fitting et...
Fitting gbc...
Fitting gbc_2...
Fitting gbc_3...
Fitting dt...
Fitting lr...
Fitting Lasso_1...
Fitting Lasso_2...
Fitting Lasso_3...
Fitting Lasso_4...
Fitting elasticnet...
VCF file created successfully.
pyseer stderr:  Read 1000 phenotypes
Detected continuous phenotype
Reading all variants

0variants [00:00, ?variants/s]
55variants [00:00, 540.22variants/s]
110variants [00:00, 479.61variants/s]
167variants [00:00, 514.09variants/s]
198variants [00:00, 517.41variants/s]
Applying correlation filtering

  0%|          | 0/198 [00:00<?, ?variants/s]
100%|██████████| 198/198 [00:00<00:00, 2713.88variants/s]
Fitting elastic net to top 148 variants
Best penalty (lambda) from cross-validation: 1.41E+01
Best R^2 from cross-validation: 0.491
Finding and printing selected variants
198 loaded variants
50 pre-filtered variants
148 tested variants
141 printed variants

True importance standardized:  [0.34134152 0.86692474 0.76368003 0.94898747 0.7024625  0.32646839
 0.22476927 1.         0.16740113 0.80436478 0.         0.
 0.         0.         0.         0.         0.         0.
 0.         0.         0.         0.         0.         0.
 0.         0.         0.         0.         0.         0.
 0.         0.         0.         0.         0.         0.
 0.         0.         0.         0.         0.         0.
 0.         0.         0.         0.         0.         0.
 0.         0.         0.         0.         0.         0.
 0.         0.         0.         0.         0.         0.
 0.         0.         0.         0.         0.         0.
 0.         0.         0.         0.         0.         0.
 0.         0.         0.         0.         0.         0.
 0.         0.         0.         0.         0.         0.
 0.         0.         0.         0.         0.         0.
 0.         0.         0.         0.         0.         0.
 0.         0.         0.         0.         0.         0.
 0.         0.         0.         0.         0.         0.
 0.         0.         0.         0.         0.         0.
 0.         0.         0.         0.         0.         0.
 0.         0.         0.         0.         0.         0.
 0.         0.         0.         0.         0.         0.
 0.         0.         0.         0.         0.         0.
 0.         0.         0.         0.         0.         0.
 0.         0.         0.         0.         0.         0.
 0.         0.         0.         0.         0.         0.
 0.         0.         0.         0.         0.         0.
 0.         0.         0.         0.         0.         0.
 0.         0.         0.         0.         0.         0.
 0.         0.         0.         0.         0.         0.
 0.         0.         0.         0.         0.         0.
 0.         0.         0.         0.         0.         0.
 0.         0.         0.         0.         0.         0.
 0.         0.        ]
Normalized importance:  [0.         0.56345798 0.45693535 0.74765681 0.39912673 0.15764295
 0.02847859 1.         0.         0.71075846 0.         0.
 0.         0.         0.         0.         0.         0.
 0.         0.         0.         0.         0.         0.
 0.         0.         0.         0.         0.         0.
 0.         0.         0.         0.         0.         0.
 0.         0.         0.03294019 0.         0.         0.
 0.         0.         0.         0.         0.         0.
 0.         0.         0.         0.         0.         0.
 0.         0.         0.         0.         0.         0.
 0.         0.         0.         0.         0.         0.
 0.         0.         0.         0.         0.         0.
 0.         0.         0.         0.         0.         0.
 0.         0.         0.         0.         0.         0.
 0.         0.         0.         0.         0.         0.
 0.         0.         0.         0.         0.         0.
 0.         0.         0.         0.         0.         0.
 0.         0.         0.         0.         0.         0.
 0.         0.         0.         0.         0.         0.
 0.         0.         0.         0.         0.         0.
 0.         0.         0.         0.         0.         0.
 0.         0.03931548 0.         0.         0.         0.
 0.         0.         0.         0.         0.         0.
 0.         0.         0.         0.         0.         0.
 0.         0.         0.         0.         0.         0.
 0.         0.         0.         0.         0.         0.
 0.         0.         0.         0.         0.         0.
 0.         0.         0.         0.         0.         0.
 0.         0.         0.         0.         0.         0.
 0.         0.         0.         0.         0.         0.
 0.         0.         0.         0.         0.         0.
 0.         0.         0.         0.         0.         0.
 0.         0.         0.         0.         0.         0.
 0.         0.        ]
deepbreaks
y_true:  [0. 1. 1. 1. 0. 0. 0. 1. 0. 1. 0. 0. 0. 0. 0. 0. 0. 0. 0. 0. 0. 0. 0. 0.
 0. 0. 0. 0. 0. 0. 0. 0. 0. 0. 0. 0. 0. 0. 0. 0. 0. 0. 0. 0. 0. 0. 0. 0.
 0. 0. 0. 0. 0. 0. 0. 0. 0. 0. 0. 0. 0. 0. 0. 0. 0. 0. 0. 0. 0. 0. 0. 0.
 0. 0. 0. 0. 0. 0. 0. 0. 0. 0. 0. 0. 0. 0. 0. 0. 0. 0. 0. 0. 0. 0. 0. 0.
 0. 0. 0. 0. 0. 0. 0. 0. 0. 0. 0. 0. 0. 0. 0. 0. 0. 0. 0. 0. 0. 0. 0. 0.
 0. 0. 0. 0. 0. 0. 0. 0. 0. 0. 0. 0. 0. 0. 0. 0. 0. 0. 0. 0. 0. 0. 0. 0.
 0. 0. 0. 0. 0. 0. 0. 0. 0. 0. 0. 0. 0. 0. 0. 0. 0. 0. 0. 0. 0. 0. 0. 0.
 0. 0. 0. 0. 0. 0. 0. 0. 0. 0. 0. 0. 0. 0. 0. 0. 0. 0. 0. 0. 0. 0. 0. 0.
 0. 0. 0. 0. 0. 0. 0. 0.]
y_pred:  [0. 1. 1. 1. 0. 0. 0. 1. 0. 1. 0. 0. 0. 0. 0. 0. 0. 0. 0. 0. 0. 0. 0. 0.
 0. 0. 0. 0. 0. 0. 0. 0. 0. 0. 0. 0. 0. 0. 0. 0. 0. 0. 0. 0. 0. 0. 0. 0.
 0. 0. 0. 0. 0. 0. 0. 0. 0. 0. 0. 0. 0. 0. 0. 0. 0. 0. 0. 0. 0. 0. 0. 0.
 0. 0. 0. 0. 0. 0. 0. 0. 0. 0. 0. 0. 0. 0. 0. 0. 0. 0. 0. 0. 0. 0. 0. 0.
 0. 0. 0. 0. 0. 0. 0. 0. 0. 0. 0. 0. 0. 0. 0. 0. 0. 0. 0. 0. 0. 0. 0. 0.
 0. 0. 0. 0. 0. 0. 0. 0. 0. 0. 0. 0. 0. 0. 0. 0. 0. 0. 0. 0. 0. 0. 0. 0.
 0. 0. 0. 0. 0. 0. 0. 0. 0. 0. 0. 0. 0. 0. 0. 0. 0. 0. 0. 0. 0. 0. 0. 0.
 0. 0. 0. 0. 0. 0. 0. 0. 0. 0. 0. 0. 0. 0. 0. 0. 0. 0. 0. 0. 0. 0. 0. 0.
 0. 0. 0. 0. 0. 0. 0. 0.]
Normalized importance:  [2.45762712e-01 8.00000000e-01 7.38983051e-01 8.40677966e-01
 6.47457627e-01 4.06779661e-01 2.65762712e-01 1.00000000e+00
 1.07796610e-01 8.03389831e-01 1.47796610e-02 9.38983051e-02
 4.30508475e-02 0.00000000e+00 2.46440678e-02 9.25423729e-02
 9.25423729e-02 8.57627119e-02 0.00000000e+00 1.94576271e-02
 2.24067797e-03 5.42372881e-02 6.98305085e-02 4.61016949e-02
 2.25762712e-03 2.69830508e-02 8.77966102e-02 4.40677966e-02
 0.00000000e+00 6.37288136e-02 2.80000000e-02 6.06779661e-02
 0.00000000e+00 1.64745763e-02 1.33220339e-01 6.81355932e-03
 0.00000000e+00 2.62033898e-02 1.75593220e-01 0.00000000e+00
 1.21355932e-01 2.81016949e-02 4.20338983e-02 0.00000000e+00
 0.00000000e+00 0.00000000e+00 0.00000000e+00 0.00000000e+00
 3.79661017e-02 4.30508475e-02 0.00000000e+00 3.49152542e-02
 0.00000000e+00 9.35593220e-02 1.56610169e-02 8.91525424e-02
 6.06779661e-02 2.70508475e-02 3.69491525e-02 8.67796610e-02
 0.00000000e+00 1.10847458e-02 1.52881356e-02 3.86440678e-02
 1.29491525e-01 1.48474576e-02 8.81355932e-02 1.58305085e-02
 2.01016949e-02 6.30508475e-02 0.00000000e+00 3.59322034e-04
 6.44067797e-03 9.69491525e-02 4.91525424e-02 0.00000000e+00
 3.23389831e-02 0.00000000e+00 0.00000000e+00 2.96271186e-02
 5.76271186e-02 0.00000000e+00 5.79661017e-02 0.00000000e+00
 0.00000000e+00 1.47796610e-03 8.03389831e-02 8.94915254e-02
 0.00000000e+00 0.00000000e+00 6.71186441e-02 1.39661017e-01
 3.83050847e-02 0.00000000e+00 0.00000000e+00 2.05762712e-01
 0.00000000e+00 2.19322034e-02 4.61016949e-02 0.00000000e+00
 0.00000000e+00 1.54576271e-01 1.12203390e-01 0.00000000e+00
 3.52542373e-02 0.00000000e+00 2.94915254e-02 2.85423729e-02
 3.10847458e-02 0.00000000e+00 0.00000000e+00 1.02033898e-01
 0.00000000e+00 4.74576271e-02 2.35254237e-02 4.94915254e-02
 0.00000000e+00 3.89830508e-02 0.00000000e+00 1.52203390e-02
 2.19661017e-01 3.45762712e-02 3.79661017e-02 2.30169492e-01
 9.45762712e-02 6.06779661e-03 0.00000000e+00 2.54237288e-01
 1.37288136e-01 1.39661017e-01 6.13559322e-02 0.00000000e+00
 8.33898305e-02 5.66101695e-03 0.00000000e+00 1.73559322e-01
 9.62711864e-03 8.91525424e-02 9.59322034e-02 2.77966102e-02
 0.00000000e+00 5.28813559e-02 6.03389831e-02 9.01694915e-04
 0.00000000e+00 5.49152542e-02 3.05423729e-02 7.62711864e-02
 2.11525424e-02 7.25423729e-03 1.35932203e-01 0.00000000e+00
 1.24067797e-01 0.00000000e+00 0.00000000e+00 2.38983051e-02
 3.69491525e-02 8.27118644e-02 1.21016949e-01 0.00000000e+00
 5.83050847e-02 0.00000000e+00 0.00000000e+00 3.23050847e-02
 0.00000000e+00 9.01694915e-02 8.57627119e-02 1.35254237e-01
 0.00000000e+00 2.43050847e-02 9.01694915e-02 0.00000000e+00
 0.00000000e+00 6.88135593e-02 0.00000000e+00 1.42711864e-01
 0.00000000e+00 0.00000000e+00 9.08474576e-02 6.13559322e-02
 4.71186441e-02 6.06779661e-02 1.23050847e-01 7.45762712e-02
 5.76271186e-02 7.25423729e-03 0.00000000e+00 0.00000000e+00
 3.59322034e-02 1.88474576e-01 0.00000000e+00 5.89830508e-02
 3.42372881e-02 4.33898305e-02 1.33898305e-01 6.91525424e-02
 8.00000000e-02 0.00000000e+00 0.00000000e+00 0.00000000e+00]
pyseer
y_true:  [0. 1. 1. 1. 0. 0. 0. 1. 0. 1. 0. 0. 0. 0. 0. 0. 0. 0. 0. 0. 0. 0. 0. 0.
 0. 0. 0. 0. 0. 0. 0. 0. 0. 0. 0. 0. 0. 0. 0. 0. 0. 0. 0. 0. 0. 0. 0. 0.
 0. 0. 0. 0. 0. 0. 0. 0. 0. 0. 0. 0. 0. 0. 0. 0. 0. 0. 0. 0. 0. 0. 0. 0.
 0. 0. 0. 0. 0. 0. 0. 0. 0. 0. 0. 0. 0. 0. 0. 0. 0. 0. 0. 0. 0. 0. 0. 0.
 0. 0. 0. 0. 0. 0. 0. 0. 0. 0. 0. 0. 0. 0. 0. 0. 0. 0. 0. 0. 0. 0. 0. 0.
 0. 0. 0. 0. 0. 0. 0. 0. 0. 0. 0. 0. 0. 0. 0. 0. 0. 0. 0. 0. 0. 0. 0. 0.
 0. 0. 0. 0. 0. 0. 0. 0. 0. 0. 0. 0. 0. 0. 0. 0. 0. 0. 0. 0. 0. 0. 0. 0.
 0. 0. 0. 0. 0. 0. 0. 0. 0. 0. 0. 0. 0. 0. 0. 0. 0. 0. 0. 0. 0. 0. 0. 0.
 0. 0. 0. 0. 0. 0. 0. 0.]
y_pred:  [1. 1. 1. 1. 1. 1. 1. 1. 1. 1. 0. 1. 0. 0. 0. 1. 1. 1. 0. 0. 0. 0. 1. 0.
 0. 0. 1. 0. 0. 1. 0. 1. 0. 0. 1. 0. 0. 0. 1. 0. 1. 0. 0. 0. 0. 0. 0. 0.
 0. 0. 0. 0. 0. 1. 0. 1. 1. 0. 0. 1. 0. 0. 0. 0. 1. 0. 1. 0. 0. 1. 0. 0.
 0. 1. 0. 0. 0. 0. 0. 0. 0. 0. 0. 0. 0. 0. 1. 1. 0. 0. 1. 1. 0. 0. 0. 1.
 0. 0. 0. 0. 0. 1. 1. 0. 0. 0. 0. 0. 0. 0. 0. 1. 0. 0. 0. 0. 0. 0. 0. 0.
 1. 0. 0. 1. 1. 0. 0. 1. 1. 1. 1. 0. 1. 0. 0. 1. 0. 1. 1. 0. 0. 0. 1. 0.
 0. 0. 0. 1. 0. 0. 1. 0. 1. 0. 0. 0. 0. 1. 1. 0. 1. 0. 0. 0. 0. 1. 1. 1.
 0. 0. 1. 0. 0. 1. 0. 1. 0. 0. 1. 1. 0. 1. 1. 1. 0. 0. 0. 0. 0. 1. 0. 1.
 0. 0. 1. 1. 1. 0. 0. 0.]
Time taken: 21.49796199798584 seconds
Running combination 49 of 50
Fitting RandomForest...
Fitting Adaboost...
Fitting AdaBoost_2...
Fitting et...
Fitting gbc...
Fitting gbc_2...
Fitting gbc_3...
Fitting dt...
Fitting lr...
Fitting Lasso_1...
Fitting Lasso_2...
Fitting Lasso_3...
Fitting Lasso_4...
Fitting elasticnet...
VCF file created successfully.
pyseer stderr:  Read 1000 phenotypes
Detected continuous phenotype
Reading all variants

0variants [00:00, ?variants/s]
55variants [00:00, 540.61variants/s]
110variants [00:00, 476.86variants/s]
167variants [00:00, 512.97variants/s]
198variants [00:00, 515.77variants/s]
Applying correlation filtering

  0%|          | 0/198 [00:00<?, ?variants/s]
100%|██████████| 198/198 [00:00<00:00, 2732.59variants/s]
Fitting elastic net to top 148 variants
Best penalty (lambda) from cross-validation: 1.99E+01
Best R^2 from cross-validation: 0.498
Finding and printing selected variants
198 loaded variants
50 pre-filtered variants
148 tested variants
139 printed variants

True importance standardized:  [0.50693603 0.31567257 0.99251365 0.96883398 0.73355958 0.8825929
 0.72675454 0.62649261 1.         0.23152598 0.         0.
 0.         0.         0.         0.         0.         0.
 0.         0.         0.         0.         0.         0.
 0.         0.         0.         0.         0.         0.
 0.         0.         0.         0.         0.         0.
 0.         0.         0.         0.         0.         0.
 0.         0.         0.         0.         0.         0.
 0.         0.         0.         0.         0.         0.
 0.         0.         0.         0.         0.         0.
 0.         0.         0.         0.         0.         0.
 0.         0.         0.         0.         0.         0.
 0.         0.         0.         0.         0.         0.
 0.         0.         0.         0.         0.         0.
 0.         0.         0.         0.         0.         0.
 0.         0.         0.         0.         0.         0.
 0.         0.         0.         0.         0.         0.
 0.         0.         0.         0.         0.         0.
 0.         0.         0.         0.         0.         0.
 0.         0.         0.         0.         0.         0.
 0.         0.         0.         0.         0.         0.
 0.         0.         0.         0.         0.         0.
 0.         0.         0.         0.         0.         0.
 0.         0.         0.         0.         0.         0.
 0.         0.         0.         0.         0.         0.
 0.         0.         0.         0.         0.         0.
 0.         0.         0.         0.         0.         0.
 0.         0.         0.         0.         0.         0.
 0.         0.         0.         0.         0.         0.
 0.         0.         0.         0.         0.         0.
 0.         0.         0.         0.         0.         0.
 0.         0.         0.         0.         0.         0.
 0.         0.         0.         0.         0.         0.
 0.         0.        ]
Normalized importance:  [0.69029752 0.5621661  0.94172885 0.8704227  0.53236089 0.67385223
 0.46756961 0.15104171 1.         0.         0.         0.
 0.         0.         0.         0.         0.         0.
 0.         0.         0.         0.         0.         0.
 0.         0.         0.         0.         0.         0.
 0.         0.         0.         0.         0.         0.
 0.         0.         0.         0.         0.         0.
 0.         0.         0.         0.         0.         0.
 0.         0.         0.         0.         0.         0.
 0.         0.         0.         0.         0.         0.
 0.         0.         0.         0.         0.         0.
 0.         0.         0.         0.         0.         0.
 0.         0.         0.         0.         0.         0.
 0.         0.         0.         0.         0.         0.
 0.         0.         0.         0.         0.         0.
 0.         0.         0.         0.         0.         0.
 0.         0.         0.         0.         0.         0.
 0.         0.         0.         0.         0.         0.
 0.         0.         0.         0.         0.         0.
 0.         0.         0.         0.         0.         0.
 0.03534642 0.         0.         0.         0.         0.
 0.         0.         0.         0.         0.         0.
 0.         0.         0.         0.         0.         0.
 0.         0.         0.         0.         0.         0.
 0.         0.         0.         0.         0.         0.
 0.         0.         0.         0.         0.         0.
 0.         0.         0.         0.         0.         0.
 0.02967523 0.         0.         0.         0.         0.
 0.         0.         0.         0.         0.         0.
 0.0289266  0.         0.         0.         0.         0.
 0.         0.02330208 0.         0.         0.         0.
 0.         0.         0.         0.         0.         0.
 0.         0.         0.         0.         0.         0.
 0.         0.        ]
deepbreaks
y_true:  [0. 0. 1. 1. 1. 1. 0. 0. 1. 0. 0. 0. 0. 0. 0. 0. 0. 0. 0. 0. 0. 0. 0. 0.
 0. 0. 0. 0. 0. 0. 0. 0. 0. 0. 0. 0. 0. 0. 0. 0. 0. 0. 0. 0. 0. 0. 0. 0.
 0. 0. 0. 0. 0. 0. 0. 0. 0. 0. 0. 0. 0. 0. 0. 0. 0. 0. 0. 0. 0. 0. 0. 0.
 0. 0. 0. 0. 0. 0. 0. 0. 0. 0. 0. 0. 0. 0. 0. 0. 0. 0. 0. 0. 0. 0. 0. 0.
 0. 0. 0. 0. 0. 0. 0. 0. 0. 0. 0. 0. 0. 0. 0. 0. 0. 0. 0. 0. 0. 0. 0. 0.
 0. 0. 0. 0. 0. 0. 0. 0. 0. 0. 0. 0. 0. 0. 0. 0. 0. 0. 0. 0. 0. 0. 0. 0.
 0. 0. 0. 0. 0. 0. 0. 0. 0. 0. 0. 0. 0. 0. 0. 0. 0. 0. 0. 0. 0. 0. 0. 0.
 0. 0. 0. 0. 0. 0. 0. 0. 0. 0. 0. 0. 0. 0. 0. 0. 0. 0. 0. 0. 0. 0. 0. 0.
 0. 0. 0. 0. 0. 0. 0. 0.]
y_pred:  [1. 1. 1. 1. 1. 1. 0. 0. 1. 0. 0. 0. 0. 0. 0. 0. 0. 0. 0. 0. 0. 0. 0. 0.
 0. 0. 0. 0. 0. 0. 0. 0. 0. 0. 0. 0. 0. 0. 0. 0. 0. 0. 0. 0. 0. 0. 0. 0.
 0. 0. 0. 0. 0. 0. 0. 0. 0. 0. 0. 0. 0. 0. 0. 0. 0. 0. 0. 0. 0. 0. 0. 0.
 0. 0. 0. 0. 0. 0. 0. 0. 0. 0. 0. 0. 0. 0. 0. 0. 0. 0. 0. 0. 0. 0. 0. 0.
 0. 0. 0. 0. 0. 0. 0. 0. 0. 0. 0. 0. 0. 0. 0. 0. 0. 0. 0. 0. 0. 0. 0. 0.
 0. 0. 0. 0. 0. 0. 0. 0. 0. 0. 0. 0. 0. 0. 0. 0. 0. 0. 0. 0. 0. 0. 0. 0.
 0. 0. 0. 0. 0. 0. 0. 0. 0. 0. 0. 0. 0. 0. 0. 0. 0. 0. 0. 0. 0. 0. 0. 0.
 0. 0. 0. 0. 0. 0. 0. 0. 0. 0. 0. 0. 0. 0. 0. 0. 0. 0. 0. 0. 0. 0. 0. 0.
 0. 0. 0. 0. 0. 0. 0. 0.]
Normalized importance:  [0.74089069 0.59919028 1.         0.91902834 0.82995951 0.98785425
 0.79757085 0.48582996 1.         0.2194332  0.07975709 0.03048583
 0.         0.04615385 0.03550607 0.         0.         0.
 0.09959514 0.09190283 0.         0.         0.09919028 0.0582996
 0.07732794 0.1097166  0.13481781 0.06842105 0.         0.06923077
 0.12712551 0.13724696 0.         0.10566802 0.         0.13684211
 0.07975709 0.02716599 0.         0.051417   0.02356275 0.09878543
 0.02951417 0.         0.12267206 0.06882591 0.20161943 0.07975709
 0.11983806 0.10890688 0.07327935 0.03137652 0.02927126 0.01093117
 0.         0.16801619 0.09919028 0.05222672 0.01036437 0.17206478
 0.06356275 0.05991903 0.13076923 0.07165992 0.03149798 0.
 0.         0.         0.         0.00923077 0.         0.01105263
 0.08178138 0.06234818 0.13846154 0.04979757 0.17813765 0.13967611
 0.17287449 0.07408907 0.         0.         0.         0.13036437
 0.00101619 0.05748988 0.18137652 0.00304453 0.06153846 0.02271255
 0.14534413 0.         0.13603239 0.         0.008583   0.01259109
 0.14331984 0.05748988 0.148583   0.         0.         0.
 0.         0.         0.         0.09554656 0.17044534 0.16356275
 0.         0.         0.01611336 0.07125506 0.         0.1437247
 0.01582996 0.13603239 0.0582996  0.         0.         0.16477733
 0.22348178 0.00753036 0.08704453 0.02194332 0.01157895 0.
 0.05222672 0.04736842 0.05222672 0.12105263 0.03582996 0.03809717
 0.         0.         0.02736842 0.11821862 0.13198381 0.07854251
 0.04817814 0.13562753 0.         0.13562753 0.         0.19878543
 0.         0.         0.07651822 0.10526316 0.         0.09919028
 0.05789474 0.03072874 0.22995951 0.         0.02631579 0.
 0.07044534 0.06801619 0.17732794 0.17004049 0.08097166 0.19797571
 0.18380567 0.03975709 0.13927126 0.         0.         0.0317004
 0.         0.         0.03769231 0.11983806 0.         0.
 0.19676113 0.         0.         0.04251012 0.0465587  0.
 0.03178138 0.22510121 0.07894737 0.1194332  0.12105263 0.02097166
 0.         0.         0.15910931 0.         0.0562753  0.
 0.         0.12955466 0.         0.08340081 0.00983806 0.
 0.         0.        ]
pyseer
y_true:  [0. 0. 1. 1. 1. 1. 0. 0. 1. 0. 0. 0. 0. 0. 0. 0. 0. 0. 0. 0. 0. 0. 0. 0.
 0. 0. 0. 0. 0. 0. 0. 0. 0. 0. 0. 0. 0. 0. 0. 0. 0. 0. 0. 0. 0. 0. 0. 0.
 0. 0. 0. 0. 0. 0. 0. 0. 0. 0. 0. 0. 0. 0. 0. 0. 0. 0. 0. 0. 0. 0. 0. 0.
 0. 0. 0. 0. 0. 0. 0. 0. 0. 0. 0. 0. 0. 0. 0. 0. 0. 0. 0. 0. 0. 0. 0. 0.
 0. 0. 0. 0. 0. 0. 0. 0. 0. 0. 0. 0. 0. 0. 0. 0. 0. 0. 0. 0. 0. 0. 0. 0.
 0. 0. 0. 0. 0. 0. 0. 0. 0. 0. 0. 0. 0. 0. 0. 0. 0. 0. 0. 0. 0. 0. 0. 0.
 0. 0. 0. 0. 0. 0. 0. 0. 0. 0. 0. 0. 0. 0. 0. 0. 0. 0. 0. 0. 0. 0. 0. 0.
 0. 0. 0. 0. 0. 0. 0. 0. 0. 0. 0. 0. 0. 0. 0. 0. 0. 0. 0. 0. 0. 0. 0. 0.
 0. 0. 0. 0. 0. 0. 0. 0.]
y_pred:  [1. 1. 1. 1. 1. 1. 1. 1. 1. 1. 0. 0. 0. 0. 0. 0. 0. 0. 1. 1. 0. 0. 1. 0.
 0. 1. 1. 0. 0. 0. 1. 1. 0. 1. 0. 1. 0. 0. 0. 0. 0. 1. 0. 0. 1. 0. 1. 0.
 1. 1. 0. 0. 0. 0. 0. 1. 1. 0. 0. 1. 0. 0. 1. 0. 0. 0. 0. 0. 0. 0. 0. 0.
 1. 0. 1. 0. 1. 1. 1. 0. 0. 0. 0. 1. 0. 0. 1. 0. 0. 0. 1. 0. 1. 0. 0. 0.
 1. 0. 1. 0. 0. 0. 0. 0. 0. 1. 1. 1. 0. 0. 0. 0. 0. 1. 0. 1. 0. 0. 0. 1.
 1. 0. 1. 0. 0. 0. 0. 0. 0. 1. 0. 0. 0. 0. 0. 1. 1. 0. 0. 1. 0. 1. 0. 1.
 0. 0. 0. 1. 0. 1. 0. 0. 1. 0. 0. 0. 0. 0. 1. 1. 1. 1. 1. 0. 1. 0. 0. 0.
 0. 0. 0. 1. 0. 0. 1. 0. 0. 0. 0. 0. 0. 1. 0. 1. 1. 0. 0. 0. 1. 0. 0. 0.
 0. 1. 0. 1. 0. 0. 0. 0.]
Time taken: 21.75328040122986 seconds
Running combination 50 of 50
Fitting RandomForest...
Fitting Adaboost...
Fitting AdaBoost_2...
Fitting et...
Fitting gbc...
Fitting gbc_2...
Fitting gbc_3...
Fitting dt...
Fitting lr...
Fitting Lasso_1...
Fitting Lasso_2...
Fitting Lasso_3...
Fitting Lasso_4...
Fitting elasticnet...
VCF file created successfully.
pyseer stderr:  Read 1000 phenotypes
Detected continuous phenotype
Reading all variants

0variants [00:00, ?variants/s]
55variants [00:00, 549.67variants/s]
110variants [00:00, 484.41variants/s]
165variants [00:00, 511.44variants/s]
198variants [00:00, 515.85variants/s]
Applying correlation filtering

  0%|          | 0/198 [00:00<?, ?variants/s]
100%|██████████| 198/198 [00:00<00:00, 2707.18variants/s]
Fitting elastic net to top 148 variants
Best penalty (lambda) from cross-validation: 3.90E+00
Best R^2 from cross-validation: 0.551
Finding and printing selected variants
198 loaded variants
50 pre-filtered variants
148 tested variants
144 printed variants

True importance standardized:  [0.55847004 1.         0.16048575 0.57539798 0.29211148 0.15179172
 0.6345809  0.6980396  0.6653889  0.35600659 0.         0.
 0.         0.         0.         0.         0.         0.
 0.         0.         0.         0.         0.         0.
 0.         0.         0.         0.         0.         0.
 0.         0.         0.         0.         0.         0.
 0.         0.         0.         0.         0.         0.
 0.         0.         0.         0.         0.         0.
 0.         0.         0.         0.         0.         0.
 0.         0.         0.         0.         0.         0.
 0.         0.         0.         0.         0.         0.
 0.         0.         0.         0.         0.         0.
 0.         0.         0.         0.         0.         0.
 0.         0.         0.         0.         0.         0.
 0.         0.         0.         0.         0.         0.
 0.         0.         0.         0.         0.         0.
 0.         0.         0.         0.         0.         0.
 0.         0.         0.         0.         0.         0.
 0.         0.         0.         0.         0.         0.
 0.         0.         0.         0.         0.         0.
 0.         0.         0.         0.         0.         0.
 0.         0.         0.         0.         0.         0.
 0.         0.         0.         0.         0.         0.
 0.         0.         0.         0.         0.         0.
 0.         0.         0.         0.         0.         0.
 0.         0.         0.         0.         0.         0.
 0.         0.         0.         0.         0.         0.
 0.         0.         0.         0.         0.         0.
 0.         0.         0.         0.         0.         0.
 0.         0.         0.         0.         0.         0.
 0.         0.         0.         0.         0.         0.
 0.         0.         0.         0.         0.         0.
 0.         0.         0.         0.         0.         0.
 0.         0.        ]
Normalized importance:  [0.39260547 1.         0.05287197 0.43112245 0.08609182 0.
 0.39179777 0.52482167 0.53682236 0.07933792 0.         0.
 0.         0.         0.         0.         0.         0.
 0.         0.         0.         0.         0.         0.
 0.         0.         0.         0.         0.         0.
 0.         0.         0.         0.         0.         0.
 0.         0.         0.         0.         0.05778829 0.
 0.         0.         0.         0.         0.         0.
 0.         0.         0.         0.         0.         0.
 0.         0.         0.         0.         0.         0.
 0.         0.         0.         0.         0.         0.
 0.         0.         0.         0.         0.         0.
 0.         0.         0.03632249 0.         0.         0.
 0.         0.01933075 0.         0.         0.         0.
 0.         0.         0.         0.         0.         0.
 0.         0.         0.         0.         0.         0.
 0.         0.         0.02821921 0.         0.         0.
 0.         0.0542335  0.         0.         0.         0.04226536
 0.         0.         0.         0.         0.         0.
 0.         0.         0.         0.         0.         0.
 0.         0.         0.03845225 0.         0.         0.
 0.         0.         0.         0.         0.         0.
 0.         0.         0.         0.         0.         0.
 0.         0.         0.         0.         0.         0.
 0.         0.         0.         0.         0.         0.
 0.         0.         0.         0.         0.         0.
 0.         0.         0.         0.         0.         0.
 0.         0.         0.         0.         0.         0.
 0.         0.         0.         0.         0.         0.
 0.         0.         0.         0.         0.         0.
 0.         0.         0.         0.         0.         0.
 0.         0.         0.         0.         0.         0.
 0.         0.         0.         0.         0.         0.
 0.         0.        ]
deepbreaks
y_true:  [0. 1. 0. 1. 0. 0. 1. 1. 1. 0. 0. 0. 0. 0. 0. 0. 0. 0. 0. 0. 0. 0. 0. 0.
 0. 0. 0. 0. 0. 0. 0. 0. 0. 0. 0. 0. 0. 0. 0. 0. 0. 0. 0. 0. 0. 0. 0. 0.
 0. 0. 0. 0. 0. 0. 0. 0. 0. 0. 0. 0. 0. 0. 0. 0. 0. 0. 0. 0. 0. 0. 0. 0.
 0. 0. 0. 0. 0. 0. 0. 0. 0. 0. 0. 0. 0. 0. 0. 0. 0. 0. 0. 0. 0. 0. 0. 0.
 0. 0. 0. 0. 0. 0. 0. 0. 0. 0. 0. 0. 0. 0. 0. 0. 0. 0. 0. 0. 0. 0. 0. 0.
 0. 0. 0. 0. 0. 0. 0. 0. 0. 0. 0. 0. 0. 0. 0. 0. 0. 0. 0. 0. 0. 0. 0. 0.
 0. 0. 0. 0. 0. 0. 0. 0. 0. 0. 0. 0. 0. 0. 0. 0. 0. 0. 0. 0. 0. 0. 0. 0.
 0. 0. 0. 0. 0. 0. 0. 0. 0. 0. 0. 0. 0. 0. 0. 0. 0. 0. 0. 0. 0. 0. 0. 0.
 0. 0. 0. 0. 0. 0. 0. 0.]
y_pred:  [1. 1. 0. 1. 1. 0. 1. 1. 1. 1. 0. 0. 0. 0. 0. 0. 0. 0. 0. 0. 0. 0. 0. 0.
 0. 0. 0. 0. 0. 0. 0. 0. 0. 0. 0. 0. 0. 0. 0. 0. 0. 0. 0. 0. 0. 0. 0. 0.
 0. 0. 0. 0. 0. 0. 0. 0. 0. 0. 0. 0. 0. 0. 0. 0. 0. 0. 0. 0. 0. 0. 0. 0.
 0. 0. 0. 0. 0. 0. 0. 0. 0. 0. 0. 0. 0. 0. 0. 0. 0. 0. 0. 0. 0. 0. 0. 0.
 0. 0. 0. 0. 0. 0. 0. 0. 0. 0. 0. 0. 0. 0. 0. 0. 0. 0. 0. 0. 0. 0. 0. 0.
 0. 0. 0. 0. 0. 0. 0. 0. 0. 0. 0. 0. 0. 0. 0. 0. 0. 0. 0. 0. 0. 0. 0. 0.
 0. 0. 0. 0. 0. 0. 0. 0. 0. 0. 0. 0. 0. 0. 0. 0. 0. 0. 0. 0. 0. 0. 0. 0.
 0. 0. 0. 0. 0. 0. 0. 0. 0. 0. 0. 0. 0. 0. 0. 0. 0. 0. 0. 0. 0. 0. 0. 0.
 0. 0. 0. 0. 0. 0. 0. 0.]
Normalized importance:  [5.77685950e-01 1.00000000e+00 2.28099174e-01 6.22314050e-01
 3.52066116e-01 0.00000000e+00 5.76033058e-01 6.74380165e-01
 6.77685950e-01 2.77685950e-01 1.09917355e-02 3.33057851e-02
 7.14049587e-02 9.00826446e-02 4.21487603e-02 0.00000000e+00
 3.69421488e-02 0.00000000e+00 3.07438017e-02 7.77685950e-03
 0.00000000e+00 9.25619835e-03 4.87603306e-02 0.00000000e+00
 3.31404959e-02 0.00000000e+00 1.02479339e-02 0.00000000e+00
 4.78512397e-02 0.00000000e+00 3.94214876e-02 0.00000000e+00
 4.33884298e-02 6.84297521e-03 0.00000000e+00 0.00000000e+00
 8.59504132e-02 6.47933884e-02 1.79338843e-02 4.66115702e-02
 1.52066116e-01 1.91735537e-02 1.53719008e-02 2.52892562e-02
 9.50413223e-03 9.25619835e-03 1.47107438e-01 9.33884298e-02
 5.71900826e-02 2.88429752e-02 3.59504132e-02 0.00000000e+00
 0.00000000e+00 3.89256198e-02 1.28925620e-02 0.00000000e+00
 1.05785124e-01 1.17355372e-03 8.51239669e-03 5.33057851e-02
 6.43801653e-02 4.66115702e-02 5.35537190e-02 6.58677686e-02
 1.05785124e-01 0.00000000e+00 8.23966942e-03 6.57851240e-02
 0.00000000e+00 1.83471074e-02 2.08264463e-02 6.28099174e-02
 5.59504132e-02 7.15702479e-02 4.61983471e-02 6.42148760e-02
 0.00000000e+00 1.03305785e-01 1.96694215e-02 1.00000000e-01
 4.61157025e-02 0.00000000e+00 0.00000000e+00 1.14049587e-01
 0.00000000e+00 1.74380165e-02 1.04132231e-01 0.00000000e+00
 0.00000000e+00 5.75206612e-02 5.04958678e-03 0.00000000e+00
 2.26446281e-02 0.00000000e+00 4.15702479e-02 1.54545455e-01
 0.00000000e+00 1.00000000e-01 1.42975207e-01 5.11570248e-02
 2.28925620e-02 0.00000000e+00 0.00000000e+00 1.76859504e-01
 5.27272727e-02 1.75206612e-02 0.00000000e+00 1.51239669e-01
 6.39669421e-03 3.46280992e-02 0.00000000e+00 0.00000000e+00
 6.25619835e-02 7.62809917e-02 0.00000000e+00 0.00000000e+00
 0.00000000e+00 5.50413223e-03 4.89256198e-02 1.43801653e-01
 4.32231405e-04 4.13223140e-02 1.50413223e-01 0.00000000e+00
 0.00000000e+00 2.17355372e-02 4.14876033e-02 5.11570248e-02
 5.34710744e-02 0.00000000e+00 0.00000000e+00 8.34710744e-02
 0.00000000e+00 1.17355372e-01 3.79338843e-02 1.15702479e-02
 8.42975207e-02 2.69421488e-02 7.99173554e-04 1.31404959e-01
 8.26446281e-02 4.66942149e-03 3.85950413e-02 0.00000000e+00
 6.47107438e-04 2.83471074e-02 4.22314050e-02 8.67768595e-02
 1.84297521e-02 7.69421488e-02 0.00000000e+00 0.00000000e+00
 0.00000000e+00 8.34710744e-04 5.66115702e-03 0.00000000e+00
 1.00826446e-01 0.00000000e+00 5.94214876e-02 1.96694215e-02
 7.64462810e-02 2.78512397e-02 2.28925620e-02 0.00000000e+00
 7.32231405e-02 0.00000000e+00 1.14049587e-01 0.00000000e+00
 3.30578512e-03 0.00000000e+00 0.00000000e+00 1.80165289e-01
 4.77685950e-02 0.00000000e+00 1.48760331e-01 0.00000000e+00
 1.47933884e-02 6.38842975e-02 1.05785124e-02 4.39669421e-02
 5.42975207e-02 9.25619835e-04 0.00000000e+00 4.44628099e-03
 1.20661157e-02 7.14876033e-03 4.86776860e-03 8.51239669e-02
 7.99173554e-02 2.10743802e-02 3.41322314e-02 0.00000000e+00
 1.01652893e-01 4.52892562e-02 1.94214876e-02 0.00000000e+00
 7.47933884e-02 1.80165289e-03 0.00000000e+00 0.00000000e+00]
pyseer
y_true:  [0. 1. 0. 1. 0. 0. 1. 1. 1. 0. 0. 0. 0. 0. 0. 0. 0. 0. 0. 0. 0. 0. 0. 0.
 0. 0. 0. 0. 0. 0. 0. 0. 0. 0. 0. 0. 0. 0. 0. 0. 0. 0. 0. 0. 0. 0. 0. 0.
 0. 0. 0. 0. 0. 0. 0. 0. 0. 0. 0. 0. 0. 0. 0. 0. 0. 0. 0. 0. 0. 0. 0. 0.
 0. 0. 0. 0. 0. 0. 0. 0. 0. 0. 0. 0. 0. 0. 0. 0. 0. 0. 0. 0. 0. 0. 0. 0.
 0. 0. 0. 0. 0. 0. 0. 0. 0. 0. 0. 0. 0. 0. 0. 0. 0. 0. 0. 0. 0. 0. 0. 0.
 0. 0. 0. 0. 0. 0. 0. 0. 0. 0. 0. 0. 0. 0. 0. 0. 0. 0. 0. 0. 0. 0. 0. 0.
 0. 0. 0. 0. 0. 0. 0. 0. 0. 0. 0. 0. 0. 0. 0. 0. 0. 0. 0. 0. 0. 0. 0. 0.
 0. 0. 0. 0. 0. 0. 0. 0. 0. 0. 0. 0. 0. 0. 0. 0. 0. 0. 0. 0. 0. 0. 0. 0.
 0. 0. 0. 0. 0. 0. 0. 0.]
y_pred:  [1. 1. 1. 1. 1. 0. 1. 1. 1. 1. 0. 0. 1. 1. 0. 0. 0. 0. 0. 0. 0. 0. 1. 0.
 0. 0. 0. 0. 1. 0. 0. 0. 0. 0. 0. 0. 1. 1. 0. 1. 1. 0. 0. 0. 0. 0. 1. 1.
 1. 0. 0. 0. 0. 0. 0. 0. 1. 0. 0. 1. 1. 1. 1. 1. 1. 0. 0. 1. 0. 0. 0. 1.
 1. 1. 0. 1. 0. 1. 0. 1. 0. 0. 0. 1. 0. 0. 1. 0. 0. 1. 0. 0. 0. 0. 0. 1.
 0. 1. 1. 1. 0. 0. 0. 1. 1. 0. 0. 1. 0. 0. 0. 0. 1. 1. 0. 0. 0. 0. 1. 1.
 0. 0. 1. 0. 0. 0. 0. 1. 1. 0. 0. 1. 0. 1. 0. 0. 1. 0. 0. 1. 1. 0. 0. 0.
 0. 0. 0. 1. 0. 1. 0. 0. 0. 0. 0. 0. 1. 0. 1. 0. 1. 0. 0. 0. 1. 0. 1. 0.
 0. 0. 0. 1. 1. 0. 1. 0. 0. 1. 0. 0. 1. 0. 0. 0. 0. 0. 0. 1. 1. 0. 0. 0.
 1. 0. 0. 0. 1. 0. 0. 0.]
Time taken: 21.626328229904175 seconds
