Number of combinations:  50
Running combination 1 of 50
Fitting RandomForest...
Fitting Adaboost...
Fitting AdaBoost_2...
Fitting et...
Fitting gbc...
Fitting gbc_2...
Fitting gbc_3...
Fitting dt...
Fitting lr...
Fitting Lasso_1...
Fitting Lasso_2...
Fitting Lasso_3...
Fitting Lasso_4...
Fitting elasticnet...
VCF file created successfully.
pyseer stderr:  Read 1000 phenotypes
Detected continuous phenotype
Reading all variants

0variants [00:00, ?variants/s]
55variants [00:00, 542.53variants/s]
110variants [00:00, 477.55variants/s]
166variants [00:00, 508.89variants/s]
198variants [00:00, 513.09variants/s]
Applying correlation filtering

  0%|          | 0/198 [00:00<?, ?variants/s]
100%|██████████| 198/198 [00:00<00:00, 2521.76variants/s]
Fitting elastic net to top 148 variants
Best penalty (lambda) from cross-validation: 1.08E+01
Best R^2 from cross-validation: 0.574
Finding and printing selected variants
198 loaded variants
50 pre-filtered variants
148 tested variants
142 printed variants

True importance standardized:  [0.77596944 0.77596944 0.77596944 0.77596944 0.77596944 0.3714723
 0.3714723  0.3714723  0.3714723  0.3714723  0.75647266 0.75647266
 0.75647266 0.75647266 0.75647266 1.         1.         1.
 1.         1.         0.75555051 0.75555051 0.75555051 0.75555051
 0.75555051 0.21317249 0.21317249 0.21317249 0.21317249 0.21317249
 0.88340924 0.88340924 0.88340924 0.88340924 0.88340924 0.19692155
 0.19692155 0.19692155 0.19692155 0.19692155 0.70232325 0.70232325
 0.70232325 0.70232325 0.70232325 0.8100703  0.8100703  0.8100703
 0.8100703  0.8100703  0.         0.         0.         0.
 0.         0.         0.         0.         0.         0.
 0.         0.         0.         0.         0.         0.
 0.         0.         0.         0.         0.         0.
 0.         0.         0.         0.         0.         0.
 0.         0.         0.         0.         0.         0.
 0.         0.         0.         0.         0.         0.
 0.         0.         0.         0.         0.         0.
 0.         0.         0.         0.         0.         0.
 0.         0.         0.         0.         0.         0.
 0.         0.         0.         0.         0.         0.
 0.         0.         0.         0.         0.         0.
 0.         0.         0.         0.         0.         0.
 0.         0.         0.         0.         0.         0.
 0.         0.         0.         0.         0.         0.
 0.         0.         0.         0.         0.         0.
 0.         0.         0.         0.         0.         0.
 0.         0.         0.         0.         0.         0.
 0.         0.         0.         0.         0.         0.
 0.         0.         0.         0.         0.         0.
 0.         0.         0.         0.         0.         0.
 0.         0.         0.         0.         0.         0.
 0.         0.         0.         0.         0.         0.
 0.         0.         0.         0.         0.         0.
 0.         0.         0.         0.         0.         0.
 0.         0.        ]
Normalized importance:  [0.81057807 0.81057807 0.81057807 0.81057807 0.81057807 0.09328427
 0.09328427 0.09328427 0.09328427 0.09328427 0.68947308 0.68947308
 0.68947308 0.68947308 0.68947308 1.         1.         1.
 1.         1.         0.69196846 0.69196846 0.69196846 0.69196846
 0.69196846 0.12363338 0.12363338 0.12363338 0.12363338 0.12363338
 0.62414694 0.62414694 0.62414694 0.62414694 0.62414694 0.
 0.         0.         0.         0.03107991 0.52264128 0.52264128
 0.52264128 0.52264128 0.52264128 0.55837186 0.55837186 0.55837186
 0.55837186 0.55837186 0.         0.         0.         0.
 0.0382297  0.         0.         0.         0.00870603 0.
 0.         0.         0.         0.         0.         0.
 0.         0.         0.         0.         0.         0.
 0.         0.         0.         0.         0.         0.
 0.         0.         0.         0.         0.         0.
 0.         0.         0.         0.         0.         0.
 0.         0.         0.         0.         0.         0.
 0.         0.         0.02061693 0.         0.         0.
 0.         0.         0.         0.         0.         0.
 0.         0.05808091 0.         0.         0.         0.
 0.         0.         0.         0.         0.         0.
 0.         0.         0.         0.12055081 0.         0.
 0.01463634 0.         0.         0.         0.         0.
 0.         0.         0.         0.         0.         0.
 0.         0.         0.         0.         0.0347884  0.
 0.         0.         0.         0.         0.         0.
 0.         0.         0.03734953 0.         0.         0.
 0.         0.         0.05758697 0.         0.         0.01414068
 0.         0.         0.         0.         0.         0.
 0.         0.         0.         0.07798214 0.         0.
 0.         0.         0.         0.         0.         0.
 0.         0.         0.         0.02869675 0.         0.
 0.         0.0832334  0.         0.         0.         0.
 0.         0.         0.         0.         0.         0.
 0.         0.        ]
deepbreaks
y_true:  [1. 1. 1. 1. 1. 0. 0. 0. 0. 0. 1. 1. 1. 1. 1. 1. 1. 1. 1. 1. 0. 0. 0. 0.
 0. 0. 0. 0. 0. 0. 1. 1. 1. 1. 1. 0. 0. 0. 0. 0. 0. 0. 0. 0. 0. 1. 1. 1.
 1. 1. 0. 0. 0. 0. 0. 0. 0. 0. 0. 0. 0. 0. 0. 0. 0. 0. 0. 0. 0. 0. 0. 0.
 0. 0. 0. 0. 0. 0. 0. 0. 0. 0. 0. 0. 0. 0. 0. 0. 0. 0. 0. 0. 0. 0. 0. 0.
 0. 0. 0. 0. 0. 0. 0. 0. 0. 0. 0. 0. 0. 0. 0. 0. 0. 0. 0. 0. 0. 0. 0. 0.
 0. 0. 0. 0. 0. 0. 0. 0. 0. 0. 0. 0. 0. 0. 0. 0. 0. 0. 0. 0. 0. 0. 0. 0.
 0. 0. 0. 0. 0. 0. 0. 0. 0. 0. 0. 0. 0. 0. 0. 0. 0. 0. 0. 0. 0. 0. 0. 0.
 0. 0. 0. 0. 0. 0. 0. 0. 0. 0. 0. 0. 0. 0. 0. 0. 0. 0. 0. 0. 0. 0. 0. 0.
 0. 0. 0. 0. 0. 0. 0. 0.]
y_pred:  [1. 1. 1. 1. 1. 0. 0. 0. 0. 0. 1. 1. 1. 1. 1. 1. 1. 1. 1. 1. 1. 1. 1. 1.
 1. 0. 0. 0. 0. 0. 1. 1. 1. 1. 1. 0. 0. 0. 0. 0. 0. 0. 0. 0. 0. 1. 1. 1.
 1. 1. 0. 0. 0. 0. 0. 0. 0. 0. 0. 0. 0. 0. 0. 0. 0. 0. 0. 0. 0. 0. 0. 0.
 0. 0. 0. 0. 0. 0. 0. 0. 0. 0. 0. 0. 0. 0. 0. 0. 0. 0. 0. 0. 0. 0. 0. 0.
 0. 0. 0. 0. 0. 0. 0. 0. 0. 0. 0. 0. 0. 0. 0. 0. 0. 0. 0. 0. 0. 0. 0. 0.
 0. 0. 0. 0. 0. 0. 0. 0. 0. 0. 0. 0. 0. 0. 0. 0. 0. 0. 0. 0. 0. 0. 0. 0.
 0. 0. 0. 0. 0. 0. 0. 0. 0. 0. 0. 0. 0. 0. 0. 0. 0. 0. 0. 0. 0. 0. 0. 0.
 0. 0. 0. 0. 0. 0. 0. 0. 0. 0. 0. 0. 0. 0. 0. 0. 0. 0. 0. 0. 0. 0. 0. 0.
 0. 0. 0. 0. 0. 0. 0. 0.]
Normalized importance:  [9.13357401e-01 2.85198556e-01 4.83754513e-01 4.22382671e-01
 5.41516245e-01 3.41155235e-01 1.56137184e-01 1.18592058e-01
 8.39350181e-02 2.43682310e-01 7.67148014e-01 5.00000000e-01
 3.79061372e-01 3.50180505e-01 5.37906137e-01 1.00000000e+00
 8.32129964e-01 5.36101083e-01 2.77978339e-01 4.35018051e-01
 7.23826715e-01 3.30324910e-01 3.51985560e-01 3.19494585e-01
 7.36462094e-01 2.45487365e-01 3.44765343e-01 2.72563177e-01
 9.24187726e-02 3.89891697e-02 9.40433213e-01 4.98194946e-01
 6.35379061e-01 0.00000000e+00 2.65342960e-01 1.32671480e-01
 9.90974729e-02 0.00000000e+00 7.00361011e-02 2.00361011e-01
 8.23104693e-01 3.48375451e-01 4.94584838e-01 2.65342960e-01
 2.87003610e-01 9.18772563e-01 3.01444043e-01 3.28519856e-01
 1.16064982e-01 5.07220217e-01 0.00000000e+00 1.98555957e-01
 0.00000000e+00 8.03249097e-02 2.47292419e-01 2.76173285e-01
 0.00000000e+00 0.00000000e+00 1.76714801e-01 2.40072202e-01
 2.41877256e-01 1.25631769e-02 4.35018051e-02 0.00000000e+00
 0.00000000e+00 1.15162455e-01 0.00000000e+00 1.29241877e-01
 1.22563177e-03 9.24187726e-04 2.07581227e-01 6.62454874e-03
 1.87725632e-01 1.34657040e-01 1.04693141e-01 1.36101083e-01
 1.38989170e-01 8.71841155e-02 1.49819495e-01 0.00000000e+00
 0.00000000e+00 0.00000000e+00 0.00000000e+00 2.22021661e-02
 0.00000000e+00 7.65342960e-02 0.00000000e+00 0.00000000e+00
 9.81949458e-02 0.00000000e+00 0.00000000e+00 0.00000000e+00
 0.00000000e+00 0.00000000e+00 0.00000000e+00 4.31407942e-02
 5.59566787e-02 1.10288809e-01 2.03971119e-01 0.00000000e+00
 1.16425993e-01 1.72924188e-01 0.00000000e+00 1.49277978e-01
 1.18772563e-01 1.09386282e-01 1.07220217e-01 0.00000000e+00
 2.12996390e-01 2.76173285e-01 1.21841155e-01 9.69314079e-02
 2.20216606e-02 1.42418773e-02 5.32490975e-02 7.23826715e-02
 1.00180505e-01 3.24909747e-02 3.32129964e-01 1.07761733e-01
 0.00000000e+00 1.76534296e-01 6.55234657e-02 2.90613718e-01
 8.46570397e-03 9.45848375e-03 3.50180505e-01 0.00000000e+00
 0.00000000e+00 8.01444043e-03 0.00000000e+00 7.79783394e-02
 0.00000000e+00 0.00000000e+00 1.14801444e-01 5.21660650e-02
 0.00000000e+00 1.58122744e-01 2.45487365e-02 0.00000000e+00
 0.00000000e+00 0.00000000e+00 1.96750903e-01 3.50180505e-01
 0.00000000e+00 0.00000000e+00 0.00000000e+00 1.05415162e-01
 5.63176895e-03 1.38808664e-01 5.59566787e-02 0.00000000e+00
 3.82671480e-01 0.00000000e+00 0.00000000e+00 0.00000000e+00
 2.63537906e-02 7.18411552e-02 1.98555957e-01 0.00000000e+00
 1.71299639e-01 7.20216606e-02 1.11010830e-01 0.00000000e+00
 6.01083032e-02 1.23285199e-01 0.00000000e+00 0.00000000e+00
 0.00000000e+00 0.00000000e+00 0.00000000e+00 2.88808664e-01
 1.17328520e-03 0.00000000e+00 0.00000000e+00 0.00000000e+00
 7.23826715e-02 4.62093863e-02 2.45487365e-01 2.79783394e-01
 1.44223827e-01 1.17328520e-01 3.77256318e-02 4.13357401e-01
 1.20577617e-01 4.92779783e-02 1.08122744e-01 4.49458484e-01
 0.00000000e+00 0.00000000e+00 4.44043321e-02 4.24187726e-02
 2.59927798e-01 8.30324910e-02 1.79061372e-01 0.00000000e+00
 0.00000000e+00 7.25631769e-02 0.00000000e+00 0.00000000e+00]
pyseer
y_true:  [1. 1. 1. 1. 1. 0. 0. 0. 0. 0. 1. 1. 1. 1. 1. 1. 1. 1. 1. 1. 0. 0. 0. 0.
 0. 0. 0. 0. 0. 0. 1. 1. 1. 1. 1. 0. 0. 0. 0. 0. 0. 0. 0. 0. 0. 1. 1. 1.
 1. 1. 0. 0. 0. 0. 0. 0. 0. 0. 0. 0. 0. 0. 0. 0. 0. 0. 0. 0. 0. 0. 0. 0.
 0. 0. 0. 0. 0. 0. 0. 0. 0. 0. 0. 0. 0. 0. 0. 0. 0. 0. 0. 0. 0. 0. 0. 0.
 0. 0. 0. 0. 0. 0. 0. 0. 0. 0. 0. 0. 0. 0. 0. 0. 0. 0. 0. 0. 0. 0. 0. 0.
 0. 0. 0. 0. 0. 0. 0. 0. 0. 0. 0. 0. 0. 0. 0. 0. 0. 0. 0. 0. 0. 0. 0. 0.
 0. 0. 0. 0. 0. 0. 0. 0. 0. 0. 0. 0. 0. 0. 0. 0. 0. 0. 0. 0. 0. 0. 0. 0.
 0. 0. 0. 0. 0. 0. 0. 0. 0. 0. 0. 0. 0. 0. 0. 0. 0. 0. 0. 0. 0. 0. 0. 0.
 0. 0. 0. 0. 0. 0. 0. 0.]
y_pred:  [1. 1. 1. 1. 1. 1. 1. 0. 0. 1. 1. 1. 1. 1. 1. 1. 1. 1. 1. 1. 1. 1. 1. 1.
 1. 1. 1. 1. 0. 0. 1. 1. 1. 0. 1. 0. 0. 0. 0. 1. 1. 1. 1. 1. 1. 1. 1. 1.
 0. 1. 0. 1. 0. 0. 1. 1. 0. 0. 1. 1. 1. 0. 0. 0. 0. 0. 0. 0. 0. 0. 1. 0.
 1. 0. 0. 0. 0. 0. 1. 0. 0. 0. 0. 0. 0. 0. 0. 0. 0. 0. 0. 0. 0. 0. 0. 0.
 0. 0. 1. 0. 0. 1. 0. 1. 0. 0. 0. 0. 1. 1. 0. 0. 0. 0. 0. 0. 0. 0. 1. 0.
 0. 1. 0. 1. 0. 0. 1. 0. 0. 0. 0. 0. 0. 0. 0. 0. 0. 1. 0. 0. 0. 0. 1. 1.
 0. 0. 0. 0. 0. 0. 0. 0. 1. 0. 0. 0. 0. 0. 1. 0. 1. 0. 0. 0. 0. 0. 0. 0.
 0. 0. 0. 1. 0. 0. 0. 0. 0. 0. 1. 1. 0. 0. 0. 1. 0. 0. 0. 1. 0. 0. 0. 0.
 1. 0. 1. 0. 0. 0. 0. 0.]
Time taken: 37.1515908241272 seconds
Running combination 2 of 50
Fitting RandomForest...
Fitting Adaboost...
Fitting AdaBoost_2...
Fitting et...
Fitting gbc...
Fitting gbc_2...
Fitting gbc_3...
Fitting dt...
Fitting lr...
Fitting Lasso_1...
Fitting Lasso_2...
Fitting Lasso_3...
Fitting Lasso_4...
Fitting elasticnet...
VCF file created successfully.
pyseer stderr:  Read 1000 phenotypes
Detected continuous phenotype
Reading all variants

0variants [00:00, ?variants/s]
55variants [00:00, 543.49variants/s]
110variants [00:00, 477.18variants/s]
166variants [00:00, 508.48variants/s]
198variants [00:00, 513.18variants/s]
Applying correlation filtering

  0%|          | 0/198 [00:00<?, ?variants/s]
100%|██████████| 198/198 [00:00<00:00, 2743.86variants/s]
Fitting elastic net to top 148 variants
Best penalty (lambda) from cross-validation: 9.04E+00
Best R^2 from cross-validation: 0.549
Finding and printing selected variants
198 loaded variants
50 pre-filtered variants
148 tested variants
141 printed variants

True importance standardized:  [0.79151865 0.79151865 0.79151865 0.79151865 0.79151865 0.84971742
 0.84971742 0.84971742 0.84971742 0.84971742 0.49748003 0.49748003
 0.49748003 0.49748003 0.49748003 0.40279839 0.40279839 0.40279839
 0.40279839 0.40279839 0.40761916 0.40761916 0.40761916 0.40761916
 0.40761916 0.67255536 0.67255536 0.67255536 0.67255536 0.67255536
 0.5927626  0.5927626  0.5927626  0.5927626  0.5927626  1.
 1.         1.         1.         1.         0.56450349 0.56450349
 0.56450349 0.56450349 0.56450349 0.34365527 0.34365527 0.34365527
 0.34365527 0.34365527 0.         0.         0.         0.
 0.         0.         0.         0.         0.         0.
 0.         0.         0.         0.         0.         0.
 0.         0.         0.         0.         0.         0.
 0.         0.         0.         0.         0.         0.
 0.         0.         0.         0.         0.         0.
 0.         0.         0.         0.         0.         0.
 0.         0.         0.         0.         0.         0.
 0.         0.         0.         0.         0.         0.
 0.         0.         0.         0.         0.         0.
 0.         0.         0.         0.         0.         0.
 0.         0.         0.         0.         0.         0.
 0.         0.         0.         0.         0.         0.
 0.         0.         0.         0.         0.         0.
 0.         0.         0.         0.         0.         0.
 0.         0.         0.         0.         0.         0.
 0.         0.         0.         0.         0.         0.
 0.         0.         0.         0.         0.         0.
 0.         0.         0.         0.         0.         0.
 0.         0.         0.         0.         0.         0.
 0.         0.         0.         0.         0.         0.
 0.         0.         0.         0.         0.         0.
 0.         0.         0.         0.         0.         0.
 0.         0.         0.         0.         0.         0.
 0.         0.         0.         0.         0.         0.
 0.         0.        ]
Normalized importance:  [0.760048   0.760048   0.760048   0.760048   0.760048   0.73060041
 0.73060041 0.73060041 0.73060041 0.73060041 0.48982071 0.48982071
 0.48982071 0.48982071 0.48982071 0.27456665 0.27456665 0.27456665
 0.27456665 0.27456665 0.34901264 0.34901264 0.34901264 0.34901264
 0.34901264 0.39541567 0.39541567 0.39541567 0.39541567 0.39541567
 0.38525645 0.38525645 0.38525645 0.38525645 0.38525645 1.
 1.         1.         1.         1.         0.15676138 0.15676138
 0.15676138 0.15676138 0.15676138 0.09110993 0.         0.09110993
 0.09110993 0.09110993 0.         0.         0.         0.
 0.         0.         0.         0.         0.03305149 0.
 0.         0.         0.         0.02895066 0.         0.
 0.         0.01134295 0.         0.         0.         0.
 0.         0.         0.         0.         0.019415   0.
 0.02579932 0.         0.         0.         0.         0.
 0.         0.         0.         0.         0.         0.
 0.         0.         0.         0.         0.         0.
 0.         0.         0.         0.         0.         0.
 0.         0.         0.         0.         0.         0.
 0.         0.         0.         0.         0.         0.04018758
 0.         0.         0.         0.         0.         0.
 0.         0.         0.         0.         0.         0.
 0.01970168 0.         0.         0.         0.         0.
 0.         0.         0.         0.         0.         0.
 0.         0.         0.         0.         0.         0.
 0.         0.         0.         0.         0.         0.
 0.         0.         0.         0.         0.         0.
 0.         0.         0.         0.         0.03111076 0.
 0.         0.         0.         0.         0.         0.
 0.         0.         0.         0.         0.         0.
 0.         0.         0.         0.         0.00929269 0.
 0.         0.         0.         0.         0.01640298 0.
 0.         0.         0.         0.         0.         0.
 0.         0.         0.         0.         0.         0.
 0.         0.        ]
deepbreaks
y_true:  [1. 1. 1. 1. 1. 1. 1. 1. 1. 1. 0. 0. 0. 0. 0. 0. 0. 0. 0. 0. 0. 0. 0. 0.
 0. 1. 1. 1. 1. 1. 1. 1. 1. 1. 1. 1. 1. 1. 1. 1. 0. 0. 0. 0. 0. 0. 0. 0.
 0. 0. 0. 0. 0. 0. 0. 0. 0. 0. 0. 0. 0. 0. 0. 0. 0. 0. 0. 0. 0. 0. 0. 0.
 0. 0. 0. 0. 0. 0. 0. 0. 0. 0. 0. 0. 0. 0. 0. 0. 0. 0. 0. 0. 0. 0. 0. 0.
 0. 0. 0. 0. 0. 0. 0. 0. 0. 0. 0. 0. 0. 0. 0. 0. 0. 0. 0. 0. 0. 0. 0. 0.
 0. 0. 0. 0. 0. 0. 0. 0. 0. 0. 0. 0. 0. 0. 0. 0. 0. 0. 0. 0. 0. 0. 0. 0.
 0. 0. 0. 0. 0. 0. 0. 0. 0. 0. 0. 0. 0. 0. 0. 0. 0. 0. 0. 0. 0. 0. 0. 0.
 0. 0. 0. 0. 0. 0. 0. 0. 0. 0. 0. 0. 0. 0. 0. 0. 0. 0. 0. 0. 0. 0. 0. 0.
 0. 0. 0. 0. 0. 0. 0. 0.]
y_pred:  [1. 1. 1. 1. 1. 1. 1. 1. 1. 1. 1. 1. 1. 1. 1. 0. 0. 0. 0. 0. 0. 0. 0. 0.
 0. 1. 1. 1. 1. 1. 1. 1. 1. 1. 1. 1. 1. 1. 1. 1. 0. 0. 0. 0. 0. 0. 0. 0.
 0. 0. 0. 0. 0. 0. 0. 0. 0. 0. 0. 0. 0. 0. 0. 0. 0. 0. 0. 0. 0. 0. 0. 0.
 0. 0. 0. 0. 0. 0. 0. 0. 0. 0. 0. 0. 0. 0. 0. 0. 0. 0. 0. 0. 0. 0. 0. 0.
 0. 0. 0. 0. 0. 0. 0. 0. 0. 0. 0. 0. 0. 0. 0. 0. 0. 0. 0. 0. 0. 0. 0. 0.
 0. 0. 0. 0. 0. 0. 0. 0. 0. 0. 0. 0. 0. 0. 0. 0. 0. 0. 0. 0. 0. 0. 0. 0.
 0. 0. 0. 0. 0. 0. 0. 0. 0. 0. 0. 0. 0. 0. 0. 0. 0. 0. 0. 0. 0. 0. 0. 0.
 0. 0. 0. 0. 0. 0. 0. 0. 0. 0. 0. 0. 0. 0. 0. 0. 0. 0. 0. 0. 0. 0. 0. 0.
 0. 0. 0. 0. 0. 0. 0. 0.]
Normalized importance:  [8.08000000e-01 4.80000000e-01 4.61333333e-01 4.96000000e-01
 1.61333333e-01 7.57333333e-01 5.86666667e-01 5.22666667e-01
 2.90666667e-01 2.23733333e-01 5.57333333e-01 2.13333333e-01
 3.28000000e-01 3.17333333e-01 2.60533333e-01 5.57333333e-01
 2.06400000e-01 1.99733333e-01 8.56000000e-02 2.80000000e-01
 4.85333333e-01 3.81333333e-01 2.54133333e-01 1.40266667e-01
 1.85600000e-01 4.96000000e-01 3.30666667e-01 2.93333333e-01
 3.14666667e-01 4.45333333e-01 6.37333333e-01 2.38400000e-01
 4.61333333e-01 1.78133333e-01 2.33066667e-01 1.00000000e+00
 3.46666667e-01 2.53333333e-01 4.88000000e-01 6.13333333e-01
 4.82666667e-01 1.59200000e-01 3.30666667e-01 1.60533333e-01
 2.93333333e-01 2.88000000e-01 6.00000000e-02 1.57866667e-01
 3.28000000e-01 1.67733333e-01 0.00000000e+00 1.09866667e-01
 0.00000000e+00 0.00000000e+00 0.00000000e+00 0.00000000e+00
 5.06666667e-02 0.00000000e+00 3.33333333e-01 0.00000000e+00
 5.28000000e-02 1.54400000e-01 0.00000000e+00 1.56800000e-01
 0.00000000e+00 2.10133333e-01 0.00000000e+00 2.21866667e-02
 0.00000000e+00 1.02400000e-01 1.20800000e-02 0.00000000e+00
 0.00000000e+00 9.65333333e-05 2.74666667e-01 0.00000000e+00
 1.08533333e-01 5.94666667e-02 2.64533333e-01 0.00000000e+00
 7.36000000e-02 1.69866667e-01 1.54666667e-01 0.00000000e+00
 1.00000000e-01 9.06666667e-02 2.55200000e-01 0.00000000e+00
 3.92000000e-03 1.91733333e-01 0.00000000e+00 2.06666667e-01
 0.00000000e+00 1.73066667e-01 0.00000000e+00 1.73600000e-01
 3.06666667e-02 0.00000000e+00 3.81333333e-02 9.70666667e-02
 1.39466667e-01 0.00000000e+00 0.00000000e+00 9.52000000e-02
 2.61066667e-02 0.00000000e+00 0.00000000e+00 0.00000000e+00
 1.57866667e-01 3.06666667e-02 0.00000000e+00 0.00000000e+00
 0.00000000e+00 2.44000000e-01 2.00000000e-01 0.00000000e+00
 0.00000000e+00 1.46933333e-01 0.00000000e+00 1.83466667e-02
 9.60000000e-02 1.42666667e-01 0.00000000e+00 5.36000000e-03
 0.00000000e+00 0.00000000e+00 4.61333333e-03 0.00000000e+00
 4.72000000e-02 2.59466667e-03 9.41333333e-04 1.22400000e-01
 6.64000000e-02 8.85333333e-02 7.20000000e-02 1.02933333e-02
 1.44266667e-01 1.96000000e-01 1.62666667e-02 1.02933333e-01
 0.00000000e+00 0.00000000e+00 1.20800000e-01 1.98666667e-01
 4.18666667e-02 1.94400000e-01 5.62666667e-02 0.00000000e+00
 5.38666667e-02 3.62666667e-02 0.00000000e+00 2.29866667e-02
 3.57333333e-02 7.06666667e-02 0.00000000e+00 1.15200000e-01
 0.00000000e+00 1.65600000e-01 0.00000000e+00 0.00000000e+00
 2.77333333e-01 1.59200000e-01 0.00000000e+00 0.00000000e+00
 1.16533333e-01 1.67466667e-01 0.00000000e+00 0.00000000e+00
 0.00000000e+00 1.92000000e-01 1.06133333e-01 1.08800000e-01
 1.36266667e-01 6.58666667e-02 2.90666667e-02 6.13333333e-02
 7.94666667e-02 0.00000000e+00 1.10666667e-01 1.58666667e-02
 0.00000000e+00 7.09333333e-02 2.77333333e-02 2.96000000e-02
 1.85600000e-01 1.18133333e-01 0.00000000e+00 0.00000000e+00
 0.00000000e+00 8.80000000e-02 0.00000000e+00 0.00000000e+00
 3.01333333e-02 0.00000000e+00 6.42666667e-04 1.02400000e-01
 6.93333333e-02 7.12000000e-02 0.00000000e+00 0.00000000e+00]
pyseer
y_true:  [1. 1. 1. 1. 1. 1. 1. 1. 1. 1. 0. 0. 0. 0. 0. 0. 0. 0. 0. 0. 0. 0. 0. 0.
 0. 1. 1. 1. 1. 1. 1. 1. 1. 1. 1. 1. 1. 1. 1. 1. 0. 0. 0. 0. 0. 0. 0. 0.
 0. 0. 0. 0. 0. 0. 0. 0. 0. 0. 0. 0. 0. 0. 0. 0. 0. 0. 0. 0. 0. 0. 0. 0.
 0. 0. 0. 0. 0. 0. 0. 0. 0. 0. 0. 0. 0. 0. 0. 0. 0. 0. 0. 0. 0. 0. 0. 0.
 0. 0. 0. 0. 0. 0. 0. 0. 0. 0. 0. 0. 0. 0. 0. 0. 0. 0. 0. 0. 0. 0. 0. 0.
 0. 0. 0. 0. 0. 0. 0. 0. 0. 0. 0. 0. 0. 0. 0. 0. 0. 0. 0. 0. 0. 0. 0. 0.
 0. 0. 0. 0. 0. 0. 0. 0. 0. 0. 0. 0. 0. 0. 0. 0. 0. 0. 0. 0. 0. 0. 0. 0.
 0. 0. 0. 0. 0. 0. 0. 0. 0. 0. 0. 0. 0. 0. 0. 0. 0. 0. 0. 0. 0. 0. 0. 0.
 0. 0. 0. 0. 0. 0. 0. 0.]
y_pred:  [1. 1. 1. 1. 1. 1. 1. 1. 1. 1. 1. 1. 1. 1. 1. 1. 1. 1. 0. 1. 1. 1. 1. 0.
 1. 1. 1. 1. 1. 1. 1. 1. 1. 1. 1. 1. 1. 1. 1. 1. 1. 1. 1. 1. 1. 1. 0. 1.
 1. 1. 0. 0. 0. 0. 0. 0. 0. 0. 1. 0. 0. 0. 0. 1. 0. 1. 0. 0. 0. 0. 0. 0.
 0. 0. 1. 0. 0. 0. 1. 0. 0. 1. 1. 0. 0. 0. 1. 0. 0. 1. 0. 1. 0. 1. 0. 1.
 0. 0. 0. 0. 0. 0. 0. 0. 0. 0. 0. 0. 1. 0. 0. 0. 0. 1. 1. 0. 0. 0. 0. 0.
 0. 0. 0. 0. 0. 0. 0. 0. 0. 0. 0. 0. 0. 0. 0. 0. 0. 1. 0. 0. 0. 0. 0. 1.
 0. 1. 0. 0. 0. 0. 0. 0. 0. 0. 0. 0. 0. 1. 0. 0. 1. 1. 0. 0. 0. 1. 0. 0.
 0. 1. 0. 0. 0. 0. 0. 0. 0. 0. 0. 0. 0. 0. 0. 0. 1. 0. 0. 0. 0. 0. 0. 0.
 0. 0. 0. 0. 0. 0. 0. 0.]
Time taken: 23.953922986984253 seconds
Running combination 3 of 50
Fitting RandomForest...
Fitting Adaboost...
Fitting AdaBoost_2...
Fitting et...
Fitting gbc...
Fitting gbc_2...
Fitting gbc_3...
Fitting dt...
Fitting lr...
Fitting Lasso_1...
Fitting Lasso_2...
Fitting Lasso_3...
Fitting Lasso_4...
Fitting elasticnet...
VCF file created successfully.
pyseer stderr:  Read 1000 phenotypes
Detected continuous phenotype
Reading all variants

0variants [00:00, ?variants/s]
54variants [00:00, 531.33variants/s]
108variants [00:00, 471.79variants/s]
164variants [00:00, 506.60variants/s]
198variants [00:00, 510.74variants/s]
Applying correlation filtering

  0%|          | 0/198 [00:00<?, ?variants/s]
100%|██████████| 198/198 [00:00<00:00, 2655.32variants/s]
Fitting elastic net to top 148 variants
Best penalty (lambda) from cross-validation: 4.95E+00
Best R^2 from cross-validation: 0.558
Finding and printing selected variants
198 loaded variants
50 pre-filtered variants
148 tested variants
138 printed variants

True importance standardized:  [0.13320195 0.13320195 0.13320195 0.13320195 0.13320195 0.44124683
 0.44124683 0.44124683 0.44124683 0.44124683 0.21745873 0.21745873
 0.21745873 0.21745873 0.21745873 0.47195464 0.47195464 0.47195464
 0.47195464 0.47195464 1.         1.         1.         1.
 1.         0.58035472 0.58035472 0.58035472 0.58035472 0.58035472
 0.3593948  0.3593948  0.3593948  0.3593948  0.3593948  0.71788692
 0.71788692 0.71788692 0.71788692 0.71788692 0.15377783 0.15377783
 0.15377783 0.15377783 0.15377783 0.32902838 0.32902838 0.32902838
 0.32902838 0.32902838 0.         0.         0.         0.
 0.         0.         0.         0.         0.         0.
 0.         0.         0.         0.         0.         0.
 0.         0.         0.         0.         0.         0.
 0.         0.         0.         0.         0.         0.
 0.         0.         0.         0.         0.         0.
 0.         0.         0.         0.         0.         0.
 0.         0.         0.         0.         0.         0.
 0.         0.         0.         0.         0.         0.
 0.         0.         0.         0.         0.         0.
 0.         0.         0.         0.         0.         0.
 0.         0.         0.         0.         0.         0.
 0.         0.         0.         0.         0.         0.
 0.         0.         0.         0.         0.         0.
 0.         0.         0.         0.         0.         0.
 0.         0.         0.         0.         0.         0.
 0.         0.         0.         0.         0.         0.
 0.         0.         0.         0.         0.         0.
 0.         0.         0.         0.         0.         0.
 0.         0.         0.         0.         0.         0.
 0.         0.         0.         0.         0.         0.
 0.         0.         0.         0.         0.         0.
 0.         0.         0.         0.         0.         0.
 0.         0.         0.         0.         0.         0.
 0.         0.         0.         0.         0.         0.
 0.         0.        ]
Normalized importance:  [0.01673504 0.01673504 0.01673504 0.         0.01673504 0.2567341
 0.2567341  0.2567341  0.2567341  0.2567341  0.08246562 0.08246562
 0.08246562 0.08246562 0.08246562 0.27967539 0.27967539 0.27967539
 0.27967539 0.27967539 1.         1.         1.         1.
 1.         0.36803252 0.36803252 0.36803252 0.36803252 0.36803252
 0.14326399 0.14326399 0.14326399 0.14326399 0.14326399 0.67640811
 0.67640811 0.67640811 0.67640811 0.67640811 0.04120866 0.04120866
 0.         0.         0.04120866 0.23035487 0.23035487 0.23035487
 0.23035487 0.23035487 0.         0.         0.         0.
 0.         0.         0.         0.         0.         0.
 0.         0.         0.         0.         0.         0.
 0.         0.         0.         0.         0.         0.
 0.         0.         0.         0.         0.         0.
 0.         0.         0.         0.         0.         0.
 0.         0.         0.         0.         0.         0.
 0.         0.         0.         0.         0.         0.
 0.         0.         0.         0.         0.         0.
 0.         0.         0.         0.         0.         0.
 0.         0.         0.         0.         0.         0.
 0.         0.         0.         0.         0.         0.
 0.         0.         0.         0.         0.01408924 0.
 0.         0.         0.         0.         0.         0.
 0.         0.         0.         0.         0.         0.
 0.         0.         0.         0.         0.         0.01519535
 0.         0.02078401 0.         0.         0.         0.
 0.         0.         0.         0.         0.         0.
 0.         0.         0.         0.         0.         0.
 0.         0.         0.         0.         0.         0.
 0.         0.         0.         0.         0.         0.
 0.         0.         0.         0.         0.         0.
 0.         0.         0.         0.         0.         0.
 0.         0.         0.         0.         0.         0.
 0.         0.         0.         0.         0.         0.
 0.         0.        ]
deepbreaks
y_true:  [0. 0. 0. 0. 0. 1. 1. 1. 1. 1. 0. 0. 0. 0. 0. 1. 1. 1. 1. 1. 1. 1. 1. 1.
 1. 1. 1. 1. 1. 1. 0. 0. 0. 0. 0. 1. 1. 1. 1. 1. 0. 0. 0. 0. 0. 0. 0. 0.
 0. 0. 0. 0. 0. 0. 0. 0. 0. 0. 0. 0. 0. 0. 0. 0. 0. 0. 0. 0. 0. 0. 0. 0.
 0. 0. 0. 0. 0. 0. 0. 0. 0. 0. 0. 0. 0. 0. 0. 0. 0. 0. 0. 0. 0. 0. 0. 0.
 0. 0. 0. 0. 0. 0. 0. 0. 0. 0. 0. 0. 0. 0. 0. 0. 0. 0. 0. 0. 0. 0. 0. 0.
 0. 0. 0. 0. 0. 0. 0. 0. 0. 0. 0. 0. 0. 0. 0. 0. 0. 0. 0. 0. 0. 0. 0. 0.
 0. 0. 0. 0. 0. 0. 0. 0. 0. 0. 0. 0. 0. 0. 0. 0. 0. 0. 0. 0. 0. 0. 0. 0.
 0. 0. 0. 0. 0. 0. 0. 0. 0. 0. 0. 0. 0. 0. 0. 0. 0. 0. 0. 0. 0. 0. 0. 0.
 0. 0. 0. 0. 0. 0. 0. 0.]
y_pred:  [0. 0. 0. 0. 0. 1. 1. 1. 1. 1. 0. 0. 0. 0. 0. 1. 1. 1. 1. 1. 1. 1. 1. 1.
 1. 1. 1. 1. 1. 1. 0. 0. 0. 0. 0. 1. 1. 1. 1. 1. 0. 0. 0. 0. 0. 0. 0. 0.
 0. 0. 0. 0. 0. 0. 0. 0. 0. 0. 0. 0. 0. 0. 0. 0. 0. 0. 0. 0. 0. 0. 0. 0.
 0. 0. 0. 0. 0. 0. 0. 0. 0. 0. 0. 0. 0. 0. 0. 0. 0. 0. 0. 0. 0. 0. 0. 0.
 0. 0. 0. 0. 0. 0. 0. 0. 0. 0. 0. 0. 0. 0. 0. 0. 0. 0. 0. 0. 0. 0. 0. 0.
 0. 0. 0. 0. 0. 0. 0. 0. 0. 0. 0. 0. 0. 0. 0. 0. 0. 0. 0. 0. 0. 0. 0. 0.
 0. 0. 0. 0. 0. 0. 0. 0. 0. 0. 0. 0. 0. 0. 0. 0. 0. 0. 0. 0. 0. 0. 0. 0.
 0. 0. 0. 0. 0. 0. 0. 0. 0. 0. 0. 0. 0. 0. 0. 0. 0. 0. 0. 0. 0. 0. 0. 0.
 0. 0. 0. 0. 0. 0. 0. 0.]
Normalized importance:  [6.15384615e-02 4.19958420e-02 3.84615385e-03 3.82536383e-02
 1.93970894e-01 4.67775468e-01 5.11434511e-02 1.30977131e-01
 2.43243243e-01 2.14137214e-01 2.59875260e-01 1.04365904e-01
 0.00000000e+00 2.26611227e-01 9.52182952e-02 3.80457380e-01
 2.32848233e-01 2.86902287e-01 2.30769231e-01 1.90644491e-01
 1.00000000e+00 3.20166320e-01 3.59667360e-01 3.11850312e-01
 5.40540541e-01 6.04989605e-01 2.82744283e-01 2.12058212e-01
 1.73388773e-01 1.97297297e-01 3.28482328e-01 1.15176715e-01
 1.20166320e-01 1.62785863e-01 1.64656965e-01 7.00623701e-01
 4.07484407e-01 1.21413721e-01 3.26403326e-01 2.00000000e-01
 2.12058212e-01 3.92931393e-02 1.19750520e-01 1.29729730e-01
 2.91060291e-01 2.76507277e-01 1.97089397e-01 9.95841996e-02
 1.86694387e-01 9.29313929e-02 0.00000000e+00 6.50727651e-02
 3.40956341e-02 7.13097713e-02 6.79833680e-03 4.84407484e-02
 8.44074844e-02 1.40540541e-01 7.17255717e-02 1.38253638e-01
 1.68399168e-01 1.38045738e-01 0.00000000e+00 3.43035343e-02
 4.67775468e-02 0.00000000e+00 8.52390852e-02 4.09563410e-02
 5.57172557e-02 1.75883576e-03 6.88149688e-02 0.00000000e+00
 2.82744283e-02 1.23076923e-01 0.00000000e+00 9.87525988e-02
 7.96257796e-02 1.57588358e-02 1.65072765e-01 0.00000000e+00
 0.00000000e+00 4.94802495e-02 1.26819127e-01 1.30769231e-01
 8.02494802e-02 0.00000000e+00 0.00000000e+00 1.37629938e-02
 0.00000000e+00 0.00000000e+00 8.04573805e-02 0.00000000e+00
 0.00000000e+00 0.00000000e+00 1.13305613e-01 1.29106029e-01
 2.55717256e-02 4.78170478e-02 0.00000000e+00 7.00623701e-02
 6.27858628e-02 0.00000000e+00 0.00000000e+00 5.36382536e-02
 5.71725572e-03 0.00000000e+00 0.00000000e+00 2.55717256e-02
 0.00000000e+00 0.00000000e+00 0.00000000e+00 1.82536383e-01
 9.75051975e-03 6.19542620e-02 0.00000000e+00 8.39916840e-02
 2.86902287e-02 0.00000000e+00 0.00000000e+00 0.00000000e+00
 0.00000000e+00 8.44074844e-02 0.00000000e+00 7.00623701e-02
 2.32848233e-01 0.00000000e+00 0.00000000e+00 0.00000000e+00
 0.00000000e+00 1.07692308e-01 1.21205821e-01 0.00000000e+00
 0.00000000e+00 1.50519751e-01 0.00000000e+00 7.50519751e-02
 4.82328482e-02 1.44906445e-01 0.00000000e+00 8.12889813e-02
 0.00000000e+00 1.36798337e-01 4.32432432e-02 1.11018711e-01
 1.11226611e-01 1.34095634e-01 1.99584200e-01 2.66112266e-01
 0.00000000e+00 1.73388773e-01 0.00000000e+00 3.78378378e-02
 0.00000000e+00 4.98960499e-02 1.08316008e-01 6.79833680e-04
 8.23284823e-02 0.00000000e+00 7.19334719e-02 0.00000000e+00
 1.19126819e-01 8.89812890e-02 0.00000000e+00 0.00000000e+00
 5.94594595e-02 0.00000000e+00 6.98544699e-02 0.00000000e+00
 1.48232848e-01 1.57380457e-01 1.86070686e-02 4.94802495e-02
 1.33264033e-01 0.00000000e+00 0.00000000e+00 1.14345114e-01
 1.27650728e-01 1.55301455e-01 8.73180873e-02 1.49480249e-01
 0.00000000e+00 1.38669439e-01 0.00000000e+00 3.80457380e-03
 0.00000000e+00 0.00000000e+00 0.00000000e+00 3.36798337e-02
 0.00000000e+00 1.16839917e-01 1.02910603e-01 7.75467775e-03
 0.00000000e+00 0.00000000e+00 3.43035343e-02 0.00000000e+00
 0.00000000e+00 0.00000000e+00 0.00000000e+00 0.00000000e+00]
pyseer
y_true:  [0. 0. 0. 0. 0. 1. 1. 1. 1. 1. 0. 0. 0. 0. 0. 1. 1. 1. 1. 1. 1. 1. 1. 1.
 1. 1. 1. 1. 1. 1. 0. 0. 0. 0. 0. 1. 1. 1. 1. 1. 0. 0. 0. 0. 0. 0. 0. 0.
 0. 0. 0. 0. 0. 0. 0. 0. 0. 0. 0. 0. 0. 0. 0. 0. 0. 0. 0. 0. 0. 0. 0. 0.
 0. 0. 0. 0. 0. 0. 0. 0. 0. 0. 0. 0. 0. 0. 0. 0. 0. 0. 0. 0. 0. 0. 0. 0.
 0. 0. 0. 0. 0. 0. 0. 0. 0. 0. 0. 0. 0. 0. 0. 0. 0. 0. 0. 0. 0. 0. 0. 0.
 0. 0. 0. 0. 0. 0. 0. 0. 0. 0. 0. 0. 0. 0. 0. 0. 0. 0. 0. 0. 0. 0. 0. 0.
 0. 0. 0. 0. 0. 0. 0. 0. 0. 0. 0. 0. 0. 0. 0. 0. 0. 0. 0. 0. 0. 0. 0. 0.
 0. 0. 0. 0. 0. 0. 0. 0. 0. 0. 0. 0. 0. 0. 0. 0. 0. 0. 0. 0. 0. 0. 0. 0.
 0. 0. 0. 0. 0. 0. 0. 0.]
y_pred:  [0. 0. 0. 0. 1. 1. 0. 1. 1. 1. 1. 0. 0. 1. 0. 1. 1. 1. 1. 1. 1. 1. 1. 1.
 1. 1. 1. 1. 1. 1. 1. 1. 1. 1. 1. 1. 1. 1. 1. 1. 1. 0. 1. 1. 1. 1. 1. 0.
 1. 0. 0. 0. 0. 0. 0. 0. 0. 1. 0. 1. 1. 1. 0. 0. 0. 0. 0. 0. 0. 0. 0. 0.
 0. 1. 0. 0. 0. 0. 1. 0. 0. 0. 1. 1. 0. 0. 0. 0. 0. 0. 0. 0. 0. 0. 1. 1.
 0. 0. 0. 0. 0. 0. 0. 0. 0. 0. 0. 0. 0. 0. 0. 1. 0. 0. 0. 0. 0. 0. 0. 0.
 0. 0. 0. 0. 1. 0. 0. 0. 0. 0. 1. 0. 0. 1. 0. 0. 0. 1. 0. 0. 0. 1. 0. 0.
 0. 1. 1. 1. 0. 1. 0. 0. 0. 0. 0. 0. 0. 0. 0. 0. 1. 0. 0. 0. 0. 0. 0. 0.
 1. 1. 0. 0. 1. 0. 0. 1. 1. 1. 0. 1. 0. 1. 0. 0. 0. 0. 0. 0. 0. 1. 0. 0.
 0. 0. 0. 0. 0. 0. 0. 0.]
Time taken: 31.391621112823486 seconds
Running combination 4 of 50
Fitting RandomForest...
Fitting Adaboost...
Fitting AdaBoost_2...
Fitting et...
Fitting gbc...
Fitting gbc_2...
Fitting gbc_3...
Fitting dt...
Fitting lr...
Fitting Lasso_1...
Fitting Lasso_2...
Fitting Lasso_3...
Fitting Lasso_4...
Fitting elasticnet...
VCF file created successfully.
pyseer stderr:  Read 1000 phenotypes
Detected continuous phenotype
Reading all variants

0variants [00:00, ?variants/s]
54variants [00:00, 532.68variants/s]
108variants [00:00, 473.91variants/s]
163variants [00:00, 505.22variants/s]
198variants [00:00, 509.97variants/s]
Applying correlation filtering

  0%|          | 0/198 [00:00<?, ?variants/s]
100%|██████████| 198/198 [00:00<00:00, 2668.54variants/s]
Fitting elastic net to top 148 variants
Best penalty (lambda) from cross-validation: 1.79E+01
Best R^2 from cross-validation: 0.503
Finding and printing selected variants
198 loaded variants
50 pre-filtered variants
148 tested variants
132 printed variants

True importance standardized:  [0.75588718 0.75588718 0.75588718 0.75588718 0.75588718 0.50749689
 0.50749689 0.50749689 0.50749689 0.50749689 0.40386759 0.40386759
 0.40386759 0.40386759 0.40386759 0.15410225 0.15410225 0.15410225
 0.15410225 0.15410225 0.90797973 0.90797973 0.90797973 0.90797973
 0.90797973 0.46582422 0.46582422 0.46582422 0.46582422 0.46582422
 1.         1.         1.         1.         1.         0.29046877
 0.29046877 0.29046877 0.29046877 0.29046877 0.15614317 0.15614317
 0.15614317 0.15614317 0.15614317 0.87148844 0.87148844 0.87148844
 0.87148844 0.87148844 0.         0.         0.         0.
 0.         0.         0.         0.         0.         0.
 0.         0.         0.         0.         0.         0.
 0.         0.         0.         0.         0.         0.
 0.         0.         0.         0.         0.         0.
 0.         0.         0.         0.         0.         0.
 0.         0.         0.         0.         0.         0.
 0.         0.         0.         0.         0.         0.
 0.         0.         0.         0.         0.         0.
 0.         0.         0.         0.         0.         0.
 0.         0.         0.         0.         0.         0.
 0.         0.         0.         0.         0.         0.
 0.         0.         0.         0.         0.         0.
 0.         0.         0.         0.         0.         0.
 0.         0.         0.         0.         0.         0.
 0.         0.         0.         0.         0.         0.
 0.         0.         0.         0.         0.         0.
 0.         0.         0.         0.         0.         0.
 0.         0.         0.         0.         0.         0.
 0.         0.         0.         0.         0.         0.
 0.         0.         0.         0.         0.         0.
 0.         0.         0.         0.         0.         0.
 0.         0.         0.         0.         0.         0.
 0.         0.         0.         0.         0.         0.
 0.         0.         0.         0.         0.         0.
 0.         0.        ]
Normalized importance:  [0.66130738 0.66130738 0.66130738 0.66130738 0.66130738 0.20905918
 0.20905918 0.20905918 0.20905918 0.20905918 0.070362   0.070362
 0.070362   0.070362   0.070362   0.         0.         0.
 0.         0.         0.84458797 0.84458797 0.84458797 0.84458797
 0.84458797 0.12146088 0.12146088 0.12146088 0.12146088 0.12146088
 1.         1.         1.         1.         1.         0.11842444
 0.11842444 0.11842444 0.11842444 0.11842444 0.         0.01251254
 0.         0.00288573 0.         0.54935647 0.54935647 0.54935647
 0.54935647 0.54935647 0.00983184 0.         0.         0.
 0.         0.         0.0062542  0.         0.         0.
 0.         0.         0.         0.         0.         0.
 0.         0.         0.         0.         0.         0.0372238
 0.         0.         0.         0.         0.         0.
 0.         0.         0.         0.         0.         0.
 0.         0.         0.         0.         0.         0.
 0.         0.01447061 0.         0.         0.03953918 0.
 0.         0.         0.         0.02887022 0.         0.
 0.         0.         0.         0.         0.         0.
 0.         0.         0.         0.         0.         0.
 0.         0.         0.         0.         0.         0.
 0.         0.00932135 0.         0.         0.         0.
 0.         0.         0.         0.         0.         0.
 0.         0.         0.         0.         0.         0.
 0.         0.         0.         0.         0.         0.
 0.         0.         0.         0.         0.         0.
 0.         0.         0.0254876  0.         0.         0.
 0.         0.06778848 0.         0.         0.         0.
 0.         0.         0.         0.         0.         0.
 0.         0.         0.         0.         0.         0.
 0.         0.         0.         0.         0.         0.
 0.         0.         0.         0.         0.         0.
 0.         0.         0.         0.         0.         0.
 0.         0.         0.         0.         0.         0.
 0.         0.        ]
deepbreaks
y_true:  [1. 1. 1. 1. 1. 1. 1. 1. 1. 1. 0. 0. 0. 0. 0. 0. 0. 0. 0. 0. 1. 1. 1. 1.
 1. 0. 0. 0. 0. 0. 1. 1. 1. 1. 1. 0. 0. 0. 0. 0. 0. 0. 0. 0. 0. 1. 1. 1.
 1. 1. 0. 0. 0. 0. 0. 0. 0. 0. 0. 0. 0. 0. 0. 0. 0. 0. 0. 0. 0. 0. 0. 0.
 0. 0. 0. 0. 0. 0. 0. 0. 0. 0. 0. 0. 0. 0. 0. 0. 0. 0. 0. 0. 0. 0. 0. 0.
 0. 0. 0. 0. 0. 0. 0. 0. 0. 0. 0. 0. 0. 0. 0. 0. 0. 0. 0. 0. 0. 0. 0. 0.
 0. 0. 0. 0. 0. 0. 0. 0. 0. 0. 0. 0. 0. 0. 0. 0. 0. 0. 0. 0. 0. 0. 0. 0.
 0. 0. 0. 0. 0. 0. 0. 0. 0. 0. 0. 0. 0. 0. 0. 0. 0. 0. 0. 0. 0. 0. 0. 0.
 0. 0. 0. 0. 0. 0. 0. 0. 0. 0. 0. 0. 0. 0. 0. 0. 0. 0. 0. 0. 0. 0. 0. 0.
 0. 0. 0. 0. 0. 0. 0. 0.]
y_pred:  [1. 1. 1. 1. 1. 1. 1. 1. 1. 1. 0. 0. 0. 0. 0. 0. 0. 0. 0. 0. 1. 1. 1. 1.
 1. 1. 1. 1. 1. 1. 1. 1. 1. 1. 1. 0. 0. 0. 0. 0. 0. 0. 0. 0. 0. 1. 1. 1.
 1. 1. 0. 0. 0. 0. 0. 0. 0. 0. 0. 0. 0. 0. 0. 0. 0. 0. 0. 0. 0. 0. 0. 0.
 0. 0. 0. 0. 0. 0. 0. 0. 0. 0. 0. 0. 0. 0. 0. 0. 0. 0. 0. 0. 0. 0. 0. 0.
 0. 0. 0. 0. 0. 0. 0. 0. 0. 0. 0. 0. 0. 0. 0. 0. 0. 0. 0. 0. 0. 0. 0. 0.
 0. 0. 0. 0. 0. 0. 0. 0. 0. 0. 0. 0. 0. 0. 0. 0. 0. 0. 0. 0. 0. 0. 0. 0.
 0. 0. 0. 0. 0. 0. 0. 0. 0. 0. 0. 0. 0. 0. 0. 0. 0. 0. 0. 0. 0. 0. 0. 0.
 0. 0. 0. 0. 0. 0. 0. 0. 0. 0. 0. 0. 0. 0. 0. 0. 0. 0. 0. 0. 0. 0. 0. 0.
 0. 0. 0. 0. 0. 0. 0. 0.]
Normalized importance:  [0.84680338 0.55006031 0.31845597 0.38359469 0.47285887 0.50904704
 0.         0.20506634 0.40772014 0.39927624 0.40048251 0.12665862
 0.15199035 0.32328106 0.18817853 0.07985525 0.08769602 0.08262967
 0.0318456  0.04209891 1.         0.34499397 0.62002413 0.51507841
 0.39083233 0.41133896 0.24969843 0.2641737  0.18455971 0.18094089
 0.960193   0.36911942 0.54161641 0.40892642 0.37515078 0.24487334
 0.2291918  0.11519903 0.27020507 0.18335344 0.02038601 0.3437877
 0.         0.11411339 0.00704463 0.88299156 0.42581423 0.26176116
 0.22195416 0.42219542 0.36188179 0.         0.17129071 0.17129071
 0.01088058 0.14354644 0.02593486 0.         0.         0.
 0.         0.         0.06911942 0.         0.         0.
 0.         0.1761158  0.         0.20627262 0.         0.35343788
 0.14595899 0.         0.         0.04595899 0.07153197 0.
 0.15199035 0.         0.10325694 0.         0.13751508 0.1411339
 0.03787696 0.         0.         0.15560917 0.         0.
 0.         0.31363088 0.         0.         0.19420989 0.
 0.         0.         0.13630881 0.17732207 0.13148372 0.
 0.         0.06658625 0.         0.14716526 0.05560917 0.
 0.31966224 0.24728589 0.00104825 0.3305187  0.07539204 0.
 0.         0.17973462 0.13992762 0.         0.         0.06827503
 0.13027744 0.11531966 0.05548854 0.         0.13268999 0.1278649
 0.         0.09095296 0.04475271 0.         0.         0.06308806
 0.         0.03196622 0.14716526 0.         0.02110977 0.
 0.         0.13148372 0.00193004 0.1278649  0.         0.04053076
 0.2907117  0.         0.12062726 0.         0.         0.11182147
 0.         0.17732207 0.33896261 0.         0.11073583 0.07406514
 0.         0.31483715 0.10844391 0.         0.00102171 0.22316043
 0.04065139 0.15199035 0.00341375 0.         0.03860072 0.
 0.         0.         0.17008444 0.10337756 0.         0.05572979
 0.10699638 0.26899879 0.08021713 0.13389626 0.17249698 0.07092883
 0.01700844 0.         0.07406514 0.         0.04041013 0.19300362
 0.19662244 0.         0.         0.12545235 0.         0.
 0.13389626 0.04583836 0.         0.16767189 0.00375151 0.
 0.         0.        ]
pyseer
y_true:  [1. 1. 1. 1. 1. 1. 1. 1. 1. 1. 0. 0. 0. 0. 0. 0. 0. 0. 0. 0. 1. 1. 1. 1.
 1. 0. 0. 0. 0. 0. 1. 1. 1. 1. 1. 0. 0. 0. 0. 0. 0. 0. 0. 0. 0. 1. 1. 1.
 1. 1. 0. 0. 0. 0. 0. 0. 0. 0. 0. 0. 0. 0. 0. 0. 0. 0. 0. 0. 0. 0. 0. 0.
 0. 0. 0. 0. 0. 0. 0. 0. 0. 0. 0. 0. 0. 0. 0. 0. 0. 0. 0. 0. 0. 0. 0. 0.
 0. 0. 0. 0. 0. 0. 0. 0. 0. 0. 0. 0. 0. 0. 0. 0. 0. 0. 0. 0. 0. 0. 0. 0.
 0. 0. 0. 0. 0. 0. 0. 0. 0. 0. 0. 0. 0. 0. 0. 0. 0. 0. 0. 0. 0. 0. 0. 0.
 0. 0. 0. 0. 0. 0. 0. 0. 0. 0. 0. 0. 0. 0. 0. 0. 0. 0. 0. 0. 0. 0. 0. 0.
 0. 0. 0. 0. 0. 0. 0. 0. 0. 0. 0. 0. 0. 0. 0. 0. 0. 0. 0. 0. 0. 0. 0. 0.
 0. 0. 0. 0. 0. 0. 0. 0.]
y_pred:  [1. 1. 1. 1. 1. 1. 0. 1. 1. 1. 1. 0. 1. 1. 1. 0. 0. 0. 0. 0. 1. 1. 1. 1.
 1. 1. 1. 1. 1. 1. 1. 1. 1. 1. 1. 1. 1. 0. 1. 1. 0. 1. 0. 0. 0. 1. 1. 1.
 1. 1. 1. 0. 1. 1. 0. 0. 0. 0. 0. 0. 0. 0. 0. 0. 0. 0. 0. 1. 0. 1. 0. 1.
 0. 0. 0. 0. 0. 0. 1. 0. 0. 0. 0. 0. 0. 0. 0. 1. 0. 0. 0. 1. 0. 0. 1. 0.
 0. 0. 0. 1. 0. 0. 0. 0. 0. 1. 0. 0. 1. 1. 0. 1. 0. 0. 0. 1. 0. 0. 0. 0.
 0. 0. 0. 0. 0. 0. 0. 0. 0. 0. 0. 0. 0. 0. 1. 0. 0. 0. 0. 0. 0. 0. 0. 0.
 1. 0. 0. 0. 0. 0. 0. 1. 1. 0. 0. 0. 0. 1. 0. 0. 0. 1. 0. 1. 0. 0. 0. 0.
 0. 0. 1. 0. 0. 0. 0. 1. 0. 0. 1. 0. 0. 0. 0. 0. 0. 1. 1. 0. 0. 0. 0. 0.
 0. 0. 0. 1. 0. 0. 0. 0.]
Time taken: 24.15339159965515 seconds
Running combination 5 of 50
Fitting RandomForest...
Fitting Adaboost...
Fitting AdaBoost_2...
Fitting et...
Fitting gbc...
Fitting gbc_2...
Fitting gbc_3...
Fitting dt...
Fitting lr...
Fitting Lasso_1...
Fitting Lasso_2...
Fitting Lasso_3...
Fitting Lasso_4...
Fitting elasticnet...
VCF file created successfully.
pyseer stderr:  Read 1000 phenotypes
Detected continuous phenotype
Reading all variants

0variants [00:00, ?variants/s]
51variants [00:00, 503.07variants/s]
102variants [00:00, 439.04variants/s]
156variants [00:00, 478.78variants/s]
198variants [00:00, 488.45variants/s]
Applying correlation filtering

  0%|          | 0/198 [00:00<?, ?variants/s]
100%|██████████| 198/198 [00:00<00:00, 2676.81variants/s]
Fitting elastic net to top 148 variants
Best penalty (lambda) from cross-validation: 6.05E+00
Best R^2 from cross-validation: 0.433
Finding and printing selected variants
198 loaded variants
50 pre-filtered variants
148 tested variants
141 printed variants

True importance standardized:  [1.         1.         1.         1.         1.         0.83611294
 0.83611294 0.83611294 0.83611294 0.83611294 0.61565861 0.61565861
 0.61565861 0.61565861 0.61565861 0.70111308 0.70111308 0.70111308
 0.70111308 0.70111308 0.46560608 0.46560608 0.46560608 0.46560608
 0.46560608 0.4710996  0.4710996  0.4710996  0.4710996  0.4710996
 0.58094857 0.58094857 0.58094857 0.58094857 0.58094857 0.42580007
 0.42580007 0.42580007 0.42580007 0.42580007 0.69441797 0.69441797
 0.69441797 0.69441797 0.69441797 0.78889893 0.78889893 0.78889893
 0.78889893 0.78889893 0.         0.         0.         0.
 0.         0.         0.         0.         0.         0.
 0.         0.         0.         0.         0.         0.
 0.         0.         0.         0.         0.         0.
 0.         0.         0.         0.         0.         0.
 0.         0.         0.         0.         0.         0.
 0.         0.         0.         0.         0.         0.
 0.         0.         0.         0.         0.         0.
 0.         0.         0.         0.         0.         0.
 0.         0.         0.         0.         0.         0.
 0.         0.         0.         0.         0.         0.
 0.         0.         0.         0.         0.         0.
 0.         0.         0.         0.         0.         0.
 0.         0.         0.         0.         0.         0.
 0.         0.         0.         0.         0.         0.
 0.         0.         0.         0.         0.         0.
 0.         0.         0.         0.         0.         0.
 0.         0.         0.         0.         0.         0.
 0.         0.         0.         0.         0.         0.
 0.         0.         0.         0.         0.         0.
 0.         0.         0.         0.         0.         0.
 0.         0.         0.         0.         0.         0.
 0.         0.         0.         0.         0.         0.
 0.         0.         0.         0.         0.         0.
 0.         0.         0.         0.         0.         0.
 0.         0.        ]
Normalized importance:  [1.         1.         1.         1.         1.         0.98529627
 0.98529627 0.98529627 0.98529627 0.98529627 0.31244121 0.31244121
 0.31244121 0.31244121 0.31244121 0.77571662 0.77571662 0.77571662
 0.77571662 0.77571662 0.14311035 0.14311035 0.14311035 0.14311035
 0.14311035 0.20353851 0.20353851 0.20353851 0.20353851 0.20353851
 0.39325494 0.39325494 0.39325494 0.39325494 0.39325494 0.19795247
 0.19795247 0.19795247 0.19795247 0.19795247 0.78381071 0.78381071
 0.78381071 0.78381071 0.78381071 0.86891022 0.86891022 0.86891022
 0.86891022 0.86891022 0.         0.         0.         0.02557376
 0.         0.         0.         0.         0.         0.
 0.04736338 0.         0.         0.         0.         0.
 0.         0.13315633 0.         0.         0.         0.
 0.         0.         0.         0.         0.         0.
 0.         0.         0.         0.         0.         0.
 0.         0.         0.         0.         0.         0.02328241
 0.         0.         0.         0.         0.         0.
 0.         0.05104439 0.         0.         0.         0.
 0.         0.         0.         0.         0.         0.
 0.         0.         0.         0.         0.         0.
 0.         0.         0.         0.         0.         0.
 0.         0.         0.         0.04636302 0.         0.
 0.         0.         0.         0.         0.         0.
 0.         0.         0.         0.         0.         0.
 0.         0.         0.         0.         0.06778223 0.
 0.         0.         0.         0.0886018  0.         0.
 0.         0.         0.         0.         0.         0.
 0.         0.         0.         0.         0.         0.
 0.         0.         0.         0.         0.         0.0697538
 0.         0.         0.         0.06047782 0.         0.
 0.         0.         0.         0.         0.         0.
 0.         0.         0.         0.         0.         0.10931996
 0.         0.         0.         0.03753324 0.         0.
 0.         0.         0.         0.         0.         0.
 0.         0.        ]
deepbreaks
y_true:  [1. 1. 1. 1. 1. 1. 1. 1. 1. 1. 0. 0. 0. 0. 0. 1. 1. 1. 1. 1. 0. 0. 0. 0.
 0. 0. 0. 0. 0. 0. 0. 0. 0. 0. 0. 0. 0. 0. 0. 0. 1. 1. 1. 1. 1. 1. 1. 1.
 1. 1. 0. 0. 0. 0. 0. 0. 0. 0. 0. 0. 0. 0. 0. 0. 0. 0. 0. 0. 0. 0. 0. 0.
 0. 0. 0. 0. 0. 0. 0. 0. 0. 0. 0. 0. 0. 0. 0. 0. 0. 0. 0. 0. 0. 0. 0. 0.
 0. 0. 0. 0. 0. 0. 0. 0. 0. 0. 0. 0. 0. 0. 0. 0. 0. 0. 0. 0. 0. 0. 0. 0.
 0. 0. 0. 0. 0. 0. 0. 0. 0. 0. 0. 0. 0. 0. 0. 0. 0. 0. 0. 0. 0. 0. 0. 0.
 0. 0. 0. 0. 0. 0. 0. 0. 0. 0. 0. 0. 0. 0. 0. 0. 0. 0. 0. 0. 0. 0. 0. 0.
 0. 0. 0. 0. 0. 0. 0. 0. 0. 0. 0. 0. 0. 0. 0. 0. 0. 0. 0. 0. 0. 0. 0. 0.
 0. 0. 0. 0. 0. 0. 0. 0.]
y_pred:  [1. 1. 1. 1. 1. 1. 1. 1. 1. 1. 1. 1. 1. 1. 1. 1. 1. 1. 1. 1. 0. 0. 0. 0.
 0. 0. 0. 0. 0. 0. 1. 1. 1. 1. 1. 0. 0. 0. 0. 0. 1. 1. 1. 1. 1. 1. 1. 1.
 1. 1. 0. 0. 0. 0. 0. 0. 0. 0. 0. 0. 0. 0. 0. 0. 0. 0. 0. 0. 0. 0. 0. 0.
 0. 0. 0. 0. 0. 0. 0. 0. 0. 0. 0. 0. 0. 0. 0. 0. 0. 0. 0. 0. 0. 0. 0. 0.
 0. 0. 0. 0. 0. 0. 0. 0. 0. 0. 0. 0. 0. 0. 0. 0. 0. 0. 0. 0. 0. 0. 0. 0.
 0. 0. 0. 0. 0. 0. 0. 0. 0. 0. 0. 0. 0. 0. 0. 0. 0. 0. 0. 0. 0. 0. 0. 0.
 0. 0. 0. 0. 0. 0. 0. 0. 0. 0. 0. 0. 0. 0. 0. 0. 0. 0. 0. 0. 0. 0. 0. 0.
 0. 0. 0. 0. 0. 0. 0. 0. 0. 0. 0. 0. 0. 0. 0. 0. 0. 0. 0. 0. 0. 0. 0. 0.
 0. 0. 0. 0. 0. 0. 0. 0.]
Normalized importance:  [9.68085106e-01 5.07978723e-01 3.80319149e-01 6.32978723e-01
 7.55319149e-01 1.00000000e+00 3.38297872e-02 7.65957447e-01
 3.69680851e-01 5.74468085e-01 5.74468085e-01 4.38829787e-01
 1.99468085e-01 2.80851064e-01 5.29787234e-01 7.97872340e-01
 4.23404255e-01 4.37234043e-01 2.69148936e-01 6.38297872e-01
 6.32978723e-01 2.70744681e-01 1.53191489e-01 3.63829787e-01
 0.00000000e+00 7.55319149e-01 3.01595745e-01 1.04787234e-01
 2.20212766e-01 5.23404255e-02 6.91489362e-01 3.18617021e-01
 3.31914894e-02 7.28723404e-01 7.50000000e-02 5.22340426e-01
 1.56914894e-01 2.41489362e-01 1.39361702e-01 5.37234043e-01
 8.82978723e-01 6.32978723e-01 2.58510638e-01 3.08510638e-01
 6.75531915e-01 7.50000000e-01 4.06914894e-01 2.01595745e-01
 8.61702128e-01 7.02127660e-01 7.50000000e-02 0.00000000e+00
 4.18617021e-01 1.79255319e-02 1.44148936e-01 2.14361702e-01
 0.00000000e+00 0.00000000e+00 0.00000000e+00 2.97340426e-01
 1.74468085e-01 0.00000000e+00 4.19680851e-03 0.00000000e+00
 1.57446809e-03 6.80851064e-04 2.18617021e-02 3.12234043e-01
 0.00000000e+00 1.39893617e-01 0.00000000e+00 0.00000000e+00
 6.48936170e-02 2.37234043e-01 2.32978723e-01 3.63829787e-01
 1.51595745e-02 0.00000000e+00 0.00000000e+00 1.12234043e-01
 1.70744681e-01 3.50000000e-01 1.25000000e-01 0.00000000e+00
 6.22340426e-02 1.98936170e-01 1.54787234e-01 4.90425532e-02
 2.20744681e-02 0.00000000e+00 1.06914894e-01 2.79255319e-01
 2.21808511e-01 4.93617021e-02 2.29787234e-01 0.00000000e+00
 2.96276596e-01 1.54787234e-01 4.11702128e-01 1.35638298e-01
 2.88297872e-01 8.77659574e-02 3.57978723e-01 1.16489362e-01
 0.00000000e+00 0.00000000e+00 2.00000000e-01 0.00000000e+00
 0.00000000e+00 1.06382979e-01 1.96808511e-01 0.00000000e+00
 1.82978723e-01 2.34042553e-01 0.00000000e+00 0.00000000e+00
 2.16489362e-01 1.06914894e-01 0.00000000e+00 0.00000000e+00
 0.00000000e+00 0.00000000e+00 0.00000000e+00 3.32978723e-01
 1.09574468e-01 0.00000000e+00 0.00000000e+00 0.00000000e+00
 0.00000000e+00 0.00000000e+00 1.66489362e-01 0.00000000e+00
 1.12765957e-02 3.17553191e-01 0.00000000e+00 7.50000000e-02
 1.40425532e-01 0.00000000e+00 0.00000000e+00 0.00000000e+00
 3.26595745e-01 2.05851064e-01 3.91489362e-01 4.55319149e-02
 2.62765957e-01 0.00000000e+00 3.31382979e-01 2.87765957e-01
 0.00000000e+00 3.62765957e-01 5.37234043e-01 0.00000000e+00
 2.68085106e-01 0.00000000e+00 2.88297872e-01 1.71808511e-01
 4.66489362e-01 0.00000000e+00 2.07446809e-01 0.00000000e+00
 6.43617021e-02 0.00000000e+00 9.41489362e-02 2.20744681e-01
 1.46808511e-01 1.10638298e-01 3.46808511e-01 3.92021277e-02
 0.00000000e+00 1.65425532e-01 4.70744681e-01 1.80851064e-01
 1.28191489e-01 0.00000000e+00 0.00000000e+00 0.00000000e+00
 3.00531915e-01 1.39893617e-01 1.65425532e-01 3.62234043e-01
 0.00000000e+00 0.00000000e+00 0.00000000e+00 0.00000000e+00
 2.43617021e-01 5.37234043e-01 0.00000000e+00 0.00000000e+00
 1.69680851e-01 2.70212766e-01 4.43617021e-01 1.24468085e-01
 0.00000000e+00 1.21276596e-02 4.03191489e-01 0.00000000e+00
 6.96808511e-02 0.00000000e+00 0.00000000e+00 0.00000000e+00]
pyseer
y_true:  [1. 1. 1. 1. 1. 1. 1. 1. 1. 1. 0. 0. 0. 0. 0. 1. 1. 1. 1. 1. 0. 0. 0. 0.
 0. 0. 0. 0. 0. 0. 0. 0. 0. 0. 0. 0. 0. 0. 0. 0. 1. 1. 1. 1. 1. 1. 1. 1.
 1. 1. 0. 0. 0. 0. 0. 0. 0. 0. 0. 0. 0. 0. 0. 0. 0. 0. 0. 0. 0. 0. 0. 0.
 0. 0. 0. 0. 0. 0. 0. 0. 0. 0. 0. 0. 0. 0. 0. 0. 0. 0. 0. 0. 0. 0. 0. 0.
 0. 0. 0. 0. 0. 0. 0. 0. 0. 0. 0. 0. 0. 0. 0. 0. 0. 0. 0. 0. 0. 0. 0. 0.
 0. 0. 0. 0. 0. 0. 0. 0. 0. 0. 0. 0. 0. 0. 0. 0. 0. 0. 0. 0. 0. 0. 0. 0.
 0. 0. 0. 0. 0. 0. 0. 0. 0. 0. 0. 0. 0. 0. 0. 0. 0. 0. 0. 0. 0. 0. 0. 0.
 0. 0. 0. 0. 0. 0. 0. 0. 0. 0. 0. 0. 0. 0. 0. 0. 0. 0. 0. 0. 0. 0. 0. 0.
 0. 0. 0. 0. 0. 0. 0. 0.]
y_pred:  [1. 1. 1. 1. 1. 1. 0. 1. 1. 1. 1. 1. 0. 1. 1. 1. 1. 1. 1. 1. 1. 1. 0. 1.
 0. 1. 1. 0. 0. 0. 1. 1. 0. 1. 0. 1. 0. 1. 0. 1. 1. 1. 1. 1. 1. 1. 1. 0.
 1. 1. 0. 0. 1. 0. 0. 0. 0. 0. 0. 1. 0. 0. 0. 0. 0. 0. 0. 1. 0. 0. 0. 0.
 0. 1. 0. 1. 0. 0. 0. 0. 0. 1. 0. 0. 0. 0. 0. 0. 0. 0. 0. 1. 0. 0. 0. 0.
 1. 0. 1. 0. 1. 0. 1. 0. 0. 0. 0. 0. 0. 0. 0. 0. 0. 1. 0. 0. 0. 0. 0. 0.
 0. 0. 0. 1. 0. 0. 0. 0. 0. 0. 0. 0. 0. 1. 0. 0. 0. 0. 0. 0. 1. 0. 1. 0.
 1. 0. 1. 1. 0. 1. 1. 0. 1. 0. 1. 0. 1. 0. 0. 0. 0. 0. 0. 0. 0. 0. 1. 0.
 0. 0. 1. 0. 0. 0. 0. 0. 1. 0. 0. 1. 0. 0. 0. 0. 1. 1. 0. 0. 0. 1. 1. 0.
 0. 0. 1. 0. 0. 0. 0. 0.]
Time taken: 23.68012022972107 seconds
Running combination 6 of 50
Fitting RandomForest...
Fitting Adaboost...
Fitting AdaBoost_2...
Fitting et...
Fitting gbc...
Fitting gbc_2...
Fitting gbc_3...
Fitting dt...
Fitting lr...
Fitting Lasso_1...
Fitting Lasso_2...
Fitting Lasso_3...
Fitting Lasso_4...
Fitting elasticnet...
VCF file created successfully.
pyseer stderr:  Read 1000 phenotypes
Detected continuous phenotype
Reading all variants

0variants [00:00, ?variants/s]
55variants [00:00, 541.47variants/s]
110variants [00:00, 478.20variants/s]
166variants [00:00, 510.14variants/s]
198variants [00:00, 510.85variants/s]
Applying correlation filtering

  0%|          | 0/198 [00:00<?, ?variants/s]
100%|██████████| 198/198 [00:00<00:00, 2651.28variants/s]
Fitting elastic net to top 148 variants
Best penalty (lambda) from cross-validation: 2.46E+01
Best R^2 from cross-validation: 0.552
Finding and printing selected variants
198 loaded variants
50 pre-filtered variants
148 tested variants
132 printed variants

True importance standardized:  [1.         1.         1.         1.         1.         0.53497292
 0.53497292 0.53497292 0.53497292 0.53497292 0.9739342  0.9739342
 0.9739342  0.9739342  0.9739342  0.37370202 0.37370202 0.37370202
 0.37370202 0.37370202 0.43624371 0.43624371 0.43624371 0.43624371
 0.43624371 0.44423448 0.44423448 0.44423448 0.44423448 0.44423448
 0.59993184 0.59993184 0.59993184 0.59993184 0.59993184 0.98453849
 0.98453849 0.98453849 0.98453849 0.98453849 0.19724047 0.19724047
 0.19724047 0.19724047 0.19724047 0.48053099 0.48053099 0.48053099
 0.48053099 0.48053099 0.         0.         0.         0.
 0.         0.         0.         0.         0.         0.
 0.         0.         0.         0.         0.         0.
 0.         0.         0.         0.         0.         0.
 0.         0.         0.         0.         0.         0.
 0.         0.         0.         0.         0.         0.
 0.         0.         0.         0.         0.         0.
 0.         0.         0.         0.         0.         0.
 0.         0.         0.         0.         0.         0.
 0.         0.         0.         0.         0.         0.
 0.         0.         0.         0.         0.         0.
 0.         0.         0.         0.         0.         0.
 0.         0.         0.         0.         0.         0.
 0.         0.         0.         0.         0.         0.
 0.         0.         0.         0.         0.         0.
 0.         0.         0.         0.         0.         0.
 0.         0.         0.         0.         0.         0.
 0.         0.         0.         0.         0.         0.
 0.         0.         0.         0.         0.         0.
 0.         0.         0.         0.         0.         0.
 0.         0.         0.         0.         0.         0.
 0.         0.         0.         0.         0.         0.
 0.         0.         0.         0.         0.         0.
 0.         0.         0.         0.         0.         0.
 0.         0.         0.         0.         0.         0.
 0.         0.        ]
Normalized importance:  [1.         1.         1.         1.         1.         0.41643663
 0.41643663 0.41643663 0.41643663 0.41643663 0.88707496 0.88707496
 0.88707496 0.88707496 0.88707496 0.10602408 0.10602408 0.10602408
 0.10602408 0.10602408 0.13883707 0.13883707 0.13883707 0.13883707
 0.13883707 0.35064368 0.35064368 0.35064368 0.35064368 0.35064368
 0.50375021 0.50375021 0.50375021 0.50375021 0.50375021 0.9964548
 0.9964548  0.9964548  0.9964548  0.9964548  0.03817892 0.03817892
 0.         0.         0.03817892 0.21202544 0.21202544 0.21202544
 0.21202544 0.21202544 0.         0.         0.01386349 0.
 0.         0.         0.         0.         0.         0.
 0.         0.         0.0188707  0.01142347 0.         0.
 0.         0.00685817 0.         0.         0.         0.
 0.00565091 0.         0.         0.         0.         0.
 0.         0.0290998  0.         0.         0.         0.
 0.         0.02733631 0.         0.         0.         0.
 0.0062113  0.02699585 0.         0.         0.         0.
 0.         0.         0.         0.01644173 0.         0.
 0.         0.         0.         0.         0.         0.
 0.         0.         0.00971498 0.         0.         0.
 0.         0.         0.         0.         0.01485093 0.
 0.         0.         0.         0.         0.         0.
 0.         0.01064969 0.         0.         0.         0.
 0.         0.         0.         0.         0.         0.
 0.         0.         0.         0.         0.         0.
 0.         0.         0.         0.         0.         0.
 0.01225369 0.         0.         0.         0.         0.
 0.         0.         0.         0.         0.         0.
 0.         0.         0.         0.0109396  0.         0.
 0.         0.         0.         0.02978659 0.         0.
 0.         0.         0.         0.         0.         0.
 0.         0.         0.         0.         0.         0.
 0.         0.         0.         0.         0.         0.
 0.         0.         0.         0.         0.         0.
 0.         0.        ]
deepbreaks
y_true:  [1. 1. 1. 1. 1. 1. 1. 1. 1. 1. 1. 1. 1. 1. 1. 0. 0. 0. 0. 0. 0. 0. 0. 0.
 0. 0. 0. 0. 0. 0. 1. 1. 1. 1. 1. 1. 1. 1. 1. 1. 0. 0. 0. 0. 0. 0. 0. 0.
 0. 0. 0. 0. 0. 0. 0. 0. 0. 0. 0. 0. 0. 0. 0. 0. 0. 0. 0. 0. 0. 0. 0. 0.
 0. 0. 0. 0. 0. 0. 0. 0. 0. 0. 0. 0. 0. 0. 0. 0. 0. 0. 0. 0. 0. 0. 0. 0.
 0. 0. 0. 0. 0. 0. 0. 0. 0. 0. 0. 0. 0. 0. 0. 0. 0. 0. 0. 0. 0. 0. 0. 0.
 0. 0. 0. 0. 0. 0. 0. 0. 0. 0. 0. 0. 0. 0. 0. 0. 0. 0. 0. 0. 0. 0. 0. 0.
 0. 0. 0. 0. 0. 0. 0. 0. 0. 0. 0. 0. 0. 0. 0. 0. 0. 0. 0. 0. 0. 0. 0. 0.
 0. 0. 0. 0. 0. 0. 0. 0. 0. 0. 0. 0. 0. 0. 0. 0. 0. 0. 0. 0. 0. 0. 0. 0.
 0. 0. 0. 0. 0. 0. 0. 0.]
y_pred:  [1. 1. 1. 1. 1. 1. 1. 1. 1. 1. 1. 1. 1. 1. 1. 0. 0. 0. 0. 0. 0. 0. 0. 0.
 0. 1. 1. 1. 1. 1. 1. 1. 1. 1. 1. 1. 1. 1. 1. 1. 0. 0. 0. 0. 0. 1. 1. 1.
 1. 1. 0. 0. 0. 0. 0. 0. 0. 0. 0. 0. 0. 0. 0. 0. 0. 0. 0. 0. 0. 0. 0. 0.
 0. 0. 0. 0. 0. 0. 0. 0. 0. 0. 0. 0. 0. 0. 0. 0. 0. 0. 0. 0. 0. 0. 0. 0.
 0. 0. 0. 0. 0. 0. 0. 0. 0. 0. 0. 0. 0. 0. 0. 0. 0. 0. 0. 0. 0. 0. 0. 0.
 0. 0. 0. 0. 0. 0. 0. 0. 0. 0. 0. 0. 0. 0. 0. 0. 0. 0. 0. 0. 0. 0. 0. 0.
 0. 0. 0. 0. 0. 0. 0. 0. 0. 0. 0. 0. 0. 0. 0. 0. 0. 0. 0. 0. 0. 0. 0. 0.
 0. 0. 0. 0. 0. 0. 0. 0. 0. 0. 0. 0. 0. 0. 0. 0. 0. 0. 0. 0. 0. 0. 0. 0.
 0. 0. 0. 0. 0. 0. 0. 0.]
Normalized importance:  [8.52678571e-01 5.51785714e-01 3.61607143e-01 5.56250000e-01
 4.19642857e-01 5.74107143e-01 2.54464286e-01 2.29464286e-01
 2.44642857e-01 3.28571429e-01 1.00000000e+00 2.46428571e-01
 3.64285714e-01 4.21428571e-01 5.30357143e-01 2.52678571e-01
 1.93750000e-01 0.00000000e+00 3.73214286e-01 1.68750000e-01
 4.52678571e-01 2.24107143e-01 0.00000000e+00 2.61607143e-01
 2.90178571e-01 4.66071429e-01 1.59821429e-01 3.35714286e-01
 1.56250000e-01 2.75000000e-01 6.47321429e-01 8.37500000e-02
 3.80357143e-01 2.45535714e-01 3.82142857e-01 8.53571429e-01
 4.94642857e-01 4.16964286e-01 3.61607143e-01 6.84821429e-01
 0.00000000e+00 2.59821429e-02 1.16964286e-01 5.91071429e-02
 5.09821429e-02 4.41964286e-01 1.67857143e-01 1.97321429e-01
 4.60714286e-01 5.51785714e-01 0.00000000e+00 0.00000000e+00
 2.28571429e-01 0.00000000e+00 0.00000000e+00 1.32142857e-01
 8.42857143e-02 1.90178571e-01 1.57142857e-01 1.29464286e-01
 4.59821429e-03 0.00000000e+00 1.50892857e-01 2.03571429e-01
 5.27678571e-02 0.00000000e+00 0.00000000e+00 1.84821429e-01
 3.66071429e-02 0.00000000e+00 6.29464286e-02 0.00000000e+00
 1.51785714e-01 1.22321429e-01 1.26785714e-01 0.00000000e+00
 0.00000000e+00 2.66071429e-01 0.00000000e+00 1.93750000e-01
 0.00000000e+00 2.02678571e-01 5.21428571e-02 1.06250000e-01
 0.00000000e+00 2.95535714e-01 0.00000000e+00 4.51785714e-02
 0.00000000e+00 1.22321429e-01 6.67857143e-02 3.99107143e-01
 3.48214286e-04 0.00000000e+00 1.29464286e-01 3.14285714e-01
 1.65178571e-01 0.00000000e+00 9.55357143e-02 8.39285714e-04
 0.00000000e+00 8.10714286e-02 0.00000000e+00 2.92857143e-01
 0.00000000e+00 0.00000000e+00 1.22321429e-01 0.00000000e+00
 7.55357143e-02 6.07142857e-02 1.48214286e-01 1.10714286e-01
 1.55357143e-01 1.91071429e-01 1.42857143e-02 0.00000000e+00
 0.00000000e+00 0.00000000e+00 2.28571429e-01 2.27678571e-01
 1.88392857e-01 2.09821429e-01 9.46428571e-02 1.00892857e-01
 1.51785714e-01 0.00000000e+00 3.74107143e-02 1.31250000e-01
 0.00000000e+00 0.00000000e+00 0.00000000e+00 4.08928571e-02
 0.00000000e+00 2.12500000e-01 0.00000000e+00 3.02678571e-03
 1.04464286e-01 4.46428571e-02 0.00000000e+00 0.00000000e+00
 0.00000000e+00 0.00000000e+00 7.66964286e-02 0.00000000e+00
 0.00000000e+00 0.00000000e+00 4.78571429e-02 0.00000000e+00
 1.54464286e-01 0.00000000e+00 2.30357143e-01 6.51785714e-02
 0.00000000e+00 1.87500000e-01 0.00000000e+00 6.27678571e-02
 0.00000000e+00 0.00000000e+00 1.00892857e-01 0.00000000e+00
 1.30357143e-01 2.68750000e-03 0.00000000e+00 0.00000000e+00
 4.82142857e-02 1.23214286e-01 0.00000000e+00 5.98214286e-02
 0.00000000e+00 0.00000000e+00 9.55357143e-02 3.79464286e-01
 1.97321429e-02 0.00000000e+00 0.00000000e+00 0.00000000e+00
 1.32142857e-01 0.00000000e+00 0.00000000e+00 5.24107143e-02
 0.00000000e+00 9.73214286e-02 1.24107143e-02 1.41071429e-01
 2.59821429e-01 0.00000000e+00 8.05357143e-02 0.00000000e+00
 5.52678571e-02 7.84821429e-02 0.00000000e+00 8.21428571e-02
 0.00000000e+00 0.00000000e+00 0.00000000e+00 3.73214286e-02
 1.18750000e-01 9.55357143e-02 0.00000000e+00 0.00000000e+00]
pyseer
y_true:  [1. 1. 1. 1. 1. 1. 1. 1. 1. 1. 1. 1. 1. 1. 1. 0. 0. 0. 0. 0. 0. 0. 0. 0.
 0. 0. 0. 0. 0. 0. 1. 1. 1. 1. 1. 1. 1. 1. 1. 1. 0. 0. 0. 0. 0. 0. 0. 0.
 0. 0. 0. 0. 0. 0. 0. 0. 0. 0. 0. 0. 0. 0. 0. 0. 0. 0. 0. 0. 0. 0. 0. 0.
 0. 0. 0. 0. 0. 0. 0. 0. 0. 0. 0. 0. 0. 0. 0. 0. 0. 0. 0. 0. 0. 0. 0. 0.
 0. 0. 0. 0. 0. 0. 0. 0. 0. 0. 0. 0. 0. 0. 0. 0. 0. 0. 0. 0. 0. 0. 0. 0.
 0. 0. 0. 0. 0. 0. 0. 0. 0. 0. 0. 0. 0. 0. 0. 0. 0. 0. 0. 0. 0. 0. 0. 0.
 0. 0. 0. 0. 0. 0. 0. 0. 0. 0. 0. 0. 0. 0. 0. 0. 0. 0. 0. 0. 0. 0. 0. 0.
 0. 0. 0. 0. 0. 0. 0. 0. 0. 0. 0. 0. 0. 0. 0. 0. 0. 0. 0. 0. 0. 0. 0. 0.
 0. 0. 0. 0. 0. 0. 0. 0.]
y_pred:  [1. 1. 1. 1. 1. 1. 1. 1. 1. 1. 1. 1. 1. 1. 1. 1. 1. 0. 1. 1. 1. 1. 0. 1.
 1. 1. 1. 1. 1. 1. 1. 0. 1. 1. 1. 1. 1. 1. 1. 1. 0. 0. 0. 0. 0. 1. 1. 1.
 1. 1. 0. 0. 1. 0. 0. 0. 0. 1. 1. 0. 0. 0. 0. 1. 0. 0. 0. 1. 0. 0. 0. 0.
 0. 0. 0. 0. 0. 1. 0. 1. 0. 1. 0. 0. 0. 1. 0. 0. 0. 0. 0. 1. 0. 0. 0. 1.
 1. 0. 0. 0. 0. 0. 0. 1. 0. 0. 0. 0. 0. 0. 0. 0. 1. 1. 0. 0. 0. 0. 1. 1.
 1. 1. 0. 0. 0. 0. 0. 0. 0. 0. 0. 0. 0. 1. 0. 0. 0. 0. 0. 0. 0. 0. 0. 0.
 0. 0. 0. 0. 0. 0. 1. 0. 0. 1. 0. 0. 0. 0. 0. 0. 0. 0. 0. 0. 0. 0. 0. 0.
 0. 0. 0. 1. 0. 0. 0. 0. 0. 0. 0. 0. 0. 0. 0. 0. 1. 0. 0. 0. 0. 0. 0. 0.
 0. 0. 0. 0. 0. 0. 0. 0.]
Time taken: 33.87789225578308 seconds
Running combination 7 of 50
Fitting RandomForest...
Fitting Adaboost...
Fitting AdaBoost_2...
Fitting et...
Fitting gbc...
Fitting gbc_2...
Fitting gbc_3...
Fitting dt...
Fitting lr...
Fitting Lasso_1...
Fitting Lasso_2...
Fitting Lasso_3...
Fitting Lasso_4...
Fitting elasticnet...
VCF file created successfully.
pyseer stderr:  Read 1000 phenotypes
Detected continuous phenotype
Reading all variants

0variants [00:00, ?variants/s]
55variants [00:00, 542.71variants/s]
110variants [00:00, 484.20variants/s]
166variants [00:00, 514.67variants/s]
198variants [00:00, 519.17variants/s]
Applying correlation filtering

  0%|          | 0/198 [00:00<?, ?variants/s]
100%|██████████| 198/198 [00:00<00:00, 2763.31variants/s]
Fitting elastic net to top 148 variants
Best penalty (lambda) from cross-validation: 1.44E+01
Best R^2 from cross-validation: 0.518
Finding and printing selected variants
198 loaded variants
50 pre-filtered variants
148 tested variants
139 printed variants

True importance standardized:  [0.72337339 0.72337339 0.72337339 0.72337339 0.72337339 1.
 1.         1.         1.         1.         0.24670822 0.24670822
 0.24670822 0.24670822 0.24670822 0.76089712 0.76089712 0.76089712
 0.76089712 0.76089712 0.35159554 0.35159554 0.35159554 0.35159554
 0.35159554 0.96152489 0.96152489 0.96152489 0.96152489 0.96152489
 0.39584942 0.39584942 0.39584942 0.39584942 0.39584942 0.8107728
 0.8107728  0.8107728  0.8107728  0.8107728  0.21902249 0.21902249
 0.21902249 0.21902249 0.21902249 0.5457759  0.5457759  0.5457759
 0.5457759  0.5457759  0.         0.         0.         0.
 0.         0.         0.         0.         0.         0.
 0.         0.         0.         0.         0.         0.
 0.         0.         0.         0.         0.         0.
 0.         0.         0.         0.         0.         0.
 0.         0.         0.         0.         0.         0.
 0.         0.         0.         0.         0.         0.
 0.         0.         0.         0.         0.         0.
 0.         0.         0.         0.         0.         0.
 0.         0.         0.         0.         0.         0.
 0.         0.         0.         0.         0.         0.
 0.         0.         0.         0.         0.         0.
 0.         0.         0.         0.         0.         0.
 0.         0.         0.         0.         0.         0.
 0.         0.         0.         0.         0.         0.
 0.         0.         0.         0.         0.         0.
 0.         0.         0.         0.         0.         0.
 0.         0.         0.         0.         0.         0.
 0.         0.         0.         0.         0.         0.
 0.         0.         0.         0.         0.         0.
 0.         0.         0.         0.         0.         0.
 0.         0.         0.         0.         0.         0.
 0.         0.         0.         0.         0.         0.
 0.         0.         0.         0.         0.         0.
 0.         0.         0.         0.         0.         0.
 0.         0.        ]
Normalized importance:  [0.86119088 0.86119088 0.86119088 0.86119088 0.86119088 1.
 1.         1.         1.         1.         0.         0.
 0.06014319 0.         0.         0.5299501  0.5299501  0.5299501
 0.5299501  0.5299501  0.22127689 0.22127689 0.22127689 0.22127689
 0.22127689 0.92989792 0.92989792 0.92989792 0.92989792 0.92989792
 0.14406363 0.14406363 0.14406363 0.14406363 0.14406363 0.50044917
 0.50044917 0.50044917 0.50044917 0.50044917 0.05658056 0.05658056
 0.05658056 0.05658056 0.05658056 0.33808768 0.33808768 0.33808768
 0.33808768 0.33808768 0.         0.         0.02364912 0.
 0.         0.         0.         0.         0.         0.
 0.         0.         0.04122896 0.         0.         0.
 0.         0.         0.         0.         0.         0.
 0.         0.         0.06645132 0.         0.         0.
 0.         0.         0.         0.         0.         0.
 0.         0.         0.         0.         0.         0.
 0.         0.         0.         0.         0.         0.
 0.         0.         0.         0.         0.         0.
 0.         0.         0.         0.         0.         0.
 0.         0.         0.         0.         0.         0.
 0.         0.         0.         0.         0.         0.
 0.         0.         0.         0.         0.         0.
 0.         0.         0.         0.         0.         0.
 0.         0.         0.         0.         0.         0.
 0.         0.02051802 0.         0.         0.         0.
 0.         0.01160574 0.         0.         0.         0.
 0.         0.         0.         0.         0.         0.
 0.         0.02671038 0.         0.         0.         0.
 0.         0.         0.         0.         0.         0.
 0.02430978 0.         0.         0.01277599 0.         0.
 0.         0.         0.02037279 0.         0.         0.
 0.         0.         0.         0.         0.         0.
 0.         0.01542983 0.         0.         0.         0.
 0.         0.         0.         0.         0.         0.
 0.         0.        ]
deepbreaks
y_true:  [1. 1. 1. 1. 1. 1. 1. 1. 1. 1. 0. 0. 0. 0. 0. 1. 1. 1. 1. 1. 0. 0. 0. 0.
 0. 1. 1. 1. 1. 1. 0. 0. 0. 0. 0. 1. 1. 1. 1. 1. 0. 0. 0. 0. 0. 0. 0. 0.
 0. 0. 0. 0. 0. 0. 0. 0. 0. 0. 0. 0. 0. 0. 0. 0. 0. 0. 0. 0. 0. 0. 0. 0.
 0. 0. 0. 0. 0. 0. 0. 0. 0. 0. 0. 0. 0. 0. 0. 0. 0. 0. 0. 0. 0. 0. 0. 0.
 0. 0. 0. 0. 0. 0. 0. 0. 0. 0. 0. 0. 0. 0. 0. 0. 0. 0. 0. 0. 0. 0. 0. 0.
 0. 0. 0. 0. 0. 0. 0. 0. 0. 0. 0. 0. 0. 0. 0. 0. 0. 0. 0. 0. 0. 0. 0. 0.
 0. 0. 0. 0. 0. 0. 0. 0. 0. 0. 0. 0. 0. 0. 0. 0. 0. 0. 0. 0. 0. 0. 0. 0.
 0. 0. 0. 0. 0. 0. 0. 0. 0. 0. 0. 0. 0. 0. 0. 0. 0. 0. 0. 0. 0. 0. 0. 0.
 0. 0. 0. 0. 0. 0. 0. 0.]
y_pred:  [1. 1. 1. 1. 1. 1. 1. 1. 1. 1. 0. 0. 0. 0. 0. 1. 1. 1. 1. 1. 0. 0. 0. 0.
 0. 1. 1. 1. 1. 1. 0. 0. 0. 0. 0. 1. 1. 1. 1. 1. 0. 0. 0. 0. 0. 1. 1. 1.
 1. 1. 0. 0. 0. 0. 0. 0. 0. 0. 0. 0. 0. 0. 0. 0. 0. 0. 0. 0. 0. 0. 0. 0.
 0. 0. 0. 0. 0. 0. 0. 0. 0. 0. 0. 0. 0. 0. 0. 0. 0. 0. 0. 0. 0. 0. 0. 0.
 0. 0. 0. 0. 0. 0. 0. 0. 0. 0. 0. 0. 0. 0. 0. 0. 0. 0. 0. 0. 0. 0. 0. 0.
 0. 0. 0. 0. 0. 0. 0. 0. 0. 0. 0. 0. 0. 0. 0. 0. 0. 0. 0. 0. 0. 0. 0. 0.
 0. 0. 0. 0. 0. 0. 0. 0. 0. 0. 0. 0. 0. 0. 0. 0. 0. 0. 0. 0. 0. 0. 0. 0.
 0. 0. 0. 0. 0. 0. 0. 0. 0. 0. 0. 0. 0. 0. 0. 0. 0. 0. 0. 0. 0. 0. 0. 0.
 0. 0. 0. 0. 0. 0. 0. 0.]
Normalized importance:  [0.80683761 0.4        0.47008547 0.31623932 0.49401709 1.
 0.5982906  0.56581197 0.35384615 0.57948718 0.16017094 0.17777778
 0.25128205 0.         0.08478632 0.75555556 0.46495726 0.61367521
 0.         0.42393162 0.35726496 0.34188034 0.26837607 0.10581197
 0.16017094 0.92820513 0.67350427 0.43931624 0.64273504 0.37777778
 0.54188034 0.31623932 0.15111111 0.33675214 0.07076923 0.88717949
 0.31282051 0.20683761 0.34188034 0.25811966 0.12       0.22393162
 0.09709402 0.17606838 0.08478632 0.54529915 0.27521368 0.35897436
 0.21709402 0.34188034 0.         0.21025641 0.19145299 0.11247863
 0.08974359 0.04529915 0.         0.01304274 0.         0.14444444
 0.         0.24273504 0.24444444 0.0037265  0.2        0.22222222
 0.03709402 0.11418803 0.13487179 0.17435897 0.         0.15726496
 0.         0.         0.32307692 0.06478632 0.14564103 0.
 0.         0.         0.         0.         0.00834188 0.19145299
 0.05760684 0.         0.05196581 0.12102564 0.         0.28034188
 0.16068376 0.11059829 0.         0.0774359  0.10495726 0.13094017
 0.         0.18290598 0.         0.         0.         0.
 0.2034188  0.         0.34358974 0.0591453  0.         0.07863248
 0.15435897 0.         0.         0.         0.00355556 0.1042735
 0.21367521 0.         0.         0.         0.00333333 0.
 0.07059829 0.         0.00480342 0.21538462 0.         0.
 0.         0.22905983 0.1025641  0.         0.18803419 0.
 0.         0.02940171 0.         0.03965812 0.08188034 0.04957265
 0.01497436 0.08290598 0.1634188  0.         0.00413675 0.31282051
 0.07094017 0.14239316 0.09179487 0.17264957 0.         0.
 0.         0.         0.         0.12393162 0.17435897 0.32136752
 0.00415385 0.22735043 0.         0.05760684 0.0808547  0.16068376
 0.05965812 0.         0.28205128 0.02632479 0.02324786 0.
 0.25641026 0.18461538 0.         0.09162393 0.         0.
 0.02222222 0.31623932 0.03811966 0.10307692 0.         0.10803419
 0.02974359 0.17606838 0.12119658 0.0608547  0.         0.
 0.         0.13777778 0.         0.         0.05965812 0.22393162
 0.06051282 0.         0.02478632 0.11846154 0.         0.16376068
 0.         0.        ]
pyseer
y_true:  [1. 1. 1. 1. 1. 1. 1. 1. 1. 1. 0. 0. 0. 0. 0. 1. 1. 1. 1. 1. 0. 0. 0. 0.
 0. 1. 1. 1. 1. 1. 0. 0. 0. 0. 0. 1. 1. 1. 1. 1. 0. 0. 0. 0. 0. 0. 0. 0.
 0. 0. 0. 0. 0. 0. 0. 0. 0. 0. 0. 0. 0. 0. 0. 0. 0. 0. 0. 0. 0. 0. 0. 0.
 0. 0. 0. 0. 0. 0. 0. 0. 0. 0. 0. 0. 0. 0. 0. 0. 0. 0. 0. 0. 0. 0. 0. 0.
 0. 0. 0. 0. 0. 0. 0. 0. 0. 0. 0. 0. 0. 0. 0. 0. 0. 0. 0. 0. 0. 0. 0. 0.
 0. 0. 0. 0. 0. 0. 0. 0. 0. 0. 0. 0. 0. 0. 0. 0. 0. 0. 0. 0. 0. 0. 0. 0.
 0. 0. 0. 0. 0. 0. 0. 0. 0. 0. 0. 0. 0. 0. 0. 0. 0. 0. 0. 0. 0. 0. 0. 0.
 0. 0. 0. 0. 0. 0. 0. 0. 0. 0. 0. 0. 0. 0. 0. 0. 0. 0. 0. 0. 0. 0. 0. 0.
 0. 0. 0. 0. 0. 0. 0. 0.]
y_pred:  [1. 1. 1. 1. 1. 1. 1. 1. 1. 1. 0. 1. 1. 0. 0. 1. 1. 1. 0. 1. 1. 1. 1. 0.
 0. 1. 1. 1. 1. 1. 1. 1. 0. 1. 0. 1. 1. 1. 1. 1. 0. 1. 0. 1. 0. 1. 1. 1.
 1. 1. 0. 1. 1. 0. 0. 0. 0. 0. 0. 0. 0. 1. 1. 0. 1. 1. 0. 0. 0. 1. 0. 0.
 0. 0. 1. 0. 0. 0. 0. 0. 0. 0. 0. 1. 0. 0. 0. 0. 0. 1. 1. 0. 0. 0. 0. 0.
 0. 1. 0. 0. 0. 0. 1. 0. 1. 0. 0. 0. 0. 0. 0. 0. 0. 0. 1. 0. 0. 0. 0. 0.
 0. 0. 0. 1. 0. 0. 0. 1. 0. 0. 1. 0. 0. 0. 0. 0. 0. 0. 0. 0. 1. 0. 0. 1.
 0. 0. 0. 1. 0. 0. 0. 0. 0. 0. 1. 1. 0. 1. 0. 0. 0. 1. 0. 0. 1. 0. 0. 0.
 1. 1. 0. 0. 0. 0. 0. 1. 0. 0. 0. 0. 0. 1. 0. 0. 0. 0. 0. 0. 0. 0. 0. 1.
 0. 0. 0. 0. 0. 1. 0. 0.]
Time taken: 23.463557481765747 seconds
Running combination 8 of 50
Fitting RandomForest...
Fitting Adaboost...
Fitting AdaBoost_2...
Fitting et...
Fitting gbc...
Fitting gbc_2...
Fitting gbc_3...
Fitting dt...
Fitting lr...
Fitting Lasso_1...
Fitting Lasso_2...
Fitting Lasso_3...
Fitting Lasso_4...
Fitting elasticnet...
VCF file created successfully.
pyseer stderr:  Read 1000 phenotypes
Detected continuous phenotype
Reading all variants

0variants [00:00, ?variants/s]
55variants [00:00, 544.37variants/s]
110variants [00:00, 480.61variants/s]
166variants [00:00, 513.68variants/s]
198variants [00:00, 518.09variants/s]
Applying correlation filtering

  0%|          | 0/198 [00:00<?, ?variants/s]
100%|██████████| 198/198 [00:00<00:00, 2701.79variants/s]
Fitting elastic net to top 148 variants
Best penalty (lambda) from cross-validation: 1.16E+01
Best R^2 from cross-validation: 0.497
Finding and printing selected variants
198 loaded variants
50 pre-filtered variants
148 tested variants
140 printed variants

True importance standardized:  [0.51537596 0.51537596 0.51537596 0.51537596 0.51537596 1.
 1.         1.         1.         1.         0.69010219 0.69010219
 0.69010219 0.69010219 0.69010219 0.62214032 0.62214032 0.62214032
 0.62214032 0.62214032 0.57527791 0.57527791 0.57527791 0.57527791
 0.57527791 0.18644954 0.18644954 0.18644954 0.18644954 0.18644954
 0.24991846 0.24991846 0.24991846 0.24991846 0.24991846 0.25317433
 0.25317433 0.25317433 0.25317433 0.25317433 0.12758553 0.12758553
 0.12758553 0.12758553 0.12758553 0.5425724  0.5425724  0.5425724
 0.5425724  0.5425724  0.         0.         0.         0.
 0.         0.         0.         0.         0.         0.
 0.         0.         0.         0.         0.         0.
 0.         0.         0.         0.         0.         0.
 0.         0.         0.         0.         0.         0.
 0.         0.         0.         0.         0.         0.
 0.         0.         0.         0.         0.         0.
 0.         0.         0.         0.         0.         0.
 0.         0.         0.         0.         0.         0.
 0.         0.         0.         0.         0.         0.
 0.         0.         0.         0.         0.         0.
 0.         0.         0.         0.         0.         0.
 0.         0.         0.         0.         0.         0.
 0.         0.         0.         0.         0.         0.
 0.         0.         0.         0.         0.         0.
 0.         0.         0.         0.         0.         0.
 0.         0.         0.         0.         0.         0.
 0.         0.         0.         0.         0.         0.
 0.         0.         0.         0.         0.         0.
 0.         0.         0.         0.         0.         0.
 0.         0.         0.         0.         0.         0.
 0.         0.         0.         0.         0.         0.
 0.         0.         0.         0.         0.         0.
 0.         0.         0.         0.         0.         0.
 0.         0.         0.         0.         0.         0.
 0.         0.        ]
Normalized importance:  [0.29039422 0.29039422 0.29039422 0.29039422 0.29039422 1.
 1.         1.         1.         1.         0.66113148 0.66113148
 0.66113148 0.66113148 0.66113148 0.31393015 0.31393015 0.31393015
 0.31393015 0.31393015 0.57991215 0.57991215 0.57991215 0.57991215
 0.57991215 0.0368759  0.0368759  0.0368759  0.0368759  0.0368759
 0.         0.         0.         0.         0.         0.0614279
 0.0614279  0.0614279  0.0614279  0.0614279  0.         0.
 0.         0.         0.         0.45788959 0.45788959 0.45788959
 0.45788959 0.45788959 0.         0.         0.02761736 0.
 0.00610581 0.         0.         0.         0.         0.
 0.         0.         0.02515311 0.         0.         0.
 0.         0.         0.         0.         0.         0.
 0.         0.         0.         0.         0.02728103 0.
 0.         0.         0.02123278 0.         0.         0.
 0.         0.         0.         0.         0.         0.
 0.         0.         0.         0.         0.         0.
 0.         0.         0.         0.         0.01099355 0.
 0.         0.         0.         0.         0.03272841 0.
 0.         0.         0.         0.         0.         0.
 0.         0.         0.         0.         0.03827078 0.
 0.02374141 0.         0.         0.         0.         0.
 0.         0.         0.         0.         0.         0.
 0.         0.02418875 0.         0.         0.         0.
 0.         0.         0.01332191 0.         0.         0.
 0.         0.04040371 0.         0.         0.00802772 0.00538629
 0.         0.         0.         0.         0.         0.
 0.         0.         0.         0.         0.02223775 0.
 0.         0.         0.         0.         0.         0.0039289
 0.         0.         0.         0.         0.         0.
 0.         0.         0.         0.         0.         0.
 0.         0.01857619 0.         0.         0.         0.
 0.         0.         0.01885049 0.         0.         0.
 0.         0.         0.         0.         0.         0.
 0.         0.        ]
deepbreaks
y_true:  [0. 0. 0. 0. 0. 1. 1. 1. 1. 1. 1. 1. 1. 1. 1. 1. 1. 1. 1. 1. 1. 1. 1. 1.
 1. 0. 0. 0. 0. 0. 0. 0. 0. 0. 0. 0. 0. 0. 0. 0. 0. 0. 0. 0. 0. 1. 1. 1.
 1. 1. 0. 0. 0. 0. 0. 0. 0. 0. 0. 0. 0. 0. 0. 0. 0. 0. 0. 0. 0. 0. 0. 0.
 0. 0. 0. 0. 0. 0. 0. 0. 0. 0. 0. 0. 0. 0. 0. 0. 0. 0. 0. 0. 0. 0. 0. 0.
 0. 0. 0. 0. 0. 0. 0. 0. 0. 0. 0. 0. 0. 0. 0. 0. 0. 0. 0. 0. 0. 0. 0. 0.
 0. 0. 0. 0. 0. 0. 0. 0. 0. 0. 0. 0. 0. 0. 0. 0. 0. 0. 0. 0. 0. 0. 0. 0.
 0. 0. 0. 0. 0. 0. 0. 0. 0. 0. 0. 0. 0. 0. 0. 0. 0. 0. 0. 0. 0. 0. 0. 0.
 0. 0. 0. 0. 0. 0. 0. 0. 0. 0. 0. 0. 0. 0. 0. 0. 0. 0. 0. 0. 0. 0. 0. 0.
 0. 0. 0. 0. 0. 0. 0. 0.]
y_pred:  [1. 1. 1. 1. 1. 1. 1. 1. 1. 1. 1. 1. 1. 1. 1. 1. 1. 1. 1. 1. 1. 1. 1. 1.
 1. 0. 0. 0. 0. 0. 0. 0. 0. 0. 0. 0. 0. 0. 0. 0. 0. 0. 0. 0. 0. 1. 1. 1.
 1. 1. 0. 0. 0. 0. 0. 0. 0. 0. 0. 0. 0. 0. 0. 0. 0. 0. 0. 0. 0. 0. 0. 0.
 0. 0. 0. 0. 0. 0. 0. 0. 0. 0. 0. 0. 0. 0. 0. 0. 0. 0. 0. 0. 0. 0. 0. 0.
 0. 0. 0. 0. 0. 0. 0. 0. 0. 0. 0. 0. 0. 0. 0. 0. 0. 0. 0. 0. 0. 0. 0. 0.
 0. 0. 0. 0. 0. 0. 0. 0. 0. 0. 0. 0. 0. 0. 0. 0. 0. 0. 0. 0. 0. 0. 0. 0.
 0. 0. 0. 0. 0. 0. 0. 0. 0. 0. 0. 0. 0. 0. 0. 0. 0. 0. 0. 0. 0. 0. 0. 0.
 0. 0. 0. 0. 0. 0. 0. 0. 0. 0. 0. 0. 0. 0. 0. 0. 0. 0. 0. 0. 0. 0. 0. 0.
 0. 0. 0. 0. 0. 0. 0. 0.]
Normalized importance:  [5.15555556e-01 1.96444444e-01 4.62222222e-01 2.12888889e-01
 2.21777778e-01 1.00000000e+00 4.33333333e-01 3.04444444e-01
 5.11111111e-01 5.15555556e-01 7.20000000e-01 1.06666667e-01
 4.48888889e-01 5.33333333e-01 3.57777778e-01 5.77777778e-01
 3.86666667e-01 7.57777778e-02 2.80000000e-01 4.48888889e-01
 6.00000000e-01 4.08888889e-01 3.97777778e-01 3.48888889e-01
 2.68888889e-01 1.75555556e-01 1.40666667e-01 5.62222222e-02
 2.66666667e-01 1.36444444e-01 1.64444444e-01 5.68888889e-02
 9.53333333e-02 1.86888889e-01 2.88888889e-02 1.90444444e-01
 1.46000000e-01 7.95555556e-02 1.98222222e-01 9.57777778e-02
 8.75555556e-02 4.00000000e-02 1.80888889e-02 8.33333333e-02
 1.30444444e-01 6.51111111e-01 3.93333333e-01 2.71111111e-01
 2.17777778e-01 1.19555556e-01 0.00000000e+00 8.64444444e-02
 1.02444444e-01 0.00000000e+00 1.24666667e-01 6.11111111e-02
 0.00000000e+00 5.37777778e-02 0.00000000e+00 0.00000000e+00
 0.00000000e+00 0.00000000e+00 2.03333333e-01 2.16222222e-01
 7.55555556e-02 0.00000000e+00 5.24444444e-02 1.43555556e-01
 2.24444444e-01 6.95555556e-02 0.00000000e+00 1.97333333e-01
 2.37777778e-02 1.20666667e-01 6.17777778e-02 0.00000000e+00
 1.29333333e-01 0.00000000e+00 0.00000000e+00 9.33333333e-02
 2.04666667e-01 0.00000000e+00 0.00000000e+00 1.15111111e-01
 1.25111111e-01 2.44444444e-01 6.44444444e-02 8.95555556e-02
 5.62222222e-02 7.35555556e-02 1.11111111e-01 0.00000000e+00
 0.00000000e+00 0.00000000e+00 0.00000000e+00 1.86222222e-01
 1.10666667e-01 5.75555556e-02 2.18222222e-01 0.00000000e+00
 3.95555556e-02 1.36444444e-01 1.77111111e-01 4.64444444e-02
 2.66666667e-01 0.00000000e+00 1.34666667e-01 0.00000000e+00
 7.26666667e-02 0.00000000e+00 0.00000000e+00 0.00000000e+00
 0.00000000e+00 0.00000000e+00 7.66666667e-02 0.00000000e+00
 0.00000000e+00 1.71333333e-01 2.60000000e-01 7.71111111e-02
 2.68888889e-01 1.05111111e-02 1.10222222e-01 1.50666667e-01
 0.00000000e+00 3.20000000e-02 0.00000000e+00 3.42222222e-03
 0.00000000e+00 0.00000000e+00 0.00000000e+00 7.91111111e-02
 0.00000000e+00 1.43111111e-01 2.12666667e-01 0.00000000e+00
 0.00000000e+00 0.00000000e+00 0.00000000e+00 0.00000000e+00
 7.88888889e-02 1.74666667e-04 6.31111111e-02 2.20444444e-01
 1.81555556e-01 1.22222222e-01 0.00000000e+00 0.00000000e+00
 1.75777778e-01 0.00000000e+00 3.17777778e-03 1.10888889e-02
 2.95555556e-02 0.00000000e+00 0.00000000e+00 0.00000000e+00
 7.97777778e-02 7.60000000e-02 4.11111111e-02 2.04666667e-01
 1.99777778e-01 7.37777778e-02 8.75555556e-02 1.46888889e-02
 1.08444444e-01 1.46444444e-01 1.51555556e-01 1.51111111e-01
 2.93333333e-02 0.00000000e+00 0.00000000e+00 3.31111111e-02
 0.00000000e+00 1.26888889e-01 0.00000000e+00 0.00000000e+00
 6.33333333e-02 0.00000000e+00 0.00000000e+00 3.20000000e-02
 9.15555556e-02 2.97777778e-01 0.00000000e+00 2.51111111e-01
 1.57333333e-01 6.97777778e-02 0.00000000e+00 1.20000000e-03
 9.35555556e-02 0.00000000e+00 0.00000000e+00 1.05777778e-01
 1.89555556e-01 9.88888889e-02 0.00000000e+00 0.00000000e+00
 1.11111111e-01 5.66666667e-02 0.00000000e+00 0.00000000e+00]
pyseer
y_true:  [0. 0. 0. 0. 0. 1. 1. 1. 1. 1. 1. 1. 1. 1. 1. 1. 1. 1. 1. 1. 1. 1. 1. 1.
 1. 0. 0. 0. 0. 0. 0. 0. 0. 0. 0. 0. 0. 0. 0. 0. 0. 0. 0. 0. 0. 1. 1. 1.
 1. 1. 0. 0. 0. 0. 0. 0. 0. 0. 0. 0. 0. 0. 0. 0. 0. 0. 0. 0. 0. 0. 0. 0.
 0. 0. 0. 0. 0. 0. 0. 0. 0. 0. 0. 0. 0. 0. 0. 0. 0. 0. 0. 0. 0. 0. 0. 0.
 0. 0. 0. 0. 0. 0. 0. 0. 0. 0. 0. 0. 0. 0. 0. 0. 0. 0. 0. 0. 0. 0. 0. 0.
 0. 0. 0. 0. 0. 0. 0. 0. 0. 0. 0. 0. 0. 0. 0. 0. 0. 0. 0. 0. 0. 0. 0. 0.
 0. 0. 0. 0. 0. 0. 0. 0. 0. 0. 0. 0. 0. 0. 0. 0. 0. 0. 0. 0. 0. 0. 0. 0.
 0. 0. 0. 0. 0. 0. 0. 0. 0. 0. 0. 0. 0. 0. 0. 0. 0. 0. 0. 0. 0. 0. 0. 0.
 0. 0. 0. 0. 0. 0. 0. 0.]
y_pred:  [1. 1. 1. 1. 1. 1. 1. 1. 1. 1. 1. 0. 1. 1. 1. 1. 1. 0. 1. 1. 1. 1. 1. 1.
 1. 1. 1. 0. 1. 1. 1. 0. 0. 1. 0. 1. 1. 0. 1. 0. 0. 0. 0. 0. 1. 1. 1. 1.
 1. 0. 0. 0. 0. 0. 0. 0. 0. 0. 0. 0. 0. 0. 1. 1. 0. 0. 0. 1. 1. 0. 0. 1.
 0. 0. 0. 0. 1. 0. 0. 0. 1. 0. 0. 0. 0. 1. 0. 0. 0. 0. 0. 0. 0. 0. 0. 1.
 0. 0. 1. 0. 0. 1. 1. 0. 1. 0. 1. 0. 0. 0. 0. 0. 0. 0. 0. 0. 0. 1. 1. 0.
 1. 0. 0. 1. 0. 0. 0. 0. 0. 0. 0. 0. 0. 1. 1. 0. 0. 0. 0. 0. 0. 0. 0. 1.
 1. 0. 0. 0. 1. 0. 0. 0. 0. 0. 0. 0. 0. 0. 0. 1. 1. 0. 0. 0. 0. 1. 1. 1.
 0. 0. 0. 0. 0. 1. 0. 0. 0. 0. 0. 0. 0. 1. 0. 1. 1. 0. 0. 0. 0. 0. 0. 0.
 1. 0. 0. 0. 0. 0. 0. 0.]
Time taken: 24.67542815208435 seconds
Running combination 9 of 50
Fitting RandomForest...
Fitting Adaboost...
Fitting AdaBoost_2...
Fitting et...
Fitting gbc...
Fitting gbc_2...
Fitting gbc_3...
Fitting dt...
Fitting lr...
Fitting Lasso_1...
Fitting Lasso_2...
Fitting Lasso_3...
Fitting Lasso_4...
Fitting elasticnet...
VCF file created successfully.
pyseer stderr:  Read 1000 phenotypes
Detected continuous phenotype
Reading all variants

0variants [00:00, ?variants/s]
55variants [00:00, 544.47variants/s]
110variants [00:00, 476.03variants/s]
165variants [00:00, 506.85variants/s]
198variants [00:00, 506.67variants/s]
Applying correlation filtering

  0%|          | 0/198 [00:00<?, ?variants/s]
100%|██████████| 198/198 [00:00<00:00, 2667.61variants/s]
Fitting elastic net to top 148 variants
Best penalty (lambda) from cross-validation: 2.27E+01
Best R^2 from cross-validation: 0.445
Finding and printing selected variants
198 loaded variants
50 pre-filtered variants
148 tested variants
137 printed variants

True importance standardized:  [0.26473271 0.26473271 0.26473271 0.26473271 0.26473271 0.14129805
 0.14129805 0.14129805 0.14129805 0.14129805 0.40145528 0.40145528
 0.40145528 0.40145528 0.40145528 0.26178263 0.26178263 0.26178263
 0.26178263 0.26178263 0.52763255 0.52763255 0.52763255 0.52763255
 0.52763255 0.99739351 0.99739351 0.99739351 0.99739351 0.99739351
 0.91286056 0.91286056 0.91286056 0.91286056 0.91286056 1.
 1.         1.         1.         1.         0.72487189 0.72487189
 0.72487189 0.72487189 0.72487189 0.38893059 0.38893059 0.38893059
 0.38893059 0.38893059 0.         0.         0.         0.
 0.         0.         0.         0.         0.         0.
 0.         0.         0.         0.         0.         0.
 0.         0.         0.         0.         0.         0.
 0.         0.         0.         0.         0.         0.
 0.         0.         0.         0.         0.         0.
 0.         0.         0.         0.         0.         0.
 0.         0.         0.         0.         0.         0.
 0.         0.         0.         0.         0.         0.
 0.         0.         0.         0.         0.         0.
 0.         0.         0.         0.         0.         0.
 0.         0.         0.         0.         0.         0.
 0.         0.         0.         0.         0.         0.
 0.         0.         0.         0.         0.         0.
 0.         0.         0.         0.         0.         0.
 0.         0.         0.         0.         0.         0.
 0.         0.         0.         0.         0.         0.
 0.         0.         0.         0.         0.         0.
 0.         0.         0.         0.         0.         0.
 0.         0.         0.         0.         0.         0.
 0.         0.         0.         0.         0.         0.
 0.         0.         0.         0.         0.         0.
 0.         0.         0.         0.         0.         0.
 0.         0.         0.         0.         0.         0.
 0.         0.         0.         0.         0.         0.
 0.         0.        ]
Normalized importance:  [0.11085822 0.11085822 0.         0.11085822 0.11085822 0.
 0.         0.         0.         0.02596957 0.22165193 0.22165193
 0.22165193 0.22165193 0.22165193 0.11362468 0.11362468 0.11362468
 0.11362468 0.         0.18908021 0.18908021 0.18908021 0.18908021
 0.18908021 0.68388522 0.68388522 0.68388522 0.68388522 0.68388522
 0.90662361 0.90662361 0.90662361 0.90662361 0.90662361 1.
 1.         1.         1.         1.         0.32910218 0.32910218
 0.32910218 0.32910218 0.32910218 0.16863584 0.16863584 0.16863584
 0.16863584 0.16863584 0.         0.         0.         0.
 0.         0.         0.         0.         0.         0.
 0.         0.         0.0474544  0.         0.         0.
 0.         0.         0.         0.         0.         0.
 0.         0.         0.         0.         0.         0.
 0.         0.         0.         0.         0.         0.04661233
 0.         0.         0.         0.         0.         0.
 0.         0.         0.         0.         0.         0.
 0.         0.         0.         0.         0.         0.
 0.         0.         0.         0.         0.         0.
 0.         0.01920595 0.         0.         0.         0.
 0.         0.         0.         0.02265962 0.         0.
 0.         0.         0.         0.         0.         0.
 0.02005956 0.         0.         0.         0.         0.
 0.         0.         0.         0.         0.         0.
 0.0134055  0.         0.         0.         0.         0.
 0.         0.         0.         0.         0.         0.
 0.         0.         0.         0.         0.         0.
 0.         0.         0.         0.         0.         0.
 0.         0.04917441 0.         0.         0.         0.
 0.         0.         0.         0.         0.         0.
 0.         0.         0.         0.         0.         0.
 0.         0.         0.         0.         0.         0.
 0.06003106 0.01611113 0.         0.         0.         0.
 0.         0.02510058 0.         0.         0.         0.
 0.         0.        ]
deepbreaks
y_true:  [0. 0. 0. 0. 0. 0. 0. 0. 0. 0. 0. 0. 0. 0. 0. 0. 0. 0. 0. 0. 1. 1. 1. 1.
 1. 1. 1. 1. 1. 1. 1. 1. 1. 1. 1. 1. 1. 1. 1. 1. 1. 1. 1. 1. 1. 0. 0. 0.
 0. 0. 0. 0. 0. 0. 0. 0. 0. 0. 0. 0. 0. 0. 0. 0. 0. 0. 0. 0. 0. 0. 0. 0.
 0. 0. 0. 0. 0. 0. 0. 0. 0. 0. 0. 0. 0. 0. 0. 0. 0. 0. 0. 0. 0. 0. 0. 0.
 0. 0. 0. 0. 0. 0. 0. 0. 0. 0. 0. 0. 0. 0. 0. 0. 0. 0. 0. 0. 0. 0. 0. 0.
 0. 0. 0. 0. 0. 0. 0. 0. 0. 0. 0. 0. 0. 0. 0. 0. 0. 0. 0. 0. 0. 0. 0. 0.
 0. 0. 0. 0. 0. 0. 0. 0. 0. 0. 0. 0. 0. 0. 0. 0. 0. 0. 0. 0. 0. 0. 0. 0.
 0. 0. 0. 0. 0. 0. 0. 0. 0. 0. 0. 0. 0. 0. 0. 0. 0. 0. 0. 0. 0. 0. 0. 0.
 0. 0. 0. 0. 0. 0. 0. 0.]
y_pred:  [0. 0. 0. 0. 0. 0. 0. 0. 0. 0. 1. 1. 1. 1. 1. 0. 0. 0. 0. 0. 1. 1. 1. 1.
 1. 1. 1. 1. 1. 1. 1. 1. 1. 1. 1. 1. 1. 1. 1. 1. 1. 1. 1. 1. 1. 0. 0. 0.
 0. 0. 0. 0. 0. 0. 0. 0. 0. 0. 0. 0. 0. 0. 0. 0. 0. 0. 0. 0. 0. 0. 0. 0.
 0. 0. 0. 0. 0. 0. 0. 0. 0. 0. 0. 0. 0. 0. 0. 0. 0. 0. 0. 0. 0. 0. 0. 0.
 0. 0. 0. 0. 0. 0. 0. 0. 0. 0. 0. 0. 0. 0. 0. 0. 0. 0. 0. 0. 0. 0. 0. 0.
 0. 0. 0. 0. 0. 0. 0. 0. 0. 0. 0. 0. 0. 0. 0. 0. 0. 0. 0. 0. 0. 0. 0. 0.
 0. 0. 0. 0. 0. 0. 0. 0. 0. 0. 0. 0. 0. 0. 0. 0. 0. 0. 0. 0. 0. 0. 0. 0.
 0. 0. 0. 0. 0. 0. 0. 0. 0. 0. 0. 0. 0. 0. 0. 0. 0. 0. 0. 0. 0. 0. 0. 0.
 0. 0. 0. 0. 0. 0. 0. 0.]
Normalized importance:  [0.28826152 0.19167905 0.11768202 0.26002972 0.08826152 0.15453195
 0.04219911 0.05988113 0.         0.31649331 0.4858841  0.17533432
 0.26894502 0.1679049  0.44279346 0.20059435 0.13580981 0.25408618
 0.22585438 0.00768202 0.44279346 0.46953938 0.         0.2897474
 0.30906389 0.94502229 0.34026746 0.49925706 0.5884101  0.51708767
 0.92421991 0.62555721 0.68796434 0.3640416  0.59881129 1.
 0.70876672 0.65527489 0.66270431 0.41307578 0.79494799 0.
 0.39821694 0.20950966 0.39524517 0.43982169 0.03268945 0.24071322
 0.33878158 0.31054978 0.24814264 0.         0.13417533 0.20356612
 0.07325409 0.         0.1243685  0.         0.25705795 0.06463596
 0.         0.21099554 0.46210996 0.         0.         0.1679049
 0.17830609 0.14814264 0.03684993 0.         0.1166419  0.
 0.19019316 0.12109955 0.         0.         0.19465082 0.13120357
 0.         0.21248143 0.35215453 0.04086181 0.10728083 0.16196137
 0.19910847 0.0191679  0.         0.14383358 0.         0.04992571
 0.11842496 0.         0.         0.         0.28826152 0.31500743
 0.04205052 0.24219911 0.         0.         0.17682021 0.17384844
 0.0833581  0.         0.20059435 0.19762259 0.         0.24368499
 0.         0.26597325 0.13372957 0.         0.11485884 0.
 0.12124814 0.         0.03818722 0.40861813 0.00738484 0.
 0.08484398 0.         0.         0.         0.19316493 0.
 0.30609212 0.10163447 0.35364042 0.1243685  0.11010401 0.08558692
 0.         0.         0.         0.09762259 0.09153046 0.
 0.26745914 0.21545319 0.03774146 0.         0.18573551 0.1679049
 0.         0.         0.         0.05037147 0.08603269 0.16493314
 0.00762259 0.         0.         0.         0.         0.2243685
 0.24665676 0.         0.16344725 0.         0.         0.
 0.         0.3268945  0.         0.         0.17384844 0.
 0.02228826 0.18424963 0.         0.14249629 0.09390788 0.02912333
 0.17533432 0.1268945  0.05809807 0.         0.00829123 0.
 0.         0.15007429 0.19019316 0.         0.05601783 0.09687964
 0.17682021 0.09153046 0.05081724 0.14219911 0.         0.30163447
 0.         0.17979198 0.07280832 0.         0.10237741 0.
 0.         0.        ]
pyseer
y_true:  [0. 0. 0. 0. 0. 0. 0. 0. 0. 0. 0. 0. 0. 0. 0. 0. 0. 0. 0. 0. 1. 1. 1. 1.
 1. 1. 1. 1. 1. 1. 1. 1. 1. 1. 1. 1. 1. 1. 1. 1. 1. 1. 1. 1. 1. 0. 0. 0.
 0. 0. 0. 0. 0. 0. 0. 0. 0. 0. 0. 0. 0. 0. 0. 0. 0. 0. 0. 0. 0. 0. 0. 0.
 0. 0. 0. 0. 0. 0. 0. 0. 0. 0. 0. 0. 0. 0. 0. 0. 0. 0. 0. 0. 0. 0. 0. 0.
 0. 0. 0. 0. 0. 0. 0. 0. 0. 0. 0. 0. 0. 0. 0. 0. 0. 0. 0. 0. 0. 0. 0. 0.
 0. 0. 0. 0. 0. 0. 0. 0. 0. 0. 0. 0. 0. 0. 0. 0. 0. 0. 0. 0. 0. 0. 0. 0.
 0. 0. 0. 0. 0. 0. 0. 0. 0. 0. 0. 0. 0. 0. 0. 0. 0. 0. 0. 0. 0. 0. 0. 0.
 0. 0. 0. 0. 0. 0. 0. 0. 0. 0. 0. 0. 0. 0. 0. 0. 0. 0. 0. 0. 0. 0. 0. 0.
 0. 0. 0. 0. 0. 0. 0. 0.]
y_pred:  [1. 1. 0. 1. 0. 0. 0. 0. 0. 1. 1. 0. 1. 0. 1. 1. 0. 1. 1. 0. 1. 1. 0. 1.
 1. 1. 1. 1. 1. 1. 1. 1. 1. 1. 1. 1. 1. 1. 1. 1. 1. 0. 1. 1. 1. 1. 0. 1.
 1. 1. 1. 0. 0. 1. 0. 0. 0. 0. 1. 0. 0. 1. 1. 0. 0. 0. 1. 0. 0. 0. 0. 0.
 1. 0. 0. 0. 1. 0. 0. 1. 1. 0. 0. 0. 1. 0. 0. 0. 0. 0. 0. 0. 0. 0. 1. 1.
 0. 1. 0. 0. 0. 0. 0. 0. 1. 1. 0. 1. 0. 1. 0. 0. 0. 0. 0. 0. 0. 1. 0. 0.
 0. 0. 0. 0. 1. 0. 1. 0. 1. 0. 0. 0. 0. 0. 0. 0. 0. 0. 1. 1. 0. 0. 1. 0.
 0. 0. 0. 0. 0. 0. 0. 0. 0. 0. 0. 1. 1. 0. 0. 0. 0. 0. 0. 1. 0. 0. 0. 0.
 0. 1. 0. 0. 0. 0. 0. 0. 0. 0. 0. 0. 0. 0. 1. 0. 0. 0. 0. 0. 0. 0. 0. 1.
 0. 1. 0. 0. 0. 0. 0. 0.]
Time taken: 25.546830654144287 seconds
Running combination 10 of 50
Fitting RandomForest...
Fitting Adaboost...
Fitting AdaBoost_2...
Fitting et...
Fitting gbc...
Fitting gbc_2...
Fitting gbc_3...
Fitting dt...
Fitting lr...
Fitting Lasso_1...
Fitting Lasso_2...
Fitting Lasso_3...
Fitting Lasso_4...
Fitting elasticnet...
VCF file created successfully.
pyseer stderr:  Read 1000 phenotypes
Detected continuous phenotype
Reading all variants

0variants [00:00, ?variants/s]
53variants [00:00, 525.81variants/s]
106variants [00:00, 470.76variants/s]
162variants [00:00, 506.32variants/s]
198variants [00:00, 509.62variants/s]
Applying correlation filtering

  0%|          | 0/198 [00:00<?, ?variants/s]
100%|██████████| 198/198 [00:00<00:00, 2701.90variants/s]
Fitting elastic net to top 148 variants
Best penalty (lambda) from cross-validation: 8.48E+01
Best R^2 from cross-validation: 0.482
Finding and printing selected variants
198 loaded variants
50 pre-filtered variants
148 tested variants
137 printed variants

True importance standardized:  [0.72928711 0.72928711 0.72928711 0.72928711 0.72928711 0.95977554
 0.95977554 0.95977554 0.95977554 0.95977554 0.42584027 0.42584027
 0.42584027 0.42584027 0.42584027 1.         1.         1.
 1.         1.         0.89660986 0.89660986 0.89660986 0.89660986
 0.89660986 0.50642097 0.50642097 0.50642097 0.50642097 0.50642097
 0.5992137  0.5992137  0.5992137  0.5992137  0.5992137  0.85203249
 0.85203249 0.85203249 0.85203249 0.85203249 0.76476048 0.76476048
 0.76476048 0.76476048 0.76476048 0.79277136 0.79277136 0.79277136
 0.79277136 0.79277136 0.         0.         0.         0.
 0.         0.         0.         0.         0.         0.
 0.         0.         0.         0.         0.         0.
 0.         0.         0.         0.         0.         0.
 0.         0.         0.         0.         0.         0.
 0.         0.         0.         0.         0.         0.
 0.         0.         0.         0.         0.         0.
 0.         0.         0.         0.         0.         0.
 0.         0.         0.         0.         0.         0.
 0.         0.         0.         0.         0.         0.
 0.         0.         0.         0.         0.         0.
 0.         0.         0.         0.         0.         0.
 0.         0.         0.         0.         0.         0.
 0.         0.         0.         0.         0.         0.
 0.         0.         0.         0.         0.         0.
 0.         0.         0.         0.         0.         0.
 0.         0.         0.         0.         0.         0.
 0.         0.         0.         0.         0.         0.
 0.         0.         0.         0.         0.         0.
 0.         0.         0.         0.         0.         0.
 0.         0.         0.         0.         0.         0.
 0.         0.         0.         0.         0.         0.
 0.         0.         0.         0.         0.         0.
 0.         0.         0.         0.         0.         0.
 0.         0.         0.         0.         0.         0.
 0.         0.        ]
Normalized importance:  [0.57287925 0.57287925 0.57287925 0.57287925 0.57287925 0.97802589
 0.97802589 0.97802589 0.97802589 0.97802589 0.14866541 0.
 0.14866541 0.14866541 0.14866541 0.74269966 0.74269966 0.74269966
 0.74269966 0.74269966 1.         1.         1.         1.
 1.         0.11474004 0.11474004 0.         0.11474004 0.11474004
 0.1267748  0.1267748  0.1267748  0.1267748  0.1267748  0.41122371
 0.41122371 0.41122371 0.41122371 0.41122371 0.61762384 0.61762384
 0.61762384 0.61762384 0.61762384 0.82102427 0.82102427 0.82102427
 0.82102427 0.82102427 0.         0.         0.         0.
 0.         0.         0.         0.         0.         0.
 0.         0.         0.         0.         0.         0.03133623
 0.         0.         0.         0.         0.         0.
 0.         0.         0.         0.         0.         0.
 0.         0.         0.         0.         0.02214702 0.01568479
 0.01077449 0.         0.         0.         0.         0.
 0.         0.         0.         0.         0.         0.
 0.         0.         0.         0.         0.         0.00788882
 0.         0.         0.         0.         0.         0.
 0.         0.         0.         0.         0.         0.
 0.         0.         0.         0.         0.         0.
 0.         0.         0.         0.         0.         0.00644098
 0.         0.         0.         0.         0.01582516 0.
 0.         0.         0.         0.         0.         0.
 0.         0.         0.         0.         0.         0.
 0.         0.         0.         0.         0.02462444 0.
 0.         0.02623208 0.04471901 0.         0.         0.
 0.         0.         0.         0.         0.         0.
 0.         0.         0.         0.         0.         0.
 0.02596206 0.         0.         0.         0.01429269 0.
 0.         0.         0.00873271 0.         0.         0.
 0.         0.         0.03745428 0.         0.         0.
 0.         0.         0.         0.         0.         0.
 0.         0.         0.         0.         0.         0.
 0.         0.        ]
deepbreaks
y_true:  [0. 0. 0. 0. 0. 1. 1. 1. 1. 1. 0. 0. 0. 0. 0. 1. 1. 1. 1. 1. 1. 1. 1. 1.
 1. 0. 0. 0. 0. 0. 0. 0. 0. 0. 0. 1. 1. 1. 1. 1. 0. 0. 0. 0. 0. 1. 1. 1.
 1. 1. 0. 0. 0. 0. 0. 0. 0. 0. 0. 0. 0. 0. 0. 0. 0. 0. 0. 0. 0. 0. 0. 0.
 0. 0. 0. 0. 0. 0. 0. 0. 0. 0. 0. 0. 0. 0. 0. 0. 0. 0. 0. 0. 0. 0. 0. 0.
 0. 0. 0. 0. 0. 0. 0. 0. 0. 0. 0. 0. 0. 0. 0. 0. 0. 0. 0. 0. 0. 0. 0. 0.
 0. 0. 0. 0. 0. 0. 0. 0. 0. 0. 0. 0. 0. 0. 0. 0. 0. 0. 0. 0. 0. 0. 0. 0.
 0. 0. 0. 0. 0. 0. 0. 0. 0. 0. 0. 0. 0. 0. 0. 0. 0. 0. 0. 0. 0. 0. 0. 0.
 0. 0. 0. 0. 0. 0. 0. 0. 0. 0. 0. 0. 0. 0. 0. 0. 0. 0. 0. 0. 0. 0. 0. 0.
 0. 0. 0. 0. 0. 0. 0. 0.]
y_pred:  [1. 1. 1. 1. 1. 1. 1. 1. 1. 1. 0. 0. 0. 0. 0. 1. 1. 1. 1. 1. 1. 1. 1. 1.
 1. 0. 0. 0. 0. 0. 0. 0. 0. 0. 0. 1. 1. 1. 1. 1. 1. 1. 1. 1. 1. 1. 1. 1.
 1. 1. 0. 0. 0. 0. 0. 0. 0. 0. 0. 0. 0. 0. 0. 0. 0. 0. 0. 0. 0. 0. 0. 0.
 0. 0. 0. 0. 0. 0. 0. 0. 0. 0. 0. 0. 0. 0. 0. 0. 0. 0. 0. 0. 0. 0. 0. 0.
 0. 0. 0. 0. 0. 0. 0. 0. 0. 0. 0. 0. 0. 0. 0. 0. 0. 0. 0. 0. 0. 0. 0. 0.
 0. 0. 0. 0. 0. 0. 0. 0. 0. 0. 0. 0. 0. 0. 0. 0. 0. 0. 0. 0. 0. 0. 0. 0.
 0. 0. 0. 0. 0. 0. 0. 0. 0. 0. 0. 0. 0. 0. 0. 0. 0. 0. 0. 0. 0. 0. 0. 0.
 0. 0. 0. 0. 0. 0. 0. 0. 0. 0. 0. 0. 0. 0. 0. 0. 0. 0. 0. 0. 0. 0. 0. 0.
 0. 0. 0. 0. 0. 0. 0. 0.]
Normalized importance:  [0.66112957 0.43853821 0.29202658 0.14119601 0.51827243 0.97674419
 0.56478405 0.28471761 0.28471761 0.34551495 0.59800664 0.12491694
 0.37209302 0.01624585 0.27674419 0.81395349 0.45182724 0.32292359
 0.37873754 0.48837209 0.89036545 0.3654485  0.53488372 0.59800664
 0.21129568 0.40199336 0.32093023 0.0448505  0.17707641 0.09302326
 0.59800664 0.12624585 0.04883721 0.26611296 0.2358804  0.70431894
 0.39202658 0.42524917 0.23853821 0.42857143 0.85714286 0.09335548
 0.21860465 0.3986711  0.44518272 1.         0.38538206 0.17641196
 0.27375415 0.52491694 0.         0.13687708 0.12458472 0.24019934
 0.06611296 0.19800664 0.11760797 0.24352159 0.32358804 0.09069767
 0.         0.         0.         0.15182724 0.         0.1345515
 0.         0.19368771 0.14651163 0.18637874 0.         0.03282392
 0.         0.         0.         0.26445183 0.         0.21561462
 0.10830565 0.         0.23554817 0.         0.41528239 0.36212625
 0.18704319 0.19601329 0.         0.14385382 0.         0.06445183
 0.00418605 0.         0.13754153 0.03787375 0.         0.30199336
 0.         0.         0.         0.02820598 0.0169103  0.02159468
 0.15913621 0.12956811 0.18803987 0.08504983 0.06910299 0.20598007
 0.         0.         0.18172757 0.2833887  0.24883721 0.
 0.         0.30066445 0.10332226 0.         0.         0.
 0.         0.15083056 0.         0.05448505 0.12093023 0.21860465
 0.00996678 0.1345515  0.11395349 0.         0.27541528 0.00906977
 0.         0.03488372 0.16312292 0.17408638 0.22192691 0.
 0.         0.         0.         0.12657807 0.04784053 0.13554817
 0.         0.0986711  0.         0.         0.1551495  0.
 0.         0.13953488 0.41860465 0.         0.24418605 0.
 0.         0.         0.02295681 0.25847176 0.         0.21993355
 0.         0.23156146 0.         0.         0.13322259 0.11096346
 0.28737542 0.1        0.13853821 0.15946844 0.09601329 0.25946844
 0.13554817 0.         0.26179402 0.0807309  0.         0.
 0.25083056 0.         0.         0.3654485  0.         0.
 0.31528239 0.17840532 0.10465116 0.         0.         0.
 0.01873754 0.         0.03654485 0.         0.2730897  0.
 0.         0.        ]
pyseer
y_true:  [0. 0. 0. 0. 0. 1. 1. 1. 1. 1. 0. 0. 0. 0. 0. 1. 1. 1. 1. 1. 1. 1. 1. 1.
 1. 0. 0. 0. 0. 0. 0. 0. 0. 0. 0. 1. 1. 1. 1. 1. 0. 0. 0. 0. 0. 1. 1. 1.
 1. 1. 0. 0. 0. 0. 0. 0. 0. 0. 0. 0. 0. 0. 0. 0. 0. 0. 0. 0. 0. 0. 0. 0.
 0. 0. 0. 0. 0. 0. 0. 0. 0. 0. 0. 0. 0. 0. 0. 0. 0. 0. 0. 0. 0. 0. 0. 0.
 0. 0. 0. 0. 0. 0. 0. 0. 0. 0. 0. 0. 0. 0. 0. 0. 0. 0. 0. 0. 0. 0. 0. 0.
 0. 0. 0. 0. 0. 0. 0. 0. 0. 0. 0. 0. 0. 0. 0. 0. 0. 0. 0. 0. 0. 0. 0. 0.
 0. 0. 0. 0. 0. 0. 0. 0. 0. 0. 0. 0. 0. 0. 0. 0. 0. 0. 0. 0. 0. 0. 0. 0.
 0. 0. 0. 0. 0. 0. 0. 0. 0. 0. 0. 0. 0. 0. 0. 0. 0. 0. 0. 0. 0. 0. 0. 0.
 0. 0. 0. 0. 0. 0. 0. 0.]
y_pred:  [1. 1. 1. 0. 1. 1. 1. 1. 1. 1. 1. 0. 1. 0. 1. 1. 1. 1. 1. 1. 1. 1. 1. 1.
 1. 1. 1. 0. 0. 0. 1. 0. 0. 1. 1. 1. 1. 1. 1. 1. 1. 0. 1. 1. 1. 1. 1. 0.
 1. 1. 0. 0. 0. 1. 0. 1. 0. 1. 1. 0. 0. 0. 0. 0. 0. 0. 0. 0. 0. 0. 0. 0.
 0. 0. 0. 1. 0. 1. 0. 0. 1. 0. 1. 1. 0. 0. 0. 0. 0. 0. 0. 0. 0. 0. 0. 1.
 0. 0. 0. 0. 0. 0. 0. 0. 0. 0. 0. 1. 0. 0. 0. 1. 1. 0. 0. 1. 0. 0. 0. 0.
 0. 0. 0. 0. 0. 1. 0. 0. 0. 0. 1. 0. 0. 0. 0. 0. 1. 0. 0. 0. 0. 0. 0. 0.
 0. 0. 0. 0. 0. 0. 0. 0. 1. 0. 1. 0. 0. 0. 0. 1. 0. 1. 0. 1. 0. 0. 0. 0.
 1. 0. 0. 0. 0. 1. 0. 0. 1. 0. 0. 0. 1. 0. 0. 1. 0. 0. 1. 0. 0. 0. 0. 0.
 0. 0. 0. 0. 1. 0. 0. 0.]
Time taken: 24.2207670211792 seconds
Running combination 11 of 50
Fitting RandomForest...
Fitting Adaboost...
Fitting AdaBoost_2...
Fitting et...
Fitting gbc...
Fitting gbc_2...
Fitting gbc_3...
Fitting dt...
Fitting lr...
Fitting Lasso_1...
Fitting Lasso_2...
Fitting Lasso_3...
Fitting Lasso_4...
Fitting elasticnet...
VCF file created successfully.
pyseer stderr:  Read 1000 phenotypes
Detected continuous phenotype
Reading all variants

0variants [00:00, ?variants/s]
56variants [00:00, 558.49variants/s]
112variants [00:00, 490.49variants/s]
169variants [00:00, 521.07variants/s]
198variants [00:00, 524.73variants/s]
Applying correlation filtering

  0%|          | 0/198 [00:00<?, ?variants/s]
100%|██████████| 198/198 [00:00<00:00, 2706.12variants/s]
Fitting elastic net to top 148 variants
Best penalty (lambda) from cross-validation: 5.14E+01
Best R^2 from cross-validation: 0.473
Finding and printing selected variants
198 loaded variants
50 pre-filtered variants
148 tested variants
138 printed variants

True importance standardized:  [0.10627017 0.10627017 0.10627017 0.10627017 0.10627017 0.32028606
 0.32028606 0.32028606 0.32028606 0.32028606 0.76123767 0.76123767
 0.76123767 0.76123767 0.76123767 1.         1.         1.
 1.         1.         0.99794582 0.99794582 0.99794582 0.99794582
 0.99794582 0.79159915 0.79159915 0.79159915 0.79159915 0.79159915
 0.72491999 0.72491999 0.72491999 0.72491999 0.72491999 0.74739904
 0.74739904 0.74739904 0.74739904 0.74739904 0.60947287 0.60947287
 0.60947287 0.60947287 0.60947287 0.73302551 0.73302551 0.73302551
 0.73302551 0.73302551 0.         0.         0.         0.
 0.         0.         0.         0.         0.         0.
 0.         0.         0.         0.         0.         0.
 0.         0.         0.         0.         0.         0.
 0.         0.         0.         0.         0.         0.
 0.         0.         0.         0.         0.         0.
 0.         0.         0.         0.         0.         0.
 0.         0.         0.         0.         0.         0.
 0.         0.         0.         0.         0.         0.
 0.         0.         0.         0.         0.         0.
 0.         0.         0.         0.         0.         0.
 0.         0.         0.         0.         0.         0.
 0.         0.         0.         0.         0.         0.
 0.         0.         0.         0.         0.         0.
 0.         0.         0.         0.         0.         0.
 0.         0.         0.         0.         0.         0.
 0.         0.         0.         0.         0.         0.
 0.         0.         0.         0.         0.         0.
 0.         0.         0.         0.         0.         0.
 0.         0.         0.         0.         0.         0.
 0.         0.         0.         0.         0.         0.
 0.         0.         0.         0.         0.         0.
 0.         0.         0.         0.         0.         0.
 0.         0.         0.         0.         0.         0.
 0.         0.         0.         0.         0.         0.
 0.         0.        ]
Normalized importance:  [0.         0.         0.         0.         0.         0.04090999
 0.         0.04090999 0.04090999 0.         0.42628853 0.42628853
 0.42628853 0.42628853 0.42628853 1.         1.         1.
 1.         1.         0.6901427  0.6901427  0.6901427  0.6901427
 0.6901427  0.53606881 0.53606881 0.53606881 0.53606881 0.53606881
 0.44364109 0.44364109 0.44364109 0.44364109 0.44364109 0.47414267
 0.47414267 0.47414267 0.47414267 0.47414267 0.17098076 0.17098076
 0.17098076 0.17098076 0.17098076 0.20331922 0.20331922 0.20331922
 0.20331922 0.20331922 0.         0.         0.         0.
 0.         0.         0.         0.         0.         0.
 0.         0.         0.01989563 0.         0.         0.
 0.         0.         0.         0.02850553 0.         0.
 0.         0.         0.         0.         0.         0.
 0.         0.         0.         0.         0.         0.
 0.01180225 0.         0.         0.         0.         0.
 0.         0.         0.         0.         0.         0.
 0.         0.         0.         0.         0.         0.
 0.         0.         0.         0.01930071 0.         0.02516167
 0.         0.03766628 0.         0.         0.         0.
 0.         0.         0.         0.         0.         0.
 0.         0.         0.         0.         0.         0.
 0.         0.         0.         0.         0.         0.03611668
 0.         0.         0.         0.         0.         0.
 0.         0.         0.04025477 0.         0.06409829 0.
 0.         0.         0.         0.         0.         0.
 0.         0.         0.         0.         0.         0.
 0.         0.00894811 0.         0.         0.         0.
 0.         0.         0.         0.         0.         0.
 0.         0.         0.         0.         0.         0.
 0.         0.         0.         0.         0.         0.
 0.         0.         0.         0.         0.         0.
 0.         0.06523499 0.         0.         0.         0.
 0.         0.         0.         0.         0.         0.
 0.         0.        ]
deepbreaks
y_true:  [0. 0. 0. 0. 0. 0. 0. 0. 0. 0. 1. 1. 1. 1. 1. 1. 1. 1. 1. 1. 1. 1. 1. 1.
 1. 1. 1. 1. 1. 1. 0. 0. 0. 0. 0. 1. 1. 1. 1. 1. 0. 0. 0. 0. 0. 0. 0. 0.
 0. 0. 0. 0. 0. 0. 0. 0. 0. 0. 0. 0. 0. 0. 0. 0. 0. 0. 0. 0. 0. 0. 0. 0.
 0. 0. 0. 0. 0. 0. 0. 0. 0. 0. 0. 0. 0. 0. 0. 0. 0. 0. 0. 0. 0. 0. 0. 0.
 0. 0. 0. 0. 0. 0. 0. 0. 0. 0. 0. 0. 0. 0. 0. 0. 0. 0. 0. 0. 0. 0. 0. 0.
 0. 0. 0. 0. 0. 0. 0. 0. 0. 0. 0. 0. 0. 0. 0. 0. 0. 0. 0. 0. 0. 0. 0. 0.
 0. 0. 0. 0. 0. 0. 0. 0. 0. 0. 0. 0. 0. 0. 0. 0. 0. 0. 0. 0. 0. 0. 0. 0.
 0. 0. 0. 0. 0. 0. 0. 0. 0. 0. 0. 0. 0. 0. 0. 0. 0. 0. 0. 0. 0. 0. 0. 0.
 0. 0. 0. 0. 0. 0. 0. 0.]
y_pred:  [0. 0. 0. 0. 0. 0. 0. 0. 0. 0. 1. 1. 1. 1. 1. 1. 1. 1. 1. 1. 1. 1. 1. 1.
 1. 1. 1. 1. 1. 1. 1. 1. 1. 1. 1. 1. 1. 1. 1. 1. 0. 0. 0. 0. 0. 0. 0. 0.
 0. 0. 0. 0. 0. 0. 0. 0. 0. 0. 0. 0. 0. 0. 0. 0. 0. 0. 0. 0. 0. 0. 0. 0.
 0. 0. 0. 0. 0. 0. 0. 0. 0. 0. 0. 0. 0. 0. 0. 0. 0. 0. 0. 0. 0. 0. 0. 0.
 0. 0. 0. 0. 0. 0. 0. 0. 0. 0. 0. 0. 0. 0. 0. 0. 0. 0. 0. 0. 0. 0. 0. 0.
 0. 0. 0. 0. 0. 0. 0. 0. 0. 0. 0. 0. 0. 0. 0. 0. 0. 0. 0. 0. 0. 0. 0. 0.
 0. 0. 0. 0. 0. 0. 0. 0. 0. 0. 0. 0. 0. 0. 0. 0. 0. 0. 0. 0. 0. 0. 0. 0.
 0. 0. 0. 0. 0. 0. 0. 0. 0. 0. 0. 0. 0. 0. 0. 0. 0. 0. 0. 0. 0. 0. 0. 0.
 0. 0. 0. 0. 0. 0. 0. 0.]
Normalized importance:  [0.00179348 0.27336957 0.12826087 0.         0.11576087 0.25706522
 0.         0.14456522 0.15706522 0.15       0.6576087  0.32663043
 0.25217391 0.75543478 0.44728261 1.         0.43967391 0.8423913
 0.26576087 0.58152174 0.88586957 0.49456522 0.54891304 0.54021739
 0.53423913 0.92391304 0.49891304 0.17173913 0.50380435 0.37717391
 0.80978261 0.07554348 0.52391304 0.57065217 0.23097826 0.83695652
 0.4951087  0.37282609 0.225      0.2625     0.57608696 0.42934783
 0.16086957 0.22065217 0.41086957 0.77173913 0.03255435 0.38043478
 0.03222826 0.50597826 0.         0.25869565 0.32826087 0.
 0.         0.03103261 0.0951087  0.17608696 0.03804348 0.
 0.         0.4375     0.2875     0.15543478 0.21195652 0.05380435
 0.26032609 0.06358696 0.         0.38152174 0.07771739 0.29021739
 0.         0.         0.28586957 0.         0.225      0.46032609
 0.20652174 0.40326087 0.         0.         0.05597826 0.
 0.17391304 0.         0.         0.04423913 0.10326087 0.19130435
 0.         0.2201087  0.17826087 0.         0.12228261 0.
 0.         0.         0.         0.         0.         0.
 0.23641304 0.06793478 0.00565217 0.07826087 0.13641304 0.16793478
 0.         0.29945652 0.20597826 0.01548913 0.         0.
 0.         0.         0.         0.         0.         0.07880435
 0.28804348 0.17663043 0.15434783 0.16358696 0.15923913 0.04538043
 0.04657609 0.13695652 0.08478261 0.         0.00318478 0.33152174
 0.14891304 0.17065217 0.20978261 0.         0.         0.
 0.         0.14402174 0.49836957 0.24619565 0.32663043 0.
 0.0826087  0.32173913 0.2451087  0.         0.25978261 0.
 0.         0.         0.2        0.29184783 0.175      0.
 0.13043478 0.19619565 0.13315217 0.         0.40054348 0.13804348
 0.23913043 0.19945652 0.         0.         0.         0.
 0.         0.         0.         0.00369022 0.00535326 0.10326087
 0.19836957 0.         0.1548913  0.35543478 0.39076087 0.
 0.11086957 0.         0.10978261 0.         0.22771739 0.15815217
 0.1125     0.35434783 0.22173913 0.         0.16902174 0.07282609
 0.         0.         0.         0.11521739 0.16358696 0.18532609
 0.         0.        ]
pyseer
y_true:  [0. 0. 0. 0. 0. 0. 0. 0. 0. 0. 1. 1. 1. 1. 1. 1. 1. 1. 1. 1. 1. 1. 1. 1.
 1. 1. 1. 1. 1. 1. 0. 0. 0. 0. 0. 1. 1. 1. 1. 1. 0. 0. 0. 0. 0. 0. 0. 0.
 0. 0. 0. 0. 0. 0. 0. 0. 0. 0. 0. 0. 0. 0. 0. 0. 0. 0. 0. 0. 0. 0. 0. 0.
 0. 0. 0. 0. 0. 0. 0. 0. 0. 0. 0. 0. 0. 0. 0. 0. 0. 0. 0. 0. 0. 0. 0. 0.
 0. 0. 0. 0. 0. 0. 0. 0. 0. 0. 0. 0. 0. 0. 0. 0. 0. 0. 0. 0. 0. 0. 0. 0.
 0. 0. 0. 0. 0. 0. 0. 0. 0. 0. 0. 0. 0. 0. 0. 0. 0. 0. 0. 0. 0. 0. 0. 0.
 0. 0. 0. 0. 0. 0. 0. 0. 0. 0. 0. 0. 0. 0. 0. 0. 0. 0. 0. 0. 0. 0. 0. 0.
 0. 0. 0. 0. 0. 0. 0. 0. 0. 0. 0. 0. 0. 0. 0. 0. 0. 0. 0. 0. 0. 0. 0. 0.
 0. 0. 0. 0. 0. 0. 0. 0.]
y_pred:  [0. 1. 0. 0. 0. 1. 0. 0. 0. 0. 1. 1. 1. 1. 1. 1. 1. 1. 1. 1. 1. 1. 1. 1.
 1. 1. 1. 0. 1. 1. 1. 0. 1. 1. 1. 1. 1. 1. 1. 1. 1. 1. 0. 1. 1. 1. 0. 1.
 0. 1. 0. 1. 1. 0. 0. 0. 0. 0. 0. 0. 0. 1. 1. 0. 1. 0. 1. 0. 0. 1. 0. 1.
 0. 0. 1. 0. 1. 1. 0. 1. 0. 0. 0. 0. 0. 0. 0. 0. 0. 0. 0. 1. 0. 0. 0. 0.
 0. 0. 0. 0. 0. 0. 1. 0. 0. 0. 0. 0. 0. 1. 0. 0. 0. 0. 0. 0. 0. 0. 0. 0.
 1. 0. 0. 0. 0. 0. 0. 0. 0. 0. 0. 1. 0. 0. 1. 0. 0. 0. 0. 0. 1. 1. 1. 0.
 0. 1. 1. 0. 1. 0. 0. 0. 0. 1. 0. 0. 0. 0. 0. 0. 1. 0. 1. 0. 0. 0. 0. 0.
 0. 0. 0. 0. 0. 0. 0. 0. 0. 1. 1. 0. 0. 0. 0. 0. 1. 0. 0. 1. 1. 0. 0. 0.
 0. 0. 0. 0. 0. 0. 0. 0.]
Time taken: 23.64565348625183 seconds
Running combination 12 of 50
Fitting RandomForest...
Fitting Adaboost...
Fitting AdaBoost_2...
Fitting et...
Fitting gbc...
Fitting gbc_2...
Fitting gbc_3...
Fitting dt...
Fitting lr...
Fitting Lasso_1...
Fitting Lasso_2...
Fitting Lasso_3...
Fitting Lasso_4...
Fitting elasticnet...
VCF file created successfully.
pyseer stderr:  Read 1000 phenotypes
Detected continuous phenotype
Reading all variants

0variants [00:00, ?variants/s]
55variants [00:00, 542.78variants/s]
110variants [00:00, 478.10variants/s]
166variants [00:00, 511.30variants/s]
198variants [00:00, 515.41variants/s]
Applying correlation filtering

  0%|          | 0/198 [00:00<?, ?variants/s]
100%|██████████| 198/198 [00:00<00:00, 2565.59variants/s]
Fitting elastic net to top 148 variants
Best penalty (lambda) from cross-validation: 1.30E+01
Best R^2 from cross-validation: 0.525
Finding and printing selected variants
198 loaded variants
50 pre-filtered variants
148 tested variants
139 printed variants

True importance standardized:  [0.23338355 0.23338355 0.23338355 0.23338355 0.23338355 0.42496005
 0.42496005 0.42496005 0.42496005 0.42496005 0.6333215  0.6333215
 0.6333215  0.6333215  0.6333215  0.15658131 0.15658131 0.15658131
 0.15658131 0.15658131 0.54950203 0.54950203 0.54950203 0.54950203
 0.54950203 0.56928084 0.56928084 0.56928084 0.56928084 0.56928084
 1.         1.         1.         1.         1.         0.73356536
 0.73356536 0.73356536 0.73356536 0.73356536 0.94833885 0.94833885
 0.94833885 0.94833885 0.94833885 0.96512231 0.96512231 0.96512231
 0.96512231 0.96512231 0.         0.         0.         0.
 0.         0.         0.         0.         0.         0.
 0.         0.         0.         0.         0.         0.
 0.         0.         0.         0.         0.         0.
 0.         0.         0.         0.         0.         0.
 0.         0.         0.         0.         0.         0.
 0.         0.         0.         0.         0.         0.
 0.         0.         0.         0.         0.         0.
 0.         0.         0.         0.         0.         0.
 0.         0.         0.         0.         0.         0.
 0.         0.         0.         0.         0.         0.
 0.         0.         0.         0.         0.         0.
 0.         0.         0.         0.         0.         0.
 0.         0.         0.         0.         0.         0.
 0.         0.         0.         0.         0.         0.
 0.         0.         0.         0.         0.         0.
 0.         0.         0.         0.         0.         0.
 0.         0.         0.         0.         0.         0.
 0.         0.         0.         0.         0.         0.
 0.         0.         0.         0.         0.         0.
 0.         0.         0.         0.         0.         0.
 0.         0.         0.         0.         0.         0.
 0.         0.         0.         0.         0.         0.
 0.         0.         0.         0.         0.         0.
 0.         0.         0.         0.         0.         0.
 0.         0.        ]
Normalized importance:  [0.         0.         0.         0.         0.         0.12689185
 0.12689185 0.12689185 0.12689185 0.12689185 0.3063377  0.3063377
 0.3063377  0.3063377  0.3063377  0.         0.         0.
 0.         0.         0.34957628 0.34957628 0.34957628 0.34957628
 0.34957628 0.49007129 0.49007129 0.49007129 0.49007129 0.49007129
 1.         1.         1.         1.         1.         0.41749216
 0.41749216 0.41749216 0.41749216 0.41749216 0.93753424 0.93753424
 0.93753424 0.93753424 0.93753424 0.70549012 0.70549012 0.70549012
 0.70549012 0.70549012 0.         0.         0.         0.
 0.         0.         0.         0.         0.         0.
 0.         0.         0.         0.01336118 0.         0.
 0.         0.         0.         0.         0.03019379 0.
 0.         0.         0.         0.         0.         0.
 0.         0.         0.         0.         0.         0.
 0.         0.         0.         0.         0.         0.
 0.         0.         0.         0.         0.         0.
 0.         0.         0.         0.         0.         0.
 0.         0.         0.         0.         0.         0.
 0.         0.         0.         0.         0.         0.
 0.         0.         0.         0.         0.         0.
 0.         0.         0.         0.         0.         0.02560441
 0.         0.         0.         0.         0.         0.
 0.         0.         0.         0.         0.         0.
 0.02874945 0.         0.         0.         0.         0.
 0.         0.         0.         0.         0.         0.
 0.         0.         0.         0.         0.         0.
 0.01714109 0.         0.0591232  0.         0.         0.
 0.         0.         0.         0.         0.         0.
 0.         0.         0.         0.         0.         0.
 0.         0.         0.         0.         0.         0.01459882
 0.         0.         0.         0.         0.         0.
 0.         0.         0.         0.         0.         0.
 0.         0.         0.         0.         0.         0.
 0.         0.        ]
deepbreaks
y_true:  [0. 0. 0. 0. 0. 0. 0. 0. 0. 0. 1. 1. 1. 1. 1. 0. 0. 0. 0. 0. 0. 0. 0. 0.
 0. 0. 0. 0. 0. 0. 1. 1. 1. 1. 1. 1. 1. 1. 1. 1. 1. 1. 1. 1. 1. 1. 1. 1.
 1. 1. 0. 0. 0. 0. 0. 0. 0. 0. 0. 0. 0. 0. 0. 0. 0. 0. 0. 0. 0. 0. 0. 0.
 0. 0. 0. 0. 0. 0. 0. 0. 0. 0. 0. 0. 0. 0. 0. 0. 0. 0. 0. 0. 0. 0. 0. 0.
 0. 0. 0. 0. 0. 0. 0. 0. 0. 0. 0. 0. 0. 0. 0. 0. 0. 0. 0. 0. 0. 0. 0. 0.
 0. 0. 0. 0. 0. 0. 0. 0. 0. 0. 0. 0. 0. 0. 0. 0. 0. 0. 0. 0. 0. 0. 0. 0.
 0. 0. 0. 0. 0. 0. 0. 0. 0. 0. 0. 0. 0. 0. 0. 0. 0. 0. 0. 0. 0. 0. 0. 0.
 0. 0. 0. 0. 0. 0. 0. 0. 0. 0. 0. 0. 0. 0. 0. 0. 0. 0. 0. 0. 0. 0. 0. 0.
 0. 0. 0. 0. 0. 0. 0. 0.]
y_pred:  [0. 0. 0. 0. 0. 0. 0. 0. 0. 0. 0. 0. 0. 0. 0. 0. 0. 0. 0. 0. 0. 0. 0. 0.
 0. 1. 1. 1. 1. 1. 1. 1. 1. 1. 1. 1. 1. 1. 1. 1. 1. 1. 1. 1. 1. 1. 1. 1.
 1. 1. 0. 0. 0. 0. 0. 0. 0. 0. 0. 0. 0. 0. 0. 0. 0. 0. 0. 0. 0. 0. 0. 0.
 0. 0. 0. 0. 0. 0. 0. 0. 0. 0. 0. 0. 0. 0. 0. 0. 0. 0. 0. 0. 0. 0. 0. 0.
 0. 0. 0. 0. 0. 0. 0. 0. 0. 0. 0. 0. 0. 0. 0. 0. 0. 0. 0. 0. 0. 0. 0. 0.
 0. 0. 0. 0. 0. 0. 0. 0. 0. 0. 0. 0. 0. 0. 0. 0. 0. 0. 0. 0. 0. 0. 0. 0.
 0. 0. 0. 0. 0. 0. 0. 0. 0. 0. 0. 0. 0. 0. 0. 0. 0. 0. 0. 0. 0. 0. 0. 0.
 0. 0. 0. 0. 0. 0. 0. 0. 0. 0. 0. 0. 0. 0. 0. 0. 0. 0. 0. 0. 0. 0. 0. 0.
 0. 0. 0. 0. 0. 0. 0. 0.]
Normalized importance:  [0.10585859 0.03353535 0.1589899  0.15171717 0.         0.41616162
 0.         0.34545455 0.26262626 0.4040404  0.62424242 0.64040404
 0.06646465 0.44444444 0.23838384 0.0779798  0.         0.11838384
 0.10242424 0.06424242 0.46868687 0.36969697 0.37979798 0.24646465
 0.25050505 0.65656566 0.45454545 0.45050505 0.33333333 0.18262626
 1.         0.45656566 0.64848485 0.32929293 0.5979798  0.76363636
 0.50505051 0.43434343 0.27676768 0.06262626 0.9979798  0.28080808
 0.6020202  0.41414141 0.44646465 0.81818182 0.4969697  0.55555556
 0.43434343 0.22626263 0.23434343 0.         0.13535354 0.
 0.19010101 0.17616162 0.14848485 0.         0.         0.16565657
 0.07272727 0.         0.07434343 0.23232323 0.         0.26464646
 0.03676768 0.         0.06161616 0.         0.30909091 0.00126667
 0.06888889 0.         0.         0.13515152 0.18040404 0.03373737
 0.1440404  0.18707071 0.24040404 0.30909091 0.         0.03656566
 0.         0.         0.         0.03313131 0.11272727 0.
 0.10242424 0.         0.04747475 0.2020202  0.15212121 0.19656566
 0.         0.20808081 0.01822222 0.         0.1420202  0.
 0.07555556 0.12606061 0.         0.16060606 0.         0.10424242
 0.         0.13575758 0.11151515 0.03858586 0.         0.
 0.0049899  0.         0.12848485 0.         0.         0.08181818
 0.03939394 0.         0.         0.01078788 0.         0.17414141
 0.03131313 0.07252525 0.         0.         0.01507071 0.05030303
 0.04666667 0.13757576 0.         0.27878788 0.10363636 0.
 0.40606061 0.         0.         0.         0.         0.16888889
 0.27272727 0.20161616 0.03111111 0.         0.         0.
 0.06888889 0.         0.01088889 0.09717172 0.00890909 0.20808081
 0.30707071 0.16646465 0.37575758 0.00676768 0.         0.
 0.         0.         0.0769697  0.16141414 0.19393939 0.17474747
 0.0420202  0.07454545 0.         0.08949495 0.11333333 0.12989899
 0.10343434 0.         0.00571717 0.         0.06       0.35353535
 0.         0.         0.1020202  0.06323232 0.         0.02808081
 0.25454545 0.         0.09676768 0.11555556 0.         0.1169697
 0.22020202 0.18525253 0.         0.04080808 0.01660606 0.
 0.         0.        ]
pyseer
y_true:  [0. 0. 0. 0. 0. 0. 0. 0. 0. 0. 1. 1. 1. 1. 1. 0. 0. 0. 0. 0. 0. 0. 0. 0.
 0. 0. 0. 0. 0. 0. 1. 1. 1. 1. 1. 1. 1. 1. 1. 1. 1. 1. 1. 1. 1. 1. 1. 1.
 1. 1. 0. 0. 0. 0. 0. 0. 0. 0. 0. 0. 0. 0. 0. 0. 0. 0. 0. 0. 0. 0. 0. 0.
 0. 0. 0. 0. 0. 0. 0. 0. 0. 0. 0. 0. 0. 0. 0. 0. 0. 0. 0. 0. 0. 0. 0. 0.
 0. 0. 0. 0. 0. 0. 0. 0. 0. 0. 0. 0. 0. 0. 0. 0. 0. 0. 0. 0. 0. 0. 0. 0.
 0. 0. 0. 0. 0. 0. 0. 0. 0. 0. 0. 0. 0. 0. 0. 0. 0. 0. 0. 0. 0. 0. 0. 0.
 0. 0. 0. 0. 0. 0. 0. 0. 0. 0. 0. 0. 0. 0. 0. 0. 0. 0. 0. 0. 0. 0. 0. 0.
 0. 0. 0. 0. 0. 0. 0. 0. 0. 0. 0. 0. 0. 0. 0. 0. 0. 0. 0. 0. 0. 0. 0. 0.
 0. 0. 0. 0. 0. 0. 0. 0.]
y_pred:  [0. 0. 1. 0. 0. 1. 0. 1. 1. 1. 1. 1. 0. 1. 1. 0. 0. 0. 0. 0. 1. 1. 1. 1.
 1. 1. 1. 1. 1. 1. 1. 1. 1. 1. 1. 1. 1. 1. 1. 0. 1. 1. 1. 1. 1. 1. 1. 1.
 1. 1. 1. 0. 0. 0. 1. 1. 0. 0. 0. 1. 0. 0. 0. 1. 0. 1. 0. 0. 0. 0. 1. 0.
 0. 0. 0. 0. 1. 0. 0. 1. 1. 1. 0. 0. 0. 0. 0. 0. 0. 0. 0. 0. 0. 1. 0. 1.
 0. 1. 0. 0. 0. 0. 0. 0. 0. 1. 0. 0. 0. 0. 0. 0. 0. 0. 0. 0. 0. 0. 0. 0.
 0. 0. 0. 0. 0. 1. 0. 0. 0. 0. 0. 0. 0. 0. 0. 1. 0. 0. 1. 0. 0. 0. 0. 1.
 1. 1. 0. 0. 0. 0. 0. 0. 0. 0. 0. 1. 1. 1. 1. 0. 0. 0. 0. 0. 0. 1. 1. 1.
 0. 0. 0. 0. 0. 0. 0. 0. 0. 0. 0. 1. 0. 0. 0. 0. 0. 0. 1. 0. 0. 0. 0. 0.
 1. 1. 0. 0. 0. 0. 0. 0.]
Time taken: 24.691298007965088 seconds
Running combination 13 of 50
Fitting RandomForest...
Fitting Adaboost...
Fitting AdaBoost_2...
Fitting et...
Fitting gbc...
Fitting gbc_2...
Fitting gbc_3...
Fitting dt...
Fitting lr...
Fitting Lasso_1...
Fitting Lasso_2...
Fitting Lasso_3...
Fitting Lasso_4...
Fitting elasticnet...
VCF file created successfully.
pyseer stderr:  Read 1000 phenotypes
Detected continuous phenotype
Reading all variants

0variants [00:00, ?variants/s]
53variants [00:00, 527.45variants/s]
106variants [00:00, 466.16variants/s]
159variants [00:00, 493.13variants/s]
198variants [00:00, 500.29variants/s]
Applying correlation filtering

  0%|          | 0/198 [00:00<?, ?variants/s]
100%|██████████| 198/198 [00:00<00:00, 2745.19variants/s]
Fitting elastic net to top 148 variants
Best penalty (lambda) from cross-validation: 2.42E+01
Best R^2 from cross-validation: 0.480
Finding and printing selected variants
198 loaded variants
50 pre-filtered variants
148 tested variants
141 printed variants

True importance standardized:  [0.42380893 0.42380893 0.42380893 0.42380893 0.42380893 0.11855221
 0.11855221 0.11855221 0.11855221 0.11855221 0.55582724 0.55582724
 0.55582724 0.55582724 0.55582724 0.74216792 0.74216792 0.74216792
 0.74216792 0.74216792 0.66902306 0.66902306 0.66902306 0.66902306
 0.66902306 0.65832029 0.65832029 0.65832029 0.65832029 0.65832029
 0.35608023 0.35608023 0.35608023 0.35608023 0.35608023 0.62700441
 0.62700441 0.62700441 0.62700441 0.62700441 1.         1.
 1.         1.         1.         0.56773277 0.56773277 0.56773277
 0.56773277 0.56773277 0.         0.         0.         0.
 0.         0.         0.         0.         0.         0.
 0.         0.         0.         0.         0.         0.
 0.         0.         0.         0.         0.         0.
 0.         0.         0.         0.         0.         0.
 0.         0.         0.         0.         0.         0.
 0.         0.         0.         0.         0.         0.
 0.         0.         0.         0.         0.         0.
 0.         0.         0.         0.         0.         0.
 0.         0.         0.         0.         0.         0.
 0.         0.         0.         0.         0.         0.
 0.         0.         0.         0.         0.         0.
 0.         0.         0.         0.         0.         0.
 0.         0.         0.         0.         0.         0.
 0.         0.         0.         0.         0.         0.
 0.         0.         0.         0.         0.         0.
 0.         0.         0.         0.         0.         0.
 0.         0.         0.         0.         0.         0.
 0.         0.         0.         0.         0.         0.
 0.         0.         0.         0.         0.         0.
 0.         0.         0.         0.         0.         0.
 0.         0.         0.         0.         0.         0.
 0.         0.         0.         0.         0.         0.
 0.         0.         0.         0.         0.         0.
 0.         0.         0.         0.         0.         0.
 0.         0.        ]
Normalized importance:  [0.21913868 0.21913868 0.21913868 0.21913868 0.21913868 0.
 0.         0.         0.         0.         0.23330042 0.23330042
 0.23330042 0.23330042 0.23330042 0.88458961 0.88458961 0.88458961
 0.88458961 0.88458961 0.64429693 0.64429693 0.64429693 0.64429693
 0.64429693 0.71286283 0.71286283 0.71286283 0.71286283 0.71286283
 0.10691549 0.10691549 0.10691549 0.10691549 0.10691549 0.26827973
 0.26827973 0.26827973 0.26827973 0.26827973 1.         1.
 1.         1.         1.         0.42619326 0.42619326 0.42619326
 0.42619326 0.42619326 0.         0.         0.         0.
 0.         0.         0.         0.         0.         0.
 0.         0.         0.04101398 0.03310709 0.         0.
 0.         0.         0.         0.         0.         0.
 0.         0.         0.         0.         0.         0.04339734
 0.         0.         0.03368672 0.         0.         0.
 0.         0.         0.         0.         0.         0.
 0.         0.         0.         0.         0.         0.
 0.         0.         0.         0.         0.         0.
 0.         0.         0.         0.         0.         0.
 0.         0.         0.         0.         0.         0.
 0.         0.         0.         0.         0.         0.
 0.         0.         0.         0.         0.         0.
 0.         0.         0.         0.         0.         0.
 0.         0.         0.         0.         0.         0.
 0.         0.         0.         0.         0.         0.00594307
 0.         0.         0.         0.         0.         0.02959767
 0.         0.         0.         0.         0.         0.
 0.         0.         0.         0.         0.         0.
 0.         0.         0.         0.         0.         0.
 0.         0.         0.         0.         0.         0.
 0.         0.         0.         0.         0.         0.
 0.         0.         0.         0.         0.02403283 0.
 0.         0.         0.         0.         0.         0.
 0.         0.         0.         0.         0.         0.
 0.         0.        ]
deepbreaks
y_true:  [0. 0. 0. 0. 0. 0. 0. 0. 0. 0. 0. 0. 0. 0. 0. 1. 1. 1. 1. 1. 1. 1. 1. 1.
 1. 1. 1. 1. 1. 1. 0. 0. 0. 0. 0. 1. 1. 1. 1. 1. 1. 1. 1. 1. 1. 0. 0. 0.
 0. 0. 0. 0. 0. 0. 0. 0. 0. 0. 0. 0. 0. 0. 0. 0. 0. 0. 0. 0. 0. 0. 0. 0.
 0. 0. 0. 0. 0. 0. 0. 0. 0. 0. 0. 0. 0. 0. 0. 0. 0. 0. 0. 0. 0. 0. 0. 0.
 0. 0. 0. 0. 0. 0. 0. 0. 0. 0. 0. 0. 0. 0. 0. 0. 0. 0. 0. 0. 0. 0. 0. 0.
 0. 0. 0. 0. 0. 0. 0. 0. 0. 0. 0. 0. 0. 0. 0. 0. 0. 0. 0. 0. 0. 0. 0. 0.
 0. 0. 0. 0. 0. 0. 0. 0. 0. 0. 0. 0. 0. 0. 0. 0. 0. 0. 0. 0. 0. 0. 0. 0.
 0. 0. 0. 0. 0. 0. 0. 0. 0. 0. 0. 0. 0. 0. 0. 0. 0. 0. 0. 0. 0. 0. 0. 0.
 0. 0. 0. 0. 0. 0. 0. 0.]
y_pred:  [0. 0. 0. 0. 0. 0. 0. 0. 0. 0. 0. 0. 0. 0. 0. 1. 1. 1. 1. 1. 1. 1. 1. 1.
 1. 1. 1. 1. 1. 1. 0. 0. 0. 0. 0. 1. 1. 1. 1. 1. 1. 1. 1. 1. 1. 1. 1. 1.
 1. 1. 0. 0. 0. 0. 0. 0. 0. 0. 0. 0. 0. 0. 0. 0. 0. 0. 0. 0. 0. 0. 0. 0.
 0. 0. 0. 0. 0. 0. 0. 0. 0. 0. 0. 0. 0. 0. 0. 0. 0. 0. 0. 0. 0. 0. 0. 0.
 0. 0. 0. 0. 0. 0. 0. 0. 0. 0. 0. 0. 0. 0. 0. 0. 0. 0. 0. 0. 0. 0. 0. 0.
 0. 0. 0. 0. 0. 0. 0. 0. 0. 0. 0. 0. 0. 0. 0. 0. 0. 0. 0. 0. 0. 0. 0. 0.
 0. 0. 0. 0. 0. 0. 0. 0. 0. 0. 0. 0. 0. 0. 0. 0. 0. 0. 0. 0. 0. 0. 0. 0.
 0. 0. 0. 0. 0. 0. 0. 0. 0. 0. 0. 0. 0. 0. 0. 0. 0. 0. 0. 0. 0. 0. 0. 0.
 0. 0. 0. 0. 0. 0. 0. 0.]
Normalized importance:  [0.46969697 0.37373737 0.39520202 0.1040404  0.12878788 0.36237374
 0.         0.         0.19191919 0.04065657 0.48989899 0.28535354
 0.42045455 0.22853535 0.29166667 0.66666667 0.42676768 0.43055556
 0.54040404 0.35227273 0.78282828 0.18181818 0.46464646 0.56944444
 0.32954545 0.71338384 0.27020202 0.36616162 0.28282828 0.50631313
 0.39520202 0.16666667 0.26262626 0.34090909 0.33838384 0.31565657
 0.37626263 0.51893939 0.20833333 0.39646465 1.         0.39267677
 0.67045455 0.60227273 0.40530303 0.57323232 0.47222222 0.10997475
 0.45075758 0.3459596  0.         0.         0.         0.13257576
 0.20454545 0.         0.         0.17045455 0.10214646 0.04646465
 0.         0.02878788 0.26893939 0.22979798 0.         0.02752525
 0.         0.06994949 0.         0.         0.15909091 0.
 0.06957071 0.24747475 0.         0.26010101 0.01388889 0.31060606
 0.07752525 0.         0.41414141 0.15909091 0.0055303  0.24747475
 0.17550505 0.01755051 0.         0.19444444 0.18055556 0.
 0.13005051 0.09558081 0.09621212 0.         0.05239899 0.03358586
 0.         0.23611111 0.         0.00856061 0.         0.01181818
 0.01843434 0.02929293 0.         0.07790404 0.10063131 0.
 0.         0.12449495 0.24494949 0.16035354 0.         0.17424242
 0.13383838 0.15151515 0.05555556 0.10176768 0.         0.0844697
 0.23611111 0.12878788 0.01502525 0.24621212 0.         0.2260101
 0.         0.27272727 0.         0.         0.         0.10631313
 0.07487374 0.22222222 0.10517677 0.         0.00556818 0.14393939
 0.17676768 0.09103535 0.07361111 0.06527778 0.18308081 0.01893939
 0.13636364 0.09267677 0.         0.03434343 0.         0.17171717
 0.13762626 0.         0.08712121 0.01439394 0.         0.07260101
 0.0770202  0.         0.18560606 0.23232323 0.         0.
 0.09217172 0.         0.         0.         0.05972222 0.07184343
 0.         0.02727273 0.17929293 0.         0.1540404  0.03434343
 0.         0.         0.10037879 0.         0.03156566 0.08674242
 0.         0.         0.         0.01982323 0.38005051 0.02613636
 0.         0.         0.05707071 0.         0.21717172 0.12007576
 0.11691919 0.         0.         0.17550505 0.         0.
 0.         0.        ]
pyseer
y_true:  [0. 0. 0. 0. 0. 0. 0. 0. 0. 0. 0. 0. 0. 0. 0. 1. 1. 1. 1. 1. 1. 1. 1. 1.
 1. 1. 1. 1. 1. 1. 0. 0. 0. 0. 0. 1. 1. 1. 1. 1. 1. 1. 1. 1. 1. 0. 0. 0.
 0. 0. 0. 0. 0. 0. 0. 0. 0. 0. 0. 0. 0. 0. 0. 0. 0. 0. 0. 0. 0. 0. 0. 0.
 0. 0. 0. 0. 0. 0. 0. 0. 0. 0. 0. 0. 0. 0. 0. 0. 0. 0. 0. 0. 0. 0. 0. 0.
 0. 0. 0. 0. 0. 0. 0. 0. 0. 0. 0. 0. 0. 0. 0. 0. 0. 0. 0. 0. 0. 0. 0. 0.
 0. 0. 0. 0. 0. 0. 0. 0. 0. 0. 0. 0. 0. 0. 0. 0. 0. 0. 0. 0. 0. 0. 0. 0.
 0. 0. 0. 0. 0. 0. 0. 0. 0. 0. 0. 0. 0. 0. 0. 0. 0. 0. 0. 0. 0. 0. 0. 0.
 0. 0. 0. 0. 0. 0. 0. 0. 0. 0. 0. 0. 0. 0. 0. 0. 0. 0. 0. 0. 0. 0. 0. 0.
 0. 0. 0. 0. 0. 0. 0. 0.]
y_pred:  [1. 1. 1. 0. 0. 1. 0. 0. 1. 0. 1. 1. 1. 1. 1. 1. 1. 1. 1. 1. 1. 1. 1. 1.
 1. 1. 1. 1. 1. 1. 1. 0. 1. 1. 1. 1. 1. 1. 1. 1. 1. 1. 1. 1. 1. 1. 1. 0.
 1. 1. 0. 0. 0. 0. 1. 0. 0. 0. 0. 0. 0. 0. 1. 1. 0. 0. 0. 0. 0. 0. 0. 0.
 0. 1. 0. 1. 0. 1. 0. 0. 1. 0. 0. 1. 1. 0. 0. 1. 1. 0. 0. 0. 0. 0. 0. 0.
 0. 1. 0. 0. 0. 0. 0. 0. 0. 0. 0. 0. 0. 0. 1. 0. 0. 1. 0. 0. 0. 0. 0. 0.
 1. 0. 0. 1. 0. 1. 0. 1. 0. 0. 0. 0. 0. 1. 0. 0. 0. 0. 1. 0. 0. 0. 1. 0.
 0. 0. 0. 0. 0. 1. 0. 0. 0. 0. 0. 0. 0. 0. 1. 1. 0. 0. 0. 0. 0. 0. 0. 0.
 0. 0. 1. 0. 0. 0. 0. 0. 0. 0. 0. 0. 0. 0. 0. 0. 1. 0. 0. 0. 0. 0. 1. 0.
 0. 0. 0. 1. 0. 0. 0. 0.]
Time taken: 23.176870346069336 seconds
Running combination 14 of 50
Fitting RandomForest...
Fitting Adaboost...
Fitting AdaBoost_2...
Fitting et...
Fitting gbc...
Fitting gbc_2...
Fitting gbc_3...
Fitting dt...
Fitting lr...
Fitting Lasso_1...
Fitting Lasso_2...
Fitting Lasso_3...
Fitting Lasso_4...
Fitting elasticnet...
VCF file created successfully.
pyseer stderr:  Read 1000 phenotypes
Detected continuous phenotype
Reading all variants

0variants [00:00, ?variants/s]
54variants [00:00, 534.76variants/s]
108variants [00:00, 468.00variants/s]
163variants [00:00, 499.45variants/s]
198variants [00:00, 505.11variants/s]
Applying correlation filtering

  0%|          | 0/198 [00:00<?, ?variants/s]
100%|██████████| 198/198 [00:00<00:00, 2647.02variants/s]
Fitting elastic net to top 148 variants
Best penalty (lambda) from cross-validation: 3.03E+01
Best R^2 from cross-validation: 0.512
Finding and printing selected variants
198 loaded variants
50 pre-filtered variants
148 tested variants
142 printed variants

True importance standardized:  [0.61904498 0.61904498 0.61904498 0.61904498 0.61904498 0.45817683
 0.45817683 0.45817683 0.45817683 0.45817683 0.73740936 0.73740936
 0.73740936 0.73740936 0.73740936 1.         1.         1.
 1.         1.         0.79476802 0.79476802 0.79476802 0.79476802
 0.79476802 0.74989593 0.74989593 0.74989593 0.74989593 0.74989593
 0.85777656 0.85777656 0.85777656 0.85777656 0.85777656 0.60762778
 0.60762778 0.60762778 0.60762778 0.60762778 0.17674008 0.17674008
 0.17674008 0.17674008 0.17674008 0.25132238 0.25132238 0.25132238
 0.25132238 0.25132238 0.         0.         0.         0.
 0.         0.         0.         0.         0.         0.
 0.         0.         0.         0.         0.         0.
 0.         0.         0.         0.         0.         0.
 0.         0.         0.         0.         0.         0.
 0.         0.         0.         0.         0.         0.
 0.         0.         0.         0.         0.         0.
 0.         0.         0.         0.         0.         0.
 0.         0.         0.         0.         0.         0.
 0.         0.         0.         0.         0.         0.
 0.         0.         0.         0.         0.         0.
 0.         0.         0.         0.         0.         0.
 0.         0.         0.         0.         0.         0.
 0.         0.         0.         0.         0.         0.
 0.         0.         0.         0.         0.         0.
 0.         0.         0.         0.         0.         0.
 0.         0.         0.         0.         0.         0.
 0.         0.         0.         0.         0.         0.
 0.         0.         0.         0.         0.         0.
 0.         0.         0.         0.         0.         0.
 0.         0.         0.         0.         0.         0.
 0.         0.         0.         0.         0.         0.
 0.         0.         0.         0.         0.         0.
 0.         0.         0.         0.         0.         0.
 0.         0.         0.         0.         0.         0.
 0.         0.        ]
Normalized importance:  [0.49865166 0.49865166 0.49865166 0.49865166 0.49865166 0.39982366
 0.39982366 0.39982366 0.39982366 0.39982366 0.33211846 0.33211846
 0.33211846 0.33211846 0.33211846 1.         1.         1.
 1.         1.         0.96853702 0.96853702 0.96853702 0.96853702
 0.96853702 0.7142376  0.7142376  0.7142376  0.7142376  0.7142376
 0.9646597  0.9646597  0.9646597  0.9646597  0.9646597  0.60750177
 0.60750177 0.60750177 0.60750177 0.60750177 0.         0.
 0.         0.         0.         0.         0.         0.
 0.09957511 0.         0.         0.02348969 0.         0.
 0.         0.         0.         0.         0.         0.
 0.         0.         0.         0.         0.02940875 0.
 0.         0.         0.         0.         0.         0.
 0.         0.         0.         0.02241519 0.         0.
 0.         0.         0.         0.         0.         0.01010455
 0.         0.         0.         0.         0.03671964 0.
 0.         0.         0.         0.         0.         0.00922552
 0.         0.         0.         0.         0.         0.
 0.         0.         0.         0.         0.         0.
 0.         0.         0.         0.         0.         0.
 0.         0.         0.         0.         0.0543542  0.
 0.         0.         0.         0.         0.         0.
 0.         0.         0.         0.03617944 0.         0.
 0.         0.         0.         0.         0.04239375 0.
 0.         0.         0.         0.         0.         0.03081625
 0.         0.         0.         0.         0.02094218 0.
 0.         0.         0.         0.         0.         0.
 0.03970284 0.02233306 0.         0.         0.         0.
 0.         0.         0.         0.03405969 0.         0.10787562
 0.         0.03567911 0.         0.         0.         0.
 0.         0.         0.         0.         0.         0.
 0.         0.03643794 0.         0.         0.         0.
 0.         0.         0.         0.         0.         0.
 0.         0.02737109 0.         0.         0.         0.
 0.         0.        ]
deepbreaks
y_true:  [0. 0. 0. 0. 0. 0. 0. 0. 0. 0. 1. 1. 1. 1. 1. 1. 1. 1. 1. 1. 1. 1. 1. 1.
 1. 1. 1. 1. 1. 1. 1. 1. 1. 1. 1. 0. 0. 0. 0. 0. 0. 0. 0. 0. 0. 0. 0. 0.
 0. 0. 0. 0. 0. 0. 0. 0. 0. 0. 0. 0. 0. 0. 0. 0. 0. 0. 0. 0. 0. 0. 0. 0.
 0. 0. 0. 0. 0. 0. 0. 0. 0. 0. 0. 0. 0. 0. 0. 0. 0. 0. 0. 0. 0. 0. 0. 0.
 0. 0. 0. 0. 0. 0. 0. 0. 0. 0. 0. 0. 0. 0. 0. 0. 0. 0. 0. 0. 0. 0. 0. 0.
 0. 0. 0. 0. 0. 0. 0. 0. 0. 0. 0. 0. 0. 0. 0. 0. 0. 0. 0. 0. 0. 0. 0. 0.
 0. 0. 0. 0. 0. 0. 0. 0. 0. 0. 0. 0. 0. 0. 0. 0. 0. 0. 0. 0. 0. 0. 0. 0.
 0. 0. 0. 0. 0. 0. 0. 0. 0. 0. 0. 0. 0. 0. 0. 0. 0. 0. 0. 0. 0. 0. 0. 0.
 0. 0. 0. 0. 0. 0. 0. 0.]
y_pred:  [1. 1. 1. 1. 1. 0. 0. 0. 0. 0. 0. 0. 0. 0. 0. 1. 1. 1. 1. 1. 1. 1. 1. 1.
 1. 1. 1. 1. 1. 1. 1. 1. 1. 1. 1. 1. 1. 1. 1. 1. 0. 0. 0. 0. 0. 0. 0. 0.
 0. 0. 0. 0. 0. 0. 0. 0. 0. 0. 0. 0. 0. 0. 0. 0. 0. 0. 0. 0. 0. 0. 0. 0.
 0. 0. 0. 0. 0. 0. 0. 0. 0. 0. 0. 0. 0. 0. 0. 0. 0. 0. 0. 0. 0. 0. 0. 0.
 0. 0. 0. 0. 0. 0. 0. 0. 0. 0. 0. 0. 0. 0. 0. 0. 0. 0. 0. 0. 0. 0. 0. 0.
 0. 0. 0. 0. 0. 0. 0. 0. 0. 0. 0. 0. 0. 0. 0. 0. 0. 0. 0. 0. 0. 0. 0. 0.
 0. 0. 0. 0. 0. 0. 0. 0. 0. 0. 0. 0. 0. 0. 0. 0. 0. 0. 0. 0. 0. 0. 0. 0.
 0. 0. 0. 0. 0. 0. 0. 0. 0. 0. 0. 0. 0. 0. 0. 0. 0. 0. 0. 0. 0. 0. 0. 0.
 0. 0. 0. 0. 0. 0. 0. 0.]
Normalized importance:  [0.68181818 0.31714876 0.32954545 0.48553719 0.32541322 0.42458678
 0.2892562  0.28409091 0.20971074 0.46384298 0.74586777 0.44731405
 0.22623967 0.32231405 0.12809917 1.         0.62396694 0.40392562
 0.54338843 0.67458678 0.77272727 0.51756198 0.51136364 0.24586777
 0.48966942 0.8357438  0.39049587 0.39256198 0.45764463 0.55785124
 0.97004132 0.58987603 0.22727273 0.34504132 0.49896694 0.5268595
 0.375      0.52169421 0.43801653 0.37293388 0.04762397 0.21384298
 0.         0.07004132 0.25413223 0.13119835 0.0015186  0.26136364
 0.57541322 0.         0.         0.10847107 0.21280992 0.08636364
 0.         0.00547521 0.15702479 0.24173554 0.         0.
 0.         0.         0.20971074 0.08780992 0.2303719  0.
 0.06136364 0.08150826 0.08202479 0.06177686 0.14979339 0.10640496
 0.00892562 0.09907025 0.01332645 0.28512397 0.         0.15599174
 0.         0.0338843  0.         0.14049587 0.         0.16115702
 0.         0.16942149 0.09845041 0.         0.22727273 0.07644628
 0.00274793 0.13429752 0.         0.         0.18698347 0.07179752
 0.06033058 0.         0.19628099 0.08243802 0.07283058 0.03904959
 0.         0.08285124 0.27376033 0.         0.         0.06993802
 0.         0.         0.         0.         0.         0.03078512
 0.14979339 0.         0.         0.         0.1642562  0.
 0.08987603 0.         0.07097107 0.         0.         0.04225207
 0.         0.11983471 0.         0.2892562  0.03326446 0.07004132
 0.         0.11260331 0.25309917 0.         0.22417355 0.08636364
 0.04059917 0.         0.         0.2696281  0.         0.11673554
 0.         0.         0.1446281  0.08450413 0.14979339 0.
 0.18698347 0.         0.         0.10330579 0.07448347 0.10847107
 0.4142562  0.11880165 0.02128099 0.         0.05816116 0.05867769
 0.0267562  0.         0.0536157  0.32128099 0.         0.44421488
 0.28409091 0.22107438 0.02809917 0.08904959 0.1714876  0.2035124
 0.         0.         0.1642562  0.10433884 0.08440083 0.1446281
 0.03202479 0.4607438  0.18181818 0.         0.14359504 0.
 0.         0.2231405  0.02820248 0.         0.05816116 0.00524793
 0.         0.28305785 0.         0.13739669 0.21384298 0.30681818
 0.         0.        ]
pyseer
y_true:  [0. 0. 0. 0. 0. 0. 0. 0. 0. 0. 1. 1. 1. 1. 1. 1. 1. 1. 1. 1. 1. 1. 1. 1.
 1. 1. 1. 1. 1. 1. 1. 1. 1. 1. 1. 0. 0. 0. 0. 0. 0. 0. 0. 0. 0. 0. 0. 0.
 0. 0. 0. 0. 0. 0. 0. 0. 0. 0. 0. 0. 0. 0. 0. 0. 0. 0. 0. 0. 0. 0. 0. 0.
 0. 0. 0. 0. 0. 0. 0. 0. 0. 0. 0. 0. 0. 0. 0. 0. 0. 0. 0. 0. 0. 0. 0. 0.
 0. 0. 0. 0. 0. 0. 0. 0. 0. 0. 0. 0. 0. 0. 0. 0. 0. 0. 0. 0. 0. 0. 0. 0.
 0. 0. 0. 0. 0. 0. 0. 0. 0. 0. 0. 0. 0. 0. 0. 0. 0. 0. 0. 0. 0. 0. 0. 0.
 0. 0. 0. 0. 0. 0. 0. 0. 0. 0. 0. 0. 0. 0. 0. 0. 0. 0. 0. 0. 0. 0. 0. 0.
 0. 0. 0. 0. 0. 0. 0. 0. 0. 0. 0. 0. 0. 0. 0. 0. 0. 0. 0. 0. 0. 0. 0. 0.
 0. 0. 0. 0. 0. 0. 0. 0.]
y_pred:  [1. 1. 1. 1. 1. 1. 1. 1. 1. 1. 1. 1. 1. 1. 0. 1. 1. 1. 1. 1. 1. 1. 1. 1.
 1. 1. 1. 1. 1. 1. 1. 1. 1. 1. 1. 1. 1. 1. 1. 1. 0. 1. 0. 0. 1. 0. 0. 1.
 1. 0. 0. 0. 1. 0. 0. 0. 0. 1. 0. 0. 0. 0. 1. 0. 1. 0. 0. 0. 0. 0. 0. 0.
 0. 0. 0. 1. 0. 0. 0. 0. 0. 0. 0. 0. 0. 1. 0. 0. 1. 0. 0. 0. 0. 0. 1. 0.
 0. 0. 1. 0. 0. 0. 0. 0. 1. 0. 0. 0. 0. 0. 0. 0. 0. 0. 0. 0. 0. 0. 0. 0.
 0. 0. 0. 0. 0. 0. 0. 0. 0. 1. 0. 0. 0. 0. 1. 0. 1. 0. 0. 0. 0. 1. 0. 0.
 0. 0. 0. 0. 0. 0. 1. 0. 0. 0. 0. 0. 1. 0. 0. 0. 0. 0. 0. 0. 0. 1. 0. 1.
 1. 1. 0. 0. 1. 1. 0. 0. 0. 0. 0. 0. 0. 1. 1. 0. 0. 0. 0. 1. 0. 0. 0. 0.
 0. 1. 0. 0. 1. 1. 0. 0.]
Time taken: 24.133333206176758 seconds
Running combination 15 of 50
Fitting RandomForest...
Fitting Adaboost...
Fitting AdaBoost_2...
Fitting et...
Fitting gbc...
Fitting gbc_2...
Fitting gbc_3...
Fitting dt...
Fitting lr...
Fitting Lasso_1...
Fitting Lasso_2...
Fitting Lasso_3...
Fitting Lasso_4...
Fitting elasticnet...
VCF file created successfully.
pyseer stderr:  Read 1000 phenotypes
Detected continuous phenotype
Reading all variants

0variants [00:00, ?variants/s]
51variants [00:00, 500.90variants/s]
102variants [00:00, 439.00variants/s]
157variants [00:00, 483.85variants/s]
198variants [00:00, 489.39variants/s]
Applying correlation filtering

  0%|          | 0/198 [00:00<?, ?variants/s]
100%|██████████| 198/198 [00:00<00:00, 2689.31variants/s]
Fitting elastic net to top 148 variants
Best penalty (lambda) from cross-validation: 2.86E+01
Best R^2 from cross-validation: 0.448
Finding and printing selected variants
198 loaded variants
50 pre-filtered variants
148 tested variants
135 printed variants

True importance standardized:  [1.         1.         1.         1.         1.         0.12191715
 0.12191715 0.12191715 0.12191715 0.12191715 0.31039704 0.31039704
 0.31039704 0.31039704 0.31039704 0.19890358 0.19890358 0.19890358
 0.19890358 0.19890358 0.47490479 0.47490479 0.47490479 0.47490479
 0.47490479 0.80561526 0.80561526 0.80561526 0.80561526 0.80561526
 0.79354374 0.79354374 0.79354374 0.79354374 0.79354374 0.71611337
 0.71611337 0.71611337 0.71611337 0.71611337 0.92915378 0.92915378
 0.92915378 0.92915378 0.92915378 0.55029461 0.55029461 0.55029461
 0.55029461 0.55029461 0.         0.         0.         0.
 0.         0.         0.         0.         0.         0.
 0.         0.         0.         0.         0.         0.
 0.         0.         0.         0.         0.         0.
 0.         0.         0.         0.         0.         0.
 0.         0.         0.         0.         0.         0.
 0.         0.         0.         0.         0.         0.
 0.         0.         0.         0.         0.         0.
 0.         0.         0.         0.         0.         0.
 0.         0.         0.         0.         0.         0.
 0.         0.         0.         0.         0.         0.
 0.         0.         0.         0.         0.         0.
 0.         0.         0.         0.         0.         0.
 0.         0.         0.         0.         0.         0.
 0.         0.         0.         0.         0.         0.
 0.         0.         0.         0.         0.         0.
 0.         0.         0.         0.         0.         0.
 0.         0.         0.         0.         0.         0.
 0.         0.         0.         0.         0.         0.
 0.         0.         0.         0.         0.         0.
 0.         0.         0.         0.         0.         0.
 0.         0.         0.         0.         0.         0.
 0.         0.         0.         0.         0.         0.
 0.         0.         0.         0.         0.         0.
 0.         0.         0.         0.         0.         0.
 0.         0.        ]
Normalized importance:  [0.92737356 0.92737356 0.92737356 0.92737356 0.92737356 0.
 0.         0.         0.         0.         0.17557847 0.17557847
 0.17557847 0.17557847 0.17557847 0.02349754 0.         0.
 0.         0.         0.17080839 0.17080839 0.17080839 0.17080839
 0.17080839 0.97381876 0.97381876 0.97381876 0.97381876 0.97381876
 0.64785014 0.64785014 0.64785014 0.64785014 0.64785014 0.53025818
 0.53025818 0.53025818 0.53025818 0.53025818 1.         1.
 1.         1.         1.         0.53328248 0.53328248 0.53328248
 0.53328248 0.53328248 0.         0.         0.         0.
 0.         0.         0.         0.         0.         0.
 0.         0.         0.         0.         0.         0.
 0.         0.         0.         0.         0.         0.
 0.         0.         0.         0.         0.         0.
 0.         0.         0.         0.         0.         0.
 0.         0.         0.         0.         0.         0.
 0.         0.         0.         0.         0.         0.
 0.         0.         0.         0.         0.         0.
 0.         0.         0.         0.         0.         0.
 0.         0.01272928 0.         0.         0.         0.
 0.         0.         0.         0.         0.         0.
 0.04768023 0.         0.         0.         0.         0.
 0.         0.         0.         0.         0.         0.
 0.         0.         0.         0.         0.         0.
 0.         0.         0.         0.         0.         0.
 0.         0.         0.         0.         0.         0.
 0.         0.         0.         0.         0.         0.
 0.         0.         0.03122424 0.         0.         0.
 0.         0.         0.         0.         0.         0.
 0.         0.         0.         0.         0.         0.
 0.         0.         0.         0.         0.         0.
 0.         0.         0.         0.         0.         0.
 0.         0.         0.         0.         0.         0.
 0.01786933 0.01851043 0.         0.         0.         0.
 0.         0.        ]
deepbreaks
y_true:  [1. 1. 1. 1. 1. 0. 0. 0. 0. 0. 0. 0. 0. 0. 0. 0. 0. 0. 0. 0. 0. 0. 0. 0.
 0. 1. 1. 1. 1. 1. 1. 1. 1. 1. 1. 1. 1. 1. 1. 1. 1. 1. 1. 1. 1. 0. 0. 0.
 0. 0. 0. 0. 0. 0. 0. 0. 0. 0. 0. 0. 0. 0. 0. 0. 0. 0. 0. 0. 0. 0. 0. 0.
 0. 0. 0. 0. 0. 0. 0. 0. 0. 0. 0. 0. 0. 0. 0. 0. 0. 0. 0. 0. 0. 0. 0. 0.
 0. 0. 0. 0. 0. 0. 0. 0. 0. 0. 0. 0. 0. 0. 0. 0. 0. 0. 0. 0. 0. 0. 0. 0.
 0. 0. 0. 0. 0. 0. 0. 0. 0. 0. 0. 0. 0. 0. 0. 0. 0. 0. 0. 0. 0. 0. 0. 0.
 0. 0. 0. 0. 0. 0. 0. 0. 0. 0. 0. 0. 0. 0. 0. 0. 0. 0. 0. 0. 0. 0. 0. 0.
 0. 0. 0. 0. 0. 0. 0. 0. 0. 0. 0. 0. 0. 0. 0. 0. 0. 0. 0. 0. 0. 0. 0. 0.
 0. 0. 0. 0. 0. 0. 0. 0.]
y_pred:  [1. 1. 1. 1. 1. 0. 0. 0. 0. 0. 0. 0. 0. 0. 0. 0. 0. 0. 0. 0. 0. 0. 0. 0.
 0. 1. 1. 1. 1. 1. 1. 1. 1. 1. 1. 0. 0. 0. 0. 0. 1. 1. 1. 1. 1. 1. 1. 1.
 1. 1. 0. 0. 0. 0. 0. 0. 0. 0. 0. 0. 0. 0. 0. 0. 0. 0. 0. 0. 0. 0. 0. 0.
 0. 0. 0. 0. 0. 0. 0. 0. 0. 0. 0. 0. 0. 0. 0. 0. 0. 0. 0. 0. 0. 0. 0. 0.
 0. 0. 0. 0. 0. 0. 0. 0. 0. 0. 0. 0. 0. 0. 0. 0. 0. 0. 0. 0. 0. 0. 0. 0.
 0. 0. 0. 0. 0. 0. 0. 0. 0. 0. 0. 0. 0. 0. 0. 0. 0. 0. 0. 0. 0. 0. 0. 0.
 0. 0. 0. 0. 0. 0. 0. 0. 0. 0. 0. 0. 0. 0. 0. 0. 0. 0. 0. 0. 0. 0. 0. 0.
 0. 0. 0. 0. 0. 0. 0. 0. 0. 0. 0. 0. 0. 0. 0. 0. 0. 0. 0. 0. 0. 0. 0. 0.
 0. 0. 0. 0. 0. 0. 0. 0.]
Normalized importance:  [1.         0.32616487 0.6260454  0.58781362 0.52688172 0.07287933
 0.         0.         0.02031063 0.05352449 0.40860215 0.36320191
 0.26523297 0.390681   0.01624851 0.11385902 0.         0.00428913
 0.14695341 0.32377539 0.39784946 0.16845878 0.31660693 0.25806452
 0.21744325 0.93428913 0.71565114 0.39187575 0.17562724 0.5818399
 0.84468339 0.45758662 0.56152927 0.24133811 0.520908   0.87933094
 0.21385902 0.47311828 0.27956989 0.46953405 0.9390681  0.56391876
 0.4432497  0.54958184 0.5125448  0.78136201 0.42891278 0.53524492
 0.0474313  0.22939068 0.18040621 0.27120669 0.12066906 0.
 0.18876941 0.13620072 0.         0.06188769 0.         0.21505376
 0.         0.         0.         0.         0.         0.1744325
 0.24253286 0.         0.00983274 0.         0.19593787 0.23058542
 0.12903226 0.16726404 0.         0.         0.         0.10454002
 0.         0.         0.08172043 0.08112306 0.29868578 0.
 0.18757467 0.         0.         0.         0.03500597 0.
 0.12425329 0.05101553 0.         0.         0.2353644  0.
 0.15053763 0.22102748 0.12544803 0.26284349 0.43130227 0.15292712
 0.         0.27718041 0.         0.15890084 0.00444444 0.
 0.         0.16367981 0.24014337 0.         0.39307049 0.
 0.05340502 0.         0.         0.         0.09761051 0.
 0.38590203 0.02759857 0.33333333 0.16487455 0.34528076 0.1827957
 0.07156511 0.14336918 0.17204301 0.17921147 0.15770609 0.
 0.00565114 0.07240143 0.09605735 0.15292712 0.1995221  0.22102748
 0.         0.         0.12903226 0.35961768 0.         0.
 0.         0.04563919 0.09976105 0.         0.         0.
 0.09928315 0.         0.21624851 0.         0.21266428 0.
 0.01385902 0.         0.28076464 0.01600956 0.         0.
 0.30943847 0.         0.         0.20430108 0.12664277 0.
 0.         0.         0.01947431 0.2962963  0.12544803 0.05663082
 0.16367981 0.         0.25925926 0.17323775 0.         0.12903226
 0.05758662 0.         0.17323775 0.         0.12664277 0.08016726
 0.         0.21266428 0.         0.28315412 0.260454   0.04659498
 0.28912784 0.26642772 0.17801673 0.06284349 0.         0.0869773
 0.         0.        ]
pyseer
y_true:  [1. 1. 1. 1. 1. 0. 0. 0. 0. 0. 0. 0. 0. 0. 0. 0. 0. 0. 0. 0. 0. 0. 0. 0.
 0. 1. 1. 1. 1. 1. 1. 1. 1. 1. 1. 1. 1. 1. 1. 1. 1. 1. 1. 1. 1. 0. 0. 0.
 0. 0. 0. 0. 0. 0. 0. 0. 0. 0. 0. 0. 0. 0. 0. 0. 0. 0. 0. 0. 0. 0. 0. 0.
 0. 0. 0. 0. 0. 0. 0. 0. 0. 0. 0. 0. 0. 0. 0. 0. 0. 0. 0. 0. 0. 0. 0. 0.
 0. 0. 0. 0. 0. 0. 0. 0. 0. 0. 0. 0. 0. 0. 0. 0. 0. 0. 0. 0. 0. 0. 0. 0.
 0. 0. 0. 0. 0. 0. 0. 0. 0. 0. 0. 0. 0. 0. 0. 0. 0. 0. 0. 0. 0. 0. 0. 0.
 0. 0. 0. 0. 0. 0. 0. 0. 0. 0. 0. 0. 0. 0. 0. 0. 0. 0. 0. 0. 0. 0. 0. 0.
 0. 0. 0. 0. 0. 0. 0. 0. 0. 0. 0. 0. 0. 0. 0. 0. 0. 0. 0. 0. 0. 0. 0. 0.
 0. 0. 0. 0. 0. 0. 0. 0.]
y_pred:  [1. 1. 1. 1. 1. 0. 0. 0. 0. 0. 1. 1. 1. 1. 0. 0. 0. 0. 0. 1. 1. 0. 1. 1.
 1. 1. 1. 1. 0. 1. 1. 1. 1. 1. 1. 1. 1. 1. 1. 1. 1. 1. 1. 1. 1. 1. 1. 1.
 0. 1. 0. 1. 0. 0. 0. 0. 0. 0. 0. 1. 0. 0. 0. 0. 0. 0. 1. 0. 0. 0. 1. 1.
 0. 0. 0. 0. 0. 0. 0. 0. 0. 0. 1. 0. 0. 0. 0. 0. 0. 0. 0. 0. 0. 0. 1. 0.
 0. 1. 0. 1. 1. 0. 0. 1. 0. 0. 0. 0. 0. 0. 1. 0. 1. 0. 0. 0. 0. 0. 0. 0.
 1. 0. 1. 0. 1. 0. 0. 0. 0. 0. 0. 0. 0. 0. 0. 0. 1. 1. 0. 0. 0. 1. 0. 0.
 0. 0. 0. 0. 0. 0. 0. 0. 1. 0. 1. 0. 0. 0. 1. 0. 0. 0. 1. 0. 0. 1. 0. 0.
 0. 0. 0. 1. 0. 0. 0. 0. 1. 0. 0. 0. 0. 0. 0. 0. 0. 0. 0. 1. 0. 1. 1. 0.
 1. 1. 0. 0. 0. 0. 0. 0.]
Time taken: 24.49309492111206 seconds
Running combination 16 of 50
Fitting RandomForest...
Fitting Adaboost...
Fitting AdaBoost_2...
Fitting et...
Fitting gbc...
Fitting gbc_2...
Fitting gbc_3...
Fitting dt...
Fitting lr...
Fitting Lasso_1...
Fitting Lasso_2...
Fitting Lasso_3...
Fitting Lasso_4...
Fitting elasticnet...
VCF file created successfully.
pyseer stderr:  Read 1000 phenotypes
Detected continuous phenotype
Reading all variants

0variants [00:00, ?variants/s]
54variants [00:00, 538.39variants/s]
108variants [00:00, 477.79variants/s]
165variants [00:00, 513.62variants/s]
198variants [00:00, 517.11variants/s]
Applying correlation filtering

  0%|          | 0/198 [00:00<?, ?variants/s]
100%|██████████| 198/198 [00:00<00:00, 2644.23variants/s]
Fitting elastic net to top 148 variants
Best penalty (lambda) from cross-validation: 1.46E+01
Best R^2 from cross-validation: 0.492
Finding and printing selected variants
198 loaded variants
50 pre-filtered variants
148 tested variants
138 printed variants

True importance standardized:  [0.56557446 0.56557446 0.56557446 0.56557446 0.56557446 0.18550003
 0.18550003 0.18550003 0.18550003 0.18550003 0.60103522 0.60103522
 0.60103522 0.60103522 0.60103522 0.78144877 0.78144877 0.78144877
 0.78144877 0.78144877 0.26936806 0.26936806 0.26936806 0.26936806
 0.26936806 0.12813299 0.12813299 0.12813299 0.12813299 0.12813299
 0.29432539 0.29432539 0.29432539 0.29432539 0.29432539 0.43694578
 0.43694578 0.43694578 0.43694578 0.43694578 0.93362044 0.93362044
 0.93362044 0.93362044 0.93362044 1.         1.         1.
 1.         1.         0.         0.         0.         0.
 0.         0.         0.         0.         0.         0.
 0.         0.         0.         0.         0.         0.
 0.         0.         0.         0.         0.         0.
 0.         0.         0.         0.         0.         0.
 0.         0.         0.         0.         0.         0.
 0.         0.         0.         0.         0.         0.
 0.         0.         0.         0.         0.         0.
 0.         0.         0.         0.         0.         0.
 0.         0.         0.         0.         0.         0.
 0.         0.         0.         0.         0.         0.
 0.         0.         0.         0.         0.         0.
 0.         0.         0.         0.         0.         0.
 0.         0.         0.         0.         0.         0.
 0.         0.         0.         0.         0.         0.
 0.         0.         0.         0.         0.         0.
 0.         0.         0.         0.         0.         0.
 0.         0.         0.         0.         0.         0.
 0.         0.         0.         0.         0.         0.
 0.         0.         0.         0.         0.         0.
 0.         0.         0.         0.         0.         0.
 0.         0.         0.         0.         0.         0.
 0.         0.         0.         0.         0.         0.
 0.         0.         0.         0.         0.         0.
 0.         0.         0.         0.         0.         0.
 0.         0.        ]
Normalized importance:  [0.30899301 0.30899301 0.30899301 0.30899301 0.30899301 0.
 0.         0.         0.         0.         0.19620899 0.19620899
 0.19620899 0.19620899 0.19620899 0.61041327 0.61041327 0.61041327
 0.61041327 0.61041327 0.11648587 0.11648587 0.11648587 0.11648587
 0.11648587 0.         0.         0.         0.         0.
 0.06037202 0.         0.06037202 0.06037202 0.         0.31232324
 0.31232324 0.31232324 0.31232324 0.31232324 0.77545105 0.77545105
 0.77545105 0.77545105 0.77545105 1.         1.         1.
 1.         1.         0.02441167 0.         0.         0.
 0.         0.         0.         0.         0.         0.
 0.         0.         0.         0.         0.         0.
 0.         0.         0.         0.         0.         0.
 0.         0.         0.         0.         0.         0.03020281
 0.         0.         0.         0.         0.         0.
 0.         0.         0.         0.0192252  0.         0.
 0.         0.         0.         0.         0.         0.
 0.         0.         0.         0.         0.         0.0238091
 0.         0.         0.         0.         0.         0.
 0.         0.         0.         0.         0.         0.
 0.         0.         0.         0.         0.         0.
 0.         0.0367526  0.         0.         0.         0.
 0.         0.         0.         0.         0.         0.
 0.         0.         0.         0.         0.         0.
 0.         0.         0.         0.         0.         0.
 0.         0.         0.         0.         0.         0.10707092
 0.         0.         0.         0.         0.05455661 0.
 0.         0.         0.         0.         0.         0.
 0.         0.         0.02781284 0.         0.         0.
 0.         0.         0.         0.         0.         0.
 0.         0.         0.         0.         0.         0.
 0.         0.         0.         0.         0.         0.
 0.         0.05600298 0.         0.         0.         0.
 0.         0.         0.         0.         0.         0.
 0.         0.        ]
deepbreaks
y_true:  [1. 1. 1. 1. 1. 0. 0. 0. 0. 0. 1. 1. 1. 1. 1. 1. 1. 1. 1. 1. 0. 0. 0. 0.
 0. 0. 0. 0. 0. 0. 0. 0. 0. 0. 0. 0. 0. 0. 0. 0. 1. 1. 1. 1. 1. 1. 1. 1.
 1. 1. 0. 0. 0. 0. 0. 0. 0. 0. 0. 0. 0. 0. 0. 0. 0. 0. 0. 0. 0. 0. 0. 0.
 0. 0. 0. 0. 0. 0. 0. 0. 0. 0. 0. 0. 0. 0. 0. 0. 0. 0. 0. 0. 0. 0. 0. 0.
 0. 0. 0. 0. 0. 0. 0. 0. 0. 0. 0. 0. 0. 0. 0. 0. 0. 0. 0. 0. 0. 0. 0. 0.
 0. 0. 0. 0. 0. 0. 0. 0. 0. 0. 0. 0. 0. 0. 0. 0. 0. 0. 0. 0. 0. 0. 0. 0.
 0. 0. 0. 0. 0. 0. 0. 0. 0. 0. 0. 0. 0. 0. 0. 0. 0. 0. 0. 0. 0. 0. 0. 0.
 0. 0. 0. 0. 0. 0. 0. 0. 0. 0. 0. 0. 0. 0. 0. 0. 0. 0. 0. 0. 0. 0. 0. 0.
 0. 0. 0. 0. 0. 0. 0. 0.]
y_pred:  [1. 1. 1. 1. 1. 0. 0. 0. 0. 0. 0. 0. 0. 0. 0. 1. 1. 1. 1. 1. 0. 0. 0. 0.
 0. 0. 0. 0. 0. 0. 0. 0. 0. 0. 0. 1. 1. 1. 1. 1. 1. 1. 1. 1. 1. 1. 1. 1.
 1. 1. 0. 0. 0. 0. 0. 0. 0. 0. 0. 0. 0. 0. 0. 0. 0. 0. 0. 0. 0. 0. 0. 0.
 0. 0. 0. 0. 0. 0. 0. 0. 0. 0. 0. 0. 0. 0. 0. 0. 0. 0. 0. 0. 0. 0. 0. 0.
 0. 0. 0. 0. 0. 0. 0. 0. 0. 0. 0. 0. 0. 0. 0. 0. 0. 0. 0. 0. 0. 0. 0. 0.
 0. 0. 0. 0. 0. 0. 0. 0. 0. 0. 0. 0. 0. 0. 0. 0. 0. 0. 0. 0. 0. 0. 0. 0.
 0. 0. 0. 0. 0. 0. 0. 0. 0. 0. 0. 0. 0. 0. 0. 0. 0. 0. 0. 0. 0. 0. 0. 0.
 0. 0. 0. 0. 0. 0. 0. 0. 0. 0. 0. 0. 0. 0. 0. 0. 0. 0. 0. 0. 0. 0. 0. 0.
 0. 0. 0. 0. 0. 0. 0. 0.]
Normalized importance:  [0.60377358 0.34528302 0.43207547 0.16622642 0.25660377 0.04849057
 0.03660377 0.28867925 0.12622642 0.06150943 0.53207547 0.26792453
 0.15641509 0.51698113 0.         0.78301887 0.33962264 0.41132075
 0.46037736 0.41132075 0.24716981 0.0554717  0.12264151 0.15528302
 0.42264151 0.05830189 0.         0.17886792 0.14320755 0.20754717
 0.20188679 0.07301887 0.24150943 0.20566038 0.26037736 0.54339623
 0.18018868 0.27169811 0.28113208 0.31320755 0.93207547 0.48867925
 0.36226415 0.61132075 0.27169811 1.         0.51509434 0.50943396
 0.73962264 0.46037736 0.24150943 0.         0.13490566 0.08264151
 0.         0.00341509 0.         0.00198113 0.03377358 0.
 0.22264151 0.         0.07433962 0.         0.03264151 0.14490566
 0.11584906 0.22641509 0.03867925 0.09924528 0.00592453 0.08924528
 0.09943396 0.21320755 0.12283019 0.02849057 0.0345283  0.21132075
 0.20943396 0.         0.         0.28490566 0.05849057 0.12018868
 0.         0.         0.00903774 0.04037736 0.         0.13886792
 0.         0.13113208 0.08075472 0.01056604 0.11226415 0.04981132
 0.10924528 0.28301887 0.         0.         0.         0.36415094
 0.11698113 0.15301887 0.         0.09622642 0.04792453 0.
 0.08603774 0.         0.         0.         0.04169811 0.17264151
 0.10867925 0.01658491 0.         0.         0.         0.
 0.12056604 0.26792453 0.06943396 0.         0.15132075 0.10584906
 0.         0.         0.         0.         0.         0.
 0.         0.11679245 0.         0.03283019 0.         0.28113208
 0.01745283 0.07377358 0.         0.08679245 0.         0.10641509
 0.         0.         0.         0.         0.25849057 0.38490566
 0.00458491 0.19433962 0.04415094 0.06490566 0.17188679 0.06358491
 0.         0.         0.         0.         0.         0.
 0.12490566 0.16471698 0.18339623 0.18603774 0.         0.15037736
 0.01196226 0.12301887 0.         0.02037736 0.         0.05226415
 0.02358491 0.00138868 0.02566038 0.04754717 0.         0.
 0.1        0.         0.         0.         0.06679245 0.
 0.01483019 0.2509434  0.06679245 0.23962264 0.03113208 0.
 0.07226415 0.17037736 0.17433962 0.0254717  0.         0.
 0.         0.        ]
pyseer
y_true:  [1. 1. 1. 1. 1. 0. 0. 0. 0. 0. 1. 1. 1. 1. 1. 1. 1. 1. 1. 1. 0. 0. 0. 0.
 0. 0. 0. 0. 0. 0. 0. 0. 0. 0. 0. 0. 0. 0. 0. 0. 1. 1. 1. 1. 1. 1. 1. 1.
 1. 1. 0. 0. 0. 0. 0. 0. 0. 0. 0. 0. 0. 0. 0. 0. 0. 0. 0. 0. 0. 0. 0. 0.
 0. 0. 0. 0. 0. 0. 0. 0. 0. 0. 0. 0. 0. 0. 0. 0. 0. 0. 0. 0. 0. 0. 0. 0.
 0. 0. 0. 0. 0. 0. 0. 0. 0. 0. 0. 0. 0. 0. 0. 0. 0. 0. 0. 0. 0. 0. 0. 0.
 0. 0. 0. 0. 0. 0. 0. 0. 0. 0. 0. 0. 0. 0. 0. 0. 0. 0. 0. 0. 0. 0. 0. 0.
 0. 0. 0. 0. 0. 0. 0. 0. 0. 0. 0. 0. 0. 0. 0. 0. 0. 0. 0. 0. 0. 0. 0. 0.
 0. 0. 0. 0. 0. 0. 0. 0. 0. 0. 0. 0. 0. 0. 0. 0. 0. 0. 0. 0. 0. 0. 0. 0.
 0. 0. 0. 0. 0. 0. 0. 0.]
y_pred:  [1. 1. 1. 1. 1. 0. 0. 1. 0. 0. 1. 1. 1. 1. 0. 1. 1. 1. 1. 1. 1. 0. 0. 1.
 1. 0. 0. 1. 1. 1. 1. 0. 1. 1. 1. 1. 1. 1. 1. 1. 1. 1. 1. 1. 1. 1. 1. 1.
 1. 1. 1. 0. 1. 0. 0. 0. 0. 0. 0. 0. 1. 0. 0. 0. 0. 1. 0. 1. 0. 0. 0. 0.
 0. 1. 0. 0. 0. 1. 1. 0. 0. 1. 0. 0. 0. 0. 0. 0. 0. 1. 0. 0. 0. 0. 0. 0.
 0. 1. 0. 0. 0. 1. 0. 1. 0. 0. 0. 0. 0. 0. 0. 0. 0. 1. 0. 0. 0. 0. 0. 0.
 0. 1. 0. 0. 1. 0. 0. 0. 0. 0. 0. 0. 0. 0. 0. 0. 0. 1. 0. 0. 0. 0. 0. 0.
 0. 0. 0. 0. 1. 1. 0. 1. 0. 0. 1. 0. 0. 0. 0. 0. 0. 0. 0. 1. 1. 1. 0. 1.
 0. 0. 0. 0. 0. 0. 0. 0. 0. 0. 0. 0. 0. 0. 0. 0. 0. 0. 0. 1. 0. 1. 0. 0.
 0. 1. 1. 0. 0. 0. 0. 0.]
Time taken: 22.813661575317383 seconds
Running combination 17 of 50
Fitting RandomForest...
Fitting Adaboost...
Fitting AdaBoost_2...
Fitting et...
Fitting gbc...
Fitting gbc_2...
Fitting gbc_3...
Fitting dt...
Fitting lr...
Fitting Lasso_1...
Fitting Lasso_2...
Fitting Lasso_3...
Fitting Lasso_4...
Fitting elasticnet...
VCF file created successfully.
pyseer stderr:  Read 1000 phenotypes
Detected continuous phenotype
Reading all variants

0variants [00:00, ?variants/s]
54variants [00:00, 538.35variants/s]
108variants [00:00, 478.53variants/s]
164variants [00:00, 512.13variants/s]
198variants [00:00, 516.78variants/s]
Applying correlation filtering

  0%|          | 0/198 [00:00<?, ?variants/s]
100%|██████████| 198/198 [00:00<00:00, 2641.54variants/s]
Fitting elastic net to top 148 variants
Best penalty (lambda) from cross-validation: 1.49E+01
Best R^2 from cross-validation: 0.395
Finding and printing selected variants
198 loaded variants
50 pre-filtered variants
148 tested variants
138 printed variants

True importance standardized:  [0.74497771 0.74497771 0.74497771 0.74497771 0.74497771 0.14839019
 0.14839019 0.14839019 0.14839019 0.14839019 1.         1.
 1.         1.         1.         0.85632568 0.85632568 0.85632568
 0.85632568 0.85632568 0.88000088 0.88000088 0.88000088 0.88000088
 0.88000088 0.89150874 0.89150874 0.89150874 0.89150874 0.89150874
 0.71403865 0.71403865 0.71403865 0.71403865 0.71403865 0.50164471
 0.50164471 0.50164471 0.50164471 0.50164471 0.3435871  0.3435871
 0.3435871  0.3435871  0.3435871  0.23053076 0.23053076 0.23053076
 0.23053076 0.23053076 0.         0.         0.         0.
 0.         0.         0.         0.         0.         0.
 0.         0.         0.         0.         0.         0.
 0.         0.         0.         0.         0.         0.
 0.         0.         0.         0.         0.         0.
 0.         0.         0.         0.         0.         0.
 0.         0.         0.         0.         0.         0.
 0.         0.         0.         0.         0.         0.
 0.         0.         0.         0.         0.         0.
 0.         0.         0.         0.         0.         0.
 0.         0.         0.         0.         0.         0.
 0.         0.         0.         0.         0.         0.
 0.         0.         0.         0.         0.         0.
 0.         0.         0.         0.         0.         0.
 0.         0.         0.         0.         0.         0.
 0.         0.         0.         0.         0.         0.
 0.         0.         0.         0.         0.         0.
 0.         0.         0.         0.         0.         0.
 0.         0.         0.         0.         0.         0.
 0.         0.         0.         0.         0.         0.
 0.         0.         0.         0.         0.         0.
 0.         0.         0.         0.         0.         0.
 0.         0.         0.         0.         0.         0.
 0.         0.         0.         0.         0.         0.
 0.         0.         0.         0.         0.         0.
 0.         0.        ]
Normalized importance:  [0.44373395 0.44373395 0.44373395 0.44373395 0.44373395 0.
 0.         0.         0.         0.         1.         1.
 1.         1.         1.         0.90470903 0.90470903 0.90470903
 0.90470903 0.90470903 0.67413282 0.67413282 0.67413282 0.67413282
 0.67413282 0.86228748 0.86228748 0.86228748 0.86228748 0.86228748
 0.69141254 0.69141254 0.69141254 0.69141254 0.69141254 0.18548338
 0.18548338 0.18548338 0.18548338 0.18548338 0.12477203 0.12477203
 0.12477203 0.12477203 0.12477203 0.         0.05787827 0.
 0.         0.         0.         0.         0.         0.03191636
 0.         0.         0.         0.         0.         0.
 0.         0.         0.         0.         0.         0.
 0.         0.         0.         0.         0.         0.
 0.         0.         0.         0.         0.         0.
 0.         0.         0.         0.         0.         0.
 0.         0.         0.         0.         0.         0.
 0.05625133 0.         0.         0.         0.         0.
 0.         0.         0.         0.         0.         0.
 0.         0.         0.         0.         0.         0.
 0.         0.07177579 0.         0.         0.         0.03590848
 0.         0.         0.         0.         0.         0.
 0.         0.         0.         0.         0.         0.
 0.         0.         0.         0.         0.         0.
 0.         0.         0.         0.         0.         0.
 0.01433585 0.         0.         0.         0.         0.
 0.         0.         0.         0.         0.         0.
 0.         0.         0.         0.         0.         0.03589317
 0.         0.         0.         0.         0.         0.
 0.         0.         0.         0.         0.         0.
 0.         0.         0.         0.         0.         0.
 0.03498101 0.         0.         0.         0.         0.
 0.         0.         0.         0.         0.         0.
 0.         0.         0.         0.05160474 0.         0.
 0.         0.         0.         0.         0.         0.
 0.         0.        ]
deepbreaks
y_true:  [1. 1. 1. 1. 1. 0. 0. 0. 0. 0. 1. 1. 1. 1. 1. 1. 1. 1. 1. 1. 1. 1. 1. 1.
 1. 1. 1. 1. 1. 1. 0. 0. 0. 0. 0. 0. 0. 0. 0. 0. 0. 0. 0. 0. 0. 0. 0. 0.
 0. 0. 0. 0. 0. 0. 0. 0. 0. 0. 0. 0. 0. 0. 0. 0. 0. 0. 0. 0. 0. 0. 0. 0.
 0. 0. 0. 0. 0. 0. 0. 0. 0. 0. 0. 0. 0. 0. 0. 0. 0. 0. 0. 0. 0. 0. 0. 0.
 0. 0. 0. 0. 0. 0. 0. 0. 0. 0. 0. 0. 0. 0. 0. 0. 0. 0. 0. 0. 0. 0. 0. 0.
 0. 0. 0. 0. 0. 0. 0. 0. 0. 0. 0. 0. 0. 0. 0. 0. 0. 0. 0. 0. 0. 0. 0. 0.
 0. 0. 0. 0. 0. 0. 0. 0. 0. 0. 0. 0. 0. 0. 0. 0. 0. 0. 0. 0. 0. 0. 0. 0.
 0. 0. 0. 0. 0. 0. 0. 0. 0. 0. 0. 0. 0. 0. 0. 0. 0. 0. 0. 0. 0. 0. 0. 0.
 0. 0. 0. 0. 0. 0. 0. 0.]
y_pred:  [0. 0. 0. 0. 0. 0. 0. 0. 0. 0. 1. 1. 1. 1. 1. 1. 1. 1. 1. 1. 1. 1. 1. 1.
 1. 1. 1. 1. 1. 1. 1. 1. 1. 1. 1. 0. 0. 0. 0. 0. 0. 0. 0. 0. 0. 0. 0. 0.
 0. 0. 0. 0. 0. 0. 0. 0. 0. 0. 0. 0. 0. 0. 0. 0. 0. 0. 0. 0. 0. 0. 0. 0.
 0. 0. 0. 0. 0. 0. 0. 0. 0. 0. 0. 0. 0. 0. 0. 0. 0. 0. 0. 0. 0. 0. 0. 0.
 0. 0. 0. 0. 0. 0. 0. 0. 0. 0. 0. 0. 0. 0. 0. 0. 0. 0. 0. 0. 0. 0. 0. 0.
 0. 0. 0. 0. 0. 0. 0. 0. 0. 0. 0. 0. 0. 0. 0. 0. 0. 0. 0. 0. 0. 0. 0. 0.
 0. 0. 0. 0. 0. 0. 0. 0. 0. 0. 0. 0. 0. 0. 0. 0. 0. 0. 0. 0. 0. 0. 0. 0.
 0. 0. 0. 0. 0. 0. 0. 0. 0. 0. 0. 0. 0. 0. 0. 0. 0. 0. 0. 0. 0. 0. 0. 0.
 0. 0. 0. 0. 0. 0. 0. 0.]
Normalized importance:  [0.86349206 0.41587302 0.46349206 0.2647619  0.15587302 0.06253968
 0.         0.02031746 0.         0.         1.         0.63809524
 0.54920635 0.55555556 0.68888889 0.99047619 0.37142857 0.50793651
 0.66349206 0.59365079 0.94603175 0.57142857 0.56507937 0.7015873
 0.46666667 0.86984127 0.48888889 0.60634921 0.43809524 0.52698413
 0.90793651 0.51746032 0.4984127  0.52698413 0.34603175 0.68253968
 0.31142857 0.23587302 0.05301587 0.16730159 0.51428571 0.27714286
 0.20031746 0.5015873  0.08126984 0.09396825 0.09936508 0.00993651
 0.10222222 0.13301587 0.17650794 0.11619048 0.         0.00460317
 0.         0.13365079 0.20984127 0.         0.34920635 0.
 0.02831746 0.14698413 0.13365079 0.         0.         0.29777778
 0.23428571 0.04793651 0.08       0.2584127  0.15142857 0.
 0.         0.         0.         0.37142857 0.         0.2415873
 0.         0.         0.10825397 0.         0.19269841 0.
 0.         0.29809524 0.13936508 0.         0.         0.13809524
 0.09079365 0.33650794 0.26571429 0.10063492 0.05301587 0.
 0.11809524 0.         0.         0.55555556 0.35555556 0.20380952
 0.11238095 0.30507937 0.03142857 0.31174603 0.         0.2447619
 0.00233333 0.06126984 0.         0.15746032 0.         0.2031746
 0.08095238 0.19777778 0.23206349 0.12888889 0.00365079 0.
 0.         0.35873016 0.11174603 0.21269841 0.38412698 0.29555556
 0.12730159 0.12190476 0.         0.30349206 0.         0.
 0.         0.         0.12539683 0.31650794 0.12       0.
 0.12349206 0.16666667 0.31746032 0.         0.06253968 0.
 0.         0.04253968 0.         0.         0.36825397 0.08857143
 0.35555556 0.         0.07047619 0.10634921 0.33333333 0.31650794
 0.         0.         0.06825397 0.31746032 0.         0.
 0.         0.         0.11301587 0.1968254  0.0352381  0.13587302
 0.         0.08380952 0.         0.07492063 0.         0.20730159
 0.09714286 0.28793651 0.         0.         0.22666667 0.08031746
 0.0831746  0.12380952 0.33968254 0.         0.         0.14698413
 0.47936508 0.0047619  0.25238095 0.31269841 0.         0.
 0.31047619 0.         0.32698413 0.         0.         0.
 0.         0.        ]
pyseer
y_true:  [1. 1. 1. 1. 1. 0. 0. 0. 0. 0. 1. 1. 1. 1. 1. 1. 1. 1. 1. 1. 1. 1. 1. 1.
 1. 1. 1. 1. 1. 1. 0. 0. 0. 0. 0. 0. 0. 0. 0. 0. 0. 0. 0. 0. 0. 0. 0. 0.
 0. 0. 0. 0. 0. 0. 0. 0. 0. 0. 0. 0. 0. 0. 0. 0. 0. 0. 0. 0. 0. 0. 0. 0.
 0. 0. 0. 0. 0. 0. 0. 0. 0. 0. 0. 0. 0. 0. 0. 0. 0. 0. 0. 0. 0. 0. 0. 0.
 0. 0. 0. 0. 0. 0. 0. 0. 0. 0. 0. 0. 0. 0. 0. 0. 0. 0. 0. 0. 0. 0. 0. 0.
 0. 0. 0. 0. 0. 0. 0. 0. 0. 0. 0. 0. 0. 0. 0. 0. 0. 0. 0. 0. 0. 0. 0. 0.
 0. 0. 0. 0. 0. 0. 0. 0. 0. 0. 0. 0. 0. 0. 0. 0. 0. 0. 0. 0. 0. 0. 0. 0.
 0. 0. 0. 0. 0. 0. 0. 0. 0. 0. 0. 0. 0. 0. 0. 0. 0. 0. 0. 0. 0. 0. 0. 0.
 0. 0. 0. 0. 0. 0. 0. 0.]
y_pred:  [1. 1. 1. 1. 0. 0. 0. 0. 0. 0. 1. 1. 1. 1. 1. 1. 1. 1. 1. 1. 1. 1. 1. 1.
 1. 1. 1. 1. 1. 1. 1. 1. 1. 1. 1. 1. 1. 1. 0. 0. 1. 1. 0. 1. 0. 0. 0. 0.
 0. 0. 0. 0. 0. 0. 0. 0. 0. 0. 1. 0. 0. 0. 0. 0. 0. 1. 1. 0. 0. 1. 0. 0.
 0. 0. 0. 1. 0. 1. 0. 0. 0. 0. 0. 0. 0. 1. 0. 0. 0. 0. 0. 1. 1. 0. 0. 0.
 0. 0. 0. 1. 1. 0. 0. 1. 0. 1. 0. 1. 0. 0. 0. 0. 0. 0. 0. 0. 1. 0. 0. 0.
 0. 1. 0. 0. 1. 1. 0. 0. 0. 1. 0. 0. 0. 0. 0. 1. 0. 0. 0. 0. 1. 0. 0. 0.
 0. 0. 0. 0. 1. 0. 1. 0. 0. 0. 1. 1. 0. 0. 0. 1. 0. 0. 0. 0. 0. 0. 0. 0.
 0. 0. 0. 0. 0. 0. 0. 1. 0. 0. 1. 0. 0. 0. 1. 0. 0. 0. 1. 0. 1. 1. 0. 0.
 1. 0. 1. 0. 0. 0. 0. 0.]
Time taken: 23.32872247695923 seconds
Running combination 18 of 50
Fitting RandomForest...
Fitting Adaboost...
Fitting AdaBoost_2...
Fitting et...
Fitting gbc...
Fitting gbc_2...
Fitting gbc_3...
Fitting dt...
Fitting lr...
Fitting Lasso_1...
Fitting Lasso_2...
Fitting Lasso_3...
Fitting Lasso_4...
Fitting elasticnet...
VCF file created successfully.
pyseer stderr:  Read 1000 phenotypes
Detected continuous phenotype
Reading all variants

0variants [00:00, ?variants/s]
53variants [00:00, 521.89variants/s]
106variants [00:00, 463.76variants/s]
161variants [00:00, 498.00variants/s]
198variants [00:00, 503.00variants/s]
Applying correlation filtering

  0%|          | 0/198 [00:00<?, ?variants/s]
100%|██████████| 198/198 [00:00<00:00, 2692.55variants/s]
Fitting elastic net to top 148 variants
Best penalty (lambda) from cross-validation: 3.48E+01
Best R^2 from cross-validation: 0.481
Finding and printing selected variants
198 loaded variants
50 pre-filtered variants
148 tested variants
133 printed variants

True importance standardized:  [1.         1.         1.         1.         1.         0.71682049
 0.71682049 0.71682049 0.71682049 0.71682049 0.54005254 0.54005254
 0.54005254 0.54005254 0.54005254 0.29572504 0.29572504 0.29572504
 0.29572504 0.29572504 0.84429469 0.84429469 0.84429469 0.84429469
 0.84429469 0.91527445 0.91527445 0.91527445 0.91527445 0.91527445
 0.66721248 0.66721248 0.66721248 0.66721248 0.66721248 0.48906627
 0.48906627 0.48906627 0.48906627 0.48906627 0.39573126 0.39573126
 0.39573126 0.39573126 0.39573126 0.58062077 0.58062077 0.58062077
 0.58062077 0.58062077 0.         0.         0.         0.
 0.         0.         0.         0.         0.         0.
 0.         0.         0.         0.         0.         0.
 0.         0.         0.         0.         0.         0.
 0.         0.         0.         0.         0.         0.
 0.         0.         0.         0.         0.         0.
 0.         0.         0.         0.         0.         0.
 0.         0.         0.         0.         0.         0.
 0.         0.         0.         0.         0.         0.
 0.         0.         0.         0.         0.         0.
 0.         0.         0.         0.         0.         0.
 0.         0.         0.         0.         0.         0.
 0.         0.         0.         0.         0.         0.
 0.         0.         0.         0.         0.         0.
 0.         0.         0.         0.         0.         0.
 0.         0.         0.         0.         0.         0.
 0.         0.         0.         0.         0.         0.
 0.         0.         0.         0.         0.         0.
 0.         0.         0.         0.         0.         0.
 0.         0.         0.         0.         0.         0.
 0.         0.         0.         0.         0.         0.
 0.         0.         0.         0.         0.         0.
 0.         0.         0.         0.         0.         0.
 0.         0.         0.         0.         0.         0.
 0.         0.         0.         0.         0.         0.
 0.         0.        ]
Normalized importance:  [0.90918566 0.90918566 0.90918566 0.90918566 0.90918566 0.31108323
 0.31108323 0.31108323 0.31108323 0.31108323 0.26976577 0.26976577
 0.26976577 0.26976577 0.26976577 0.04750457 0.04750457 0.04750457
 0.04750457 0.04750457 1.         1.         1.         1.
 1.         0.96587476 0.96587476 0.96587476 0.96587476 0.96587476
 0.52696634 0.52696634 0.52696634 0.52696634 0.52696634 0.49558915
 0.49558915 0.49558915 0.49558915 0.49558915 0.05839356 0.
 0.         0.         0.         0.46746631 0.46746631 0.46746631
 0.46746631 0.46746631 0.         0.         0.         0.
 0.         0.         0.         0.         0.         0.
 0.         0.         0.         0.04139614 0.02879054 0.
 0.         0.         0.         0.         0.         0.
 0.         0.01545874 0.         0.         0.         0.
 0.         0.         0.         0.         0.         0.
 0.         0.06209138 0.         0.         0.         0.
 0.         0.         0.         0.         0.         0.
 0.         0.         0.         0.         0.         0.
 0.         0.         0.         0.         0.         0.
 0.         0.         0.         0.         0.         0.
 0.         0.         0.         0.01996601 0.         0.
 0.         0.         0.         0.         0.         0.
 0.         0.         0.         0.         0.         0.
 0.         0.         0.         0.         0.         0.
 0.         0.01663551 0.         0.         0.         0.
 0.         0.         0.         0.         0.         0.
 0.         0.         0.         0.         0.         0.
 0.         0.         0.         0.         0.01660915 0.
 0.         0.         0.         0.         0.01215359 0.
 0.01831093 0.         0.         0.         0.03807042 0.
 0.         0.         0.         0.         0.         0.
 0.         0.         0.         0.         0.         0.
 0.         0.         0.         0.02279633 0.         0.
 0.         0.         0.         0.         0.         0.
 0.         0.        ]
deepbreaks
y_true:  [1. 1. 1. 1. 1. 1. 1. 1. 1. 1. 0. 0. 0. 0. 0. 0. 0. 0. 0. 0. 1. 1. 1. 1.
 1. 1. 1. 1. 1. 1. 1. 1. 1. 1. 1. 0. 0. 0. 0. 0. 0. 0. 0. 0. 0. 0. 0. 0.
 0. 0. 0. 0. 0. 0. 0. 0. 0. 0. 0. 0. 0. 0. 0. 0. 0. 0. 0. 0. 0. 0. 0. 0.
 0. 0. 0. 0. 0. 0. 0. 0. 0. 0. 0. 0. 0. 0. 0. 0. 0. 0. 0. 0. 0. 0. 0. 0.
 0. 0. 0. 0. 0. 0. 0. 0. 0. 0. 0. 0. 0. 0. 0. 0. 0. 0. 0. 0. 0. 0. 0. 0.
 0. 0. 0. 0. 0. 0. 0. 0. 0. 0. 0. 0. 0. 0. 0. 0. 0. 0. 0. 0. 0. 0. 0. 0.
 0. 0. 0. 0. 0. 0. 0. 0. 0. 0. 0. 0. 0. 0. 0. 0. 0. 0. 0. 0. 0. 0. 0. 0.
 0. 0. 0. 0. 0. 0. 0. 0. 0. 0. 0. 0. 0. 0. 0. 0. 0. 0. 0. 0. 0. 0. 0. 0.
 0. 0. 0. 0. 0. 0. 0. 0.]
y_pred:  [1. 1. 1. 1. 1. 0. 0. 0. 0. 0. 0. 0. 0. 0. 0. 0. 0. 0. 0. 0. 1. 1. 1. 1.
 1. 1. 1. 1. 1. 1. 1. 1. 1. 1. 1. 1. 1. 1. 1. 1. 0. 0. 0. 0. 0. 1. 1. 1.
 1. 1. 0. 0. 0. 0. 0. 0. 0. 0. 0. 0. 0. 0. 0. 0. 0. 0. 0. 0. 0. 0. 0. 0.
 0. 0. 0. 0. 0. 0. 0. 0. 0. 0. 0. 0. 0. 0. 0. 0. 0. 0. 0. 0. 0. 0. 0. 0.
 0. 0. 0. 0. 0. 0. 0. 0. 0. 0. 0. 0. 0. 0. 0. 0. 0. 0. 0. 0. 0. 0. 0. 0.
 0. 0. 0. 0. 0. 0. 0. 0. 0. 0. 0. 0. 0. 0. 0. 0. 0. 0. 0. 0. 0. 0. 0. 0.
 0. 0. 0. 0. 0. 0. 0. 0. 0. 0. 0. 0. 0. 0. 0. 0. 0. 0. 0. 0. 0. 0. 0. 0.
 0. 0. 0. 0. 0. 0. 0. 0. 0. 0. 0. 0. 0. 0. 0. 0. 0. 0. 0. 0. 0. 0. 0. 0.
 0. 0. 0. 0. 0. 0. 0. 0.]
Normalized importance:  [1.00000000e+00 4.10126582e-01 2.26582278e-01 2.74050633e-01
 2.96202532e-01 5.83544304e-01 3.12658228e-01 2.18354430e-01
 1.63924051e-02 5.69620253e-01 5.00632911e-01 3.34177215e-02
 3.36708861e-01 3.53797468e-01 1.32278481e-01 1.30379747e-01
 3.69620253e-01 6.27848101e-02 1.49367089e-01 1.57594937e-01
 7.84810127e-01 5.28481013e-01 1.64556962e-01 2.70886076e-01
 3.89240506e-01 7.27848101e-01 1.81645570e-01 4.68987342e-01
 6.32911392e-01 2.44936709e-01 6.77215190e-01 2.31012658e-01
 1.30379747e-01 6.30379747e-02 5.69620253e-01 6.27215190e-01
 0.00000000e+00 1.13291139e-01 2.12658228e-01 3.06329114e-01
 4.17088608e-01 0.00000000e+00 1.98734177e-01 5.79113924e-02
 7.27848101e-02 4.70886076e-01 1.55696203e-01 2.29113924e-01
 1.77215190e-01 5.32911392e-01 6.02531646e-02 6.10126582e-02
 0.00000000e+00 2.60126582e-02 1.05063291e-01 0.00000000e+00
 8.86075949e-02 0.00000000e+00 0.00000000e+00 3.66455696e-03
 7.78481013e-02 9.68354430e-03 0.00000000e+00 3.16455696e-01
 2.70253165e-01 5.70253165e-03 1.06329114e-01 0.00000000e+00
 2.46835443e-02 8.48101266e-02 0.00000000e+00 0.00000000e+00
 1.86708861e-01 6.27848101e-02 0.00000000e+00 8.41772152e-03
 2.84177215e-01 0.00000000e+00 0.00000000e+00 0.00000000e+00
 6.15822785e-02 5.80379747e-02 0.00000000e+00 1.54430380e-01
 0.00000000e+00 1.84810127e-01 5.51898734e-02 0.00000000e+00
 2.54430380e-01 1.51265823e-01 0.00000000e+00 0.00000000e+00
 0.00000000e+00 2.37974684e-01 0.00000000e+00 0.00000000e+00
 0.00000000e+00 0.00000000e+00 0.00000000e+00 6.15189873e-02
 1.10126582e-01 0.00000000e+00 2.32278481e-02 9.55696203e-02
 1.75316456e-01 0.00000000e+00 6.51898734e-02 4.15189873e-02
 0.00000000e+00 0.00000000e+00 0.00000000e+00 0.00000000e+00
 0.00000000e+00 0.00000000e+00 4.70886076e-02 0.00000000e+00
 0.00000000e+00 1.00000000e-01 2.62658228e-01 2.22151899e-02
 2.67721519e-02 8.92405063e-02 7.15189873e-02 7.65822785e-02
 2.58860759e-02 0.00000000e+00 1.28481013e-01 4.43037975e-03
 0.00000000e+00 1.38607595e-01 0.00000000e+00 5.32911392e-02
 6.21518987e-02 9.93670886e-02 1.58860759e-01 0.00000000e+00
 0.00000000e+00 0.00000000e+00 1.66455696e-01 1.60126582e-01
 4.34810127e-02 0.00000000e+00 3.13924051e-01 0.00000000e+00
 4.08227848e-02 1.22784810e-01 0.00000000e+00 2.01898734e-01
 7.21518987e-03 0.00000000e+00 2.01898734e-01 3.13291139e-02
 1.85443038e-01 5.09493671e-02 1.70886076e-01 0.00000000e+00
 1.24683544e-01 0.00000000e+00 1.85443038e-01 0.00000000e+00
 3.10126582e-01 5.69620253e-02 1.06962025e-01 0.00000000e+00
 4.22151899e-02 0.00000000e+00 2.68987342e-01 0.00000000e+00
 1.92405063e-01 0.00000000e+00 5.89240506e-02 2.24683544e-01
 2.92405063e-01 1.67088608e-01 0.00000000e+00 0.00000000e+00
 0.00000000e+00 0.00000000e+00 1.49367089e-01 8.48101266e-02
 2.59493671e-04 0.00000000e+00 0.00000000e+00 0.00000000e+00
 1.65189873e-01 0.00000000e+00 0.00000000e+00 7.34177215e-02
 3.00000000e-02 3.00632911e-01 0.00000000e+00 0.00000000e+00
 1.32911392e-01 1.12025316e-01 0.00000000e+00 1.68354430e-01
 1.60759494e-01 0.00000000e+00 0.00000000e+00 0.00000000e+00]
pyseer
y_true:  [1. 1. 1. 1. 1. 1. 1. 1. 1. 1. 0. 0. 0. 0. 0. 0. 0. 0. 0. 0. 1. 1. 1. 1.
 1. 1. 1. 1. 1. 1. 1. 1. 1. 1. 1. 0. 0. 0. 0. 0. 0. 0. 0. 0. 0. 0. 0. 0.
 0. 0. 0. 0. 0. 0. 0. 0. 0. 0. 0. 0. 0. 0. 0. 0. 0. 0. 0. 0. 0. 0. 0. 0.
 0. 0. 0. 0. 0. 0. 0. 0. 0. 0. 0. 0. 0. 0. 0. 0. 0. 0. 0. 0. 0. 0. 0. 0.
 0. 0. 0. 0. 0. 0. 0. 0. 0. 0. 0. 0. 0. 0. 0. 0. 0. 0. 0. 0. 0. 0. 0. 0.
 0. 0. 0. 0. 0. 0. 0. 0. 0. 0. 0. 0. 0. 0. 0. 0. 0. 0. 0. 0. 0. 0. 0. 0.
 0. 0. 0. 0. 0. 0. 0. 0. 0. 0. 0. 0. 0. 0. 0. 0. 0. 0. 0. 0. 0. 0. 0. 0.
 0. 0. 0. 0. 0. 0. 0. 0. 0. 0. 0. 0. 0. 0. 0. 0. 0. 0. 0. 0. 0. 0. 0. 0.
 0. 0. 0. 0. 0. 0. 0. 0.]
y_pred:  [1. 1. 1. 1. 1. 1. 1. 1. 0. 1. 1. 0. 1. 1. 0. 0. 1. 0. 0. 1. 1. 1. 1. 1.
 1. 1. 1. 1. 1. 1. 1. 1. 0. 0. 1. 1. 0. 0. 1. 1. 1. 0. 1. 0. 0. 1. 1. 1.
 1. 1. 0. 0. 0. 0. 0. 0. 0. 0. 0. 0. 0. 0. 0. 1. 1. 0. 0. 0. 0. 0. 0. 0.
 1. 0. 0. 0. 1. 0. 0. 0. 0. 0. 0. 1. 0. 1. 0. 0. 1. 1. 0. 0. 0. 1. 0. 0.
 0. 0. 0. 0. 0. 0. 0. 0. 1. 0. 0. 0. 0. 0. 0. 0. 0. 0. 0. 0. 0. 0. 1. 0.
 0. 0. 0. 0. 0. 0. 0. 0. 0. 0. 0. 0. 0. 0. 1. 0. 0. 0. 1. 1. 0. 0. 1. 0.
 0. 0. 0. 1. 0. 0. 1. 0. 1. 0. 1. 0. 0. 0. 1. 0. 1. 0. 0. 0. 0. 0. 1. 0.
 1. 0. 0. 1. 1. 1. 0. 0. 0. 0. 0. 0. 0. 0. 0. 0. 1. 0. 0. 0. 0. 1. 0. 0.
 0. 0. 0. 1. 1. 0. 0. 0.]
Time taken: 24.230712890625 seconds
Running combination 19 of 50
Fitting RandomForest...
Fitting Adaboost...
Fitting AdaBoost_2...
Fitting et...
Fitting gbc...
Fitting gbc_2...
Fitting gbc_3...
Fitting dt...
Fitting lr...
Fitting Lasso_1...
Fitting Lasso_2...
Fitting Lasso_3...
Fitting Lasso_4...
Fitting elasticnet...
VCF file created successfully.
pyseer stderr:  Read 1000 phenotypes
Detected continuous phenotype
Reading all variants

0variants [00:00, ?variants/s]
56variants [00:00, 553.04variants/s]
112variants [00:00, 485.14variants/s]
168variants [00:00, 516.49variants/s]
198variants [00:00, 520.11variants/s]
Applying correlation filtering

  0%|          | 0/198 [00:00<?, ?variants/s]
100%|██████████| 198/198 [00:00<00:00, 2648.46variants/s]
Fitting elastic net to top 148 variants
Best penalty (lambda) from cross-validation: 8.35E+00
Best R^2 from cross-validation: 0.522
Finding and printing selected variants
198 loaded variants
50 pre-filtered variants
148 tested variants
138 printed variants

True importance standardized:  [0.2656235  0.2656235  0.2656235  0.2656235  0.2656235  0.57461806
 0.57461806 0.57461806 0.57461806 0.57461806 0.23840602 0.23840602
 0.23840602 0.23840602 0.23840602 0.9973411  0.9973411  0.9973411
 0.9973411  0.9973411  0.57186095 0.57186095 0.57186095 0.57186095
 0.57186095 0.41809866 0.41809866 0.41809866 0.41809866 0.41809866
 1.         1.         1.         1.         1.         0.4305958
 0.4305958  0.4305958  0.4305958  0.4305958  0.44338014 0.44338014
 0.44338014 0.44338014 0.44338014 0.2704699  0.2704699  0.2704699
 0.2704699  0.2704699  0.         0.         0.         0.
 0.         0.         0.         0.         0.         0.
 0.         0.         0.         0.         0.         0.
 0.         0.         0.         0.         0.         0.
 0.         0.         0.         0.         0.         0.
 0.         0.         0.         0.         0.         0.
 0.         0.         0.         0.         0.         0.
 0.         0.         0.         0.         0.         0.
 0.         0.         0.         0.         0.         0.
 0.         0.         0.         0.         0.         0.
 0.         0.         0.         0.         0.         0.
 0.         0.         0.         0.         0.         0.
 0.         0.         0.         0.         0.         0.
 0.         0.         0.         0.         0.         0.
 0.         0.         0.         0.         0.         0.
 0.         0.         0.         0.         0.         0.
 0.         0.         0.         0.         0.         0.
 0.         0.         0.         0.         0.         0.
 0.         0.         0.         0.         0.         0.
 0.         0.         0.         0.         0.         0.
 0.         0.         0.         0.         0.         0.
 0.         0.         0.         0.         0.         0.
 0.         0.         0.         0.         0.         0.
 0.         0.         0.         0.         0.         0.
 0.         0.         0.         0.         0.         0.
 0.         0.        ]
Normalized importance:  [0.04554455 0.         0.         0.04554455 0.         0.27480431
 0.27480431 0.27480431 0.27480431 0.27480431 0.0727229  0.
 0.0727229  0.0727229  0.0727229  1.         1.         1.
 1.         1.         0.30043385 0.30043385 0.30043385 0.30043385
 0.30043385 0.20299915 0.20299915 0.20299915 0.20299915 0.20299915
 0.98012795 0.98012795 0.98012795 0.98012795 0.98012795 0.15715832
 0.15715832 0.15715832 0.15715832 0.15715832 0.43767002 0.43767002
 0.43767002 0.43767002 0.43767002 0.07636747 0.07636747 0.07636747
 0.07636747 0.         0.         0.         0.         0.
 0.         0.         0.         0.         0.         0.03163775
 0.         0.         0.         0.         0.         0.
 0.         0.         0.         0.         0.         0.
 0.         0.03479066 0.         0.         0.         0.
 0.         0.         0.         0.         0.         0.
 0.         0.         0.         0.         0.         0.
 0.         0.         0.         0.         0.         0.
 0.04643759 0.         0.         0.         0.         0.
 0.         0.         0.         0.         0.         0.
 0.         0.         0.         0.         0.         0.
 0.         0.         0.         0.01302736 0.01791366 0.
 0.03384967 0.         0.         0.         0.         0.
 0.         0.         0.         0.         0.         0.
 0.         0.         0.         0.         0.         0.
 0.         0.         0.         0.         0.         0.
 0.         0.         0.         0.         0.         0.04614859
 0.         0.         0.         0.         0.         0.
 0.         0.         0.         0.         0.         0.
 0.         0.         0.         0.         0.         0.
 0.         0.         0.         0.         0.         0.
 0.         0.         0.03840106 0.         0.         0.
 0.         0.         0.         0.0220609  0.         0.05874265
 0.         0.         0.         0.         0.         0.
 0.         0.         0.         0.         0.         0.
 0.         0.        ]
deepbreaks
y_true:  [0. 0. 0. 0. 0. 1. 1. 1. 1. 1. 0. 0. 0. 0. 0. 1. 1. 1. 1. 1. 1. 1. 1. 1.
 1. 0. 0. 0. 0. 0. 1. 1. 1. 1. 1. 0. 0. 0. 0. 0. 1. 1. 1. 1. 1. 0. 0. 0.
 0. 0. 0. 0. 0. 0. 0. 0. 0. 0. 0. 0. 0. 0. 0. 0. 0. 0. 0. 0. 0. 0. 0. 0.
 0. 0. 0. 0. 0. 0. 0. 0. 0. 0. 0. 0. 0. 0. 0. 0. 0. 0. 0. 0. 0. 0. 0. 0.
 0. 0. 0. 0. 0. 0. 0. 0. 0. 0. 0. 0. 0. 0. 0. 0. 0. 0. 0. 0. 0. 0. 0. 0.
 0. 0. 0. 0. 0. 0. 0. 0. 0. 0. 0. 0. 0. 0. 0. 0. 0. 0. 0. 0. 0. 0. 0. 0.
 0. 0. 0. 0. 0. 0. 0. 0. 0. 0. 0. 0. 0. 0. 0. 0. 0. 0. 0. 0. 0. 0. 0. 0.
 0. 0. 0. 0. 0. 0. 0. 0. 0. 0. 0. 0. 0. 0. 0. 0. 0. 0. 0. 0. 0. 0. 0. 0.
 0. 0. 0. 0. 0. 0. 0. 0.]
y_pred:  [0. 0. 0. 0. 0. 1. 1. 1. 1. 1. 0. 0. 0. 0. 0. 1. 1. 1. 1. 1. 1. 1. 1. 1.
 1. 1. 1. 1. 1. 1. 1. 1. 1. 1. 1. 0. 0. 0. 0. 0. 1. 1. 1. 1. 1. 0. 0. 0.
 0. 0. 0. 0. 0. 0. 0. 0. 0. 0. 0. 0. 0. 0. 0. 0. 0. 0. 0. 0. 0. 0. 0. 0.
 0. 0. 0. 0. 0. 0. 0. 0. 0. 0. 0. 0. 0. 0. 0. 0. 0. 0. 0. 0. 0. 0. 0. 0.
 0. 0. 0. 0. 0. 0. 0. 0. 0. 0. 0. 0. 0. 0. 0. 0. 0. 0. 0. 0. 0. 0. 0. 0.
 0. 0. 0. 0. 0. 0. 0. 0. 0. 0. 0. 0. 0. 0. 0. 0. 0. 0. 0. 0. 0. 0. 0. 0.
 0. 0. 0. 0. 0. 0. 0. 0. 0. 0. 0. 0. 0. 0. 0. 0. 0. 0. 0. 0. 0. 0. 0. 0.
 0. 0. 0. 0. 0. 0. 0. 0. 0. 0. 0. 0. 0. 0. 0. 0. 0. 0. 0. 0. 0. 0. 0. 0.
 0. 0. 0. 0. 0. 0. 0. 0.]
Normalized importance:  [2.65182186e-01 1.12955466e-01 0.00000000e+00 1.60931174e-01
 1.33400810e-02 5.08097166e-01 9.95951417e-02 4.35222672e-01
 2.20647773e-01 1.60526316e-01 3.09716599e-01 6.70040486e-04
 8.84615385e-02 1.81174089e-01 1.02834008e-01 9.55465587e-01
 6.76113360e-01 1.30161943e-01 4.89878543e-01 4.19028340e-01
 5.00000000e-01 3.19838057e-01 0.00000000e+00 2.79352227e-01
 2.04453441e-01 5.10121457e-01 1.00809717e-01 1.23279352e-01
 2.83400810e-01 2.75303644e-01 1.00000000e+00 4.35222672e-01
 3.25910931e-01 3.27935223e-01 5.58704453e-01 4.75708502e-01
 1.45951417e-01 2.48987854e-01 2.04453441e-01 1.28340081e-01
 4.31174089e-01 2.63157895e-01 3.88663968e-01 2.59109312e-01
 2.61133603e-01 2.77327935e-01 1.75910931e-01 3.62348178e-01
 1.69230769e-01 2.38866397e-01 6.68016194e-02 1.34008097e-02
 0.00000000e+00 0.00000000e+00 1.83198381e-01 2.42914980e-01
 9.47368421e-02 0.00000000e+00 2.10526316e-01 2.71255061e-01
 0.00000000e+00 0.00000000e+00 6.55870445e-03 4.97975709e-02
 7.67206478e-02 0.00000000e+00 1.45141700e-01 0.00000000e+00
 0.00000000e+00 8.21862348e-02 0.00000000e+00 1.36437247e-01
 5.87044534e-02 1.88056680e-01 0.00000000e+00 0.00000000e+00
 0.00000000e+00 2.02429150e-01 1.50607287e-01 5.10121457e-02
 1.56072874e-01 0.00000000e+00 0.00000000e+00 7.65182186e-02
 0.00000000e+00 2.30769231e-02 7.65182186e-02 0.00000000e+00
 9.29149798e-02 0.00000000e+00 2.97570850e-02 8.82591093e-02
 0.00000000e+00 2.16599190e-02 0.00000000e+00 0.00000000e+00
 1.89473684e-01 0.00000000e+00 0.00000000e+00 0.00000000e+00
 0.00000000e+00 0.00000000e+00 4.23076923e-02 0.00000000e+00
 0.00000000e+00 1.37449393e-01 0.00000000e+00 0.00000000e+00
 2.61133603e-02 6.76113360e-02 1.75506073e-03 0.00000000e+00
 5.89068826e-03 1.81781377e-02 0.00000000e+00 1.65587045e-01
 1.65182186e-01 8.40080972e-02 7.12550607e-02 0.00000000e+00
 7.12550607e-02 0.00000000e+00 1.19838057e-01 4.23076923e-02
 1.48987854e-01 2.46963563e-02 1.72267206e-01 6.31578947e-02
 0.00000000e+00 0.00000000e+00 1.73481781e-01 5.12145749e-03
 1.23076923e-01 0.00000000e+00 0.00000000e+00 5.68825911e-03
 4.37246964e-02 1.18623482e-01 0.00000000e+00 9.14979757e-02
 0.00000000e+00 1.35627530e-01 1.47975709e-01 0.00000000e+00
 0.00000000e+00 1.17004049e-01 1.92307692e-01 9.95951417e-02
 1.18218623e-01 2.95546559e-01 3.34008097e-03 7.04453441e-02
 1.10931174e-01 1.33805668e-01 7.81376518e-02 1.13967611e-01
 1.02631579e-01 0.00000000e+00 0.00000000e+00 7.83400810e-02
 8.78542510e-02 8.34008097e-02 4.73684211e-02 8.03643725e-02
 3.94736842e-02 0.00000000e+00 4.27125506e-02 1.76113360e-01
 0.00000000e+00 1.78744939e-02 7.30769231e-02 1.24493927e-01
 1.96356275e-01 4.53441296e-02 4.27125506e-02 8.82591093e-02
 2.55060729e-01 0.00000000e+00 1.28744939e-01 1.30971660e-01
 0.00000000e+00 1.37651822e-01 0.00000000e+00 2.69230769e-01
 0.00000000e+00 2.83400810e-01 0.00000000e+00 0.00000000e+00
 0.00000000e+00 0.00000000e+00 0.00000000e+00 0.00000000e+00
 9.29149798e-02 0.00000000e+00 0.00000000e+00 2.44939271e-02
 0.00000000e+00 2.42914980e-01 0.00000000e+00 0.00000000e+00]
pyseer
y_true:  [0. 0. 0. 0. 0. 1. 1. 1. 1. 1. 0. 0. 0. 0. 0. 1. 1. 1. 1. 1. 1. 1. 1. 1.
 1. 0. 0. 0. 0. 0. 1. 1. 1. 1. 1. 0. 0. 0. 0. 0. 1. 1. 1. 1. 1. 0. 0. 0.
 0. 0. 0. 0. 0. 0. 0. 0. 0. 0. 0. 0. 0. 0. 0. 0. 0. 0. 0. 0. 0. 0. 0. 0.
 0. 0. 0. 0. 0. 0. 0. 0. 0. 0. 0. 0. 0. 0. 0. 0. 0. 0. 0. 0. 0. 0. 0. 0.
 0. 0. 0. 0. 0. 0. 0. 0. 0. 0. 0. 0. 0. 0. 0. 0. 0. 0. 0. 0. 0. 0. 0. 0.
 0. 0. 0. 0. 0. 0. 0. 0. 0. 0. 0. 0. 0. 0. 0. 0. 0. 0. 0. 0. 0. 0. 0. 0.
 0. 0. 0. 0. 0. 0. 0. 0. 0. 0. 0. 0. 0. 0. 0. 0. 0. 0. 0. 0. 0. 0. 0. 0.
 0. 0. 0. 0. 0. 0. 0. 0. 0. 0. 0. 0. 0. 0. 0. 0. 0. 0. 0. 0. 0. 0. 0. 0.
 0. 0. 0. 0. 0. 0. 0. 0.]
y_pred:  [1. 0. 0. 1. 0. 1. 0. 1. 1. 1. 1. 0. 0. 1. 0. 1. 1. 1. 1. 1. 1. 1. 0. 1.
 1. 1. 0. 0. 1. 1. 1. 1. 1. 1. 1. 1. 1. 1. 1. 0. 1. 1. 1. 1. 1. 1. 1. 1.
 1. 1. 0. 0. 0. 0. 1. 1. 0. 0. 1. 1. 0. 0. 0. 0. 0. 0. 1. 0. 0. 0. 0. 1.
 0. 1. 0. 0. 0. 1. 1. 0. 1. 0. 0. 0. 0. 0. 0. 0. 0. 0. 0. 0. 0. 0. 0. 0.
 1. 0. 0. 0. 0. 0. 0. 0. 0. 1. 0. 0. 0. 0. 0. 0. 0. 0. 0. 1. 1. 0. 0. 0.
 0. 0. 0. 0. 1. 0. 1. 0. 0. 0. 1. 0. 0. 0. 0. 0. 0. 0. 0. 0. 0. 1. 1. 0.
 0. 0. 1. 0. 0. 1. 0. 0. 0. 1. 0. 0. 0. 0. 0. 0. 0. 0. 0. 0. 0. 0. 0. 1.
 0. 0. 0. 0. 1. 0. 0. 0. 1. 0. 0. 1. 0. 1. 0. 1. 0. 1. 0. 0. 0. 0. 0. 0.
 0. 0. 0. 0. 0. 1. 0. 0.]
Time taken: 23.370792627334595 seconds
Running combination 20 of 50
Fitting RandomForest...
Fitting Adaboost...
Fitting AdaBoost_2...
Fitting et...
Fitting gbc...
Fitting gbc_2...
Fitting gbc_3...
Fitting dt...
Fitting lr...
Fitting Lasso_1...
Fitting Lasso_2...
Fitting Lasso_3...
Fitting Lasso_4...
Fitting elasticnet...
VCF file created successfully.
pyseer stderr:  Read 1000 phenotypes
Detected continuous phenotype
Reading all variants

0variants [00:00, ?variants/s]
53variants [00:00, 528.89variants/s]
106variants [00:00, 464.82variants/s]
162variants [00:00, 501.77variants/s]
198variants [00:00, 506.27variants/s]
Applying correlation filtering

  0%|          | 0/198 [00:00<?, ?variants/s]
100%|██████████| 198/198 [00:00<00:00, 2701.65variants/s]
Fitting elastic net to top 148 variants
Best penalty (lambda) from cross-validation: 2.29E+01
Best R^2 from cross-validation: 0.494
Finding and printing selected variants
198 loaded variants
50 pre-filtered variants
148 tested variants
138 printed variants

True importance standardized:  [1.         1.         1.         1.         1.         0.68259908
 0.68259908 0.68259908 0.68259908 0.68259908 0.22740286 0.22740286
 0.22740286 0.22740286 0.22740286 0.99027429 0.99027429 0.99027429
 0.99027429 0.99027429 0.90901522 0.90901522 0.90901522 0.90901522
 0.90901522 0.25508765 0.25508765 0.25508765 0.25508765 0.25508765
 0.72896172 0.72896172 0.72896172 0.72896172 0.72896172 0.18047466
 0.18047466 0.18047466 0.18047466 0.18047466 0.87643998 0.87643998
 0.87643998 0.87643998 0.87643998 0.41453094 0.41453094 0.41453094
 0.41453094 0.41453094 0.         0.         0.         0.
 0.         0.         0.         0.         0.         0.
 0.         0.         0.         0.         0.         0.
 0.         0.         0.         0.         0.         0.
 0.         0.         0.         0.         0.         0.
 0.         0.         0.         0.         0.         0.
 0.         0.         0.         0.         0.         0.
 0.         0.         0.         0.         0.         0.
 0.         0.         0.         0.         0.         0.
 0.         0.         0.         0.         0.         0.
 0.         0.         0.         0.         0.         0.
 0.         0.         0.         0.         0.         0.
 0.         0.         0.         0.         0.         0.
 0.         0.         0.         0.         0.         0.
 0.         0.         0.         0.         0.         0.
 0.         0.         0.         0.         0.         0.
 0.         0.         0.         0.         0.         0.
 0.         0.         0.         0.         0.         0.
 0.         0.         0.         0.         0.         0.
 0.         0.         0.         0.         0.         0.
 0.         0.         0.         0.         0.         0.
 0.         0.         0.         0.         0.         0.
 0.         0.         0.         0.         0.         0.
 0.         0.         0.         0.         0.         0.
 0.         0.         0.         0.         0.         0.
 0.         0.        ]
Normalized importance:  [0.73188673 0.73188673 0.73188673 0.73188673 0.73188673 0.35697671
 0.35697671 0.35697671 0.35697671 0.35697671 0.         0.
 0.         0.         0.         0.95797391 0.95797391 0.95797391
 0.95797391 0.95797391 1.         1.         1.         1.
 1.         0.11786724 0.11786724 0.11786724 0.11786724 0.11786724
 0.92253043 0.92253043 0.92253043 0.92253043 0.92253043 0.
 0.         0.04414616 0.         0.         0.77683405 0.77683405
 0.77683405 0.77683405 0.77683405 0.16056535 0.16056535 0.16056535
 0.16056535 0.16056535 0.         0.         0.         0.
 0.         0.         0.         0.         0.01493822 0.
 0.         0.         0.         0.         0.         0.
 0.         0.         0.         0.         0.         0.
 0.         0.         0.         0.02077607 0.         0.
 0.         0.         0.         0.         0.         0.
 0.         0.         0.         0.         0.         0.
 0.         0.         0.         0.         0.         0.
 0.         0.         0.         0.         0.01749921 0.
 0.         0.         0.         0.         0.01484947 0.
 0.         0.         0.         0.00548462 0.         0.
 0.         0.         0.         0.         0.03451494 0.02741025
 0.04745088 0.         0.         0.         0.         0.
 0.         0.         0.         0.         0.         0.
 0.         0.         0.         0.         0.         0.
 0.         0.         0.         0.         0.         0.
 0.         0.         0.         0.         0.04474834 0.01175757
 0.         0.         0.         0.02719247 0.         0.
 0.         0.         0.         0.         0.         0.
 0.         0.         0.         0.         0.         0.
 0.         0.         0.         0.         0.07078568 0.03492251
 0.         0.         0.         0.         0.         0.
 0.         0.         0.         0.01857615 0.         0.
 0.         0.         0.         0.         0.         0.
 0.         0.         0.         0.         0.         0.
 0.         0.        ]
deepbreaks
y_true:  [1. 1. 1. 1. 1. 0. 0. 0. 0. 0. 0. 0. 0. 0. 0. 1. 1. 1. 1. 1. 1. 1. 1. 1.
 1. 0. 0. 0. 0. 0. 1. 1. 1. 1. 1. 0. 0. 0. 0. 0. 1. 1. 1. 1. 1. 0. 0. 0.
 0. 0. 0. 0. 0. 0. 0. 0. 0. 0. 0. 0. 0. 0. 0. 0. 0. 0. 0. 0. 0. 0. 0. 0.
 0. 0. 0. 0. 0. 0. 0. 0. 0. 0. 0. 0. 0. 0. 0. 0. 0. 0. 0. 0. 0. 0. 0. 0.
 0. 0. 0. 0. 0. 0. 0. 0. 0. 0. 0. 0. 0. 0. 0. 0. 0. 0. 0. 0. 0. 0. 0. 0.
 0. 0. 0. 0. 0. 0. 0. 0. 0. 0. 0. 0. 0. 0. 0. 0. 0. 0. 0. 0. 0. 0. 0. 0.
 0. 0. 0. 0. 0. 0. 0. 0. 0. 0. 0. 0. 0. 0. 0. 0. 0. 0. 0. 0. 0. 0. 0. 0.
 0. 0. 0. 0. 0. 0. 0. 0. 0. 0. 0. 0. 0. 0. 0. 0. 0. 0. 0. 0. 0. 0. 0. 0.
 0. 0. 0. 0. 0. 0. 0. 0.]
y_pred:  [1. 1. 1. 1. 1. 1. 1. 1. 1. 1. 0. 0. 0. 0. 0. 1. 1. 1. 1. 1. 1. 1. 1. 1.
 1. 0. 0. 0. 0. 0. 1. 1. 1. 1. 1. 0. 0. 0. 0. 0. 1. 1. 1. 1. 1. 0. 0. 0.
 0. 0. 0. 0. 0. 0. 0. 0. 0. 0. 0. 0. 0. 0. 0. 0. 0. 0. 0. 0. 0. 0. 0. 0.
 0. 0. 0. 0. 0. 0. 0. 0. 0. 0. 0. 0. 0. 0. 0. 0. 0. 0. 0. 0. 0. 0. 0. 0.
 0. 0. 0. 0. 0. 0. 0. 0. 0. 0. 0. 0. 0. 0. 0. 0. 0. 0. 0. 0. 0. 0. 0. 0.
 0. 0. 0. 0. 0. 0. 0. 0. 0. 0. 0. 0. 0. 0. 0. 0. 0. 0. 0. 0. 0. 0. 0. 0.
 0. 0. 0. 0. 0. 0. 0. 0. 0. 0. 0. 0. 0. 0. 0. 0. 0. 0. 0. 0. 0. 0. 0. 0.
 0. 0. 0. 0. 0. 0. 0. 0. 0. 0. 0. 0. 0. 0. 0. 0. 0. 0. 0. 0. 0. 0. 0. 0.
 0. 0. 0. 0. 0. 0. 0. 0.]
Normalized importance:  [7.43083004e-01 3.34650856e-01 4.71673254e-01 5.54677207e-01
 7.57575758e-01 5.28326746e-01 4.05797101e-01 4.63768116e-01
 3.54413702e-01 3.25428195e-01 1.43610013e-01 2.52964427e-01
 0.00000000e+00 8.69565217e-02 0.00000000e+00 8.99868248e-01
 4.17654809e-01 5.34914361e-01 5.48089592e-01 4.45322793e-01
 1.00000000e+00 5.55994730e-01 4.17654809e-01 3.47826087e-01
 6.32411067e-01 2.55599473e-01 3.59683794e-01 2.35836627e-01
 2.27931489e-01 0.00000000e+00 6.73254282e-01 5.21739130e-01
 2.81949934e-01 4.78260870e-01 4.91436100e-01 2.43741765e-02
 9.44664032e-02 2.81949934e-01 0.00000000e+00 0.00000000e+00
 8.16864295e-01 4.29512516e-01 4.46640316e-01 5.63899868e-01
 4.24242424e-01 3.51778656e-01 4.58498024e-02 4.20289855e-01
 3.96574440e-01 2.08168643e-01 0.00000000e+00 5.09881423e-02
 1.83135705e-01 0.00000000e+00 0.00000000e+00 0.00000000e+00
 0.00000000e+00 0.00000000e+00 2.62187088e-01 0.00000000e+00
 1.97628458e-02 0.00000000e+00 1.24242424e-01 0.00000000e+00
 0.00000000e+00 0.00000000e+00 2.20026350e-01 1.28985507e-01
 0.00000000e+00 1.97628458e-01 0.00000000e+00 2.95125165e-02
 1.33069829e-01 3.20158103e-01 4.38735178e-02 2.88537549e-01
 0.00000000e+00 7.93148880e-02 8.16864295e-02 1.27272727e-02
 1.27140975e-01 1.03293808e-01 0.00000000e+00 2.41106719e-01
 1.81818182e-02 3.21475626e-01 2.18708827e-02 1.03030303e-01
 1.18181818e-02 0.00000000e+00 2.42424242e-01 3.88669302e-02
 1.67325428e-01 0.00000000e+00 0.00000000e+00 1.71277997e-01
 3.58366271e-01 5.32279315e-02 2.83267457e-01 0.00000000e+00
 1.73913043e-01 0.00000000e+00 0.00000000e+00 0.00000000e+00
 2.95125165e-01 0.00000000e+00 4.25559947e-01 2.31884058e-02
 2.00263505e-02 3.21475626e-04 0.00000000e+00 2.63504611e-02
 2.97760211e-01 9.59156785e-02 0.00000000e+00 1.71277997e-01
 0.00000000e+00 4.20289855e-02 1.52832675e-01 2.63504611e-01
 2.39789196e-01 1.29380764e-02 9.28853755e-02 0.00000000e+00
 2.42424242e-02 0.00000000e+00 0.00000000e+00 1.23978920e-01
 0.00000000e+00 1.51515152e-02 2.55599473e-01 2.25296443e-01
 0.00000000e+00 1.50197628e-01 2.16073781e-01 1.01976285e-01
 1.38339921e-01 0.00000000e+00 1.22661397e-03 0.00000000e+00
 7.04874835e-02 2.46376812e-02 0.00000000e+00 2.20026350e-01
 1.35704875e-01 0.00000000e+00 2.95125165e-01 1.73913043e-01
 4.65085639e-01 5.21739130e-02 0.00000000e+00 0.00000000e+00
 7.56258235e-02 2.23978920e-01 7.02239789e-02 6.70619236e-02
 3.79446640e-02 4.32147563e-02 0.00000000e+00 2.06851120e-03
 0.00000000e+00 0.00000000e+00 2.75362319e-02 0.00000000e+00
 2.80632411e-01 1.62055336e-01 0.00000000e+00 0.00000000e+00
 3.91304348e-02 0.00000000e+00 0.00000000e+00 8.07641634e-02
 2.30566535e-01 2.42424242e-01 9.55204216e-03 0.00000000e+00
 3.75494071e-01 0.00000000e+00 2.75362319e-02 0.00000000e+00
 0.00000000e+00 0.00000000e+00 1.23320158e-01 1.50197628e-01
 1.64690382e-01 1.96310935e-01 1.59420290e-01 0.00000000e+00
 2.33201581e-02 2.99077734e-02 0.00000000e+00 0.00000000e+00
 0.00000000e+00 1.16996047e-01 1.21607378e-01 8.47167325e-02
 0.00000000e+00 8.10276680e-02 0.00000000e+00 0.00000000e+00]
pyseer
y_true:  [1. 1. 1. 1. 1. 0. 0. 0. 0. 0. 0. 0. 0. 0. 0. 1. 1. 1. 1. 1. 1. 1. 1. 1.
 1. 0. 0. 0. 0. 0. 1. 1. 1. 1. 1. 0. 0. 0. 0. 0. 1. 1. 1. 1. 1. 0. 0. 0.
 0. 0. 0. 0. 0. 0. 0. 0. 0. 0. 0. 0. 0. 0. 0. 0. 0. 0. 0. 0. 0. 0. 0. 0.
 0. 0. 0. 0. 0. 0. 0. 0. 0. 0. 0. 0. 0. 0. 0. 0. 0. 0. 0. 0. 0. 0. 0. 0.
 0. 0. 0. 0. 0. 0. 0. 0. 0. 0. 0. 0. 0. 0. 0. 0. 0. 0. 0. 0. 0. 0. 0. 0.
 0. 0. 0. 0. 0. 0. 0. 0. 0. 0. 0. 0. 0. 0. 0. 0. 0. 0. 0. 0. 0. 0. 0. 0.
 0. 0. 0. 0. 0. 0. 0. 0. 0. 0. 0. 0. 0. 0. 0. 0. 0. 0. 0. 0. 0. 0. 0. 0.
 0. 0. 0. 0. 0. 0. 0. 0. 0. 0. 0. 0. 0. 0. 0. 0. 0. 0. 0. 0. 0. 0. 0. 0.
 0. 0. 0. 0. 0. 0. 0. 0.]
y_pred:  [1. 1. 1. 1. 1. 1. 1. 1. 1. 1. 0. 1. 0. 0. 0. 1. 1. 1. 1. 1. 1. 1. 1. 1.
 1. 1. 1. 1. 1. 0. 1. 1. 1. 1. 1. 0. 0. 1. 0. 0. 1. 1. 1. 1. 1. 1. 0. 1.
 1. 1. 0. 0. 1. 0. 0. 0. 0. 0. 1. 0. 0. 0. 0. 0. 0. 0. 1. 0. 0. 1. 0. 0.
 0. 1. 0. 1. 0. 0. 0. 0. 0. 0. 0. 1. 0. 1. 0. 0. 0. 0. 1. 0. 0. 0. 0. 0.
 1. 0. 1. 0. 1. 0. 0. 0. 1. 0. 1. 0. 0. 0. 0. 0. 1. 0. 0. 0. 0. 0. 0. 1.
 1. 0. 0. 0. 0. 0. 0. 0. 0. 0. 1. 1. 0. 0. 1. 0. 0. 0. 0. 0. 0. 0. 0. 1.
 0. 0. 1. 1. 1. 0. 0. 0. 0. 1. 0. 0. 0. 0. 0. 0. 0. 0. 0. 0. 1. 0. 0. 0.
 0. 0. 0. 0. 1. 1. 0. 0. 1. 0. 0. 0. 0. 0. 0. 0. 0. 1. 0. 0. 0. 0. 0. 0.
 0. 0. 0. 0. 0. 0. 0. 0.]
Time taken: 23.536149978637695 seconds
Running combination 21 of 50
Fitting RandomForest...
Fitting Adaboost...
Fitting AdaBoost_2...
Fitting et...
Fitting gbc...
Fitting gbc_2...
Fitting gbc_3...
Fitting dt...
Fitting lr...
Fitting Lasso_1...
Fitting Lasso_2...
Fitting Lasso_3...
Fitting Lasso_4...
Fitting elasticnet...
VCF file created successfully.
pyseer stderr:  Read 1000 phenotypes
Detected continuous phenotype
Reading all variants

0variants [00:00, ?variants/s]
53variants [00:00, 525.10variants/s]
106variants [00:00, 473.60variants/s]
162variants [00:00, 510.33variants/s]
198variants [00:00, 514.39variants/s]
Applying correlation filtering

  0%|          | 0/198 [00:00<?, ?variants/s]
100%|██████████| 198/198 [00:00<00:00, 2635.30variants/s]
Fitting elastic net to top 148 variants
Best penalty (lambda) from cross-validation: 1.43E+02
Best R^2 from cross-validation: 0.425
Finding and printing selected variants
198 loaded variants
50 pre-filtered variants
148 tested variants
141 printed variants

True importance standardized:  [0.64887642 0.64887642 0.64887642 0.64887642 0.64887642 0.84730904
 0.84730904 0.84730904 0.84730904 0.84730904 0.97129131 0.97129131
 0.97129131 0.97129131 0.97129131 0.97433697 0.97433697 0.97433697
 0.97433697 0.97433697 0.90477297 0.90477297 0.90477297 0.90477297
 0.90477297 0.17781684 0.17781684 0.17781684 0.17781684 0.17781684
 0.53576809 0.53576809 0.53576809 0.53576809 0.53576809 0.96164106
 0.96164106 0.96164106 0.96164106 0.96164106 1.         1.
 1.         1.         1.         0.72419795 0.72419795 0.72419795
 0.72419795 0.72419795 0.         0.         0.         0.
 0.         0.         0.         0.         0.         0.
 0.         0.         0.         0.         0.         0.
 0.         0.         0.         0.         0.         0.
 0.         0.         0.         0.         0.         0.
 0.         0.         0.         0.         0.         0.
 0.         0.         0.         0.         0.         0.
 0.         0.         0.         0.         0.         0.
 0.         0.         0.         0.         0.         0.
 0.         0.         0.         0.         0.         0.
 0.         0.         0.         0.         0.         0.
 0.         0.         0.         0.         0.         0.
 0.         0.         0.         0.         0.         0.
 0.         0.         0.         0.         0.         0.
 0.         0.         0.         0.         0.         0.
 0.         0.         0.         0.         0.         0.
 0.         0.         0.         0.         0.         0.
 0.         0.         0.         0.         0.         0.
 0.         0.         0.         0.         0.         0.
 0.         0.         0.         0.         0.         0.
 0.         0.         0.         0.         0.         0.
 0.         0.         0.         0.         0.         0.
 0.         0.         0.         0.         0.         0.
 0.         0.         0.         0.         0.         0.
 0.         0.         0.         0.         0.         0.
 0.         0.        ]
Normalized importance:  [0.35790237 0.35790237 0.35790237 0.35790237 0.35790237 0.29816627
 0.29816627 0.29816627 0.29816627 0.29816627 0.65224851 0.65224851
 0.65224851 0.65224851 0.65224851 0.78424505 0.78424505 0.78424505
 0.78424505 0.78424505 0.60645926 0.60645926 0.60645926 0.60645926
 0.60645926 0.03345829 0.03345829 0.03345829 0.03345829 0.03345829
 0.35161509 0.35161509 0.35161509 0.35161509 0.35161509 0.79125965
 0.79125965 0.79125965 0.79125965 0.79125965 1.         1.
 1.         1.         1.         0.18842075 0.18842075 0.18842075
 0.18842075 0.18842075 0.         0.         0.         0.
 0.         0.         0.         0.         0.         0.
 0.         0.         0.         0.         0.         0.
 0.         0.         0.         0.         0.         0.
 0.         0.         0.         0.01604774 0.         0.00823058
 0.         0.         0.         0.         0.         0.
 0.         0.         0.         0.         0.         0.
 0.         0.         0.         0.         0.         0.
 0.         0.         0.         0.         0.         0.
 0.         0.         0.         0.         0.         0.02852617
 0.         0.         0.         0.         0.         0.
 0.         0.         0.         0.         0.         0.
 0.00854708 0.         0.         0.         0.         0.
 0.         0.         0.         0.         0.02226741 0.
 0.         0.         0.         0.         0.         0.
 0.         0.         0.         0.         0.         0.
 0.         0.         0.         0.         0.01352524 0.
 0.         0.         0.03810261 0.02355064 0.         0.
 0.         0.         0.         0.         0.         0.
 0.         0.         0.         0.         0.         0.
 0.01746096 0.         0.         0.         0.         0.
 0.         0.         0.         0.         0.03606662 0.
 0.         0.         0.         0.         0.         0.
 0.         0.         0.         0.         0.         0.
 0.         0.         0.         0.         0.02400326 0.
 0.         0.        ]
deepbreaks
y_true:  [0. 0. 0. 0. 0. 0. 0. 0. 0. 0. 1. 1. 1. 1. 1. 1. 1. 1. 1. 1. 1. 1. 1. 1.
 1. 0. 0. 0. 0. 0. 0. 0. 0. 0. 0. 1. 1. 1. 1. 1. 1. 1. 1. 1. 1. 0. 0. 0.
 0. 0. 0. 0. 0. 0. 0. 0. 0. 0. 0. 0. 0. 0. 0. 0. 0. 0. 0. 0. 0. 0. 0. 0.
 0. 0. 0. 0. 0. 0. 0. 0. 0. 0. 0. 0. 0. 0. 0. 0. 0. 0. 0. 0. 0. 0. 0. 0.
 0. 0. 0. 0. 0. 0. 0. 0. 0. 0. 0. 0. 0. 0. 0. 0. 0. 0. 0. 0. 0. 0. 0. 0.
 0. 0. 0. 0. 0. 0. 0. 0. 0. 0. 0. 0. 0. 0. 0. 0. 0. 0. 0. 0. 0. 0. 0. 0.
 0. 0. 0. 0. 0. 0. 0. 0. 0. 0. 0. 0. 0. 0. 0. 0. 0. 0. 0. 0. 0. 0. 0. 0.
 0. 0. 0. 0. 0. 0. 0. 0. 0. 0. 0. 0. 0. 0. 0. 0. 0. 0. 0. 0. 0. 0. 0. 0.
 0. 0. 0. 0. 0. 0. 0. 0.]
y_pred:  [1. 1. 1. 1. 1. 0. 0. 0. 0. 0. 1. 1. 1. 1. 1. 1. 1. 1. 1. 1. 1. 1. 1. 1.
 1. 0. 0. 0. 0. 0. 1. 1. 1. 1. 1. 1. 1. 1. 1. 1. 1. 1. 1. 1. 1. 0. 0. 0.
 0. 0. 0. 0. 0. 0. 0. 0. 0. 0. 0. 0. 0. 0. 0. 0. 0. 0. 0. 0. 0. 0. 0. 0.
 0. 0. 0. 0. 0. 0. 0. 0. 0. 0. 0. 0. 0. 0. 0. 0. 0. 0. 0. 0. 0. 0. 0. 0.
 0. 0. 0. 0. 0. 0. 0. 0. 0. 0. 0. 0. 0. 0. 0. 0. 0. 0. 0. 0. 0. 0. 0. 0.
 0. 0. 0. 0. 0. 0. 0. 0. 0. 0. 0. 0. 0. 0. 0. 0. 0. 0. 0. 0. 0. 0. 0. 0.
 0. 0. 0. 0. 0. 0. 0. 0. 0. 0. 0. 0. 0. 0. 0. 0. 0. 0. 0. 0. 0. 0. 0. 0.
 0. 0. 0. 0. 0. 0. 0. 0. 0. 0. 0. 0. 0. 0. 0. 0. 0. 0. 0. 0. 0. 0. 0. 0.
 0. 0. 0. 0. 0. 0. 0. 0.]
Normalized importance:  [0.60167131 0.64345404 0.46239554 0.24735376 0.37047354 0.76044568
 0.62952646 0.38718663 0.10167131 0.28969359 0.88300836 0.55153203
 0.23370474 0.60724234 0.33426184 0.67409471 0.62952646 0.57938719
 0.53760446 0.33147632 0.81337047 0.18913649 0.57660167 0.46796657
 0.29526462 0.03286908 0.08384401 0.33426184 0.24874652 0.10584958
 0.46518106 0.68523677 0.34261838 0.1729805  0.28133705 0.9275766
 0.24679666 0.64345404 0.32869081 0.71587744 1.         0.64902507
 0.54317549 0.32311978 0.49582173 0.47075209 0.46239554 0.30083565
 0.53203343 0.27493036 0.         0.         0.07632312 0.07827298
 0.         0.04011142 0.         0.1729805  0.19693593 0.
 0.         0.         0.03871866 0.         0.15487465 0.40111421
 0.         0.01871866 0.26350975 0.         0.00228969 0.
 0.10557103 0.         0.         0.28969359 0.15376045 0.21169916
 0.         0.19052925 0.2454039  0.         0.08690808 0.
 0.         0.         0.30362117 0.         0.29526462 0.10473538
 0.01498607 0.         0.         0.1816156  0.02069638 0.
 0.23203343 0.22367688 0.         0.         0.22674095 0.31754875
 0.04846797 0.11420613 0.         0.04428969 0.34261838 0.49860724
 0.15069638 0.17799443 0.17437326 0.14206128 0.         0.
 0.         0.         0.08272981 0.02896936 0.35376045 0.17938719
 0.40947075 0.         0.24066852 0.         0.25376045 0.24735376
 0.18607242 0.02740947 0.07103064 0.05431755 0.12506964 0.18245125
 0.11559889 0.25793872 0.         0.         0.03286908 0.
 0.14623955 0.07437326 0.07325905 0.         0.30083565 0.30362117
 0.17966574 0.         0.         0.11309192 0.21504178 0.39275766
 0.28412256 0.16880223 0.41225627 0.26239554 0.         0.28690808
 0.         0.09275766 0.         0.         0.29247911 0.27771588
 0.         0.         0.33704735 0.         0.1454039  0.07743733
 0.49860724 0.08969359 0.07325905 0.31754875 0.11309192 0.21699164
 0.33426184 0.         0.         0.         0.50139276 0.28412256
 0.32590529 0.         0.03259053 0.14986072 0.         0.09805014
 0.         0.         0.         0.         0.12395543 0.12033426
 0.         0.         0.         0.         0.39832869 0.14428969
 0.         0.        ]
pyseer
y_true:  [0. 0. 0. 0. 0. 0. 0. 0. 0. 0. 1. 1. 1. 1. 1. 1. 1. 1. 1. 1. 1. 1. 1. 1.
 1. 0. 0. 0. 0. 0. 0. 0. 0. 0. 0. 1. 1. 1. 1. 1. 1. 1. 1. 1. 1. 0. 0. 0.
 0. 0. 0. 0. 0. 0. 0. 0. 0. 0. 0. 0. 0. 0. 0. 0. 0. 0. 0. 0. 0. 0. 0. 0.
 0. 0. 0. 0. 0. 0. 0. 0. 0. 0. 0. 0. 0. 0. 0. 0. 0. 0. 0. 0. 0. 0. 0. 0.
 0. 0. 0. 0. 0. 0. 0. 0. 0. 0. 0. 0. 0. 0. 0. 0. 0. 0. 0. 0. 0. 0. 0. 0.
 0. 0. 0. 0. 0. 0. 0. 0. 0. 0. 0. 0. 0. 0. 0. 0. 0. 0. 0. 0. 0. 0. 0. 0.
 0. 0. 0. 0. 0. 0. 0. 0. 0. 0. 0. 0. 0. 0. 0. 0. 0. 0. 0. 0. 0. 0. 0. 0.
 0. 0. 0. 0. 0. 0. 0. 0. 0. 0. 0. 0. 0. 0. 0. 0. 0. 0. 0. 0. 0. 0. 0. 0.
 0. 0. 0. 0. 0. 0. 0. 0.]
y_pred:  [1. 1. 1. 1. 1. 1. 1. 1. 0. 1. 1. 1. 0. 1. 1. 1. 1. 1. 1. 1. 1. 0. 1. 1.
 1. 0. 0. 1. 1. 0. 1. 1. 1. 0. 1. 1. 0. 1. 1. 1. 1. 1. 1. 1. 1. 1. 1. 1.
 1. 1. 0. 0. 0. 0. 0. 0. 0. 0. 0. 0. 0. 0. 0. 0. 0. 1. 0. 0. 1. 0. 0. 0.
 0. 0. 0. 1. 0. 0. 0. 0. 0. 0. 0. 0. 0. 0. 1. 0. 1. 0. 0. 0. 0. 0. 0. 0.
 0. 0. 0. 0. 0. 1. 0. 0. 0. 0. 1. 1. 0. 0. 0. 0. 0. 0. 0. 0. 0. 0. 1. 0.
 1. 0. 0. 0. 1. 1. 0. 0. 0. 0. 0. 0. 0. 1. 0. 0. 0. 0. 0. 0. 0. 0. 1. 1.
 0. 0. 0. 0. 0. 1. 1. 0. 1. 1. 0. 1. 0. 0. 0. 0. 1. 1. 0. 0. 1. 0. 0. 0.
 1. 0. 0. 1. 0. 0. 1. 0. 0. 0. 1. 1. 1. 0. 0. 0. 0. 0. 0. 0. 0. 0. 0. 0.
 0. 0. 0. 0. 1. 0. 0. 0.]
Time taken: 23.807770013809204 seconds
Running combination 22 of 50
Fitting RandomForest...
Fitting Adaboost...
Fitting AdaBoost_2...
Fitting et...
Fitting gbc...
Fitting gbc_2...
Fitting gbc_3...
Fitting dt...
Fitting lr...
Fitting Lasso_1...
Fitting Lasso_2...
Fitting Lasso_3...
Fitting Lasso_4...
Fitting elasticnet...
VCF file created successfully.
pyseer stderr:  Read 1000 phenotypes
Detected continuous phenotype
Reading all variants

0variants [00:00, ?variants/s]
49variants [00:00, 481.98variants/s]
98variants [00:00, 429.18variants/s]
150variants [00:00, 465.87variants/s]
198variants [00:00, 471.97variants/s]
Applying correlation filtering

  0%|          | 0/198 [00:00<?, ?variants/s]
100%|██████████| 198/198 [00:00<00:00, 2368.78variants/s]
Fitting elastic net to top 148 variants
Best penalty (lambda) from cross-validation: 1.16E+01
Best R^2 from cross-validation: 0.548
Finding and printing selected variants
198 loaded variants
50 pre-filtered variants
148 tested variants
133 printed variants

True importance standardized:  [0.13777237 0.13777237 0.13777237 0.13777237 0.13777237 0.59761066
 0.59761066 0.59761066 0.59761066 0.59761066 0.69739976 0.69739976
 0.69739976 0.69739976 0.69739976 0.29945936 0.29945936 0.29945936
 0.29945936 0.29945936 0.88508497 0.88508497 0.88508497 0.88508497
 0.88508497 0.41097114 0.41097114 0.41097114 0.41097114 0.41097114
 0.4609526  0.4609526  0.4609526  0.4609526  0.4609526  1.
 1.         1.         1.         1.         0.10956517 0.10956517
 0.10956517 0.10956517 0.10956517 0.52787164 0.52787164 0.52787164
 0.52787164 0.52787164 0.         0.         0.         0.
 0.         0.         0.         0.         0.         0.
 0.         0.         0.         0.         0.         0.
 0.         0.         0.         0.         0.         0.
 0.         0.         0.         0.         0.         0.
 0.         0.         0.         0.         0.         0.
 0.         0.         0.         0.         0.         0.
 0.         0.         0.         0.         0.         0.
 0.         0.         0.         0.         0.         0.
 0.         0.         0.         0.         0.         0.
 0.         0.         0.         0.         0.         0.
 0.         0.         0.         0.         0.         0.
 0.         0.         0.         0.         0.         0.
 0.         0.         0.         0.         0.         0.
 0.         0.         0.         0.         0.         0.
 0.         0.         0.         0.         0.         0.
 0.         0.         0.         0.         0.         0.
 0.         0.         0.         0.         0.         0.
 0.         0.         0.         0.         0.         0.
 0.         0.         0.         0.         0.         0.
 0.         0.         0.         0.         0.         0.
 0.         0.         0.         0.         0.         0.
 0.         0.         0.         0.         0.         0.
 0.         0.         0.         0.         0.         0.
 0.         0.         0.         0.         0.         0.
 0.         0.        ]
Normalized importance:  [0.         0.         0.         0.         0.         0.66947528
 0.66947528 0.66947528 0.66947528 0.66947528 0.60446081 0.60446081
 0.60446081 0.60446081 0.60446081 0.06688959 0.         0.06688959
 0.         0.06688959 0.8485159  0.8485159  0.8485159  0.8485159
 0.8485159  0.15907981 0.15907981 0.15907981 0.15907981 0.15907981
 0.37154615 0.37154615 0.37154615 0.37154615 0.37154615 1.
 1.         1.         1.         1.         0.06914663 0.06914663
 0.06914663 0.06914663 0.06914663 0.22397722 0.22397722 0.22397722
 0.22397722 0.22397722 0.         0.         0.         0.
 0.         0.         0.         0.         0.         0.
 0.         0.         0.         0.         0.         0.
 0.         0.         0.         0.02692805 0.         0.
 0.         0.         0.         0.         0.         0.
 0.         0.         0.         0.         0.         0.
 0.         0.         0.         0.         0.         0.
 0.         0.         0.         0.         0.         0.
 0.         0.         0.         0.         0.         0.
 0.         0.         0.         0.02793057 0.0363777  0.
 0.         0.         0.         0.         0.         0.
 0.         0.         0.         0.         0.         0.
 0.01047967 0.         0.         0.0433011  0.         0.
 0.         0.         0.         0.         0.         0.
 0.         0.         0.         0.         0.         0.
 0.         0.         0.         0.01223971 0.         0.
 0.         0.         0.         0.         0.         0.
 0.         0.         0.02674497 0.         0.         0.
 0.         0.         0.         0.         0.         0.
 0.         0.         0.         0.         0.         0.
 0.         0.         0.         0.         0.         0.
 0.         0.         0.         0.         0.         0.
 0.         0.         0.         0.         0.         0.
 0.         0.         0.         0.         0.         0.
 0.         0.         0.         0.         0.         0.
 0.         0.        ]
deepbreaks
y_true:  [0. 0. 0. 0. 0. 1. 1. 1. 1. 1. 1. 1. 1. 1. 1. 0. 0. 0. 0. 0. 1. 1. 1. 1.
 1. 0. 0. 0. 0. 0. 0. 0. 0. 0. 0. 1. 1. 1. 1. 1. 0. 0. 0. 0. 0. 1. 1. 1.
 1. 1. 0. 0. 0. 0. 0. 0. 0. 0. 0. 0. 0. 0. 0. 0. 0. 0. 0. 0. 0. 0. 0. 0.
 0. 0. 0. 0. 0. 0. 0. 0. 0. 0. 0. 0. 0. 0. 0. 0. 0. 0. 0. 0. 0. 0. 0. 0.
 0. 0. 0. 0. 0. 0. 0. 0. 0. 0. 0. 0. 0. 0. 0. 0. 0. 0. 0. 0. 0. 0. 0. 0.
 0. 0. 0. 0. 0. 0. 0. 0. 0. 0. 0. 0. 0. 0. 0. 0. 0. 0. 0. 0. 0. 0. 0. 0.
 0. 0. 0. 0. 0. 0. 0. 0. 0. 0. 0. 0. 0. 0. 0. 0. 0. 0. 0. 0. 0. 0. 0. 0.
 0. 0. 0. 0. 0. 0. 0. 0. 0. 0. 0. 0. 0. 0. 0. 0. 0. 0. 0. 0. 0. 0. 0. 0.
 0. 0. 0. 0. 0. 0. 0. 0.]
y_pred:  [0. 0. 0. 0. 0. 1. 1. 1. 1. 1. 1. 1. 1. 1. 1. 0. 0. 0. 0. 0. 1. 1. 1. 1.
 1. 0. 0. 0. 0. 0. 1. 1. 1. 1. 1. 1. 1. 1. 1. 1. 0. 0. 0. 0. 0. 0. 0. 0.
 0. 0. 0. 0. 0. 0. 0. 0. 0. 0. 0. 0. 0. 0. 0. 0. 0. 0. 0. 0. 0. 0. 0. 0.
 0. 0. 0. 0. 0. 0. 0. 0. 0. 0. 0. 0. 0. 0. 0. 0. 0. 0. 0. 0. 0. 0. 0. 0.
 0. 0. 0. 0. 0. 0. 0. 0. 0. 0. 0. 0. 0. 0. 0. 0. 0. 0. 0. 0. 0. 0. 0. 0.
 0. 0. 0. 0. 0. 0. 0. 0. 0. 0. 0. 0. 0. 0. 0. 0. 0. 0. 0. 0. 0. 0. 0. 0.
 0. 0. 0. 0. 0. 0. 0. 0. 0. 0. 0. 0. 0. 0. 0. 0. 0. 0. 0. 0. 0. 0. 0. 0.
 0. 0. 0. 0. 0. 0. 0. 0. 0. 0. 0. 0. 0. 0. 0. 0. 0. 0. 0. 0. 0. 0. 0. 0.
 0. 0. 0. 0. 0. 0. 0. 0.]
Normalized importance:  [0.         0.         0.1667319  0.13816047 0.27005871 0.72015656
 0.15831703 0.47553816 0.34833659 0.33855186 0.84540117 0.52054795
 0.30919765 0.42074364 0.28767123 0.36594912 0.00563601 0.18688845
 0.00176321 0.37377691 0.93542074 0.7964775  0.31506849 0.3816047
 0.37964775 0.481409   0.30919765 0.19569472 0.2407045  0.14148728
 0.81017613 0.19099804 0.01181996 0.4109589  0.0667319  1.
 0.28767123 0.6183953  0.5851272  0.63013699 0.31702544 0.26223092
 0.0816047  0.22113503 0.22504892 0.63600783 0.1630137  0.43835616
 0.07221135 0.29941292 0.22896282 0.         0.06320939 0.
 0.10313112 0.         0.14481409 0.09784736 0.         0.
 0.06829746 0.1334638  0.12270059 0.03502935 0.         0.
 0.0778865  0.09236791 0.12876712 0.23483366 0.22309198 0.06223092
 0.20939335 0.         0.         0.05146771 0.20156556 0.
 0.25244618 0.         0.14853229 0.         0.12759295 0.
 0.02289628 0.         0.03424658 0.2074364  0.08180039 0.
 0.         0.         0.01448141 0.05655577 0.         0.
 0.1851272  0.10450098 0.         0.09099804 0.03385519 0.
 0.02720157 0.         0.         0.         0.23091977 0.01436399
 0.01710372 0.09980431 0.         0.13600783 0.02289628 0.18277886
 0.00391389 0.         0.         0.02759295 0.         0.
 0.09589041 0.07573386 0.02857143 0.33659491 0.         0.
 0.         0.12778865 0.07181996 0.10587084 0.         0.
 0.05459883 0.19569472 0.         0.         0.         0.01514677
 0.         0.         0.23679061 0.26223092 0.         0.
 0.09334638 0.02054795 0.         0.         0.         0.01886497
 0.         0.         0.29549902 0.21135029 0.1888454  0.07455969
 0.19765166 0.         0.         0.03581213 0.13776908 0.15088063
 0.05205479 0.07181996 0.1816047  0.         0.         0.18825832
 0.05851272 0.19960861 0.14011742 0.05322896 0.         0.
 0.         0.         0.         0.         0.02465753 0.16908023
 0.03679061 0.         0.         0.09706458 0.         0.07690802
 0.15831703 0.04168297 0.         0.         0.037182   0.15322896
 0.         0.06399217 0.         0.13189824 0.05616438 0.22896282
 0.         0.        ]
pyseer
y_true:  [0. 0. 0. 0. 0. 1. 1. 1. 1. 1. 1. 1. 1. 1. 1. 0. 0. 0. 0. 0. 1. 1. 1. 1.
 1. 0. 0. 0. 0. 0. 0. 0. 0. 0. 0. 1. 1. 1. 1. 1. 0. 0. 0. 0. 0. 1. 1. 1.
 1. 1. 0. 0. 0. 0. 0. 0. 0. 0. 0. 0. 0. 0. 0. 0. 0. 0. 0. 0. 0. 0. 0. 0.
 0. 0. 0. 0. 0. 0. 0. 0. 0. 0. 0. 0. 0. 0. 0. 0. 0. 0. 0. 0. 0. 0. 0. 0.
 0. 0. 0. 0. 0. 0. 0. 0. 0. 0. 0. 0. 0. 0. 0. 0. 0. 0. 0. 0. 0. 0. 0. 0.
 0. 0. 0. 0. 0. 0. 0. 0. 0. 0. 0. 0. 0. 0. 0. 0. 0. 0. 0. 0. 0. 0. 0. 0.
 0. 0. 0. 0. 0. 0. 0. 0. 0. 0. 0. 0. 0. 0. 0. 0. 0. 0. 0. 0. 0. 0. 0. 0.
 0. 0. 0. 0. 0. 0. 0. 0. 0. 0. 0. 0. 0. 0. 0. 0. 0. 0. 0. 0. 0. 0. 0. 0.
 0. 0. 0. 0. 0. 0. 0. 0.]
y_pred:  [0. 0. 1. 0. 1. 1. 1. 1. 1. 1. 1. 1. 1. 1. 1. 1. 0. 1. 0. 1. 1. 1. 1. 1.
 1. 1. 1. 1. 1. 0. 1. 1. 0. 1. 0. 1. 1. 1. 1. 1. 1. 1. 0. 1. 1. 1. 1. 1.
 0. 1. 1. 0. 0. 0. 0. 0. 0. 0. 0. 0. 0. 0. 0. 0. 0. 0. 0. 0. 0. 1. 1. 0.
 1. 0. 0. 0. 1. 0. 1. 0. 1. 0. 0. 0. 0. 0. 0. 1. 0. 0. 0. 0. 0. 0. 0. 0.
 1. 0. 0. 0. 0. 0. 0. 0. 0. 0. 1. 0. 0. 0. 0. 0. 0. 1. 0. 0. 0. 0. 0. 0.
 0. 0. 0. 1. 0. 0. 0. 0. 0. 0. 0. 0. 0. 1. 0. 0. 0. 0. 0. 0. 1. 1. 0. 0.
 0. 0. 0. 0. 0. 0. 0. 0. 1. 1. 1. 0. 1. 0. 0. 0. 0. 1. 0. 0. 1. 0. 0. 1.
 0. 1. 0. 0. 0. 0. 0. 0. 0. 0. 0. 1. 0. 0. 0. 0. 0. 0. 1. 0. 0. 0. 0. 1.
 0. 0. 0. 0. 0. 1. 0. 0.]
Time taken: 23.01815915107727 seconds
Running combination 23 of 50
Fitting RandomForest...
Fitting Adaboost...
Fitting AdaBoost_2...
Fitting et...
Fitting gbc...
Fitting gbc_2...
Fitting gbc_3...
Fitting dt...
Fitting lr...
Fitting Lasso_1...
Fitting Lasso_2...
Fitting Lasso_3...
Fitting Lasso_4...
Fitting elasticnet...
VCF file created successfully.
pyseer stderr:  Read 1000 phenotypes
Detected continuous phenotype
Reading all variants

0variants [00:00, ?variants/s]
55variants [00:00, 540.76variants/s]
110variants [00:00, 475.31variants/s]
165variants [00:00, 506.66variants/s]
198variants [00:00, 511.56variants/s]
Applying correlation filtering

  0%|          | 0/198 [00:00<?, ?variants/s]
100%|██████████| 198/198 [00:00<00:00, 2629.02variants/s]
Fitting elastic net to top 148 variants
Best penalty (lambda) from cross-validation: 6.12E+00
Best R^2 from cross-validation: 0.486
Finding and printing selected variants
198 loaded variants
50 pre-filtered variants
148 tested variants
133 printed variants

True importance standardized:  [0.86134531 0.86134531 0.86134531 0.86134531 0.86134531 0.39551478
 0.39551478 0.39551478 0.39551478 0.39551478 1.         1.
 1.         1.         1.         0.17893119 0.17893119 0.17893119
 0.17893119 0.17893119 0.5098364  0.5098364  0.5098364  0.5098364
 0.5098364  0.75160995 0.75160995 0.75160995 0.75160995 0.75160995
 0.68865952 0.68865952 0.68865952 0.68865952 0.68865952 0.666189
 0.666189   0.666189   0.666189   0.666189   0.71777453 0.71777453
 0.71777453 0.71777453 0.71777453 0.25242226 0.25242226 0.25242226
 0.25242226 0.25242226 0.         0.         0.         0.
 0.         0.         0.         0.         0.         0.
 0.         0.         0.         0.         0.         0.
 0.         0.         0.         0.         0.         0.
 0.         0.         0.         0.         0.         0.
 0.         0.         0.         0.         0.         0.
 0.         0.         0.         0.         0.         0.
 0.         0.         0.         0.         0.         0.
 0.         0.         0.         0.         0.         0.
 0.         0.         0.         0.         0.         0.
 0.         0.         0.         0.         0.         0.
 0.         0.         0.         0.         0.         0.
 0.         0.         0.         0.         0.         0.
 0.         0.         0.         0.         0.         0.
 0.         0.         0.         0.         0.         0.
 0.         0.         0.         0.         0.         0.
 0.         0.         0.         0.         0.         0.
 0.         0.         0.         0.         0.         0.
 0.         0.         0.         0.         0.         0.
 0.         0.         0.         0.         0.         0.
 0.         0.         0.         0.         0.         0.
 0.         0.         0.         0.         0.         0.
 0.         0.         0.         0.         0.         0.
 0.         0.         0.         0.         0.         0.
 0.         0.         0.         0.         0.         0.
 0.         0.        ]
Normalized importance:  [0.8184679  0.8184679  0.8184679  0.8184679  0.8184679  0.22175304
 0.22175304 0.22175304 0.22175304 0.22175304 1.         1.
 1.         1.         1.         0.         0.         0.
 0.         0.08347832 0.32636945 0.32636945 0.32636945 0.32636945
 0.32636945 0.35581658 0.35581658 0.35581658 0.35581658 0.35581658
 0.21583053 0.21583053 0.21583053 0.21583053 0.21583053 0.44410246
 0.44410246 0.44410246 0.44410246 0.44410246 0.69547208 0.69547208
 0.69547208 0.69547208 0.69547208 0.05216525 0.05216525 0.
 0.         0.05216525 0.         0.         0.03868873 0.03492746
 0.         0.         0.         0.         0.         0.
 0.         0.         0.         0.         0.         0.
 0.         0.         0.13029006 0.         0.         0.
 0.         0.         0.         0.         0.         0.
 0.         0.         0.         0.         0.         0.
 0.         0.         0.         0.         0.         0.
 0.         0.         0.02600011 0.         0.         0.
 0.         0.         0.         0.         0.         0.
 0.06103008 0.         0.01638052 0.         0.         0.
 0.         0.         0.         0.         0.         0.
 0.         0.         0.         0.         0.         0.
 0.         0.         0.         0.         0.         0.
 0.         0.         0.         0.         0.         0.
 0.         0.         0.         0.         0.         0.
 0.         0.         0.         0.06190508 0.04484214 0.
 0.         0.         0.         0.         0.         0.
 0.         0.         0.         0.         0.         0.
 0.         0.         0.         0.         0.         0.
 0.         0.         0.         0.01545059 0.         0.
 0.         0.         0.         0.         0.04020652 0.
 0.         0.         0.         0.         0.         0.
 0.         0.         0.         0.         0.         0.
 0.         0.         0.         0.         0.         0.
 0.         0.         0.         0.         0.         0.
 0.         0.        ]
deepbreaks
y_true:  [1. 1. 1. 1. 1. 0. 0. 0. 0. 0. 1. 1. 1. 1. 1. 0. 0. 0. 0. 0. 0. 0. 0. 0.
 0. 1. 1. 1. 1. 1. 1. 1. 1. 1. 1. 0. 0. 0. 0. 0. 1. 1. 1. 1. 1. 0. 0. 0.
 0. 0. 0. 0. 0. 0. 0. 0. 0. 0. 0. 0. 0. 0. 0. 0. 0. 0. 0. 0. 0. 0. 0. 0.
 0. 0. 0. 0. 0. 0. 0. 0. 0. 0. 0. 0. 0. 0. 0. 0. 0. 0. 0. 0. 0. 0. 0. 0.
 0. 0. 0. 0. 0. 0. 0. 0. 0. 0. 0. 0. 0. 0. 0. 0. 0. 0. 0. 0. 0. 0. 0. 0.
 0. 0. 0. 0. 0. 0. 0. 0. 0. 0. 0. 0. 0. 0. 0. 0. 0. 0. 0. 0. 0. 0. 0. 0.
 0. 0. 0. 0. 0. 0. 0. 0. 0. 0. 0. 0. 0. 0. 0. 0. 0. 0. 0. 0. 0. 0. 0. 0.
 0. 0. 0. 0. 0. 0. 0. 0. 0. 0. 0. 0. 0. 0. 0. 0. 0. 0. 0. 0. 0. 0. 0. 0.
 0. 0. 0. 0. 0. 0. 0. 0.]
y_pred:  [1. 1. 1. 1. 1. 0. 0. 0. 0. 0. 1. 1. 1. 1. 1. 0. 0. 0. 0. 0. 1. 1. 1. 1.
 1. 1. 1. 1. 1. 1. 0. 0. 0. 0. 0. 1. 1. 1. 1. 1. 1. 1. 1. 1. 1. 0. 0. 0.
 0. 0. 0. 0. 0. 0. 0. 0. 0. 0. 0. 0. 0. 0. 0. 0. 0. 0. 0. 0. 0. 0. 0. 0.
 0. 0. 0. 0. 0. 0. 0. 0. 0. 0. 0. 0. 0. 0. 0. 0. 0. 0. 0. 0. 0. 0. 0. 0.
 0. 0. 0. 0. 0. 0. 0. 0. 0. 0. 0. 0. 0. 0. 0. 0. 0. 0. 0. 0. 0. 0. 0. 0.
 0. 0. 0. 0. 0. 0. 0. 0. 0. 0. 0. 0. 0. 0. 0. 0. 0. 0. 0. 0. 0. 0. 0. 0.
 0. 0. 0. 0. 0. 0. 0. 0. 0. 0. 0. 0. 0. 0. 0. 0. 0. 0. 0. 0. 0. 0. 0. 0.
 0. 0. 0. 0. 0. 0. 0. 0. 0. 0. 0. 0. 0. 0. 0. 0. 0. 0. 0. 0. 0. 0. 0. 0.
 0. 0. 0. 0. 0. 0. 0. 0.]
Normalized importance:  [0.73831776 0.69158879 0.34485981 0.22616822 0.45560748 0.36962617
 0.22803738 0.27897196 0.         0.21448598 1.         0.20841121
 0.44252336 0.4635514  0.4411215  0.23785047 0.14299065 0.
 0.03658879 0.15747664 0.41074766 0.5        0.27943925 0.17897196
 0.41682243 0.53271028 0.14859813 0.17149533 0.2182243  0.53738318
 0.45514019 0.16074766 0.25233645 0.32383178 0.36168224 0.70560748
 0.         0.22429907 0.47663551 0.4953271  0.6682243  0.49065421
 0.19299065 0.14018692 0.56542056 0.07803738 0.24065421 0.05794393
 0.03       0.27102804 0.23551402 0.         0.24018692 0.1728972
 0.16915888 0.         0.         0.06962617 0.04065421 0.
 0.         0.15841121 0.0953271  0.         0.         0.01331776
 0.23457944 0.0771028  0.28878505 0.         0.         0.
 0.07990654 0.14158879 0.11168224 0.0228972  0.06214953 0.
 0.         0.1182243  0.         0.         0.14065421 0.
 0.         0.05233645 0.00263551 0.         0.         0.09953271
 0.02140187 0.02481308 0.09953271 0.         0.         0.
 0.         0.         0.05046729 0.         0.         0.00196262
 0.22616822 0.03037383 0.0328972  0.01439252 0.00803738 0.
 0.08037383 0.08224299 0.         0.         0.         0.11308411
 0.         0.00153738 0.10186916 0.02621495 0.         0.06495327
 0.08738318 0.         0.         0.1911215  0.         0.07429907
 0.         0.         0.04219626 0.04327103 0.09626168 0.
 0.19205607 0.09392523 0.         0.01542056 0.30420561 0.20280374
 0.         0.         0.         0.21728972 0.27242991 0.01200935
 0.         0.         0.05607477 0.02060748 0.24065421 0.03359813
 0.         0.10327103 0.07523364 0.14672897 0.05046729 0.
 0.         0.23130841 0.         0.05841121 0.14579439 0.12943925
 0.09018692 0.         0.13411215 0.14439252 0.         0.
 0.         0.13364486 0.         0.07663551 0.21028037 0.00635514
 0.         0.04345794 0.13551402 0.22149533 0.03168224 0.04462617
 0.         0.16542056 0.         0.08364486 0.         0.
 0.         0.         0.1728972  0.10327103 0.15233645 0.00691589
 0.         0.         0.06915888 0.12009346 0.14252336 0.
 0.         0.        ]
pyseer
y_true:  [1. 1. 1. 1. 1. 0. 0. 0. 0. 0. 1. 1. 1. 1. 1. 0. 0. 0. 0. 0. 0. 0. 0. 0.
 0. 1. 1. 1. 1. 1. 1. 1. 1. 1. 1. 0. 0. 0. 0. 0. 1. 1. 1. 1. 1. 0. 0. 0.
 0. 0. 0. 0. 0. 0. 0. 0. 0. 0. 0. 0. 0. 0. 0. 0. 0. 0. 0. 0. 0. 0. 0. 0.
 0. 0. 0. 0. 0. 0. 0. 0. 0. 0. 0. 0. 0. 0. 0. 0. 0. 0. 0. 0. 0. 0. 0. 0.
 0. 0. 0. 0. 0. 0. 0. 0. 0. 0. 0. 0. 0. 0. 0. 0. 0. 0. 0. 0. 0. 0. 0. 0.
 0. 0. 0. 0. 0. 0. 0. 0. 0. 0. 0. 0. 0. 0. 0. 0. 0. 0. 0. 0. 0. 0. 0. 0.
 0. 0. 0. 0. 0. 0. 0. 0. 0. 0. 0. 0. 0. 0. 0. 0. 0. 0. 0. 0. 0. 0. 0. 0.
 0. 0. 0. 0. 0. 0. 0. 0. 0. 0. 0. 0. 0. 0. 0. 0. 0. 0. 0. 0. 0. 0. 0. 0.
 0. 0. 0. 0. 0. 0. 0. 0.]
y_pred:  [1. 1. 1. 1. 1. 1. 1. 1. 0. 1. 1. 1. 1. 1. 1. 1. 1. 0. 0. 1. 1. 1. 1. 1.
 1. 1. 1. 1. 1. 1. 1. 1. 1. 1. 1. 1. 0. 1. 1. 1. 1. 1. 1. 0. 1. 0. 1. 0.
 0. 1. 1. 0. 1. 1. 1. 0. 0. 0. 0. 0. 0. 1. 0. 0. 0. 0. 1. 0. 1. 0. 0. 0.
 0. 0. 0. 0. 0. 0. 0. 0. 0. 0. 0. 0. 0. 0. 0. 0. 0. 0. 0. 0. 0. 0. 0. 0.
 0. 0. 0. 0. 0. 0. 1. 0. 0. 0. 0. 0. 0. 0. 0. 0. 0. 0. 0. 0. 0. 0. 0. 0.
 0. 0. 0. 1. 0. 0. 0. 0. 0. 0. 0. 0. 1. 0. 0. 0. 1. 1. 0. 0. 0. 1. 1. 0.
 0. 0. 0. 0. 1. 0. 0. 0. 0. 1. 0. 0. 0. 1. 0. 0. 1. 0. 0. 0. 0. 1. 0. 0.
 0. 0. 0. 0. 1. 0. 0. 0. 0. 1. 0. 0. 0. 1. 0. 0. 0. 0. 0. 0. 1. 0. 1. 0.
 0. 0. 0. 0. 1. 0. 0. 0.]
Time taken: 27.90105938911438 seconds
Running combination 24 of 50
Fitting RandomForest...
Fitting Adaboost...
Fitting AdaBoost_2...
Fitting et...
Fitting gbc...
Fitting gbc_2...
Fitting gbc_3...
Fitting dt...
Fitting lr...
Fitting Lasso_1...
Fitting Lasso_2...
Fitting Lasso_3...
Fitting Lasso_4...
Fitting elasticnet...
VCF file created successfully.
pyseer stderr:  Read 1000 phenotypes
Detected continuous phenotype
Reading all variants

0variants [00:00, ?variants/s]
53variants [00:00, 526.28variants/s]
106variants [00:00, 463.58variants/s]
160variants [00:00, 495.00variants/s]
198variants [00:00, 424.17variants/s]
Applying correlation filtering

  0%|          | 0/198 [00:00<?, ?variants/s]
100%|██████████| 198/198 [00:00<00:00, 2611.14variants/s]
Fitting elastic net to top 148 variants
Best penalty (lambda) from cross-validation: 2.45E+01
Best R^2 from cross-validation: 0.501
Finding and printing selected variants
198 loaded variants
50 pre-filtered variants
148 tested variants
133 printed variants

True importance standardized:  [0.40413389 0.40413389 0.40413389 0.40413389 0.40413389 0.7370854
 0.7370854  0.7370854  0.7370854  0.7370854  1.         1.
 1.         1.         1.         0.71401971 0.71401971 0.71401971
 0.71401971 0.71401971 0.69624406 0.69624406 0.69624406 0.69624406
 0.69624406 0.87660448 0.87660448 0.87660448 0.87660448 0.87660448
 0.87249667 0.87249667 0.87249667 0.87249667 0.87249667 0.19233076
 0.19233076 0.19233076 0.19233076 0.19233076 0.5312709  0.5312709
 0.5312709  0.5312709  0.5312709  0.1490406  0.1490406  0.1490406
 0.1490406  0.1490406  0.         0.         0.         0.
 0.         0.         0.         0.         0.         0.
 0.         0.         0.         0.         0.         0.
 0.         0.         0.         0.         0.         0.
 0.         0.         0.         0.         0.         0.
 0.         0.         0.         0.         0.         0.
 0.         0.         0.         0.         0.         0.
 0.         0.         0.         0.         0.         0.
 0.         0.         0.         0.         0.         0.
 0.         0.         0.         0.         0.         0.
 0.         0.         0.         0.         0.         0.
 0.         0.         0.         0.         0.         0.
 0.         0.         0.         0.         0.         0.
 0.         0.         0.         0.         0.         0.
 0.         0.         0.         0.         0.         0.
 0.         0.         0.         0.         0.         0.
 0.         0.         0.         0.         0.         0.
 0.         0.         0.         0.         0.         0.
 0.         0.         0.         0.         0.         0.
 0.         0.         0.         0.         0.         0.
 0.         0.         0.         0.         0.         0.
 0.         0.         0.         0.         0.         0.
 0.         0.         0.         0.         0.         0.
 0.         0.         0.         0.         0.         0.
 0.         0.         0.         0.         0.         0.
 0.         0.        ]
Normalized importance:  [0.065505   0.         0.         0.         0.         0.65391016
 0.65391016 0.65391016 0.65391016 0.65391016 0.83841883 0.83841883
 0.83841883 0.83841883 0.83841883 0.48311082 0.48311082 0.48311082
 0.48311082 0.48311082 0.49530568 0.49530568 0.49530568 0.49530568
 0.49530568 0.95688297 0.95688297 0.95688297 0.95688297 0.95688297
 1.         1.         1.         1.         1.         0.06714889
 0.06714889 0.         0.06714889 0.         0.13571366 0.13571366
 0.         0.13571366 0.         0.         0.         0.
 0.         0.         0.         0.01585819 0.         0.
 0.         0.         0.         0.         0.         0.
 0.         0.         0.         0.         0.         0.
 0.         0.03194991 0.         0.         0.         0.
 0.         0.04419372 0.         0.         0.00501904 0.
 0.         0.         0.         0.         0.         0.
 0.         0.         0.         0.         0.         0.
 0.         0.         0.         0.         0.         0.
 0.         0.         0.         0.02516143 0.         0.
 0.         0.         0.         0.         0.         0.
 0.         0.         0.03965038 0.         0.         0.
 0.         0.         0.         0.         0.         0.
 0.         0.         0.         0.         0.         0.
 0.         0.         0.         0.         0.         0.
 0.         0.         0.         0.06637422 0.         0.
 0.         0.         0.         0.         0.         0.
 0.         0.         0.         0.         0.         0.
 0.         0.         0.         0.         0.         0.
 0.         0.         0.         0.         0.         0.
 0.         0.         0.         0.         0.         0.
 0.         0.         0.         0.         0.         0.01780512
 0.         0.         0.         0.         0.01975374 0.
 0.         0.         0.         0.         0.         0.
 0.         0.         0.         0.         0.         0.
 0.         0.         0.         0.         0.         0.
 0.         0.        ]
deepbreaks
y_true:  [0. 0. 0. 0. 0. 1. 1. 1. 1. 1. 1. 1. 1. 1. 1. 1. 1. 1. 1. 1. 0. 0. 0. 0.
 0. 1. 1. 1. 1. 1. 1. 1. 1. 1. 1. 0. 0. 0. 0. 0. 0. 0. 0. 0. 0. 0. 0. 0.
 0. 0. 0. 0. 0. 0. 0. 0. 0. 0. 0. 0. 0. 0. 0. 0. 0. 0. 0. 0. 0. 0. 0. 0.
 0. 0. 0. 0. 0. 0. 0. 0. 0. 0. 0. 0. 0. 0. 0. 0. 0. 0. 0. 0. 0. 0. 0. 0.
 0. 0. 0. 0. 0. 0. 0. 0. 0. 0. 0. 0. 0. 0. 0. 0. 0. 0. 0. 0. 0. 0. 0. 0.
 0. 0. 0. 0. 0. 0. 0. 0. 0. 0. 0. 0. 0. 0. 0. 0. 0. 0. 0. 0. 0. 0. 0. 0.
 0. 0. 0. 0. 0. 0. 0. 0. 0. 0. 0. 0. 0. 0. 0. 0. 0. 0. 0. 0. 0. 0. 0. 0.
 0. 0. 0. 0. 0. 0. 0. 0. 0. 0. 0. 0. 0. 0. 0. 0. 0. 0. 0. 0. 0. 0. 0. 0.
 0. 0. 0. 0. 0. 0. 0. 0.]
y_pred:  [0. 0. 0. 0. 0. 1. 1. 1. 1. 1. 1. 1. 1. 1. 1. 0. 0. 0. 0. 0. 1. 1. 1. 1.
 1. 1. 1. 1. 1. 1. 1. 1. 1. 1. 1. 0. 0. 0. 0. 0. 0. 0. 0. 0. 0. 0. 0. 0.
 0. 0. 0. 0. 0. 0. 0. 0. 0. 0. 0. 0. 0. 0. 0. 0. 0. 0. 0. 0. 0. 0. 0. 0.
 0. 0. 0. 0. 0. 0. 0. 0. 0. 0. 0. 0. 0. 0. 0. 0. 0. 0. 0. 0. 0. 0. 0. 0.
 0. 0. 0. 0. 0. 0. 0. 0. 0. 0. 0. 0. 0. 0. 0. 0. 0. 0. 0. 0. 0. 0. 0. 0.
 0. 0. 0. 0. 0. 0. 0. 0. 0. 0. 0. 0. 0. 0. 0. 0. 0. 0. 0. 0. 0. 0. 0. 0.
 0. 0. 0. 0. 0. 0. 0. 0. 0. 0. 0. 0. 0. 0. 0. 0. 0. 0. 0. 0. 0. 0. 0. 0.
 0. 0. 0. 0. 0. 0. 0. 0. 0. 0. 0. 0. 0. 0. 0. 0. 0. 0. 0. 0. 0. 0. 0. 0.
 0. 0. 0. 0. 0. 0. 0. 0.]
Normalized importance:  [0.19628099 0.16528926 0.10640496 0.17458678 0.0571281  0.83367769
 0.34710744 0.35950413 0.30681818 0.35743802 1.         0.50929752
 0.57747934 0.38533058 0.32231405 0.75309917 0.42355372 0.38946281
 0.30268595 0.47933884 0.73863636 0.34297521 0.52479339 0.30061983
 0.25206612 0.94214876 0.61363636 0.36466942 0.375      0.46590909
 0.88842975 0.49586777 0.35330579 0.50413223 0.45454545 0.22107438
 0.         0.         0.3285124  0.12190083 0.53512397 0.13429752
 0.13429752 0.21797521 0.01849174 0.         0.         0.0178719
 0.         0.         0.06559917 0.21280992 0.         0.
 0.01477273 0.         0.00396694 0.         0.         0.
 0.         0.07396694 0.         0.0231405  0.         0.0214876
 0.         0.36466942 0.12190083 0.2964876  0.         0.
 0.06126033 0.41632231 0.         0.         0.13739669 0.05402893
 0.20661157 0.         0.10433884 0.13429752 0.07345041 0.1911157
 0.         0.11983471 0.         0.13946281 0.02954545 0.03894628
 0.1714876  0.         0.15805785 0.01332645 0.04948347 0.
 0.2572314  0.04080579 0.04328512 0.20247934 0.04917355 0.
 0.         0.13326446 0.34090909 0.         0.02995868 0.
 0.14876033 0.07107438 0.39049587 0.         0.05247934 0.
 0.2107438  0.02303719 0.16632231 0.         0.         0.
 0.08068182 0.01828512 0.05030992 0.         0.21384298 0.04142562
 0.17252066 0.21487603 0.26652893 0.         0.         0.1053719
 0.         0.22830579 0.15495868 0.38429752 0.16219008 0.17768595
 0.         0.         0.         0.1714876  0.         0.
 0.09555785 0.         0.         0.         0.1642562  0.01332645
 0.09545455 0.03884298 0.         0.01735537 0.05072314 0.06384298
 0.         0.20867769 0.05433884 0.         0.         0.
 0.         0.23966942 0.19214876 0.         0.         0.27789256
 0.03078512 0.         0.08822314 0.06838843 0.09948347 0.31508264
 0.10216942 0.03264463 0.         0.21797521 0.14566116 0.12293388
 0.         0.         0.         0.1714876  0.03006198 0.
 0.09194215 0.14359504 0.19318182 0.25929752 0.1177686  0.
 0.07913223 0.         0.         0.         0.         0.12190083
 0.         0.        ]
pyseer
y_true:  [0. 0. 0. 0. 0. 1. 1. 1. 1. 1. 1. 1. 1. 1. 1. 1. 1. 1. 1. 1. 0. 0. 0. 0.
 0. 1. 1. 1. 1. 1. 1. 1. 1. 1. 1. 0. 0. 0. 0. 0. 0. 0. 0. 0. 0. 0. 0. 0.
 0. 0. 0. 0. 0. 0. 0. 0. 0. 0. 0. 0. 0. 0. 0. 0. 0. 0. 0. 0. 0. 0. 0. 0.
 0. 0. 0. 0. 0. 0. 0. 0. 0. 0. 0. 0. 0. 0. 0. 0. 0. 0. 0. 0. 0. 0. 0. 0.
 0. 0. 0. 0. 0. 0. 0. 0. 0. 0. 0. 0. 0. 0. 0. 0. 0. 0. 0. 0. 0. 0. 0. 0.
 0. 0. 0. 0. 0. 0. 0. 0. 0. 0. 0. 0. 0. 0. 0. 0. 0. 0. 0. 0. 0. 0. 0. 0.
 0. 0. 0. 0. 0. 0. 0. 0. 0. 0. 0. 0. 0. 0. 0. 0. 0. 0. 0. 0. 0. 0. 0. 0.
 0. 0. 0. 0. 0. 0. 0. 0. 0. 0. 0. 0. 0. 0. 0. 0. 0. 0. 0. 0. 0. 0. 0. 0.
 0. 0. 0. 0. 0. 0. 0. 0.]
y_pred:  [1. 1. 0. 1. 0. 1. 1. 1. 1. 1. 1. 1. 1. 1. 1. 1. 1. 1. 1. 1. 1. 1. 1. 1.
 1. 1. 1. 1. 1. 1. 1. 1. 1. 1. 1. 1. 0. 0. 1. 0. 1. 0. 0. 1. 0. 0. 0. 0.
 0. 0. 0. 1. 0. 0. 0. 0. 0. 0. 0. 0. 0. 0. 0. 0. 0. 0. 0. 1. 0. 1. 0. 0.
 0. 1. 0. 0. 0. 0. 1. 0. 0. 0. 0. 1. 0. 0. 0. 0. 0. 0. 1. 0. 0. 0. 0. 0.
 1. 0. 0. 1. 0. 0. 0. 0. 1. 0. 0. 0. 0. 0. 1. 0. 0. 0. 1. 0. 1. 0. 0. 0.
 0. 0. 0. 0. 1. 0. 1. 1. 1. 0. 0. 0. 0. 1. 0. 1. 0. 1. 0. 0. 0. 1. 0. 0.
 0. 0. 0. 0. 0. 0. 0. 0. 0. 0. 0. 0. 0. 1. 0. 0. 0. 0. 0. 1. 1. 0. 0. 1.
 0. 0. 0. 0. 0. 1. 0. 0. 0. 1. 0. 0. 0. 0. 0. 1. 0. 0. 0. 0. 1. 1. 0. 0.
 0. 0. 0. 0. 0. 0. 0. 0.]
Time taken: 23.201797485351562 seconds
Running combination 25 of 50
Fitting RandomForest...
Fitting Adaboost...
Fitting AdaBoost_2...
Fitting et...
Fitting gbc...
Fitting gbc_2...
Fitting gbc_3...
Fitting dt...
Fitting lr...
Fitting Lasso_1...
Fitting Lasso_2...
Fitting Lasso_3...
Fitting Lasso_4...
Fitting elasticnet...
VCF file created successfully.
pyseer stderr:  Read 1000 phenotypes
Detected continuous phenotype
Reading all variants

0variants [00:00, ?variants/s]
52variants [00:00, 512.09variants/s]
104variants [00:00, 458.81variants/s]
159variants [00:00, 494.83variants/s]
198variants [00:00, 499.68variants/s]
Applying correlation filtering

  0%|          | 0/198 [00:00<?, ?variants/s]
100%|██████████| 198/198 [00:00<00:00, 2719.80variants/s]
Fitting elastic net to top 148 variants
Best penalty (lambda) from cross-validation: 1.66E+01
Best R^2 from cross-validation: 0.526
Finding and printing selected variants
198 loaded variants
50 pre-filtered variants
148 tested variants
141 printed variants

True importance standardized:  [0.9420562  0.9420562  0.9420562  0.9420562  0.9420562  0.29357506
 0.29357506 0.29357506 0.29357506 0.29357506 0.11139782 0.11139782
 0.11139782 0.11139782 0.11139782 0.86761614 0.86761614 0.86761614
 0.86761614 0.86761614 0.12703562 0.12703562 0.12703562 0.12703562
 0.12703562 0.58265022 0.58265022 0.58265022 0.58265022 0.58265022
 0.28298602 0.28298602 0.28298602 0.28298602 0.28298602 0.68889869
 0.68889869 0.68889869 0.68889869 0.68889869 1.         1.
 1.         1.         1.         0.46341468 0.46341468 0.46341468
 0.46341468 0.46341468 0.         0.         0.         0.
 0.         0.         0.         0.         0.         0.
 0.         0.         0.         0.         0.         0.
 0.         0.         0.         0.         0.         0.
 0.         0.         0.         0.         0.         0.
 0.         0.         0.         0.         0.         0.
 0.         0.         0.         0.         0.         0.
 0.         0.         0.         0.         0.         0.
 0.         0.         0.         0.         0.         0.
 0.         0.         0.         0.         0.         0.
 0.         0.         0.         0.         0.         0.
 0.         0.         0.         0.         0.         0.
 0.         0.         0.         0.         0.         0.
 0.         0.         0.         0.         0.         0.
 0.         0.         0.         0.         0.         0.
 0.         0.         0.         0.         0.         0.
 0.         0.         0.         0.         0.         0.
 0.         0.         0.         0.         0.         0.
 0.         0.         0.         0.         0.         0.
 0.         0.         0.         0.         0.         0.
 0.         0.         0.         0.         0.         0.
 0.         0.         0.         0.         0.         0.
 0.         0.         0.         0.         0.         0.
 0.         0.         0.         0.         0.         0.
 0.         0.         0.         0.         0.         0.
 0.         0.        ]
Normalized importance:  [1.         1.         1.         1.         1.         0.04826021
 0.04826021 0.04826021 0.04826021 0.04826021 0.         0.
 0.         0.         0.         0.60280225 0.60280225 0.60280225
 0.60280225 0.60280225 0.         0.         0.         0.
 0.         0.2411963  0.2411963  0.2411963  0.2411963  0.2411963
 0.0564471  0.0564471  0.0564471  0.0564471  0.0564471  0.50355195
 0.50355195 0.50355195 0.50355195 0.50355195 0.90035409 0.90035409
 0.90035409 0.90035409 0.90035409 0.09279925 0.09279925 0.09279925
 0.09279925 0.09279925 0.         0.         0.         0.
 0.         0.03512825 0.         0.         0.         0.
 0.         0.         0.         0.         0.         0.
 0.         0.         0.         0.         0.01716561 0.
 0.         0.         0.         0.         0.         0.
 0.         0.         0.         0.         0.         0.
 0.         0.         0.         0.         0.         0.
 0.         0.03307885 0.         0.         0.         0.
 0.         0.         0.         0.         0.         0.
 0.         0.         0.         0.         0.05548122 0.
 0.         0.         0.         0.         0.         0.
 0.         0.         0.         0.         0.04945765 0.
 0.         0.         0.         0.         0.         0.
 0.         0.         0.         0.         0.         0.
 0.         0.         0.         0.         0.         0.
 0.         0.         0.         0.03748704 0.         0.
 0.         0.         0.         0.         0.         0.
 0.         0.         0.         0.         0.         0.
 0.         0.         0.01494353 0.         0.         0.
 0.         0.         0.         0.         0.         0.
 0.         0.         0.         0.         0.         0.02627505
 0.         0.         0.         0.         0.         0.
 0.         0.         0.         0.         0.00937627 0.02260587
 0.         0.02322263 0.         0.         0.         0.
 0.         0.         0.         0.         0.         0.01652298
 0.         0.        ]
deepbreaks
y_true:  [1. 1. 1. 1. 1. 0. 0. 0. 0. 0. 0. 0. 0. 0. 0. 1. 1. 1. 1. 1. 0. 0. 0. 0.
 0. 1. 1. 1. 1. 1. 0. 0. 0. 0. 0. 1. 1. 1. 1. 1. 1. 1. 1. 1. 1. 0. 0. 0.
 0. 0. 0. 0. 0. 0. 0. 0. 0. 0. 0. 0. 0. 0. 0. 0. 0. 0. 0. 0. 0. 0. 0. 0.
 0. 0. 0. 0. 0. 0. 0. 0. 0. 0. 0. 0. 0. 0. 0. 0. 0. 0. 0. 0. 0. 0. 0. 0.
 0. 0. 0. 0. 0. 0. 0. 0. 0. 0. 0. 0. 0. 0. 0. 0. 0. 0. 0. 0. 0. 0. 0. 0.
 0. 0. 0. 0. 0. 0. 0. 0. 0. 0. 0. 0. 0. 0. 0. 0. 0. 0. 0. 0. 0. 0. 0. 0.
 0. 0. 0. 0. 0. 0. 0. 0. 0. 0. 0. 0. 0. 0. 0. 0. 0. 0. 0. 0. 0. 0. 0. 0.
 0. 0. 0. 0. 0. 0. 0. 0. 0. 0. 0. 0. 0. 0. 0. 0. 0. 0. 0. 0. 0. 0. 0. 0.
 0. 0. 0. 0. 0. 0. 0. 0.]
y_pred:  [1. 1. 1. 1. 1. 0. 0. 0. 0. 0. 0. 0. 0. 0. 0. 1. 1. 1. 1. 1. 0. 0. 0. 0.
 0. 1. 1. 1. 1. 1. 0. 0. 0. 0. 0. 1. 1. 1. 1. 1. 1. 1. 1. 1. 1. 1. 1. 1.
 1. 1. 0. 0. 0. 0. 0. 0. 0. 0. 0. 0. 0. 0. 0. 0. 0. 0. 0. 0. 0. 0. 0. 0.
 0. 0. 0. 0. 0. 0. 0. 0. 0. 0. 0. 0. 0. 0. 0. 0. 0. 0. 0. 0. 0. 0. 0. 0.
 0. 0. 0. 0. 0. 0. 0. 0. 0. 0. 0. 0. 0. 0. 0. 0. 0. 0. 0. 0. 0. 0. 0. 0.
 0. 0. 0. 0. 0. 0. 0. 0. 0. 0. 0. 0. 0. 0. 0. 0. 0. 0. 0. 0. 0. 0. 0. 0.
 0. 0. 0. 0. 0. 0. 0. 0. 0. 0. 0. 0. 0. 0. 0. 0. 0. 0. 0. 0. 0. 0. 0. 0.
 0. 0. 0. 0. 0. 0. 0. 0. 0. 0. 0. 0. 0. 0. 0. 0. 0. 0. 0. 0. 0. 0. 0. 0.
 0. 0. 0. 0. 0. 0. 0. 0.]
Normalized importance:  [0.88288288 0.42213642 0.46846847 0.52252252 0.54311454 0.25997426
 0.27155727 0.18790219 0.         0.15315315 0.08429858 0.
 0.07104247 0.16602317 0.01956242 0.67438867 0.23423423 0.46332046
 0.65379665 0.40540541 0.10875161 0.         0.         0.03346203
 0.         0.62290862 0.23809524 0.12187902 0.18532819 0.23294723
 0.33462033 0.01943372 0.18146718 0.23423423 0.14028314 0.61132561
 0.11776062 0.4993565  0.2020592  0.36293436 1.         0.27413127
 0.49163449 0.63577864 0.29086229 0.43500644 0.08455598 0.06190476
 0.35006435 0.32689833 0.27284427 0.08571429 0.03410553 0.
 0.         0.14414414 0.01338481 0.1033462  0.20592021 0.
 0.         0.         0.         0.01904762 0.02445302 0.
 0.         0.         0.20978121 0.21750322 0.21879022 0.
 0.         0.04285714 0.03333333 0.14028314 0.05315315 0.07078507
 0.         0.0118018  0.12136422 0.         0.04208494 0.
 0.08275418 0.09227799 0.02882883 0.         0.         0.
 0.07670528 0.13384813 0.         0.         0.06241956 0.14929215
 0.01788932 0.11145431 0.08751609 0.09111969 0.10926641 0.
 0.11557272 0.         0.01891892 0.13899614 0.27799228 0.
 0.13642214 0.15958816 0.00576577 0.03513514 0.         0.16731017
 0.11981982 0.05341055 0.06409266 0.         0.23680824 0.2046332
 0.06782497 0.13256113 0.         0.24967825 0.         0.
 0.         0.         0.04890605 0.         0.18661519 0.
 0.02805663 0.06692407 0.         0.         0.         0.22908623
 0.08880309 0.04247104 0.17374517 0.36293436 0.07696268 0.06113256
 0.         0.22007722 0.02664093 0.15444015 0.         0.01492921
 0.         0.05083655 0.07773488 0.         0.01634492 0.0970399
 0.06151866 0.         0.12586873 0.07194337 0.         0.0992278
 0.         0.08005148 0.00116474 0.01557272 0.07554698 0.02406692
 0.         0.         0.02059202 0.         0.15315315 0.19047619
 0.         0.07915058 0.11660232 0.11557272 0.0985843  0.
 0.         0.24839125 0.         0.15186615 0.04607465 0.27413127
 0.01505792 0.24839125 0.00727156 0.04916345 0.         0.
 0.         0.         0.08906049 0.13384813 0.07078507 0.17503218
 0.         0.        ]
pyseer
y_true:  [1. 1. 1. 1. 1. 0. 0. 0. 0. 0. 0. 0. 0. 0. 0. 1. 1. 1. 1. 1. 0. 0. 0. 0.
 0. 1. 1. 1. 1. 1. 0. 0. 0. 0. 0. 1. 1. 1. 1. 1. 1. 1. 1. 1. 1. 0. 0. 0.
 0. 0. 0. 0. 0. 0. 0. 0. 0. 0. 0. 0. 0. 0. 0. 0. 0. 0. 0. 0. 0. 0. 0. 0.
 0. 0. 0. 0. 0. 0. 0. 0. 0. 0. 0. 0. 0. 0. 0. 0. 0. 0. 0. 0. 0. 0. 0. 0.
 0. 0. 0. 0. 0. 0. 0. 0. 0. 0. 0. 0. 0. 0. 0. 0. 0. 0. 0. 0. 0. 0. 0. 0.
 0. 0. 0. 0. 0. 0. 0. 0. 0. 0. 0. 0. 0. 0. 0. 0. 0. 0. 0. 0. 0. 0. 0. 0.
 0. 0. 0. 0. 0. 0. 0. 0. 0. 0. 0. 0. 0. 0. 0. 0. 0. 0. 0. 0. 0. 0. 0. 0.
 0. 0. 0. 0. 0. 0. 0. 0. 0. 0. 0. 0. 0. 0. 0. 0. 0. 0. 0. 0. 0. 0. 0. 0.
 0. 0. 0. 0. 0. 0. 0. 0.]
y_pred:  [1. 1. 1. 1. 1. 1. 1. 1. 0. 1. 0. 0. 0. 1. 0. 1. 1. 1. 1. 1. 0. 0. 0. 0.
 0. 1. 1. 1. 1. 1. 1. 0. 1. 1. 1. 1. 0. 1. 1. 1. 1. 1. 1. 1. 1. 1. 0. 0.
 1. 1. 1. 0. 0. 0. 0. 1. 0. 0. 1. 0. 0. 0. 0. 0. 0. 0. 0. 0. 1. 1. 1. 0.
 0. 0. 0. 1. 0. 0. 0. 0. 1. 0. 0. 0. 0. 0. 0. 0. 0. 0. 0. 1. 0. 0. 0. 1.
 0. 0. 0. 0. 0. 0. 0. 0. 0. 1. 1. 0. 1. 1. 0. 0. 0. 1. 1. 0. 0. 0. 1. 1.
 0. 1. 0. 1. 0. 0. 0. 0. 0. 0. 1. 0. 0. 0. 0. 0. 0. 1. 0. 0. 1. 1. 0. 0.
 0. 1. 0. 1. 0. 0. 0. 0. 0. 0. 0. 0. 0. 0. 1. 0. 0. 0. 0. 0. 0. 0. 0. 0.
 0. 0. 0. 0. 1. 1. 0. 0. 0. 0. 0. 0. 0. 1. 0. 1. 0. 1. 0. 1. 0. 0. 0. 0.
 0. 0. 0. 1. 0. 1. 0. 0.]
Time taken: 23.73012137413025 seconds
Running combination 26 of 50
Fitting RandomForest...
Fitting Adaboost...
Fitting AdaBoost_2...
Fitting et...
Fitting gbc...
Fitting gbc_2...
Fitting gbc_3...
Fitting dt...
Fitting lr...
Fitting Lasso_1...
Fitting Lasso_2...
Fitting Lasso_3...
Fitting Lasso_4...
Fitting elasticnet...
VCF file created successfully.
pyseer stderr:  Read 1000 phenotypes
Detected continuous phenotype
Reading all variants

0variants [00:00, ?variants/s]
54variants [00:00, 534.51variants/s]
108variants [00:00, 471.40variants/s]
163variants [00:00, 501.42variants/s]
198variants [00:00, 506.49variants/s]
Applying correlation filtering

  0%|          | 0/198 [00:00<?, ?variants/s]
100%|██████████| 198/198 [00:00<00:00, 2716.77variants/s]
Fitting elastic net to top 148 variants
Best penalty (lambda) from cross-validation: 7.86E+00
Best R^2 from cross-validation: 0.526
Finding and printing selected variants
198 loaded variants
50 pre-filtered variants
148 tested variants
137 printed variants

True importance standardized:  [0.80322832 0.80322832 0.80322832 0.80322832 0.80322832 0.3704516
 0.3704516  0.3704516  0.3704516  0.3704516  1.         1.
 1.         1.         1.         0.27356528 0.27356528 0.27356528
 0.27356528 0.27356528 0.73181567 0.73181567 0.73181567 0.73181567
 0.73181567 0.68973551 0.68973551 0.68973551 0.68973551 0.68973551
 0.93564061 0.93564061 0.93564061 0.93564061 0.93564061 0.54979811
 0.54979811 0.54979811 0.54979811 0.54979811 0.17830831 0.17830831
 0.17830831 0.17830831 0.17830831 0.67826415 0.67826415 0.67826415
 0.67826415 0.67826415 0.         0.         0.         0.
 0.         0.         0.         0.         0.         0.
 0.         0.         0.         0.         0.         0.
 0.         0.         0.         0.         0.         0.
 0.         0.         0.         0.         0.         0.
 0.         0.         0.         0.         0.         0.
 0.         0.         0.         0.         0.         0.
 0.         0.         0.         0.         0.         0.
 0.         0.         0.         0.         0.         0.
 0.         0.         0.         0.         0.         0.
 0.         0.         0.         0.         0.         0.
 0.         0.         0.         0.         0.         0.
 0.         0.         0.         0.         0.         0.
 0.         0.         0.         0.         0.         0.
 0.         0.         0.         0.         0.         0.
 0.         0.         0.         0.         0.         0.
 0.         0.         0.         0.         0.         0.
 0.         0.         0.         0.         0.         0.
 0.         0.         0.         0.         0.         0.
 0.         0.         0.         0.         0.         0.
 0.         0.         0.         0.         0.         0.
 0.         0.         0.         0.         0.         0.
 0.         0.         0.         0.         0.         0.
 0.         0.         0.         0.         0.         0.
 0.         0.         0.         0.         0.         0.
 0.         0.        ]
Normalized importance:  [0.70792965 0.70792965 0.70792965 0.70792965 0.70792965 0.10590184
 0.10590184 0.10590184 0.10590184 0.10590184 1.         1.
 1.         1.         1.         0.08940414 0.08940414 0.08940414
 0.08940414 0.08940414 0.7369252  0.7369252  0.7369252  0.7369252
 0.7369252  0.24554842 0.24554842 0.24554842 0.24554842 0.24554842
 0.88097465 0.88097465 0.88097465 0.88097465 0.88097465 0.36128984
 0.36128984 0.36128984 0.36128984 0.36128984 0.         0.
 0.         0.         0.         0.54630506 0.54630506 0.54630506
 0.54630506 0.54630506 0.         0.         0.         0.
 0.         0.         0.         0.         0.         0.
 0.         0.         0.         0.         0.03521074 0.
 0.         0.         0.         0.         0.         0.
 0.         0.         0.01357607 0.         0.         0.
 0.         0.         0.         0.         0.         0.
 0.         0.         0.         0.         0.         0.
 0.         0.         0.         0.         0.         0.
 0.         0.         0.         0.         0.05757375 0.
 0.         0.         0.         0.05827622 0.         0.
 0.         0.         0.         0.         0.         0.
 0.         0.04732377 0.         0.         0.         0.
 0.         0.         0.         0.         0.         0.
 0.         0.         0.         0.         0.         0.
 0.         0.         0.         0.         0.         0.
 0.         0.         0.         0.         0.         0.
 0.         0.         0.         0.         0.01855164 0.
 0.         0.         0.         0.         0.         0.
 0.         0.         0.         0.         0.         0.
 0.         0.         0.         0.         0.         0.
 0.         0.         0.         0.         0.         0.
 0.         0.         0.         0.         0.         0.
 0.         0.         0.         0.         0.         0.
 0.         0.         0.         0.         0.         0.
 0.         0.         0.         0.         0.         0.
 0.         0.        ]
deepbreaks
y_true:  [1. 1. 1. 1. 1. 0. 0. 0. 0. 0. 1. 1. 1. 1. 1. 0. 0. 0. 0. 0. 1. 1. 1. 1.
 1. 1. 1. 1. 1. 1. 1. 1. 1. 1. 1. 0. 0. 0. 0. 0. 0. 0. 0. 0. 0. 0. 0. 0.
 0. 0. 0. 0. 0. 0. 0. 0. 0. 0. 0. 0. 0. 0. 0. 0. 0. 0. 0. 0. 0. 0. 0. 0.
 0. 0. 0. 0. 0. 0. 0. 0. 0. 0. 0. 0. 0. 0. 0. 0. 0. 0. 0. 0. 0. 0. 0. 0.
 0. 0. 0. 0. 0. 0. 0. 0. 0. 0. 0. 0. 0. 0. 0. 0. 0. 0. 0. 0. 0. 0. 0. 0.
 0. 0. 0. 0. 0. 0. 0. 0. 0. 0. 0. 0. 0. 0. 0. 0. 0. 0. 0. 0. 0. 0. 0. 0.
 0. 0. 0. 0. 0. 0. 0. 0. 0. 0. 0. 0. 0. 0. 0. 0. 0. 0. 0. 0. 0. 0. 0. 0.
 0. 0. 0. 0. 0. 0. 0. 0. 0. 0. 0. 0. 0. 0. 0. 0. 0. 0. 0. 0. 0. 0. 0. 0.
 0. 0. 0. 0. 0. 0. 0. 0.]
y_pred:  [1. 1. 1. 1. 1. 0. 0. 0. 0. 0. 1. 1. 1. 1. 1. 0. 0. 0. 0. 0. 1. 1. 1. 1.
 1. 0. 0. 0. 0. 0. 1. 1. 1. 1. 1. 1. 1. 1. 1. 1. 0. 0. 0. 0. 0. 1. 1. 1.
 1. 1. 0. 0. 0. 0. 0. 0. 0. 0. 0. 0. 0. 0. 0. 0. 0. 0. 0. 0. 0. 0. 0. 0.
 0. 0. 0. 0. 0. 0. 0. 0. 0. 0. 0. 0. 0. 0. 0. 0. 0. 0. 0. 0. 0. 0. 0. 0.
 0. 0. 0. 0. 0. 0. 0. 0. 0. 0. 0. 0. 0. 0. 0. 0. 0. 0. 0. 0. 0. 0. 0. 0.
 0. 0. 0. 0. 0. 0. 0. 0. 0. 0. 0. 0. 0. 0. 0. 0. 0. 0. 0. 0. 0. 0. 0. 0.
 0. 0. 0. 0. 0. 0. 0. 0. 0. 0. 0. 0. 0. 0. 0. 0. 0. 0. 0. 0. 0. 0. 0. 0.
 0. 0. 0. 0. 0. 0. 0. 0. 0. 0. 0. 0. 0. 0. 0. 0. 0. 0. 0. 0. 0. 0. 0. 0.
 0. 0. 0. 0. 0. 0. 0. 0.]
Normalized importance:  [7.40291262e-01 5.65533981e-01 2.91262136e-01 5.77669903e-01
 2.91262136e-01 3.20388350e-01 0.00000000e+00 2.88834951e-01
 7.08737864e-02 5.67961165e-02 1.00000000e+00 5.36407767e-01
 3.71359223e-01 4.22330097e-01 1.75970874e-01 3.85922330e-01
 1.38834951e-02 7.79126214e-02 0.00000000e+00 2.88834951e-01
 8.47087379e-01 4.29611650e-01 7.40291262e-02 3.93203883e-01
 5.26699029e-01 5.89805825e-01 2.57281553e-01 1.36893204e-01
 8.85922330e-02 3.42233010e-01 9.34466019e-01 3.30097087e-01
 4.41747573e-01 4.70873786e-01 4.44174757e-01 6.96601942e-01
 3.83495146e-01 2.40291262e-01 2.19417476e-02 5.38834951e-02
 1.01456311e-01 2.54854369e-01 7.35436893e-03 8.95631068e-02
 1.71601942e-01 7.20873786e-01 2.52427184e-01 2.76699029e-01
 1.14320388e-01 2.42718447e-01 6.65048544e-02 0.00000000e+00
 7.20873786e-02 1.56553398e-01 1.97330097e-01 0.00000000e+00
 0.00000000e+00 6.60194175e-02 0.00000000e+00 0.00000000e+00
 0.00000000e+00 8.22815534e-02 0.00000000e+00 4.10194175e-04
 3.27669903e-01 6.94174757e-02 1.58980583e-01 1.95388350e-01
 9.24757282e-02 4.56310680e-02 1.15533981e-01 8.78640777e-02
 0.00000000e+00 0.00000000e+00 1.41990291e-01 1.21359223e-01
 5.02427184e-02 0.00000000e+00 2.86407767e-02 0.00000000e+00
 0.00000000e+00 1.33252427e-02 0.00000000e+00 5.19417476e-02
 8.30097087e-02 1.26941748e-01 0.00000000e+00 4.41747573e-02
 2.81553398e-01 6.50485437e-02 8.54368932e-02 0.00000000e+00
 1.88592233e-01 4.73300971e-02 1.97087379e-01 1.74514563e-01
 0.00000000e+00 1.37864078e-01 1.82281553e-01 6.21359223e-02
 2.42718447e-01 0.00000000e+00 8.20388350e-03 2.04368932e-01
 0.00000000e+00 2.79126214e-01 8.27669903e-02 0.00000000e+00
 1.00242718e-01 1.28640777e-01 1.55097087e-01 1.30825243e-01
 2.17233010e-01 0.00000000e+00 3.83495146e-04 4.61165049e-01
 0.00000000e+00 2.30825243e-01 0.00000000e+00 1.58737864e-01
 0.00000000e+00 0.00000000e+00 1.58009709e-01 0.00000000e+00
 1.33009709e-01 0.00000000e+00 3.68932039e-02 0.00000000e+00
 1.92233010e-02 2.00242718e-02 5.00000000e-02 3.22815534e-02
 0.00000000e+00 6.21359223e-03 5.82524272e-02 5.02427184e-02
 0.00000000e+00 6.91747573e-02 0.00000000e+00 0.00000000e+00
 2.00485437e-01 1.29368932e-01 0.00000000e+00 0.00000000e+00
 9.66019417e-02 0.00000000e+00 3.25242718e-03 6.65048544e-02
 1.45873786e-01 1.87135922e-01 7.01456311e-02 0.00000000e+00
 0.00000000e+00 1.00485437e-01 0.00000000e+00 0.00000000e+00
 0.00000000e+00 2.33737864e-02 8.54368932e-02 0.00000000e+00
 0.00000000e+00 1.51699029e-01 0.00000000e+00 1.29126214e-01
 8.61650485e-02 0.00000000e+00 0.00000000e+00 0.00000000e+00
 0.00000000e+00 6.69902913e-02 0.00000000e+00 1.83009709e-02
 0.00000000e+00 0.00000000e+00 0.00000000e+00 0.00000000e+00
 0.00000000e+00 6.69902913e-02 0.00000000e+00 0.00000000e+00
 1.38592233e-01 2.38592233e-01 0.00000000e+00 1.90291262e-01
 1.63592233e-01 8.27669903e-02 1.26456311e-01 3.05825243e-01
 8.22815534e-02 0.00000000e+00 0.00000000e+00 5.43689320e-02
 1.45145631e-01 1.82281553e-01 0.00000000e+00 2.62135922e-01
 4.02912621e-02 0.00000000e+00 0.00000000e+00 0.00000000e+00]
pyseer
y_true:  [1. 1. 1. 1. 1. 0. 0. 0. 0. 0. 1. 1. 1. 1. 1. 0. 0. 0. 0. 0. 1. 1. 1. 1.
 1. 1. 1. 1. 1. 1. 1. 1. 1. 1. 1. 0. 0. 0. 0. 0. 0. 0. 0. 0. 0. 0. 0. 0.
 0. 0. 0. 0. 0. 0. 0. 0. 0. 0. 0. 0. 0. 0. 0. 0. 0. 0. 0. 0. 0. 0. 0. 0.
 0. 0. 0. 0. 0. 0. 0. 0. 0. 0. 0. 0. 0. 0. 0. 0. 0. 0. 0. 0. 0. 0. 0. 0.
 0. 0. 0. 0. 0. 0. 0. 0. 0. 0. 0. 0. 0. 0. 0. 0. 0. 0. 0. 0. 0. 0. 0. 0.
 0. 0. 0. 0. 0. 0. 0. 0. 0. 0. 0. 0. 0. 0. 0. 0. 0. 0. 0. 0. 0. 0. 0. 0.
 0. 0. 0. 0. 0. 0. 0. 0. 0. 0. 0. 0. 0. 0. 0. 0. 0. 0. 0. 0. 0. 0. 0. 0.
 0. 0. 0. 0. 0. 0. 0. 0. 0. 0. 0. 0. 0. 0. 0. 0. 0. 0. 0. 0. 0. 0. 0. 0.
 0. 0. 0. 0. 0. 0. 0. 0.]
y_pred:  [1. 1. 1. 1. 1. 1. 0. 1. 0. 0. 1. 1. 1. 1. 1. 1. 0. 0. 0. 1. 1. 1. 0. 1.
 1. 1. 1. 1. 0. 1. 1. 1. 1. 1. 1. 1. 1. 1. 0. 0. 0. 1. 0. 0. 1. 1. 1. 1.
 0. 1. 0. 0. 0. 1. 1. 0. 0. 0. 0. 0. 0. 0. 0. 0. 1. 0. 1. 1. 0. 0. 0. 0.
 0. 0. 1. 0. 0. 0. 0. 0. 0. 0. 0. 0. 0. 0. 0. 0. 1. 0. 0. 0. 1. 0. 1. 1.
 0. 1. 1. 0. 1. 0. 0. 1. 0. 1. 0. 0. 0. 0. 1. 0. 1. 0. 0. 1. 0. 1. 0. 1.
 0. 0. 1. 0. 0. 0. 0. 0. 0. 0. 0. 0. 0. 0. 0. 0. 0. 0. 0. 0. 1. 0. 0. 0.
 0. 0. 0. 0. 1. 1. 0. 0. 0. 0. 0. 0. 0. 0. 0. 0. 0. 1. 0. 0. 0. 0. 0. 0.
 0. 0. 0. 0. 0. 0. 0. 0. 0. 0. 0. 0. 1. 1. 0. 1. 1. 0. 0. 1. 0. 0. 0. 0.
 1. 1. 0. 1. 0. 0. 0. 0.]
Time taken: 24.679962873458862 seconds
Running combination 27 of 50
Fitting RandomForest...
Fitting Adaboost...
Fitting AdaBoost_2...
Fitting et...
Fitting gbc...
Fitting gbc_2...
Fitting gbc_3...
Fitting dt...
Fitting lr...
Fitting Lasso_1...
Fitting Lasso_2...
Fitting Lasso_3...
Fitting Lasso_4...
Fitting elasticnet...
VCF file created successfully.
pyseer stderr:  Read 1000 phenotypes
Detected continuous phenotype
Reading all variants

0variants [00:00, ?variants/s]
56variants [00:00, 551.29variants/s]
112variants [00:00, 482.88variants/s]
168variants [00:00, 512.69variants/s]
198variants [00:00, 516.61variants/s]
Applying correlation filtering

  0%|          | 0/198 [00:00<?, ?variants/s]
100%|██████████| 198/198 [00:00<00:00, 2621.79variants/s]
Fitting elastic net to top 148 variants
Best penalty (lambda) from cross-validation: 1.47E+01
Best R^2 from cross-validation: 0.532
Finding and printing selected variants
198 loaded variants
50 pre-filtered variants
148 tested variants
137 printed variants

True importance standardized:  [0.82516163 0.82516163 0.82516163 0.82516163 0.82516163 0.66611306
 0.66611306 0.66611306 0.66611306 0.66611306 0.36685772 0.36685772
 0.36685772 0.36685772 0.36685772 0.29332583 0.29332583 0.29332583
 0.29332583 0.29332583 0.47419908 0.47419908 0.47419908 0.47419908
 0.47419908 0.30713747 0.30713747 0.30713747 0.30713747 0.30713747
 0.32444366 0.32444366 0.32444366 0.32444366 0.32444366 1.
 1.         1.         1.         1.         0.94773017 0.94773017
 0.94773017 0.94773017 0.94773017 0.41850705 0.41850705 0.41850705
 0.41850705 0.41850705 0.         0.         0.         0.
 0.         0.         0.         0.         0.         0.
 0.         0.         0.         0.         0.         0.
 0.         0.         0.         0.         0.         0.
 0.         0.         0.         0.         0.         0.
 0.         0.         0.         0.         0.         0.
 0.         0.         0.         0.         0.         0.
 0.         0.         0.         0.         0.         0.
 0.         0.         0.         0.         0.         0.
 0.         0.         0.         0.         0.         0.
 0.         0.         0.         0.         0.         0.
 0.         0.         0.         0.         0.         0.
 0.         0.         0.         0.         0.         0.
 0.         0.         0.         0.         0.         0.
 0.         0.         0.         0.         0.         0.
 0.         0.         0.         0.         0.         0.
 0.         0.         0.         0.         0.         0.
 0.         0.         0.         0.         0.         0.
 0.         0.         0.         0.         0.         0.
 0.         0.         0.         0.         0.         0.
 0.         0.         0.         0.         0.         0.
 0.         0.         0.         0.         0.         0.
 0.         0.         0.         0.         0.         0.
 0.         0.         0.         0.         0.         0.
 0.         0.         0.         0.         0.         0.
 0.         0.        ]
Normalized importance:  [0.61901786 0.61901786 0.61901786 0.61901786 0.61901786 0.25987526
 0.25987526 0.25987526 0.25987526 0.25987526 0.2012756  0.2012756
 0.2012756  0.2012756  0.2012756  0.12868954 0.12868954 0.12868954
 0.12868954 0.         0.27619493 0.27619493 0.27619493 0.27619493
 0.27619493 0.06028694 0.06028694 0.06028694 0.         0.
 0.09585968 0.09585968 0.09585968 0.09585968 0.09585968 0.88841635
 0.88841635 0.88841635 0.88841635 0.88841635 1.         1.
 1.         1.         1.         0.13175567 0.13175567 0.13175567
 0.13175567 0.13175567 0.         0.         0.         0.
 0.         0.         0.         0.         0.         0.
 0.         0.         0.         0.         0.         0.
 0.         0.         0.         0.         0.         0.
 0.         0.01471946 0.         0.         0.         0.
 0.         0.         0.00734081 0.         0.         0.
 0.         0.         0.         0.         0.         0.
 0.         0.         0.         0.         0.01848177 0.01416678
 0.         0.         0.         0.         0.         0.
 0.         0.         0.         0.         0.         0.
 0.         0.         0.         0.         0.         0.
 0.         0.         0.         0.         0.         0.
 0.         0.         0.         0.         0.         0.
 0.         0.         0.         0.         0.         0.
 0.         0.         0.         0.         0.         0.
 0.         0.03227078 0.         0.         0.         0.
 0.         0.         0.         0.         0.         0.
 0.         0.         0.         0.         0.         0.
 0.         0.         0.         0.         0.         0.
 0.         0.0538279  0.         0.         0.         0.
 0.         0.         0.         0.         0.         0.
 0.         0.         0.         0.         0.         0.
 0.         0.         0.         0.         0.02091607 0.03935656
 0.         0.         0.         0.         0.         0.
 0.         0.         0.         0.         0.         0.
 0.         0.        ]
deepbreaks
y_true:  [1. 1. 1. 1. 1. 1. 1. 1. 1. 1. 0. 0. 0. 0. 0. 0. 0. 0. 0. 0. 1. 1. 1. 1.
 1. 0. 0. 0. 0. 0. 0. 0. 0. 0. 0. 1. 1. 1. 1. 1. 1. 1. 1. 1. 1. 0. 0. 0.
 0. 0. 0. 0. 0. 0. 0. 0. 0. 0. 0. 0. 0. 0. 0. 0. 0. 0. 0. 0. 0. 0. 0. 0.
 0. 0. 0. 0. 0. 0. 0. 0. 0. 0. 0. 0. 0. 0. 0. 0. 0. 0. 0. 0. 0. 0. 0. 0.
 0. 0. 0. 0. 0. 0. 0. 0. 0. 0. 0. 0. 0. 0. 0. 0. 0. 0. 0. 0. 0. 0. 0. 0.
 0. 0. 0. 0. 0. 0. 0. 0. 0. 0. 0. 0. 0. 0. 0. 0. 0. 0. 0. 0. 0. 0. 0. 0.
 0. 0. 0. 0. 0. 0. 0. 0. 0. 0. 0. 0. 0. 0. 0. 0. 0. 0. 0. 0. 0. 0. 0. 0.
 0. 0. 0. 0. 0. 0. 0. 0. 0. 0. 0. 0. 0. 0. 0. 0. 0. 0. 0. 0. 0. 0. 0. 0.
 0. 0. 0. 0. 0. 0. 0. 0.]
y_pred:  [1. 1. 1. 1. 1. 1. 1. 1. 1. 1. 1. 1. 1. 1. 1. 0. 0. 0. 0. 0. 1. 1. 1. 1.
 1. 0. 0. 0. 0. 0. 0. 0. 0. 0. 0. 1. 1. 1. 1. 1. 1. 1. 1. 1. 1. 0. 0. 0.
 0. 0. 0. 0. 0. 0. 0. 0. 0. 0. 0. 0. 0. 0. 0. 0. 0. 0. 0. 0. 0. 0. 0. 0.
 0. 0. 0. 0. 0. 0. 0. 0. 0. 0. 0. 0. 0. 0. 0. 0. 0. 0. 0. 0. 0. 0. 0. 0.
 0. 0. 0. 0. 0. 0. 0. 0. 0. 0. 0. 0. 0. 0. 0. 0. 0. 0. 0. 0. 0. 0. 0. 0.
 0. 0. 0. 0. 0. 0. 0. 0. 0. 0. 0. 0. 0. 0. 0. 0. 0. 0. 0. 0. 0. 0. 0. 0.
 0. 0. 0. 0. 0. 0. 0. 0. 0. 0. 0. 0. 0. 0. 0. 0. 0. 0. 0. 0. 0. 0. 0. 0.
 0. 0. 0. 0. 0. 0. 0. 0. 0. 0. 0. 0. 0. 0. 0. 0. 0. 0. 0. 0. 0. 0. 0. 0.
 0. 0. 0. 0. 0. 0. 0. 0.]
Normalized importance:  [0.85309973 0.55121294 0.26415094 0.19407008 0.3638814  0.6509434
 0.07641509 0.24393531 0.29919137 0.5        0.37196765 0.28706199
 0.15229111 0.05296496 0.30458221 0.32479784 0.06927224 0.23315364
 0.4393531  0.         0.60107817 0.1115903  0.23315364 0.
 0.44878706 0.29649596 0.13072776 0.23719677 0.         0.06644205
 0.15229111 0.26010782 0.2574124  0.10552561 0.11765499 0.94743935
 0.50404313 0.50943396 0.43126685 0.44878706 1.         0.42991914
 0.21967655 0.40431267 0.54447439 0.3328841  0.29919137 0.19407008
 0.         0.21698113 0.03557951 0.         0.         0.
 0.         0.10700809 0.02857143 0.         0.10727763 0.14824798
 0.         0.0384097  0.         0.1074124  0.10916442 0.23854447
 0.         0.05458221 0.         0.04177898 0.11549865 0.20754717
 0.         0.19137466 0.         0.02695418 0.         0.10997305
 0.         0.10377358 0.11832884 0.06415094 0.16981132 0.
 0.         0.         0.         0.24123989 0.14420485 0.06442049
 0.06024259 0.01819407 0.29245283 0.         0.03544474 0.01277628
 0.         0.10256065 0.         0.         0.1509434  0.11212938
 0.         0.         0.02061995 0.03571429 0.01347709 0.
 0.11361186 0.02439353 0.15229111 0.         0.24123989 0.
 0.13881402 0.10566038 0.08881402 0.         0.19272237 0.17250674
 0.24797844 0.04649596 0.1319407  0.12614555 0.         0.
 0.10808625 0.0030593  0.10673854 0.         0.         0.07425876
 0.04231806 0.         0.         0.         0.         0.
 0.03827493 0.16172507 0.00719677 0.01657682 0.         0.
 0.12574124 0.08140162 0.14959569 0.12466307 0.04946092 0.
 0.         0.0893531  0.         0.12897574 0.11671159 0.
 0.04690027 0.18867925 0.         0.         0.14555256 0.
 0.06037736 0.25067385 0.18598383 0.14555256 0.         0.17250674
 0.0296496  0.         0.         0.         0.         0.
 0.0171159  0.02291105 0.15363881 0.         0.16981132 0.
 0.04487871 0.16172507 0.17385445 0.12115903 0.23180593 0.27762803
 0.20215633 0.         0.05188679 0.14959569 0.01307278 0.
 0.         0.         0.15498652 0.07520216 0.00884097 0.16846361
 0.         0.        ]
pyseer
y_true:  [1. 1. 1. 1. 1. 1. 1. 1. 1. 1. 0. 0. 0. 0. 0. 0. 0. 0. 0. 0. 1. 1. 1. 1.
 1. 0. 0. 0. 0. 0. 0. 0. 0. 0. 0. 1. 1. 1. 1. 1. 1. 1. 1. 1. 1. 0. 0. 0.
 0. 0. 0. 0. 0. 0. 0. 0. 0. 0. 0. 0. 0. 0. 0. 0. 0. 0. 0. 0. 0. 0. 0. 0.
 0. 0. 0. 0. 0. 0. 0. 0. 0. 0. 0. 0. 0. 0. 0. 0. 0. 0. 0. 0. 0. 0. 0. 0.
 0. 0. 0. 0. 0. 0. 0. 0. 0. 0. 0. 0. 0. 0. 0. 0. 0. 0. 0. 0. 0. 0. 0. 0.
 0. 0. 0. 0. 0. 0. 0. 0. 0. 0. 0. 0. 0. 0. 0. 0. 0. 0. 0. 0. 0. 0. 0. 0.
 0. 0. 0. 0. 0. 0. 0. 0. 0. 0. 0. 0. 0. 0. 0. 0. 0. 0. 0. 0. 0. 0. 0. 0.
 0. 0. 0. 0. 0. 0. 0. 0. 0. 0. 0. 0. 0. 0. 0. 0. 0. 0. 0. 0. 0. 0. 0. 0.
 0. 0. 0. 0. 0. 0. 0. 0.]
y_pred:  [1. 1. 1. 1. 1. 1. 0. 1. 1. 1. 1. 1. 1. 0. 1. 1. 0. 1. 1. 0. 1. 0. 1. 0.
 1. 1. 0. 1. 0. 0. 1. 1. 1. 0. 0. 1. 1. 1. 1. 1. 1. 1. 1. 1. 1. 1. 1. 1.
 0. 1. 0. 0. 0. 0. 0. 0. 0. 0. 0. 1. 0. 0. 0. 0. 0. 1. 0. 0. 0. 0. 0. 1.
 0. 1. 0. 0. 0. 0. 0. 0. 0. 0. 1. 0. 0. 0. 0. 1. 0. 0. 0. 0. 1. 0. 0. 0.
 0. 0. 0. 0. 1. 0. 0. 0. 0. 0. 0. 0. 0. 0. 1. 0. 1. 0. 0. 0. 0. 0. 1. 1.
 1. 0. 0. 0. 0. 0. 0. 0. 0. 0. 0. 0. 0. 0. 0. 0. 0. 0. 0. 1. 0. 0. 0. 0.
 0. 0. 1. 0. 0. 0. 0. 0. 0. 0. 0. 0. 0. 1. 0. 0. 1. 0. 0. 1. 1. 1. 0. 1.
 0. 0. 0. 0. 0. 0. 0. 0. 1. 0. 1. 0. 0. 1. 1. 0. 1. 1. 1. 0. 0. 1. 0. 0.
 0. 0. 1. 0. 0. 1. 0. 0.]
Time taken: 23.009841918945312 seconds
Running combination 28 of 50
Fitting RandomForest...
Fitting Adaboost...
Fitting AdaBoost_2...
Fitting et...
Fitting gbc...
Fitting gbc_2...
Fitting gbc_3...
Fitting dt...
Fitting lr...
Fitting Lasso_1...
Fitting Lasso_2...
Fitting Lasso_3...
Fitting Lasso_4...
Fitting elasticnet...
VCF file created successfully.
pyseer stderr:  Read 1000 phenotypes
Detected continuous phenotype
Reading all variants

0variants [00:00, ?variants/s]
54variants [00:00, 538.41variants/s]
108variants [00:00, 475.62variants/s]
164variants [00:00, 508.97variants/s]
198variants [00:00, 513.66variants/s]
Applying correlation filtering

  0%|          | 0/198 [00:00<?, ?variants/s]
100%|██████████| 198/198 [00:00<00:00, 2682.58variants/s]
Fitting elastic net to top 148 variants
Best penalty (lambda) from cross-validation: 2.30E+01
Best R^2 from cross-validation: 0.467
Finding and printing selected variants
198 loaded variants
50 pre-filtered variants
148 tested variants
141 printed variants

True importance standardized:  [0.91319988 0.91319988 0.91319988 0.91319988 0.91319988 0.68437499
 0.68437499 0.68437499 0.68437499 0.68437499 1.         1.
 1.         1.         1.         0.15218779 0.15218779 0.15218779
 0.15218779 0.15218779 0.30320628 0.30320628 0.30320628 0.30320628
 0.30320628 0.64797102 0.64797102 0.64797102 0.64797102 0.64797102
 0.21018789 0.21018789 0.21018789 0.21018789 0.21018789 0.5706521
 0.5706521  0.5706521  0.5706521  0.5706521  0.51743146 0.51743146
 0.51743146 0.51743146 0.51743146 0.56991373 0.56991373 0.56991373
 0.56991373 0.56991373 0.         0.         0.         0.
 0.         0.         0.         0.         0.         0.
 0.         0.         0.         0.         0.         0.
 0.         0.         0.         0.         0.         0.
 0.         0.         0.         0.         0.         0.
 0.         0.         0.         0.         0.         0.
 0.         0.         0.         0.         0.         0.
 0.         0.         0.         0.         0.         0.
 0.         0.         0.         0.         0.         0.
 0.         0.         0.         0.         0.         0.
 0.         0.         0.         0.         0.         0.
 0.         0.         0.         0.         0.         0.
 0.         0.         0.         0.         0.         0.
 0.         0.         0.         0.         0.         0.
 0.         0.         0.         0.         0.         0.
 0.         0.         0.         0.         0.         0.
 0.         0.         0.         0.         0.         0.
 0.         0.         0.         0.         0.         0.
 0.         0.         0.         0.         0.         0.
 0.         0.         0.         0.         0.         0.
 0.         0.         0.         0.         0.         0.
 0.         0.         0.         0.         0.         0.
 0.         0.         0.         0.         0.         0.
 0.         0.         0.         0.         0.         0.
 0.         0.         0.         0.         0.         0.
 0.         0.        ]
Normalized importance:  [0.87769256 0.87769256 0.87769256 0.87769256 0.87769256 0.59679901
 0.59679901 0.59679901 0.59679901 0.59679901 1.         1.
 1.         1.         1.         0.         0.         0.
 0.         0.         0.         0.         0.         0.
 0.         0.61023686 0.61023686 0.61023686 0.61023686 0.61023686
 0.         0.         0.         0.         0.         0.2071956
 0.2071956  0.2071956  0.2071956  0.2071956  0.3190091  0.3190091
 0.3190091  0.3190091  0.3190091  0.33865146 0.33865146 0.33865146
 0.33865146 0.33865146 0.         0.         0.         0.
 0.         0.         0.         0.01728736 0.         0.
 0.         0.         0.         0.         0.         0.
 0.         0.         0.         0.         0.02576172 0.
 0.         0.         0.         0.         0.         0.
 0.         0.         0.         0.         0.         0.
 0.         0.         0.         0.02273248 0.         0.
 0.         0.         0.         0.         0.00560384 0.
 0.         0.         0.         0.         0.         0.
 0.         0.         0.         0.         0.         0.00719189
 0.         0.         0.         0.         0.         0.
 0.         0.         0.         0.         0.         0.
 0.         0.         0.02115037 0.         0.         0.
 0.         0.         0.         0.         0.         0.
 0.         0.         0.         0.         0.         0.
 0.         0.         0.         0.         0.         0.
 0.         0.         0.         0.         0.         0.
 0.         0.         0.         0.         0.         0.
 0.         0.         0.         0.         0.         0.
 0.         0.         0.         0.         0.         0.
 0.         0.         0.         0.         0.         0.
 0.         0.         0.         0.0180898  0.         0.
 0.         0.         0.         0.         0.         0.
 0.         0.         0.         0.         0.         0.
 0.         0.         0.         0.         0.         0.
 0.         0.        ]
deepbreaks
y_true:  [1. 1. 1. 1. 1. 1. 1. 1. 1. 1. 1. 1. 1. 1. 1. 0. 0. 0. 0. 0. 0. 0. 0. 0.
 0. 1. 1. 1. 1. 1. 0. 0. 0. 0. 0. 1. 1. 1. 1. 1. 0. 0. 0. 0. 0. 0. 0. 0.
 0. 0. 0. 0. 0. 0. 0. 0. 0. 0. 0. 0. 0. 0. 0. 0. 0. 0. 0. 0. 0. 0. 0. 0.
 0. 0. 0. 0. 0. 0. 0. 0. 0. 0. 0. 0. 0. 0. 0. 0. 0. 0. 0. 0. 0. 0. 0. 0.
 0. 0. 0. 0. 0. 0. 0. 0. 0. 0. 0. 0. 0. 0. 0. 0. 0. 0. 0. 0. 0. 0. 0. 0.
 0. 0. 0. 0. 0. 0. 0. 0. 0. 0. 0. 0. 0. 0. 0. 0. 0. 0. 0. 0. 0. 0. 0. 0.
 0. 0. 0. 0. 0. 0. 0. 0. 0. 0. 0. 0. 0. 0. 0. 0. 0. 0. 0. 0. 0. 0. 0. 0.
 0. 0. 0. 0. 0. 0. 0. 0. 0. 0. 0. 0. 0. 0. 0. 0. 0. 0. 0. 0. 0. 0. 0. 0.
 0. 0. 0. 0. 0. 0. 0. 0.]
y_pred:  [1. 1. 1. 1. 1. 1. 1. 1. 1. 1. 1. 1. 1. 1. 1. 0. 0. 0. 0. 0. 0. 0. 0. 0.
 0. 1. 1. 1. 1. 1. 0. 0. 0. 0. 0. 0. 0. 0. 0. 0. 0. 0. 0. 0. 0. 1. 1. 1.
 1. 1. 0. 0. 0. 0. 0. 0. 0. 0. 0. 0. 0. 0. 0. 0. 0. 0. 0. 0. 0. 0. 0. 0.
 0. 0. 0. 0. 0. 0. 0. 0. 0. 0. 0. 0. 0. 0. 0. 0. 0. 0. 0. 0. 0. 0. 0. 0.
 0. 0. 0. 0. 0. 0. 0. 0. 0. 0. 0. 0. 0. 0. 0. 0. 0. 0. 0. 0. 0. 0. 0. 0.
 0. 0. 0. 0. 0. 0. 0. 0. 0. 0. 0. 0. 0. 0. 0. 0. 0. 0. 0. 0. 0. 0. 0. 0.
 0. 0. 0. 0. 0. 0. 0. 0. 0. 0. 0. 0. 0. 0. 0. 0. 0. 0. 0. 0. 0. 0. 0. 0.
 0. 0. 0. 0. 0. 0. 0. 0. 0. 0. 0. 0. 0. 0. 0. 0. 0. 0. 0. 0. 0. 0. 0. 0.
 0. 0. 0. 0. 0. 0. 0. 0.]
Normalized importance:  [9.23954373e-01 3.95437262e-01 6.08365019e-01 6.03295311e-01
 9.20152091e-02 6.80608365e-01 4.63878327e-01 3.26996198e-01
 4.77820025e-01 4.46134347e-01 1.00000000e+00 5.50063371e-01
 5.58935361e-01 4.03041825e-01 3.84030418e-01 1.62230672e-01
 4.11913815e-02 1.48288973e-01 5.00633714e-02 2.04055767e-01
 4.62610900e-02 0.00000000e+00 1.03929024e-01 1.77439797e-01
 2.07858048e-01 6.51457541e-01 5.37389100e-01 4.89226869e-01
 1.77439797e-01 3.91634981e-01 3.11787072e-01 0.00000000e+00
 0.00000000e+00 0.00000000e+00 0.00000000e+00 4.23320659e-01
 4.46134347e-01 1.77439797e-02 1.66032953e-01 5.81749049e-01
 6.64131812e-01 1.87579214e-01 1.83776933e-01 0.00000000e+00
 4.91761724e-01 4.95564005e-01 4.05576679e-01 1.23700887e-01
 3.75158428e-01 3.38403042e-01 2.53485425e-01 5.79214195e-02
 0.00000000e+00 0.00000000e+00 2.11660330e-01 2.97845374e-02
 0.00000000e+00 3.58681876e-01 1.17110266e-01 1.13688213e-01
 1.20785805e-01 1.63498099e-01 0.00000000e+00 2.04055767e-01
 0.00000000e+00 3.43472750e-02 3.04182510e-03 0.00000000e+00
 2.92775665e-02 2.30671736e-01 2.24334601e-01 8.56780735e-02
 0.00000000e+00 0.00000000e+00 0.00000000e+00 7.35107731e-02
 4.18250951e-02 9.17617237e-02 0.00000000e+00 5.88086185e-02
 1.22686946e-01 8.37769328e-02 9.37896071e-03 0.00000000e+00
 0.00000000e+00 1.91381496e-01 0.00000000e+00 2.39543726e-01
 0.00000000e+00 0.00000000e+00 4.01774398e-02 0.00000000e+00
 5.65272497e-02 0.00000000e+00 1.17743980e-01 1.30544994e-01
 8.78326996e-02 0.00000000e+00 7.31305450e-02 0.00000000e+00
 0.00000000e+00 2.07858048e-01 1.58428390e-01 1.53358682e-01
 1.97718631e-01 1.34347275e-01 1.52091255e-01 1.83776933e-01
 0.00000000e+00 1.39416984e-02 2.47148289e-01 9.59442332e-02
 1.86311787e-01 0.00000000e+00 5.71609632e-02 8.46641318e-02
 0.00000000e+00 9.18884664e-02 2.69961977e-01 0.00000000e+00
 0.00000000e+00 3.94169835e-02 2.90240811e-02 5.62737643e-02
 0.00000000e+00 1.71102662e-01 4.89226869e-02 0.00000000e+00
 1.66032953e-02 0.00000000e+00 1.29277567e-02 0.00000000e+00
 6.22306717e-02 0.00000000e+00 1.13307985e-01 9.31558935e-02
 5.85551331e-02 1.29277567e-01 1.71102662e-01 1.81242079e-01
 0.00000000e+00 5.96958175e-02 2.76299113e-01 1.69835234e-01
 1.26489227e-01 0.00000000e+00 0.00000000e+00 0.00000000e+00
 0.00000000e+00 4.24588086e-02 0.00000000e+00 3.37135615e-02
 0.00000000e+00 2.20532319e-02 0.00000000e+00 2.26869455e-01
 0.00000000e+00 0.00000000e+00 2.64892269e-01 1.45754119e-01
 0.00000000e+00 0.00000000e+00 7.56653992e-02 1.13561470e-01
 1.09632446e-01 0.00000000e+00 7.21166033e-02 2.57287706e-01
 1.31812421e-01 0.00000000e+00 1.01267427e-02 1.73637516e-01
 1.28010139e-01 0.00000000e+00 5.70342205e-03 0.00000000e+00
 2.54752852e-02 1.52091255e-01 4.16983523e-02 6.48922687e-02
 1.81242079e-01 0.00000000e+00 3.32065906e-02 0.00000000e+00
 1.76172370e-01 1.24207858e-01 4.16983523e-02 1.00380228e-01
 8.97338403e-03 0.00000000e+00 1.64765526e-01 1.14195184e-03
 0.00000000e+00 1.40684411e-02 2.40811153e-01 0.00000000e+00
 7.40177440e-04 9.31558935e-02 0.00000000e+00 0.00000000e+00]
pyseer
y_true:  [1. 1. 1. 1. 1. 1. 1. 1. 1. 1. 1. 1. 1. 1. 1. 0. 0. 0. 0. 0. 0. 0. 0. 0.
 0. 1. 1. 1. 1. 1. 0. 0. 0. 0. 0. 1. 1. 1. 1. 1. 0. 0. 0. 0. 0. 0. 0. 0.
 0. 0. 0. 0. 0. 0. 0. 0. 0. 0. 0. 0. 0. 0. 0. 0. 0. 0. 0. 0. 0. 0. 0. 0.
 0. 0. 0. 0. 0. 0. 0. 0. 0. 0. 0. 0. 0. 0. 0. 0. 0. 0. 0. 0. 0. 0. 0. 0.
 0. 0. 0. 0. 0. 0. 0. 0. 0. 0. 0. 0. 0. 0. 0. 0. 0. 0. 0. 0. 0. 0. 0. 0.
 0. 0. 0. 0. 0. 0. 0. 0. 0. 0. 0. 0. 0. 0. 0. 0. 0. 0. 0. 0. 0. 0. 0. 0.
 0. 0. 0. 0. 0. 0. 0. 0. 0. 0. 0. 0. 0. 0. 0. 0. 0. 0. 0. 0. 0. 0. 0. 0.
 0. 0. 0. 0. 0. 0. 0. 0. 0. 0. 0. 0. 0. 0. 0. 0. 0. 0. 0. 0. 0. 0. 0. 0.
 0. 0. 0. 0. 0. 0. 0. 0.]
y_pred:  [1. 1. 1. 1. 0. 1. 1. 1. 1. 1. 1. 1. 1. 1. 1. 1. 0. 1. 0. 1. 0. 0. 0. 1.
 1. 1. 1. 1. 1. 1. 1. 0. 0. 0. 0. 1. 1. 0. 1. 1. 1. 1. 1. 0. 1. 1. 1. 0.
 1. 1. 1. 0. 0. 0. 1. 0. 0. 1. 0. 0. 0. 1. 0. 1. 0. 0. 0. 0. 0. 1. 1. 0.
 0. 0. 0. 0. 0. 0. 0. 0. 0. 0. 0. 0. 0. 1. 0. 1. 0. 0. 0. 0. 0. 0. 0. 0.
 0. 0. 0. 0. 0. 1. 1. 1. 1. 1. 1. 1. 0. 0. 1. 0. 1. 0. 0. 0. 0. 0. 1. 0.
 0. 0. 0. 0. 0. 1. 0. 0. 0. 0. 0. 0. 0. 0. 0. 0. 0. 0. 1. 1. 0. 0. 1. 1.
 0. 0. 0. 0. 0. 0. 0. 0. 0. 0. 0. 1. 0. 0. 1. 1. 0. 0. 0. 0. 0. 0. 0. 1.
 0. 0. 0. 1. 0. 0. 0. 0. 0. 1. 0. 0. 1. 0. 0. 0. 1. 0. 0. 0. 0. 0. 1. 0.
 0. 0. 1. 0. 0. 0. 0. 0.]
Time taken: 23.181893587112427 seconds
Running combination 29 of 50
Fitting RandomForest...
Fitting Adaboost...
Fitting AdaBoost_2...
Fitting et...
Fitting gbc...
Fitting gbc_2...
Fitting gbc_3...
Fitting dt...
Fitting lr...
Fitting Lasso_1...
Fitting Lasso_2...
Fitting Lasso_3...
Fitting Lasso_4...
Fitting elasticnet...
VCF file created successfully.
pyseer stderr:  Read 1000 phenotypes
Detected continuous phenotype
Reading all variants

0variants [00:00, ?variants/s]
56variants [00:00, 557.60variants/s]
112variants [00:00, 489.25variants/s]
169variants [00:00, 520.20variants/s]
198variants [00:00, 523.75variants/s]
Applying correlation filtering

  0%|          | 0/198 [00:00<?, ?variants/s]
100%|██████████| 198/198 [00:00<00:00, 2675.09variants/s]
Fitting elastic net to top 148 variants
Best penalty (lambda) from cross-validation: 7.02E+00
Best R^2 from cross-validation: 0.561
Finding and printing selected variants
198 loaded variants
50 pre-filtered variants
148 tested variants
142 printed variants

True importance standardized:  [0.56362374 0.56362374 0.56362374 0.56362374 0.56362374 1.
 1.         1.         1.         1.         0.30268114 0.30268114
 0.30268114 0.30268114 0.30268114 0.92573017 0.92573017 0.92573017
 0.92573017 0.92573017 0.68579189 0.68579189 0.68579189 0.68579189
 0.68579189 0.59574037 0.59574037 0.59574037 0.59574037 0.59574037
 0.3716245  0.3716245  0.3716245  0.3716245  0.3716245  0.35444733
 0.35444733 0.35444733 0.35444733 0.35444733 0.76791616 0.76791616
 0.76791616 0.76791616 0.76791616 0.17677968 0.17677968 0.17677968
 0.17677968 0.17677968 0.         0.         0.         0.
 0.         0.         0.         0.         0.         0.
 0.         0.         0.         0.         0.         0.
 0.         0.         0.         0.         0.         0.
 0.         0.         0.         0.         0.         0.
 0.         0.         0.         0.         0.         0.
 0.         0.         0.         0.         0.         0.
 0.         0.         0.         0.         0.         0.
 0.         0.         0.         0.         0.         0.
 0.         0.         0.         0.         0.         0.
 0.         0.         0.         0.         0.         0.
 0.         0.         0.         0.         0.         0.
 0.         0.         0.         0.         0.         0.
 0.         0.         0.         0.         0.         0.
 0.         0.         0.         0.         0.         0.
 0.         0.         0.         0.         0.         0.
 0.         0.         0.         0.         0.         0.
 0.         0.         0.         0.         0.         0.
 0.         0.         0.         0.         0.         0.
 0.         0.         0.         0.         0.         0.
 0.         0.         0.         0.         0.         0.
 0.         0.         0.         0.         0.         0.
 0.         0.         0.         0.         0.         0.
 0.         0.         0.         0.         0.         0.
 0.         0.         0.         0.         0.         0.
 0.         0.        ]
Normalized importance:  [0.25854376 0.25854376 0.25854376 0.25854376 0.25854376 0.87064372
 0.87064372 0.87064372 0.87064372 0.87064372 0.12000399 0.12000399
 0.12000399 0.12000399 0.12000399 0.89468439 0.89468439 0.89468439
 0.89468439 0.89468439 0.47616624 0.47616624 0.47616624 0.47616624
 0.47616624 0.22006355 0.22006355 0.22006355 0.22006355 0.22006355
 0.32484815 0.32484815 0.32484815 0.32484815 0.32484815 0.25612892
 0.25612892 0.25612892 0.25612892 0.25612892 1.         1.
 1.         1.         1.         0.02801642 0.         0.
 0.         0.         0.         0.         0.         0.
 0.         0.         0.02670887 0.         0.         0.
 0.         0.         0.         0.         0.         0.
 0.         0.         0.03816089 0.         0.         0.06579068
 0.         0.02479197 0.         0.         0.01480525 0.
 0.         0.02296335 0.         0.         0.         0.01555441
 0.         0.         0.         0.         0.         0.
 0.         0.         0.         0.         0.         0.
 0.         0.         0.         0.         0.         0.01567315
 0.         0.         0.         0.         0.04472397 0.
 0.         0.         0.         0.         0.02906889 0.
 0.         0.         0.         0.         0.         0.
 0.         0.         0.         0.         0.         0.
 0.         0.         0.         0.         0.         0.
 0.02701016 0.         0.         0.         0.         0.
 0.         0.         0.03012733 0.         0.         0.
 0.         0.         0.         0.         0.         0.02310936
 0.         0.         0.01607255 0.         0.         0.
 0.         0.         0.         0.         0.         0.
 0.02614603 0.         0.         0.         0.         0.
 0.         0.         0.         0.         0.         0.
 0.         0.         0.         0.         0.         0.
 0.         0.         0.         0.         0.03904154 0.
 0.         0.         0.         0.         0.         0.
 0.         0.         0.         0.         0.         0.
 0.         0.        ]
deepbreaks
y_true:  [0. 0. 0. 0. 0. 1. 1. 1. 1. 1. 0. 0. 0. 0. 0. 1. 1. 1. 1. 1. 1. 1. 1. 1.
 1. 1. 1. 1. 1. 1. 0. 0. 0. 0. 0. 0. 0. 0. 0. 0. 1. 1. 1. 1. 1. 0. 0. 0.
 0. 0. 0. 0. 0. 0. 0. 0. 0. 0. 0. 0. 0. 0. 0. 0. 0. 0. 0. 0. 0. 0. 0. 0.
 0. 0. 0. 0. 0. 0. 0. 0. 0. 0. 0. 0. 0. 0. 0. 0. 0. 0. 0. 0. 0. 0. 0. 0.
 0. 0. 0. 0. 0. 0. 0. 0. 0. 0. 0. 0. 0. 0. 0. 0. 0. 0. 0. 0. 0. 0. 0. 0.
 0. 0. 0. 0. 0. 0. 0. 0. 0. 0. 0. 0. 0. 0. 0. 0. 0. 0. 0. 0. 0. 0. 0. 0.
 0. 0. 0. 0. 0. 0. 0. 0. 0. 0. 0. 0. 0. 0. 0. 0. 0. 0. 0. 0. 0. 0. 0. 0.
 0. 0. 0. 0. 0. 0. 0. 0. 0. 0. 0. 0. 0. 0. 0. 0. 0. 0. 0. 0. 0. 0. 0. 0.
 0. 0. 0. 0. 0. 0. 0. 0.]
y_pred:  [1. 1. 1. 1. 1. 1. 1. 1. 1. 1. 0. 0. 0. 0. 0. 1. 1. 1. 1. 1. 1. 1. 1. 1.
 1. 0. 0. 0. 0. 0. 1. 1. 1. 1. 1. 1. 1. 1. 1. 1. 1. 1. 1. 1. 1. 0. 0. 0.
 0. 0. 0. 0. 0. 0. 0. 0. 0. 0. 0. 0. 0. 0. 0. 0. 0. 0. 0. 0. 0. 0. 0. 0.
 0. 0. 0. 0. 0. 0. 0. 0. 0. 0. 0. 0. 0. 0. 0. 0. 0. 0. 0. 0. 0. 0. 0. 0.
 0. 0. 0. 0. 0. 0. 0. 0. 0. 0. 0. 0. 0. 0. 0. 0. 0. 0. 0. 0. 0. 0. 0. 0.
 0. 0. 0. 0. 0. 0. 0. 0. 0. 0. 0. 0. 0. 0. 0. 0. 0. 0. 0. 0. 0. 0. 0. 0.
 0. 0. 0. 0. 0. 0. 0. 0. 0. 0. 0. 0. 0. 0. 0. 0. 0. 0. 0. 0. 0. 0. 0. 0.
 0. 0. 0. 0. 0. 0. 0. 0. 0. 0. 0. 0. 0. 0. 0. 0. 0. 0. 0. 0. 0. 0. 0. 0.
 0. 0. 0. 0. 0. 0. 0. 0.]
Normalized importance:  [0.51752577 0.26804124 0.24536082 0.11896907 0.26597938 1.
 0.25360825 0.51340206 0.29896907 0.40412371 0.2185567  0.29072165
 0.16742268 0.07587629 0.32371134 0.9257732  0.41443299 0.48041237
 0.22886598 0.31752577 0.75051546 0.21649485 0.31958763 0.28865979
 0.10041237 0.2742268  0.31546392 0.12350515 0.15649485 0.47010309
 0.33814433 0.2556701  0.15793814 0.06701031 0.11814433 0.50309278
 0.19896907 0.09257732 0.20206186 0.24948454 0.94639175 0.44123711
 0.14371134 0.27835052 0.41649485 0.00110722 0.08783505 0.08701031
 0.01204124 0.04865979 0.         0.         0.         0.
 0.12123711 0.         0.20824742 0.08659794 0.         0.
 0.         0.         0.20824742 0.1985567  0.         0.17402062
 0.         0.03010309 0.06762887 0.         0.         0.22680412
 0.         0.19628866 0.         0.04845361 0.13319588 0.08659794
 0.         0.13072165 0.         0.         0.16865979 0.
 0.         0.04845361 0.0556701  0.         0.10350515 0.
 0.         0.02536082 0.02948454 0.         0.17979381 0.03195876
 0.06123711 0.02804124 0.0016433  0.13092784 0.04103093 0.22474227
 0.09793814 0.12041237 0.         0.         0.29072165 0.
 0.18041237 0.26391753 0.2742268  0.06989691 0.23298969 0.03546392
 0.06659794 0.         0.         0.         0.         0.2371134
 0.33402062 0.         0.22061856 0.         0.04680412 0.04536082
 0.02845361 0.12103093 0.24123711 0.15752577 0.03051546 0.
 0.17546392 0.         0.11670103 0.01548454 0.         0.
 0.01635052 0.31958763 0.22886598 0.11525773 0.23505155 0.
 0.24948454 0.         0.03010309 0.27835052 0.         0.17154639
 0.         0.05134021 0.29690722 0.05773196 0.         0.14597938
 0.         0.         0.13072165 0.19649485 0.         0.02049485
 0.23505155 0.         0.07731959 0.         0.         0.06804124
 0.18804124 0.016      0.14247423 0.14020619 0.         0.11402062
 0.16639175 0.06412371 0.06989691 0.02845361 0.         0.12412371
 0.         0.11484536 0.         0.00886598 0.31134021 0.05051546
 0.04989691 0.0643299  0.05649485 0.23092784 0.         0.10659794
 0.2043299  0.1057732  0.08907216 0.         0.         0.
 0.         0.        ]
pyseer
y_true:  [0. 0. 0. 0. 0. 1. 1. 1. 1. 1. 0. 0. 0. 0. 0. 1. 1. 1. 1. 1. 1. 1. 1. 1.
 1. 1. 1. 1. 1. 1. 0. 0. 0. 0. 0. 0. 0. 0. 0. 0. 1. 1. 1. 1. 1. 0. 0. 0.
 0. 0. 0. 0. 0. 0. 0. 0. 0. 0. 0. 0. 0. 0. 0. 0. 0. 0. 0. 0. 0. 0. 0. 0.
 0. 0. 0. 0. 0. 0. 0. 0. 0. 0. 0. 0. 0. 0. 0. 0. 0. 0. 0. 0. 0. 0. 0. 0.
 0. 0. 0. 0. 0. 0. 0. 0. 0. 0. 0. 0. 0. 0. 0. 0. 0. 0. 0. 0. 0. 0. 0. 0.
 0. 0. 0. 0. 0. 0. 0. 0. 0. 0. 0. 0. 0. 0. 0. 0. 0. 0. 0. 0. 0. 0. 0. 0.
 0. 0. 0. 0. 0. 0. 0. 0. 0. 0. 0. 0. 0. 0. 0. 0. 0. 0. 0. 0. 0. 0. 0. 0.
 0. 0. 0. 0. 0. 0. 0. 0. 0. 0. 0. 0. 0. 0. 0. 0. 0. 0. 0. 0. 0. 0. 0. 0.
 0. 0. 0. 0. 0. 0. 0. 0.]
y_pred:  [1. 1. 1. 0. 1. 1. 1. 1. 1. 1. 1. 1. 1. 0. 1. 1. 1. 1. 1. 1. 1. 1. 1. 1.
 0. 1. 1. 0. 1. 1. 1. 1. 1. 0. 0. 1. 1. 0. 1. 1. 1. 1. 0. 1. 1. 0. 0. 0.
 0. 0. 0. 0. 0. 0. 0. 0. 1. 0. 0. 0. 0. 0. 1. 1. 0. 1. 0. 0. 0. 0. 0. 1.
 0. 1. 0. 0. 0. 0. 0. 0. 0. 0. 1. 0. 0. 0. 0. 0. 0. 0. 0. 0. 0. 0. 1. 0.
 0. 0. 0. 0. 0. 1. 0. 0. 0. 0. 1. 0. 1. 1. 1. 0. 1. 0. 0. 0. 0. 0. 0. 1.
 1. 0. 1. 0. 0. 0. 0. 0. 1. 1. 0. 0. 1. 0. 0. 0. 0. 0. 0. 1. 1. 0. 1. 0.
 1. 0. 0. 1. 0. 1. 0. 0. 1. 0. 0. 0. 0. 0. 0. 1. 0. 0. 1. 0. 0. 0. 0. 0.
 1. 0. 0. 0. 0. 0. 1. 0. 0. 0. 0. 0. 0. 0. 0. 0. 1. 0. 0. 0. 0. 1. 0. 0.
 1. 0. 0. 0. 0. 0. 0. 0.]
Time taken: 24.16700768470764 seconds
Running combination 30 of 50
Fitting RandomForest...
Fitting Adaboost...
Fitting AdaBoost_2...
Fitting et...
Fitting gbc...
Fitting gbc_2...
Fitting gbc_3...
Fitting dt...
Fitting lr...
Fitting Lasso_1...
Fitting Lasso_2...
Fitting Lasso_3...
Fitting Lasso_4...
Fitting elasticnet...
VCF file created successfully.
pyseer stderr:  Read 1000 phenotypes
Detected continuous phenotype
Reading all variants

0variants [00:00, ?variants/s]
54variants [00:00, 536.10variants/s]
108variants [00:00, 475.35variants/s]
164variants [00:00, 509.44variants/s]
198variants [00:00, 513.65variants/s]
Applying correlation filtering

  0%|          | 0/198 [00:00<?, ?variants/s]
100%|██████████| 198/198 [00:00<00:00, 2725.50variants/s]
Fitting elastic net to top 148 variants
Best penalty (lambda) from cross-validation: 2.81E+01
Best R^2 from cross-validation: 0.489
Finding and printing selected variants
198 loaded variants
50 pre-filtered variants
148 tested variants
133 printed variants

True importance standardized:  [0.92486821 0.92486821 0.92486821 0.92486821 0.92486821 0.38199765
 0.38199765 0.38199765 0.38199765 0.38199765 0.55721197 0.55721197
 0.55721197 0.55721197 0.55721197 0.85353696 0.85353696 0.85353696
 0.85353696 0.85353696 0.68215784 0.68215784 0.68215784 0.68215784
 0.68215784 0.7882705  0.7882705  0.7882705  0.7882705  0.7882705
 0.51011656 0.51011656 0.51011656 0.51011656 0.51011656 1.
 1.         1.         1.         1.         0.95775049 0.95775049
 0.95775049 0.95775049 0.95775049 0.172138   0.172138   0.172138
 0.172138   0.172138   0.         0.         0.         0.
 0.         0.         0.         0.         0.         0.
 0.         0.         0.         0.         0.         0.
 0.         0.         0.         0.         0.         0.
 0.         0.         0.         0.         0.         0.
 0.         0.         0.         0.         0.         0.
 0.         0.         0.         0.         0.         0.
 0.         0.         0.         0.         0.         0.
 0.         0.         0.         0.         0.         0.
 0.         0.         0.         0.         0.         0.
 0.         0.         0.         0.         0.         0.
 0.         0.         0.         0.         0.         0.
 0.         0.         0.         0.         0.         0.
 0.         0.         0.         0.         0.         0.
 0.         0.         0.         0.         0.         0.
 0.         0.         0.         0.         0.         0.
 0.         0.         0.         0.         0.         0.
 0.         0.         0.         0.         0.         0.
 0.         0.         0.         0.         0.         0.
 0.         0.         0.         0.         0.         0.
 0.         0.         0.         0.         0.         0.
 0.         0.         0.         0.         0.         0.
 0.         0.         0.         0.         0.         0.
 0.         0.         0.         0.         0.         0.
 0.         0.         0.         0.         0.         0.
 0.         0.        ]
Normalized importance:  [0.96589517 0.96589517 0.96589517 0.96589517 0.96589517 0.62847357
 0.62847357 0.         0.         0.         0.3408992  0.3408992
 0.3408992  0.3408992  0.3408992  0.81222161 0.81222161 0.81222161
 0.81222161 0.81222161 0.8146172  0.8146172  0.8146172  0.8146172
 0.8146172  0.92357654 0.92357654 0.92357654 0.92357654 0.92357654
 0.74694583 0.74694583 0.74694583 0.74694583 0.74694583 0.99031217
 0.99031217 0.99031217 0.99031217 0.99031217 1.         1.
 1.         1.         1.         0.         0.         0.
 0.         0.         0.         0.         0.         0.
 0.         0.         0.         0.         0.         0.
 0.         0.21435215 0.         0.         0.         0.
 0.         0.         0.         0.         0.         0.
 0.43920221 0.         0.         0.         0.         0.
 0.         0.         0.         0.         0.         0.
 0.         0.         0.         0.17912026 0.         0.
 0.         0.         0.         0.         0.         0.
 0.26591106 0.         0.         0.         0.         0.
 0.         0.         0.         0.         0.         0.
 0.         0.         0.         0.         0.         0.
 0.         0.         0.         0.         0.         0.
 0.         0.         0.18635576 0.         0.         0.
 0.         0.         0.         0.         0.         0.
 0.         0.         0.         0.         0.         0.
 0.         0.18488184 0.         0.         0.         0.
 0.26977749 0.         0.         0.         0.         0.
 0.         0.         0.         0.         0.         0.
 0.         0.         0.         0.         0.         0.
 0.         0.         0.         0.         0.         0.
 0.         0.         0.         0.         0.30464182 0.
 0.         0.15685886 0.         0.         0.         0.
 0.         0.         0.         0.         0.         0.
 0.         0.         0.         0.         0.1901227  0.
 0.         0.         0.         0.         0.         0.
 0.         0.        ]
deepbreaks
y_true:  [1. 1. 1. 1. 1. 0. 0. 0. 0. 0. 0. 0. 0. 0. 0. 1. 1. 1. 1. 1. 0. 0. 0. 0.
 0. 1. 1. 1. 1. 1. 0. 0. 0. 0. 0. 1. 1. 1. 1. 1. 1. 1. 1. 1. 1. 0. 0. 0.
 0. 0. 0. 0. 0. 0. 0. 0. 0. 0. 0. 0. 0. 0. 0. 0. 0. 0. 0. 0. 0. 0. 0. 0.
 0. 0. 0. 0. 0. 0. 0. 0. 0. 0. 0. 0. 0. 0. 0. 0. 0. 0. 0. 0. 0. 0. 0. 0.
 0. 0. 0. 0. 0. 0. 0. 0. 0. 0. 0. 0. 0. 0. 0. 0. 0. 0. 0. 0. 0. 0. 0. 0.
 0. 0. 0. 0. 0. 0. 0. 0. 0. 0. 0. 0. 0. 0. 0. 0. 0. 0. 0. 0. 0. 0. 0. 0.
 0. 0. 0. 0. 0. 0. 0. 0. 0. 0. 0. 0. 0. 0. 0. 0. 0. 0. 0. 0. 0. 0. 0. 0.
 0. 0. 0. 0. 0. 0. 0. 0. 0. 0. 0. 0. 0. 0. 0. 0. 0. 0. 0. 0. 0. 0. 0. 0.
 0. 0. 0. 0. 0. 0. 0. 0.]
y_pred:  [1. 1. 1. 1. 1. 0. 0. 0. 0. 0. 0. 0. 0. 0. 0. 1. 1. 1. 1. 1. 1. 1. 1. 1.
 1. 1. 1. 1. 1. 1. 0. 0. 0. 0. 0. 1. 1. 1. 1. 1. 1. 1. 1. 1. 1. 0. 0. 0.
 0. 0. 0. 0. 0. 0. 0. 0. 0. 0. 0. 0. 0. 0. 0. 0. 0. 0. 0. 0. 0. 0. 0. 0.
 0. 0. 0. 0. 0. 0. 0. 0. 0. 0. 0. 0. 0. 0. 0. 0. 0. 0. 0. 0. 0. 0. 0. 0.
 0. 0. 0. 0. 0. 0. 0. 0. 0. 0. 0. 0. 0. 0. 0. 0. 0. 0. 0. 0. 0. 0. 0. 0.
 0. 0. 0. 0. 0. 0. 0. 0. 0. 0. 0. 0. 0. 0. 0. 0. 0. 0. 0. 0. 0. 0. 0. 0.
 0. 0. 0. 0. 0. 0. 0. 0. 0. 0. 0. 0. 0. 0. 0. 0. 0. 0. 0. 0. 0. 0. 0. 0.
 0. 0. 0. 0. 0. 0. 0. 0. 0. 0. 0. 0. 0. 0. 0. 0. 0. 0. 0. 0. 0. 0. 0. 0.
 0. 0. 0. 0. 0. 0. 0. 0.]
Normalized importance:  [1.00000000e+00 7.51456311e-01 6.11650485e-01 4.74757282e-01
 3.59223301e-01 3.25242718e-01 3.07766990e-01 2.80582524e-02
 1.76699029e-01 0.00000000e+00 6.33980583e-01 3.11650485e-01
 3.82524272e-01 2.00970874e-01 8.50485437e-02 7.92233010e-01
 6.33980583e-01 3.48543689e-01 1.52427184e-01 5.52427184e-01
 7.42718447e-01 4.47572816e-01 1.65048544e-01 2.13592233e-01
 3.59223301e-01 8.77669903e-01 4.95145631e-02 4.81553398e-01
 6.05825243e-01 5.31067961e-01 8.56310680e-01 4.56310680e-01
 4.54368932e-02 2.12621359e-01 3.80582524e-01 9.41747573e-01
 6.61165049e-01 5.04854369e-01 2.48543689e-01 5.44660194e-01
 9.44660194e-01 5.65048544e-01 3.67961165e-01 5.39805825e-01
 7.00000000e-01 2.58252427e-01 3.56310680e-02 1.49514563e-02
 3.18446602e-01 1.07766990e-01 4.85436893e-04 1.65048544e-01
 0.00000000e+00 0.00000000e+00 0.00000000e+00 0.00000000e+00
 0.00000000e+00 1.07766990e-01 2.66019417e-01 4.12621359e-01
 0.00000000e+00 2.49514563e-01 0.00000000e+00 3.46601942e-01
 0.00000000e+00 0.00000000e+00 5.91262136e-02 0.00000000e+00
 4.40776699e-02 1.13592233e-01 0.00000000e+00 5.36893204e-02
 5.73786408e-01 0.00000000e+00 0.00000000e+00 0.00000000e+00
 7.04854369e-02 0.00000000e+00 0.00000000e+00 0.00000000e+00
 0.00000000e+00 0.00000000e+00 2.07766990e-01 7.28155340e-02
 0.00000000e+00 2.81553398e-02 2.07766990e-01 6.00970874e-01
 2.89320388e-01 0.00000000e+00 0.00000000e+00 9.80582524e-02
 3.35922330e-01 1.12621359e-01 0.00000000e+00 0.00000000e+00
 3.72815534e-01 9.25242718e-02 4.38834951e-02 0.00000000e+00
 4.67961165e-02 0.00000000e+00 2.23300971e-01 0.00000000e+00
 0.00000000e+00 0.00000000e+00 9.62135922e-02 2.44660194e-01
 2.50485437e-01 0.00000000e+00 4.18446602e-02 2.70873786e-02
 8.40776699e-02 7.49514563e-02 2.19417476e-01 3.41747573e-02
 0.00000000e+00 2.71844660e-01 1.79611650e-01 3.90291262e-01
 3.30097087e-01 2.70873786e-02 1.66990291e-01 0.00000000e+00
 2.43689320e-01 0.00000000e+00 2.31067961e-01 7.04854369e-02
 0.00000000e+00 1.93203883e-01 4.00970874e-02 9.80582524e-02
 6.94174757e-02 0.00000000e+00 2.03883495e-01 6.27184466e-02
 0.00000000e+00 1.81553398e-01 0.00000000e+00 5.96116505e-02
 6.26213592e-02 0.00000000e+00 1.27184466e-01 5.96116505e-02
 3.57281553e-01 2.64077670e-01 0.00000000e+00 6.25242718e-02
 0.00000000e+00 2.95145631e-01 1.95145631e-01 0.00000000e+00
 5.97087379e-02 1.40776699e-02 0.00000000e+00 0.00000000e+00
 1.21359223e-01 9.00000000e-02 0.00000000e+00 0.00000000e+00
 1.66019417e-01 2.44660194e-01 0.00000000e+00 2.84466019e-01
 0.00000000e+00 2.91262136e-01 2.53398058e-01 0.00000000e+00
 0.00000000e+00 2.17475728e-01 2.00000000e-01 0.00000000e+00
 5.43689320e-01 0.00000000e+00 0.00000000e+00 2.77669903e-01
 1.37864078e-02 0.00000000e+00 0.00000000e+00 0.00000000e+00
 0.00000000e+00 0.00000000e+00 2.71844660e-01 0.00000000e+00
 0.00000000e+00 1.01941748e-01 1.53398058e-01 0.00000000e+00
 0.00000000e+00 3.22330097e-01 2.80582524e-01 0.00000000e+00
 1.30097087e-01 0.00000000e+00 2.29126214e-01 2.52427184e-01
 0.00000000e+00 2.78640777e-01 0.00000000e+00 0.00000000e+00]
pyseer
y_true:  [1. 1. 1. 1. 1. 0. 0. 0. 0. 0. 0. 0. 0. 0. 0. 1. 1. 1. 1. 1. 0. 0. 0. 0.
 0. 1. 1. 1. 1. 1. 0. 0. 0. 0. 0. 1. 1. 1. 1. 1. 1. 1. 1. 1. 1. 0. 0. 0.
 0. 0. 0. 0. 0. 0. 0. 0. 0. 0. 0. 0. 0. 0. 0. 0. 0. 0. 0. 0. 0. 0. 0. 0.
 0. 0. 0. 0. 0. 0. 0. 0. 0. 0. 0. 0. 0. 0. 0. 0. 0. 0. 0. 0. 0. 0. 0. 0.
 0. 0. 0. 0. 0. 0. 0. 0. 0. 0. 0. 0. 0. 0. 0. 0. 0. 0. 0. 0. 0. 0. 0. 0.
 0. 0. 0. 0. 0. 0. 0. 0. 0. 0. 0. 0. 0. 0. 0. 0. 0. 0. 0. 0. 0. 0. 0. 0.
 0. 0. 0. 0. 0. 0. 0. 0. 0. 0. 0. 0. 0. 0. 0. 0. 0. 0. 0. 0. 0. 0. 0. 0.
 0. 0. 0. 0. 0. 0. 0. 0. 0. 0. 0. 0. 0. 0. 0. 0. 0. 0. 0. 0. 0. 0. 0. 0.
 0. 0. 0. 0. 0. 0. 0. 0.]
y_pred:  [1. 1. 1. 1. 1. 1. 1. 0. 0. 0. 1. 1. 1. 0. 0. 1. 1. 1. 0. 1. 1. 1. 0. 0.
 1. 1. 0. 1. 1. 1. 1. 1. 0. 0. 1. 1. 1. 1. 1. 1. 1. 1. 1. 1. 1. 1. 0. 0.
 1. 0. 0. 0. 0. 0. 0. 0. 0. 0. 1. 1. 0. 1. 0. 1. 0. 0. 0. 0. 0. 0. 0. 0.
 1. 0. 0. 0. 0. 0. 0. 0. 0. 0. 0. 0. 0. 0. 0. 1. 1. 0. 0. 0. 1. 0. 0. 0.
 1. 0. 0. 0. 0. 0. 0. 0. 0. 0. 0. 1. 1. 0. 0. 0. 0. 0. 0. 0. 0. 1. 0. 1.
 1. 0. 0. 0. 1. 0. 1. 0. 0. 0. 0. 0. 0. 0. 0. 0. 0. 0. 0. 0. 0. 0. 0. 0.
 1. 1. 0. 0. 0. 1. 0. 0. 0. 0. 0. 0. 0. 0. 0. 0. 0. 1. 0. 1. 0. 1. 1. 0.
 0. 0. 0. 0. 1. 0. 0. 1. 0. 0. 0. 0. 0. 0. 1. 0. 0. 0. 0. 0. 0. 1. 1. 0.
 0. 0. 1. 1. 0. 1. 0. 0.]
Time taken: 23.43066167831421 seconds
Running combination 31 of 50
Fitting RandomForest...
Fitting Adaboost...
Fitting AdaBoost_2...
Fitting et...
Fitting gbc...
Fitting gbc_2...
Fitting gbc_3...
Fitting dt...
Fitting lr...
Fitting Lasso_1...
Fitting Lasso_2...
Fitting Lasso_3...
Fitting Lasso_4...
Fitting elasticnet...
VCF file created successfully.
pyseer stderr:  Read 1000 phenotypes
Detected continuous phenotype
Reading all variants

0variants [00:00, ?variants/s]
55variants [00:00, 543.37variants/s]
110variants [00:00, 478.51variants/s]
165variants [00:00, 506.73variants/s]
198variants [00:00, 511.78variants/s]
Applying correlation filtering

  0%|          | 0/198 [00:00<?, ?variants/s]
100%|██████████| 198/198 [00:00<00:00, 2699.05variants/s]
Fitting elastic net to top 148 variants
Best penalty (lambda) from cross-validation: 7.03E+00
Best R^2 from cross-validation: 0.519
Finding and printing selected variants
198 loaded variants
50 pre-filtered variants
148 tested variants
140 printed variants

True importance standardized:  [0.26007044 0.26007044 0.26007044 0.26007044 0.26007044 0.45188977
 0.45188977 0.45188977 0.45188977 0.45188977 0.53659338 0.53659338
 0.53659338 0.53659338 0.53659338 0.71967724 0.71967724 0.71967724
 0.71967724 0.71967724 0.53250457 0.53250457 0.53250457 0.53250457
 0.53250457 0.55088865 0.55088865 0.55088865 0.55088865 0.55088865
 0.18578788 0.18578788 0.18578788 0.18578788 0.18578788 0.95057327
 0.95057327 0.95057327 0.95057327 0.95057327 1.         1.
 1.         1.         1.         0.1859316  0.1859316  0.1859316
 0.1859316  0.1859316  0.         0.         0.         0.
 0.         0.         0.         0.         0.         0.
 0.         0.         0.         0.         0.         0.
 0.         0.         0.         0.         0.         0.
 0.         0.         0.         0.         0.         0.
 0.         0.         0.         0.         0.         0.
 0.         0.         0.         0.         0.         0.
 0.         0.         0.         0.         0.         0.
 0.         0.         0.         0.         0.         0.
 0.         0.         0.         0.         0.         0.
 0.         0.         0.         0.         0.         0.
 0.         0.         0.         0.         0.         0.
 0.         0.         0.         0.         0.         0.
 0.         0.         0.         0.         0.         0.
 0.         0.         0.         0.         0.         0.
 0.         0.         0.         0.         0.         0.
 0.         0.         0.         0.         0.         0.
 0.         0.         0.         0.         0.         0.
 0.         0.         0.         0.         0.         0.
 0.         0.         0.         0.         0.         0.
 0.         0.         0.         0.         0.         0.
 0.         0.         0.         0.         0.         0.
 0.         0.         0.         0.         0.         0.
 0.         0.         0.         0.         0.         0.
 0.         0.         0.         0.         0.         0.
 0.         0.        ]
Normalized importance:  [0.04155342 0.04155342 0.         0.         0.         0.23204182
 0.23204182 0.23204182 0.23204182 0.23204182 0.34305365 0.34305365
 0.34305365 0.34305365 0.34305365 0.53203946 0.53203946 0.53203946
 0.53203946 0.53203946 0.36035465 0.36035465 0.36035465 0.36035465
 0.36035465 0.44982611 0.44982611 0.44982611 0.44982611 0.44982611
 0.0484383  0.0484383  0.0484383  0.0484383  0.0484383  0.81787274
 0.81787274 0.81787274 0.81787274 0.81787274 1.         1.
 1.         1.         1.         0.         0.         0.
 0.         0.         0.         0.         0.         0.
 0.         0.         0.         0.         0.         0.
 0.         0.         0.         0.         0.         0.
 0.         0.         0.         0.         0.         0.
 0.         0.         0.         0.         0.         0.
 0.02730996 0.         0.         0.         0.         0.
 0.         0.         0.         0.         0.         0.
 0.         0.         0.         0.         0.         0.
 0.         0.         0.         0.         0.         0.03946345
 0.         0.         0.         0.07713227 0.         0.
 0.01556707 0.         0.         0.         0.         0.
 0.         0.         0.         0.         0.         0.
 0.         0.         0.         0.         0.02773182 0.
 0.         0.         0.         0.         0.         0.
 0.         0.         0.         0.         0.         0.
 0.         0.         0.         0.         0.         0.
 0.         0.         0.         0.         0.         0.
 0.         0.         0.         0.         0.         0.
 0.         0.         0.01067054 0.         0.         0.
 0.         0.         0.         0.         0.         0.
 0.         0.         0.         0.         0.         0.01655571
 0.         0.         0.04006278 0.         0.         0.
 0.         0.         0.         0.02227683 0.         0.
 0.         0.         0.         0.         0.         0.
 0.         0.         0.         0.         0.         0.
 0.         0.        ]
deepbreaks
y_true:  [0. 0. 0. 0. 0. 0. 0. 0. 0. 0. 1. 1. 1. 1. 1. 1. 1. 1. 1. 1. 0. 0. 0. 0.
 0. 1. 1. 1. 1. 1. 0. 0. 0. 0. 0. 1. 1. 1. 1. 1. 1. 1. 1. 1. 1. 0. 0. 0.
 0. 0. 0. 0. 0. 0. 0. 0. 0. 0. 0. 0. 0. 0. 0. 0. 0. 0. 0. 0. 0. 0. 0. 0.
 0. 0. 0. 0. 0. 0. 0. 0. 0. 0. 0. 0. 0. 0. 0. 0. 0. 0. 0. 0. 0. 0. 0. 0.
 0. 0. 0. 0. 0. 0. 0. 0. 0. 0. 0. 0. 0. 0. 0. 0. 0. 0. 0. 0. 0. 0. 0. 0.
 0. 0. 0. 0. 0. 0. 0. 0. 0. 0. 0. 0. 0. 0. 0. 0. 0. 0. 0. 0. 0. 0. 0. 0.
 0. 0. 0. 0. 0. 0. 0. 0. 0. 0. 0. 0. 0. 0. 0. 0. 0. 0. 0. 0. 0. 0. 0. 0.
 0. 0. 0. 0. 0. 0. 0. 0. 0. 0. 0. 0. 0. 0. 0. 0. 0. 0. 0. 0. 0. 0. 0. 0.
 0. 0. 0. 0. 0. 0. 0. 0.]
y_pred:  [0. 0. 0. 0. 0. 0. 0. 0. 0. 0. 1. 1. 1. 1. 1. 1. 1. 1. 1. 1. 1. 1. 1. 1.
 1. 1. 1. 1. 1. 1. 0. 0. 0. 0. 0. 1. 1. 1. 1. 1. 1. 1. 1. 1. 1. 0. 0. 0.
 0. 0. 0. 0. 0. 0. 0. 0. 0. 0. 0. 0. 0. 0. 0. 0. 0. 0. 0. 0. 0. 0. 0. 0.
 0. 0. 0. 0. 0. 0. 0. 0. 0. 0. 0. 0. 0. 0. 0. 0. 0. 0. 0. 0. 0. 0. 0. 0.
 0. 0. 0. 0. 0. 0. 0. 0. 0. 0. 0. 0. 0. 0. 0. 0. 0. 0. 0. 0. 0. 0. 0. 0.
 0. 0. 0. 0. 0. 0. 0. 0. 0. 0. 0. 0. 0. 0. 0. 0. 0. 0. 0. 0. 0. 0. 0. 0.
 0. 0. 0. 0. 0. 0. 0. 0. 0. 0. 0. 0. 0. 0. 0. 0. 0. 0. 0. 0. 0. 0. 0. 0.
 0. 0. 0. 0. 0. 0. 0. 0. 0. 0. 0. 0. 0. 0. 0. 0. 0. 0. 0. 0. 0. 0. 0. 0.
 0. 0. 0. 0. 0. 0. 0. 0.]
Normalized importance:  [0.1908046  0.27356322 0.05402299 0.03034483 0.02873563 0.52183908
 0.24827586 0.18045977 0.04482759 0.         0.44827586 0.18298851
 0.15793103 0.20275862 0.15218391 0.74482759 0.16643678 0.20137931
 0.27816092 0.26436782 0.3862069  0.22781609 0.12229885 0.36781609
 0.18206897 0.63218391 0.35862069 0.29425287 0.22505747 0.25977011
 0.18551724 0.16344828 0.25287356 0.0174023  0.11862069 0.88735632
 0.32413793 0.43448276 0.18482759 0.48275862 1.         0.20321839
 0.64597701 0.44137931 0.26206897 0.03264368 0.17954023 0.03057471
 0.03333333 0.01526437 0.11310345 0.00972414 0.1416092  0.09333333
 0.11977011 0.         0.         0.13149425 0.09724138 0.
 0.03149425 0.15885057 0.         0.         0.         0.
 0.         0.14114943 0.12413793 0.         0.09885057 0.03494253
 0.0954023  0.08965517 0.06229885 0.         0.         0.19333333
 0.0445977  0.12850575 0.20551724 0.11448276 0.04114943 0.1491954
 0.00542529 0.05977011 0.         0.09011494 0.         0.0554023
 0.         0.10275862 0.07310345 0.         0.10321839 0.
 0.10344828 0.12804598 0.08689655 0.09402299 0.07563218 0.21632184
 0.         0.         0.03218391 0.32643678 0.04896552 0.
 0.22321839 0.14712644 0.03425287 0.01924138 0.05632184 0.02689655
 0.         0.06597701 0.03287356 0.         0.01956322 0.
 0.13563218 0.05908046 0.06229885 0.25287356 0.16666667 0.03701149
 0.         0.         0.         0.09356322 0.         0.
 0.         0.1862069  0.         0.00324138 0.         0.
 0.         0.         0.         0.         0.         0.02142529
 0.01057471 0.         0.01305747 0.00498851 0.         0.08436782
 0.         0.         0.04735632 0.12321839 0.         0.23218391
 0.         0.11701149 0.23678161 0.         0.04413793 0.04206897
 0.         0.04275862 0.10321839 0.11862069 0.08873563 0.04804598
 0.16505747 0.0737931  0.         0.         0.0783908  0.20988506
 0.         0.02390805 0.19011494 0.         0.16       0.
 0.08689655 0.06666667 0.         0.18275862 0.         0.
 0.         0.03563218 0.17816092 0.         0.19425287 0.17241379
 0.04298851 0.06344828 0.         0.         0.         0.12436782
 0.         0.        ]
pyseer
y_true:  [0. 0. 0. 0. 0. 0. 0. 0. 0. 0. 1. 1. 1. 1. 1. 1. 1. 1. 1. 1. 0. 0. 0. 0.
 0. 1. 1. 1. 1. 1. 0. 0. 0. 0. 0. 1. 1. 1. 1. 1. 1. 1. 1. 1. 1. 0. 0. 0.
 0. 0. 0. 0. 0. 0. 0. 0. 0. 0. 0. 0. 0. 0. 0. 0. 0. 0. 0. 0. 0. 0. 0. 0.
 0. 0. 0. 0. 0. 0. 0. 0. 0. 0. 0. 0. 0. 0. 0. 0. 0. 0. 0. 0. 0. 0. 0. 0.
 0. 0. 0. 0. 0. 0. 0. 0. 0. 0. 0. 0. 0. 0. 0. 0. 0. 0. 0. 0. 0. 0. 0. 0.
 0. 0. 0. 0. 0. 0. 0. 0. 0. 0. 0. 0. 0. 0. 0. 0. 0. 0. 0. 0. 0. 0. 0. 0.
 0. 0. 0. 0. 0. 0. 0. 0. 0. 0. 0. 0. 0. 0. 0. 0. 0. 0. 0. 0. 0. 0. 0. 0.
 0. 0. 0. 0. 0. 0. 0. 0. 0. 0. 0. 0. 0. 0. 0. 0. 0. 0. 0. 0. 0. 0. 0. 0.
 0. 0. 0. 0. 0. 0. 0. 0.]
y_pred:  [1. 1. 0. 0. 0. 1. 1. 1. 0. 0. 1. 1. 1. 1. 1. 1. 1. 1. 1. 1. 1. 1. 1. 1.
 1. 1. 1. 1. 1. 1. 1. 1. 1. 0. 0. 1. 1. 1. 1. 1. 1. 1. 1. 1. 1. 0. 1. 0.
 0. 0. 0. 0. 1. 0. 1. 0. 0. 1. 0. 0. 0. 1. 0. 0. 0. 0. 0. 1. 1. 0. 0. 0.
 0. 0. 0. 0. 0. 1. 0. 1. 1. 0. 0. 1. 0. 0. 0. 0. 0. 0. 0. 0. 0. 0. 0. 0.
 0. 1. 0. 0. 0. 1. 0. 0. 0. 1. 0. 0. 1. 1. 0. 0. 0. 0. 0. 0. 0. 0. 0. 0.
 1. 0. 0. 1. 1. 0. 0. 0. 0. 0. 0. 0. 0. 1. 0. 0. 0. 0. 0. 0. 0. 0. 0. 0.
 0. 0. 0. 0. 0. 0. 0. 0. 0. 1. 0. 1. 0. 0. 1. 0. 0. 0. 0. 0. 0. 0. 0. 0.
 1. 0. 0. 0. 0. 1. 0. 0. 1. 0. 1. 0. 0. 0. 0. 1. 0. 0. 0. 0. 1. 0. 1. 1.
 0. 0. 0. 0. 0. 1. 0. 0.]
Time taken: 23.50481653213501 seconds
Running combination 32 of 50
Fitting RandomForest...
Fitting Adaboost...
Fitting AdaBoost_2...
Fitting et...
Fitting gbc...
Fitting gbc_2...
Fitting gbc_3...
Fitting dt...
Fitting lr...
Fitting Lasso_1...
Fitting Lasso_2...
Fitting Lasso_3...
Fitting Lasso_4...
Fitting elasticnet...
VCF file created successfully.
pyseer stderr:  Read 1000 phenotypes
Detected continuous phenotype
Reading all variants

0variants [00:00, ?variants/s]
53variants [00:00, 528.84variants/s]
106variants [00:00, 472.13variants/s]
161variants [00:00, 504.10variants/s]
198variants [00:00, 508.94variants/s]
Applying correlation filtering

  0%|          | 0/198 [00:00<?, ?variants/s]
100%|██████████| 198/198 [00:00<00:00, 2729.37variants/s]
Fitting elastic net to top 148 variants
Best penalty (lambda) from cross-validation: 6.29E+01
Best R^2 from cross-validation: 0.449
Finding and printing selected variants
198 loaded variants
50 pre-filtered variants
148 tested variants
139 printed variants

True importance standardized:  [0.19959816 0.19959816 0.19959816 0.19959816 0.19959816 0.89659636
 0.89659636 0.89659636 0.89659636 0.89659636 0.95948114 0.95948114
 0.95948114 0.95948114 0.95948114 0.57657116 0.57657116 0.57657116
 0.57657116 0.57657116 0.17964509 0.17964509 0.17964509 0.17964509
 0.17964509 0.9616868  0.9616868  0.9616868  0.9616868  0.9616868
 0.16095959 0.16095959 0.16095959 0.16095959 0.16095959 0.96759634
 0.96759634 0.96759634 0.96759634 0.96759634 1.         1.
 1.         1.         1.         0.55482779 0.55482779 0.55482779
 0.55482779 0.55482779 0.         0.         0.         0.
 0.         0.         0.         0.         0.         0.
 0.         0.         0.         0.         0.         0.
 0.         0.         0.         0.         0.         0.
 0.         0.         0.         0.         0.         0.
 0.         0.         0.         0.         0.         0.
 0.         0.         0.         0.         0.         0.
 0.         0.         0.         0.         0.         0.
 0.         0.         0.         0.         0.         0.
 0.         0.         0.         0.         0.         0.
 0.         0.         0.         0.         0.         0.
 0.         0.         0.         0.         0.         0.
 0.         0.         0.         0.         0.         0.
 0.         0.         0.         0.         0.         0.
 0.         0.         0.         0.         0.         0.
 0.         0.         0.         0.         0.         0.
 0.         0.         0.         0.         0.         0.
 0.         0.         0.         0.         0.         0.
 0.         0.         0.         0.         0.         0.
 0.         0.         0.         0.         0.         0.
 0.         0.         0.         0.         0.         0.
 0.         0.         0.         0.         0.         0.
 0.         0.         0.         0.         0.         0.
 0.         0.         0.         0.         0.         0.
 0.         0.         0.         0.         0.         0.
 0.         0.        ]
Normalized importance:  [0.02513744 0.02513744 0.02513744 0.         0.02513744 0.62358437
 0.62358437 0.62358437 0.62358437 0.62358437 0.75047366 0.75047366
 0.75047366 0.75047366 0.75047366 0.27192966 0.27192966 0.27192966
 0.27192966 0.27192966 0.         0.         0.         0.
 0.         1.         1.         1.         1.         1.
 0.         0.02263205 0.         0.         0.         0.59877427
 0.59877427 0.59877427 0.59877427 0.59877427 0.79496508 0.79496508
 0.79496508 0.79496508 0.79496508 0.1842443  0.1842443  0.1842443
 0.1842443  0.1842443  0.         0.         0.         0.
 0.         0.         0.         0.         0.         0.
 0.04835701 0.         0.         0.         0.         0.
 0.         0.         0.         0.         0.         0.
 0.         0.01014038 0.         0.         0.         0.
 0.         0.         0.         0.         0.         0.
 0.         0.         0.         0.         0.         0.
 0.         0.         0.         0.         0.06488796 0.
 0.         0.         0.02457045 0.         0.         0.
 0.         0.         0.         0.         0.         0.
 0.         0.         0.         0.         0.         0.
 0.         0.         0.         0.         0.         0.
 0.         0.         0.         0.         0.         0.
 0.         0.         0.         0.         0.         0.
 0.         0.         0.         0.         0.         0.
 0.         0.         0.         0.         0.02022884 0.
 0.         0.         0.         0.         0.         0.
 0.02275747 0.         0.         0.         0.         0.
 0.         0.         0.         0.         0.         0.
 0.         0.         0.         0.         0.         0.
 0.         0.         0.         0.         0.         0.
 0.         0.         0.         0.         0.         0.
 0.00948601 0.         0.         0.         0.         0.00820931
 0.         0.         0.         0.         0.         0.
 0.         0.         0.         0.         0.         0.
 0.         0.        ]
deepbreaks
y_true:  [0. 0. 0. 0. 0. 1. 1. 1. 1. 1. 1. 1. 1. 1. 1. 0. 0. 0. 0. 0. 0. 0. 0. 0.
 0. 1. 1. 1. 1. 1. 0. 0. 0. 0. 0. 1. 1. 1. 1. 1. 1. 1. 1. 1. 1. 0. 0. 0.
 0. 0. 0. 0. 0. 0. 0. 0. 0. 0. 0. 0. 0. 0. 0. 0. 0. 0. 0. 0. 0. 0. 0. 0.
 0. 0. 0. 0. 0. 0. 0. 0. 0. 0. 0. 0. 0. 0. 0. 0. 0. 0. 0. 0. 0. 0. 0. 0.
 0. 0. 0. 0. 0. 0. 0. 0. 0. 0. 0. 0. 0. 0. 0. 0. 0. 0. 0. 0. 0. 0. 0. 0.
 0. 0. 0. 0. 0. 0. 0. 0. 0. 0. 0. 0. 0. 0. 0. 0. 0. 0. 0. 0. 0. 0. 0. 0.
 0. 0. 0. 0. 0. 0. 0. 0. 0. 0. 0. 0. 0. 0. 0. 0. 0. 0. 0. 0. 0. 0. 0. 0.
 0. 0. 0. 0. 0. 0. 0. 0. 0. 0. 0. 0. 0. 0. 0. 0. 0. 0. 0. 0. 0. 0. 0. 0.
 0. 0. 0. 0. 0. 0. 0. 0.]
y_pred:  [0. 0. 0. 0. 0. 1. 1. 1. 1. 1. 1. 1. 1. 1. 1. 0. 0. 0. 0. 0. 0. 0. 0. 0.
 0. 1. 1. 1. 1. 1. 0. 0. 0. 0. 0. 1. 1. 1. 1. 1. 1. 1. 1. 1. 1. 0. 0. 0.
 0. 0. 0. 0. 0. 0. 0. 0. 0. 0. 0. 0. 0. 0. 0. 0. 0. 0. 0. 0. 0. 0. 0. 0.
 0. 0. 0. 0. 0. 0. 0. 0. 0. 0. 0. 0. 0. 0. 0. 0. 0. 0. 0. 0. 0. 0. 0. 0.
 0. 0. 0. 0. 0. 0. 0. 0. 0. 0. 0. 0. 0. 0. 0. 0. 0. 0. 0. 0. 0. 0. 0. 0.
 0. 0. 0. 0. 0. 0. 0. 0. 0. 0. 0. 0. 0. 0. 0. 0. 0. 0. 0. 0. 0. 0. 0. 0.
 0. 0. 0. 0. 0. 0. 0. 0. 0. 0. 0. 0. 0. 0. 0. 0. 0. 0. 0. 0. 0. 0. 0. 0.
 0. 0. 0. 0. 0. 0. 0. 0. 0. 0. 0. 0. 0. 0. 0. 0. 0. 0. 0. 0. 0. 0. 0. 0.
 0. 0. 0. 0. 0. 0. 0. 0.]
Normalized importance:  [0.25174419 0.22848837 0.34709302 0.         0.02523256 0.8255814
 0.18139535 0.45290698 0.25639535 0.53255814 0.84883721 0.59302326
 0.46453488 0.44825581 0.26976744 0.45290698 0.55       0.51686047
 0.42325581 0.04343023 0.05813953 0.12034884 0.02261628 0.
 0.22790698 0.87790698 0.4994186  0.48895349 0.51627907 0.47674419
 0.04098837 0.1        0.02587209 0.01906977 0.08662791 0.81976744
 0.5872093  0.4005814  0.65697674 0.29127907 1.         0.43488372
 0.56918605 0.69186047 0.32790698 0.51976744 0.43604651 0.03622093
 0.45406977 0.14011628 0.         0.         0.05319767 0.
 0.20406977 0.18139535 0.         0.         0.         0.21569767
 0.63372093 0.         0.         0.         0.2505814  0.
 0.09476744 0.15813953 0.05813953 0.30406977 0.04127907 0.09244186
 0.         0.23488372 0.         0.         0.         0.10116279
 0.         0.         0.         0.         0.05273256 0.06976744
 0.08139535 0.13953488 0.17325581 0.21569767 0.0755814  0.
 0.         0.         0.16162791 0.01110465 0.47383721 0.12790698
 0.14244186 0.         0.47790698 0.05447674 0.13488372 0.11918605
 0.06511628 0.19651163 0.05098837 0.13662791 0.18953488 0.07325581
 0.         0.14360465 0.         0.         0.         0.13488372
 0.         0.         0.         0.14709302 0.32383721 0.
 0.04563953 0.17906977 0.09593023 0.175      0.03523256 0.
 0.02040698 0.14651163 0.10872093 0.         0.         0.
 0.20290698 0.12151163 0.         0.11162791 0.04773256 0.07906977
 0.00959302 0.1122093  0.         0.02732558 0.40406977 0.16918605
 0.13023256 0.05383721 0.27965116 0.         0.10232558 0.
 0.32151163 0.         0.         0.24883721 0.18081395 0.
 0.         0.05755814 0.         0.         0.18313953 0.00697674
 0.04186047 0.10232558 0.00511047 0.         0.08313953 0.20348837
 0.         0.1744186  0.         0.05226744 0.23953488 0.21395349
 0.27383721 0.         0.24883721 0.16511628 0.         0.
 0.15465116 0.13604651 0.02715116 0.05174419 0.03912791 0.35639535
 0.         0.         0.         0.14709302 0.05447674 0.
 0.00153488 0.         0.29186047 0.         0.25174419 0.
 0.         0.        ]
pyseer
y_true:  [0. 0. 0. 0. 0. 1. 1. 1. 1. 1. 1. 1. 1. 1. 1. 0. 0. 0. 0. 0. 0. 0. 0. 0.
 0. 1. 1. 1. 1. 1. 0. 0. 0. 0. 0. 1. 1. 1. 1. 1. 1. 1. 1. 1. 1. 0. 0. 0.
 0. 0. 0. 0. 0. 0. 0. 0. 0. 0. 0. 0. 0. 0. 0. 0. 0. 0. 0. 0. 0. 0. 0. 0.
 0. 0. 0. 0. 0. 0. 0. 0. 0. 0. 0. 0. 0. 0. 0. 0. 0. 0. 0. 0. 0. 0. 0. 0.
 0. 0. 0. 0. 0. 0. 0. 0. 0. 0. 0. 0. 0. 0. 0. 0. 0. 0. 0. 0. 0. 0. 0. 0.
 0. 0. 0. 0. 0. 0. 0. 0. 0. 0. 0. 0. 0. 0. 0. 0. 0. 0. 0. 0. 0. 0. 0. 0.
 0. 0. 0. 0. 0. 0. 0. 0. 0. 0. 0. 0. 0. 0. 0. 0. 0. 0. 0. 0. 0. 0. 0. 0.
 0. 0. 0. 0. 0. 0. 0. 0. 0. 0. 0. 0. 0. 0. 0. 0. 0. 0. 0. 0. 0. 0. 0. 0.
 0. 0. 0. 0. 0. 0. 0. 0.]
y_pred:  [1. 1. 1. 0. 0. 1. 1. 1. 1. 1. 1. 1. 1. 1. 1. 1. 1. 1. 1. 0. 0. 0. 0. 0.
 1. 1. 1. 1. 1. 1. 0. 0. 0. 0. 0. 1. 1. 1. 1. 1. 1. 1. 1. 1. 1. 1. 1. 0.
 1. 0. 0. 0. 0. 0. 1. 1. 0. 0. 0. 1. 1. 0. 0. 0. 1. 0. 0. 0. 0. 1. 0. 0.
 0. 1. 0. 0. 0. 0. 0. 0. 0. 0. 0. 0. 0. 0. 1. 1. 0. 0. 0. 0. 0. 0. 1. 0.
 0. 0. 1. 0. 0. 0. 0. 1. 0. 0. 1. 0. 0. 0. 0. 0. 0. 0. 0. 0. 0. 0. 1. 0.
 0. 1. 0. 1. 0. 0. 0. 0. 0. 0. 0. 0. 1. 0. 0. 0. 0. 0. 0. 0. 0. 0. 1. 1.
 0. 0. 1. 0. 0. 0. 1. 0. 0. 1. 1. 0. 0. 0. 0. 0. 1. 0. 0. 0. 0. 0. 0. 1.
 0. 1. 0. 0. 1. 1. 1. 0. 1. 1. 0. 0. 0. 0. 0. 0. 0. 1. 0. 0. 0. 0. 0. 0.
 0. 0. 1. 0. 1. 0. 0. 0.]
Time taken: 23.125488996505737 seconds
Running combination 33 of 50
Fitting RandomForest...
Fitting Adaboost...
Fitting AdaBoost_2...
Fitting et...
Fitting gbc...
Fitting gbc_2...
Fitting gbc_3...
Fitting dt...
Fitting lr...
Fitting Lasso_1...
Fitting Lasso_2...
Fitting Lasso_3...
Fitting Lasso_4...
Fitting elasticnet...
VCF file created successfully.
pyseer stderr:  Read 1000 phenotypes
Detected continuous phenotype
Reading all variants

0variants [00:00, ?variants/s]
52variants [00:00, 511.66variants/s]
104variants [00:00, 463.01variants/s]
159variants [00:00, 499.03variants/s]
198variants [00:00, 503.80variants/s]
Applying correlation filtering

  0%|          | 0/198 [00:00<?, ?variants/s]
100%|██████████| 198/198 [00:00<00:00, 2697.80variants/s]
Fitting elastic net to top 148 variants
Best penalty (lambda) from cross-validation: 7.83E+00
Best R^2 from cross-validation: 0.523
Finding and printing selected variants
198 loaded variants
50 pre-filtered variants
148 tested variants
137 printed variants

True importance standardized:  [0.40037179 0.40037179 0.40037179 0.40037179 0.40037179 1.
 1.         1.         1.         1.         0.47967831 0.47967831
 0.47967831 0.47967831 0.47967831 0.17522302 0.17522302 0.17522302
 0.17522302 0.17522302 0.11841351 0.11841351 0.11841351 0.11841351
 0.11841351 0.91123913 0.91123913 0.91123913 0.91123913 0.91123913
 0.31328051 0.31328051 0.31328051 0.31328051 0.31328051 0.34697699
 0.34697699 0.34697699 0.34697699 0.34697699 0.35935266 0.35935266
 0.35935266 0.35935266 0.35935266 0.48165589 0.48165589 0.48165589
 0.48165589 0.48165589 0.         0.         0.         0.
 0.         0.         0.         0.         0.         0.
 0.         0.         0.         0.         0.         0.
 0.         0.         0.         0.         0.         0.
 0.         0.         0.         0.         0.         0.
 0.         0.         0.         0.         0.         0.
 0.         0.         0.         0.         0.         0.
 0.         0.         0.         0.         0.         0.
 0.         0.         0.         0.         0.         0.
 0.         0.         0.         0.         0.         0.
 0.         0.         0.         0.         0.         0.
 0.         0.         0.         0.         0.         0.
 0.         0.         0.         0.         0.         0.
 0.         0.         0.         0.         0.         0.
 0.         0.         0.         0.         0.         0.
 0.         0.         0.         0.         0.         0.
 0.         0.         0.         0.         0.         0.
 0.         0.         0.         0.         0.         0.
 0.         0.         0.         0.         0.         0.
 0.         0.         0.         0.         0.         0.
 0.         0.         0.         0.         0.         0.
 0.         0.         0.         0.         0.         0.
 0.         0.         0.         0.         0.         0.
 0.         0.         0.         0.         0.         0.
 0.         0.         0.         0.         0.         0.
 0.         0.        ]
Normalized importance:  [0.130798   0.130798   0.130798   0.130798   0.130798   1.
 1.         1.         1.         1.         0.37750608 0.37750608
 0.37750608 0.37750608 0.37750608 0.0900359  0.0900359  0.0900359
 0.         0.0900359  0.         0.         0.         0.
 0.         0.8301727  0.8301727  0.8301727  0.8301727  0.8301727
 0.04297494 0.04297494 0.04297494 0.04297494 0.04297494 0.20059896
 0.         0.20059896 0.20059896 0.20059896 0.08507461 0.08507461
 0.08507461 0.08507461 0.08507461 0.22426408 0.22426408 0.22426408
 0.22426408 0.22426408 0.         0.         0.         0.
 0.         0.         0.         0.         0.01230773 0.
 0.         0.03538098 0.         0.         0.         0.
 0.         0.         0.         0.         0.         0.
 0.         0.         0.         0.         0.         0.
 0.         0.         0.         0.         0.         0.
 0.         0.         0.         0.         0.         0.
 0.         0.         0.         0.         0.00843648 0.
 0.         0.         0.         0.         0.         0.
 0.         0.         0.         0.         0.         0.
 0.         0.         0.         0.         0.         0.
 0.         0.         0.         0.         0.         0.
 0.         0.         0.         0.         0.         0.
 0.         0.         0.         0.         0.         0.
 0.         0.00618324 0.         0.         0.         0.
 0.         0.         0.         0.         0.         0.
 0.         0.         0.         0.         0.         0.
 0.         0.         0.         0.         0.         0.
 0.         0.00332336 0.         0.02195036 0.         0.
 0.         0.07031979 0.         0.         0.0520488  0.
 0.         0.         0.         0.         0.         0.
 0.         0.         0.         0.         0.02122231 0.
 0.         0.         0.         0.         0.         0.
 0.         0.         0.         0.         0.         0.
 0.         0.         0.00400898 0.         0.03202642 0.
 0.         0.        ]
deepbreaks
y_true:  [1. 1. 1. 1. 1. 1. 1. 1. 1. 1. 1. 1. 1. 1. 1. 0. 0. 0. 0. 0. 0. 0. 0. 0.
 0. 1. 1. 1. 1. 1. 0. 0. 0. 0. 0. 0. 0. 0. 0. 0. 0. 0. 0. 0. 0. 1. 1. 1.
 1. 1. 0. 0. 0. 0. 0. 0. 0. 0. 0. 0. 0. 0. 0. 0. 0. 0. 0. 0. 0. 0. 0. 0.
 0. 0. 0. 0. 0. 0. 0. 0. 0. 0. 0. 0. 0. 0. 0. 0. 0. 0. 0. 0. 0. 0. 0. 0.
 0. 0. 0. 0. 0. 0. 0. 0. 0. 0. 0. 0. 0. 0. 0. 0. 0. 0. 0. 0. 0. 0. 0. 0.
 0. 0. 0. 0. 0. 0. 0. 0. 0. 0. 0. 0. 0. 0. 0. 0. 0. 0. 0. 0. 0. 0. 0. 0.
 0. 0. 0. 0. 0. 0. 0. 0. 0. 0. 0. 0. 0. 0. 0. 0. 0. 0. 0. 0. 0. 0. 0. 0.
 0. 0. 0. 0. 0. 0. 0. 0. 0. 0. 0. 0. 0. 0. 0. 0. 0. 0. 0. 0. 0. 0. 0. 0.
 0. 0. 0. 0. 0. 0. 0. 0.]
y_pred:  [1. 1. 1. 1. 1. 1. 1. 1. 1. 1. 1. 1. 1. 1. 1. 0. 0. 0. 0. 0. 0. 0. 0. 0.
 0. 1. 1. 1. 1. 1. 0. 0. 0. 0. 0. 1. 0. 1. 1. 1. 0. 0. 0. 0. 0. 1. 1. 1.
 1. 1. 0. 0. 0. 0. 0. 0. 0. 0. 0. 0. 0. 0. 0. 0. 0. 0. 0. 0. 0. 0. 0. 0.
 0. 0. 0. 0. 0. 0. 0. 0. 0. 0. 0. 0. 0. 0. 0. 0. 0. 0. 0. 0. 0. 0. 0. 0.
 0. 0. 0. 0. 0. 0. 0. 0. 0. 0. 0. 0. 0. 0. 0. 0. 0. 0. 0. 0. 0. 0. 0. 0.
 0. 0. 0. 0. 0. 0. 0. 0. 0. 0. 0. 0. 0. 0. 0. 0. 0. 0. 0. 0. 0. 0. 0. 0.
 0. 0. 0. 0. 0. 0. 0. 0. 0. 0. 0. 0. 0. 0. 0. 0. 0. 0. 0. 0. 0. 0. 0. 0.
 0. 0. 0. 0. 0. 0. 0. 0. 0. 0. 0. 0. 0. 0. 0. 0. 0. 0. 0. 0. 0. 0. 0. 0.
 0. 0. 0. 0. 0. 0. 0. 0.]
Normalized importance:  [4.23143351e-01 9.53367876e-02 5.37132988e-02 2.65975820e-02
 3.79965458e-01 1.00000000e+00 5.12953368e-01 6.06217617e-01
 3.07426598e-01 1.53195164e-01 4.57685665e-01 1.54576857e-01
 2.65975820e-01 2.79792746e-01 2.46977547e-01 1.72020725e-01
 4.88773748e-02 1.54231434e-01 1.17789292e-01 5.50949914e-02
 4.04145078e-02 0.00000000e+00 9.44732297e-02 2.90155440e-03
 1.46286701e-01 9.17098446e-01 4.38687392e-01 2.59067358e-01
 5.97582038e-01 9.98272884e-02 2.22797927e-01 2.83246978e-01
 1.81347150e-01 0.00000000e+00 0.00000000e+00 3.74784111e-01
 0.00000000e+00 3.35060449e-01 3.02245250e-02 1.25906736e-01
 2.26252159e-01 0.00000000e+00 5.04317789e-01 5.30224525e-02
 7.16753022e-02 4.50777202e-01 2.84974093e-01 1.69775475e-01
 1.91709845e-01 8.35924007e-02 1.28497409e-01 9.82728843e-03
 5.85492228e-02 0.00000000e+00 0.00000000e+00 3.76511226e-02
 1.95164076e-02 1.32987910e-01 9.25734024e-02 0.00000000e+00
 1.01036269e-01 2.38341969e-01 0.00000000e+00 0.00000000e+00
 0.00000000e+00 4.43868739e-02 1.14162349e-01 0.00000000e+00
 0.00000000e+00 2.00345423e-01 0.00000000e+00 0.00000000e+00
 8.91191710e-02 2.67702936e-02 9.96545769e-02 2.10708117e-01
 5.07772021e-02 1.89982729e-02 0.00000000e+00 0.00000000e+00
 2.86701209e-01 0.00000000e+00 0.00000000e+00 8.72193437e-02
 1.24870466e-01 1.79620035e-01 7.77202073e-02 2.46977547e-02
 0.00000000e+00 0.00000000e+00 0.00000000e+00 0.00000000e+00
 6.44214162e-02 1.37651123e-01 1.69084629e-01 7.42659758e-02
 2.69430052e-01 1.15716753e-01 0.00000000e+00 1.74438687e-02
 0.00000000e+00 0.00000000e+00 0.00000000e+00 1.51468048e-01
 1.52677029e-01 0.00000000e+00 4.95682211e-02 0.00000000e+00
 6.99481865e-02 0.00000000e+00 1.37478411e-01 0.00000000e+00
 0.00000000e+00 2.02072539e-01 0.00000000e+00 9.43005181e-02
 1.10535406e-01 8.54922280e-02 8.80829016e-02 0.00000000e+00
 0.00000000e+00 0.00000000e+00 1.36442142e-01 0.00000000e+00
 5.94127807e-02 1.41278066e-01 0.00000000e+00 0.00000000e+00
 0.00000000e+00 6.16580311e-02 8.98100173e-02 2.07253886e-02
 1.01727116e-01 1.62176166e-02 0.00000000e+00 0.00000000e+00
 1.34715026e-01 8.01381693e-02 1.79620035e-01 2.29706390e-02
 3.73056995e-02 8.63557858e-02 2.59067358e-02 0.00000000e+00
 4.99136442e-02 0.00000000e+00 1.11398964e-01 2.22797927e-01
 3.21243523e-02 0.00000000e+00 1.83074266e-02 0.00000000e+00
 0.00000000e+00 0.00000000e+00 0.00000000e+00 0.00000000e+00
 9.05008636e-02 1.25043178e-01 7.85837651e-02 1.26770294e-01
 0.00000000e+00 1.36269430e-01 0.00000000e+00 3.12607945e-01
 0.00000000e+00 3.14335060e-02 2.34887737e-01 2.17616580e-02
 6.87392055e-03 7.27115717e-02 1.56994819e-02 0.00000000e+00
 4.76683938e-02 1.51640760e-02 2.33160622e-02 0.00000000e+00
 1.65630397e-02 1.19343696e-01 2.31433506e-01 3.16062176e-02
 0.00000000e+00 0.00000000e+00 9.36096718e-02 0.00000000e+00
 0.00000000e+00 1.58376511e-02 7.51295337e-02 0.00000000e+00
 5.18134715e-04 1.72711572e-01 0.00000000e+00 8.67012090e-02
 8.82556131e-02 2.50431779e-01 1.72711572e-02 1.57167530e-02
 1.59585492e-01 9.32642487e-02 0.00000000e+00 0.00000000e+00]
pyseer
y_true:  [1. 1. 1. 1. 1. 1. 1. 1. 1. 1. 1. 1. 1. 1. 1. 0. 0. 0. 0. 0. 0. 0. 0. 0.
 0. 1. 1. 1. 1. 1. 0. 0. 0. 0. 0. 0. 0. 0. 0. 0. 0. 0. 0. 0. 0. 1. 1. 1.
 1. 1. 0. 0. 0. 0. 0. 0. 0. 0. 0. 0. 0. 0. 0. 0. 0. 0. 0. 0. 0. 0. 0. 0.
 0. 0. 0. 0. 0. 0. 0. 0. 0. 0. 0. 0. 0. 0. 0. 0. 0. 0. 0. 0. 0. 0. 0. 0.
 0. 0. 0. 0. 0. 0. 0. 0. 0. 0. 0. 0. 0. 0. 0. 0. 0. 0. 0. 0. 0. 0. 0. 0.
 0. 0. 0. 0. 0. 0. 0. 0. 0. 0. 0. 0. 0. 0. 0. 0. 0. 0. 0. 0. 0. 0. 0. 0.
 0. 0. 0. 0. 0. 0. 0. 0. 0. 0. 0. 0. 0. 0. 0. 0. 0. 0. 0. 0. 0. 0. 0. 0.
 0. 0. 0. 0. 0. 0. 0. 0. 0. 0. 0. 0. 0. 0. 0. 0. 0. 0. 0. 0. 0. 0. 0. 0.
 0. 0. 0. 0. 0. 0. 0. 0.]
y_pred:  [1. 0. 0. 0. 1. 1. 1. 1. 1. 1. 1. 1. 1. 1. 1. 1. 0. 1. 1. 0. 0. 0. 0. 0.
 1. 1. 1. 1. 1. 1. 1. 1. 1. 0. 0. 1. 0. 1. 0. 1. 1. 0. 1. 0. 0. 1. 1. 1.
 1. 0. 1. 0. 0. 0. 0. 0. 0. 1. 0. 0. 1. 1. 0. 0. 0. 0. 1. 0. 0. 1. 0. 0.
 0. 0. 0. 1. 0. 0. 0. 0. 1. 0. 0. 0. 1. 1. 0. 0. 0. 0. 0. 0. 0. 1. 1. 0.
 1. 1. 0. 0. 0. 0. 0. 1. 1. 0. 0. 0. 0. 0. 1. 0. 0. 1. 0. 0. 1. 0. 0. 0.
 0. 0. 1. 0. 0. 1. 0. 0. 0. 0. 0. 0. 1. 0. 0. 0. 1. 0. 1. 0. 0. 0. 0. 0.
 0. 0. 1. 1. 0. 0. 0. 0. 0. 0. 0. 0. 0. 1. 0. 1. 0. 1. 0. 1. 0. 0. 1. 0.
 0. 0. 0. 0. 0. 0. 0. 0. 0. 1. 1. 0. 0. 0. 0. 0. 0. 0. 0. 0. 0. 1. 0. 0.
 0. 1. 0. 0. 1. 0. 0. 0.]
Time taken: 23.164217233657837 seconds
Running combination 34 of 50
Fitting RandomForest...
Fitting Adaboost...
Fitting AdaBoost_2...
Fitting et...
Fitting gbc...
Fitting gbc_2...
Fitting gbc_3...
Fitting dt...
Fitting lr...
Fitting Lasso_1...
Fitting Lasso_2...
Fitting Lasso_3...
Fitting Lasso_4...
Fitting elasticnet...
VCF file created successfully.
pyseer stderr:  Read 1000 phenotypes
Detected continuous phenotype
Reading all variants

0variants [00:00, ?variants/s]
55variants [00:00, 541.40variants/s]
110variants [00:00, 478.40variants/s]
166variants [00:00, 512.65variants/s]
198variants [00:00, 516.71variants/s]
Applying correlation filtering

  0%|          | 0/198 [00:00<?, ?variants/s]
100%|██████████| 198/198 [00:00<00:00, 2643.00variants/s]
Fitting elastic net to top 148 variants
Best penalty (lambda) from cross-validation: 8.96E+01
Best R^2 from cross-validation: 0.400
Finding and printing selected variants
198 loaded variants
50 pre-filtered variants
148 tested variants
138 printed variants

True importance standardized:  [1.         1.         1.         1.         1.         0.50714966
 0.50714966 0.50714966 0.50714966 0.50714966 0.87064024 0.87064024
 0.87064024 0.87064024 0.87064024 0.87178632 0.87178632 0.87178632
 0.87178632 0.87178632 0.57063065 0.57063065 0.57063065 0.57063065
 0.57063065 0.83201691 0.83201691 0.83201691 0.83201691 0.83201691
 0.73318046 0.73318046 0.73318046 0.73318046 0.73318046 0.88944014
 0.88944014 0.88944014 0.88944014 0.88944014 0.81646623 0.81646623
 0.81646623 0.81646623 0.81646623 0.36836553 0.36836553 0.36836553
 0.36836553 0.36836553 0.         0.         0.         0.
 0.         0.         0.         0.         0.         0.
 0.         0.         0.         0.         0.         0.
 0.         0.         0.         0.         0.         0.
 0.         0.         0.         0.         0.         0.
 0.         0.         0.         0.         0.         0.
 0.         0.         0.         0.         0.         0.
 0.         0.         0.         0.         0.         0.
 0.         0.         0.         0.         0.         0.
 0.         0.         0.         0.         0.         0.
 0.         0.         0.         0.         0.         0.
 0.         0.         0.         0.         0.         0.
 0.         0.         0.         0.         0.         0.
 0.         0.         0.         0.         0.         0.
 0.         0.         0.         0.         0.         0.
 0.         0.         0.         0.         0.         0.
 0.         0.         0.         0.         0.         0.
 0.         0.         0.         0.         0.         0.
 0.         0.         0.         0.         0.         0.
 0.         0.         0.         0.         0.         0.
 0.         0.         0.         0.         0.         0.
 0.         0.         0.         0.         0.         0.
 0.         0.         0.         0.         0.         0.
 0.         0.         0.         0.         0.         0.
 0.         0.         0.         0.         0.         0.
 0.         0.        ]
Normalized importance:  [1.         1.         1.         1.         1.         0.15407121
 0.15407121 0.15407121 0.15407121 0.15407121 0.80473543 0.80473543
 0.80473543 0.80473543 0.80473543 0.813158   0.813158   0.813158
 0.813158   0.813158   0.44091981 0.44091981 0.44091981 0.44091981
 0.44091981 0.84416112 0.84416112 0.84416112 0.84416112 0.84416112
 0.76460973 0.76460973 0.76460973 0.76460973 0.76460973 0.81027417
 0.81027417 0.81027417 0.81027417 0.81027417 0.6625012  0.6625012
 0.6625012  0.6625012  0.6625012  0.         0.         0.
 0.         0.         0.         0.         0.         0.
 0.         0.0688414  0.         0.         0.         0.
 0.         0.         0.         0.         0.         0.
 0.         0.         0.08225538 0.         0.         0.
 0.         0.         0.         0.         0.         0.
 0.         0.         0.         0.         0.         0.
 0.         0.         0.         0.         0.         0.
 0.         0.         0.         0.         0.         0.
 0.         0.         0.         0.         0.         0.
 0.14603991 0.         0.         0.         0.         0.04220451
 0.         0.         0.         0.         0.         0.
 0.         0.         0.         0.         0.         0.
 0.         0.         0.         0.03030655 0.         0.
 0.         0.         0.         0.         0.         0.
 0.         0.         0.         0.         0.         0.
 0.         0.04417292 0.         0.         0.         0.
 0.         0.         0.         0.         0.10046673 0.
 0.         0.         0.         0.         0.         0.
 0.         0.         0.         0.         0.         0.
 0.         0.         0.         0.07664993 0.         0.
 0.         0.         0.         0.         0.         0.
 0.         0.         0.         0.         0.         0.
 0.         0.         0.         0.         0.         0.
 0.         0.         0.         0.         0.         0.02298616
 0.         0.03489285 0.         0.         0.         0.
 0.         0.        ]
deepbreaks
y_true:  [1. 1. 1. 1. 1. 0. 0. 0. 0. 0. 1. 1. 1. 1. 1. 1. 1. 1. 1. 1. 0. 0. 0. 0.
 0. 1. 1. 1. 1. 1. 0. 0. 0. 0. 0. 1. 1. 1. 1. 1. 0. 0. 0. 0. 0. 0. 0. 0.
 0. 0. 0. 0. 0. 0. 0. 0. 0. 0. 0. 0. 0. 0. 0. 0. 0. 0. 0. 0. 0. 0. 0. 0.
 0. 0. 0. 0. 0. 0. 0. 0. 0. 0. 0. 0. 0. 0. 0. 0. 0. 0. 0. 0. 0. 0. 0. 0.
 0. 0. 0. 0. 0. 0. 0. 0. 0. 0. 0. 0. 0. 0. 0. 0. 0. 0. 0. 0. 0. 0. 0. 0.
 0. 0. 0. 0. 0. 0. 0. 0. 0. 0. 0. 0. 0. 0. 0. 0. 0. 0. 0. 0. 0. 0. 0. 0.
 0. 0. 0. 0. 0. 0. 0. 0. 0. 0. 0. 0. 0. 0. 0. 0. 0. 0. 0. 0. 0. 0. 0. 0.
 0. 0. 0. 0. 0. 0. 0. 0. 0. 0. 0. 0. 0. 0. 0. 0. 0. 0. 0. 0. 0. 0. 0. 0.
 0. 0. 0. 0. 0. 0. 0. 0.]
y_pred:  [1. 1. 1. 1. 1. 0. 0. 0. 0. 0. 1. 1. 1. 1. 1. 1. 1. 1. 1. 1. 0. 0. 0. 0.
 0. 1. 1. 1. 1. 1. 1. 1. 1. 1. 1. 1. 1. 1. 1. 1. 0. 0. 0. 0. 0. 0. 0. 0.
 0. 0. 0. 0. 0. 0. 0. 0. 0. 0. 0. 0. 0. 0. 0. 0. 0. 0. 0. 0. 0. 0. 0. 0.
 0. 0. 0. 0. 0. 0. 0. 0. 0. 0. 0. 0. 0. 0. 0. 0. 0. 0. 0. 0. 0. 0. 0. 0.
 0. 0. 0. 0. 0. 0. 0. 0. 0. 0. 0. 0. 0. 0. 0. 0. 0. 0. 0. 0. 0. 0. 0. 0.
 0. 0. 0. 0. 0. 0. 0. 0. 0. 0. 0. 0. 0. 0. 0. 0. 0. 0. 0. 0. 0. 0. 0. 0.
 0. 0. 0. 0. 0. 0. 0. 0. 0. 0. 0. 0. 0. 0. 0. 0. 0. 0. 0. 0. 0. 0. 0. 0.
 0. 0. 0. 0. 0. 0. 0. 0. 0. 0. 0. 0. 0. 0. 0. 0. 0. 0. 0. 0. 0. 0. 0. 0.
 0. 0. 0. 0. 0. 0. 0. 0.]
Normalized importance:  [1.         0.5498155  0.46125461 0.44280443 0.30369004 0.64206642
 0.45387454 0.14538745 0.10442804 0.06937269 0.82287823 0.09667897
 0.70848708 0.3597786  0.36900369 0.82287823 0.79704797 0.
 0.61623616 0.49077491 0.57195572 0.62361624 0.14649446 0.07380074
 0.14723247 0.94833948 0.20405904 0.13653137 0.58302583 0.61623616
 0.79335793 0.27269373 0.51660517 0.4095941  0.37269373 0.95202952
 0.68634686 0.56457565 0.43542435 0.         0.63837638 0.47232472
 0.40590406 0.42804428 0.42066421 0.25498155 0.         0.
 0.13431734 0.02468635 0.         0.01140221 0.         0.21439114
 0.3        0.29151292 0.36125461 0.         0.         0.20110701
 0.07343173 0.         0.16863469 0.00638376 0.07121771 0.16863469
 0.33062731 0.12767528 0.28597786 0.11549815 0.10774908 0.
 0.         0.         0.01845018 0.25498155 0.34760148 0.
 0.37269373 0.         0.08265683 0.         0.         0.13542435
 0.         0.         0.         0.         0.         0.
 0.         0.43911439 0.43911439 0.31586716 0.24538745 0.12730627
 0.04612546 0.         0.         0.22472325 0.         0.39114391
 0.54243542 0.09225092 0.         0.         0.21845018 0.34907749
 0.31734317 0.         0.29114391 0.         0.19335793 0.31217712
 0.         0.         0.         0.36420664 0.43542435 0.
 0.         0.16199262 0.11180812 0.29335793 0.05719557 0.06937269
 0.04428044 0.16789668 0.         0.         0.13247232 0.25608856
 0.3398524  0.14870849 0.19298893 0.         0.12546125 0.10701107
 0.15830258 0.21623616 0.         0.18376384 0.         0.
 0.25424354 0.19225092 0.12730627 0.22619926 0.45387454 0.0198155
 0.44280443 0.18634686 0.20073801 0.20110701 0.22656827 0.
 0.         0.         0.         0.         0.06531365 0.
 0.14833948 0.07343173 0.10885609 0.53136531 0.04833948 0.01206642
 0.         0.         0.         0.19077491 0.         0.02313653
 0.01664207 0.31365314 0.22398524 0.         0.26531365 0.11143911
 0.18265683 0.         0.13173432 0.         0.35940959 0.
 0.31402214 0.14686347 0.13173432 0.         0.         0.28191882
 0.         0.34206642 0.         0.13616236 0.         0.18339483
 0.         0.        ]
pyseer
y_true:  [1. 1. 1. 1. 1. 0. 0. 0. 0. 0. 1. 1. 1. 1. 1. 1. 1. 1. 1. 1. 0. 0. 0. 0.
 0. 1. 1. 1. 1. 1. 0. 0. 0. 0. 0. 1. 1. 1. 1. 1. 0. 0. 0. 0. 0. 0. 0. 0.
 0. 0. 0. 0. 0. 0. 0. 0. 0. 0. 0. 0. 0. 0. 0. 0. 0. 0. 0. 0. 0. 0. 0. 0.
 0. 0. 0. 0. 0. 0. 0. 0. 0. 0. 0. 0. 0. 0. 0. 0. 0. 0. 0. 0. 0. 0. 0. 0.
 0. 0. 0. 0. 0. 0. 0. 0. 0. 0. 0. 0. 0. 0. 0. 0. 0. 0. 0. 0. 0. 0. 0. 0.
 0. 0. 0. 0. 0. 0. 0. 0. 0. 0. 0. 0. 0. 0. 0. 0. 0. 0. 0. 0. 0. 0. 0. 0.
 0. 0. 0. 0. 0. 0. 0. 0. 0. 0. 0. 0. 0. 0. 0. 0. 0. 0. 0. 0. 0. 0. 0. 0.
 0. 0. 0. 0. 0. 0. 0. 0. 0. 0. 0. 0. 0. 0. 0. 0. 0. 0. 0. 0. 0. 0. 0. 0.
 0. 0. 0. 0. 0. 0. 0. 0.]
y_pred:  [1. 1. 1. 1. 1. 1. 1. 0. 0. 0. 1. 0. 1. 1. 1. 1. 1. 0. 1. 1. 1. 1. 0. 0.
 0. 1. 0. 0. 1. 1. 1. 1. 1. 1. 1. 1. 1. 1. 1. 0. 1. 1. 1. 1. 1. 1. 0. 0.
 0. 0. 0. 0. 0. 0. 1. 1. 1. 0. 0. 0. 0. 0. 0. 0. 0. 0. 1. 0. 1. 0. 0. 0.
 0. 0. 0. 1. 1. 0. 1. 0. 0. 0. 0. 0. 0. 0. 0. 0. 0. 0. 0. 1. 1. 1. 1. 0.
 0. 0. 0. 0. 0. 1. 1. 0. 0. 0. 0. 1. 1. 0. 1. 0. 0. 1. 0. 0. 0. 1. 1. 0.
 0. 0. 0. 1. 0. 0. 0. 0. 0. 0. 0. 1. 1. 0. 0. 0. 0. 0. 0. 0. 0. 0. 0. 0.
 1. 0. 0. 0. 1. 0. 1. 0. 0. 0. 1. 0. 0. 0. 0. 0. 0. 0. 0. 0. 0. 1. 0. 0.
 0. 0. 0. 0. 0. 0. 0. 1. 0. 0. 1. 0. 0. 0. 0. 0. 1. 0. 1. 0. 0. 0. 0. 1.
 0. 1. 0. 0. 0. 0. 0. 0.]
Time taken: 23.81000280380249 seconds
Running combination 35 of 50
Fitting RandomForest...
Fitting Adaboost...
Fitting AdaBoost_2...
Fitting et...
Fitting gbc...
Fitting gbc_2...
Fitting gbc_3...
Fitting dt...
Fitting lr...
Fitting Lasso_1...
Fitting Lasso_2...
Fitting Lasso_3...
Fitting Lasso_4...
Fitting elasticnet...
VCF file created successfully.
pyseer stderr:  Read 1000 phenotypes
Detected continuous phenotype
Reading all variants

0variants [00:00, ?variants/s]
55variants [00:00, 543.83variants/s]
110variants [00:00, 483.58variants/s]
166variants [00:00, 515.21variants/s]
198variants [00:00, 518.94variants/s]
Applying correlation filtering

  0%|          | 0/198 [00:00<?, ?variants/s]
100%|██████████| 198/198 [00:00<00:00, 2709.50variants/s]
Fitting elastic net to top 148 variants
Best penalty (lambda) from cross-validation: 1.48E+01
Best R^2 from cross-validation: 0.509
Finding and printing selected variants
198 loaded variants
50 pre-filtered variants
148 tested variants
143 printed variants

True importance standardized:  [1.         1.         1.         1.         1.         0.88258114
 0.88258114 0.88258114 0.88258114 0.88258114 0.65569269 0.65569269
 0.65569269 0.65569269 0.65569269 0.32785675 0.32785675 0.32785675
 0.32785675 0.32785675 0.19809959 0.19809959 0.19809959 0.19809959
 0.19809959 0.3371835  0.3371835  0.3371835  0.3371835  0.3371835
 0.84662591 0.84662591 0.84662591 0.84662591 0.84662591 0.62365816
 0.62365816 0.62365816 0.62365816 0.62365816 0.17590064 0.17590064
 0.17590064 0.17590064 0.17590064 0.2581026  0.2581026  0.2581026
 0.2581026  0.2581026  0.         0.         0.         0.
 0.         0.         0.         0.         0.         0.
 0.         0.         0.         0.         0.         0.
 0.         0.         0.         0.         0.         0.
 0.         0.         0.         0.         0.         0.
 0.         0.         0.         0.         0.         0.
 0.         0.         0.         0.         0.         0.
 0.         0.         0.         0.         0.         0.
 0.         0.         0.         0.         0.         0.
 0.         0.         0.         0.         0.         0.
 0.         0.         0.         0.         0.         0.
 0.         0.         0.         0.         0.         0.
 0.         0.         0.         0.         0.         0.
 0.         0.         0.         0.         0.         0.
 0.         0.         0.         0.         0.         0.
 0.         0.         0.         0.         0.         0.
 0.         0.         0.         0.         0.         0.
 0.         0.         0.         0.         0.         0.
 0.         0.         0.         0.         0.         0.
 0.         0.         0.         0.         0.         0.
 0.         0.         0.         0.         0.         0.
 0.         0.         0.         0.         0.         0.
 0.         0.         0.         0.         0.         0.
 0.         0.         0.         0.         0.         0.
 0.         0.         0.         0.         0.         0.
 0.         0.        ]
Normalized importance:  [1.         1.         1.         1.         1.         0.86050858
 0.86050858 0.86050858 0.86050858 0.86050858 0.42346478 0.42346478
 0.42346478 0.42346478 0.42346478 0.04241843 0.         0.
 0.         0.         0.03151872 0.         0.03151872 0.
 0.         0.1214063  0.1214063  0.1214063  0.1214063  0.1214063
 0.83453019 0.83453019 0.83453019 0.83453019 0.83453019 0.37088746
 0.37088746 0.37088746 0.37088746 0.37088746 0.04373219 0.
 0.04373219 0.         0.         0.         0.         0.
 0.04050258 0.         0.         0.         0.         0.
 0.         0.         0.         0.         0.         0.
 0.         0.         0.         0.         0.         0.
 0.         0.         0.         0.         0.         0.
 0.         0.02650349 0.         0.         0.         0.
 0.         0.         0.         0.         0.         0.
 0.         0.         0.         0.         0.         0.
 0.         0.         0.         0.         0.         0.
 0.         0.03437973 0.         0.         0.         0.
 0.0532139  0.         0.         0.         0.         0.
 0.         0.         0.         0.         0.         0.
 0.         0.         0.         0.         0.         0.
 0.         0.         0.         0.         0.         0.
 0.         0.         0.         0.         0.         0.
 0.         0.         0.         0.         0.         0.01899589
 0.         0.         0.         0.         0.         0.
 0.         0.09427372 0.         0.         0.         0.
 0.         0.         0.         0.         0.         0.
 0.         0.         0.02491849 0.         0.         0.
 0.         0.         0.         0.         0.         0.
 0.         0.         0.         0.         0.         0.
 0.         0.         0.         0.         0.         0.
 0.         0.         0.         0.         0.         0.
 0.         0.         0.         0.         0.         0.
 0.         0.         0.         0.         0.         0.
 0.         0.        ]
deepbreaks
y_true:  [1. 1. 1. 1. 1. 1. 1. 1. 1. 1. 1. 1. 1. 1. 1. 0. 0. 0. 0. 0. 0. 0. 0. 0.
 0. 0. 0. 0. 0. 0. 1. 1. 1. 1. 1. 1. 1. 1. 1. 1. 0. 0. 0. 0. 0. 0. 0. 0.
 0. 0. 0. 0. 0. 0. 0. 0. 0. 0. 0. 0. 0. 0. 0. 0. 0. 0. 0. 0. 0. 0. 0. 0.
 0. 0. 0. 0. 0. 0. 0. 0. 0. 0. 0. 0. 0. 0. 0. 0. 0. 0. 0. 0. 0. 0. 0. 0.
 0. 0. 0. 0. 0. 0. 0. 0. 0. 0. 0. 0. 0. 0. 0. 0. 0. 0. 0. 0. 0. 0. 0. 0.
 0. 0. 0. 0. 0. 0. 0. 0. 0. 0. 0. 0. 0. 0. 0. 0. 0. 0. 0. 0. 0. 0. 0. 0.
 0. 0. 0. 0. 0. 0. 0. 0. 0. 0. 0. 0. 0. 0. 0. 0. 0. 0. 0. 0. 0. 0. 0. 0.
 0. 0. 0. 0. 0. 0. 0. 0. 0. 0. 0. 0. 0. 0. 0. 0. 0. 0. 0. 0. 0. 0. 0. 0.
 0. 0. 0. 0. 0. 0. 0. 0.]
y_pred:  [1. 1. 1. 1. 1. 1. 1. 1. 1. 1. 1. 1. 1. 1. 1. 0. 0. 0. 0. 0. 0. 0. 0. 0.
 0. 0. 0. 0. 0. 0. 1. 1. 1. 1. 1. 1. 1. 1. 1. 1. 0. 0. 0. 0. 0. 0. 0. 0.
 0. 0. 0. 0. 0. 0. 0. 0. 0. 0. 0. 0. 0. 0. 0. 0. 0. 0. 0. 0. 0. 0. 0. 0.
 0. 0. 0. 0. 0. 0. 0. 0. 0. 0. 0. 0. 0. 0. 0. 0. 0. 0. 0. 0. 0. 0. 0. 0.
 0. 0. 0. 0. 0. 0. 0. 0. 0. 0. 0. 0. 0. 0. 0. 0. 0. 0. 0. 0. 0. 0. 0. 0.
 0. 0. 0. 0. 0. 0. 0. 0. 0. 0. 0. 0. 0. 0. 0. 0. 0. 0. 0. 0. 0. 0. 0. 0.
 0. 0. 0. 0. 0. 0. 0. 0. 0. 0. 0. 0. 0. 0. 0. 0. 0. 0. 0. 0. 0. 0. 0. 0.
 0. 0. 0. 0. 0. 0. 0. 0. 0. 0. 0. 0. 0. 0. 0. 0. 0. 0. 0. 0. 0. 0. 0. 0.
 0. 0. 0. 0. 0. 0. 0. 0.]
Normalized importance:  [1.00000000e+00 7.45718050e-01 4.21607378e-01 5.15151515e-01
 1.59420290e-01 8.36627141e-01 4.04479578e-01 4.71673254e-01
 4.15019763e-01 3.64953887e-01 5.04611331e-01 3.10935441e-01
 2.95125165e-01 4.04479578e-01 5.21739130e-01 2.23978920e-01
 9.94729908e-02 1.98945982e-02 7.61528327e-02 1.20816864e-01
 2.51646904e-01 1.75230567e-02 1.91040843e-01 8.30039526e-02
 6.95652174e-04 2.35836627e-01 5.94202899e-02 1.30566535e-01
 2.97760211e-01 2.56916996e-01 7.02239789e-01 6.74571805e-01
 3.55731225e-01 4.75625823e-01 2.27931489e-01 6.78524374e-01
 3.43873518e-01 1.94993412e-01 8.98550725e-02 2.66139657e-01
 1.62055336e-01 1.91040843e-02 1.73913043e-01 1.19894598e-01
 2.45059289e-02 2.23978920e-01 7.70750988e-02 1.10935441e-01
 1.52832675e-01 1.28063241e-01 0.00000000e+00 0.00000000e+00
 2.96442688e-02 1.68642951e-01 0.00000000e+00 0.00000000e+00
 0.00000000e+00 1.28194993e-01 0.00000000e+00 0.00000000e+00
 0.00000000e+00 0.00000000e+00 0.00000000e+00 6.48221344e-02
 0.00000000e+00 1.51515152e-02 3.47826087e-01 2.18708827e-01
 2.63504611e-01 8.80105402e-02 1.28326746e-01 1.67325428e-01
 4.99341238e-02 2.68774704e-01 2.74044796e-01 0.00000000e+00
 0.00000000e+00 7.44400527e-02 2.56916996e-01 5.28326746e-02
 1.42292490e-01 0.00000000e+00 0.00000000e+00 1.00000000e-01
 1.03820817e-01 0.00000000e+00 1.39657444e-01 1.51515152e-01
 0.00000000e+00 1.47562582e-01 3.75494071e-02 0.00000000e+00
 2.31884058e-02 0.00000000e+00 0.00000000e+00 1.96310935e-01
 1.44927536e-01 2.23978920e-01 0.00000000e+00 1.17391304e-01
 0.00000000e+00 8.20816864e-02 3.76811594e-01 8.95915679e-03
 1.56785244e-01 0.00000000e+00 0.00000000e+00 1.31752306e-01
 2.43741765e-01 1.77865613e-01 6.23188406e-02 4.71673254e-02
 1.50197628e-01 0.00000000e+00 5.11198946e-02 1.28722003e-01
 9.98682477e-02 3.91304348e-01 0.00000000e+00 0.00000000e+00
 0.00000000e+00 1.20685112e-01 7.53623188e-02 2.26613966e-01
 0.00000000e+00 8.47167325e-03 1.17391304e-01 4.54545455e-02
 8.64295125e-04 2.30566535e-01 0.00000000e+00 4.20289855e-02
 0.00000000e+00 0.00000000e+00 4.44005270e-02 1.81818182e-01
 0.00000000e+00 2.52964427e-01 1.24637681e-01 5.83662714e-04
 0.00000000e+00 5.91567852e-04 1.64690382e-02 1.42292490e-01
 1.63372859e-02 3.59683794e-01 0.00000000e+00 0.00000000e+00
 6.57444005e-02 4.75625823e-02 0.00000000e+00 0.00000000e+00
 1.64690382e-02 0.00000000e+00 0.00000000e+00 0.00000000e+00
 1.44927536e-01 2.01581028e-01 2.75362319e-01 0.00000000e+00
 0.00000000e+00 1.62055336e-01 1.38339921e-01 0.00000000e+00
 6.67984190e-03 1.14888011e-01 2.09486166e-01 1.84453228e-01
 1.48880105e-01 0.00000000e+00 8.31357049e-02 1.62055336e-01
 0.00000000e+00 1.77865613e-01 1.96310935e-01 1.14361001e-01
 2.88537549e-01 9.97364954e-02 0.00000000e+00 0.00000000e+00
 1.05006588e-01 0.00000000e+00 1.48880105e-01 4.33465086e-02
 0.00000000e+00 0.00000000e+00 1.94993412e-01 0.00000000e+00
 8.08959157e-02 1.47562582e-03 0.00000000e+00 2.18708827e-02
 1.48880105e-01 1.40974967e-01 0.00000000e+00 1.13306983e-01
 0.00000000e+00 6.71936759e-02 0.00000000e+00 0.00000000e+00]
pyseer
y_true:  [1. 1. 1. 1. 1. 1. 1. 1. 1. 1. 1. 1. 1. 1. 1. 0. 0. 0. 0. 0. 0. 0. 0. 0.
 0. 0. 0. 0. 0. 0. 1. 1. 1. 1. 1. 1. 1. 1. 1. 1. 0. 0. 0. 0. 0. 0. 0. 0.
 0. 0. 0. 0. 0. 0. 0. 0. 0. 0. 0. 0. 0. 0. 0. 0. 0. 0. 0. 0. 0. 0. 0. 0.
 0. 0. 0. 0. 0. 0. 0. 0. 0. 0. 0. 0. 0. 0. 0. 0. 0. 0. 0. 0. 0. 0. 0. 0.
 0. 0. 0. 0. 0. 0. 0. 0. 0. 0. 0. 0. 0. 0. 0. 0. 0. 0. 0. 0. 0. 0. 0. 0.
 0. 0. 0. 0. 0. 0. 0. 0. 0. 0. 0. 0. 0. 0. 0. 0. 0. 0. 0. 0. 0. 0. 0. 0.
 0. 0. 0. 0. 0. 0. 0. 0. 0. 0. 0. 0. 0. 0. 0. 0. 0. 0. 0. 0. 0. 0. 0. 0.
 0. 0. 0. 0. 0. 0. 0. 0. 0. 0. 0. 0. 0. 0. 0. 0. 0. 0. 0. 0. 0. 0. 0. 0.
 0. 0. 0. 0. 0. 0. 0. 0.]
y_pred:  [1. 1. 1. 1. 1. 1. 1. 1. 1. 1. 1. 1. 1. 1. 1. 1. 0. 0. 0. 0. 1. 0. 1. 0.
 0. 1. 0. 0. 1. 1. 1. 1. 1. 1. 1. 1. 1. 1. 0. 1. 1. 0. 1. 0. 0. 1. 0. 0.
 1. 0. 0. 0. 0. 1. 0. 0. 0. 0. 0. 0. 0. 0. 0. 0. 0. 0. 1. 1. 1. 0. 0. 1.
 0. 1. 1. 0. 0. 0. 1. 0. 0. 0. 0. 0. 0. 0. 0. 1. 0. 1. 0. 0. 0. 0. 0. 1.
 1. 1. 0. 0. 0. 0. 1. 0. 1. 0. 0. 0. 1. 1. 0. 0. 1. 0. 0. 0. 0. 1. 0. 0.
 0. 0. 0. 1. 0. 0. 0. 0. 0. 1. 0. 0. 0. 0. 0. 1. 0. 1. 0. 0. 0. 0. 0. 0.
 0. 1. 0. 0. 0. 0. 0. 0. 0. 0. 0. 0. 1. 1. 1. 0. 0. 1. 0. 0. 0. 0. 1. 1.
 1. 0. 0. 1. 0. 1. 1. 0. 1. 0. 0. 0. 0. 0. 1. 0. 0. 0. 1. 0. 0. 0. 0. 0.
 1. 0. 0. 0. 0. 0. 0. 0.]
Time taken: 23.4771671295166 seconds
Running combination 36 of 50
Fitting RandomForest...
Fitting Adaboost...
Fitting AdaBoost_2...
Fitting et...
Fitting gbc...
Fitting gbc_2...
Fitting gbc_3...
Fitting dt...
Fitting lr...
Fitting Lasso_1...
Fitting Lasso_2...
Fitting Lasso_3...
Fitting Lasso_4...
Fitting elasticnet...
VCF file created successfully.
pyseer stderr:  Read 1000 phenotypes
Detected continuous phenotype
Reading all variants

0variants [00:00, ?variants/s]
56variants [00:00, 557.84variants/s]
112variants [00:00, 463.56variants/s]
169variants [00:00, 504.47variants/s]
198variants [00:00, 509.91variants/s]
Applying correlation filtering

  0%|          | 0/198 [00:00<?, ?variants/s]
100%|██████████| 198/198 [00:00<00:00, 2724.18variants/s]
Fitting elastic net to top 148 variants
Best penalty (lambda) from cross-validation: 1.39E+01
Best R^2 from cross-validation: 0.526
Finding and printing selected variants
198 loaded variants
50 pre-filtered variants
148 tested variants
140 printed variants

True importance standardized:  [0.22130113 0.22130113 0.22130113 0.22130113 0.22130113 0.18839041
 0.18839041 0.18839041 0.18839041 0.18839041 0.3710465  0.3710465
 0.3710465  0.3710465  0.3710465  0.85085021 0.85085021 0.85085021
 0.85085021 0.85085021 0.22686507 0.22686507 0.22686507 0.22686507
 0.22686507 0.20612442 0.20612442 0.20612442 0.20612442 0.20612442
 0.51309182 0.51309182 0.51309182 0.51309182 0.51309182 1.
 1.         1.         1.         1.         0.6567861  0.6567861
 0.6567861  0.6567861  0.6567861  0.89506089 0.89506089 0.89506089
 0.89506089 0.89506089 0.         0.         0.         0.
 0.         0.         0.         0.         0.         0.
 0.         0.         0.         0.         0.         0.
 0.         0.         0.         0.         0.         0.
 0.         0.         0.         0.         0.         0.
 0.         0.         0.         0.         0.         0.
 0.         0.         0.         0.         0.         0.
 0.         0.         0.         0.         0.         0.
 0.         0.         0.         0.         0.         0.
 0.         0.         0.         0.         0.         0.
 0.         0.         0.         0.         0.         0.
 0.         0.         0.         0.         0.         0.
 0.         0.         0.         0.         0.         0.
 0.         0.         0.         0.         0.         0.
 0.         0.         0.         0.         0.         0.
 0.         0.         0.         0.         0.         0.
 0.         0.         0.         0.         0.         0.
 0.         0.         0.         0.         0.         0.
 0.         0.         0.         0.         0.         0.
 0.         0.         0.         0.         0.         0.
 0.         0.         0.         0.         0.         0.
 0.         0.         0.         0.         0.         0.
 0.         0.         0.         0.         0.         0.
 0.         0.         0.         0.         0.         0.
 0.         0.         0.         0.         0.         0.
 0.         0.        ]
Normalized importance:  [0.0421972  0.         0.0421972  0.0421972  0.0421972  0.05058485
 0.05058485 0.05058485 0.         0.         0.27083322 0.27083322
 0.27083322 0.27083322 0.27083322 0.88636974 0.88636974 0.88636974
 0.88636974 0.88636974 0.05216829 0.05216829 0.05216829 0.05216829
 0.05216829 0.         0.         0.         0.         0.
 0.41378848 0.41378848 0.41378848 0.41378848 0.41378848 1.
 1.         1.         1.         1.         0.53683753 0.53683753
 0.53683753 0.53683753 0.53683753 0.86848779 0.86848779 0.86848779
 0.86848779 0.86848779 0.         0.         0.         0.03469987
 0.         0.01263394 0.         0.         0.         0.
 0.         0.         0.         0.         0.05680401 0.
 0.         0.         0.         0.         0.         0.
 0.         0.         0.02715067 0.02148443 0.         0.
 0.         0.         0.01238987 0.         0.         0.
 0.         0.         0.00382377 0.         0.         0.
 0.         0.         0.         0.         0.         0.
 0.         0.         0.         0.         0.         0.
 0.         0.         0.         0.         0.         0.
 0.         0.         0.         0.         0.         0.
 0.         0.         0.         0.         0.02610332 0.
 0.00984351 0.         0.         0.         0.         0.
 0.         0.         0.         0.         0.         0.01661196
 0.         0.         0.         0.         0.         0.
 0.         0.         0.         0.051614   0.         0.
 0.         0.02353767 0.         0.         0.         0.
 0.         0.         0.         0.         0.         0.
 0.         0.         0.         0.         0.         0.
 0.         0.         0.01601441 0.         0.         0.
 0.         0.         0.         0.         0.         0.
 0.         0.02304971 0.         0.         0.         0.
 0.         0.         0.         0.         0.         0.
 0.         0.         0.         0.         0.         0.
 0.         0.         0.         0.01179493 0.         0.
 0.         0.        ]
deepbreaks
y_true:  [0. 0. 0. 0. 0. 0. 0. 0. 0. 0. 0. 0. 0. 0. 0. 1. 1. 1. 1. 1. 0. 0. 0. 0.
 0. 0. 0. 0. 0. 0. 1. 1. 1. 1. 1. 1. 1. 1. 1. 1. 1. 1. 1. 1. 1. 1. 1. 1.
 1. 1. 0. 0. 0. 0. 0. 0. 0. 0. 0. 0. 0. 0. 0. 0. 0. 0. 0. 0. 0. 0. 0. 0.
 0. 0. 0. 0. 0. 0. 0. 0. 0. 0. 0. 0. 0. 0. 0. 0. 0. 0. 0. 0. 0. 0. 0. 0.
 0. 0. 0. 0. 0. 0. 0. 0. 0. 0. 0. 0. 0. 0. 0. 0. 0. 0. 0. 0. 0. 0. 0. 0.
 0. 0. 0. 0. 0. 0. 0. 0. 0. 0. 0. 0. 0. 0. 0. 0. 0. 0. 0. 0. 0. 0. 0. 0.
 0. 0. 0. 0. 0. 0. 0. 0. 0. 0. 0. 0. 0. 0. 0. 0. 0. 0. 0. 0. 0. 0. 0. 0.
 0. 0. 0. 0. 0. 0. 0. 0. 0. 0. 0. 0. 0. 0. 0. 0. 0. 0. 0. 0. 0. 0. 0. 0.
 0. 0. 0. 0. 0. 0. 0. 0.]
y_pred:  [0. 0. 0. 0. 0. 0. 0. 0. 0. 0. 1. 1. 1. 1. 1. 1. 1. 1. 1. 1. 0. 0. 0. 0.
 0. 0. 0. 0. 0. 0. 1. 1. 1. 1. 1. 1. 1. 1. 1. 1. 1. 1. 1. 1. 1. 1. 1. 1.
 1. 1. 0. 0. 0. 0. 0. 0. 0. 0. 0. 0. 0. 0. 0. 0. 0. 0. 0. 0. 0. 0. 0. 0.
 0. 0. 0. 0. 0. 0. 0. 0. 0. 0. 0. 0. 0. 0. 0. 0. 0. 0. 0. 0. 0. 0. 0. 0.
 0. 0. 0. 0. 0. 0. 0. 0. 0. 0. 0. 0. 0. 0. 0. 0. 0. 0. 0. 0. 0. 0. 0. 0.
 0. 0. 0. 0. 0. 0. 0. 0. 0. 0. 0. 0. 0. 0. 0. 0. 0. 0. 0. 0. 0. 0. 0. 0.
 0. 0. 0. 0. 0. 0. 0. 0. 0. 0. 0. 0. 0. 0. 0. 0. 0. 0. 0. 0. 0. 0. 0. 0.
 0. 0. 0. 0. 0. 0. 0. 0. 0. 0. 0. 0. 0. 0. 0. 0. 0. 0. 0. 0. 0. 0. 0. 0.
 0. 0. 0. 0. 0. 0. 0. 0.]
Normalized importance:  [0.3290938  0.03322734 0.13767886 0.20031797 0.16693164 0.2718601
 0.19713831 0.00887122 0.         0.09888712 0.50238474 0.08314785
 0.17647059 0.34499205 0.18282989 0.85055644 0.54213037 0.41971383
 0.22098569 0.33386328 0.15230525 0.05786963 0.04165342 0.13338633
 0.26391097 0.12066773 0.04387917 0.12527822 0.12225755 0.
 0.57551669 0.31955485 0.19077901 0.33068362 0.35930048 0.97774245
 0.59936407 0.48966614 0.41494436 0.27503975 0.66613672 0.39109698
 0.36883943 0.42925278 0.31796502 1.         0.46740859 0.40381558
 0.17011129 0.45786963 0.08855326 0.         0.         0.32591415
 0.01244833 0.12988871 0.         0.         0.09618442 0.13497615
 0.         0.04117647 0.         0.         0.30842607 0.02352941
 0.04769475 0.18918919 0.         0.11319555 0.04085851 0.12337043
 0.22734499 0.15786963 0.31478537 0.37678855 0.12146264 0.04737679
 0.0608903  0.19077901 0.17170111 0.04260731 0.         0.
 0.14864865 0.         0.0518283  0.         0.         0.23052464
 0.0809221  0.         0.         0.01379968 0.2718601  0.05357711
 0.         0.03354531 0.         0.3418124  0.02702703 0.14419714
 0.         0.19077901 0.21462639 0.17170111 0.         0.
 0.         0.         0.16852146 0.06295707 0.         0.00400636
 0.13227345 0.18282989 0.         0.         0.26232114 0.19554849
 0.14340223 0.14101749 0.         0.10604134 0.16057234 0.14213037
 0.02496025 0.         0.         0.         0.         0.1227345
 0.05771065 0.00424483 0.         0.20667727 0.20190779 0.
 0.         0.109062   0.         0.17329094 0.08903021 0.
 0.         0.2718601  0.10222576 0.         0.22416534 0.14976153
 0.1217806  0.05866455 0.09284579 0.         0.16216216 0.
 0.         0.         0.         0.06104928 0.17329094 0.20031797
 0.21621622 0.10206677 0.19395866 0.         0.06502385 0.
 0.0427663  0.         0.02464229 0.0718601  0.11303657 0.03926868
 0.         0.2845787  0.         0.         0.0063752  0.17647059
 0.         0.19872814 0.16693164 0.09459459 0.20190779 0.
 0.         0.         0.02257552 0.         0.         0.13767886
 0.         0.20508744 0.15310016 0.28775835 0.         0.00717011
 0.         0.        ]
pyseer
y_true:  [0. 0. 0. 0. 0. 0. 0. 0. 0. 0. 0. 0. 0. 0. 0. 1. 1. 1. 1. 1. 0. 0. 0. 0.
 0. 0. 0. 0. 0. 0. 1. 1. 1. 1. 1. 1. 1. 1. 1. 1. 1. 1. 1. 1. 1. 1. 1. 1.
 1. 1. 0. 0. 0. 0. 0. 0. 0. 0. 0. 0. 0. 0. 0. 0. 0. 0. 0. 0. 0. 0. 0. 0.
 0. 0. 0. 0. 0. 0. 0. 0. 0. 0. 0. 0. 0. 0. 0. 0. 0. 0. 0. 0. 0. 0. 0. 0.
 0. 0. 0. 0. 0. 0. 0. 0. 0. 0. 0. 0. 0. 0. 0. 0. 0. 0. 0. 0. 0. 0. 0. 0.
 0. 0. 0. 0. 0. 0. 0. 0. 0. 0. 0. 0. 0. 0. 0. 0. 0. 0. 0. 0. 0. 0. 0. 0.
 0. 0. 0. 0. 0. 0. 0. 0. 0. 0. 0. 0. 0. 0. 0. 0. 0. 0. 0. 0. 0. 0. 0. 0.
 0. 0. 0. 0. 0. 0. 0. 0. 0. 0. 0. 0. 0. 0. 0. 0. 0. 0. 0. 0. 0. 0. 0. 0.
 0. 0. 0. 0. 0. 0. 0. 0.]
y_pred:  [1. 0. 0. 1. 1. 1. 1. 0. 0. 0. 1. 0. 1. 1. 1. 1. 1. 1. 1. 1. 0. 0. 0. 0.
 1. 0. 0. 0. 0. 0. 1. 1. 1. 1. 1. 1. 1. 1. 1. 1. 1. 1. 1. 1. 1. 1. 1. 1.
 1. 1. 0. 0. 0. 1. 0. 0. 0. 0. 0. 0. 0. 0. 0. 0. 1. 0. 0. 1. 0. 0. 0. 0.
 1. 0. 1. 1. 0. 0. 0. 1. 1. 0. 0. 0. 0. 0. 0. 0. 0. 1. 0. 0. 0. 0. 1. 0.
 0. 0. 0. 1. 0. 0. 0. 1. 1. 1. 0. 0. 0. 0. 1. 0. 0. 0. 0. 1. 0. 0. 1. 1.
 0. 0. 0. 0. 0. 0. 0. 0. 0. 0. 0. 0. 0. 0. 0. 1. 1. 0. 0. 0. 0. 1. 0. 0.
 0. 1. 0. 0. 1. 0. 0. 0. 0. 0. 1. 0. 0. 0. 0. 0. 1. 1. 1. 0. 1. 0. 0. 0.
 0. 0. 0. 0. 0. 0. 0. 1. 0. 0. 0. 1. 0. 1. 1. 0. 1. 0. 0. 0. 0. 0. 0. 0.
 0. 1. 0. 1. 0. 0. 0. 0.]
Time taken: 23.830795526504517 seconds
Running combination 37 of 50
Fitting RandomForest...
Fitting Adaboost...
Fitting AdaBoost_2...
Fitting et...
Fitting gbc...
Fitting gbc_2...
Fitting gbc_3...
Fitting dt...
Fitting lr...
Fitting Lasso_1...
Fitting Lasso_2...
Fitting Lasso_3...
Fitting Lasso_4...
Fitting elasticnet...
VCF file created successfully.
pyseer stderr:  Read 1000 phenotypes
Detected continuous phenotype
Reading all variants

0variants [00:00, ?variants/s]
54variants [00:00, 537.86variants/s]
108variants [00:00, 471.88variants/s]
163variants [00:00, 502.16variants/s]
198variants [00:00, 507.85variants/s]
Applying correlation filtering

  0%|          | 0/198 [00:00<?, ?variants/s]
100%|██████████| 198/198 [00:00<00:00, 2518.57variants/s]
Fitting elastic net to top 148 variants
Best penalty (lambda) from cross-validation: 3.36E+01
Best R^2 from cross-validation: 0.547
Finding and printing selected variants
198 loaded variants
50 pre-filtered variants
148 tested variants
137 printed variants

True importance standardized:  [0.46335891 0.46335891 0.46335891 0.46335891 0.46335891 0.85527357
 0.85527357 0.85527357 0.85527357 0.85527357 0.18000026 0.18000026
 0.18000026 0.18000026 0.18000026 0.97844013 0.97844013 0.97844013
 0.97844013 0.97844013 1.         1.         1.         1.
 1.         0.87140944 0.87140944 0.87140944 0.87140944 0.87140944
 0.72520226 0.72520226 0.72520226 0.72520226 0.72520226 0.59258204
 0.59258204 0.59258204 0.59258204 0.59258204 0.95847821 0.95847821
 0.95847821 0.95847821 0.95847821 0.86976139 0.86976139 0.86976139
 0.86976139 0.86976139 0.         0.         0.         0.
 0.         0.         0.         0.         0.         0.
 0.         0.         0.         0.         0.         0.
 0.         0.         0.         0.         0.         0.
 0.         0.         0.         0.         0.         0.
 0.         0.         0.         0.         0.         0.
 0.         0.         0.         0.         0.         0.
 0.         0.         0.         0.         0.         0.
 0.         0.         0.         0.         0.         0.
 0.         0.         0.         0.         0.         0.
 0.         0.         0.         0.         0.         0.
 0.         0.         0.         0.         0.         0.
 0.         0.         0.         0.         0.         0.
 0.         0.         0.         0.         0.         0.
 0.         0.         0.         0.         0.         0.
 0.         0.         0.         0.         0.         0.
 0.         0.         0.         0.         0.         0.
 0.         0.         0.         0.         0.         0.
 0.         0.         0.         0.         0.         0.
 0.         0.         0.         0.         0.         0.
 0.         0.         0.         0.         0.         0.
 0.         0.         0.         0.         0.         0.
 0.         0.         0.         0.         0.         0.
 0.         0.         0.         0.         0.         0.
 0.         0.         0.         0.         0.         0.
 0.         0.        ]
Normalized importance:  [0.21260218 0.21260218 0.21260218 0.21260218 0.21260218 0.65054401
 0.65054401 0.65054401 0.65054401 0.65054401 0.09380102 0.09380102
 0.09380102 0.         0.         0.84402071 0.84402071 0.84402071
 0.84402071 0.84402071 1.         1.         1.         1.
 1.         0.37826382 0.37826382 0.37826382 0.37826382 0.37826382
 0.26469812 0.26469812 0.26469812 0.26469812 0.26469812 0.29343364
 0.29343364 0.29343364 0.29343364 0.29343364 0.85269018 0.85269018
 0.85269018 0.85269018 0.85269018 0.71820612 0.71820612 0.71820612
 0.71820612 0.71820612 0.         0.         0.01128652 0.
 0.         0.         0.         0.         0.         0.
 0.         0.         0.         0.         0.         0.
 0.         0.01486581 0.         0.         0.01840256 0.
 0.         0.         0.         0.         0.         0.
 0.         0.         0.         0.         0.         0.
 0.         0.         0.         0.         0.         0.
 0.         0.         0.         0.         0.         0.
 0.         0.         0.         0.         0.         0.
 0.         0.         0.         0.         0.         0.
 0.         0.         0.         0.         0.01530695 0.
 0.         0.         0.         0.         0.08955695 0.
 0.         0.         0.         0.         0.         0.
 0.         0.         0.         0.         0.         0.
 0.         0.         0.         0.         0.         0.
 0.         0.         0.         0.         0.         0.
 0.         0.         0.         0.         0.         0.
 0.         0.         0.         0.         0.         0.
 0.         0.         0.         0.         0.         0.
 0.         0.         0.         0.         0.         0.
 0.         0.02267723 0.         0.         0.04516681 0.
 0.         0.         0.         0.         0.         0.
 0.         0.         0.         0.         0.         0.
 0.         0.         0.         0.0489361  0.         0.
 0.         0.         0.         0.         0.         0.
 0.         0.        ]
deepbreaks
y_true:  [0. 0. 0. 0. 0. 0. 0. 0. 0. 0. 0. 0. 0. 0. 0. 1. 1. 1. 1. 1. 1. 1. 1. 1.
 1. 1. 1. 1. 1. 1. 0. 0. 0. 0. 0. 0. 0. 0. 0. 0. 1. 1. 1. 1. 1. 1. 1. 1.
 1. 1. 0. 0. 0. 0. 0. 0. 0. 0. 0. 0. 0. 0. 0. 0. 0. 0. 0. 0. 0. 0. 0. 0.
 0. 0. 0. 0. 0. 0. 0. 0. 0. 0. 0. 0. 0. 0. 0. 0. 0. 0. 0. 0. 0. 0. 0. 0.
 0. 0. 0. 0. 0. 0. 0. 0. 0. 0. 0. 0. 0. 0. 0. 0. 0. 0. 0. 0. 0. 0. 0. 0.
 0. 0. 0. 0. 0. 0. 0. 0. 0. 0. 0. 0. 0. 0. 0. 0. 0. 0. 0. 0. 0. 0. 0. 0.
 0. 0. 0. 0. 0. 0. 0. 0. 0. 0. 0. 0. 0. 0. 0. 0. 0. 0. 0. 0. 0. 0. 0. 0.
 0. 0. 0. 0. 0. 0. 0. 0. 0. 0. 0. 0. 0. 0. 0. 0. 0. 0. 0. 0. 0. 0. 0. 0.
 0. 0. 0. 0. 0. 0. 0. 0.]
y_pred:  [0. 0. 0. 0. 0. 1. 1. 1. 1. 1. 0. 0. 0. 0. 0. 1. 1. 1. 1. 1. 1. 1. 1. 1.
 1. 1. 1. 1. 1. 1. 0. 0. 0. 0. 0. 0. 0. 0. 0. 0. 1. 1. 1. 1. 1. 1. 1. 1.
 1. 1. 0. 0. 0. 0. 0. 0. 0. 0. 0. 0. 0. 0. 0. 0. 0. 0. 0. 0. 0. 0. 0. 0.
 0. 0. 0. 0. 0. 0. 0. 0. 0. 0. 0. 0. 0. 0. 0. 0. 0. 0. 0. 0. 0. 0. 0. 0.
 0. 0. 0. 0. 0. 0. 0. 0. 0. 0. 0. 0. 0. 0. 0. 0. 0. 0. 0. 0. 0. 0. 0. 0.
 0. 0. 0. 0. 0. 0. 0. 0. 0. 0. 0. 0. 0. 0. 0. 0. 0. 0. 0. 0. 0. 0. 0. 0.
 0. 0. 0. 0. 0. 0. 0. 0. 0. 0. 0. 0. 0. 0. 0. 0. 0. 0. 0. 0. 0. 0. 0. 0.
 0. 0. 0. 0. 0. 0. 0. 0. 0. 0. 0. 0. 0. 0. 0. 0. 0. 0. 0. 0. 0. 0. 0. 0.
 0. 0. 0. 0. 0. 0. 0. 0.]
Normalized importance:  [4.16326531e-01 3.72108844e-01 1.67346939e-01 4.82312925e-01
 2.39455782e-01 9.04761905e-01 1.38095238e-01 4.46258503e-01
 4.42857143e-01 2.44897959e-01 2.44897959e-01 1.80272109e-01
 3.53061224e-01 2.74149660e-05 0.00000000e+00 8.57142857e-01
 3.55102041e-01 4.78911565e-01 2.67346939e-01 6.53061224e-01
 1.00000000e+00 2.67346939e-01 3.53741497e-01 3.21088435e-01
 8.50340136e-01 6.87074830e-01 1.44217687e-01 5.98639456e-01
 3.93197279e-01 2.57823129e-01 6.63265306e-01 2.82312925e-01
 3.02040816e-01 3.95238095e-01 2.67346939e-01 6.06122449e-01
 8.43537415e-02 3.85714286e-01 3.26530612e-01 3.37414966e-01
 9.52380952e-01 2.95238095e-01 3.29251701e-01 6.55102041e-01
 2.18367347e-01 8.91156463e-01 4.42176871e-01 4.21768707e-01
 1.37414966e-01 4.89115646e-01 2.03401361e-01 8.77551020e-02
 4.21768707e-01 2.63945578e-01 0.00000000e+00 1.89795918e-01
 0.00000000e+00 1.22448980e-02 0.00000000e+00 2.03401361e-01
 0.00000000e+00 0.00000000e+00 3.46258503e-02 0.00000000e+00
 0.00000000e+00 0.00000000e+00 2.36054422e-02 1.15646259e-01
 0.00000000e+00 5.53061224e-02 1.99319728e-01 0.00000000e+00
 0.00000000e+00 0.00000000e+00 2.99319728e-01 0.00000000e+00
 1.91836735e-01 5.92517007e-02 0.00000000e+00 0.00000000e+00
 5.36054422e-02 1.48979592e-01 5.65986395e-02 0.00000000e+00
 1.17687075e-01 1.53061224e-01 3.41496599e-02 0.00000000e+00
 0.00000000e+00 0.00000000e+00 1.54421769e-01 0.00000000e+00
 1.80272109e-01 0.00000000e+00 0.00000000e+00 0.00000000e+00
 1.71428571e-01 0.00000000e+00 1.86394558e-01 1.87755102e-01
 1.47619048e-01 0.00000000e+00 5.76870748e-02 0.00000000e+00
 0.00000000e+00 1.97278912e-02 1.76870748e-01 0.00000000e+00
 1.45578231e-02 1.15646259e-01 1.34013605e-01 0.00000000e+00
 3.21768707e-02 1.22448980e-01 0.00000000e+00 0.00000000e+00
 0.00000000e+00 1.85714286e-02 3.23809524e-01 1.14965986e-01
 5.72108844e-02 8.91156463e-02 0.00000000e+00 0.00000000e+00
 3.60544218e-01 0.00000000e+00 0.00000000e+00 1.48979592e-01
 5.72789116e-02 0.00000000e+00 0.00000000e+00 2.51020408e-01
 1.02721088e-01 2.52380952e-01 2.54421769e-01 0.00000000e+00
 3.12925170e-01 0.00000000e+00 0.00000000e+00 1.48299320e-01
 1.05442177e-01 4.88435374e-02 5.02721088e-02 0.00000000e+00
 2.04081633e-01 0.00000000e+00 2.02040816e-01 1.46938776e-01
 0.00000000e+00 1.34013605e-01 7.61904762e-02 0.00000000e+00
 8.09523810e-02 2.66666667e-01 0.00000000e+00 2.98639456e-01
 9.59183673e-02 0.00000000e+00 5.21088435e-02 9.79591837e-02
 0.00000000e+00 0.00000000e+00 2.44217687e-01 9.79591837e-02
 0.00000000e+00 1.58503401e-01 1.46258503e-01 3.97278912e-02
 0.00000000e+00 1.03401361e-01 0.00000000e+00 0.00000000e+00
 4.10204082e-01 2.30612245e-01 0.00000000e+00 5.18367347e-02
 2.25170068e-01 2.08163265e-01 1.09523810e-01 6.17006803e-02
 1.91156463e-01 8.50340136e-02 0.00000000e+00 2.15646259e-01
 5.09523810e-02 1.16326531e-02 8.57142857e-02 0.00000000e+00
 2.77551020e-01 2.40136054e-01 1.42176871e-01 2.10204082e-01
 0.00000000e+00 0.00000000e+00 0.00000000e+00 0.00000000e+00
 3.06122449e-02 1.19727891e-01 0.00000000e+00 0.00000000e+00]
pyseer
y_true:  [0. 0. 0. 0. 0. 0. 0. 0. 0. 0. 0. 0. 0. 0. 0. 1. 1. 1. 1. 1. 1. 1. 1. 1.
 1. 1. 1. 1. 1. 1. 0. 0. 0. 0. 0. 0. 0. 0. 0. 0. 1. 1. 1. 1. 1. 1. 1. 1.
 1. 1. 0. 0. 0. 0. 0. 0. 0. 0. 0. 0. 0. 0. 0. 0. 0. 0. 0. 0. 0. 0. 0. 0.
 0. 0. 0. 0. 0. 0. 0. 0. 0. 0. 0. 0. 0. 0. 0. 0. 0. 0. 0. 0. 0. 0. 0. 0.
 0. 0. 0. 0. 0. 0. 0. 0. 0. 0. 0. 0. 0. 0. 0. 0. 0. 0. 0. 0. 0. 0. 0. 0.
 0. 0. 0. 0. 0. 0. 0. 0. 0. 0. 0. 0. 0. 0. 0. 0. 0. 0. 0. 0. 0. 0. 0. 0.
 0. 0. 0. 0. 0. 0. 0. 0. 0. 0. 0. 0. 0. 0. 0. 0. 0. 0. 0. 0. 0. 0. 0. 0.
 0. 0. 0. 0. 0. 0. 0. 0. 0. 0. 0. 0. 0. 0. 0. 0. 0. 0. 0. 0. 0. 0. 0. 0.
 0. 0. 0. 0. 0. 0. 0. 0.]
y_pred:  [1. 1. 0. 1. 1. 1. 0. 1. 1. 1. 1. 0. 1. 0. 0. 1. 1. 1. 1. 1. 1. 1. 1. 1.
 1. 1. 0. 1. 1. 1. 1. 1. 1. 1. 1. 1. 0. 1. 1. 1. 1. 1. 1. 1. 1. 1. 1. 1.
 0. 1. 1. 0. 1. 1. 0. 0. 0. 0. 0. 1. 0. 0. 0. 0. 0. 0. 0. 0. 0. 0. 1. 0.
 0. 0. 1. 0. 1. 0. 0. 0. 0. 0. 0. 0. 0. 0. 0. 0. 0. 0. 0. 0. 0. 0. 0. 0.
 0. 0. 0. 0. 0. 0. 0. 0. 0. 0. 0. 0. 0. 0. 0. 0. 0. 0. 0. 0. 0. 0. 1. 0.
 0. 0. 0. 0. 1. 0. 0. 0. 0. 0. 0. 1. 0. 1. 1. 0. 1. 0. 0. 0. 0. 0. 0. 0.
 1. 0. 1. 0. 0. 0. 0. 0. 0. 1. 0. 1. 0. 0. 0. 0. 0. 0. 1. 0. 0. 0. 0. 0.
 0. 0. 0. 0. 1. 1. 0. 0. 1. 1. 0. 0. 1. 0. 0. 1. 0. 0. 0. 0. 1. 1. 0. 1.
 0. 0. 0. 0. 0. 0. 0. 0.]
Time taken: 23.344743013381958 seconds
Running combination 38 of 50
Fitting RandomForest...
Fitting Adaboost...
Fitting AdaBoost_2...
Fitting et...
Fitting gbc...
Fitting gbc_2...
Fitting gbc_3...
Fitting dt...
Fitting lr...
Fitting Lasso_1...
Fitting Lasso_2...
Fitting Lasso_3...
Fitting Lasso_4...
Fitting elasticnet...
VCF file created successfully.
pyseer stderr:  Read 1000 phenotypes
Detected continuous phenotype
Reading all variants

0variants [00:00, ?variants/s]
55variants [00:00, 543.61variants/s]
110variants [00:00, 482.96variants/s]
166variants [00:00, 514.40variants/s]
198variants [00:00, 518.82variants/s]
Applying correlation filtering

  0%|          | 0/198 [00:00<?, ?variants/s]
100%|██████████| 198/198 [00:00<00:00, 2697.84variants/s]
Fitting elastic net to top 148 variants
Best penalty (lambda) from cross-validation: 1.94E+01
Best R^2 from cross-validation: 0.482
Finding and printing selected variants
198 loaded variants
50 pre-filtered variants
148 tested variants
139 printed variants

True importance standardized:  [0.18537813 0.18537813 0.18537813 0.18537813 0.18537813 0.73691509
 0.73691509 0.73691509 0.73691509 0.73691509 0.83043666 0.83043666
 0.83043666 0.83043666 0.83043666 1.         1.         1.
 1.         1.         0.40851953 0.40851953 0.40851953 0.40851953
 0.40851953 0.72593992 0.72593992 0.72593992 0.72593992 0.72593992
 0.81155167 0.81155167 0.81155167 0.81155167 0.81155167 0.48005598
 0.48005598 0.48005598 0.48005598 0.48005598 0.89988035 0.89988035
 0.89988035 0.89988035 0.89988035 0.16554078 0.16554078 0.16554078
 0.16554078 0.16554078 0.         0.         0.         0.
 0.         0.         0.         0.         0.         0.
 0.         0.         0.         0.         0.         0.
 0.         0.         0.         0.         0.         0.
 0.         0.         0.         0.         0.         0.
 0.         0.         0.         0.         0.         0.
 0.         0.         0.         0.         0.         0.
 0.         0.         0.         0.         0.         0.
 0.         0.         0.         0.         0.         0.
 0.         0.         0.         0.         0.         0.
 0.         0.         0.         0.         0.         0.
 0.         0.         0.         0.         0.         0.
 0.         0.         0.         0.         0.         0.
 0.         0.         0.         0.         0.         0.
 0.         0.         0.         0.         0.         0.
 0.         0.         0.         0.         0.         0.
 0.         0.         0.         0.         0.         0.
 0.         0.         0.         0.         0.         0.
 0.         0.         0.         0.         0.         0.
 0.         0.         0.         0.         0.         0.
 0.         0.         0.         0.         0.         0.
 0.         0.         0.         0.         0.         0.
 0.         0.         0.         0.         0.         0.
 0.         0.         0.         0.         0.         0.
 0.         0.         0.         0.         0.         0.
 0.         0.        ]
Normalized importance:  [0.02473478 0.         0.         0.         0.02473478 0.447635
 0.447635   0.447635   0.447635   0.447635   0.53309696 0.53309696
 0.53309696 0.53309696 0.53309696 0.88279792 0.88279792 0.88279792
 0.88279792 0.88279792 0.2995521  0.2995521  0.2995521  0.2995521
 0.2995521  0.42100743 0.42100743 0.42100743 0.42100743 0.42100743
 0.61274485 0.61274485 0.61274485 0.61274485 0.61274485 0.06878119
 0.         0.06878119 0.06878119 0.06878119 1.         1.
 1.         1.         1.         0.13343208 0.         0.
 0.         0.         0.         0.         0.         0.
 0.         0.         0.         0.         0.         0.
 0.         0.01838518 0.         0.         0.04637872 0.01603451
 0.         0.         0.         0.         0.         0.
 0.         0.         0.         0.         0.         0.
 0.         0.         0.         0.         0.         0.
 0.         0.         0.         0.         0.         0.
 0.         0.         0.         0.         0.         0.
 0.         0.         0.         0.         0.         0.
 0.         0.         0.         0.         0.         0.
 0.         0.         0.06360002 0.         0.         0.
 0.         0.         0.         0.         0.         0.
 0.         0.         0.         0.         0.         0.
 0.         0.         0.         0.         0.         0.
 0.         0.         0.         0.         0.         0.
 0.         0.03329339 0.         0.         0.         0.
 0.         0.04804575 0.         0.         0.         0.
 0.         0.         0.         0.         0.         0.
 0.         0.         0.         0.         0.         0.
 0.         0.         0.         0.         0.         0.
 0.         0.         0.         0.         0.         0.
 0.         0.01366065 0.         0.         0.         0.
 0.         0.         0.         0.         0.         0.
 0.01154369 0.         0.         0.         0.         0.
 0.         0.         0.         0.         0.         0.
 0.         0.        ]
deepbreaks
y_true:  [0. 0. 0. 0. 0. 1. 1. 1. 1. 1. 1. 1. 1. 1. 1. 1. 1. 1. 1. 1. 0. 0. 0. 0.
 0. 0. 0. 0. 0. 0. 1. 1. 1. 1. 1. 0. 0. 0. 0. 0. 1. 1. 1. 1. 1. 0. 0. 0.
 0. 0. 0. 0. 0. 0. 0. 0. 0. 0. 0. 0. 0. 0. 0. 0. 0. 0. 0. 0. 0. 0. 0. 0.
 0. 0. 0. 0. 0. 0. 0. 0. 0. 0. 0. 0. 0. 0. 0. 0. 0. 0. 0. 0. 0. 0. 0. 0.
 0. 0. 0. 0. 0. 0. 0. 0. 0. 0. 0. 0. 0. 0. 0. 0. 0. 0. 0. 0. 0. 0. 0. 0.
 0. 0. 0. 0. 0. 0. 0. 0. 0. 0. 0. 0. 0. 0. 0. 0. 0. 0. 0. 0. 0. 0. 0. 0.
 0. 0. 0. 0. 0. 0. 0. 0. 0. 0. 0. 0. 0. 0. 0. 0. 0. 0. 0. 0. 0. 0. 0. 0.
 0. 0. 0. 0. 0. 0. 0. 0. 0. 0. 0. 0. 0. 0. 0. 0. 0. 0. 0. 0. 0. 0. 0. 0.
 0. 0. 0. 0. 0. 0. 0. 0.]
y_pred:  [0. 0. 0. 0. 0. 1. 1. 1. 1. 1. 1. 1. 1. 1. 1. 1. 1. 1. 1. 1. 0. 0. 0. 0.
 0. 0. 0. 0. 0. 0. 1. 1. 1. 1. 1. 0. 0. 0. 0. 0. 1. 1. 1. 1. 1. 0. 0. 0.
 0. 0. 0. 0. 0. 0. 0. 0. 0. 0. 0. 0. 0. 0. 0. 0. 0. 0. 0. 0. 0. 0. 0. 0.
 0. 0. 0. 0. 0. 0. 0. 0. 0. 0. 0. 0. 0. 0. 0. 0. 0. 0. 0. 0. 0. 0. 0. 0.
 0. 0. 0. 0. 0. 0. 0. 0. 0. 0. 0. 0. 0. 0. 0. 0. 0. 0. 0. 0. 0. 0. 0. 0.
 0. 0. 0. 0. 0. 0. 0. 0. 0. 0. 0. 0. 0. 0. 0. 0. 0. 0. 0. 0. 0. 0. 0. 0.
 0. 0. 0. 0. 0. 0. 0. 0. 0. 0. 0. 0. 0. 0. 0. 0. 0. 0. 0. 0. 0. 0. 0. 0.
 0. 0. 0. 0. 0. 0. 0. 0. 0. 0. 0. 0. 0. 0. 0. 0. 0. 0. 0. 0. 0. 0. 0. 0.
 0. 0. 0. 0. 0. 0. 0. 0.]
Normalized importance:  [0.16434893 0.0562579  0.06245259 0.21238938 0.11580278 0.63337547
 0.494311   0.         0.63590392 0.3817952  0.72566372 0.35145386
 0.53982301 0.5448799  0.35271808 1.         0.55246523 0.37926675
 0.42477876 0.54235145 0.51074589 0.42351454 0.14791403 0.07294564
 0.2528445  0.70037927 0.27939317 0.41845765 0.42857143 0.25031606
 0.95195954 0.16182048 0.22376738 0.43742099 0.44500632 0.31858407
 0.08394437 0.19216182 0.26675095 0.02692794 0.90139064 0.54108723
 0.51453856 0.48040455 0.24525917 0.16561315 0.13147914 0.01921618
 0.22376738 0.         0.15549937 0.         0.22503161 0.21871049
 0.05082174 0.31352718 0.         0.         0.         0.11378003
 0.         0.2022756  0.08836915 0.28697851 0.31984829 0.0863464
 0.18584071 0.33375474 0.         0.         0.11289507 0.
 0.         0.         0.32996207 0.         0.21238938 0.05802781
 0.14412137 0.14791403 0.03678887 0.         0.03312263 0.
 0.06005057 0.00158028 0.         0.26042984 0.         0.03476612
 0.         0.         0.         0.35145386 0.22629583 0.18331226
 0.         0.10897598 0.         0.01184576 0.05941846 0.22376738
 0.02654867 0.11946903 0.         0.04361568 0.03994943 0.20101138
 0.07420986 0.0120354  0.22376738 0.0278129  0.12123894 0.
 0.         0.30973451 0.         0.017067   0.         0.1517067
 0.1908976  0.         0.25663717 0.24399494 0.14538559 0.
 0.         0.         0.13274336 0.         0.03754741 0.
 0.29582807 0.         0.         0.         0.         0.29329962
 0.03059418 0.52085967 0.23261694 0.09418458 0.         0.
 0.         0.37041719 0.         0.00486726 0.         0.02932996
 0.04766119 0.10581542 0.02882427 0.         0.         0.00668774
 0.15549937 0.11213654 0.16687737 0.19342604 0.         0.08166877
 0.1630847  0.         0.         0.13147914 0.06599241 0.
 0.14159292 0.27686473 0.         0.17319848 0.11946903 0.
 0.         0.41466498 0.05903919 0.         0.03767383 0.
 0.         0.13400759 0.17572693 0.         0.08394437 0.04159292
 0.13906448 0.         0.         0.04209861 0.10189633 0.02414665
 0.26295828 0.16182048 0.11188369 0.02402023 0.         0.
 0.         0.        ]
pyseer
y_true:  [0. 0. 0. 0. 0. 1. 1. 1. 1. 1. 1. 1. 1. 1. 1. 1. 1. 1. 1. 1. 0. 0. 0. 0.
 0. 0. 0. 0. 0. 0. 1. 1. 1. 1. 1. 0. 0. 0. 0. 0. 1. 1. 1. 1. 1. 0. 0. 0.
 0. 0. 0. 0. 0. 0. 0. 0. 0. 0. 0. 0. 0. 0. 0. 0. 0. 0. 0. 0. 0. 0. 0. 0.
 0. 0. 0. 0. 0. 0. 0. 0. 0. 0. 0. 0. 0. 0. 0. 0. 0. 0. 0. 0. 0. 0. 0. 0.
 0. 0. 0. 0. 0. 0. 0. 0. 0. 0. 0. 0. 0. 0. 0. 0. 0. 0. 0. 0. 0. 0. 0. 0.
 0. 0. 0. 0. 0. 0. 0. 0. 0. 0. 0. 0. 0. 0. 0. 0. 0. 0. 0. 0. 0. 0. 0. 0.
 0. 0. 0. 0. 0. 0. 0. 0. 0. 0. 0. 0. 0. 0. 0. 0. 0. 0. 0. 0. 0. 0. 0. 0.
 0. 0. 0. 0. 0. 0. 0. 0. 0. 0. 0. 0. 0. 0. 0. 0. 0. 0. 0. 0. 0. 0. 0. 0.
 0. 0. 0. 0. 0. 0. 0. 0.]
y_pred:  [0. 0. 0. 1. 0. 1. 1. 0. 1. 1. 1. 1. 1. 1. 1. 1. 1. 1. 1. 1. 1. 1. 0. 0.
 1. 1. 1. 1. 1. 1. 1. 0. 1. 1. 1. 1. 0. 1. 1. 0. 1. 1. 1. 1. 1. 1. 0. 0.
 1. 0. 0. 0. 1. 1. 0. 1. 0. 0. 0. 0. 0. 1. 0. 1. 1. 0. 1. 1. 0. 0. 0. 0.
 0. 0. 1. 0. 1. 0. 0. 0. 0. 0. 0. 0. 0. 0. 0. 1. 0. 0. 0. 0. 0. 1. 1. 1.
 0. 0. 0. 0. 0. 1. 0. 0. 0. 0. 0. 1. 0. 0. 1. 0. 0. 0. 0. 1. 0. 0. 0. 0.
 1. 0. 1. 1. 0. 0. 0. 0. 0. 0. 0. 0. 1. 0. 0. 0. 0. 1. 0. 1. 1. 0. 0. 0.
 0. 1. 0. 0. 0. 0. 0. 0. 0. 0. 0. 0. 0. 0. 1. 1. 0. 0. 0. 0. 0. 0. 0. 0.
 0. 1. 0. 1. 0. 0. 0. 1. 0. 0. 0. 0. 0. 0. 1. 0. 0. 0. 0. 0. 0. 0. 0. 0.
 1. 0. 0. 0. 0. 0. 0. 0.]
Time taken: 23.648655652999878 seconds
Running combination 39 of 50
Fitting RandomForest...
Fitting Adaboost...
Fitting AdaBoost_2...
Fitting et...
Fitting gbc...
Fitting gbc_2...
Fitting gbc_3...
Fitting dt...
Fitting lr...
Fitting Lasso_1...
Fitting Lasso_2...
Fitting Lasso_3...
Fitting Lasso_4...
Fitting elasticnet...
VCF file created successfully.
pyseer stderr:  Read 1000 phenotypes
Detected continuous phenotype
Reading all variants

0variants [00:00, ?variants/s]
54variants [00:00, 530.78variants/s]
108variants [00:00, 470.80variants/s]
163variants [00:00, 503.39variants/s]
198variants [00:00, 507.98variants/s]
Applying correlation filtering

  0%|          | 0/198 [00:00<?, ?variants/s]
100%|██████████| 198/198 [00:00<00:00, 2498.68variants/s]
Fitting elastic net to top 148 variants
Best penalty (lambda) from cross-validation: 1.63E+01
Best R^2 from cross-validation: 0.509
Finding and printing selected variants
198 loaded variants
50 pre-filtered variants
148 tested variants
142 printed variants

True importance standardized:  [1.         1.         1.         1.         1.         0.35175653
 0.35175653 0.35175653 0.35175653 0.35175653 0.83555588 0.83555588
 0.83555588 0.83555588 0.83555588 0.73417718 0.73417718 0.73417718
 0.73417718 0.73417718 0.26772036 0.26772036 0.26772036 0.26772036
 0.26772036 0.47234395 0.47234395 0.47234395 0.47234395 0.47234395
 0.73070621 0.73070621 0.73070621 0.73070621 0.73070621 0.2521523
 0.2521523  0.2521523  0.2521523  0.2521523  0.67243846 0.67243846
 0.67243846 0.67243846 0.67243846 0.96703526 0.96703526 0.96703526
 0.96703526 0.96703526 0.         0.         0.         0.
 0.         0.         0.         0.         0.         0.
 0.         0.         0.         0.         0.         0.
 0.         0.         0.         0.         0.         0.
 0.         0.         0.         0.         0.         0.
 0.         0.         0.         0.         0.         0.
 0.         0.         0.         0.         0.         0.
 0.         0.         0.         0.         0.         0.
 0.         0.         0.         0.         0.         0.
 0.         0.         0.         0.         0.         0.
 0.         0.         0.         0.         0.         0.
 0.         0.         0.         0.         0.         0.
 0.         0.         0.         0.         0.         0.
 0.         0.         0.         0.         0.         0.
 0.         0.         0.         0.         0.         0.
 0.         0.         0.         0.         0.         0.
 0.         0.         0.         0.         0.         0.
 0.         0.         0.         0.         0.         0.
 0.         0.         0.         0.         0.         0.
 0.         0.         0.         0.         0.         0.
 0.         0.         0.         0.         0.         0.
 0.         0.         0.         0.         0.         0.
 0.         0.         0.         0.         0.         0.
 0.         0.         0.         0.         0.         0.
 0.         0.         0.         0.         0.         0.
 0.         0.        ]
Normalized importance:  [0.91242939 0.91242939 0.91242939 0.91242939 0.91242939 0.
 0.         0.04772985 0.01220958 0.         0.50803661 0.50803661
 0.50803661 0.50803661 0.50803661 0.63445265 0.63445265 0.63445265
 0.63445265 0.63445265 0.05613851 0.05613851 0.         0.05613851
 0.05613851 0.36570898 0.36570898 0.36570898 0.36570898 0.36570898
 0.9073198  0.9073198  0.9073198  0.9073198  0.9073198  0.
 0.09103922 0.07508902 0.         0.         0.45444493 0.45444493
 0.45444493 0.45444493 0.45444493 1.         1.         1.
 1.         1.         0.         0.         0.         0.
 0.         0.03497201 0.         0.         0.         0.
 0.03359667 0.         0.         0.         0.         0.03819461
 0.         0.         0.         0.         0.         0.
 0.         0.         0.         0.         0.         0.
 0.         0.         0.         0.         0.         0.
 0.         0.         0.         0.         0.         0.
 0.         0.         0.         0.         0.         0.
 0.         0.         0.         0.         0.         0.
 0.         0.02655385 0.         0.         0.         0.
 0.         0.         0.         0.         0.         0.
 0.         0.         0.         0.         0.         0.01893879
 0.         0.         0.         0.         0.         0.
 0.         0.         0.02700033 0.13817223 0.         0.
 0.         0.         0.         0.         0.         0.
 0.         0.         0.0209711  0.         0.         0.
 0.         0.         0.         0.         0.         0.
 0.         0.03840758 0.         0.         0.         0.
 0.         0.         0.         0.         0.         0.
 0.         0.         0.         0.         0.         0.
 0.         0.         0.         0.         0.         0.
 0.         0.         0.         0.         0.         0.
 0.         0.         0.02144557 0.         0.         0.
 0.         0.         0.0129154  0.         0.         0.
 0.         0.         0.         0.         0.         0.
 0.         0.        ]
deepbreaks
y_true:  [1. 1. 1. 1. 1. 0. 0. 0. 0. 0. 1. 1. 1. 1. 1. 1. 1. 1. 1. 1. 0. 0. 0. 0.
 0. 0. 0. 0. 0. 0. 1. 1. 1. 1. 1. 0. 0. 0. 0. 0. 0. 0. 0. 0. 0. 1. 1. 1.
 1. 1. 0. 0. 0. 0. 0. 0. 0. 0. 0. 0. 0. 0. 0. 0. 0. 0. 0. 0. 0. 0. 0. 0.
 0. 0. 0. 0. 0. 0. 0. 0. 0. 0. 0. 0. 0. 0. 0. 0. 0. 0. 0. 0. 0. 0. 0. 0.
 0. 0. 0. 0. 0. 0. 0. 0. 0. 0. 0. 0. 0. 0. 0. 0. 0. 0. 0. 0. 0. 0. 0. 0.
 0. 0. 0. 0. 0. 0. 0. 0. 0. 0. 0. 0. 0. 0. 0. 0. 0. 0. 0. 0. 0. 0. 0. 0.
 0. 0. 0. 0. 0. 0. 0. 0. 0. 0. 0. 0. 0. 0. 0. 0. 0. 0. 0. 0. 0. 0. 0. 0.
 0. 0. 0. 0. 0. 0. 0. 0. 0. 0. 0. 0. 0. 0. 0. 0. 0. 0. 0. 0. 0. 0. 0. 0.
 0. 0. 0. 0. 0. 0. 0. 0.]
y_pred:  [1. 1. 1. 1. 1. 0. 0. 0. 0. 0. 1. 1. 1. 1. 1. 1. 1. 1. 1. 1. 0. 0. 0. 0.
 0. 0. 0. 0. 0. 0. 1. 1. 1. 1. 1. 0. 0. 0. 0. 0. 1. 1. 1. 1. 1. 1. 1. 1.
 1. 1. 0. 0. 0. 0. 0. 0. 0. 0. 0. 0. 0. 0. 0. 0. 0. 0. 0. 0. 0. 0. 0. 0.
 0. 0. 0. 0. 0. 0. 0. 0. 0. 0. 0. 0. 0. 0. 0. 0. 0. 0. 0. 0. 0. 0. 0. 0.
 0. 0. 0. 0. 0. 0. 0. 0. 0. 0. 0. 0. 0. 0. 0. 0. 0. 0. 0. 0. 0. 0. 0. 0.
 0. 0. 0. 0. 0. 0. 0. 0. 0. 0. 0. 0. 0. 0. 0. 0. 0. 0. 0. 0. 0. 0. 0. 0.
 0. 0. 0. 0. 0. 0. 0. 0. 0. 0. 0. 0. 0. 0. 0. 0. 0. 0. 0. 0. 0. 0. 0. 0.
 0. 0. 0. 0. 0. 0. 0. 0. 0. 0. 0. 0. 0. 0. 0. 0. 0. 0. 0. 0. 0. 0. 0. 0.
 0. 0. 0. 0. 0. 0. 0. 0.]
Normalized importance:  [9.80099502e-01 5.48922056e-01 5.43946932e-01 5.73797678e-01
 4.79270315e-01 1.00497512e-01 1.58706468e-02 3.98009950e-01
 1.90713101e-01 2.25538972e-01 8.75621891e-01 3.25041459e-01
 5.82089552e-01 4.66003317e-01 2.55389718e-01 8.59038143e-01
 3.83084577e-01 4.77611940e-01 4.12935323e-01 4.67661692e-01
 1.89054726e-01 0.00000000e+00 7.76119403e-02 2.17247098e-02
 6.05306799e-01 7.36318408e-01 3.06799337e-01 3.91376451e-02
 4.07960199e-01 2.86898839e-01 9.32006633e-01 7.39635158e-01
 3.00165837e-01 4.92537313e-01 5.65505804e-01 1.13266998e-01
 3.59867330e-01 4.66003317e-01 2.28855721e-01 7.72802653e-02
 7.77777778e-01 1.45107794e-01 4.47761194e-01 4.70978441e-01
 4.36152570e-01 1.00000000e+00 8.09286899e-01 6.11940299e-01
 4.72636816e-01 6.79933665e-01 0.00000000e+00 0.00000000e+00
 0.00000000e+00 2.20563847e-01 1.97346600e-01 2.71973466e-01
 4.19568823e-02 0.00000000e+00 4.04643449e-01 7.64510779e-02
 2.20563847e-01 0.00000000e+00 0.00000000e+00 7.08126036e-04
 0.00000000e+00 2.86898839e-01 2.96849088e-01 6.58374793e-02
 1.62023217e-01 1.35323383e-01 7.37976783e-02 0.00000000e+00
 2.15588723e-01 2.57048093e-02 0.00000000e+00 7.57877280e-02
 9.53565506e-02 2.23880597e-01 0.00000000e+00 1.80762852e-02
 0.00000000e+00 0.00000000e+00 0.00000000e+00 1.17744610e-01
 1.99004975e-01 0.00000000e+00 6.25207297e-02 8.00995025e-03
 2.93532338e-01 1.87396352e-02 0.00000000e+00 0.00000000e+00
 2.18905473e-01 0.00000000e+00 0.00000000e+00 8.50746269e-02
 6.00331675e-02 3.44941957e-01 1.53731343e-01 2.10613599e-01
 2.05638474e-01 1.75787728e-02 3.25041459e-01 3.51575456e-01
 3.84742952e-01 0.00000000e+00 4.59369818e-01 2.38805970e-01
 1.77446103e-02 0.00000000e+00 0.00000000e+00 6.23548922e-02
 1.62852405e-01 8.55721393e-02 3.20066335e-01 0.00000000e+00
 0.00000000e+00 4.97512438e-02 2.57048093e-01 2.75290216e-01
 0.00000000e+00 0.00000000e+00 0.00000000e+00 3.34991708e-02
 0.00000000e+00 0.00000000e+00 0.00000000e+00 2.02321725e-01
 2.48756219e-01 2.58706468e-01 0.00000000e+00 0.00000000e+00
 0.00000000e+00 1.14593698e-01 8.77280265e-02 1.05970149e-02
 0.00000000e+00 9.63515755e-02 2.71973466e-02 1.09784411e-01
 9.83416252e-02 7.34660033e-02 0.00000000e+00 2.35489221e-01
 2.57048093e-01 0.00000000e+00 3.23383085e-01 1.01824212e-02
 0.00000000e+00 0.00000000e+00 0.00000000e+00 3.74792703e-01
 0.00000000e+00 2.28855721e-01 0.00000000e+00 1.67495854e-01
 3.15091211e-01 2.73631841e-01 6.15257048e-02 0.00000000e+00
 0.00000000e+00 8.92205638e-03 1.34494196e-01 2.38805970e-01
 1.61525705e-01 2.68656716e-01 6.91542289e-02 8.70646766e-02
 1.08291874e-02 0.00000000e+00 2.22222222e-01 0.00000000e+00
 1.38142620e-01 0.00000000e+00 2.12271973e-02 0.00000000e+00
 0.00000000e+00 0.00000000e+00 0.00000000e+00 3.81426202e-02
 0.00000000e+00 2.18905473e-01 4.64344942e-01 0.00000000e+00
 2.71973466e-02 0.00000000e+00 1.82421227e-01 6.13598673e-02
 3.33333333e-01 0.00000000e+00 2.37147595e-01 1.44610282e-01
 0.00000000e+00 1.87396352e-01 9.58540630e-02 8.19237148e-02
 1.80762852e-01 0.00000000e+00 0.00000000e+00 0.00000000e+00]
pyseer
y_true:  [1. 1. 1. 1. 1. 0. 0. 0. 0. 0. 1. 1. 1. 1. 1. 1. 1. 1. 1. 1. 0. 0. 0. 0.
 0. 0. 0. 0. 0. 0. 1. 1. 1. 1. 1. 0. 0. 0. 0. 0. 0. 0. 0. 0. 0. 1. 1. 1.
 1. 1. 0. 0. 0. 0. 0. 0. 0. 0. 0. 0. 0. 0. 0. 0. 0. 0. 0. 0. 0. 0. 0. 0.
 0. 0. 0. 0. 0. 0. 0. 0. 0. 0. 0. 0. 0. 0. 0. 0. 0. 0. 0. 0. 0. 0. 0. 0.
 0. 0. 0. 0. 0. 0. 0. 0. 0. 0. 0. 0. 0. 0. 0. 0. 0. 0. 0. 0. 0. 0. 0. 0.
 0. 0. 0. 0. 0. 0. 0. 0. 0. 0. 0. 0. 0. 0. 0. 0. 0. 0. 0. 0. 0. 0. 0. 0.
 0. 0. 0. 0. 0. 0. 0. 0. 0. 0. 0. 0. 0. 0. 0. 0. 0. 0. 0. 0. 0. 0. 0. 0.
 0. 0. 0. 0. 0. 0. 0. 0. 0. 0. 0. 0. 0. 0. 0. 0. 0. 0. 0. 0. 0. 0. 0. 0.
 0. 0. 0. 0. 0. 0. 0. 0.]
y_pred:  [1. 1. 1. 1. 1. 0. 0. 1. 0. 1. 1. 1. 1. 1. 1. 1. 1. 1. 1. 1. 0. 0. 0. 0.
 1. 1. 1. 0. 1. 1. 1. 1. 1. 1. 1. 0. 1. 1. 1. 0. 1. 0. 1. 1. 1. 1. 1. 1.
 1. 1. 0. 0. 0. 1. 0. 1. 0. 0. 1. 0. 1. 0. 0. 0. 0. 1. 1. 0. 0. 0. 0. 0.
 0. 0. 0. 0. 0. 1. 0. 0. 0. 0. 0. 0. 0. 0. 0. 0. 1. 0. 0. 0. 0. 0. 0. 0.
 0. 1. 0. 0. 0. 0. 1. 1. 1. 0. 1. 1. 0. 0. 0. 0. 0. 0. 1. 0. 0. 0. 1. 1.
 0. 0. 0. 0. 0. 0. 0. 0. 1. 1. 0. 0. 0. 0. 0. 0. 0. 0. 0. 0. 0. 0. 0. 1.
 1. 0. 1. 0. 0. 0. 0. 1. 0. 1. 0. 0. 1. 1. 0. 0. 0. 0. 0. 1. 0. 1. 0. 0.
 0. 0. 1. 0. 0. 0. 0. 0. 0. 0. 0. 0. 0. 0. 1. 0. 0. 0. 0. 0. 1. 0. 1. 0.
 0. 0. 0. 0. 0. 0. 0. 0.]
Time taken: 23.40035080909729 seconds
Running combination 40 of 50
Fitting RandomForest...
Fitting Adaboost...
Fitting AdaBoost_2...
Fitting et...
Fitting gbc...
Fitting gbc_2...
Fitting gbc_3...
Fitting dt...
Fitting lr...
Fitting Lasso_1...
Fitting Lasso_2...
Fitting Lasso_3...
Fitting Lasso_4...
Fitting elasticnet...
VCF file created successfully.
pyseer stderr:  Read 1000 phenotypes
Detected continuous phenotype
Reading all variants

0variants [00:00, ?variants/s]
55variants [00:00, 544.04variants/s]
110variants [00:00, 481.40variants/s]
166variants [00:00, 511.99variants/s]
198variants [00:00, 516.91variants/s]
Applying correlation filtering

  0%|          | 0/198 [00:00<?, ?variants/s]
100%|██████████| 198/198 [00:00<00:00, 2730.08variants/s]
Fitting elastic net to top 148 variants
Best penalty (lambda) from cross-validation: 1.28E+01
Best R^2 from cross-validation: 0.536
Finding and printing selected variants
198 loaded variants
50 pre-filtered variants
148 tested variants
137 printed variants

True importance standardized:  [0.37645821 0.37645821 0.37645821 0.37645821 0.37645821 1.
 1.         1.         1.         1.         0.34688528 0.34688528
 0.34688528 0.34688528 0.34688528 0.52893803 0.52893803 0.52893803
 0.52893803 0.52893803 0.71382536 0.71382536 0.71382536 0.71382536
 0.71382536 0.64399589 0.64399589 0.64399589 0.64399589 0.64399589
 0.79432091 0.79432091 0.79432091 0.79432091 0.79432091 0.93286592
 0.93286592 0.93286592 0.93286592 0.93286592 0.49305224 0.49305224
 0.49305224 0.49305224 0.49305224 0.41269834 0.41269834 0.41269834
 0.41269834 0.41269834 0.         0.         0.         0.
 0.         0.         0.         0.         0.         0.
 0.         0.         0.         0.         0.         0.
 0.         0.         0.         0.         0.         0.
 0.         0.         0.         0.         0.         0.
 0.         0.         0.         0.         0.         0.
 0.         0.         0.         0.         0.         0.
 0.         0.         0.         0.         0.         0.
 0.         0.         0.         0.         0.         0.
 0.         0.         0.         0.         0.         0.
 0.         0.         0.         0.         0.         0.
 0.         0.         0.         0.         0.         0.
 0.         0.         0.         0.         0.         0.
 0.         0.         0.         0.         0.         0.
 0.         0.         0.         0.         0.         0.
 0.         0.         0.         0.         0.         0.
 0.         0.         0.         0.         0.         0.
 0.         0.         0.         0.         0.         0.
 0.         0.         0.         0.         0.         0.
 0.         0.         0.         0.         0.         0.
 0.         0.         0.         0.         0.         0.
 0.         0.         0.         0.         0.         0.
 0.         0.         0.         0.         0.         0.
 0.         0.         0.         0.         0.         0.
 0.         0.         0.         0.         0.         0.
 0.         0.        ]
Normalized importance:  [0.07202793 0.07202793 0.07202793 0.07202793 0.07202793 1.
 1.         1.         1.         1.         0.12392355 0.12392355
 0.12392355 0.12392355 0.12392355 0.34083441 0.34083441 0.34083441
 0.34083441 0.34083441 0.63922418 0.63922418 0.63922418 0.63922418
 0.63922418 0.4212884  0.4212884  0.4212884  0.4212884  0.4212884
 0.4427389  0.4427389  0.4427389  0.4427389  0.4427389  0.94821045
 0.94821045 0.94821045 0.94821045 0.94821045 0.2403544  0.2403544
 0.2403544  0.2403544  0.2403544  0.09898703 0.09898703 0.09898703
 0.09898703 0.09898703 0.         0.         0.         0.
 0.01631089 0.         0.         0.         0.         0.
 0.         0.         0.         0.         0.         0.
 0.01590895 0.         0.         0.01217589 0.         0.
 0.04129081 0.         0.03949974 0.         0.         0.
 0.         0.         0.         0.         0.         0.
 0.09907052 0.         0.         0.         0.         0.
 0.         0.         0.         0.         0.         0.
 0.         0.         0.         0.         0.         0.
 0.         0.         0.         0.         0.         0.
 0.         0.         0.         0.01483056 0.         0.
 0.02168889 0.         0.         0.         0.         0.02346069
 0.         0.         0.         0.         0.         0.
 0.         0.         0.         0.         0.         0.
 0.         0.         0.         0.         0.0060417  0.
 0.         0.         0.         0.04085372 0.         0.
 0.         0.         0.         0.         0.         0.
 0.         0.         0.         0.         0.         0.
 0.01906693 0.         0.         0.         0.         0.
 0.         0.         0.         0.         0.         0.
 0.         0.         0.         0.         0.01598976 0.
 0.         0.         0.         0.         0.         0.
 0.         0.         0.         0.         0.         0.
 0.         0.         0.         0.         0.         0.
 0.01284222 0.         0.         0.         0.         0.
 0.         0.        ]
deepbreaks
y_true:  [0. 0. 0. 0. 0. 1. 1. 1. 1. 1. 0. 0. 0. 0. 0. 0. 0. 0. 0. 0. 1. 1. 1. 1.
 1. 1. 1. 1. 1. 1. 1. 1. 1. 1. 1. 1. 1. 1. 1. 1. 0. 0. 0. 0. 0. 0. 0. 0.
 0. 0. 0. 0. 0. 0. 0. 0. 0. 0. 0. 0. 0. 0. 0. 0. 0. 0. 0. 0. 0. 0. 0. 0.
 0. 0. 0. 0. 0. 0. 0. 0. 0. 0. 0. 0. 0. 0. 0. 0. 0. 0. 0. 0. 0. 0. 0. 0.
 0. 0. 0. 0. 0. 0. 0. 0. 0. 0. 0. 0. 0. 0. 0. 0. 0. 0. 0. 0. 0. 0. 0. 0.
 0. 0. 0. 0. 0. 0. 0. 0. 0. 0. 0. 0. 0. 0. 0. 0. 0. 0. 0. 0. 0. 0. 0. 0.
 0. 0. 0. 0. 0. 0. 0. 0. 0. 0. 0. 0. 0. 0. 0. 0. 0. 0. 0. 0. 0. 0. 0. 0.
 0. 0. 0. 0. 0. 0. 0. 0. 0. 0. 0. 0. 0. 0. 0. 0. 0. 0. 0. 0. 0. 0. 0. 0.
 0. 0. 0. 0. 0. 0. 0. 0.]
y_pred:  [0. 0. 0. 0. 0. 1. 1. 1. 1. 1. 0. 0. 0. 0. 0. 1. 1. 1. 1. 1. 1. 1. 1. 1.
 1. 1. 1. 1. 1. 1. 1. 1. 1. 1. 1. 1. 1. 1. 1. 1. 1. 1. 1. 1. 1. 0. 0. 0.
 0. 0. 0. 0. 0. 0. 0. 0. 0. 0. 0. 0. 0. 0. 0. 0. 0. 0. 0. 0. 0. 0. 0. 0.
 0. 0. 0. 0. 0. 0. 0. 0. 0. 0. 0. 0. 0. 0. 0. 0. 0. 0. 0. 0. 0. 0. 0. 0.
 0. 0. 0. 0. 0. 0. 0. 0. 0. 0. 0. 0. 0. 0. 0. 0. 0. 0. 0. 0. 0. 0. 0. 0.
 0. 0. 0. 0. 0. 0. 0. 0. 0. 0. 0. 0. 0. 0. 0. 0. 0. 0. 0. 0. 0. 0. 0. 0.
 0. 0. 0. 0. 0. 0. 0. 0. 0. 0. 0. 0. 0. 0. 0. 0. 0. 0. 0. 0. 0. 0. 0. 0.
 0. 0. 0. 0. 0. 0. 0. 0. 0. 0. 0. 0. 0. 0. 0. 0. 0. 0. 0. 0. 0. 0. 0. 0.
 0. 0. 0. 0. 0. 0. 0. 0.]
Normalized importance:  [2.13859020e-01 6.72640382e-02 2.11469534e-01 2.48506571e-02
 1.93548387e-01 1.00000000e+00 2.27001195e-01 1.99522103e-01
 4.13381123e-01 3.18996416e-01 3.45280765e-01 3.73954600e-02
 3.04659498e-01 6.47550777e-02 6.67861410e-02 3.73954600e-01
 2.47311828e-01 1.07407407e-01 2.40143369e-01 4.03823178e-01
 5.99761051e-01 3.26164875e-01 2.87933094e-01 1.58900836e-01
 3.30943847e-01 5.14934289e-01 8.79330944e-02 5.37634409e-01
 3.54838710e-01 4.40860215e-02 6.89366786e-01 2.95101553e-01
 3.45280765e-01 2.03106332e-01 1.56511350e-02 6.83393070e-01
 5.38829152e-01 2.64038232e-01 5.06571087e-01 2.67622461e-01
 5.04181601e-01 1.46953405e-01 2.52090800e-01 2.83154122e-01
 6.88172043e-02 1.31421744e-01 3.17801673e-01 1.24253286e-01
 0.00000000e+00 2.91517324e-01 3.96654719e-02 0.00000000e+00
 0.00000000e+00 0.00000000e+00 2.50896057e-01 0.00000000e+00
 0.00000000e+00 0.00000000e+00 0.00000000e+00 0.00000000e+00
 4.05017921e-02 2.32974910e-02 0.00000000e+00 1.29032258e-01
 1.02031063e-01 0.00000000e+00 1.94743130e-01 5.71087216e-02
 1.14934289e-02 1.51732378e-01 1.05973716e-01 0.00000000e+00
 1.73237754e-01 0.00000000e+00 3.30943847e-01 0.00000000e+00
 0.00000000e+00 6.97729988e-02 5.05376344e-03 0.00000000e+00
 0.00000000e+00 0.00000000e+00 1.18279570e-01 7.27598566e-02
 3.78733572e-01 2.13859020e-02 0.00000000e+00 0.00000000e+00
 1.49342891e-01 1.50537634e-01 9.80884110e-02 0.00000000e+00
 8.47072879e-02 0.00000000e+00 5.28076464e-02 9.04420550e-02
 1.98327360e-01 1.12664277e-01 0.00000000e+00 8.42293907e-02
 8.93667861e-02 6.78614098e-02 8.32735962e-02 4.74313023e-02
 1.70848268e-01 5.54360812e-02 0.00000000e+00 0.00000000e+00
 3.46475508e-02 2.54480287e-01 2.99880526e-03 1.83990442e-01
 0.00000000e+00 0.00000000e+00 1.18996416e-01 1.39784946e-01
 5.98566308e-02 0.00000000e+00 1.72043011e-02 1.85185185e-01
 0.00000000e+00 5.05376344e-02 6.34408602e-02 7.92114695e-02
 0.00000000e+00 0.00000000e+00 8.90083632e-02 9.94026284e-02
 1.04181601e-01 1.68458781e-01 0.00000000e+00 0.00000000e+00
 3.52449223e-02 2.96296296e-02 0.00000000e+00 1.99522103e-01
 1.87574671e-02 1.64874552e-01 0.00000000e+00 2.48506571e-04
 1.00716846e-01 3.16606930e-01 0.00000000e+00 1.58900836e-01
 0.00000000e+00 9.78494624e-02 1.70848268e-01 2.27001195e-01
 0.00000000e+00 3.85902031e-02 5.26881720e-02 1.27837515e-01
 0.00000000e+00 0.00000000e+00 0.00000000e+00 1.88769415e-01
 1.74432497e-01 0.00000000e+00 0.00000000e+00 2.43727599e-02
 0.00000000e+00 7.92114695e-02 0.00000000e+00 0.00000000e+00
 8.67383513e-02 0.00000000e+00 1.83990442e-01 4.19354839e-02
 1.73237754e-01 0.00000000e+00 0.00000000e+00 6.57108722e-02
 1.06571087e-01 0.00000000e+00 0.00000000e+00 6.97729988e-03
 1.09796894e-01 0.00000000e+00 2.66427718e-01 3.27359618e-02
 1.58900836e-01 0.00000000e+00 4.54002389e-02 0.00000000e+00
 1.38590203e-01 3.50059737e-02 0.00000000e+00 1.07168459e-01
 0.00000000e+00 0.00000000e+00 1.26642772e-01 1.85185185e-01
 1.56511350e-01 0.00000000e+00 0.00000000e+00 0.00000000e+00
 1.35005974e-01 0.00000000e+00 0.00000000e+00 0.00000000e+00]
pyseer
y_true:  [0. 0. 0. 0. 0. 1. 1. 1. 1. 1. 0. 0. 0. 0. 0. 0. 0. 0. 0. 0. 1. 1. 1. 1.
 1. 1. 1. 1. 1. 1. 1. 1. 1. 1. 1. 1. 1. 1. 1. 1. 0. 0. 0. 0. 0. 0. 0. 0.
 0. 0. 0. 0. 0. 0. 0. 0. 0. 0. 0. 0. 0. 0. 0. 0. 0. 0. 0. 0. 0. 0. 0. 0.
 0. 0. 0. 0. 0. 0. 0. 0. 0. 0. 0. 0. 0. 0. 0. 0. 0. 0. 0. 0. 0. 0. 0. 0.
 0. 0. 0. 0. 0. 0. 0. 0. 0. 0. 0. 0. 0. 0. 0. 0. 0. 0. 0. 0. 0. 0. 0. 0.
 0. 0. 0. 0. 0. 0. 0. 0. 0. 0. 0. 0. 0. 0. 0. 0. 0. 0. 0. 0. 0. 0. 0. 0.
 0. 0. 0. 0. 0. 0. 0. 0. 0. 0. 0. 0. 0. 0. 0. 0. 0. 0. 0. 0. 0. 0. 0. 0.
 0. 0. 0. 0. 0. 0. 0. 0. 0. 0. 0. 0. 0. 0. 0. 0. 0. 0. 0. 0. 0. 0. 0. 0.
 0. 0. 0. 0. 0. 0. 0. 0.]
y_pred:  [1. 0. 1. 0. 1. 1. 1. 1. 1. 1. 1. 0. 1. 0. 0. 1. 1. 0. 1. 1. 1. 1. 1. 1.
 1. 1. 0. 1. 1. 0. 1. 1. 1. 1. 0. 1. 1. 1. 1. 1. 1. 1. 1. 1. 0. 1. 1. 0.
 0. 1. 0. 0. 0. 0. 1. 0. 0. 0. 0. 0. 0. 0. 0. 0. 0. 0. 1. 0. 0. 1. 0. 0.
 1. 0. 1. 0. 0. 0. 0. 0. 0. 0. 0. 0. 1. 0. 0. 0. 1. 1. 0. 0. 0. 0. 0. 0.
 1. 0. 0. 0. 0. 0. 0. 0. 1. 0. 0. 0. 0. 1. 0. 1. 0. 0. 0. 1. 0. 0. 0. 1.
 0. 0. 0. 0. 0. 0. 0. 0. 0. 1. 0. 0. 0. 0. 0. 1. 0. 1. 0. 0. 0. 1. 0. 1.
 0. 0. 1. 1. 0. 0. 0. 0. 0. 0. 0. 1. 1. 0. 0. 0. 0. 0. 0. 0. 0. 0. 1. 0.
 1. 0. 0. 0. 0. 0. 0. 0. 0. 0. 1. 0. 1. 0. 0. 0. 1. 0. 0. 0. 0. 0. 0. 1.
 1. 0. 0. 0. 1. 0. 0. 0.]
Time taken: 24.288145303726196 seconds
Running combination 41 of 50
Fitting RandomForest...
Fitting Adaboost...
Fitting AdaBoost_2...
Fitting et...
Fitting gbc...
Fitting gbc_2...
Fitting gbc_3...
Fitting dt...
Fitting lr...
Fitting Lasso_1...
Fitting Lasso_2...
Fitting Lasso_3...
Fitting Lasso_4...
Fitting elasticnet...
VCF file created successfully.
pyseer stderr:  Read 1000 phenotypes
Detected continuous phenotype
Reading all variants

0variants [00:00, ?variants/s]
55variants [00:00, 542.51variants/s]
110variants [00:00, 482.70variants/s]
167variants [00:00, 517.15variants/s]
198variants [00:00, 520.41variants/s]
Applying correlation filtering

  0%|          | 0/198 [00:00<?, ?variants/s]
100%|██████████| 198/198 [00:00<00:00, 2697.00variants/s]
Fitting elastic net to top 148 variants
Best penalty (lambda) from cross-validation: 3.05E+01
Best R^2 from cross-validation: 0.516
Finding and printing selected variants
198 loaded variants
50 pre-filtered variants
148 tested variants
136 printed variants

True importance standardized:  [0.51726718 0.51726718 0.51726718 0.51726718 0.51726718 0.73869432
 0.73869432 0.73869432 0.73869432 0.73869432 0.35952447 0.35952447
 0.35952447 0.35952447 0.35952447 0.78765297 0.78765297 0.78765297
 0.78765297 0.78765297 0.54613195 0.54613195 0.54613195 0.54613195
 0.54613195 0.30160771 0.30160771 0.30160771 0.30160771 0.30160771
 0.71350013 0.71350013 0.71350013 0.71350013 0.71350013 0.80563071
 0.80563071 0.80563071 0.80563071 0.80563071 0.79870825 0.79870825
 0.79870825 0.79870825 0.79870825 1.         1.         1.
 1.         1.         0.         0.         0.         0.
 0.         0.         0.         0.         0.         0.
 0.         0.         0.         0.         0.         0.
 0.         0.         0.         0.         0.         0.
 0.         0.         0.         0.         0.         0.
 0.         0.         0.         0.         0.         0.
 0.         0.         0.         0.         0.         0.
 0.         0.         0.         0.         0.         0.
 0.         0.         0.         0.         0.         0.
 0.         0.         0.         0.         0.         0.
 0.         0.         0.         0.         0.         0.
 0.         0.         0.         0.         0.         0.
 0.         0.         0.         0.         0.         0.
 0.         0.         0.         0.         0.         0.
 0.         0.         0.         0.         0.         0.
 0.         0.         0.         0.         0.         0.
 0.         0.         0.         0.         0.         0.
 0.         0.         0.         0.         0.         0.
 0.         0.         0.         0.         0.         0.
 0.         0.         0.         0.         0.         0.
 0.         0.         0.         0.         0.         0.
 0.         0.         0.         0.         0.         0.
 0.         0.         0.         0.         0.         0.
 0.         0.         0.         0.         0.         0.
 0.         0.         0.         0.         0.         0.
 0.         0.        ]
Normalized importance:  [0.17075    0.17075    0.17075    0.17075    0.17075    0.52101418
 0.52101418 0.52101418 0.52101418 0.52101418 0.12142352 0.12142352
 0.12142352 0.12142352 0.12142352 1.         1.         1.
 1.         1.         0.23020902 0.23020902 0.23020902 0.23020902
 0.23020902 0.08775942 0.08775942 0.08775942 0.08775942 0.08775942
 0.27209356 0.27209356 0.27209356 0.27209356 0.27209356 0.84138945
 0.84138945 0.84138945 0.84138945 0.84138945 0.43973998 0.43973998
 0.43973998 0.43973998 0.43973998 0.96610211 0.96610211 0.96610211
 0.96610211 0.96610211 0.         0.         0.0661406  0.
 0.         0.01689184 0.         0.         0.         0.
 0.         0.         0.         0.         0.         0.
 0.         0.         0.         0.         0.         0.1010595
 0.         0.         0.         0.         0.         0.003865
 0.         0.         0.         0.         0.         0.
 0.         0.         0.         0.00970658 0.         0.
 0.         0.         0.         0.         0.         0.
 0.         0.         0.         0.         0.         0.
 0.         0.         0.         0.         0.00539895 0.
 0.00874239 0.         0.         0.         0.         0.
 0.         0.         0.         0.0090657  0.         0.
 0.         0.         0.         0.         0.         0.
 0.         0.         0.         0.         0.         0.
 0.         0.01718386 0.         0.         0.         0.
 0.         0.         0.         0.01462447 0.01780219 0.
 0.         0.         0.         0.00380431 0.         0.
 0.         0.         0.         0.         0.         0.
 0.         0.         0.         0.         0.         0.
 0.         0.         0.         0.         0.         0.
 0.         0.         0.         0.         0.         0.
 0.         0.         0.01710873 0.         0.         0.
 0.         0.         0.         0.         0.         0.
 0.         0.         0.         0.         0.         0.
 0.         0.         0.         0.         0.         0.
 0.         0.        ]
deepbreaks
y_true:  [0. 0. 0. 0. 0. 1. 1. 1. 1. 1. 0. 0. 0. 0. 0. 1. 1. 1. 1. 1. 0. 0. 0. 0.
 0. 0. 0. 0. 0. 0. 0. 0. 0. 0. 0. 1. 1. 1. 1. 1. 1. 1. 1. 1. 1. 1. 1. 1.
 1. 1. 0. 0. 0. 0. 0. 0. 0. 0. 0. 0. 0. 0. 0. 0. 0. 0. 0. 0. 0. 0. 0. 0.
 0. 0. 0. 0. 0. 0. 0. 0. 0. 0. 0. 0. 0. 0. 0. 0. 0. 0. 0. 0. 0. 0. 0. 0.
 0. 0. 0. 0. 0. 0. 0. 0. 0. 0. 0. 0. 0. 0. 0. 0. 0. 0. 0. 0. 0. 0. 0. 0.
 0. 0. 0. 0. 0. 0. 0. 0. 0. 0. 0. 0. 0. 0. 0. 0. 0. 0. 0. 0. 0. 0. 0. 0.
 0. 0. 0. 0. 0. 0. 0. 0. 0. 0. 0. 0. 0. 0. 0. 0. 0. 0. 0. 0. 0. 0. 0. 0.
 0. 0. 0. 0. 0. 0. 0. 0. 0. 0. 0. 0. 0. 0. 0. 0. 0. 0. 0. 0. 0. 0. 0. 0.
 0. 0. 0. 0. 0. 0. 0. 0.]
y_pred:  [0. 0. 0. 0. 0. 1. 1. 1. 1. 1. 0. 0. 0. 0. 0. 1. 1. 1. 1. 1. 1. 1. 1. 1.
 1. 0. 0. 0. 0. 0. 1. 1. 1. 1. 1. 1. 1. 1. 1. 1. 1. 1. 1. 1. 1. 1. 1. 1.
 1. 1. 0. 0. 0. 0. 0. 0. 0. 0. 0. 0. 0. 0. 0. 0. 0. 0. 0. 0. 0. 0. 0. 0.
 0. 0. 0. 0. 0. 0. 0. 0. 0. 0. 0. 0. 0. 0. 0. 0. 0. 0. 0. 0. 0. 0. 0. 0.
 0. 0. 0. 0. 0. 0. 0. 0. 0. 0. 0. 0. 0. 0. 0. 0. 0. 0. 0. 0. 0. 0. 0. 0.
 0. 0. 0. 0. 0. 0. 0. 0. 0. 0. 0. 0. 0. 0. 0. 0. 0. 0. 0. 0. 0. 0. 0. 0.
 0. 0. 0. 0. 0. 0. 0. 0. 0. 0. 0. 0. 0. 0. 0. 0. 0. 0. 0. 0. 0. 0. 0. 0.
 0. 0. 0. 0. 0. 0. 0. 0. 0. 0. 0. 0. 0. 0. 0. 0. 0. 0. 0. 0. 0. 0. 0. 0.
 0. 0. 0. 0. 0. 0. 0. 0.]
Normalized importance:  [3.73228346e-01 4.16535433e-01 2.07874016e-01 2.30708661e-01
 1.07874016e-01 7.95275591e-01 3.21259843e-01 3.48031496e-01
 3.70866142e-01 2.21259843e-01 3.83464567e-01 1.32283465e-01
 2.99212598e-01 1.41732283e-03 2.66929134e-01 8.58267717e-01
 5.88188976e-01 3.81889764e-01 3.08661417e-01 2.00000000e-01
 4.53543307e-01 1.53543307e-01 3.14960630e-01 2.29921260e-01
 3.14960630e-01 3.14173228e-01 3.04724409e-01 0.00000000e+00
 2.43307087e-01 1.93700787e-01 5.30708661e-01 2.81889764e-01
 2.83464567e-01 3.22047244e-01 1.98425197e-01 8.03149606e-01
 4.01574803e-01 1.44094488e-01 4.95275591e-01 3.93700787e-01
 6.53543307e-01 2.22834646e-01 5.40157480e-01 3.68503937e-01
 4.23622047e-01 1.00000000e+00 4.93700787e-01 2.32283465e-01
 2.33858268e-01 4.75590551e-01 1.00000000e-01 6.99212598e-02
 3.12598425e-01 6.51181102e-02 0.00000000e+00 1.18110236e-01
 1.49606299e-02 2.39370079e-01 0.00000000e+00 0.00000000e+00
 2.27559055e-01 0.00000000e+00 1.37795276e-01 0.00000000e+00
 8.58267717e-02 7.16535433e-03 8.89763780e-02 9.52755906e-02
 0.00000000e+00 9.21259843e-02 6.96062992e-02 3.55905512e-01
 9.92125984e-02 1.76377953e-01 5.29133858e-02 3.00787402e-02
 0.00000000e+00 1.74015748e-01 0.00000000e+00 1.33858268e-01
 8.89763780e-03 0.00000000e+00 5.77165354e-03 0.00000000e+00
 0.00000000e+00 0.00000000e+00 4.07874016e-03 1.27559055e-01
 0.00000000e+00 0.00000000e+00 0.00000000e+00 1.25984252e-01
 0.00000000e+00 9.21259843e-02 9.92125984e-02 1.82677165e-01
 1.11811024e-01 0.00000000e+00 0.00000000e+00 1.70078740e-01
 0.00000000e+00 0.00000000e+00 1.73228346e-01 0.00000000e+00
 0.00000000e+00 5.96062992e-02 1.55905512e-01 0.00000000e+00
 1.19685039e-01 5.57480315e-02 1.07086614e-01 8.03149606e-02
 1.14173228e-01 6.66929134e-02 0.00000000e+00 0.00000000e+00
 0.00000000e+00 0.00000000e+00 7.33858268e-02 1.35433071e-01
 5.14173228e-02 1.20472441e-01 9.29133858e-02 3.92125984e-02
 1.81889764e-01 0.00000000e+00 0.00000000e+00 8.26771654e-02
 0.00000000e+00 7.95275591e-02 0.00000000e+00 1.53543307e-01
 0.00000000e+00 1.12598425e-01 0.00000000e+00 5.29133858e-02
 4.77952756e-02 0.00000000e+00 1.19685039e-01 2.49606299e-02
 0.00000000e+00 2.30708661e-01 3.37007874e-02 0.00000000e+00
 0.00000000e+00 1.24409449e-01 0.00000000e+00 1.70866142e-01
 1.64566929e-01 0.00000000e+00 1.22834646e-01 6.85826772e-02
 0.00000000e+00 0.00000000e+00 1.46456693e-01 1.10236220e-01
 0.00000000e+00 0.00000000e+00 2.66141732e-03 2.24409449e-01
 0.00000000e+00 0.00000000e+00 1.92913386e-01 0.00000000e+00
 1.34645669e-01 0.00000000e+00 1.20472441e-01 2.48031496e-04
 0.00000000e+00 3.00000000e-03 0.00000000e+00 0.00000000e+00
 0.00000000e+00 0.00000000e+00 3.50393701e-02 0.00000000e+00
 1.64566929e-01 3.34645669e-02 0.00000000e+00 2.07086614e-01
 0.00000000e+00 0.00000000e+00 0.00000000e+00 2.01574803e-01
 0.00000000e+00 1.14173228e-01 0.00000000e+00 1.05511811e-01
 1.95275591e-01 1.32283465e-01 2.63779528e-02 1.01574803e-01
 0.00000000e+00 0.00000000e+00 2.55118110e-01 1.96062992e-01
 9.37007874e-02 1.07874016e-01 0.00000000e+00 0.00000000e+00]
pyseer
y_true:  [0. 0. 0. 0. 0. 1. 1. 1. 1. 1. 0. 0. 0. 0. 0. 1. 1. 1. 1. 1. 0. 0. 0. 0.
 0. 0. 0. 0. 0. 0. 0. 0. 0. 0. 0. 1. 1. 1. 1. 1. 1. 1. 1. 1. 1. 1. 1. 1.
 1. 1. 0. 0. 0. 0. 0. 0. 0. 0. 0. 0. 0. 0. 0. 0. 0. 0. 0. 0. 0. 0. 0. 0.
 0. 0. 0. 0. 0. 0. 0. 0. 0. 0. 0. 0. 0. 0. 0. 0. 0. 0. 0. 0. 0. 0. 0. 0.
 0. 0. 0. 0. 0. 0. 0. 0. 0. 0. 0. 0. 0. 0. 0. 0. 0. 0. 0. 0. 0. 0. 0. 0.
 0. 0. 0. 0. 0. 0. 0. 0. 0. 0. 0. 0. 0. 0. 0. 0. 0. 0. 0. 0. 0. 0. 0. 0.
 0. 0. 0. 0. 0. 0. 0. 0. 0. 0. 0. 0. 0. 0. 0. 0. 0. 0. 0. 0. 0. 0. 0. 0.
 0. 0. 0. 0. 0. 0. 0. 0. 0. 0. 0. 0. 0. 0. 0. 0. 0. 0. 0. 0. 0. 0. 0. 0.
 0. 0. 0. 0. 0. 0. 0. 0.]
y_pred:  [1. 1. 1. 1. 0. 1. 1. 1. 1. 1. 1. 0. 1. 0. 1. 1. 1. 1. 1. 1. 1. 1. 1. 1.
 1. 1. 1. 0. 1. 1. 1. 1. 1. 1. 1. 1. 1. 0. 1. 1. 1. 1. 1. 1. 1. 1. 1. 1.
 1. 1. 0. 0. 1. 0. 0. 0. 0. 1. 0. 0. 1. 0. 0. 0. 0. 0. 0. 0. 0. 0. 0. 1.
 0. 1. 0. 0. 0. 1. 0. 0. 0. 0. 0. 0. 0. 0. 0. 0. 0. 0. 0. 0. 0. 0. 0. 1.
 0. 0. 0. 1. 0. 0. 1. 0. 0. 0. 1. 0. 0. 0. 0. 0. 0. 0. 0. 0. 0. 0. 0. 0.
 0. 0. 0. 0. 1. 0. 0. 0. 0. 0. 0. 1. 0. 0. 0. 0. 0. 0. 0. 0. 0. 1. 0. 0.
 0. 0. 0. 1. 1. 0. 0. 0. 0. 0. 0. 0. 0. 0. 0. 1. 0. 0. 1. 0. 0. 0. 0. 0.
 0. 0. 0. 0. 0. 0. 0. 0. 1. 0. 0. 1. 0. 0. 0. 1. 0. 0. 0. 0. 1. 0. 0. 0.
 0. 0. 1. 1. 0. 0. 0. 0.]
Time taken: 29.48351740837097 seconds
Running combination 42 of 50
Fitting RandomForest...
Fitting Adaboost...
Fitting AdaBoost_2...
Fitting et...
Fitting gbc...
Fitting gbc_2...
Fitting gbc_3...
Fitting dt...
Fitting lr...
Fitting Lasso_1...
Fitting Lasso_2...
Fitting Lasso_3...
Fitting Lasso_4...
Fitting elasticnet...
VCF file created successfully.
pyseer stderr:  Read 1000 phenotypes
Detected continuous phenotype
Reading all variants

0variants [00:00, ?variants/s]
54variants [00:00, 533.02variants/s]
108variants [00:00, 471.90variants/s]
164variants [00:00, 505.84variants/s]
198variants [00:00, 509.83variants/s]
Applying correlation filtering

  0%|          | 0/198 [00:00<?, ?variants/s]
100%|██████████| 198/198 [00:00<00:00, 2690.08variants/s]
Fitting elastic net to top 148 variants
Best penalty (lambda) from cross-validation: 3.08E+01
Best R^2 from cross-validation: 0.448
Finding and printing selected variants
198 loaded variants
50 pre-filtered variants
148 tested variants
133 printed variants

True importance standardized:  [0.4599329  0.4599329  0.4599329  0.4599329  0.4599329  0.36115828
 0.36115828 0.36115828 0.36115828 0.36115828 0.58290576 0.58290576
 0.58290576 0.58290576 0.58290576 0.57356097 0.57356097 0.57356097
 0.57356097 0.57356097 0.3824207  0.3824207  0.3824207  0.3824207
 0.3824207  0.89578665 0.89578665 0.89578665 0.89578665 0.89578665
 1.         1.         1.         1.         1.         0.69156568
 0.69156568 0.69156568 0.69156568 0.69156568 0.46484506 0.46484506
 0.46484506 0.46484506 0.46484506 0.74009791 0.74009791 0.74009791
 0.74009791 0.74009791 0.         0.         0.         0.
 0.         0.         0.         0.         0.         0.
 0.         0.         0.         0.         0.         0.
 0.         0.         0.         0.         0.         0.
 0.         0.         0.         0.         0.         0.
 0.         0.         0.         0.         0.         0.
 0.         0.         0.         0.         0.         0.
 0.         0.         0.         0.         0.         0.
 0.         0.         0.         0.         0.         0.
 0.         0.         0.         0.         0.         0.
 0.         0.         0.         0.         0.         0.
 0.         0.         0.         0.         0.         0.
 0.         0.         0.         0.         0.         0.
 0.         0.         0.         0.         0.         0.
 0.         0.         0.         0.         0.         0.
 0.         0.         0.         0.         0.         0.
 0.         0.         0.         0.         0.         0.
 0.         0.         0.         0.         0.         0.
 0.         0.         0.         0.         0.         0.
 0.         0.         0.         0.         0.         0.
 0.         0.         0.         0.         0.         0.
 0.         0.         0.         0.         0.         0.
 0.         0.         0.         0.         0.         0.
 0.         0.         0.         0.         0.         0.
 0.         0.         0.         0.         0.         0.
 0.         0.        ]
Normalized importance:  [0.17162511 0.17162511 0.17162511 0.17162511 0.17162511 0.43324923
 0.43324923 0.43324923 0.43324923 0.43324923 0.44566133 0.44566133
 0.44566133 0.44566133 0.44566133 0.46207247 0.46207247 0.46207247
 0.46207247 0.46207247 0.30560359 0.30560359 0.30560359 0.30560359
 0.30560359 0.69879194 0.69879194 0.69879194 0.69879194 0.69879194
 1.         1.         1.         1.         1.         0.77288035
 0.77288035 0.77288035 0.77288035 0.77288035 0.50932492 0.50932492
 0.50932492 0.50932492 0.50932492 0.65182264 0.65182264 0.65182264
 0.65182264 0.65182264 0.         0.         0.         0.
 0.         0.         0.         0.         0.06947086 0.
 0.         0.         0.         0.         0.         0.
 0.         0.         0.         0.         0.         0.
 0.         0.         0.         0.         0.         0.
 0.         0.         0.         0.         0.         0.
 0.         0.         0.         0.         0.         0.
 0.         0.         0.         0.         0.15334329 0.
 0.05757808 0.         0.         0.         0.         0.
 0.         0.         0.         0.         0.         0.
 0.         0.         0.         0.         0.         0.
 0.         0.         0.         0.         0.         0.
 0.         0.         0.         0.         0.         0.
 0.         0.         0.         0.         0.         0.
 0.04472768 0.         0.         0.         0.         0.
 0.         0.         0.01519264 0.         0.         0.
 0.         0.         0.         0.         0.         0.
 0.         0.         0.         0.         0.         0.
 0.         0.         0.         0.         0.         0.
 0.         0.         0.02869703 0.         0.         0.
 0.         0.         0.         0.         0.00960895 0.
 0.         0.         0.         0.         0.         0.
 0.         0.         0.         0.         0.         0.
 0.         0.         0.         0.         0.         0.
 0.         0.         0.         0.         0.         0.
 0.         0.        ]
deepbreaks
y_true:  [0. 0. 0. 0. 0. 0. 0. 0. 0. 0. 1. 1. 1. 1. 1. 0. 0. 0. 0. 0. 0. 0. 0. 0.
 0. 1. 1. 1. 1. 1. 1. 1. 1. 1. 1. 1. 1. 1. 1. 1. 0. 0. 0. 0. 0. 1. 1. 1.
 1. 1. 0. 0. 0. 0. 0. 0. 0. 0. 0. 0. 0. 0. 0. 0. 0. 0. 0. 0. 0. 0. 0. 0.
 0. 0. 0. 0. 0. 0. 0. 0. 0. 0. 0. 0. 0. 0. 0. 0. 0. 0. 0. 0. 0. 0. 0. 0.
 0. 0. 0. 0. 0. 0. 0. 0. 0. 0. 0. 0. 0. 0. 0. 0. 0. 0. 0. 0. 0. 0. 0. 0.
 0. 0. 0. 0. 0. 0. 0. 0. 0. 0. 0. 0. 0. 0. 0. 0. 0. 0. 0. 0. 0. 0. 0. 0.
 0. 0. 0. 0. 0. 0. 0. 0. 0. 0. 0. 0. 0. 0. 0. 0. 0. 0. 0. 0. 0. 0. 0. 0.
 0. 0. 0. 0. 0. 0. 0. 0. 0. 0. 0. 0. 0. 0. 0. 0. 0. 0. 0. 0. 0. 0. 0. 0.
 0. 0. 0. 0. 0. 0. 0. 0.]
y_pred:  [0. 0. 0. 0. 0. 0. 0. 0. 0. 0. 0. 0. 0. 0. 0. 1. 1. 1. 1. 1. 0. 0. 0. 0.
 0. 1. 1. 1. 1. 1. 1. 1. 1. 1. 1. 1. 1. 1. 1. 1. 1. 1. 1. 1. 1. 1. 1. 1.
 1. 1. 0. 0. 0. 0. 0. 0. 0. 0. 0. 0. 0. 0. 0. 0. 0. 0. 0. 0. 0. 0. 0. 0.
 0. 0. 0. 0. 0. 0. 0. 0. 0. 0. 0. 0. 0. 0. 0. 0. 0. 0. 0. 0. 0. 0. 0. 0.
 0. 0. 0. 0. 0. 0. 0. 0. 0. 0. 0. 0. 0. 0. 0. 0. 0. 0. 0. 0. 0. 0. 0. 0.
 0. 0. 0. 0. 0. 0. 0. 0. 0. 0. 0. 0. 0. 0. 0. 0. 0. 0. 0. 0. 0. 0. 0. 0.
 0. 0. 0. 0. 0. 0. 0. 0. 0. 0. 0. 0. 0. 0. 0. 0. 0. 0. 0. 0. 0. 0. 0. 0.
 0. 0. 0. 0. 0. 0. 0. 0. 0. 0. 0. 0. 0. 0. 0. 0. 0. 0. 0. 0. 0. 0. 0. 0.
 0. 0. 0. 0. 0. 0. 0. 0.]
Normalized importance:  [5.54039874e-01 9.74816369e-02 2.66526758e-01 3.00104932e-01
 1.72088143e-01 5.28856243e-01 2.31899265e-01 8.37355719e-02
 2.66526758e-01 2.72822665e-01 3.89296957e-01 3.95592865e-01
 2.94858342e-01 4.79538300e-01 4.01888772e-01 5.85519412e-01
 3.63064008e-01 3.42077650e-01 4.63798531e-01 3.29485834e-01
 4.27072403e-01 2.63378804e-01 1.43756558e-01 3.47324239e-01
 0.00000000e+00 8.94018888e-01 1.93074502e-01 5.84470094e-01
 5.28856243e-01 3.22140609e-01 1.00000000e+00 3.76705142e-01
 6.20146905e-01 4.02938090e-01 5.07869885e-01 6.42182581e-01
 6.21196222e-01 1.42707240e-01 2.33997901e-01 4.93179433e-01
 5.22560336e-01 0.00000000e+00 4.44910808e-01 1.24868835e-01
 4.08184680e-01 7.33473242e-01 5.00524659e-01 5.70828961e-01
 1.24868835e-01 3.88247639e-01 1.57397692e-01 9.70619098e-02
 0.00000000e+00 0.00000000e+00 0.00000000e+00 1.04302204e-01
 0.00000000e+00 0.00000000e+00 2.70724029e-01 0.00000000e+00
 0.00000000e+00 0.00000000e+00 2.24554040e-01 0.00000000e+00
 1.28016789e-01 0.00000000e+00 1.03043022e-01 1.71038825e-01
 0.00000000e+00 6.93599161e-02 1.11227702e-01 0.00000000e+00
 0.00000000e+00 8.36306401e-02 1.54249738e-01 0.00000000e+00
 0.00000000e+00 4.28121721e-01 4.48058762e-02 0.00000000e+00
 0.00000000e+00 1.22770199e-03 2.43441763e-01 0.00000000e+00
 4.19727177e-02 3.27387198e-01 1.80482686e-02 1.81532004e-02
 1.79433368e-01 1.07030430e-01 2.67576076e-02 4.06086044e-03
 0.00000000e+00 0.00000000e+00 2.37145855e-01 0.00000000e+00
 3.86149003e-01 0.00000000e+00 7.16684155e-02 0.00000000e+00
 0.00000000e+00 1.99370409e-01 1.83630640e-01 0.00000000e+00
 5.52990556e-02 5.72927597e-02 8.42602308e-02 0.00000000e+00
 0.00000000e+00 0.00000000e+00 0.00000000e+00 0.00000000e+00
 0.00000000e+00 4.17628541e-02 2.22455404e-01 0.00000000e+00
 1.18572928e-01 2.19307450e-02 0.00000000e+00 1.92025184e-02
 5.62434418e-02 2.83315845e-01 1.74186779e-01 0.00000000e+00
 8.68835257e-03 0.00000000e+00 1.15424974e-01 2.89611752e-01
 0.00000000e+00 0.00000000e+00 5.96012592e-02 0.00000000e+00
 2.24554040e-01 9.02413431e-02 0.00000000e+00 0.00000000e+00
 1.28016789e-02 2.10912907e-01 7.84889822e-02 0.00000000e+00
 1.47953830e-01 1.42707240e-01 2.39244491e-01 0.00000000e+00
 0.00000000e+00 0.00000000e+00 0.00000000e+00 0.00000000e+00
 1.35362015e-01 0.00000000e+00 2.44491081e-01 2.05666317e-01
 3.63064008e-02 0.00000000e+00 2.10912907e-01 8.57292760e-02
 0.00000000e+00 9.83210913e-03 2.02518363e-02 3.30535152e-02
 0.00000000e+00 1.08079748e-01 1.50052466e-01 2.32948583e-02
 2.26652676e-01 0.00000000e+00 0.00000000e+00 0.00000000e+00
 3.95592865e-02 1.55299056e-01 3.48373557e-01 7.59706191e-02
 2.74921301e-01 7.91185729e-04 6.94648478e-02 1.08079748e-01
 0.00000000e+00 1.67890871e-01 0.00000000e+00 1.53200420e-01
 0.00000000e+00 0.00000000e+00 3.22140609e-01 8.65687303e-02
 1.32214061e-01 2.25603358e-02 1.89926548e-01 0.00000000e+00
 3.35781742e-02 0.00000000e+00 4.82686254e-02 0.00000000e+00
 6.88352571e-02 4.49108080e-02 1.04931794e-01 0.00000000e+00
 0.00000000e+00 0.00000000e+00 0.00000000e+00 0.00000000e+00]
pyseer
y_true:  [0. 0. 0. 0. 0. 0. 0. 0. 0. 0. 1. 1. 1. 1. 1. 0. 0. 0. 0. 0. 0. 0. 0. 0.
 0. 1. 1. 1. 1. 1. 1. 1. 1. 1. 1. 1. 1. 1. 1. 1. 0. 0. 0. 0. 0. 1. 1. 1.
 1. 1. 0. 0. 0. 0. 0. 0. 0. 0. 0. 0. 0. 0. 0. 0. 0. 0. 0. 0. 0. 0. 0. 0.
 0. 0. 0. 0. 0. 0. 0. 0. 0. 0. 0. 0. 0. 0. 0. 0. 0. 0. 0. 0. 0. 0. 0. 0.
 0. 0. 0. 0. 0. 0. 0. 0. 0. 0. 0. 0. 0. 0. 0. 0. 0. 0. 0. 0. 0. 0. 0. 0.
 0. 0. 0. 0. 0. 0. 0. 0. 0. 0. 0. 0. 0. 0. 0. 0. 0. 0. 0. 0. 0. 0. 0. 0.
 0. 0. 0. 0. 0. 0. 0. 0. 0. 0. 0. 0. 0. 0. 0. 0. 0. 0. 0. 0. 0. 0. 0. 0.
 0. 0. 0. 0. 0. 0. 0. 0. 0. 0. 0. 0. 0. 0. 0. 0. 0. 0. 0. 0. 0. 0. 0. 0.
 0. 0. 0. 0. 0. 0. 0. 0.]
y_pred:  [1. 0. 1. 1. 1. 1. 1. 0. 1. 1. 1. 1. 1. 1. 1. 1. 1. 1. 1. 1. 1. 1. 0. 1.
 0. 1. 1. 1. 1. 1. 1. 1. 1. 1. 1. 1. 1. 0. 1. 1. 1. 0. 1. 0. 1. 1. 1. 1.
 0. 1. 0. 0. 0. 0. 0. 0. 0. 0. 1. 0. 0. 0. 1. 0. 0. 0. 0. 0. 0. 0. 0. 0.
 0. 0. 0. 0. 0. 1. 0. 0. 0. 0. 1. 0. 0. 1. 0. 0. 1. 0. 0. 0. 0. 0. 1. 0.
 1. 0. 0. 0. 0. 1. 1. 0. 0. 0. 0. 0. 0. 0. 0. 0. 0. 0. 1. 0. 0. 0. 0. 0.
 0. 1. 1. 0. 0. 0. 0. 1. 0. 0. 0. 0. 1. 0. 0. 0. 0. 1. 0. 0. 0. 0. 1. 0.
 0. 0. 0. 0. 0. 0. 1. 1. 0. 0. 1. 0. 0. 0. 0. 0. 0. 0. 0. 0. 1. 0. 0. 0.
 0. 0. 1. 0. 1. 0. 0. 0. 0. 0. 0. 0. 0. 0. 1. 0. 0. 0. 1. 0. 0. 0. 0. 0.
 0. 0. 0. 0. 0. 0. 0. 0.]
Time taken: 23.029109954833984 seconds
Running combination 43 of 50
Fitting RandomForest...
Fitting Adaboost...
Fitting AdaBoost_2...
Fitting et...
Fitting gbc...
Fitting gbc_2...
Fitting gbc_3...
Fitting dt...
Fitting lr...
Fitting Lasso_1...
Fitting Lasso_2...
Fitting Lasso_3...
Fitting Lasso_4...
Fitting elasticnet...
VCF file created successfully.
pyseer stderr:  Read 1000 phenotypes
Detected continuous phenotype
Reading all variants

0variants [00:00, ?variants/s]
53variants [00:00, 525.84variants/s]
106variants [00:00, 466.20variants/s]
161variants [00:00, 500.54variants/s]
198variants [00:00, 505.06variants/s]
Applying correlation filtering

  0%|          | 0/198 [00:00<?, ?variants/s]
100%|██████████| 198/198 [00:00<00:00, 2722.67variants/s]
Fitting elastic net to top 148 variants
Best penalty (lambda) from cross-validation: 3.47E+01
Best R^2 from cross-validation: 0.535
Finding and printing selected variants
198 loaded variants
50 pre-filtered variants
148 tested variants
140 printed variants

True importance standardized:  [0.97056199 0.97056199 0.97056199 0.97056199 0.97056199 0.5381108
 0.5381108  0.5381108  0.5381108  0.5381108  0.77644593 0.77644593
 0.77644593 0.77644593 0.77644593 0.46995701 0.46995701 0.46995701
 0.46995701 0.46995701 0.94641744 0.94641744 0.94641744 0.94641744
 0.94641744 0.60115513 0.60115513 0.60115513 0.60115513 0.60115513
 0.57247999 0.57247999 0.57247999 0.57247999 0.57247999 0.97042068
 0.97042068 0.97042068 0.97042068 0.97042068 1.         1.
 1.         1.         1.         0.31075233 0.31075233 0.31075233
 0.31075233 0.31075233 0.         0.         0.         0.
 0.         0.         0.         0.         0.         0.
 0.         0.         0.         0.         0.         0.
 0.         0.         0.         0.         0.         0.
 0.         0.         0.         0.         0.         0.
 0.         0.         0.         0.         0.         0.
 0.         0.         0.         0.         0.         0.
 0.         0.         0.         0.         0.         0.
 0.         0.         0.         0.         0.         0.
 0.         0.         0.         0.         0.         0.
 0.         0.         0.         0.         0.         0.
 0.         0.         0.         0.         0.         0.
 0.         0.         0.         0.         0.         0.
 0.         0.         0.         0.         0.         0.
 0.         0.         0.         0.         0.         0.
 0.         0.         0.         0.         0.         0.
 0.         0.         0.         0.         0.         0.
 0.         0.         0.         0.         0.         0.
 0.         0.         0.         0.         0.         0.
 0.         0.         0.         0.         0.         0.
 0.         0.         0.         0.         0.         0.
 0.         0.         0.         0.         0.         0.
 0.         0.         0.         0.         0.         0.
 0.         0.         0.         0.         0.         0.
 0.         0.         0.         0.         0.         0.
 0.         0.        ]
Normalized importance:  [1.         1.         1.         1.         1.         0.28304193
 0.28304193 0.28304193 0.28304193 0.28304193 0.28202324 0.28202324
 0.28202324 0.28202324 0.28202324 0.15794992 0.         0.
 0.         0.15794992 0.47100987 0.47100987 0.47100987 0.47100987
 0.47100987 0.1779978  0.1779978  0.1779978  0.         0.1779978
 0.43918113 0.43918113 0.43918113 0.43918113 0.43918113 0.86380624
 0.86380624 0.86380624 0.86380624 0.86380624 0.96390686 0.96390686
 0.96390686 0.96390686 0.96390686 0.07627809 0.07627809 0.07627809
 0.07627809 0.07627809 0.         0.         0.         0.
 0.         0.         0.         0.         0.         0.
 0.         0.         0.         0.         0.         0.
 0.         0.         0.         0.         0.         0.
 0.         0.02169739 0.         0.         0.         0.02607959
 0.         0.         0.         0.         0.         0.
 0.         0.         0.         0.         0.         0.
 0.         0.         0.         0.         0.         0.
 0.         0.         0.         0.         0.         0.
 0.         0.         0.         0.         0.         0.
 0.         0.         0.         0.         0.         0.
 0.         0.         0.         0.         0.         0.
 0.         0.         0.         0.         0.         0.
 0.         0.         0.         0.04640776 0.         0.
 0.         0.         0.         0.02537598 0.         0.
 0.         0.         0.         0.         0.         0.
 0.         0.         0.         0.         0.         0.
 0.         0.         0.         0.         0.         0.04904323
 0.         0.01686893 0.         0.         0.         0.
 0.         0.         0.         0.         0.         0.
 0.         0.         0.         0.         0.         0.
 0.         0.         0.         0.         0.         0.
 0.         0.         0.         0.         0.         0.
 0.         0.         0.         0.         0.         0.00586364
 0.         0.         0.         0.         0.         0.
 0.         0.        ]
deepbreaks
y_true:  [1. 1. 1. 1. 1. 0. 0. 0. 0. 0. 1. 1. 1. 1. 1. 0. 0. 0. 0. 0. 1. 1. 1. 1.
 1. 0. 0. 0. 0. 0. 0. 0. 0. 0. 0. 1. 1. 1. 1. 1. 1. 1. 1. 1. 1. 0. 0. 0.
 0. 0. 0. 0. 0. 0. 0. 0. 0. 0. 0. 0. 0. 0. 0. 0. 0. 0. 0. 0. 0. 0. 0. 0.
 0. 0. 0. 0. 0. 0. 0. 0. 0. 0. 0. 0. 0. 0. 0. 0. 0. 0. 0. 0. 0. 0. 0. 0.
 0. 0. 0. 0. 0. 0. 0. 0. 0. 0. 0. 0. 0. 0. 0. 0. 0. 0. 0. 0. 0. 0. 0. 0.
 0. 0. 0. 0. 0. 0. 0. 0. 0. 0. 0. 0. 0. 0. 0. 0. 0. 0. 0. 0. 0. 0. 0. 0.
 0. 0. 0. 0. 0. 0. 0. 0. 0. 0. 0. 0. 0. 0. 0. 0. 0. 0. 0. 0. 0. 0. 0. 0.
 0. 0. 0. 0. 0. 0. 0. 0. 0. 0. 0. 0. 0. 0. 0. 0. 0. 0. 0. 0. 0. 0. 0. 0.
 0. 0. 0. 0. 0. 0. 0. 0.]
y_pred:  [1. 1. 1. 1. 1. 1. 1. 1. 1. 1. 0. 0. 0. 0. 0. 0. 0. 0. 0. 0. 1. 1. 1. 1.
 1. 0. 0. 0. 0. 0. 1. 1. 1. 1. 1. 1. 1. 1. 1. 1. 1. 1. 1. 1. 1. 0. 0. 0.
 0. 0. 0. 0. 0. 0. 0. 0. 0. 0. 0. 0. 0. 0. 0. 0. 0. 0. 0. 0. 0. 0. 0. 0.
 0. 0. 0. 0. 0. 0. 0. 0. 0. 0. 0. 0. 0. 0. 0. 0. 0. 0. 0. 0. 0. 0. 0. 0.
 0. 0. 0. 0. 0. 0. 0. 0. 0. 0. 0. 0. 0. 0. 0. 0. 0. 0. 0. 0. 0. 0. 0. 0.
 0. 0. 0. 0. 0. 0. 0. 0. 0. 0. 0. 0. 0. 0. 0. 0. 0. 0. 0. 0. 0. 0. 0. 0.
 0. 0. 0. 0. 0. 0. 0. 0. 0. 0. 0. 0. 0. 0. 0. 0. 0. 0. 0. 0. 0. 0. 0. 0.
 0. 0. 0. 0. 0. 0. 0. 0. 0. 0. 0. 0. 0. 0. 0. 0. 0. 0. 0. 0. 0. 0. 0. 0.
 0. 0. 0. 0. 0. 0. 0. 0.]
Normalized importance:  [1.         0.37142857 0.26017316 0.4004329  0.45021645 0.45454545
 0.32813853 0.2974026  0.15974026 0.48051948 0.73160173 0.45021645
 0.22467532 0.14025974 0.         0.57142857 0.44155844 0.19090909
 0.00267965 0.08961039 0.74458874 0.61904762 0.13852814 0.45021645
 0.40952381 0.56277056 0.3038961  0.27922078 0.04588745 0.14199134
 0.55844156 0.0982684  0.15151515 0.31601732 0.1969697  0.9004329
 0.48484848 0.79220779 0.33333333 0.04588745 0.89177489 0.45021645
 0.42467532 0.69264069 0.51082251 0.27619048 0.22640693 0.21645022
 0.0961039  0.23463203 0.         0.         0.         0.29220779
 0.06277056 0.         0.         0.16709957 0.         0.
 0.19004329 0.23160173 0.24848485 0.         0.         0.1978355
 0.12683983 0.28051948 0.01558442 0.14155844 0.11558442 0.07748918
 0.03735931 0.32251082 0.00502165 0.         0.         0.23203463
 0.         0.         0.25064935 0.02411255 0.06233766 0.
 0.18398268 0.17662338 0.14329004 0.         0.04034632 0.19480519
 0.26450216 0.05584416 0.12813853 0.15584416 0.         0.14242424
 0.         0.195671   0.         0.17792208 0.22640693 0.
 0.         0.14588745 0.         0.         0.         0.27142857
 0.17922078 0.13203463 0.2038961  0.23896104 0.14588745 0.
 0.01164502 0.24761905 0.19220779 0.05238095 0.17922078 0.13593074
 0.04329004 0.12770563 0.28744589 0.28484848 0.28051948 0.
 0.07229437 0.05108225 0.         0.16796537 0.         0.
 0.         0.         0.15108225 0.12770563 0.05844156 0.
 0.20822511 0.         0.3030303  0.13722944 0.         0.
 0.         0.         0.11168831 0.05800866 0.         0.19350649
 0.40909091 0.         0.         0.         0.         0.22900433
 0.05324675 0.19437229 0.06233766 0.         0.25584416 0.15974026
 0.         0.         0.01471861 0.16666667 0.23203463 0.02588745
 0.01229437 0.12943723 0.         0.         0.13636364 0.
 0.06103896 0.         0.0952381  0.00917749 0.         0.
 0.16017316 0.         0.         0.00384416 0.04805195 0.21904762
 0.         0.20995671 0.         0.         0.12034632 0.20519481
 0.17359307 0.17229437 0.06017316 0.         0.         0.03008658
 0.         0.        ]
pyseer
y_true:  [1. 1. 1. 1. 1. 0. 0. 0. 0. 0. 1. 1. 1. 1. 1. 0. 0. 0. 0. 0. 1. 1. 1. 1.
 1. 0. 0. 0. 0. 0. 0. 0. 0. 0. 0. 1. 1. 1. 1. 1. 1. 1. 1. 1. 1. 0. 0. 0.
 0. 0. 0. 0. 0. 0. 0. 0. 0. 0. 0. 0. 0. 0. 0. 0. 0. 0. 0. 0. 0. 0. 0. 0.
 0. 0. 0. 0. 0. 0. 0. 0. 0. 0. 0. 0. 0. 0. 0. 0. 0. 0. 0. 0. 0. 0. 0. 0.
 0. 0. 0. 0. 0. 0. 0. 0. 0. 0. 0. 0. 0. 0. 0. 0. 0. 0. 0. 0. 0. 0. 0. 0.
 0. 0. 0. 0. 0. 0. 0. 0. 0. 0. 0. 0. 0. 0. 0. 0. 0. 0. 0. 0. 0. 0. 0. 0.
 0. 0. 0. 0. 0. 0. 0. 0. 0. 0. 0. 0. 0. 0. 0. 0. 0. 0. 0. 0. 0. 0. 0. 0.
 0. 0. 0. 0. 0. 0. 0. 0. 0. 0. 0. 0. 0. 0. 0. 0. 0. 0. 0. 0. 0. 0. 0. 0.
 0. 0. 0. 0. 0. 0. 0. 0.]
y_pred:  [1. 1. 1. 1. 1. 1. 1. 1. 0. 1. 1. 1. 1. 0. 0. 1. 1. 1. 0. 0. 1. 1. 0. 1.
 1. 1. 1. 1. 0. 0. 1. 0. 0. 1. 1. 1. 1. 1. 1. 0. 1. 1. 1. 1. 1. 1. 1. 1.
 0. 1. 0. 0. 0. 1. 0. 0. 0. 0. 0. 0. 1. 1. 1. 0. 0. 1. 0. 1. 0. 0. 0. 0.
 0. 1. 0. 0. 0. 1. 0. 0. 1. 0. 0. 0. 0. 0. 0. 0. 0. 1. 1. 0. 0. 0. 0. 0.
 0. 1. 0. 0. 1. 0. 0. 0. 0. 0. 0. 1. 0. 0. 1. 1. 0. 0. 0. 1. 1. 0. 0. 0.
 0. 0. 1. 1. 1. 0. 0. 0. 0. 0. 0. 0. 0. 0. 0. 0. 0. 0. 1. 0. 1. 0. 0. 0.
 0. 0. 0. 0. 0. 1. 1. 0. 0. 0. 0. 1. 0. 1. 0. 0. 1. 0. 0. 0. 0. 0. 1. 0.
 0. 0. 0. 0. 0. 0. 0. 0. 0. 0. 0. 0. 0. 0. 0. 0. 0. 1. 0. 1. 0. 0. 0. 1.
 0. 0. 0. 0. 0. 0. 0. 0.]
Time taken: 23.4203097820282 seconds
Running combination 44 of 50
Fitting RandomForest...
Fitting Adaboost...
Fitting AdaBoost_2...
Fitting et...
Fitting gbc...
Fitting gbc_2...
Fitting gbc_3...
Fitting dt...
Fitting lr...
Fitting Lasso_1...
Fitting Lasso_2...
Fitting Lasso_3...
Fitting Lasso_4...
Fitting elasticnet...
VCF file created successfully.
pyseer stderr:  Read 1000 phenotypes
Detected continuous phenotype
Reading all variants

0variants [00:00, ?variants/s]
54variants [00:00, 536.57variants/s]
108variants [00:00, 471.58variants/s]
164variants [00:00, 507.13variants/s]
198variants [00:00, 511.68variants/s]
Applying correlation filtering

  0%|          | 0/198 [00:00<?, ?variants/s]
100%|██████████| 198/198 [00:00<00:00, 2710.13variants/s]
Fitting elastic net to top 148 variants
Best penalty (lambda) from cross-validation: 1.65E+01
Best R^2 from cross-validation: 0.507
Finding and printing selected variants
198 loaded variants
50 pre-filtered variants
148 tested variants
138 printed variants

True importance standardized:  [0.57880382 0.57880382 0.57880382 0.57880382 0.57880382 0.74637209
 0.74637209 0.74637209 0.74637209 0.74637209 0.40225772 0.40225772
 0.40225772 0.40225772 0.40225772 0.70039078 0.70039078 0.70039078
 0.70039078 0.70039078 0.34478582 0.34478582 0.34478582 0.34478582
 0.34478582 0.51905076 0.51905076 0.51905076 0.51905076 0.51905076
 0.5074913  0.5074913  0.5074913  0.5074913  0.5074913  0.13951924
 0.13951924 0.13951924 0.13951924 0.13951924 1.         1.
 1.         1.         1.         0.82248644 0.82248644 0.82248644
 0.82248644 0.82248644 0.         0.         0.         0.
 0.         0.         0.         0.         0.         0.
 0.         0.         0.         0.         0.         0.
 0.         0.         0.         0.         0.         0.
 0.         0.         0.         0.         0.         0.
 0.         0.         0.         0.         0.         0.
 0.         0.         0.         0.         0.         0.
 0.         0.         0.         0.         0.         0.
 0.         0.         0.         0.         0.         0.
 0.         0.         0.         0.         0.         0.
 0.         0.         0.         0.         0.         0.
 0.         0.         0.         0.         0.         0.
 0.         0.         0.         0.         0.         0.
 0.         0.         0.         0.         0.         0.
 0.         0.         0.         0.         0.         0.
 0.         0.         0.         0.         0.         0.
 0.         0.         0.         0.         0.         0.
 0.         0.         0.         0.         0.         0.
 0.         0.         0.         0.         0.         0.
 0.         0.         0.         0.         0.         0.
 0.         0.         0.         0.         0.         0.
 0.         0.         0.         0.         0.         0.
 0.         0.         0.         0.         0.         0.
 0.         0.         0.         0.         0.         0.
 0.         0.         0.         0.         0.         0.
 0.         0.        ]
Normalized importance:  [0.19113503 0.19113503 0.19113503 0.19113503 0.19113503 0.58250666
 0.58250666 0.58250666 0.58250666 0.58250666 0.06518139 0.06518139
 0.06518139 0.06518139 0.06518139 0.62418948 0.62418948 0.62418948
 0.62418948 0.62418948 0.08259793 0.08259793 0.         0.08259793
 0.08259793 0.56100286 0.56100286 0.56100286 0.56100286 0.56100286
 0.39138382 0.39138382 0.39138382 0.39138382 0.39138382 0.01417704
 0.01417704 0.01417704 0.01417704 0.         1.         1.
 1.         1.         1.         0.64886018 0.64886018 0.64886018
 0.64886018 0.64886018 0.         0.         0.02113971 0.
 0.         0.         0.         0.         0.         0.
 0.         0.         0.         0.         0.         0.
 0.         0.         0.         0.         0.         0.
 0.         0.         0.         0.         0.         0.
 0.         0.         0.         0.         0.         0.
 0.         0.         0.         0.03557258 0.         0.
 0.01503003 0.         0.         0.         0.         0.
 0.         0.         0.02552392 0.         0.         0.
 0.         0.         0.         0.02664799 0.         0.
 0.         0.         0.         0.         0.         0.042357
 0.         0.         0.         0.         0.         0.
 0.         0.         0.         0.         0.         0.
 0.         0.         0.         0.         0.         0.03490773
 0.         0.         0.         0.         0.         0.
 0.         0.         0.         0.         0.         0.
 0.         0.         0.         0.         0.         0.03141149
 0.         0.         0.         0.         0.         0.
 0.         0.         0.         0.01540131 0.01470519 0.
 0.         0.         0.         0.         0.         0.
 0.         0.         0.         0.         0.         0.
 0.         0.         0.         0.         0.         0.
 0.         0.         0.         0.         0.         0.
 0.         0.         0.         0.         0.         0.
 0.         0.         0.         0.         0.         0.
 0.         0.        ]
deepbreaks
y_true:  [1. 1. 1. 1. 1. 1. 1. 1. 1. 1. 0. 0. 0. 0. 0. 1. 1. 1. 1. 1. 0. 0. 0. 0.
 0. 0. 0. 0. 0. 0. 0. 0. 0. 0. 0. 0. 0. 0. 0. 0. 1. 1. 1. 1. 1. 1. 1. 1.
 1. 1. 0. 0. 0. 0. 0. 0. 0. 0. 0. 0. 0. 0. 0. 0. 0. 0. 0. 0. 0. 0. 0. 0.
 0. 0. 0. 0. 0. 0. 0. 0. 0. 0. 0. 0. 0. 0. 0. 0. 0. 0. 0. 0. 0. 0. 0. 0.
 0. 0. 0. 0. 0. 0. 0. 0. 0. 0. 0. 0. 0. 0. 0. 0. 0. 0. 0. 0. 0. 0. 0. 0.
 0. 0. 0. 0. 0. 0. 0. 0. 0. 0. 0. 0. 0. 0. 0. 0. 0. 0. 0. 0. 0. 0. 0. 0.
 0. 0. 0. 0. 0. 0. 0. 0. 0. 0. 0. 0. 0. 0. 0. 0. 0. 0. 0. 0. 0. 0. 0. 0.
 0. 0. 0. 0. 0. 0. 0. 0. 0. 0. 0. 0. 0. 0. 0. 0. 0. 0. 0. 0. 0. 0. 0. 0.
 0. 0. 0. 0. 0. 0. 0. 0.]
y_pred:  [0. 0. 0. 0. 0. 1. 1. 1. 1. 1. 0. 0. 0. 0. 0. 1. 1. 1. 1. 1. 0. 0. 0. 0.
 0. 1. 1. 1. 1. 1. 1. 1. 1. 1. 1. 0. 0. 0. 0. 0. 1. 1. 1. 1. 1. 1. 1. 1.
 1. 1. 0. 0. 0. 0. 0. 0. 0. 0. 0. 0. 0. 0. 0. 0. 0. 0. 0. 0. 0. 0. 0. 0.
 0. 0. 0. 0. 0. 0. 0. 0. 0. 0. 0. 0. 0. 0. 0. 0. 0. 0. 0. 0. 0. 0. 0. 0.
 0. 0. 0. 0. 0. 0. 0. 0. 0. 0. 0. 0. 0. 0. 0. 0. 0. 0. 0. 0. 0. 0. 0. 0.
 0. 0. 0. 0. 0. 0. 0. 0. 0. 0. 0. 0. 0. 0. 0. 0. 0. 0. 0. 0. 0. 0. 0. 0.
 0. 0. 0. 0. 0. 0. 0. 0. 0. 0. 0. 0. 0. 0. 0. 0. 0. 0. 0. 0. 0. 0. 0. 0.
 0. 0. 0. 0. 0. 0. 0. 0. 0. 0. 0. 0. 0. 0. 0. 0. 0. 0. 0. 0. 0. 0. 0. 0.
 0. 0. 0. 0. 0. 0. 0. 0.]
Normalized importance:  [0.63602015 0.11183879 0.24685139 0.2115869  0.42065491 0.9559194
 0.56675063 0.41813602 0.06687657 0.29974811 0.46347607 0.24055416
 0.0627204  0.34382872 0.03916877 0.97103275 0.38413098 0.55415617
 0.03413098 0.39672544 0.53400504 0.18513854 0.1675063  0.
 0.13476071 0.71032746 0.43073048 0.22418136 0.27329975 0.31360202
 0.61209068 0.48866499 0.18261965 0.03098237 0.2884131  0.10944584
 0.14609572 0.22418136 0.24055416 0.14861461 1.         0.7884131
 0.42821159 0.54282116 0.15617128 0.99622166 0.0593199  0.32619647
 0.66876574 0.68891688 0.13602015 0.         0.23677582 0.14357683
 0.06083123 0.21914358 0.13350126 0.03664987 0.         0.29596977
 0.12241814 0.         0.         0.02027708 0.         0.11901763
 0.06221662 0.20151134 0.05780856 0.         0.1511335  0.
 0.19521411 0.06813602 0.22921914 0.         0.10516373 0.08375315
 0.         0.03627204 0.04130982 0.         0.         0.
 0.06108312 0.12405542 0.16498741 0.38664987 0.         0.2115869
 0.18891688 0.09534005 0.26322418 0.07544081 0.         0.
 0.         0.20025189 0.36901763 0.         0.         0.
 0.05944584 0.11586902 0.         0.21032746 0.25188917 0.25440806
 0.04710327 0.28085642 0.         0.         0.05717884 0.31989924
 0.         0.15239295 0.         0.11095718 0.         0.07556675
 0.08450882 0.         0.         0.         0.         0.16120907
 0.07670025 0.04596977 0.10994962 0.22544081 0.         0.28085642
 0.         0.1011335  0.         0.11738035 0.         0.09710327
 0.23551637 0.         0.         0.14861461 0.         0.
 0.04319899 0.         0.11826196 0.         0.08425693 0.20654912
 0.20151134 0.20025189 0.1372796  0.14735516 0.         0.11826196
 0.         0.01549118 0.12380353 0.24937028 0.09332494 0.
 0.         0.13979849 0.23551637 0.16498741 0.33879093 0.
 0.00853904 0.         0.10717884 0.         0.         0.
 0.         0.21284635 0.         0.         0.14861461 0.
 0.         0.06372796 0.21284635 0.1813602  0.         0.12166247
 0.         0.16120907 0.04861461 0.16372796 0.         0.01011335
 0.13350126 0.07392947 0.15743073 0.         0.         0.
 0.         0.        ]
pyseer
y_true:  [1. 1. 1. 1. 1. 1. 1. 1. 1. 1. 0. 0. 0. 0. 0. 1. 1. 1. 1. 1. 0. 0. 0. 0.
 0. 0. 0. 0. 0. 0. 0. 0. 0. 0. 0. 0. 0. 0. 0. 0. 1. 1. 1. 1. 1. 1. 1. 1.
 1. 1. 0. 0. 0. 0. 0. 0. 0. 0. 0. 0. 0. 0. 0. 0. 0. 0. 0. 0. 0. 0. 0. 0.
 0. 0. 0. 0. 0. 0. 0. 0. 0. 0. 0. 0. 0. 0. 0. 0. 0. 0. 0. 0. 0. 0. 0. 0.
 0. 0. 0. 0. 0. 0. 0. 0. 0. 0. 0. 0. 0. 0. 0. 0. 0. 0. 0. 0. 0. 0. 0. 0.
 0. 0. 0. 0. 0. 0. 0. 0. 0. 0. 0. 0. 0. 0. 0. 0. 0. 0. 0. 0. 0. 0. 0. 0.
 0. 0. 0. 0. 0. 0. 0. 0. 0. 0. 0. 0. 0. 0. 0. 0. 0. 0. 0. 0. 0. 0. 0. 0.
 0. 0. 0. 0. 0. 0. 0. 0. 0. 0. 0. 0. 0. 0. 0. 0. 0. 0. 0. 0. 0. 0. 0. 0.
 0. 0. 0. 0. 0. 0. 0. 0.]
y_pred:  [1. 0. 1. 1. 1. 1. 1. 1. 0. 1. 1. 1. 0. 1. 0. 1. 1. 1. 0. 1. 1. 1. 1. 0.
 0. 1. 1. 1. 1. 1. 1. 1. 1. 0. 1. 0. 0. 1. 1. 0. 1. 1. 1. 1. 0. 1. 0. 1.
 1. 1. 0. 0. 1. 0. 0. 1. 0. 0. 0. 1. 0. 0. 0. 0. 0. 0. 0. 1. 0. 0. 0. 0.
 1. 0. 1. 0. 0. 0. 0. 0. 0. 0. 0. 0. 0. 0. 1. 1. 0. 1. 1. 0. 1. 0. 0. 0.
 0. 1. 1. 0. 0. 0. 0. 0. 0. 1. 1. 1. 0. 1. 0. 0. 0. 1. 0. 0. 0. 0. 0. 0.
 0. 0. 0. 0. 0. 0. 0. 0. 0. 1. 0. 1. 0. 0. 0. 0. 0. 0. 1. 0. 0. 0. 0. 0.
 0. 0. 0. 0. 0. 1. 1. 1. 0. 0. 0. 0. 0. 0. 0. 1. 0. 0. 0. 0. 1. 1. 1. 0.
 0. 0. 0. 0. 0. 0. 0. 1. 0. 0. 0. 0. 0. 0. 1. 1. 0. 0. 0. 0. 0. 1. 0. 0.
 0. 0. 0. 0. 0. 0. 0. 0.]
Time taken: 31.644054174423218 seconds
Running combination 45 of 50
Fitting RandomForest...
Fitting Adaboost...
Fitting AdaBoost_2...
Fitting et...
Fitting gbc...
Fitting gbc_2...
Fitting gbc_3...
Fitting dt...
Fitting lr...
Fitting Lasso_1...
Fitting Lasso_2...
Fitting Lasso_3...
Fitting Lasso_4...
Fitting elasticnet...
VCF file created successfully.
pyseer stderr:  Read 1000 phenotypes
Detected continuous phenotype
Reading all variants

0variants [00:00, ?variants/s]
55variants [00:00, 540.04variants/s]
110variants [00:00, 476.88variants/s]
166variants [00:00, 511.60variants/s]
198variants [00:00, 515.09variants/s]
Applying correlation filtering

  0%|          | 0/198 [00:00<?, ?variants/s]
100%|██████████| 198/198 [00:00<00:00, 2732.83variants/s]
Fitting elastic net to top 148 variants
Best penalty (lambda) from cross-validation: 1.21E+01
Best R^2 from cross-validation: 0.538
Finding and printing selected variants
198 loaded variants
50 pre-filtered variants
148 tested variants
135 printed variants

True importance standardized:  [0.21341999 0.21341999 0.21341999 0.21341999 0.21341999 1.
 1.         1.         1.         1.         0.83331776 0.83331776
 0.83331776 0.83331776 0.83331776 0.89055784 0.89055784 0.89055784
 0.89055784 0.89055784 0.23710638 0.23710638 0.23710638 0.23710638
 0.23710638 0.80801175 0.80801175 0.80801175 0.80801175 0.80801175
 0.28223068 0.28223068 0.28223068 0.28223068 0.28223068 0.81084656
 0.81084656 0.81084656 0.81084656 0.81084656 0.61399557 0.61399557
 0.61399557 0.61399557 0.61399557 0.24685511 0.24685511 0.24685511
 0.24685511 0.24685511 0.         0.         0.         0.
 0.         0.         0.         0.         0.         0.
 0.         0.         0.         0.         0.         0.
 0.         0.         0.         0.         0.         0.
 0.         0.         0.         0.         0.         0.
 0.         0.         0.         0.         0.         0.
 0.         0.         0.         0.         0.         0.
 0.         0.         0.         0.         0.         0.
 0.         0.         0.         0.         0.         0.
 0.         0.         0.         0.         0.         0.
 0.         0.         0.         0.         0.         0.
 0.         0.         0.         0.         0.         0.
 0.         0.         0.         0.         0.         0.
 0.         0.         0.         0.         0.         0.
 0.         0.         0.         0.         0.         0.
 0.         0.         0.         0.         0.         0.
 0.         0.         0.         0.         0.         0.
 0.         0.         0.         0.         0.         0.
 0.         0.         0.         0.         0.         0.
 0.         0.         0.         0.         0.         0.
 0.         0.         0.         0.         0.         0.
 0.         0.         0.         0.         0.         0.
 0.         0.         0.         0.         0.         0.
 0.         0.         0.         0.         0.         0.
 0.         0.         0.         0.         0.         0.
 0.         0.        ]
Normalized importance:  [0.         0.         0.         0.02925159 0.         1.
 1.         1.         1.         1.         0.56390886 0.56390886
 0.56390886 0.56390886 0.56390886 0.90646807 0.90646807 0.90646807
 0.90646807 0.90646807 0.02918928 0.02918928 0.         0.02918928
 0.         0.62597268 0.62597268 0.62597268 0.62597268 0.62597268
 0.05283683 0.         0.         0.05283683 0.05283683 0.62305652
 0.62305652 0.62305652 0.62305652 0.62305652 0.23392099 0.23392099
 0.23392099 0.23392099 0.23392099 0.09729465 0.         0.
 0.09729465 0.09729465 0.         0.01738426 0.         0.
 0.         0.         0.         0.         0.         0.
 0.         0.         0.01141029 0.         0.         0.
 0.         0.         0.         0.         0.         0.
 0.         0.         0.         0.         0.01138239 0.
 0.         0.         0.         0.         0.         0.
 0.         0.         0.         0.         0.         0.
 0.         0.         0.         0.01832803 0.         0.
 0.         0.         0.         0.         0.         0.
 0.         0.         0.         0.         0.         0.
 0.         0.         0.         0.         0.         0.
 0.0266274  0.         0.         0.0215112  0.         0.
 0.         0.         0.         0.         0.         0.
 0.         0.00762753 0.         0.         0.01137    0.02565765
 0.         0.         0.         0.         0.         0.
 0.         0.         0.         0.         0.03226036 0.
 0.         0.         0.         0.         0.         0.
 0.         0.         0.         0.         0.         0.
 0.         0.         0.         0.         0.         0.
 0.         0.         0.         0.         0.         0.
 0.         0.         0.         0.         0.         0.
 0.         0.         0.         0.         0.         0.
 0.         0.         0.         0.         0.         0.
 0.         0.         0.         0.         0.         0.
 0.         0.         0.         0.         0.         0.
 0.         0.        ]
deepbreaks
y_true:  [0. 0. 0. 0. 0. 1. 1. 1. 1. 1. 1. 1. 1. 1. 1. 1. 1. 1. 1. 1. 0. 0. 0. 0.
 0. 1. 1. 1. 1. 1. 0. 0. 0. 0. 0. 1. 1. 1. 1. 1. 0. 0. 0. 0. 0. 0. 0. 0.
 0. 0. 0. 0. 0. 0. 0. 0. 0. 0. 0. 0. 0. 0. 0. 0. 0. 0. 0. 0. 0. 0. 0. 0.
 0. 0. 0. 0. 0. 0. 0. 0. 0. 0. 0. 0. 0. 0. 0. 0. 0. 0. 0. 0. 0. 0. 0. 0.
 0. 0. 0. 0. 0. 0. 0. 0. 0. 0. 0. 0. 0. 0. 0. 0. 0. 0. 0. 0. 0. 0. 0. 0.
 0. 0. 0. 0. 0. 0. 0. 0. 0. 0. 0. 0. 0. 0. 0. 0. 0. 0. 0. 0. 0. 0. 0. 0.
 0. 0. 0. 0. 0. 0. 0. 0. 0. 0. 0. 0. 0. 0. 0. 0. 0. 0. 0. 0. 0. 0. 0. 0.
 0. 0. 0. 0. 0. 0. 0. 0. 0. 0. 0. 0. 0. 0. 0. 0. 0. 0. 0. 0. 0. 0. 0. 0.
 0. 0. 0. 0. 0. 0. 0. 0.]
y_pred:  [0. 0. 0. 0. 0. 1. 1. 1. 1. 1. 1. 1. 1. 1. 1. 1. 1. 1. 1. 1. 0. 0. 0. 0.
 0. 1. 1. 1. 1. 1. 0. 0. 0. 0. 0. 1. 1. 1. 1. 1. 0. 0. 0. 0. 0. 0. 0. 0.
 0. 0. 0. 0. 0. 0. 0. 0. 0. 0. 0. 0. 0. 0. 0. 0. 0. 0. 0. 0. 0. 0. 0. 0.
 0. 0. 0. 0. 0. 0. 0. 0. 0. 0. 0. 0. 0. 0. 0. 0. 0. 0. 0. 0. 0. 0. 0. 0.
 0. 0. 0. 0. 0. 0. 0. 0. 0. 0. 0. 0. 0. 0. 0. 0. 0. 0. 0. 0. 0. 0. 0. 0.
 0. 0. 0. 0. 0. 0. 0. 0. 0. 0. 0. 0. 0. 0. 0. 0. 0. 0. 0. 0. 0. 0. 0. 0.
 0. 0. 0. 0. 0. 0. 0. 0. 0. 0. 0. 0. 0. 0. 0. 0. 0. 0. 0. 0. 0. 0. 0. 0.
 0. 0. 0. 0. 0. 0. 0. 0. 0. 0. 0. 0. 0. 0. 0. 0. 0. 0. 0. 0. 0. 0. 0. 0.
 0. 0. 0. 0. 0. 0. 0. 0.]
Normalized importance:  [1.00125156e-01 9.04881101e-02 3.87984981e-02 2.29036295e-01
 1.66458073e-01 9.77471840e-01 1.08635795e-01 4.50563204e-01
 4.63078849e-01 6.68335419e-01 6.30788486e-01 3.80475594e-01
 3.10387985e-01 4.16770964e-01 2.09011264e-01 1.00000000e+00
 4.15519399e-01 1.61451815e-01 3.86733417e-01 3.11639549e-01
 2.54067584e-01 1.75219024e-01 9.84981227e-03 1.68961202e-01
 7.90988736e-02 8.18523154e-01 3.16645807e-01 2.06508135e-01
 3.86733417e-01 2.71589487e-01 4.25531915e-01 1.06257822e-02
 1.30162703e-03 8.96120150e-02 2.07759700e-01 8.06007509e-01
 3.41677096e-01 7.03379224e-02 4.14267835e-01 2.95369212e-01
 4.28035044e-01 2.37797247e-01 2.61576971e-01 1.04130163e-01
 5.15644556e-01 1.19399249e-01 0.00000000e+00 5.05632040e-02
 3.90488110e-01 1.01877347e-01 6.60826033e-02 2.11514393e-01
 1.46433041e-01 1.58948686e-01 0.00000000e+00 0.00000000e+00
 0.00000000e+00 9.52440551e-03 4.78097622e-02 0.00000000e+00
 2.16520651e-01 6.53316646e-02 1.88986233e-01 9.18648310e-02
 1.42678348e-01 0.00000000e+00 0.00000000e+00 1.15143930e-01
 0.00000000e+00 6.18272841e-02 0.00000000e+00 1.43929912e-01
 2.82853567e-02 0.00000000e+00 0.00000000e+00 7.73466834e-02
 1.43929912e-01 0.00000000e+00 0.00000000e+00 1.37672090e-02
 0.00000000e+00 1.30162703e-01 9.02377972e-02 0.00000000e+00
 0.00000000e+00 0.00000000e+00 0.00000000e+00 0.00000000e+00
 1.21777222e-01 4.85607009e-02 1.97747184e-01 1.11389237e-01
 0.00000000e+00 0.00000000e+00 0.00000000e+00 9.91239049e-02
 0.00000000e+00 0.00000000e+00 9.69962453e-02 0.00000000e+00
 1.45181477e-01 1.26408010e-01 2.15269086e-02 1.92740926e-02
 0.00000000e+00 5.40675845e-02 1.20150188e-01 0.00000000e+00
 0.00000000e+00 7.99749687e-02 2.39048811e-02 0.00000000e+00
 5.10638298e-02 0.00000000e+00 4.48060075e-02 0.00000000e+00
 0.00000000e+00 1.65206508e-01 1.55193992e-01 0.00000000e+00
 4.63078849e-02 2.14017522e-01 0.00000000e+00 0.00000000e+00
 1.86483104e-01 0.00000000e+00 0.00000000e+00 2.05256571e-01
 1.70212766e-02 9.23654568e-02 1.06508135e-01 2.49061327e-01
 0.00000000e+00 2.47809762e-02 0.00000000e+00 1.03629537e-01
 5.94493116e-02 1.25156446e-01 7.60951189e-02 4.99374218e-02
 0.00000000e+00 1.30162703e-01 1.73967459e-01 1.51439299e-01
 1.41426783e-01 5.85732165e-02 5.45682103e-02 0.00000000e+00
 0.00000000e+00 0.00000000e+00 1.35168961e-02 6.70838548e-02
 5.35669587e-02 6.12015019e-02 2.04005006e-02 0.00000000e+00
 1.75219024e-01 1.41426783e-01 4.16770964e-02 4.41802253e-02
 1.92740926e-02 0.00000000e+00 0.00000000e+00 0.00000000e+00
 0.00000000e+00 1.04255319e-01 3.46683354e-02 0.00000000e+00
 1.02127660e-01 0.00000000e+00 8.26032541e-02 6.05757196e-02
 0.00000000e+00 0.00000000e+00 4.80600751e-02 0.00000000e+00
 1.05381727e-01 1.72715895e-01 2.69086358e-01 0.00000000e+00
 3.92991239e-04 0.00000000e+00 7.47183980e-02 0.00000000e+00
 0.00000000e+00 5.06883605e-02 2.22778473e-01 1.80225282e-02
 0.00000000e+00 0.00000000e+00 0.00000000e+00 7.32165207e-02
 8.12265332e-02 1.73967459e-01 0.00000000e+00 0.00000000e+00
 1.33917397e-01 0.00000000e+00 0.00000000e+00 0.00000000e+00]
pyseer
y_true:  [0. 0. 0. 0. 0. 1. 1. 1. 1. 1. 1. 1. 1. 1. 1. 1. 1. 1. 1. 1. 0. 0. 0. 0.
 0. 1. 1. 1. 1. 1. 0. 0. 0. 0. 0. 1. 1. 1. 1. 1. 0. 0. 0. 0. 0. 0. 0. 0.
 0. 0. 0. 0. 0. 0. 0. 0. 0. 0. 0. 0. 0. 0. 0. 0. 0. 0. 0. 0. 0. 0. 0. 0.
 0. 0. 0. 0. 0. 0. 0. 0. 0. 0. 0. 0. 0. 0. 0. 0. 0. 0. 0. 0. 0. 0. 0. 0.
 0. 0. 0. 0. 0. 0. 0. 0. 0. 0. 0. 0. 0. 0. 0. 0. 0. 0. 0. 0. 0. 0. 0. 0.
 0. 0. 0. 0. 0. 0. 0. 0. 0. 0. 0. 0. 0. 0. 0. 0. 0. 0. 0. 0. 0. 0. 0. 0.
 0. 0. 0. 0. 0. 0. 0. 0. 0. 0. 0. 0. 0. 0. 0. 0. 0. 0. 0. 0. 0. 0. 0. 0.
 0. 0. 0. 0. 0. 0. 0. 0. 0. 0. 0. 0. 0. 0. 0. 0. 0. 0. 0. 0. 0. 0. 0. 0.
 0. 0. 0. 0. 0. 0. 0. 0.]
y_pred:  [0. 0. 0. 1. 1. 1. 0. 1. 1. 1. 1. 1. 1. 1. 1. 1. 1. 1. 1. 1. 1. 1. 0. 1.
 0. 1. 1. 1. 1. 1. 1. 0. 0. 0. 1. 1. 1. 0. 1. 1. 1. 1. 1. 0. 1. 1. 0. 0.
 1. 0. 0. 1. 1. 1. 0. 0. 0. 0. 0. 0. 1. 0. 1. 0. 1. 0. 0. 0. 0. 0. 0. 1.
 0. 0. 0. 0. 1. 0. 0. 0. 0. 1. 0. 0. 0. 0. 0. 0. 1. 0. 1. 0. 0. 0. 0. 0.
 0. 0. 0. 0. 1. 1. 0. 0. 0. 0. 1. 0. 0. 0. 0. 0. 0. 0. 0. 0. 0. 1. 1. 0.
 0. 1. 0. 0. 1. 0. 0. 1. 0. 0. 0. 1. 0. 0. 0. 0. 0. 1. 0. 0. 0. 1. 1. 1.
 1. 0. 0. 0. 0. 0. 0. 0. 0. 0. 0. 0. 1. 1. 0. 0. 0. 0. 0. 0. 0. 0. 0. 0.
 0. 0. 0. 0. 0. 0. 0. 0. 0. 1. 1. 0. 0. 0. 0. 0. 0. 0. 1. 0. 0. 0. 0. 0.
 0. 1. 0. 0. 1. 0. 0. 0.]
Time taken: 22.909526586532593 seconds
Running combination 46 of 50
Fitting RandomForest...
Fitting Adaboost...
Fitting AdaBoost_2...
Fitting et...
Fitting gbc...
Fitting gbc_2...
Fitting gbc_3...
Fitting dt...
Fitting lr...
Fitting Lasso_1...
Fitting Lasso_2...
Fitting Lasso_3...
Fitting Lasso_4...
Fitting elasticnet...
VCF file created successfully.
pyseer stderr:  Read 1000 phenotypes
Detected continuous phenotype
Reading all variants

0variants [00:00, ?variants/s]
53variants [00:00, 524.87variants/s]
106variants [00:00, 463.95variants/s]
161variants [00:00, 498.09variants/s]
198variants [00:00, 502.89variants/s]
Applying correlation filtering

  0%|          | 0/198 [00:00<?, ?variants/s]
100%|██████████| 198/198 [00:00<00:00, 2647.68variants/s]
Fitting elastic net to top 148 variants
Best penalty (lambda) from cross-validation: 1.57E+01
Best R^2 from cross-validation: 0.490
Finding and printing selected variants
198 loaded variants
50 pre-filtered variants
148 tested variants
134 printed variants

True importance standardized:  [0.30609558 0.30609558 0.30609558 0.30609558 0.30609558 0.3355271
 0.3355271  0.3355271  0.3355271  0.3355271  0.16073453 0.16073453
 0.16073453 0.16073453 0.16073453 0.16033398 0.16033398 0.16033398
 0.16033398 0.16033398 0.72597222 0.72597222 0.72597222 0.72597222
 0.72597222 0.93718563 0.93718563 0.93718563 0.93718563 0.93718563
 1.         1.         1.         1.         1.         0.22843644
 0.22843644 0.22843644 0.22843644 0.22843644 0.80368963 0.80368963
 0.80368963 0.80368963 0.80368963 0.69955658 0.69955658 0.69955658
 0.69955658 0.69955658 0.         0.         0.         0.
 0.         0.         0.         0.         0.         0.
 0.         0.         0.         0.         0.         0.
 0.         0.         0.         0.         0.         0.
 0.         0.         0.         0.         0.         0.
 0.         0.         0.         0.         0.         0.
 0.         0.         0.         0.         0.         0.
 0.         0.         0.         0.         0.         0.
 0.         0.         0.         0.         0.         0.
 0.         0.         0.         0.         0.         0.
 0.         0.         0.         0.         0.         0.
 0.         0.         0.         0.         0.         0.
 0.         0.         0.         0.         0.         0.
 0.         0.         0.         0.         0.         0.
 0.         0.         0.         0.         0.         0.
 0.         0.         0.         0.         0.         0.
 0.         0.         0.         0.         0.         0.
 0.         0.         0.         0.         0.         0.
 0.         0.         0.         0.         0.         0.
 0.         0.         0.         0.         0.         0.
 0.         0.         0.         0.         0.         0.
 0.         0.         0.         0.         0.         0.
 0.         0.         0.         0.         0.         0.
 0.         0.         0.         0.         0.         0.
 0.         0.         0.         0.         0.         0.
 0.         0.        ]
Normalized importance:  [0.05159143 0.05159143 0.05159143 0.         0.         0.07585153
 0.07585153 0.         0.07585153 0.07585153 0.         0.
 0.         0.         0.         0.         0.         0.05120691
 0.         0.         0.57154683 0.57154683 0.57154683 0.57154683
 0.57154683 0.70193445 0.70193445 0.70193445 0.70193445 0.70193445
 0.96636576 0.96636576 0.96636576 0.96636576 0.96636576 0.14502766
 0.14502766 0.14502766 0.14502766 0.14502766 1.         1.
 1.         1.         1.         0.44195004 0.44195004 0.44195004
 0.44195004 0.44195004 0.         0.         0.         0.
 0.         0.         0.         0.         0.         0.
 0.         0.         0.         0.         0.         0.
 0.         0.         0.         0.         0.01733556 0.
 0.         0.         0.         0.         0.         0.
 0.         0.         0.         0.         0.         0.
 0.         0.         0.         0.         0.         0.
 0.         0.         0.         0.         0.         0.
 0.         0.         0.         0.         0.         0.
 0.         0.         0.         0.         0.         0.
 0.         0.         0.         0.         0.         0.
 0.         0.         0.         0.         0.         0.
 0.         0.         0.         0.         0.         0.
 0.03228509 0.02907177 0.         0.         0.         0.
 0.         0.         0.         0.         0.         0.
 0.         0.         0.         0.         0.03435455 0.
 0.         0.         0.         0.         0.         0.
 0.         0.         0.         0.         0.         0.
 0.         0.         0.         0.         0.         0.
 0.         0.         0.         0.         0.         0.
 0.         0.         0.         0.         0.         0.03394022
 0.         0.         0.         0.         0.         0.
 0.         0.         0.         0.         0.         0.
 0.         0.         0.         0.         0.         0.
 0.         0.         0.         0.         0.         0.
 0.         0.        ]
deepbreaks
y_true:  [0. 0. 0. 0. 0. 0. 0. 0. 0. 0. 0. 0. 0. 0. 0. 0. 0. 0. 0. 0. 1. 1. 1. 1.
 1. 1. 1. 1. 1. 1. 1. 1. 1. 1. 1. 0. 0. 0. 0. 0. 1. 1. 1. 1. 1. 1. 1. 1.
 1. 1. 0. 0. 0. 0. 0. 0. 0. 0. 0. 0. 0. 0. 0. 0. 0. 0. 0. 0. 0. 0. 0. 0.
 0. 0. 0. 0. 0. 0. 0. 0. 0. 0. 0. 0. 0. 0. 0. 0. 0. 0. 0. 0. 0. 0. 0. 0.
 0. 0. 0. 0. 0. 0. 0. 0. 0. 0. 0. 0. 0. 0. 0. 0. 0. 0. 0. 0. 0. 0. 0. 0.
 0. 0. 0. 0. 0. 0. 0. 0. 0. 0. 0. 0. 0. 0. 0. 0. 0. 0. 0. 0. 0. 0. 0. 0.
 0. 0. 0. 0. 0. 0. 0. 0. 0. 0. 0. 0. 0. 0. 0. 0. 0. 0. 0. 0. 0. 0. 0. 0.
 0. 0. 0. 0. 0. 0. 0. 0. 0. 0. 0. 0. 0. 0. 0. 0. 0. 0. 0. 0. 0. 0. 0. 0.
 0. 0. 0. 0. 0. 0. 0. 0.]
y_pred:  [0. 0. 0. 0. 0. 0. 0. 0. 0. 0. 0. 0. 0. 0. 0. 0. 0. 0. 0. 0. 1. 1. 1. 1.
 1. 1. 1. 1. 1. 1. 1. 1. 1. 1. 1. 0. 0. 0. 0. 0. 1. 1. 1. 1. 1. 1. 1. 1.
 1. 1. 0. 0. 0. 0. 0. 0. 0. 0. 0. 0. 0. 0. 0. 0. 0. 0. 0. 0. 0. 0. 0. 0.
 0. 0. 0. 0. 0. 0. 0. 0. 0. 0. 0. 0. 0. 0. 0. 0. 0. 0. 0. 0. 0. 0. 0. 0.
 0. 0. 0. 0. 0. 0. 0. 0. 0. 0. 0. 0. 0. 0. 0. 0. 0. 0. 0. 0. 0. 0. 0. 0.
 0. 0. 0. 0. 0. 0. 0. 0. 0. 0. 0. 0. 0. 0. 0. 0. 0. 0. 0. 0. 0. 0. 0. 0.
 0. 0. 0. 0. 0. 0. 0. 0. 0. 0. 0. 0. 0. 0. 0. 0. 0. 0. 0. 0. 0. 0. 0. 0.
 0. 0. 0. 0. 0. 0. 0. 0. 0. 0. 0. 0. 0. 0. 0. 0. 0. 0. 0. 0. 0. 0. 0. 0.
 0. 0. 0. 0. 0. 0. 0. 0.]
Normalized importance:  [1.73469388e-01 3.69047619e-01 1.58163265e-01 5.11904762e-02
 0.00000000e+00 3.45238095e-01 1.37755102e-01 1.25680272e-01
 5.27210884e-02 1.65136054e-01 8.91156463e-02 5.85034014e-02
 0.00000000e+00 1.50340136e-01 2.39795918e-02 1.75170068e-01
 1.38605442e-01 3.14625850e-01 0.00000000e+00 1.67176871e-01
 5.83333333e-01 5.08503401e-01 5.23809524e-01 1.78571429e-01
 1.78571429e-01 8.21428571e-01 5.74829932e-01 4.55782313e-01
 3.89455782e-01 4.30272109e-01 1.00000000e+00 5.23809524e-01
 3.99659864e-01 3.97959184e-01 4.48979592e-01 4.18367347e-01
 9.91496599e-02 1.07482993e-01 1.75170068e-01 1.22278912e-01
 7.38095238e-01 5.69727891e-01 4.65986395e-01 5.22108844e-01
 2.82312925e-01 6.97278912e-01 5.08503401e-01 3.97959184e-01
 2.68707483e-01 2.43197279e-01 0.00000000e+00 0.00000000e+00
 1.90476190e-01 2.70408163e-01 7.50000000e-02 3.19727891e-02
 6.41156463e-02 3.94557823e-02 6.32653061e-02 0.00000000e+00
 5.32312925e-02 7.44897959e-02 4.23469388e-02 8.80952381e-02
 1.01530612e-01 1.38605442e-01 0.00000000e+00 5.11904762e-02
 2.53401361e-01 4.23469388e-02 2.78911565e-01 0.00000000e+00
 1.66666667e-01 0.00000000e+00 1.08163265e-01 0.00000000e+00
 5.73129252e-02 1.75170068e-02 9.45578231e-02 0.00000000e+00
 7.05782313e-02 0.00000000e+00 1.67857143e-01 3.69047619e-03
 1.47448980e-01 1.53911565e-01 0.00000000e+00 0.00000000e+00
 2.87414966e-03 1.40136054e-01 3.55442177e-01 1.58503401e-01
 0.00000000e+00 0.00000000e+00 0.00000000e+00 3.12925170e-03
 9.40476190e-02 8.48639456e-02 0.00000000e+00 0.00000000e+00
 0.00000000e+00 0.00000000e+00 2.89115646e-03 3.06122449e-01
 0.00000000e+00 2.92517007e-01 0.00000000e+00 3.35034014e-02
 2.58503401e-01 1.61224490e-01 3.67346939e-02 0.00000000e+00
 1.71768707e-02 0.00000000e+00 0.00000000e+00 0.00000000e+00
 2.60204082e-01 4.89795918e-02 0.00000000e+00 1.09693878e-01
 0.00000000e+00 1.80272109e-01 0.00000000e+00 0.00000000e+00
 9.11564626e-02 2.22789116e-01 2.58503401e-01 3.14625850e-01
 1.90476190e-01 0.00000000e+00 7.09183673e-02 0.00000000e+00
 0.00000000e+00 8.80952381e-02 2.61904762e-01 1.14285714e-01
 1.56122449e-02 0.00000000e+00 0.00000000e+00 0.00000000e+00
 0.00000000e+00 1.54761905e-01 3.16326531e-01 0.00000000e+00
 4.20068027e-02 8.31632653e-03 0.00000000e+00 0.00000000e+00
 0.00000000e+00 0.00000000e+00 1.12074830e-01 3.96258503e-02
 8.99659864e-02 0.00000000e+00 1.69217687e-02 0.00000000e+00
 1.13605442e-02 0.00000000e+00 5.74829932e-02 9.65986395e-02
 0.00000000e+00 0.00000000e+00 7.68707483e-02 9.03061224e-04
 6.02040816e-02 0.00000000e+00 0.00000000e+00 1.36224490e-01
 1.54251701e-01 0.00000000e+00 2.07482993e-02 0.00000000e+00
 4.93197279e-02 1.21258503e-01 0.00000000e+00 0.00000000e+00
 0.00000000e+00 0.00000000e+00 0.00000000e+00 2.90816327e-02
 1.43197279e-01 1.04421769e-01 2.19387755e-01 0.00000000e+00
 0.00000000e+00 0.00000000e+00 0.00000000e+00 1.23129252e-01
 0.00000000e+00 0.00000000e+00 3.80952381e-02 1.05272109e-01
 1.47108844e-01 2.04081633e-01 5.81632653e-02 1.46938776e-01
 0.00000000e+00 6.30952381e-02 0.00000000e+00 0.00000000e+00]
pyseer
y_true:  [0. 0. 0. 0. 0. 0. 0. 0. 0. 0. 0. 0. 0. 0. 0. 0. 0. 0. 0. 0. 1. 1. 1. 1.
 1. 1. 1. 1. 1. 1. 1. 1. 1. 1. 1. 0. 0. 0. 0. 0. 1. 1. 1. 1. 1. 1. 1. 1.
 1. 1. 0. 0. 0. 0. 0. 0. 0. 0. 0. 0. 0. 0. 0. 0. 0. 0. 0. 0. 0. 0. 0. 0.
 0. 0. 0. 0. 0. 0. 0. 0. 0. 0. 0. 0. 0. 0. 0. 0. 0. 0. 0. 0. 0. 0. 0. 0.
 0. 0. 0. 0. 0. 0. 0. 0. 0. 0. 0. 0. 0. 0. 0. 0. 0. 0. 0. 0. 0. 0. 0. 0.
 0. 0. 0. 0. 0. 0. 0. 0. 0. 0. 0. 0. 0. 0. 0. 0. 0. 0. 0. 0. 0. 0. 0. 0.
 0. 0. 0. 0. 0. 0. 0. 0. 0. 0. 0. 0. 0. 0. 0. 0. 0. 0. 0. 0. 0. 0. 0. 0.
 0. 0. 0. 0. 0. 0. 0. 0. 0. 0. 0. 0. 0. 0. 0. 0. 0. 0. 0. 0. 0. 0. 0. 0.
 0. 0. 0. 0. 0. 0. 0. 0.]
y_pred:  [1. 1. 1. 0. 0. 1. 0. 0. 0. 1. 0. 0. 0. 1. 0. 1. 1. 1. 0. 1. 1. 1. 1. 1.
 1. 1. 1. 1. 1. 1. 1. 1. 1. 1. 1. 1. 0. 0. 1. 0. 1. 1. 1. 1. 1. 1. 1. 1.
 1. 1. 0. 0. 1. 1. 0. 0. 0. 0. 0. 0. 0. 0. 0. 0. 0. 1. 0. 0. 1. 0. 1. 0.
 1. 0. 0. 0. 0. 0. 0. 0. 0. 0. 1. 0. 1. 1. 0. 0. 0. 1. 1. 1. 0. 0. 0. 0.
 0. 0. 0. 0. 0. 0. 0. 1. 0. 1. 0. 0. 1. 1. 0. 0. 0. 0. 0. 0. 1. 0. 0. 0.
 0. 1. 0. 0. 0. 1. 1. 1. 1. 0. 0. 0. 0. 0. 1. 0. 0. 0. 0. 0. 0. 1. 1. 0.
 0. 0. 0. 0. 0. 0. 0. 0. 0. 0. 0. 0. 0. 0. 0. 0. 0. 0. 0. 0. 0. 0. 0. 0.
 1. 0. 0. 0. 0. 0. 0. 0. 0. 0. 0. 0. 1. 0. 1. 0. 0. 0. 0. 0. 0. 0. 0. 0.
 1. 1. 0. 1. 0. 0. 0. 0.]
Time taken: 23.16102933883667 seconds
Running combination 47 of 50
Fitting RandomForest...
Fitting Adaboost...
Fitting AdaBoost_2...
Fitting et...
Fitting gbc...
Fitting gbc_2...
Fitting gbc_3...
Fitting dt...
Fitting lr...
Fitting Lasso_1...
Fitting Lasso_2...
Fitting Lasso_3...
Fitting Lasso_4...
Fitting elasticnet...
VCF file created successfully.
pyseer stderr:  Read 1000 phenotypes
Detected continuous phenotype
Reading all variants

0variants [00:00, ?variants/s]
54variants [00:00, 537.20variants/s]
108variants [00:00, 473.52variants/s]
162variants [00:00, 501.67variants/s]
198variants [00:00, 507.18variants/s]
Applying correlation filtering

  0%|          | 0/198 [00:00<?, ?variants/s]
100%|██████████| 198/198 [00:00<00:00, 2674.23variants/s]
Fitting elastic net to top 148 variants
Best penalty (lambda) from cross-validation: 5.95E+00
Best R^2 from cross-validation: 0.550
Finding and printing selected variants
198 loaded variants
50 pre-filtered variants
148 tested variants
134 printed variants

True importance standardized:  [0.16530951 0.16530951 0.16530951 0.16530951 0.16530951 0.40402435
 0.40402435 0.40402435 0.40402435 0.40402435 0.1600378  0.1600378
 0.1600378  0.1600378  0.1600378  0.52267955 0.52267955 0.52267955
 0.52267955 0.52267955 0.32739181 0.32739181 0.32739181 0.32739181
 0.32739181 0.85931787 0.85931787 0.85931787 0.85931787 0.85931787
 0.44804551 0.44804551 0.44804551 0.44804551 0.44804551 0.11526475
 0.11526475 0.11526475 0.11526475 0.11526475 1.         1.
 1.         1.         1.         0.86874819 0.86874819 0.86874819
 0.86874819 0.86874819 0.         0.         0.         0.
 0.         0.         0.         0.         0.         0.
 0.         0.         0.         0.         0.         0.
 0.         0.         0.         0.         0.         0.
 0.         0.         0.         0.         0.         0.
 0.         0.         0.         0.         0.         0.
 0.         0.         0.         0.         0.         0.
 0.         0.         0.         0.         0.         0.
 0.         0.         0.         0.         0.         0.
 0.         0.         0.         0.         0.         0.
 0.         0.         0.         0.         0.         0.
 0.         0.         0.         0.         0.         0.
 0.         0.         0.         0.         0.         0.
 0.         0.         0.         0.         0.         0.
 0.         0.         0.         0.         0.         0.
 0.         0.         0.         0.         0.         0.
 0.         0.         0.         0.         0.         0.
 0.         0.         0.         0.         0.         0.
 0.         0.         0.         0.         0.         0.
 0.         0.         0.         0.         0.         0.
 0.         0.         0.         0.         0.         0.
 0.         0.         0.         0.         0.         0.
 0.         0.         0.         0.         0.         0.
 0.         0.         0.         0.         0.         0.
 0.         0.         0.         0.         0.         0.
 0.         0.        ]
Normalized importance:  [0.06364073 0.06364073 0.         0.06364073 0.         0.1418852
 0.1418852  0.1418852  0.1418852  0.1418852  0.0623196  0.
 0.         0.         0.0623196  0.32504941 0.32504941 0.32504941
 0.32504941 0.32504941 0.15542909 0.15542909 0.15542909 0.15542909
 0.15542909 0.78806028 0.78806028 0.78806028 0.78806028 0.78806028
 0.39816178 0.39816178 0.39816178 0.39816178 0.39816178 0.
 0.         0.01832052 0.0266288  0.         0.91169244 0.91169244
 0.91169244 0.91169244 0.91169244 1.         1.         1.
 1.         1.         0.         0.         0.         0.
 0.         0.         0.         0.         0.         0.03978461
 0.         0.         0.         0.         0.         0.
 0.         0.         0.         0.         0.         0.
 0.         0.09214986 0.         0.         0.02688043 0.
 0.         0.         0.         0.         0.         0.
 0.         0.         0.         0.         0.         0.
 0.         0.         0.         0.         0.         0.
 0.         0.         0.         0.         0.         0.
 0.         0.         0.         0.         0.         0.
 0.         0.         0.         0.         0.         0.
 0.         0.         0.         0.         0.         0.
 0.         0.         0.         0.         0.         0.
 0.         0.         0.         0.         0.         0.
 0.         0.         0.         0.         0.         0.
 0.         0.         0.         0.         0.         0.
 0.         0.         0.         0.         0.         0.02353204
 0.         0.         0.         0.         0.         0.
 0.         0.         0.         0.         0.         0.
 0.09035506 0.         0.         0.         0.         0.
 0.         0.         0.         0.         0.         0.
 0.         0.         0.         0.         0.         0.
 0.         0.         0.         0.         0.         0.
 0.         0.         0.         0.         0.         0.
 0.         0.         0.         0.         0.         0.
 0.         0.        ]
deepbreaks
y_true:  [0. 0. 0. 0. 0. 0. 0. 0. 0. 0. 0. 0. 0. 0. 0. 1. 1. 1. 1. 1. 0. 0. 0. 0.
 0. 1. 1. 1. 1. 1. 1. 1. 1. 1. 1. 0. 0. 0. 0. 0. 1. 1. 1. 1. 1. 1. 1. 1.
 1. 1. 0. 0. 0. 0. 0. 0. 0. 0. 0. 0. 0. 0. 0. 0. 0. 0. 0. 0. 0. 0. 0. 0.
 0. 0. 0. 0. 0. 0. 0. 0. 0. 0. 0. 0. 0. 0. 0. 0. 0. 0. 0. 0. 0. 0. 0. 0.
 0. 0. 0. 0. 0. 0. 0. 0. 0. 0. 0. 0. 0. 0. 0. 0. 0. 0. 0. 0. 0. 0. 0. 0.
 0. 0. 0. 0. 0. 0. 0. 0. 0. 0. 0. 0. 0. 0. 0. 0. 0. 0. 0. 0. 0. 0. 0. 0.
 0. 0. 0. 0. 0. 0. 0. 0. 0. 0. 0. 0. 0. 0. 0. 0. 0. 0. 0. 0. 0. 0. 0. 0.
 0. 0. 0. 0. 0. 0. 0. 0. 0. 0. 0. 0. 0. 0. 0. 0. 0. 0. 0. 0. 0. 0. 0. 0.
 0. 0. 0. 0. 0. 0. 0. 0.]
y_pred:  [0. 0. 0. 0. 0. 0. 0. 0. 0. 0. 0. 0. 0. 0. 0. 1. 1. 1. 1. 1. 0. 0. 0. 0.
 0. 1. 1. 1. 1. 1. 1. 1. 1. 1. 1. 0. 0. 0. 0. 0. 1. 1. 1. 1. 1. 1. 1. 1.
 1. 1. 0. 0. 0. 0. 0. 0. 0. 0. 0. 0. 0. 0. 0. 0. 0. 0. 0. 0. 0. 0. 0. 0.
 0. 0. 0. 0. 0. 0. 0. 0. 0. 0. 0. 0. 0. 0. 0. 0. 0. 0. 0. 0. 0. 0. 0. 0.
 0. 0. 0. 0. 0. 0. 0. 0. 0. 0. 0. 0. 0. 0. 0. 0. 0. 0. 0. 0. 0. 0. 0. 0.
 0. 0. 0. 0. 0. 0. 0. 0. 0. 0. 0. 0. 0. 0. 0. 0. 0. 0. 0. 0. 0. 0. 0. 0.
 0. 0. 0. 0. 0. 0. 0. 0. 0. 0. 0. 0. 0. 0. 0. 0. 0. 0. 0. 0. 0. 0. 0. 0.
 0. 0. 0. 0. 0. 0. 0. 0. 0. 0. 0. 0. 0. 0. 0. 0. 0. 0. 0. 0. 0. 0. 0. 0.
 0. 0. 0. 0. 0. 0. 0. 0.]
Normalized importance:  [0.2069378  0.17057416 0.16291866 0.23062201 0.15933014 0.31339713
 0.3062201  0.         0.18636364 0.36602871 0.20406699 0.07535885
 0.05502392 0.02263158 0.06602871 0.5430622  0.25598086 0.21889952
 0.3062201  0.14258373 0.35406699 0.01227273 0.27751196 0.15406699
 0.13636364 0.81578947 0.65311005 0.38755981 0.16004785 0.04665072
 0.50239234 0.23923445 0.19808612 0.32535885 0.09449761 0.
 0.         0.06315789 0.33732057 0.05023923 0.96172249 0.54545455
 0.4784689  0.48086124 0.29665072 1.         0.06100478 0.57177033
 0.38995215 0.25837321 0.         0.         0.         0.
 0.06985646 0.         0.01502392 0.17607656 0.14736842 0.21435407
 0.16602871 0.00471292 0.03397129 0.16961722 0.15406699 0.
 0.17990431 0.2007177  0.         0.         0.06124402 0.22272727
 0.1437799  0.3062201  0.         0.10645933 0.26076555 0.0645933
 0.21267943 0.         0.09952153 0.         0.         0.20167464
 0.         0.10023923 0.         0.15598086 0.         0.
 0.19760766 0.         0.12105263 0.14043062 0.05645933 0.
 0.         0.         0.04904306 0.05095694 0.         0.
 0.16722488 0.09641148 0.         0.         0.00631579 0.04354067
 0.10382775 0.15574163 0.         0.03110048 0.         0.1
 0.23181818 0.         0.01854067 0.18349282 0.07105263 0.09330144
 0.0423445  0.22559809 0.         0.06411483 0.06339713 0.13588517
 0.         0.11315789 0.         0.         0.         0.
 0.01811005 0.         0.03444976 0.11842105 0.15574163 0.
 0.         0.         0.         0.09712919 0.         0.0226555
 0.00739234 0.         0.17440191 0.16052632 0.         0.14282297
 0.08564593 0.17248804 0.15885167 0.15598086 0.01933014 0.
 0.19210526 0.13181818 0.         0.         0.         0.06004785
 0.38755981 0.09665072 0.         0.         0.27511962 0.09545455
 0.10478469 0.         0.13086124 0.09258373 0.         0.10263158
 0.         0.         0.         0.         0.13827751 0.09186603
 0.10430622 0.         0.         0.         0.22511962 0.03157895
 0.         0.05980861 0.20598086 0.02110048 0.22942584 0.13444976
 0.         0.01791866 0.17655502 0.         0.         0.
 0.         0.        ]
pyseer
y_true:  [0. 0. 0. 0. 0. 0. 0. 0. 0. 0. 0. 0. 0. 0. 0. 1. 1. 1. 1. 1. 0. 0. 0. 0.
 0. 1. 1. 1. 1. 1. 1. 1. 1. 1. 1. 0. 0. 0. 0. 0. 1. 1. 1. 1. 1. 1. 1. 1.
 1. 1. 0. 0. 0. 0. 0. 0. 0. 0. 0. 0. 0. 0. 0. 0. 0. 0. 0. 0. 0. 0. 0. 0.
 0. 0. 0. 0. 0. 0. 0. 0. 0. 0. 0. 0. 0. 0. 0. 0. 0. 0. 0. 0. 0. 0. 0. 0.
 0. 0. 0. 0. 0. 0. 0. 0. 0. 0. 0. 0. 0. 0. 0. 0. 0. 0. 0. 0. 0. 0. 0. 0.
 0. 0. 0. 0. 0. 0. 0. 0. 0. 0. 0. 0. 0. 0. 0. 0. 0. 0. 0. 0. 0. 0. 0. 0.
 0. 0. 0. 0. 0. 0. 0. 0. 0. 0. 0. 0. 0. 0. 0. 0. 0. 0. 0. 0. 0. 0. 0. 0.
 0. 0. 0. 0. 0. 0. 0. 0. 0. 0. 0. 0. 0. 0. 0. 0. 0. 0. 0. 0. 0. 0. 0. 0.
 0. 0. 0. 0. 0. 0. 0. 0.]
y_pred:  [1. 1. 1. 1. 1. 1. 1. 0. 1. 1. 1. 0. 0. 0. 0. 1. 1. 1. 1. 0. 1. 0. 1. 1.
 0. 1. 1. 1. 1. 0. 1. 1. 1. 1. 0. 0. 0. 0. 1. 0. 1. 1. 1. 1. 1. 1. 0. 1.
 1. 1. 0. 0. 0. 0. 0. 0. 0. 1. 0. 1. 1. 0. 0. 1. 1. 0. 1. 1. 0. 0. 0. 1.
 0. 1. 0. 0. 1. 0. 1. 0. 0. 0. 0. 1. 0. 0. 0. 1. 0. 0. 1. 0. 0. 0. 0. 0.
 0. 0. 0. 0. 0. 0. 1. 0. 0. 0. 0. 0. 0. 1. 0. 0. 0. 0. 1. 0. 0. 1. 0. 0.
 0. 1. 0. 0. 0. 0. 0. 0. 0. 0. 0. 0. 0. 0. 0. 0. 1. 0. 0. 0. 0. 0. 0. 0.
 0. 0. 1. 1. 0. 0. 0. 1. 1. 1. 0. 0. 1. 0. 0. 0. 0. 0. 1. 0. 0. 0. 1. 0.
 0. 0. 0. 0. 0. 0. 0. 0. 0. 0. 0. 0. 0. 0. 0. 0. 1. 0. 0. 0. 1. 0. 1. 0.
 0. 0. 1. 0. 0. 0. 0. 0.]
Time taken: 28.601192712783813 seconds
Running combination 48 of 50
Fitting RandomForest...
Fitting Adaboost...
Fitting AdaBoost_2...
Fitting et...
Fitting gbc...
Fitting gbc_2...
Fitting gbc_3...
Fitting dt...
Fitting lr...
Fitting Lasso_1...
Fitting Lasso_2...
Fitting Lasso_3...
Fitting Lasso_4...
Fitting elasticnet...
VCF file created successfully.
pyseer stderr:  Read 1000 phenotypes
Detected continuous phenotype
Reading all variants

0variants [00:00, ?variants/s]
56variants [00:00, 552.60variants/s]
112variants [00:00, 328.99variants/s]
167variants [00:00, 401.64variants/s]
198variants [00:00, 416.06variants/s]
Applying correlation filtering

  0%|          | 0/198 [00:00<?, ?variants/s]
100%|██████████| 198/198 [00:00<00:00, 2639.94variants/s]
Fitting elastic net to top 148 variants
Best penalty (lambda) from cross-validation: 8.59E+00
Best R^2 from cross-validation: 0.488
Finding and printing selected variants
198 loaded variants
50 pre-filtered variants
148 tested variants
141 printed variants

True importance standardized:  [0.67516266 0.67516266 0.67516266 0.67516266 0.67516266 0.22744983
 0.22744983 0.22744983 0.22744983 0.22744983 0.42103973 0.42103973
 0.42103973 0.42103973 0.42103973 1.         1.         1.
 1.         1.         0.60577228 0.60577228 0.60577228 0.60577228
 0.60577228 0.78079274 0.78079274 0.78079274 0.78079274 0.78079274
 0.61745798 0.61745798 0.61745798 0.61745798 0.61745798 0.52285499
 0.52285499 0.52285499 0.52285499 0.52285499 0.51153692 0.51153692
 0.51153692 0.51153692 0.51153692 0.24820445 0.24820445 0.24820445
 0.24820445 0.24820445 0.         0.         0.         0.
 0.         0.         0.         0.         0.         0.
 0.         0.         0.         0.         0.         0.
 0.         0.         0.         0.         0.         0.
 0.         0.         0.         0.         0.         0.
 0.         0.         0.         0.         0.         0.
 0.         0.         0.         0.         0.         0.
 0.         0.         0.         0.         0.         0.
 0.         0.         0.         0.         0.         0.
 0.         0.         0.         0.         0.         0.
 0.         0.         0.         0.         0.         0.
 0.         0.         0.         0.         0.         0.
 0.         0.         0.         0.         0.         0.
 0.         0.         0.         0.         0.         0.
 0.         0.         0.         0.         0.         0.
 0.         0.         0.         0.         0.         0.
 0.         0.         0.         0.         0.         0.
 0.         0.         0.         0.         0.         0.
 0.         0.         0.         0.         0.         0.
 0.         0.         0.         0.         0.         0.
 0.         0.         0.         0.         0.         0.
 0.         0.         0.         0.         0.         0.
 0.         0.         0.         0.         0.         0.
 0.         0.         0.         0.         0.         0.
 0.         0.         0.         0.         0.         0.
 0.         0.        ]
Normalized importance:  [0.60049221 0.60049221 0.60049221 0.60049221 0.60049221 0.0652816
 0.0652816  0.         0.0652816  0.         0.3254125  0.3254125
 0.3254125  0.3254125  0.3254125  1.         1.         1.
 1.         1.         0.45158375 0.45158375 0.45158375 0.45158375
 0.45158375 0.68446055 0.68446055 0.68446055 0.68446055 0.68446055
 0.53994785 0.53994785 0.53994785 0.53994785 0.53994785 0.26815618
 0.26815618 0.26815618 0.26815618 0.26815618 0.48242178 0.48242178
 0.48242178 0.48242178 0.48242178 0.08718703 0.         0.08718703
 0.08718703 0.08718703 0.         0.         0.08696104 0.
 0.         0.         0.         0.         0.         0.
 0.         0.         0.         0.         0.         0.
 0.02345911 0.         0.         0.03869769 0.         0.
 0.         0.         0.         0.         0.         0.
 0.         0.         0.         0.07243171 0.         0.
 0.01120503 0.03655725 0.06957434 0.0391078  0.         0.
 0.         0.         0.         0.         0.         0.
 0.         0.         0.         0.         0.         0.
 0.         0.         0.         0.         0.         0.
 0.         0.         0.         0.         0.         0.
 0.         0.         0.         0.         0.         0.
 0.         0.         0.         0.         0.         0.
 0.         0.18980949 0.01214946 0.         0.03135459 0.
 0.         0.         0.         0.         0.         0.04025921
 0.         0.         0.01237558 0.         0.         0.
 0.         0.00926969 0.         0.         0.         0.
 0.         0.         0.         0.         0.         0.
 0.         0.         0.         0.         0.         0.
 0.         0.         0.         0.         0.00954213 0.
 0.         0.         0.         0.         0.         0.
 0.         0.         0.         0.02606842 0.         0.02001919
 0.         0.         0.         0.         0.         0.
 0.         0.03670329 0.         0.         0.         0.
 0.         0.03950161 0.         0.         0.01545484 0.
 0.         0.        ]
deepbreaks
y_true:  [1. 1. 1. 1. 1. 0. 0. 0. 0. 0. 0. 0. 0. 0. 0. 1. 1. 1. 1. 1. 1. 1. 1. 1.
 1. 1. 1. 1. 1. 1. 1. 1. 1. 1. 1. 0. 0. 0. 0. 0. 0. 0. 0. 0. 0. 0. 0. 0.
 0. 0. 0. 0. 0. 0. 0. 0. 0. 0. 0. 0. 0. 0. 0. 0. 0. 0. 0. 0. 0. 0. 0. 0.
 0. 0. 0. 0. 0. 0. 0. 0. 0. 0. 0. 0. 0. 0. 0. 0. 0. 0. 0. 0. 0. 0. 0. 0.
 0. 0. 0. 0. 0. 0. 0. 0. 0. 0. 0. 0. 0. 0. 0. 0. 0. 0. 0. 0. 0. 0. 0. 0.
 0. 0. 0. 0. 0. 0. 0. 0. 0. 0. 0. 0. 0. 0. 0. 0. 0. 0. 0. 0. 0. 0. 0. 0.
 0. 0. 0. 0. 0. 0. 0. 0. 0. 0. 0. 0. 0. 0. 0. 0. 0. 0. 0. 0. 0. 0. 0. 0.
 0. 0. 0. 0. 0. 0. 0. 0. 0. 0. 0. 0. 0. 0. 0. 0. 0. 0. 0. 0. 0. 0. 0. 0.
 0. 0. 0. 0. 0. 0. 0. 0.]
y_pred:  [1. 1. 1. 1. 1. 0. 0. 0. 0. 0. 1. 1. 1. 1. 1. 1. 1. 1. 1. 1. 1. 1. 1. 1.
 1. 1. 1. 1. 1. 1. 1. 1. 1. 1. 1. 0. 0. 0. 0. 0. 1. 1. 1. 1. 1. 0. 0. 0.
 0. 0. 0. 0. 0. 0. 0. 0. 0. 0. 0. 0. 0. 0. 0. 0. 0. 0. 0. 0. 0. 0. 0. 0.
 0. 0. 0. 0. 0. 0. 0. 0. 0. 0. 0. 0. 0. 0. 0. 0. 0. 0. 0. 0. 0. 0. 0. 0.
 0. 0. 0. 0. 0. 0. 0. 0. 0. 0. 0. 0. 0. 0. 0. 0. 0. 0. 0. 0. 0. 0. 0. 0.
 0. 0. 0. 0. 0. 0. 0. 0. 0. 0. 0. 0. 0. 0. 0. 0. 0. 0. 0. 0. 0. 0. 0. 0.
 0. 0. 0. 0. 0. 0. 0. 0. 0. 0. 0. 0. 0. 0. 0. 0. 0. 0. 0. 0. 0. 0. 0. 0.
 0. 0. 0. 0. 0. 0. 0. 0. 0. 0. 0. 0. 0. 0. 0. 0. 0. 0. 0. 0. 0. 0. 0. 0.
 0. 0. 0. 0. 0. 0. 0. 0.]
Normalized importance:  [0.58549223 0.42487047 0.23782383 0.43005181 0.31606218 0.20595855
 0.1626943  0.         0.22176166 0.05025907 0.49481865 0.17202073
 0.03005181 0.33160622 0.26165803 1.         0.56994819 0.35751295
 0.15673575 0.54404145 0.56476684 0.24170984 0.31088083 0.16502591
 0.39378238 0.72020725 0.3238342  0.34455959 0.22305699 0.3134715
 0.5        0.33160622 0.2642487  0.45595855 0.19041451 0.48186528
 0.03134715 0.25259067 0.38082902 0.28238342 0.69689119 0.18290155
 0.16865285 0.31865285 0.16139896 0.2642487  0.05       0.09637306
 0.1753886  0.07512953 0.         0.         0.28756477 0.
 0.09300518 0.06450777 0.03082902 0.05777202 0.         0.
 0.         0.         0.21398964 0.         0.07357513 0.08989637
 0.23005181 0.02544041 0.         0.20207254 0.         0.0484456
 0.11373057 0.11606218 0.11683938 0.         0.15906736 0.13264249
 0.         0.         0.         0.14430052 0.12176166 0.1746114
 0.07409326 0.28756477 0.16502591 0.09248705 0.         0.
 0.         0.         0.         0.0261658  0.         0.
 0.11321244 0.1142487  0.         0.11217617 0.04326425 0.
 0.         0.13601036 0.         0.         0.         0.
 0.09870466 0.00670984 0.15233161 0.09896373 0.         0.02119171
 0.         0.07176166 0.         0.21787565 0.20984456 0.16139896
 0.0857513  0.0865285  0.10492228 0.25725389 0.         0.
 0.         0.34455959 0.13056995 0.         0.26943005 0.
 0.         0.         0.0373057  0.01932642 0.         0.19300518
 0.12823834 0.         0.13005181 0.09792746 0.12746114 0.04222798
 0.         0.12072539 0.15051813 0.         0.         0.17227979
 0.00111658 0.11683938 0.03419689 0.13678756 0.         0.
 0.05       0.13134715 0.00176684 0.06062176 0.08523316 0.
 0.09715026 0.07487047 0.         0.03031088 0.00118394 0.
 0.09637306 0.         0.         0.         0.03626943 0.0242487
 0.16891192 0.15906736 0.         0.25310881 0.         0.18160622
 0.09611399 0.09766839 0.1619171  0.03393782 0.03756477 0.
 0.01979275 0.25310881 0.09637306 0.         0.01813472 0.12150259
 0.26943005 0.21165803 0.         0.00681347 0.07279793 0.08626943
 0.         0.        ]
pyseer
y_true:  [1. 1. 1. 1. 1. 0. 0. 0. 0. 0. 0. 0. 0. 0. 0. 1. 1. 1. 1. 1. 1. 1. 1. 1.
 1. 1. 1. 1. 1. 1. 1. 1. 1. 1. 1. 0. 0. 0. 0. 0. 0. 0. 0. 0. 0. 0. 0. 0.
 0. 0. 0. 0. 0. 0. 0. 0. 0. 0. 0. 0. 0. 0. 0. 0. 0. 0. 0. 0. 0. 0. 0. 0.
 0. 0. 0. 0. 0. 0. 0. 0. 0. 0. 0. 0. 0. 0. 0. 0. 0. 0. 0. 0. 0. 0. 0. 0.
 0. 0. 0. 0. 0. 0. 0. 0. 0. 0. 0. 0. 0. 0. 0. 0. 0. 0. 0. 0. 0. 0. 0. 0.
 0. 0. 0. 0. 0. 0. 0. 0. 0. 0. 0. 0. 0. 0. 0. 0. 0. 0. 0. 0. 0. 0. 0. 0.
 0. 0. 0. 0. 0. 0. 0. 0. 0. 0. 0. 0. 0. 0. 0. 0. 0. 0. 0. 0. 0. 0. 0. 0.
 0. 0. 0. 0. 0. 0. 0. 0. 0. 0. 0. 0. 0. 0. 0. 0. 0. 0. 0. 0. 0. 0. 0. 0.
 0. 0. 0. 0. 0. 0. 0. 0.]
y_pred:  [1. 1. 1. 1. 1. 1. 1. 0. 1. 0. 1. 1. 0. 1. 1. 1. 1. 1. 1. 1. 1. 1. 1. 1.
 1. 1. 1. 1. 1. 1. 1. 1. 1. 1. 1. 1. 0. 1. 1. 1. 1. 1. 1. 1. 1. 1. 0. 0.
 1. 0. 0. 0. 1. 0. 0. 0. 0. 0. 0. 0. 0. 0. 1. 0. 0. 0. 1. 0. 0. 1. 0. 0.
 0. 0. 0. 0. 1. 0. 0. 0. 0. 1. 0. 1. 0. 1. 1. 0. 0. 0. 0. 0. 0. 0. 0. 0.
 0. 0. 0. 0. 0. 0. 0. 0. 0. 0. 0. 0. 0. 0. 1. 0. 0. 0. 0. 0. 0. 1. 1. 1.
 0. 0. 0. 1. 0. 0. 0. 1. 0. 0. 1. 0. 0. 0. 0. 0. 0. 1. 0. 0. 0. 0. 0. 0.
 0. 0. 1. 0. 0. 1. 0. 0. 0. 1. 0. 0. 0. 0. 0. 0. 0. 0. 0. 0. 0. 0. 0. 0.
 0. 0. 0. 0. 0. 0. 1. 1. 0. 1. 0. 1. 0. 0. 1. 0. 0. 0. 0. 1. 0. 0. 0. 0.
 1. 1. 0. 0. 0. 0. 0. 0.]
Time taken: 23.671496391296387 seconds
Running combination 49 of 50
Fitting RandomForest...
Fitting Adaboost...
Fitting AdaBoost_2...
Fitting et...
Fitting gbc...
Fitting gbc_2...
Fitting gbc_3...
Fitting dt...
Fitting lr...
Fitting Lasso_1...
Fitting Lasso_2...
Fitting Lasso_3...
Fitting Lasso_4...
Fitting elasticnet...
VCF file created successfully.
pyseer stderr:  Read 1000 phenotypes
Detected continuous phenotype
Reading all variants

0variants [00:00, ?variants/s]
53variants [00:00, 529.68variants/s]
106variants [00:00, 467.45variants/s]
162variants [00:00, 503.52variants/s]
198variants [00:00, 507.25variants/s]
Applying correlation filtering

  0%|          | 0/198 [00:00<?, ?variants/s]
100%|██████████| 198/198 [00:00<00:00, 2668.19variants/s]
Fitting elastic net to top 148 variants
Best penalty (lambda) from cross-validation: 9.67E+00
Best R^2 from cross-validation: 0.548
Finding and printing selected variants
198 loaded variants
50 pre-filtered variants
148 tested variants
137 printed variants

True importance standardized:  [0.77548481 0.77548481 0.77548481 0.77548481 0.77548481 0.28727759
 0.28727759 0.28727759 0.28727759 0.28727759 0.40215529 0.40215529
 0.40215529 0.40215529 0.40215529 0.5182687  0.5182687  0.5182687
 0.5182687  0.5182687  0.50723677 0.50723677 0.50723677 0.50723677
 0.50723677 0.7965689  0.7965689  0.7965689  0.7965689  0.7965689
 0.51054496 0.51054496 0.51054496 0.51054496 0.51054496 0.55957549
 0.55957549 0.55957549 0.55957549 0.55957549 1.         1.
 1.         1.         1.         0.60933254 0.60933254 0.60933254
 0.60933254 0.60933254 0.         0.         0.         0.
 0.         0.         0.         0.         0.         0.
 0.         0.         0.         0.         0.         0.
 0.         0.         0.         0.         0.         0.
 0.         0.         0.         0.         0.         0.
 0.         0.         0.         0.         0.         0.
 0.         0.         0.         0.         0.         0.
 0.         0.         0.         0.         0.         0.
 0.         0.         0.         0.         0.         0.
 0.         0.         0.         0.         0.         0.
 0.         0.         0.         0.         0.         0.
 0.         0.         0.         0.         0.         0.
 0.         0.         0.         0.         0.         0.
 0.         0.         0.         0.         0.         0.
 0.         0.         0.         0.         0.         0.
 0.         0.         0.         0.         0.         0.
 0.         0.         0.         0.         0.         0.
 0.         0.         0.         0.         0.         0.
 0.         0.         0.         0.         0.         0.
 0.         0.         0.         0.         0.         0.
 0.         0.         0.         0.         0.         0.
 0.         0.         0.         0.         0.         0.
 0.         0.         0.         0.         0.         0.
 0.         0.         0.         0.         0.         0.
 0.         0.         0.         0.         0.         0.
 0.         0.        ]
Normalized importance:  [0.54514842 0.54514842 0.54514842 0.54514842 0.54514842 0.10894524
 0.10894524 0.10894524 0.10894524 0.10894524 0.28849663 0.28849663
 0.28849663 0.28849663 0.28849663 0.35155074 0.35155074 0.35155074
 0.35155074 0.35155074 0.48948717 0.48948717 0.48948717 0.48948717
 0.48948717 0.8164859  0.8164859  0.8164859  0.8164859  0.8164859
 0.27565042 0.27565042 0.27565042 0.27565042 0.27565042 0.43031857
 0.43031857 0.43031857 0.43031857 0.43031857 1.         1.
 1.         1.         1.         0.373772   0.373772   0.373772
 0.373772   0.373772   0.         0.         0.         0.
 0.         0.         0.         0.         0.         0.
 0.         0.         0.         0.         0.         0.
 0.         0.         0.         0.         0.         0.
 0.         0.         0.         0.         0.         0.
 0.         0.         0.         0.         0.         0.
 0.         0.         0.         0.         0.         0.
 0.         0.06055344 0.         0.         0.         0.
 0.         0.         0.         0.         0.         0.
 0.         0.         0.         0.         0.05537958 0.
 0.         0.         0.         0.         0.         0.00745458
 0.         0.         0.         0.         0.         0.
 0.         0.         0.         0.         0.         0.
 0.         0.         0.         0.03454334 0.         0.
 0.         0.         0.         0.         0.         0.
 0.         0.         0.         0.         0.         0.
 0.02641176 0.         0.02737319 0.01159991 0.         0.
 0.         0.         0.         0.         0.         0.
 0.         0.         0.         0.         0.         0.
 0.         0.         0.         0.         0.         0.
 0.         0.         0.         0.03844423 0.         0.
 0.         0.         0.         0.         0.         0.
 0.         0.         0.         0.         0.         0.03575917
 0.         0.         0.         0.         0.         0.
 0.         0.         0.         0.         0.         0.
 0.         0.        ]
deepbreaks
y_true:  [1. 1. 1. 1. 1. 0. 0. 0. 0. 0. 0. 0. 0. 0. 0. 0. 0. 0. 0. 0. 0. 0. 0. 0.
 0. 1. 1. 1. 1. 1. 0. 0. 0. 0. 0. 1. 1. 1. 1. 1. 1. 1. 1. 1. 1. 1. 1. 1.
 1. 1. 0. 0. 0. 0. 0. 0. 0. 0. 0. 0. 0. 0. 0. 0. 0. 0. 0. 0. 0. 0. 0. 0.
 0. 0. 0. 0. 0. 0. 0. 0. 0. 0. 0. 0. 0. 0. 0. 0. 0. 0. 0. 0. 0. 0. 0. 0.
 0. 0. 0. 0. 0. 0. 0. 0. 0. 0. 0. 0. 0. 0. 0. 0. 0. 0. 0. 0. 0. 0. 0. 0.
 0. 0. 0. 0. 0. 0. 0. 0. 0. 0. 0. 0. 0. 0. 0. 0. 0. 0. 0. 0. 0. 0. 0. 0.
 0. 0. 0. 0. 0. 0. 0. 0. 0. 0. 0. 0. 0. 0. 0. 0. 0. 0. 0. 0. 0. 0. 0. 0.
 0. 0. 0. 0. 0. 0. 0. 0. 0. 0. 0. 0. 0. 0. 0. 0. 0. 0. 0. 0. 0. 0. 0. 0.
 0. 0. 0. 0. 0. 0. 0. 0.]
y_pred:  [1. 1. 1. 1. 1. 0. 0. 0. 0. 0. 0. 0. 0. 0. 0. 0. 0. 0. 0. 0. 1. 1. 1. 1.
 1. 1. 1. 1. 1. 1. 0. 0. 0. 0. 0. 1. 1. 1. 1. 1. 1. 1. 1. 1. 1. 1. 1. 1.
 1. 1. 0. 0. 0. 0. 0. 0. 0. 0. 0. 0. 0. 0. 0. 0. 0. 0. 0. 0. 0. 0. 0. 0.
 0. 0. 0. 0. 0. 0. 0. 0. 0. 0. 0. 0. 0. 0. 0. 0. 0. 0. 0. 0. 0. 0. 0. 0.
 0. 0. 0. 0. 0. 0. 0. 0. 0. 0. 0. 0. 0. 0. 0. 0. 0. 0. 0. 0. 0. 0. 0. 0.
 0. 0. 0. 0. 0. 0. 0. 0. 0. 0. 0. 0. 0. 0. 0. 0. 0. 0. 0. 0. 0. 0. 0. 0.
 0. 0. 0. 0. 0. 0. 0. 0. 0. 0. 0. 0. 0. 0. 0. 0. 0. 0. 0. 0. 0. 0. 0. 0.
 0. 0. 0. 0. 0. 0. 0. 0. 0. 0. 0. 0. 0. 0. 0. 0. 0. 0. 0. 0. 0. 0. 0. 0.
 0. 0. 0. 0. 0. 0. 0. 0.]
Normalized importance:  [9.90619137e-01 4.55909944e-01 1.28142589e-01 5.02814259e-01
 2.23264540e-01 2.27016886e-01 2.02626642e-01 1.14634146e-01
 1.36585366e-01 2.47654784e-01 5.36585366e-01 2.27016886e-01
 5.66604128e-02 4.05253283e-01 1.23452158e-01 6.00375235e-01
 1.38649156e-01 5.74108818e-01 2.88930582e-01 2.85178236e-01
 4.78424015e-01 4.37148218e-01 3.00187617e-01 3.32082552e-01
 1.30018762e-01 1.00000000e+00 3.45215760e-01 5.89118199e-01
 4.55909944e-01 2.27016886e-01 8.33020638e-01 1.81613508e-01
 2.43902439e-01 2.28893058e-01 2.08255159e-01 6.81050657e-01
 2.27016886e-01 2.79549719e-01 4.07129456e-01 2.27016886e-01
 9.84990619e-01 5.70356473e-01 8.96810507e-01 4.18386492e-01
 3.65853659e-01 7.16697936e-01 5.57223265e-01 4.05253283e-01
 1.17260788e-01 2.17636023e-01 0.00000000e+00 7.56097561e-02
 2.70168856e-01 3.48968105e-01 1.83677298e-01 3.18949343e-02
 0.00000000e+00 2.53283302e-01 0.00000000e+00 1.04315197e-02
 1.00187617e-01 0.00000000e+00 0.00000000e+00 0.00000000e+00
 1.37148218e-01 9.54971857e-02 0.00000000e+00 2.58911820e-01
 1.06941839e-01 0.00000000e+00 1.19699812e-01 0.00000000e+00
 5.06566604e-02 1.96998124e-01 0.00000000e+00 4.55909944e-04
 1.75046904e-02 0.00000000e+00 4.72795497e-02 1.35834897e-02
 0.00000000e+00 1.46716698e-01 1.37898687e-01 1.58348968e-01
 1.10506567e-01 7.50469043e-02 1.87617261e-02 3.50844278e-02
 9.28705441e-02 0.00000000e+00 7.84240150e-03 1.75234522e-01
 0.00000000e+00 2.88930582e-01 0.00000000e+00 2.87054409e-01
 0.00000000e+00 1.30393996e-01 0.00000000e+00 1.22326454e-01
 1.13320826e-01 0.00000000e+00 1.05440901e-01 1.62851782e-01
 1.51219512e-01 3.67729831e-02 2.62664165e-01 0.00000000e+00
 0.00000000e+00 2.72045028e-01 1.91369606e-01 0.00000000e+00
 0.00000000e+00 2.83302064e-01 1.33020638e-01 0.00000000e+00
 2.53283302e-02 0.00000000e+00 0.00000000e+00 1.16510319e-01
 0.00000000e+00 7.78611632e-02 0.00000000e+00 0.00000000e+00
 2.66416510e-01 9.88742964e-02 0.00000000e+00 2.79549719e-01
 2.32645403e-03 3.48968105e-02 0.00000000e+00 0.00000000e+00
 2.06378987e-02 3.09568480e-01 1.11257036e-01 4.54033771e-03
 1.72983114e-01 0.00000000e+00 2.06378987e-01 0.00000000e+00
 2.62664165e-02 2.23264540e-01 0.00000000e+00 0.00000000e+00
 2.66416510e-01 1.45403377e-02 1.68292683e-01 7.61726079e-02
 0.00000000e+00 9.39962477e-02 0.00000000e+00 0.00000000e+00
 0.00000000e+00 4.10881801e-02 0.00000000e+00 0.00000000e+00
 2.10131332e-01 0.00000000e+00 0.00000000e+00 0.00000000e+00
 2.66416510e-01 1.39212008e-01 1.31332083e-01 1.60975610e-01
 1.39587242e-01 8.21763602e-02 0.00000000e+00 0.00000000e+00
 6.52908068e-02 0.00000000e+00 0.00000000e+00 1.85553471e-01
 0.00000000e+00 0.00000000e+00 6.43527205e-02 0.00000000e+00
 9.47467167e-02 0.00000000e+00 7.37335835e-02 0.00000000e+00
 2.02626642e-01 2.00750469e-01 0.00000000e+00 2.64540338e-01
 2.45778612e-01 2.75797373e-01 3.48968105e-01 0.00000000e+00
 0.00000000e+00 0.00000000e+00 3.07692308e-01 2.81425891e-01
 6.86679174e-02 1.71857411e-01 0.00000000e+00 0.00000000e+00
 0.00000000e+00 0.00000000e+00 0.00000000e+00 0.00000000e+00]
pyseer
y_true:  [1. 1. 1. 1. 1. 0. 0. 0. 0. 0. 0. 0. 0. 0. 0. 0. 0. 0. 0. 0. 0. 0. 0. 0.
 0. 1. 1. 1. 1. 1. 0. 0. 0. 0. 0. 1. 1. 1. 1. 1. 1. 1. 1. 1. 1. 1. 1. 1.
 1. 1. 0. 0. 0. 0. 0. 0. 0. 0. 0. 0. 0. 0. 0. 0. 0. 0. 0. 0. 0. 0. 0. 0.
 0. 0. 0. 0. 0. 0. 0. 0. 0. 0. 0. 0. 0. 0. 0. 0. 0. 0. 0. 0. 0. 0. 0. 0.
 0. 0. 0. 0. 0. 0. 0. 0. 0. 0. 0. 0. 0. 0. 0. 0. 0. 0. 0. 0. 0. 0. 0. 0.
 0. 0. 0. 0. 0. 0. 0. 0. 0. 0. 0. 0. 0. 0. 0. 0. 0. 0. 0. 0. 0. 0. 0. 0.
 0. 0. 0. 0. 0. 0. 0. 0. 0. 0. 0. 0. 0. 0. 0. 0. 0. 0. 0. 0. 0. 0. 0. 0.
 0. 0. 0. 0. 0. 0. 0. 0. 0. 0. 0. 0. 0. 0. 0. 0. 0. 0. 0. 0. 0. 0. 0. 0.
 0. 0. 0. 0. 0. 0. 0. 0.]
y_pred:  [1. 1. 0. 1. 1. 1. 1. 0. 0. 1. 1. 1. 0. 1. 0. 1. 0. 1. 1. 1. 1. 1. 1. 1.
 0. 1. 1. 1. 1. 1. 1. 0. 1. 1. 1. 1. 1. 1. 1. 1. 1. 1. 1. 1. 1. 1. 1. 1.
 0. 1. 0. 0. 1. 1. 0. 0. 0. 1. 0. 0. 0. 0. 0. 0. 0. 0. 0. 1. 0. 0. 0. 0.
 0. 1. 0. 0. 0. 0. 0. 0. 0. 0. 0. 0. 0. 0. 0. 0. 0. 0. 0. 0. 0. 1. 0. 1.
 0. 0. 0. 0. 0. 0. 0. 0. 0. 0. 1. 0. 0. 1. 1. 0. 0. 1. 0. 0. 0. 0. 0. 0.
 0. 0. 0. 0. 1. 0. 0. 1. 0. 0. 0. 0. 0. 1. 0. 0. 0. 0. 1. 0. 0. 1. 0. 0.
 1. 0. 0. 0. 0. 0. 0. 0. 0. 0. 0. 0. 1. 0. 0. 0. 1. 0. 0. 0. 0. 0. 0. 0.
 0. 0. 0. 1. 0. 0. 0. 0. 0. 0. 0. 0. 1. 1. 0. 1. 1. 1. 1. 0. 0. 0. 1. 1.
 0. 0. 0. 0. 0. 0. 0. 0.]
Time taken: 23.4142165184021 seconds
Running combination 50 of 50
Fitting RandomForest...
Fitting Adaboost...
Fitting AdaBoost_2...
Fitting et...
Fitting gbc...
Fitting gbc_2...
Fitting gbc_3...
Fitting dt...
Fitting lr...
Fitting Lasso_1...
Fitting Lasso_2...
Fitting Lasso_3...
Fitting Lasso_4...
Fitting elasticnet...
VCF file created successfully.
pyseer stderr:  Read 1000 phenotypes
Detected continuous phenotype
Reading all variants

0variants [00:00, ?variants/s]
54variants [00:00, 537.22variants/s]
108variants [00:00, 476.01variants/s]
164variants [00:00, 508.94variants/s]
198variants [00:00, 513.46variants/s]
Applying correlation filtering

  0%|          | 0/198 [00:00<?, ?variants/s]
100%|██████████| 198/198 [00:00<00:00, 2640.24variants/s]
Fitting elastic net to top 148 variants
Best penalty (lambda) from cross-validation: 2.06E+01
Best R^2 from cross-validation: 0.463
Finding and printing selected variants
198 loaded variants
50 pre-filtered variants
148 tested variants
134 printed variants

True importance standardized:  [0.19350001 0.19350001 0.19350001 0.19350001 0.19350001 1.
 1.         1.         1.         1.         0.79673579 0.79673579
 0.79673579 0.79673579 0.79673579 0.55680786 0.55680786 0.55680786
 0.55680786 0.55680786 0.11739802 0.11739802 0.11739802 0.11739802
 0.11739802 0.40896624 0.40896624 0.40896624 0.40896624 0.40896624
 0.89350218 0.89350218 0.89350218 0.89350218 0.89350218 0.36966853
 0.36966853 0.36966853 0.36966853 0.36966853 0.73949295 0.73949295
 0.73949295 0.73949295 0.73949295 0.99166238 0.99166238 0.99166238
 0.99166238 0.99166238 0.         0.         0.         0.
 0.         0.         0.         0.         0.         0.
 0.         0.         0.         0.         0.         0.
 0.         0.         0.         0.         0.         0.
 0.         0.         0.         0.         0.         0.
 0.         0.         0.         0.         0.         0.
 0.         0.         0.         0.         0.         0.
 0.         0.         0.         0.         0.         0.
 0.         0.         0.         0.         0.         0.
 0.         0.         0.         0.         0.         0.
 0.         0.         0.         0.         0.         0.
 0.         0.         0.         0.         0.         0.
 0.         0.         0.         0.         0.         0.
 0.         0.         0.         0.         0.         0.
 0.         0.         0.         0.         0.         0.
 0.         0.         0.         0.         0.         0.
 0.         0.         0.         0.         0.         0.
 0.         0.         0.         0.         0.         0.
 0.         0.         0.         0.         0.         0.
 0.         0.         0.         0.         0.         0.
 0.         0.         0.         0.         0.         0.
 0.         0.         0.         0.         0.         0.
 0.         0.         0.         0.         0.         0.
 0.         0.         0.         0.         0.         0.
 0.         0.         0.         0.         0.         0.
 0.         0.        ]
Normalized importance:  [0.         0.         0.         0.         0.         0.85952643
 0.85952643 0.85952643 0.85952643 0.85952643 0.470893   0.470893
 0.470893   0.470893   0.470893   0.15316385 0.15316385 0.15316385
 0.15316385 0.15316385 0.         0.         0.         0.
 0.         0.14032977 0.14032977 0.14032977 0.14032977 0.14032977
 0.53287945 0.53287945 0.53287945 0.53287945 0.53287945 0.09282412
 0.09282412 0.09282412 0.09282412 0.09282412 0.58264615 0.58264615
 0.58264615 0.58264615 0.58264615 1.         1.         1.
 1.         1.         0.         0.         0.         0.
 0.         0.         0.0492354  0.         0.         0.
 0.         0.         0.         0.06493531 0.         0.
 0.         0.         0.         0.         0.         0.03557947
 0.         0.         0.         0.         0.         0.
 0.         0.         0.         0.         0.         0.
 0.         0.         0.         0.         0.         0.
 0.         0.         0.         0.         0.         0.
 0.         0.         0.         0.         0.         0.
 0.         0.         0.         0.         0.         0.
 0.         0.         0.         0.         0.         0.
 0.         0.         0.         0.06527183 0.01272605 0.
 0.         0.         0.         0.         0.         0.
 0.         0.         0.         0.         0.         0.
 0.         0.         0.         0.         0.         0.
 0.         0.         0.         0.         0.         0.
 0.         0.         0.         0.         0.         0.
 0.         0.         0.         0.04355291 0.         0.
 0.         0.         0.         0.         0.         0.
 0.         0.         0.         0.         0.         0.
 0.         0.03144589 0.         0.         0.         0.
 0.         0.         0.         0.         0.         0.
 0.         0.         0.         0.         0.         0.
 0.         0.         0.         0.         0.         0.
 0.         0.         0.         0.         0.         0.
 0.         0.        ]
deepbreaks
y_true:  [0. 0. 0. 0. 0. 1. 1. 1. 1. 1. 1. 1. 1. 1. 1. 0. 0. 0. 0. 0. 0. 0. 0. 0.
 0. 0. 0. 0. 0. 0. 1. 1. 1. 1. 1. 0. 0. 0. 0. 0. 1. 1. 1. 1. 1. 1. 1. 1.
 1. 1. 0. 0. 0. 0. 0. 0. 0. 0. 0. 0. 0. 0. 0. 0. 0. 0. 0. 0. 0. 0. 0. 0.
 0. 0. 0. 0. 0. 0. 0. 0. 0. 0. 0. 0. 0. 0. 0. 0. 0. 0. 0. 0. 0. 0. 0. 0.
 0. 0. 0. 0. 0. 0. 0. 0. 0. 0. 0. 0. 0. 0. 0. 0. 0. 0. 0. 0. 0. 0. 0. 0.
 0. 0. 0. 0. 0. 0. 0. 0. 0. 0. 0. 0. 0. 0. 0. 0. 0. 0. 0. 0. 0. 0. 0. 0.
 0. 0. 0. 0. 0. 0. 0. 0. 0. 0. 0. 0. 0. 0. 0. 0. 0. 0. 0. 0. 0. 0. 0. 0.
 0. 0. 0. 0. 0. 0. 0. 0. 0. 0. 0. 0. 0. 0. 0. 0. 0. 0. 0. 0. 0. 0. 0. 0.
 0. 0. 0. 0. 0. 0. 0. 0.]
y_pred:  [0. 0. 0. 0. 0. 1. 1. 1. 1. 1. 1. 1. 1. 1. 1. 0. 0. 0. 0. 0. 0. 0. 0. 0.
 0. 0. 0. 0. 0. 0. 1. 1. 1. 1. 1. 0. 0. 0. 0. 0. 1. 1. 1. 1. 1. 1. 1. 1.
 1. 1. 0. 0. 0. 0. 0. 0. 0. 0. 0. 0. 0. 0. 0. 0. 0. 0. 0. 0. 0. 0. 0. 0.
 0. 0. 0. 0. 0. 0. 0. 0. 0. 0. 0. 0. 0. 0. 0. 0. 0. 0. 0. 0. 0. 0. 0. 0.
 0. 0. 0. 0. 0. 0. 0. 0. 0. 0. 0. 0. 0. 0. 0. 0. 0. 0. 0. 0. 0. 0. 0. 0.
 0. 0. 0. 0. 0. 0. 0. 0. 0. 0. 0. 0. 0. 0. 0. 0. 0. 0. 0. 0. 0. 0. 0. 0.
 0. 0. 0. 0. 0. 0. 0. 0. 0. 0. 0. 0. 0. 0. 0. 0. 0. 0. 0. 0. 0. 0. 0. 0.
 0. 0. 0. 0. 0. 0. 0. 0. 0. 0. 0. 0. 0. 0. 0. 0. 0. 0. 0. 0. 0. 0. 0. 0.
 0. 0. 0. 0. 0. 0. 0. 0.]
Normalized importance:  [0.15       0.         0.06868421 0.15       0.07302632 0.83947368
 0.60789474 0.51973684 0.10078947 0.45394737 0.63815789 0.36710526
 0.35921053 0.47368421 0.34342105 0.41052632 0.06565789 0.40789474
 0.28684211 0.27763158 0.06973684 0.         0.10342105 0.04394737
 0.00115789 0.43684211 0.10486842 0.14736842 0.25789474 0.23684211
 0.79342105 0.46973684 0.16842105 0.27236842 0.36578947 0.42236842
 0.28552632 0.07631579 0.01526316 0.02039474 0.76973684 0.22236842
 0.26447368 0.50657895 0.42631579 1.         0.35921053 0.32763158
 0.49868421 0.39868421 0.175      0.         0.23552632 0.14210526
 0.         0.17894737 0.24605263 0.22105263 0.         0.
 0.         0.         0.02407895 0.10763158 0.         0.00151316
 0.         0.28815789 0.11657895 0.04802632 0.02026316 0.10592105
 0.03263158 0.         0.05947368 0.         0.11065789 0.0925
 0.         0.         0.08013158 0.         0.13684211 0.03210526
 0.         0.10539474 0.12223684 0.013      0.         0.
 0.         0.21710526 0.16973684 0.         0.         0.015
 0.14605263 0.05881579 0.         0.18815789 0.         0.07684211
 0.14078947 0.10513158 0.10157895 0.17894737 0.         0.
 0.         0.         0.         0.         0.08460526 0.16315789
 0.         0.05697368 0.02565789 0.29473684 0.19736842 0.
 0.         0.         0.08289474 0.10657895 0.16973684 0.
 0.11802632 0.         0.         0.10776316 0.24342105 0.12328947
 0.         0.13078947 0.         0.11131579 0.         0.08131579
 0.04526316 0.07697368 0.         0.36842105 0.18552632 0.02881579
 0.15789474 0.         0.05539474 0.21052632 0.         0.
 0.         0.03223684 0.02092105 0.25131579 0.21578947 0.03986842
 0.         0.03223684 0.10842105 0.         0.15526316 0.
 0.         0.03736842 0.         0.         0.00461842 0.
 0.06105263 0.         0.18947368 0.         0.         0.21315789
 0.         0.         0.13157895 0.17105263 0.         0.
 0.         0.         0.00563158 0.         0.00332895 0.03947368
 0.16842105 0.17236842 0.         0.01328947 0.25131579 0.
 0.15526316 0.01328947 0.         0.24473684 0.12460526 0.25789474
 0.         0.        ]
pyseer
y_true:  [0. 0. 0. 0. 0. 1. 1. 1. 1. 1. 1. 1. 1. 1. 1. 0. 0. 0. 0. 0. 0. 0. 0. 0.
 0. 0. 0. 0. 0. 0. 1. 1. 1. 1. 1. 0. 0. 0. 0. 0. 1. 1. 1. 1. 1. 1. 1. 1.
 1. 1. 0. 0. 0. 0. 0. 0. 0. 0. 0. 0. 0. 0. 0. 0. 0. 0. 0. 0. 0. 0. 0. 0.
 0. 0. 0. 0. 0. 0. 0. 0. 0. 0. 0. 0. 0. 0. 0. 0. 0. 0. 0. 0. 0. 0. 0. 0.
 0. 0. 0. 0. 0. 0. 0. 0. 0. 0. 0. 0. 0. 0. 0. 0. 0. 0. 0. 0. 0. 0. 0. 0.
 0. 0. 0. 0. 0. 0. 0. 0. 0. 0. 0. 0. 0. 0. 0. 0. 0. 0. 0. 0. 0. 0. 0. 0.
 0. 0. 0. 0. 0. 0. 0. 0. 0. 0. 0. 0. 0. 0. 0. 0. 0. 0. 0. 0. 0. 0. 0. 0.
 0. 0. 0. 0. 0. 0. 0. 0. 0. 0. 0. 0. 0. 0. 0. 0. 0. 0. 0. 0. 0. 0. 0. 0.
 0. 0. 0. 0. 0. 0. 0. 0.]
y_pred:  [1. 0. 0. 1. 0. 1. 1. 1. 0. 1. 1. 1. 1. 1. 1. 1. 0. 1. 1. 1. 0. 0. 0. 0.
 0. 1. 0. 1. 1. 1. 1. 1. 1. 1. 1. 1. 1. 0. 0. 0. 1. 1. 1. 1. 1. 1. 1. 1.
 1. 1. 1. 0. 1. 0. 0. 1. 1. 1. 0. 0. 0. 0. 0. 0. 0. 0. 0. 1. 0. 0. 0. 0.
 0. 0. 0. 0. 0. 0. 0. 0. 0. 0. 0. 0. 0. 0. 0. 0. 0. 0. 0. 1. 1. 0. 0. 0.
 0. 0. 0. 1. 0. 0. 0. 0. 0. 1. 0. 0. 0. 0. 0. 0. 0. 1. 0. 0. 0. 1. 1. 0.
 0. 0. 0. 0. 1. 0. 0. 0. 0. 0. 1. 0. 0. 0. 0. 0. 0. 0. 0. 0. 0. 1. 1. 0.
 1. 0. 0. 1. 0. 0. 0. 0. 0. 1. 1. 0. 0. 0. 0. 0. 1. 0. 0. 0. 0. 0. 0. 0.
 0. 0. 1. 0. 0. 1. 0. 0. 0. 1. 0. 0. 0. 0. 0. 0. 0. 0. 1. 1. 0. 0. 1. 0.
 1. 0. 0. 1. 0. 1. 0. 0.]
Time taken: 22.777982473373413 seconds
