Number of combinations:  50
Running combination 1 of 50
Fitting RandomForest...
Fitting Adaboost...
Fitting AdaBoost_2...
Fitting et...
Fitting gbc...
Fitting gbc_2...
Fitting gbc_3...
Fitting dt...
Fitting lr...
Fitting Lasso_1...
Fitting Lasso_2...
Fitting Lasso_3...
Fitting Lasso_4...
Fitting elasticnet...
VCF file created successfully.
pyseer stderr:  Read 1000 phenotypes
Detected continuous phenotype
Reading all variants

0variants [00:00, ?variants/s]
54variants [00:00, 532.27variants/s]
108variants [00:00, 471.92variants/s]
163variants [00:00, 504.70variants/s]
198variants [00:00, 509.54variants/s]
Applying correlation filtering

  0%|          | 0/198 [00:00<?, ?variants/s]
100%|██████████| 198/198 [00:00<00:00, 2451.71variants/s]
Fitting elastic net to top 148 variants
Best penalty (lambda) from cross-validation: 4.36E+01
Best R^2 from cross-validation: 0.508
Finding and printing selected variants
198 loaded variants
50 pre-filtered variants
148 tested variants
142 printed variants

True importance standardized:  [0.47121549 0.47121549 0.47121549 0.47121549 0.47121549 0.47121549
 0.47121549 0.47121549 0.47121549 0.47121549 0.81333334 0.81333334
 0.81333334 0.81333334 0.81333334 0.81333334 0.81333334 0.81333334
 0.81333334 0.81333334 0.69828512 0.69828512 0.69828512 0.69828512
 0.69828512 0.69828512 0.69828512 0.69828512 0.69828512 0.69828512
 1.         1.         1.         1.         1.         1.
 1.         1.         1.         1.         0.6761786  0.6761786
 0.6761786  0.6761786  0.6761786  0.6761786  0.6761786  0.6761786
 0.6761786  0.6761786  0.60746903 0.60746903 0.60746903 0.60746903
 0.60746903 0.60746903 0.60746903 0.60746903 0.60746903 0.60746903
 0.24268991 0.24268991 0.24268991 0.24268991 0.24268991 0.24268991
 0.24268991 0.24268991 0.24268991 0.24268991 0.95296966 0.95296966
 0.95296966 0.95296966 0.95296966 0.95296966 0.95296966 0.95296966
 0.95296966 0.95296966 0.79960668 0.79960668 0.79960668 0.79960668
 0.79960668 0.79960668 0.79960668 0.79960668 0.79960668 0.79960668
 0.19882177 0.19882177 0.19882177 0.19882177 0.19882177 0.19882177
 0.19882177 0.19882177 0.19882177 0.19882177 0.         0.
 0.         0.         0.         0.         0.         0.
 0.         0.         0.         0.         0.         0.
 0.         0.         0.         0.         0.         0.
 0.         0.         0.         0.         0.         0.
 0.         0.         0.         0.         0.         0.
 0.         0.         0.         0.         0.         0.
 0.         0.         0.         0.         0.         0.
 0.         0.         0.         0.         0.         0.
 0.         0.         0.         0.         0.         0.
 0.         0.         0.         0.         0.         0.
 0.         0.         0.         0.         0.         0.
 0.         0.         0.         0.         0.         0.
 0.         0.         0.         0.         0.         0.
 0.         0.         0.         0.         0.         0.
 0.         0.         0.         0.         0.         0.
 0.         0.         0.         0.         0.         0.
 0.         0.        ]
Normalized importance:  [0.33743925 0.33743925 0.33743925 0.33743925 0.33743925 0.33743925
 0.33743925 0.33743925 0.33743925 0.33743925 0.78804493 0.78804493
 0.78804493 0.78804493 0.78804493 0.78804493 0.78804493 0.78804493
 0.78804493 0.78804493 0.30813134 0.30813134 0.30813134 0.30813134
 0.30813134 0.30813134 0.30813134 0.30813134 0.30813134 0.30813134
 0.62739298 0.62739298 0.62739298 0.62739298 0.62739298 0.62739298
 0.62739298 0.62739298 0.62739298 0.62739298 0.46818502 0.46818502
 0.46818502 0.46818502 0.46818502 0.46818502 0.46818502 0.46818502
 0.46818502 0.46818502 0.25947728 0.25947728 0.25947728 0.25947728
 0.25947728 0.25947728 0.25947728 0.25947728 0.25947728 0.25947728
 0.03642565 0.         0.03642565 0.         0.         0.03642565
 0.03642565 0.         0.         0.         1.         1.
 1.         1.         1.         1.         1.         1.
 1.         1.         0.57131037 0.57131037 0.57131037 0.57131037
 0.57131037 0.57131037 0.57131037 0.57131037 0.57131037 0.57131037
 0.13668264 0.13668264 0.         0.         0.         0.
 0.         0.13668264 0.13668264 0.         0.         0.02521168
 0.         0.         0.         0.04800647 0.         0.04652803
 0.         0.         0.01759715 0.         0.         0.
 0.         0.         0.         0.         0.02141327 0.
 0.         0.         0.         0.         0.         0.
 0.         0.         0.         0.         0.         0.
 0.         0.         0.         0.         0.         0.
 0.         0.         0.         0.02229153 0.         0.
 0.         0.         0.0066108  0.05745405 0.         0.
 0.         0.         0.         0.         0.00567175 0.
 0.00634933 0.         0.         0.         0.         0.
 0.         0.         0.         0.         0.         0.
 0.         0.         0.         0.         0.         0.
 0.         0.         0.         0.         0.00573035 0.
 0.         0.         0.         0.         0.         0.
 0.         0.         0.         0.         0.         0.
 0.         0.         0.02239342 0.         0.         0.0066536
 0.         0.        ]
deepbreaks
y_true:  [0. 0. 0. 0. 0. 0. 0. 0. 0. 0. 1. 1. 1. 1. 1. 1. 1. 1. 1. 1. 1. 1. 1. 1.
 1. 1. 1. 1. 1. 1. 1. 1. 1. 1. 1. 1. 1. 1. 1. 1. 0. 0. 0. 0. 0. 0. 0. 0.
 0. 0. 0. 0. 0. 0. 0. 0. 0. 0. 0. 0. 0. 0. 0. 0. 0. 0. 0. 0. 0. 0. 1. 1.
 1. 1. 1. 1. 1. 1. 1. 1. 1. 1. 1. 1. 1. 1. 1. 1. 1. 1. 0. 0. 0. 0. 0. 0.
 0. 0. 0. 0. 0. 0. 0. 0. 0. 0. 0. 0. 0. 0. 0. 0. 0. 0. 0. 0. 0. 0. 0. 0.
 0. 0. 0. 0. 0. 0. 0. 0. 0. 0. 0. 0. 0. 0. 0. 0. 0. 0. 0. 0. 0. 0. 0. 0.
 0. 0. 0. 0. 0. 0. 0. 0. 0. 0. 0. 0. 0. 0. 0. 0. 0. 0. 0. 0. 0. 0. 0. 0.
 0. 0. 0. 0. 0. 0. 0. 0. 0. 0. 0. 0. 0. 0. 0. 0. 0. 0. 0. 0. 0. 0. 0. 0.
 0. 0. 0. 0. 0. 0. 0. 0.]
y_pred:  [1. 1. 1. 1. 1. 1. 1. 1. 1. 1. 1. 1. 1. 1. 1. 1. 1. 1. 1. 1. 0. 0. 0. 0.
 0. 0. 0. 0. 0. 0. 1. 1. 1. 1. 1. 1. 1. 1. 1. 1. 1. 1. 1. 1. 1. 1. 1. 1.
 1. 1. 0. 0. 0. 0. 0. 0. 0. 0. 0. 0. 0. 0. 0. 0. 0. 0. 0. 0. 0. 0. 1. 1.
 1. 1. 1. 1. 1. 1. 1. 1. 1. 1. 1. 1. 1. 1. 1. 1. 1. 1. 0. 0. 0. 0. 0. 0.
 0. 0. 0. 0. 0. 0. 0. 0. 0. 0. 0. 0. 0. 0. 0. 0. 0. 0. 0. 0. 0. 0. 0. 0.
 0. 0. 0. 0. 0. 0. 0. 0. 0. 0. 0. 0. 0. 0. 0. 0. 0. 0. 0. 0. 0. 0. 0. 0.
 0. 0. 0. 0. 0. 0. 0. 0. 0. 0. 0. 0. 0. 0. 0. 0. 0. 0. 0. 0. 0. 0. 0. 0.
 0. 0. 0. 0. 0. 0. 0. 0. 0. 0. 0. 0. 0. 0. 0. 0. 0. 0. 0. 0. 0. 0. 0. 0.
 0. 0. 0. 0. 0. 0. 0. 0.]
Normalized importance:  [0.71070615 0.16173121 0.1856492  0.80068337 0.35307517 0.19589977
 0.         0.14920273 0.58769932 0.46355353 0.85193622 0.6070615
 0.23348519 0.43394077 0.6309795  0.54669704 0.57289294 0.16173121
 0.37813212 0.44419134 0.65034169 0.65603645 0.         0.31207289
 0.06366743 0.24715262 0.42482916 0.09476082 0.43735763 0.56492027
 0.75626424 0.65603645 0.3667426  0.34851936 0.26765376 0.37585421
 0.37927107 0.71867882 0.46355353 0.63667426 0.70159453 0.05603645
 0.24031891 0.72665148 0.4476082  0.30523918 0.14578588 0.48291572
 0.6047836  0.20387244 0.44419134 0.40432802 0.         0.38838269
 0.28929385 0.30296128 0.43166287 0.4738041  0.00962415 0.34510251
 0.20501139 0.17881549 0.30751708 0.17995444 0.         0.00271071
 0.20159453 0.07881549 0.         0.11617312 1.         0.36446469
 0.14236902 0.64806378 0.45899772 0.61275626 0.32801822 0.55694761
 0.48974943 0.70045558 0.79157175 0.05136674 0.13667426 0.64009112
 0.55125285 0.35421412 0.58997722 0.13439636 0.43963554 0.53075171
 0.3690205  0.46810934 0.15148064 0.24487472 0.07323462 0.05045558
 0.         0.26537585 0.58314351 0.         0.         0.53530752
 0.476082   0.         0.         0.62300683 0.         0.56719818
 0.2357631  0.         0.11503417 0.         0.17539863 0.
 0.39635535 0.27562642 0.         0.         0.4214123  0.
 0.         0.         0.         0.22779043 0.         0.39863326
 0.20615034 0.02129841 0.15148064 0.16856492 0.         0.
 0.         0.         0.         0.02118451 0.37927107 0.48974943
 0.         0.27790433 0.11617312 0.37015945 0.         0.00211845
 0.         0.         0.48405467 0.66287016 0.         0.52505695
 0.16856492 0.         0.         0.         0.13895216 0.27220957
 0.27676538 0.         0.         0.0998861  0.11845103 0.
 0.37471526 0.24943052 0.         0.         0.         0.3166287
 0.44305239 0.         0.         0.1332574  0.41116173 0.44191344
 0.10820046 0.         0.17084282 0.         0.19931663 0.
 0.         0.         0.         0.         0.10102506 0.
 0.         0.         0.         0.06002278 0.24373576 0.2881549
 0.29271071 0.         0.14806378 0.         0.         0.08041002
 0.         0.        ]
pyseer
y_true:  [0. 0. 0. 0. 0. 0. 0. 0. 0. 0. 1. 1. 1. 1. 1. 1. 1. 1. 1. 1. 1. 1. 1. 1.
 1. 1. 1. 1. 1. 1. 1. 1. 1. 1. 1. 1. 1. 1. 1. 1. 0. 0. 0. 0. 0. 0. 0. 0.
 0. 0. 0. 0. 0. 0. 0. 0. 0. 0. 0. 0. 0. 0. 0. 0. 0. 0. 0. 0. 0. 0. 1. 1.
 1. 1. 1. 1. 1. 1. 1. 1. 1. 1. 1. 1. 1. 1. 1. 1. 1. 1. 0. 0. 0. 0. 0. 0.
 0. 0. 0. 0. 0. 0. 0. 0. 0. 0. 0. 0. 0. 0. 0. 0. 0. 0. 0. 0. 0. 0. 0. 0.
 0. 0. 0. 0. 0. 0. 0. 0. 0. 0. 0. 0. 0. 0. 0. 0. 0. 0. 0. 0. 0. 0. 0. 0.
 0. 0. 0. 0. 0. 0. 0. 0. 0. 0. 0. 0. 0. 0. 0. 0. 0. 0. 0. 0. 0. 0. 0. 0.
 0. 0. 0. 0. 0. 0. 0. 0. 0. 0. 0. 0. 0. 0. 0. 0. 0. 0. 0. 0. 0. 0. 0. 0.
 0. 0. 0. 0. 0. 0. 0. 0.]
y_pred:  [1. 0. 0. 1. 1. 0. 0. 0. 1. 1. 1. 1. 0. 1. 1. 1. 1. 0. 1. 1. 1. 1. 0. 0.
 0. 0. 1. 0. 1. 1. 1. 1. 1. 0. 0. 1. 1. 1. 1. 1. 1. 0. 0. 1. 1. 0. 0. 1.
 1. 0. 1. 1. 0. 1. 0. 0. 1. 1. 0. 0. 0. 0. 0. 0. 0. 0. 0. 0. 0. 0. 1. 1.
 0. 1. 1. 1. 0. 1. 1. 1. 1. 0. 0. 1. 1. 1. 1. 0. 1. 1. 1. 1. 0. 0. 0. 0.
 0. 0. 1. 0. 0. 1. 1. 0. 0. 1. 0. 1. 0. 0. 0. 0. 0. 0. 1. 0. 0. 0. 1. 0.
 0. 0. 0. 0. 0. 1. 0. 0. 0. 0. 0. 0. 0. 0. 0. 0. 1. 1. 0. 0. 0. 1. 0. 0.
 0. 0. 1. 1. 0. 1. 0. 0. 0. 0. 0. 0. 0. 0. 0. 0. 0. 0. 1. 0. 0. 0. 0. 0.
 1. 0. 0. 0. 1. 1. 0. 0. 0. 0. 0. 0. 0. 0. 0. 0. 0. 0. 0. 0. 0. 0. 0. 0.
 0. 0. 0. 0. 0. 0. 0. 0.]
Time taken: 35.346641063690186 seconds
Running combination 2 of 50
Fitting RandomForest...
Fitting Adaboost...
Fitting AdaBoost_2...
Fitting et...
Fitting gbc...
Fitting gbc_2...
Fitting gbc_3...
Fitting dt...
Fitting lr...
Fitting Lasso_1...
Fitting Lasso_2...
Fitting Lasso_3...
Fitting Lasso_4...
Fitting elasticnet...
VCF file created successfully.
pyseer stderr:  Read 1000 phenotypes
Detected continuous phenotype
Reading all variants

0variants [00:00, ?variants/s]
55variants [00:00, 545.37variants/s]
110variants [00:00, 476.97variants/s]
165variants [00:00, 506.21variants/s]
198variants [00:00, 508.89variants/s]
Applying correlation filtering

  0%|          | 0/198 [00:00<?, ?variants/s]
100%|██████████| 198/198 [00:00<00:00, 2690.62variants/s]
Fitting elastic net to top 148 variants
Best penalty (lambda) from cross-validation: 2.97E+01
Best R^2 from cross-validation: 0.530
Finding and printing selected variants
198 loaded variants
50 pre-filtered variants
148 tested variants
138 printed variants

True importance standardized:  [0.9763502  0.9763502  0.9763502  0.9763502  0.9763502  0.9763502
 0.9763502  0.9763502  0.9763502  0.9763502  0.75109123 0.75109123
 0.75109123 0.75109123 0.75109123 0.75109123 0.75109123 0.75109123
 0.75109123 0.75109123 1.         1.         1.         1.
 1.         1.         1.         1.         1.         1.
 0.89737671 0.89737671 0.89737671 0.89737671 0.89737671 0.89737671
 0.89737671 0.89737671 0.89737671 0.89737671 0.86502032 0.86502032
 0.86502032 0.86502032 0.86502032 0.86502032 0.86502032 0.86502032
 0.86502032 0.86502032 0.45953564 0.45953564 0.45953564 0.45953564
 0.45953564 0.45953564 0.45953564 0.45953564 0.45953564 0.45953564
 0.29516789 0.29516789 0.29516789 0.29516789 0.29516789 0.29516789
 0.29516789 0.29516789 0.29516789 0.29516789 0.51623747 0.51623747
 0.51623747 0.51623747 0.51623747 0.51623747 0.51623747 0.51623747
 0.51623747 0.51623747 0.5407986  0.5407986  0.5407986  0.5407986
 0.5407986  0.5407986  0.5407986  0.5407986  0.5407986  0.5407986
 0.16321078 0.16321078 0.16321078 0.16321078 0.16321078 0.16321078
 0.16321078 0.16321078 0.16321078 0.16321078 0.         0.
 0.         0.         0.         0.         0.         0.
 0.         0.         0.         0.         0.         0.
 0.         0.         0.         0.         0.         0.
 0.         0.         0.         0.         0.         0.
 0.         0.         0.         0.         0.         0.
 0.         0.         0.         0.         0.         0.
 0.         0.         0.         0.         0.         0.
 0.         0.         0.         0.         0.         0.
 0.         0.         0.         0.         0.         0.
 0.         0.         0.         0.         0.         0.
 0.         0.         0.         0.         0.         0.
 0.         0.         0.         0.         0.         0.
 0.         0.         0.         0.         0.         0.
 0.         0.         0.         0.         0.         0.
 0.         0.         0.         0.         0.         0.
 0.         0.         0.         0.         0.         0.
 0.         0.        ]
Normalized importance:  [0.89182257 0.89182257 0.89182257 0.89182257 0.89182257 0.89182257
 0.89182257 0.89182257 0.89182257 0.89182257 0.63162096 0.63162096
 0.63162096 0.63162096 0.63162096 0.63162096 0.63162096 0.63162096
 0.63162096 0.63162096 1.         1.         1.         1.
 1.         1.         1.         1.         1.         1.
 0.89357344 0.89357344 0.89357344 0.89357344 0.89357344 0.89357344
 0.89357344 0.89357344 0.89357344 0.89357344 0.66542699 0.66542699
 0.66542699 0.66542699 0.66542699 0.66542699 0.66542699 0.66542699
 0.66542699 0.66542699 0.17334927 0.17334927 0.17334927 0.17334927
 0.17334927 0.17334927 0.17334927 0.17334927 0.17334927 0.17334927
 0.07529054 0.07529054 0.07529054 0.         0.07529054 0.07529054
 0.07529054 0.         0.07529054 0.07529054 0.24850748 0.24850748
 0.24850748 0.24850748 0.24850748 0.24850748 0.24850748 0.24850748
 0.24850748 0.24850748 0.23907657 0.23907657 0.23907657 0.23907657
 0.23907657 0.23907657 0.23907657 0.23907657 0.23907657 0.23907657
 0.06365356 0.06365356 0.06365356 0.06365356 0.06365356 0.06365356
 0.06365356 0.         0.         0.06365356 0.         0.
 0.         0.01284503 0.         0.         0.         0.
 0.         0.         0.         0.         0.         0.
 0.         0.         0.         0.         0.         0.
 0.         0.01896678 0.         0.         0.         0.
 0.         0.         0.         0.         0.         0.
 0.         0.         0.         0.         0.06374058 0.04856758
 0.         0.         0.         0.         0.         0.
 0.06664257 0.         0.         0.         0.         0.
 0.         0.         0.         0.         0.         0.
 0.         0.         0.         0.         0.         0.
 0.         0.         0.         0.         0.         0.03505819
 0.         0.         0.01138829 0.         0.         0.02177436
 0.         0.         0.         0.         0.         0.
 0.01403311 0.         0.         0.         0.         0.
 0.         0.         0.         0.         0.         0.
 0.         0.         0.         0.03687791 0.         0.01984955
 0.         0.        ]
deepbreaks
y_true:  [1. 1. 1. 1. 1. 1. 1. 1. 1. 1. 1. 1. 1. 1. 1. 1. 1. 1. 1. 1. 1. 1. 1. 1.
 1. 1. 1. 1. 1. 1. 1. 1. 1. 1. 1. 1. 1. 1. 1. 1. 1. 1. 1. 1. 1. 1. 1. 1.
 1. 1. 0. 0. 0. 0. 0. 0. 0. 0. 0. 0. 0. 0. 0. 0. 0. 0. 0. 0. 0. 0. 0. 0.
 0. 0. 0. 0. 0. 0. 0. 0. 0. 0. 0. 0. 0. 0. 0. 0. 0. 0. 0. 0. 0. 0. 0. 0.
 0. 0. 0. 0. 0. 0. 0. 0. 0. 0. 0. 0. 0. 0. 0. 0. 0. 0. 0. 0. 0. 0. 0. 0.
 0. 0. 0. 0. 0. 0. 0. 0. 0. 0. 0. 0. 0. 0. 0. 0. 0. 0. 0. 0. 0. 0. 0. 0.
 0. 0. 0. 0. 0. 0. 0. 0. 0. 0. 0. 0. 0. 0. 0. 0. 0. 0. 0. 0. 0. 0. 0. 0.
 0. 0. 0. 0. 0. 0. 0. 0. 0. 0. 0. 0. 0. 0. 0. 0. 0. 0. 0. 0. 0. 0. 0. 0.
 0. 0. 0. 0. 0. 0. 0. 0.]
y_pred:  [1. 1. 1. 1. 1. 1. 1. 1. 1. 1. 1. 1. 1. 1. 1. 1. 1. 1. 1. 1. 1. 1. 1. 1.
 1. 1. 1. 1. 1. 1. 1. 1. 1. 1. 1. 1. 1. 1. 1. 1. 1. 1. 1. 1. 1. 1. 1. 1.
 1. 1. 0. 0. 0. 0. 0. 0. 0. 0. 0. 0. 0. 0. 0. 0. 0. 0. 0. 0. 0. 0. 1. 1.
 1. 1. 1. 1. 1. 1. 1. 1. 0. 0. 0. 0. 0. 0. 0. 0. 0. 0. 0. 0. 0. 0. 0. 0.
 0. 0. 0. 0. 0. 0. 0. 0. 0. 0. 0. 0. 0. 0. 0. 0. 0. 0. 0. 0. 0. 0. 0. 0.
 0. 0. 0. 0. 0. 0. 0. 0. 0. 0. 0. 0. 0. 0. 0. 0. 0. 0. 0. 0. 0. 0. 0. 0.
 0. 0. 0. 0. 0. 0. 0. 0. 0. 0. 0. 0. 0. 0. 0. 0. 0. 0. 0. 0. 0. 0. 0. 0.
 0. 0. 0. 0. 0. 0. 0. 0. 0. 0. 0. 0. 0. 0. 0. 0. 0. 0. 0. 0. 0. 0. 0. 0.
 0. 0. 0. 0. 0. 0. 0. 0.]
Normalized importance:  [1.         0.5984252  0.23149606 0.25984252 0.5496063  0.65354331
 0.37637795 0.37322835 0.46614173 0.36220472 0.59370079 0.34173228
 0.5023622  0.37952756 0.11905512 0.69448819 0.27244094 0.45826772
 0.07826772 0.48503937 0.99212598 0.13574803 0.33385827 0.65669291
 0.48976378 0.61259843 0.52755906 0.53858268 0.3007874  0.78110236
 0.9023622  0.27086614 0.29448819 0.27874016 0.42834646 0.37795276
 0.4        0.17637795 0.68661417 0.77322835 0.73385827 0.46141732
 0.44094488 0.14661417 0.61732283 0.38740157 0.25984252 0.34173228
 0.70551181 0.60629921 0.5007874  0.         0.36850394 0.13700787
 0.57165354 0.02299213 0.31181102 0.31496063 0.38740157 0.31811024
 0.29291339 0.29291339 0.10031496 0.05574803 0.22834646 0.40472441
 0.08488189 0.00606299 0.1192126  0.32125984 0.51496063 0.
 0.24251969 0.59212598 0.41102362 0.25669291 0.44251969 0.2976378
 0.09212598 0.18267717 0.58582677 0.46141732 0.15748031 0.21889764
 0.47401575 0.24094488 0.         0.28976378 0.26929134 0.45984252
 0.35748031 0.26141732 0.01226772 0.16220472 0.09007874 0.10094488
 0.         0.01218898 0.06629921 0.09826772 0.07574803 0.
 0.         0.07291339 0.         0.13007874 0.         0.
 0.         0.         0.         0.         0.20629921 0.
 0.22047244 0.27086614 0.33070866 0.         0.         0.21889764
 0.         0.15748031 0.         0.         0.         0.20629921
 0.         0.26456693 0.         0.         0.         0.
 0.         0.06362205 0.09527559 0.         0.55748031 0.53070866
 0.         0.         0.22677165 0.         0.06629921 0.
 0.53543307 0.2015748  0.         0.         0.37795276 0.
 0.         0.         0.         0.15480315 0.         0.
 0.         0.         0.         0.         0.11055118 0.32440945
 0.02425197 0.         0.         0.34645669 0.42519685 0.27559055
 0.         0.         0.41574803 0.47086614 0.         0.6015748
 0.         0.         0.         0.         0.11370079 0.
 0.53070866 0.         0.28661417 0.28346457 0.         0.
 0.04141732 0.03307087 0.         0.         0.         0.30708661
 0.0592126  0.05354331 0.05905512 0.24409449 0.         0.3007874
 0.         0.        ]
pyseer
y_true:  [1. 1. 1. 1. 1. 1. 1. 1. 1. 1. 1. 1. 1. 1. 1. 1. 1. 1. 1. 1. 1. 1. 1. 1.
 1. 1. 1. 1. 1. 1. 1. 1. 1. 1. 1. 1. 1. 1. 1. 1. 1. 1. 1. 1. 1. 1. 1. 1.
 1. 1. 0. 0. 0. 0. 0. 0. 0. 0. 0. 0. 0. 0. 0. 0. 0. 0. 0. 0. 0. 0. 0. 0.
 0. 0. 0. 0. 0. 0. 0. 0. 0. 0. 0. 0. 0. 0. 0. 0. 0. 0. 0. 0. 0. 0. 0. 0.
 0. 0. 0. 0. 0. 0. 0. 0. 0. 0. 0. 0. 0. 0. 0. 0. 0. 0. 0. 0. 0. 0. 0. 0.
 0. 0. 0. 0. 0. 0. 0. 0. 0. 0. 0. 0. 0. 0. 0. 0. 0. 0. 0. 0. 0. 0. 0. 0.
 0. 0. 0. 0. 0. 0. 0. 0. 0. 0. 0. 0. 0. 0. 0. 0. 0. 0. 0. 0. 0. 0. 0. 0.
 0. 0. 0. 0. 0. 0. 0. 0. 0. 0. 0. 0. 0. 0. 0. 0. 0. 0. 0. 0. 0. 0. 0. 0.
 0. 0. 0. 0. 0. 0. 0. 0.]
y_pred:  [1. 1. 0. 0. 1. 1. 1. 1. 1. 1. 1. 1. 1. 1. 0. 1. 0. 1. 0. 1. 1. 0. 1. 1.
 1. 1. 1. 1. 1. 1. 1. 0. 0. 0. 1. 1. 1. 0. 1. 1. 1. 1. 1. 0. 1. 1. 0. 1.
 1. 1. 1. 0. 1. 0. 1. 0. 1. 1. 1. 1. 0. 0. 0. 0. 0. 1. 0. 0. 0. 1. 1. 0.
 0. 1. 1. 0. 1. 0. 0. 0. 1. 1. 0. 0. 1. 0. 0. 0. 0. 1. 1. 0. 0. 0. 0. 0.
 0. 0. 0. 0. 0. 0. 0. 0. 0. 0. 0. 0. 0. 0. 0. 0. 0. 0. 0. 0. 1. 0. 0. 0.
 0. 0. 0. 0. 0. 0. 0. 0. 0. 0. 0. 0. 0. 0. 0. 0. 1. 1. 0. 0. 0. 0. 0. 0.
 1. 0. 0. 0. 1. 0. 0. 0. 0. 0. 0. 0. 0. 0. 0. 0. 0. 1. 0. 0. 0. 1. 1. 0.
 0. 0. 1. 1. 0. 1. 0. 0. 0. 0. 0. 0. 1. 0. 0. 0. 0. 0. 0. 0. 0. 0. 0. 1.
 0. 0. 0. 0. 0. 1. 0. 0.]
Time taken: 24.413400411605835 seconds
Running combination 3 of 50
Fitting RandomForest...
Fitting Adaboost...
Fitting AdaBoost_2...
Fitting et...
Fitting gbc...
Fitting gbc_2...
Fitting gbc_3...
Fitting dt...
Fitting lr...
Fitting Lasso_1...
Fitting Lasso_2...
Fitting Lasso_3...
Fitting Lasso_4...
Fitting elasticnet...
VCF file created successfully.
pyseer stderr:  Read 1000 phenotypes
Detected continuous phenotype
Reading all variants

0variants [00:00, ?variants/s]
54variants [00:00, 530.69variants/s]
108variants [00:00, 469.34variants/s]
162variants [00:00, 498.87variants/s]
198variants [00:00, 501.12variants/s]
Applying correlation filtering

  0%|          | 0/198 [00:00<?, ?variants/s]
100%|██████████| 198/198 [00:00<00:00, 2687.57variants/s]
Fitting elastic net to top 148 variants
Best penalty (lambda) from cross-validation: 7.45E+00
Best R^2 from cross-validation: 0.448
Finding and printing selected variants
198 loaded variants
50 pre-filtered variants
148 tested variants
138 printed variants

True importance standardized:  [0.54748198 0.54748198 0.54748198 0.54748198 0.54748198 0.54748198
 0.54748198 0.54748198 0.54748198 0.54748198 0.40312333 0.40312333
 0.40312333 0.40312333 0.40312333 0.40312333 0.40312333 0.40312333
 0.40312333 0.40312333 0.22953642 0.22953642 0.22953642 0.22953642
 0.22953642 0.22953642 0.22953642 0.22953642 0.22953642 0.22953642
 0.12700472 0.12700472 0.12700472 0.12700472 0.12700472 0.12700472
 0.12700472 0.12700472 0.12700472 0.12700472 0.36451377 0.36451377
 0.36451377 0.36451377 0.36451377 0.36451377 0.36451377 0.36451377
 0.36451377 0.36451377 0.21694782 0.21694782 0.21694782 0.21694782
 0.21694782 0.21694782 0.21694782 0.21694782 0.21694782 0.21694782
 0.30711574 0.30711574 0.30711574 0.30711574 0.30711574 0.30711574
 0.30711574 0.30711574 0.30711574 0.30711574 0.62848317 0.62848317
 0.62848317 0.62848317 0.62848317 0.62848317 0.62848317 0.62848317
 0.62848317 0.62848317 0.17168628 0.17168628 0.17168628 0.17168628
 0.17168628 0.17168628 0.17168628 0.17168628 0.17168628 0.17168628
 1.         1.         1.         1.         1.         1.
 1.         1.         1.         1.         0.         0.
 0.         0.         0.         0.         0.         0.
 0.         0.         0.         0.         0.         0.
 0.         0.         0.         0.         0.         0.
 0.         0.         0.         0.         0.         0.
 0.         0.         0.         0.         0.         0.
 0.         0.         0.         0.         0.         0.
 0.         0.         0.         0.         0.         0.
 0.         0.         0.         0.         0.         0.
 0.         0.         0.         0.         0.         0.
 0.         0.         0.         0.         0.         0.
 0.         0.         0.         0.         0.         0.
 0.         0.         0.         0.         0.         0.
 0.         0.         0.         0.         0.         0.
 0.         0.         0.         0.         0.         0.
 0.         0.         0.         0.         0.         0.
 0.         0.         0.         0.         0.         0.
 0.         0.        ]
Normalized importance:  [0.59561713 0.59561713 0.59561713 0.59561713 0.59561713 0.59561713
 0.59561713 0.59561713 0.59561713 0.59561713 0.47930301 0.47930301
 0.47930301 0.47930301 0.47930301 0.47930301 0.47930301 0.47930301
 0.47930301 0.47930301 0.1893618  0.1893618  0.1893618  0.1893618
 0.1893618  0.1893618  0.1893618  0.1893618  0.1893618  0.1893618
 0.         0.         0.         0.         0.         0.08195081
 0.         0.         0.         0.         0.37131334 0.37131334
 0.37131334 0.37131334 0.37131334 0.37131334 0.37131334 0.37131334
 0.37131334 0.37131334 0.2965655  0.2965655  0.2965655  0.2965655
 0.2965655  0.2965655  0.2965655  0.2965655  0.2965655  0.2965655
 0.25916926 0.25916926 0.25916926 0.25916926 0.25916926 0.25916926
 0.25916926 0.25916926 0.25916926 0.25916926 0.58561856 0.58561856
 0.58561856 0.58561856 0.58561856 0.58561856 0.58561856 0.58561856
 0.58561856 0.58561856 0.         0.         0.         0.
 0.         0.18543971 0.         0.         0.         0.
 1.         1.         1.         1.         1.         1.
 1.         1.         1.         1.         0.         0.
 0.         0.         0.         0.06787966 0.         0.
 0.04230154 0.         0.         0.         0.         0.
 0.         0.         0.         0.         0.         0.
 0.         0.         0.         0.         0.         0.
 0.         0.         0.         0.06922641 0.         0.
 0.         0.         0.         0.         0.         0.07996659
 0.         0.         0.         0.         0.         0.
 0.         0.         0.1238855  0.         0.         0.
 0.         0.         0.         0.         0.         0.
 0.         0.         0.         0.         0.         0.
 0.         0.         0.         0.         0.         0.
 0.         0.         0.         0.         0.         0.
 0.         0.         0.         0.         0.         0.
 0.         0.         0.         0.         0.         0.
 0.         0.         0.         0.         0.         0.
 0.         0.03824624 0.         0.         0.         0.
 0.         0.        ]
deepbreaks
y_true:  [1. 1. 1. 1. 1. 1. 1. 1. 1. 1. 1. 1. 1. 1. 1. 1. 1. 1. 1. 1. 0. 0. 0. 0.
 0. 0. 0. 0. 0. 0. 0. 0. 0. 0. 0. 0. 0. 0. 0. 0. 1. 1. 1. 1. 1. 1. 1. 1.
 1. 1. 0. 0. 0. 0. 0. 0. 0. 0. 0. 0. 0. 0. 0. 0. 0. 0. 0. 0. 0. 0. 1. 1.
 1. 1. 1. 1. 1. 1. 1. 1. 0. 0. 0. 0. 0. 0. 0. 0. 0. 0. 1. 1. 1. 1. 1. 1.
 1. 1. 1. 1. 0. 0. 0. 0. 0. 0. 0. 0. 0. 0. 0. 0. 0. 0. 0. 0. 0. 0. 0. 0.
 0. 0. 0. 0. 0. 0. 0. 0. 0. 0. 0. 0. 0. 0. 0. 0. 0. 0. 0. 0. 0. 0. 0. 0.
 0. 0. 0. 0. 0. 0. 0. 0. 0. 0. 0. 0. 0. 0. 0. 0. 0. 0. 0. 0. 0. 0. 0. 0.
 0. 0. 0. 0. 0. 0. 0. 0. 0. 0. 0. 0. 0. 0. 0. 0. 0. 0. 0. 0. 0. 0. 0. 0.
 0. 0. 0. 0. 0. 0. 0. 0.]
y_pred:  [1. 1. 1. 1. 1. 1. 1. 1. 1. 1. 1. 1. 1. 1. 1. 1. 1. 1. 1. 1. 0. 0. 0. 0.
 0. 0. 0. 0. 0. 0. 0. 0. 0. 0. 0. 0. 0. 0. 0. 0. 1. 1. 1. 1. 1. 1. 1. 1.
 1. 1. 0. 0. 0. 0. 0. 0. 0. 0. 0. 0. 0. 0. 0. 0. 0. 0. 0. 0. 0. 0. 1. 1.
 1. 1. 1. 1. 1. 1. 1. 1. 0. 0. 0. 0. 0. 0. 0. 0. 0. 0. 1. 1. 1. 1. 1. 1.
 1. 1. 1. 1. 0. 0. 0. 0. 0. 0. 0. 0. 0. 0. 0. 0. 0. 0. 0. 0. 0. 0. 0. 0.
 0. 0. 0. 0. 0. 0. 0. 0. 0. 0. 0. 0. 0. 0. 0. 0. 0. 0. 0. 0. 0. 0. 0. 0.
 0. 0. 0. 0. 0. 0. 0. 0. 0. 0. 0. 0. 0. 0. 0. 0. 0. 0. 0. 0. 0. 0. 0. 0.
 0. 0. 0. 0. 0. 0. 0. 0. 0. 0. 0. 0. 0. 0. 0. 0. 0. 0. 0. 0. 0. 0. 0. 0.
 0. 0. 0. 0. 0. 0. 0. 0.]
Normalized importance:  [0.73492063 0.56031746 0.08650794 0.         0.54444444 0.21507937
 0.54920635 0.51428571 0.42777778 0.04595238 0.55793651 0.17301587
 0.4015873  0.14126984 0.07428571 0.26111111 0.62619048 0.1531746
 0.26904762 0.41666667 0.23095238 0.01761905 0.01071429 0.07507937
 0.2531746  0.21904762 0.         0.14047619 0.19206349 0.20555556
 0.02333333 0.         0.         0.00189683 0.         0.36587302
 0.         0.         0.05809524 0.         0.43968254 0.04142857
 0.13253968 0.23412698 0.32063492 0.30634921 0.53174603 0.21587302
 0.20396825 0.         0.3452381  0.28571429 0.30396825 0.06722222
 0.02325397 0.28174603 0.         0.2531746  0.22698413 0.23888889
 0.16746032 0.0402381  0.08888889 0.12857143 0.13015873 0.18492063
 0.37380952 0.06087302 0.2484127  0.28492063 0.71666667 0.31587302
 0.23492063 0.58174603 0.14365079 0.35634921 0.50396825 0.45396825
 0.16587302 0.36269841 0.15079365 0.         0.         0.10079365
 0.         0.35793651 0.24444444 0.         0.         0.13333333
 1.         0.58333333 0.67380952 0.51746032 0.64365079 0.84126984
 0.46825397 0.78809524 0.73968254 0.36269841 0.         0.09761905
 0.22380952 0.14365079 0.11428571 0.2968254  0.         0.
 0.09285714 0.18888889 0.         0.         0.22380952 0.
 0.         0.         0.1452381  0.         0.         0.
 0.         0.         0.         0.16746032 0.         0.13333333
 0.2        0.02309524 0.         0.3515873  0.06619048 0.15396825
 0.10793651 0.06015873 0.         0.         0.         0.24920635
 0.25952381 0.         0.         0.13809524 0.12301587 0.0054127
 0.         0.03214286 0.45873016 0.17698413 0.         0.05722222
 0.         0.         0.12460317 0.         0.05301587 0.29761905
 0.2515873  0.11428571 0.3015873  0.         0.22698413 0.
 0.05912698 0.1015873  0.12142857 0.         0.23015873 0.04325397
 0.         0.         0.         0.         0.         0.
 0.         0.23968254 0.27460317 0.         0.18015873 0.
 0.         0.20873016 0.15634921 0.23015873 0.         0.12222222
 0.         0.07222222 0.14761905 0.         0.25793651 0.
 0.27063492 0.25555556 0.         0.         0.21031746 0.03507937
 0.         0.        ]
pyseer
y_true:  [1. 1. 1. 1. 1. 1. 1. 1. 1. 1. 1. 1. 1. 1. 1. 1. 1. 1. 1. 1. 0. 0. 0. 0.
 0. 0. 0. 0. 0. 0. 0. 0. 0. 0. 0. 0. 0. 0. 0. 0. 1. 1. 1. 1. 1. 1. 1. 1.
 1. 1. 0. 0. 0. 0. 0. 0. 0. 0. 0. 0. 0. 0. 0. 0. 0. 0. 0. 0. 0. 0. 1. 1.
 1. 1. 1. 1. 1. 1. 1. 1. 0. 0. 0. 0. 0. 0. 0. 0. 0. 0. 1. 1. 1. 1. 1. 1.
 1. 1. 1. 1. 0. 0. 0. 0. 0. 0. 0. 0. 0. 0. 0. 0. 0. 0. 0. 0. 0. 0. 0. 0.
 0. 0. 0. 0. 0. 0. 0. 0. 0. 0. 0. 0. 0. 0. 0. 0. 0. 0. 0. 0. 0. 0. 0. 0.
 0. 0. 0. 0. 0. 0. 0. 0. 0. 0. 0. 0. 0. 0. 0. 0. 0. 0. 0. 0. 0. 0. 0. 0.
 0. 0. 0. 0. 0. 0. 0. 0. 0. 0. 0. 0. 0. 0. 0. 0. 0. 0. 0. 0. 0. 0. 0. 0.
 0. 0. 0. 0. 0. 0. 0. 0.]
y_pred:  [1. 1. 0. 0. 1. 0. 1. 1. 1. 0. 1. 0. 1. 0. 0. 1. 1. 0. 1. 1. 1. 0. 0. 0.
 1. 1. 0. 0. 0. 0. 0. 0. 0. 0. 0. 1. 0. 0. 0. 0. 1. 0. 0. 1. 1. 1. 1. 0.
 0. 0. 1. 1. 1. 0. 0. 1. 0. 1. 1. 1. 0. 0. 0. 0. 0. 0. 1. 0. 1. 1. 1. 1.
 1. 1. 0. 1. 1. 1. 0. 1. 0. 0. 0. 0. 0. 1. 1. 0. 0. 0. 1. 1. 1. 1. 1. 1.
 1. 1. 1. 1. 0. 0. 1. 0. 0. 1. 0. 0. 0. 0. 0. 0. 1. 0. 0. 0. 0. 0. 0. 0.
 0. 0. 0. 0. 0. 0. 0. 0. 0. 1. 0. 0. 0. 0. 0. 0. 0. 1. 1. 0. 0. 0. 0. 0.
 0. 0. 1. 0. 0. 0. 0. 0. 0. 0. 0. 1. 1. 0. 1. 0. 1. 0. 0. 0. 0. 0. 1. 0.
 0. 0. 0. 0. 0. 0. 0. 1. 1. 0. 0. 0. 0. 0. 0. 1. 0. 0. 0. 0. 0. 0. 1. 0.
 1. 1. 0. 0. 0. 0. 0. 0.]
Time taken: 23.629072904586792 seconds
Running combination 4 of 50
Fitting RandomForest...
Fitting Adaboost...
Fitting AdaBoost_2...
Fitting et...
Fitting gbc...
Fitting gbc_2...
Fitting gbc_3...
Fitting dt...
Fitting lr...
Fitting Lasso_1...
Fitting Lasso_2...
Fitting Lasso_3...
Fitting Lasso_4...
Fitting elasticnet...
VCF file created successfully.
pyseer stderr:  Read 1000 phenotypes
Detected continuous phenotype
Reading all variants

0variants [00:00, ?variants/s]
53variants [00:00, 529.24variants/s]
106variants [00:00, 470.44variants/s]
161variants [00:00, 503.96variants/s]
198variants [00:00, 509.20variants/s]
Applying correlation filtering

  0%|          | 0/198 [00:00<?, ?variants/s]
100%|██████████| 198/198 [00:00<00:00, 2409.20variants/s]
Fitting elastic net to top 148 variants
Best penalty (lambda) from cross-validation: 2.45E+01
Best R^2 from cross-validation: 0.522
Finding and printing selected variants
198 loaded variants
50 pre-filtered variants
148 tested variants
136 printed variants

True importance standardized:  [0.24942247 0.24942247 0.24942247 0.24942247 0.24942247 0.24942247
 0.24942247 0.24942247 0.24942247 0.24942247 0.77699678 0.77699678
 0.77699678 0.77699678 0.77699678 0.77699678 0.77699678 0.77699678
 0.77699678 0.77699678 0.36072289 0.36072289 0.36072289 0.36072289
 0.36072289 0.36072289 0.36072289 0.36072289 0.36072289 0.36072289
 0.78851448 0.78851448 0.78851448 0.78851448 0.78851448 0.78851448
 0.78851448 0.78851448 0.78851448 0.78851448 0.76871781 0.76871781
 0.76871781 0.76871781 0.76871781 0.76871781 0.76871781 0.76871781
 0.76871781 0.76871781 1.         1.         1.         1.
 1.         1.         1.         1.         1.         1.
 0.59364023 0.59364023 0.59364023 0.59364023 0.59364023 0.59364023
 0.59364023 0.59364023 0.59364023 0.59364023 0.42778369 0.42778369
 0.42778369 0.42778369 0.42778369 0.42778369 0.42778369 0.42778369
 0.42778369 0.42778369 0.86300335 0.86300335 0.86300335 0.86300335
 0.86300335 0.86300335 0.86300335 0.86300335 0.86300335 0.86300335
 0.91484602 0.91484602 0.91484602 0.91484602 0.91484602 0.91484602
 0.91484602 0.91484602 0.91484602 0.91484602 0.         0.
 0.         0.         0.         0.         0.         0.
 0.         0.         0.         0.         0.         0.
 0.         0.         0.         0.         0.         0.
 0.         0.         0.         0.         0.         0.
 0.         0.         0.         0.         0.         0.
 0.         0.         0.         0.         0.         0.
 0.         0.         0.         0.         0.         0.
 0.         0.         0.         0.         0.         0.
 0.         0.         0.         0.         0.         0.
 0.         0.         0.         0.         0.         0.
 0.         0.         0.         0.         0.         0.
 0.         0.         0.         0.         0.         0.
 0.         0.         0.         0.         0.         0.
 0.         0.         0.         0.         0.         0.
 0.         0.         0.         0.         0.         0.
 0.         0.         0.         0.         0.         0.
 0.         0.        ]
Normalized importance:  [0.05520408 0.         0.05520408 0.05520408 0.         0.05520408
 0.         0.05520408 0.         0.         0.86414827 0.86414827
 0.86414827 0.86414827 0.86414827 0.86414827 0.86414827 0.86414827
 0.86414827 0.86414827 0.07701842 0.07701842 0.         0.07701842
 0.07701842 0.07701842 0.         0.         0.         0.07701842
 0.76197016 0.76197016 0.76197016 0.76197016 0.76197016 0.76197016
 0.76197016 0.76197016 0.76197016 0.76197016 0.69531835 0.69531835
 0.69531835 0.69531835 0.69531835 0.69531835 0.69531835 0.69531835
 0.69531835 0.69531835 1.         1.         1.         1.
 1.         1.         1.         1.         1.         1.
 0.54604807 0.54604807 0.54604807 0.54604807 0.54604807 0.54604807
 0.54604807 0.54604807 0.54604807 0.54604807 0.13320184 0.13320184
 0.13320184 0.13320184 0.13320184 0.13320184 0.13320184 0.13320184
 0.13320184 0.13320184 0.98779035 0.98779035 0.98779035 0.98779035
 0.98779035 0.98779035 0.98779035 0.98779035 0.98779035 0.98779035
 0.89901729 0.89901729 0.89901729 0.89901729 0.89901729 0.89901729
 0.89901729 0.89901729 0.89901729 0.89901729 0.         0.
 0.         0.         0.         0.         0.         0.
 0.         0.         0.01799069 0.         0.05212678 0.
 0.         0.         0.         0.         0.         0.08913607
 0.01934653 0.         0.         0.         0.00175919 0.01259386
 0.         0.         0.         0.         0.         0.
 0.         0.         0.         0.         0.         0.
 0.         0.00394044 0.02626389 0.         0.         0.
 0.         0.         0.         0.         0.         0.
 0.00626642 0.         0.         0.         0.         0.
 0.         0.         0.04185301 0.         0.01874078 0.
 0.         0.         0.         0.04543229 0.         0.
 0.         0.         0.         0.         0.03865763 0.
 0.         0.08824101 0.         0.01960616 0.         0.
 0.         0.         0.         0.01361098 0.         0.02146466
 0.00929409 0.         0.         0.         0.         0.
 0.         0.         0.         0.05630239 0.         0.
 0.         0.        ]
deepbreaks
y_true:  [0. 0. 0. 0. 0. 0. 0. 0. 0. 0. 1. 1. 1. 1. 1. 1. 1. 1. 1. 1. 0. 0. 0. 0.
 0. 0. 0. 0. 0. 0. 1. 1. 1. 1. 1. 1. 1. 1. 1. 1. 0. 0. 0. 0. 0. 0. 0. 0.
 0. 0. 1. 1. 1. 1. 1. 1. 1. 1. 1. 1. 0. 0. 0. 0. 0. 0. 0. 0. 0. 0. 0. 0.
 0. 0. 0. 0. 0. 0. 0. 0. 1. 1. 1. 1. 1. 1. 1. 1. 1. 1. 1. 1. 1. 1. 1. 1.
 1. 1. 1. 1. 0. 0. 0. 0. 0. 0. 0. 0. 0. 0. 0. 0. 0. 0. 0. 0. 0. 0. 0. 0.
 0. 0. 0. 0. 0. 0. 0. 0. 0. 0. 0. 0. 0. 0. 0. 0. 0. 0. 0. 0. 0. 0. 0. 0.
 0. 0. 0. 0. 0. 0. 0. 0. 0. 0. 0. 0. 0. 0. 0. 0. 0. 0. 0. 0. 0. 0. 0. 0.
 0. 0. 0. 0. 0. 0. 0. 0. 0. 0. 0. 0. 0. 0. 0. 0. 0. 0. 0. 0. 0. 0. 0. 0.
 0. 0. 0. 0. 0. 0. 0. 0.]
y_pred:  [0. 0. 0. 0. 0. 0. 0. 0. 0. 0. 1. 1. 1. 1. 1. 1. 1. 1. 1. 1. 0. 0. 0. 0.
 0. 0. 0. 0. 0. 0. 1. 1. 1. 1. 1. 1. 1. 1. 1. 1. 1. 1. 1. 1. 1. 1. 1. 1.
 1. 1. 1. 1. 1. 1. 1. 1. 1. 1. 1. 1. 0. 0. 0. 0. 0. 0. 0. 0. 0. 0. 0. 0.
 0. 0. 0. 0. 0. 0. 0. 0. 1. 1. 1. 1. 1. 1. 1. 1. 1. 1. 1. 1. 1. 1. 1. 1.
 1. 1. 1. 1. 0. 0. 0. 0. 0. 0. 0. 0. 0. 0. 0. 0. 0. 0. 0. 0. 0. 0. 0. 0.
 0. 0. 0. 0. 0. 0. 0. 0. 0. 0. 0. 0. 0. 0. 0. 0. 0. 0. 0. 0. 0. 0. 0. 0.
 0. 0. 0. 0. 0. 0. 0. 0. 0. 0. 0. 0. 0. 0. 0. 0. 0. 0. 0. 0. 0. 0. 0. 0.
 0. 0. 0. 0. 0. 0. 0. 0. 0. 0. 0. 0. 0. 0. 0. 0. 0. 0. 0. 0. 0. 0. 0. 0.
 0. 0. 0. 0. 0. 0. 0. 0.]
Normalized importance:  [0.20513393 0.         0.38839286 0.21071429 0.         0.24107143
 0.15825893 0.32589286 0.         0.10200893 0.90625    0.57142857
 0.34151786 0.49107143 0.87723214 0.40625    0.03683036 0.43080357
 0.10892857 0.69866071 0.04977679 0.04285714 0.         0.3125
 0.184375   0.25       0.         0.01082589 0.19196429 0.13415179
 0.96428571 0.89955357 0.59151786 0.         0.34151786 0.18370536
 0.47544643 0.37276786 0.10513393 0.13839286 0.734375   0.58482143
 0.30133929 0.51785714 0.50669643 0.17700893 0.390625   0.453125
 0.37946429 0.11830357 1.         0.49330357 0.80133929 0.40401786
 0.28348214 0.734375   0.26339286 0.0921875  0.36383929 0.56919643
 0.59598214 0.         0.55803571 0.56473214 0.46428571 0.47098214
 0.14263393 0.578125   0.234375   0.54017857 0.23660714 0.38169643
 0.2046875  0.55803571 0.20736607 0.17299107 0.06651786 0.20736607
 0.31026786 0.03370536 0.859375   0.28794643 0.35267857 0.4375
 0.50223214 0.39732143 0.52678571 0.4375     0.19508929 0.64508929
 0.84598214 0.31696429 0.34375    0.44419643 0.73214286 0.515625
 0.53125    0.49107143 0.50223214 0.55580357 0.         0.
 0.06696429 0.         0.         0.33705357 0.         0.
 0.         0.         0.30803571 0.         0.36383929 0.
 0.06785714 0.         0.         0.         0.         0.43526786
 0.45758929 0.         0.         0.1875     0.08303571 0.03928571
 0.         0.23214286 0.         0.12075893 0.16294643 0.19642857
 0.         0.21964286 0.         0.11941964 0.         0.
 0.21138393 0.25223214 0.15580357 0.         0.         0.
 0.00294643 0.64955357 0.         0.1234375  0.         0.
 0.09888393 0.         0.         0.         0.         0.09933036
 0.         0.         0.47321429 0.         0.         0.
 0.17254464 0.         0.         0.50446429 0.         0.47321429
 0.         0.         0.         0.08973214 0.41294643 0.29464286
 0.         0.734375   0.         0.46651786 0.         0.16517857
 0.10133929 0.         0.04263393 0.01390625 0.         0.16651786
 0.171875   0.30357143 0.         0.         0.         0.
 0.25669643 0.13839286 0.         0.52008929 0.         0.
 0.         0.        ]
pyseer
y_true:  [0. 0. 0. 0. 0. 0. 0. 0. 0. 0. 1. 1. 1. 1. 1. 1. 1. 1. 1. 1. 0. 0. 0. 0.
 0. 0. 0. 0. 0. 0. 1. 1. 1. 1. 1. 1. 1. 1. 1. 1. 0. 0. 0. 0. 0. 0. 0. 0.
 0. 0. 1. 1. 1. 1. 1. 1. 1. 1. 1. 1. 0. 0. 0. 0. 0. 0. 0. 0. 0. 0. 0. 0.
 0. 0. 0. 0. 0. 0. 0. 0. 1. 1. 1. 1. 1. 1. 1. 1. 1. 1. 1. 1. 1. 1. 1. 1.
 1. 1. 1. 1. 0. 0. 0. 0. 0. 0. 0. 0. 0. 0. 0. 0. 0. 0. 0. 0. 0. 0. 0. 0.
 0. 0. 0. 0. 0. 0. 0. 0. 0. 0. 0. 0. 0. 0. 0. 0. 0. 0. 0. 0. 0. 0. 0. 0.
 0. 0. 0. 0. 0. 0. 0. 0. 0. 0. 0. 0. 0. 0. 0. 0. 0. 0. 0. 0. 0. 0. 0. 0.
 0. 0. 0. 0. 0. 0. 0. 0. 0. 0. 0. 0. 0. 0. 0. 0. 0. 0. 0. 0. 0. 0. 0. 0.
 0. 0. 0. 0. 0. 0. 0. 0.]
y_pred:  [0. 0. 1. 0. 0. 0. 0. 1. 0. 0. 1. 1. 1. 1. 1. 1. 0. 1. 0. 1. 0. 0. 0. 0.
 0. 0. 0. 0. 0. 0. 1. 1. 1. 0. 1. 0. 1. 1. 0. 0. 1. 1. 0. 1. 1. 0. 1. 1.
 1. 0. 1. 1. 1. 1. 0. 1. 0. 0. 1. 1. 1. 0. 1. 1. 1. 1. 0. 1. 0. 1. 0. 1.
 0. 1. 0. 0. 0. 0. 0. 0. 1. 0. 1. 1. 1. 1. 1. 1. 0. 1. 1. 0. 1. 1. 1. 1.
 1. 1. 1. 1. 0. 0. 0. 0. 0. 1. 0. 0. 0. 0. 0. 0. 1. 0. 0. 0. 0. 0. 0. 1.
 1. 0. 0. 0. 0. 0. 0. 0. 0. 0. 0. 0. 0. 0. 0. 0. 0. 0. 0. 0. 0. 0. 0. 0.
 0. 1. 0. 0. 0. 0. 0. 0. 0. 0. 0. 0. 0. 0. 1. 0. 0. 0. 0. 0. 0. 1. 0. 1.
 0. 0. 0. 0. 1. 0. 0. 1. 0. 1. 0. 0. 0. 0. 0. 0. 0. 0. 0. 0. 0. 0. 0. 0.
 0. 0. 0. 1. 0. 0. 0. 0.]
Time taken: 26.673649787902832 seconds
Running combination 5 of 50
Fitting RandomForest...
Fitting Adaboost...
Fitting AdaBoost_2...
Fitting et...
Fitting gbc...
Fitting gbc_2...
Fitting gbc_3...
Fitting dt...
Fitting lr...
Fitting Lasso_1...
Fitting Lasso_2...
Fitting Lasso_3...
Fitting Lasso_4...
Fitting elasticnet...
VCF file created successfully.
pyseer stderr:  Read 1000 phenotypes
Detected continuous phenotype
Reading all variants

0variants [00:00, ?variants/s]
55variants [00:00, 542.78variants/s]
110variants [00:00, 474.19variants/s]
166variants [00:00, 506.85variants/s]
198variants [00:00, 510.56variants/s]
Applying correlation filtering

  0%|          | 0/198 [00:00<?, ?variants/s]
100%|██████████| 198/198 [00:00<00:00, 2644.85variants/s]
Fitting elastic net to top 148 variants
Best penalty (lambda) from cross-validation: 4.13E+01
Best R^2 from cross-validation: 0.490
Finding and printing selected variants
198 loaded variants
50 pre-filtered variants
148 tested variants
136 printed variants

True importance standardized:  [0.88080798 0.88080798 0.88080798 0.88080798 0.88080798 0.88080798
 0.88080798 0.88080798 0.88080798 0.88080798 0.59919392 0.59919392
 0.59919392 0.59919392 0.59919392 0.59919392 0.59919392 0.59919392
 0.59919392 0.59919392 0.89442775 0.89442775 0.89442775 0.89442775
 0.89442775 0.89442775 0.89442775 0.89442775 0.89442775 0.89442775
 0.63681134 0.63681134 0.63681134 0.63681134 0.63681134 0.63681134
 0.63681134 0.63681134 0.63681134 0.63681134 1.         1.
 1.         1.         1.         1.         1.         1.
 1.         1.         0.47348683 0.47348683 0.47348683 0.47348683
 0.47348683 0.47348683 0.47348683 0.47348683 0.47348683 0.47348683
 0.46583092 0.46583092 0.46583092 0.46583092 0.46583092 0.46583092
 0.46583092 0.46583092 0.46583092 0.46583092 0.43425621 0.43425621
 0.43425621 0.43425621 0.43425621 0.43425621 0.43425621 0.43425621
 0.43425621 0.43425621 0.39506833 0.39506833 0.39506833 0.39506833
 0.39506833 0.39506833 0.39506833 0.39506833 0.39506833 0.39506833
 0.52045135 0.52045135 0.52045135 0.52045135 0.52045135 0.52045135
 0.52045135 0.52045135 0.52045135 0.52045135 0.         0.
 0.         0.         0.         0.         0.         0.
 0.         0.         0.         0.         0.         0.
 0.         0.         0.         0.         0.         0.
 0.         0.         0.         0.         0.         0.
 0.         0.         0.         0.         0.         0.
 0.         0.         0.         0.         0.         0.
 0.         0.         0.         0.         0.         0.
 0.         0.         0.         0.         0.         0.
 0.         0.         0.         0.         0.         0.
 0.         0.         0.         0.         0.         0.
 0.         0.         0.         0.         0.         0.
 0.         0.         0.         0.         0.         0.
 0.         0.         0.         0.         0.         0.
 0.         0.         0.         0.         0.         0.
 0.         0.         0.         0.         0.         0.
 0.         0.         0.         0.         0.         0.
 0.         0.        ]
Normalized importance:  [1.         1.         1.         1.         1.         1.
 1.         1.         1.         1.         0.53394879 0.53394879
 0.53394879 0.53394879 0.53394879 0.53394879 0.53394879 0.53394879
 0.53394879 0.53394879 0.91648946 0.91648946 0.91648946 0.91648946
 0.91648946 0.91648946 0.91648946 0.91648946 0.91648946 0.91648946
 0.34760062 0.34760062 0.34760062 0.34760062 0.34760062 0.34760062
 0.34760062 0.34760062 0.34760062 0.34760062 0.85106928 0.85106928
 0.85106928 0.85106928 0.85106928 0.85106928 0.85106928 0.85106928
 0.85106928 0.85106928 0.16892867 0.16892867 0.16892867 0.16892867
 0.16892867 0.16892867 0.16892867 0.16892867 0.16892867 0.16892867
 0.11762976 0.11762976 0.11762976 0.11762976 0.11762976 0.11762976
 0.11762976 0.11762976 0.11762976 0.11762976 0.22778723 0.22778723
 0.22778723 0.22778723 0.22778723 0.22778723 0.22778723 0.22778723
 0.22778723 0.22778723 0.19371965 0.19371965 0.19371965 0.19371965
 0.19371965 0.19371965 0.19371965 0.19371965 0.19371965 0.19371965
 0.20382278 0.20382278 0.20382278 0.20382278 0.20382278 0.20382278
 0.20382278 0.20382278 0.20382278 0.20382278 0.         0.
 0.         0.         0.         0.         0.         0.
 0.         0.         0.03126447 0.         0.         0.
 0.         0.01978984 0.         0.         0.         0.
 0.         0.02545386 0.         0.         0.         0.
 0.         0.         0.         0.         0.         0.
 0.         0.         0.         0.         0.         0.
 0.         0.         0.         0.01814406 0.         0.
 0.         0.         0.         0.03417458 0.         0.
 0.         0.         0.         0.00991788 0.         0.
 0.         0.         0.         0.         0.01868592 0.
 0.         0.         0.         0.         0.         0.
 0.         0.         0.         0.         0.         0.
 0.         0.         0.         0.         0.         0.
 0.         0.         0.         0.         0.04892564 0.
 0.         0.         0.02901672 0.         0.0841199  0.
 0.         0.         0.         0.         0.         0.
 0.         0.        ]
deepbreaks
y_true:  [1. 1. 1. 1. 1. 1. 1. 1. 1. 1. 1. 1. 1. 1. 1. 1. 1. 1. 1. 1. 1. 1. 1. 1.
 1. 1. 1. 1. 1. 1. 1. 1. 1. 1. 1. 1. 1. 1. 1. 1. 1. 1. 1. 1. 1. 1. 1. 1.
 1. 1. 0. 0. 0. 0. 0. 0. 0. 0. 0. 0. 0. 0. 0. 0. 0. 0. 0. 0. 0. 0. 0. 0.
 0. 0. 0. 0. 0. 0. 0. 0. 0. 0. 0. 0. 0. 0. 0. 0. 0. 0. 0. 0. 0. 0. 0. 0.
 0. 0. 0. 0. 0. 0. 0. 0. 0. 0. 0. 0. 0. 0. 0. 0. 0. 0. 0. 0. 0. 0. 0. 0.
 0. 0. 0. 0. 0. 0. 0. 0. 0. 0. 0. 0. 0. 0. 0. 0. 0. 0. 0. 0. 0. 0. 0. 0.
 0. 0. 0. 0. 0. 0. 0. 0. 0. 0. 0. 0. 0. 0. 0. 0. 0. 0. 0. 0. 0. 0. 0. 0.
 0. 0. 0. 0. 0. 0. 0. 0. 0. 0. 0. 0. 0. 0. 0. 0. 0. 0. 0. 0. 0. 0. 0. 0.
 0. 0. 0. 0. 0. 0. 0. 0.]
y_pred:  [1. 1. 1. 1. 1. 1. 1. 1. 1. 1. 1. 1. 1. 1. 1. 1. 1. 1. 1. 1. 1. 1. 1. 1.
 1. 1. 1. 1. 1. 1. 1. 1. 1. 1. 1. 1. 1. 1. 1. 1. 1. 1. 1. 1. 1. 1. 1. 1.
 1. 1. 0. 0. 0. 0. 0. 0. 0. 0. 0. 0. 0. 0. 0. 0. 0. 0. 0. 0. 0. 0. 1. 1.
 1. 1. 1. 1. 1. 1. 1. 1. 0. 0. 0. 0. 0. 0. 0. 0. 0. 0. 0. 0. 0. 0. 0. 0.
 0. 0. 0. 0. 0. 0. 0. 0. 0. 0. 0. 0. 0. 0. 0. 0. 0. 0. 0. 0. 0. 0. 0. 0.
 0. 0. 0. 0. 0. 0. 0. 0. 0. 0. 0. 0. 0. 0. 0. 0. 0. 0. 0. 0. 0. 0. 0. 0.
 0. 0. 0. 0. 0. 0. 0. 0. 0. 0. 0. 0. 0. 0. 0. 0. 0. 0. 0. 0. 0. 0. 0. 0.
 0. 0. 0. 0. 0. 0. 0. 0. 0. 0. 0. 0. 0. 0. 0. 0. 0. 0. 0. 0. 0. 0. 0. 0.
 0. 0. 0. 0. 0. 0. 0. 0.]
Normalized importance:  [0.82627119 0.28107345 0.36158192 0.46045198 0.57768362 0.45621469
 0.58333333 0.51694915 0.58333333 0.66384181 0.5579096  0.0269774
 0.15677966 0.67937853 0.49858757 0.54661017 0.33050847 0.22175141
 0.10522599 0.42231638 0.77966102 0.39830508 0.3319209  0.84180791
 0.08163842 0.12951977 0.63276836 0.26553672 0.73587571 0.63559322
 0.50988701 0.         0.00813559 0.40254237 0.20903955 0.59180791
 0.57768362 0.50423729 0.33615819 0.29237288 1.         0.55225989
 0.48446328 0.31073446 0.44350282 0.60875706 0.67937853 0.48870056
 0.36440678 0.55225989 0.41949153 0.06553672 0.08107345 0.28531073
 0.         0.34322034 0.65536723 0.         0.19774011 0.35451977
 0.3700565  0.6059322  0.15960452 0.43644068 0.17231638 0.42372881
 0.11016949 0.36581921 0.00152542 0.         0.46186441 0.
 0.33474576 0.31214689 0.18644068 0.13319209 0.12853107 0.1059322
 0.17231638 0.19632768 0.4420904  0.1240113  0.         0.32344633
 0.11567797 0.32344633 0.56920904 0.10466102 0.12062147 0.23163842
 0.34463277 0.77542373 0.54237288 0.51271186 0.08587571 0.05225989
 0.45621469 0.08785311 0.17090395 0.22740113 0.         0.0700565
 0.         0.         0.         0.         0.         0.
 0.18785311 0.61581921 0.4039548  0.12048023 0.         0.
 0.         0.31779661 0.         0.08714689 0.         0.
 0.         0.38276836 0.         0.         0.         0.2019774
 0.2259887  0.         0.         0.         0.01350282 0.
 0.         0.         0.         0.         0.         0.00109181
 0.         0.4519774  0.         0.08248588 0.         0.45762712
 0.14265537 0.         0.         0.35169492 0.         0.
 0.         0.         0.14830508 0.44350282 0.         0.09463277
 0.20338983 0.0769774  0.         0.         0.22457627 0.
 0.         0.08644068 0.         0.         0.25988701 0.11158192
 0.06694915 0.1        0.         0.11793785 0.         0.
 0.21045198 0.06920904 0.23163842 0.         0.24576271 0.
 0.         0.         0.22881356 0.         0.61299435 0.
 0.         0.         0.26129944 0.20338983 0.65254237 0.15677966
 0.         0.         0.09096045 0.01497175 0.16101695 0.
 0.         0.        ]
pyseer
y_true:  [1. 1. 1. 1. 1. 1. 1. 1. 1. 1. 1. 1. 1. 1. 1. 1. 1. 1. 1. 1. 1. 1. 1. 1.
 1. 1. 1. 1. 1. 1. 1. 1. 1. 1. 1. 1. 1. 1. 1. 1. 1. 1. 1. 1. 1. 1. 1. 1.
 1. 1. 0. 0. 0. 0. 0. 0. 0. 0. 0. 0. 0. 0. 0. 0. 0. 0. 0. 0. 0. 0. 0. 0.
 0. 0. 0. 0. 0. 0. 0. 0. 0. 0. 0. 0. 0. 0. 0. 0. 0. 0. 0. 0. 0. 0. 0. 0.
 0. 0. 0. 0. 0. 0. 0. 0. 0. 0. 0. 0. 0. 0. 0. 0. 0. 0. 0. 0. 0. 0. 0. 0.
 0. 0. 0. 0. 0. 0. 0. 0. 0. 0. 0. 0. 0. 0. 0. 0. 0. 0. 0. 0. 0. 0. 0. 0.
 0. 0. 0. 0. 0. 0. 0. 0. 0. 0. 0. 0. 0. 0. 0. 0. 0. 0. 0. 0. 0. 0. 0. 0.
 0. 0. 0. 0. 0. 0. 0. 0. 0. 0. 0. 0. 0. 0. 0. 0. 0. 0. 0. 0. 0. 0. 0. 0.
 0. 0. 0. 0. 0. 0. 0. 0.]
y_pred:  [1. 0. 1. 1. 1. 1. 1. 1. 1. 1. 1. 0. 0. 1. 1. 1. 1. 0. 0. 1. 1. 1. 1. 1.
 0. 0. 1. 0. 1. 1. 1. 0. 0. 1. 0. 1. 1. 1. 1. 0. 1. 1. 1. 0. 1. 1. 1. 1.
 1. 1. 1. 0. 0. 0. 0. 1. 1. 0. 0. 1. 1. 1. 0. 1. 0. 1. 0. 1. 0. 0. 1. 0.
 1. 1. 0. 0. 0. 0. 0. 0. 1. 0. 0. 1. 0. 1. 1. 0. 0. 0. 1. 1. 1. 1. 0. 0.
 1. 0. 0. 0. 0. 0. 0. 0. 0. 0. 0. 0. 0. 1. 1. 0. 0. 0. 0. 1. 0. 0. 0. 0.
 0. 1. 0. 0. 0. 0. 0. 0. 0. 0. 0. 0. 0. 0. 0. 0. 0. 0. 0. 1. 0. 0. 0. 1.
 0. 0. 0. 1. 0. 0. 0. 0. 0. 1. 0. 0. 0. 0. 0. 0. 0. 0. 0. 0. 0. 0. 0. 0.
 0. 0. 0. 0. 0. 0. 0. 0. 0. 0. 0. 0. 0. 0. 0. 0. 1. 0. 0. 0. 0. 0. 1. 0.
 0. 0. 0. 0. 0. 0. 0. 0.]
Time taken: 23.949360370635986 seconds
Running combination 6 of 50
Fitting RandomForest...
Fitting Adaboost...
Fitting AdaBoost_2...
Fitting et...
Fitting gbc...
Fitting gbc_2...
Fitting gbc_3...
Fitting dt...
Fitting lr...
Fitting Lasso_1...
Fitting Lasso_2...
Fitting Lasso_3...
Fitting Lasso_4...
Fitting elasticnet...
VCF file created successfully.
pyseer stderr:  Read 1000 phenotypes
Detected continuous phenotype
Reading all variants

0variants [00:00, ?variants/s]
54variants [00:00, 539.87variants/s]
108variants [00:00, 478.74variants/s]
165variants [00:00, 514.91variants/s]
198variants [00:00, 518.50variants/s]
Applying correlation filtering

  0%|          | 0/198 [00:00<?, ?variants/s]
100%|██████████| 198/198 [00:00<00:00, 2693.70variants/s]
Fitting elastic net to top 148 variants
Best penalty (lambda) from cross-validation: 5.56E+01
Best R^2 from cross-validation: 0.478
Finding and printing selected variants
198 loaded variants
50 pre-filtered variants
148 tested variants
137 printed variants

True importance standardized:  [0.49280071 0.49280071 0.49280071 0.49280071 0.49280071 0.49280071
 0.49280071 0.49280071 0.49280071 0.49280071 0.57589506 0.57589506
 0.57589506 0.57589506 0.57589506 0.57589506 0.57589506 0.57589506
 0.57589506 0.57589506 1.         1.         1.         1.
 1.         1.         1.         1.         1.         1.
 0.77683092 0.77683092 0.77683092 0.77683092 0.77683092 0.77683092
 0.77683092 0.77683092 0.77683092 0.77683092 0.75087591 0.75087591
 0.75087591 0.75087591 0.75087591 0.75087591 0.75087591 0.75087591
 0.75087591 0.75087591 0.84855684 0.84855684 0.84855684 0.84855684
 0.84855684 0.84855684 0.84855684 0.84855684 0.84855684 0.84855684
 0.777857   0.777857   0.777857   0.777857   0.777857   0.777857
 0.777857   0.777857   0.777857   0.777857   0.99544789 0.99544789
 0.99544789 0.99544789 0.99544789 0.99544789 0.99544789 0.99544789
 0.99544789 0.99544789 0.86746137 0.86746137 0.86746137 0.86746137
 0.86746137 0.86746137 0.86746137 0.86746137 0.86746137 0.86746137
 0.93523021 0.93523021 0.93523021 0.93523021 0.93523021 0.93523021
 0.93523021 0.93523021 0.93523021 0.93523021 0.         0.
 0.         0.         0.         0.         0.         0.
 0.         0.         0.         0.         0.         0.
 0.         0.         0.         0.         0.         0.
 0.         0.         0.         0.         0.         0.
 0.         0.         0.         0.         0.         0.
 0.         0.         0.         0.         0.         0.
 0.         0.         0.         0.         0.         0.
 0.         0.         0.         0.         0.         0.
 0.         0.         0.         0.         0.         0.
 0.         0.         0.         0.         0.         0.
 0.         0.         0.         0.         0.         0.
 0.         0.         0.         0.         0.         0.
 0.         0.         0.         0.         0.         0.
 0.         0.         0.         0.         0.         0.
 0.         0.         0.         0.         0.         0.
 0.         0.         0.         0.         0.         0.
 0.         0.        ]
Normalized importance:  [0.12589327 0.12589327 0.12589327 0.12589327 0.12589327 0.12589327
 0.12589327 0.12589327 0.12589327 0.12589327 0.38595806 0.38595806
 0.38595806 0.38595806 0.38595806 0.38595806 0.38595806 0.38595806
 0.38595806 0.38595806 0.79665958 0.79665958 0.79665958 0.79665958
 0.79665958 0.79665958 0.79665958 0.79665958 0.79665958 0.79665958
 0.69781933 0.69781933 0.69781933 0.69781933 0.69781933 0.69781933
 0.69781933 0.69781933 0.69781933 0.69781933 0.46613335 0.46613335
 0.46613335 0.46613335 0.46613335 0.46613335 0.46613335 0.46613335
 0.46613335 0.46613335 1.         1.         1.         1.
 1.         1.         1.         1.         1.         1.
 0.25112304 0.25112304 0.25112304 0.25112304 0.25112304 0.25112304
 0.25112304 0.25112304 0.25112304 0.25112304 0.8834866  0.8834866
 0.8834866  0.8834866  0.8834866  0.8834866  0.8834866  0.8834866
 0.8834866  0.8834866  0.71582812 0.71582812 0.71582812 0.71582812
 0.71582812 0.71582812 0.71582812 0.71582812 0.71582812 0.71582812
 0.5049665  0.5049665  0.5049665  0.5049665  0.5049665  0.5049665
 0.5049665  0.5049665  0.5049665  0.5049665  0.         0.01887476
 0.         0.         0.         0.         0.01955965 0.
 0.         0.         0.         0.         0.         0.
 0.         0.         0.         0.         0.         0.
 0.         0.         0.         0.         0.         0.01990412
 0.02023449 0.         0.         0.         0.         0.
 0.         0.         0.         0.         0.         0.
 0.         0.         0.         0.         0.         0.
 0.         0.         0.         0.         0.         0.
 0.         0.         0.         0.         0.         0.
 0.         0.         0.         0.         0.         0.
 0.         0.         0.         0.         0.         0.
 0.         0.         0.02235107 0.         0.         0.
 0.         0.         0.         0.         0.         0.
 0.         0.05604232 0.         0.         0.         0.
 0.         0.         0.         0.         0.03273881 0.
 0.         0.         0.         0.         0.         0.
 0.         0.        ]
deepbreaks
y_true:  [0. 0. 0. 0. 0. 0. 0. 0. 0. 0. 0. 0. 0. 0. 0. 0. 0. 0. 0. 0. 1. 1. 1. 1.
 1. 1. 1. 1. 1. 1. 0. 0. 0. 0. 0. 0. 0. 0. 0. 0. 0. 0. 0. 0. 0. 0. 0. 0.
 0. 0. 1. 1. 1. 1. 1. 1. 1. 1. 1. 1. 0. 0. 0. 0. 0. 0. 0. 0. 0. 0. 1. 1.
 1. 1. 1. 1. 1. 1. 1. 1. 1. 1. 1. 1. 1. 1. 1. 1. 1. 1. 1. 1. 1. 1. 1. 1.
 1. 1. 1. 1. 0. 0. 0. 0. 0. 0. 0. 0. 0. 0. 0. 0. 0. 0. 0. 0. 0. 0. 0. 0.
 0. 0. 0. 0. 0. 0. 0. 0. 0. 0. 0. 0. 0. 0. 0. 0. 0. 0. 0. 0. 0. 0. 0. 0.
 0. 0. 0. 0. 0. 0. 0. 0. 0. 0. 0. 0. 0. 0. 0. 0. 0. 0. 0. 0. 0. 0. 0. 0.
 0. 0. 0. 0. 0. 0. 0. 0. 0. 0. 0. 0. 0. 0. 0. 0. 0. 0. 0. 0. 0. 0. 0. 0.
 0. 0. 0. 0. 0. 0. 0. 0.]
y_pred:  [0. 0. 0. 0. 0. 0. 0. 0. 0. 0. 0. 0. 0. 0. 0. 0. 0. 0. 0. 0. 1. 1. 1. 1.
 1. 1. 1. 1. 1. 1. 1. 1. 1. 1. 1. 1. 1. 1. 1. 1. 0. 0. 0. 0. 0. 0. 0. 0.
 0. 0. 1. 1. 1. 1. 1. 1. 1. 1. 1. 1. 0. 0. 0. 0. 0. 0. 0. 0. 0. 0. 1. 1.
 1. 1. 1. 1. 1. 1. 1. 1. 1. 1. 1. 1. 1. 1. 1. 1. 1. 1. 1. 1. 1. 1. 1. 1.
 1. 1. 1. 1. 0. 0. 0. 0. 0. 0. 0. 0. 0. 0. 0. 0. 0. 0. 0. 0. 0. 0. 0. 0.
 0. 0. 0. 0. 0. 0. 0. 0. 0. 0. 0. 0. 0. 0. 0. 0. 0. 0. 0. 0. 0. 0. 0. 0.
 0. 0. 0. 0. 0. 0. 0. 0. 0. 0. 0. 0. 0. 0. 0. 0. 0. 0. 0. 0. 0. 0. 0. 0.
 0. 0. 0. 0. 0. 0. 0. 0. 0. 0. 0. 0. 0. 0. 0. 0. 0. 0. 0. 0. 0. 0. 0. 0.
 0. 0. 0. 0. 0. 0. 0. 0.]
Normalized importance:  [0.46036585 0.19359756 0.38109756 0.58231707 0.         0.06783537
 0.         0.64329268 0.22865854 0.35365854 0.60823171 0.41463415
 0.55335366 0.4679878  0.2195122  0.03216463 0.13216463 0.36737805
 0.1367378  0.66920732 0.97865854 0.60518293 0.28353659 0.65396341
 0.7972561  0.38262195 0.68902439 0.07012195 0.80487805 0.0875
 0.72103659 0.73018293 0.         0.28810976 0.49085366 0.51676829
 0.28963415 0.60823171 0.47103659 0.43140244 0.81707317 0.26829268
 0.26981707 0.29573171 0.46646341 0.32469512 0.04481707 0.68597561
 0.42530488 0.48170732 0.92987805 0.21036585 0.22713415 0.66463415
 0.33079268 0.25609756 1.         0.36737805 0.54573171 0.77896341
 0.75762195 0.47713415 0.28506098 0.04268293 0.27743902 0.45884146
 0.48628049 0.35518293 0.2027439  0.46036585 0.79878049 0.55792683
 0.62042683 0.58689024 0.69817073 0.66310976 0.18292683 0.21189024
 0.         0.67378049 0.78810976 0.54878049 0.18902439 0.35213415
 0.45579268 0.16768293 0.36737805 0.15243902 0.74237805 0.70884146
 0.82926829 0.2195122  0.78963415 0.38262195 0.61737805 0.49847561
 0.51829268 0.63871951 0.26219512 0.1554878  0.         0.4847561
 0.         0.         0.         0.02621951 0.29115854 0.16463415
 0.         0.27286585 0.         0.         0.         0.21036585
 0.08323171 0.         0.22560976 0.00842988 0.         0.30640244
 0.         0.         0.06905488 0.10381098 0.         0.29878049
 0.55640244 0.         0.         0.         0.01570122 0.32012195
 0.         0.26067073 0.         0.29573171 0.34756098 0.06768293
 0.         0.         0.         0.         0.1195122  0.
 0.         0.45121951 0.         0.         0.         0.
 0.20426829 0.05106707 0.08445122 0.         0.         0.
 0.         0.         0.         0.40091463 0.27286585 0.
 0.26676829 0.36432927 0.         0.         0.15       0.
 0.         0.         0.44817073 0.         0.         0.
 0.         0.00553354 0.         0.14740854 0.         0.
 0.         0.36890244 0.         0.         0.         0.
 0.         0.         0.41310976 0.0804878  0.30487805 0.19359756
 0.13384146 0.         0.30182927 0.         0.47103659 0.
 0.         0.        ]
pyseer
y_true:  [0. 0. 0. 0. 0. 0. 0. 0. 0. 0. 0. 0. 0. 0. 0. 0. 0. 0. 0. 0. 1. 1. 1. 1.
 1. 1. 1. 1. 1. 1. 0. 0. 0. 0. 0. 0. 0. 0. 0. 0. 0. 0. 0. 0. 0. 0. 0. 0.
 0. 0. 1. 1. 1. 1. 1. 1. 1. 1. 1. 1. 0. 0. 0. 0. 0. 0. 0. 0. 0. 0. 1. 1.
 1. 1. 1. 1. 1. 1. 1. 1. 1. 1. 1. 1. 1. 1. 1. 1. 1. 1. 1. 1. 1. 1. 1. 1.
 1. 1. 1. 1. 0. 0. 0. 0. 0. 0. 0. 0. 0. 0. 0. 0. 0. 0. 0. 0. 0. 0. 0. 0.
 0. 0. 0. 0. 0. 0. 0. 0. 0. 0. 0. 0. 0. 0. 0. 0. 0. 0. 0. 0. 0. 0. 0. 0.
 0. 0. 0. 0. 0. 0. 0. 0. 0. 0. 0. 0. 0. 0. 0. 0. 0. 0. 0. 0. 0. 0. 0. 0.
 0. 0. 0. 0. 0. 0. 0. 0. 0. 0. 0. 0. 0. 0. 0. 0. 0. 0. 0. 0. 0. 0. 0. 0.
 0. 0. 0. 0. 0. 0. 0. 0.]
y_pred:  [1. 0. 1. 1. 0. 0. 0. 1. 0. 0. 1. 1. 1. 1. 0. 0. 0. 1. 0. 1. 1. 1. 0. 1.
 1. 1. 1. 0. 1. 0. 1. 1. 0. 0. 1. 1. 0. 1. 1. 1. 1. 0. 0. 0. 1. 0. 0. 1.
 1. 1. 1. 0. 0. 1. 0. 0. 1. 1. 1. 1. 1. 1. 0. 0. 0. 1. 1. 0. 0. 1. 1. 1.
 1. 1. 1. 1. 0. 0. 0. 1. 1. 1. 0. 0. 1. 0. 1. 0. 1. 1. 1. 0. 1. 1. 1. 1.
 1. 1. 0. 0. 0. 1. 0. 0. 0. 0. 0. 0. 0. 0. 0. 0. 0. 0. 0. 0. 0. 0. 0. 0.
 0. 0. 0. 0. 0. 0. 1. 0. 0. 0. 0. 0. 0. 0. 0. 0. 0. 0. 0. 0. 0. 0. 0. 0.
 0. 1. 0. 0. 0. 0. 0. 0. 0. 0. 0. 0. 0. 0. 0. 1. 0. 0. 0. 1. 0. 0. 0. 0.
 0. 0. 1. 0. 0. 0. 0. 0. 0. 0. 0. 0. 0. 1. 0. 0. 0. 0. 0. 0. 1. 0. 0. 0.
 0. 0. 0. 0. 1. 0. 0. 0.]
Time taken: 24.063820362091064 seconds
Running combination 7 of 50
Fitting RandomForest...
Fitting Adaboost...
Fitting AdaBoost_2...
Fitting et...
Fitting gbc...
Fitting gbc_2...
Fitting gbc_3...
Fitting dt...
Fitting lr...
Fitting Lasso_1...
Fitting Lasso_2...
Fitting Lasso_3...
Fitting Lasso_4...
Fitting elasticnet...
VCF file created successfully.
pyseer stderr:  Read 1000 phenotypes
Detected continuous phenotype
Reading all variants

0variants [00:00, ?variants/s]
53variants [00:00, 529.67variants/s]
106variants [00:00, 471.86variants/s]
162variants [00:00, 509.34variants/s]
198variants [00:00, 512.31variants/s]
Applying correlation filtering

  0%|          | 0/198 [00:00<?, ?variants/s]
100%|██████████| 198/198 [00:00<00:00, 2685.03variants/s]
Fitting elastic net to top 148 variants
Best penalty (lambda) from cross-validation: 5.05E+01
Best R^2 from cross-validation: 0.465
Finding and printing selected variants
198 loaded variants
50 pre-filtered variants
148 tested variants
139 printed variants

True importance standardized:  [0.89963254 0.89963254 0.89963254 0.89963254 0.89963254 0.89963254
 0.89963254 0.89963254 0.89963254 0.89963254 0.41698082 0.41698082
 0.41698082 0.41698082 0.41698082 0.41698082 0.41698082 0.41698082
 0.41698082 0.41698082 0.41658987 0.41658987 0.41658987 0.41658987
 0.41658987 0.41658987 0.41658987 0.41658987 0.41658987 0.41658987
 0.23984055 0.23984055 0.23984055 0.23984055 0.23984055 0.23984055
 0.23984055 0.23984055 0.23984055 0.23984055 0.55327146 0.55327146
 0.55327146 0.55327146 0.55327146 0.55327146 0.55327146 0.55327146
 0.55327146 0.55327146 0.81235532 0.81235532 0.81235532 0.81235532
 0.81235532 0.81235532 0.81235532 0.81235532 0.81235532 0.81235532
 0.56576964 0.56576964 0.56576964 0.56576964 0.56576964 0.56576964
 0.56576964 0.56576964 0.56576964 0.56576964 0.96436724 0.96436724
 0.96436724 0.96436724 0.96436724 0.96436724 0.96436724 0.96436724
 0.96436724 0.96436724 1.         1.         1.         1.
 1.         1.         1.         1.         1.         1.
 0.82501041 0.82501041 0.82501041 0.82501041 0.82501041 0.82501041
 0.82501041 0.82501041 0.82501041 0.82501041 0.         0.
 0.         0.         0.         0.         0.         0.
 0.         0.         0.         0.         0.         0.
 0.         0.         0.         0.         0.         0.
 0.         0.         0.         0.         0.         0.
 0.         0.         0.         0.         0.         0.
 0.         0.         0.         0.         0.         0.
 0.         0.         0.         0.         0.         0.
 0.         0.         0.         0.         0.         0.
 0.         0.         0.         0.         0.         0.
 0.         0.         0.         0.         0.         0.
 0.         0.         0.         0.         0.         0.
 0.         0.         0.         0.         0.         0.
 0.         0.         0.         0.         0.         0.
 0.         0.         0.         0.         0.         0.
 0.         0.         0.         0.         0.         0.
 0.         0.         0.         0.         0.         0.
 0.         0.        ]
Normalized importance:  [1.         1.         1.         1.         1.         1.
 1.         1.         1.         1.         0.07530906 0.
 0.         0.         0.07530906 0.07530906 0.         0.07530906
 0.07530906 0.07530906 0.14845591 0.14845591 0.14845591 0.14845591
 0.14845591 0.14845591 0.14845591 0.14845591 0.14845591 0.14845591
 0.04142295 0.04142295 0.04142295 0.04142295 0.04142295 0.
 0.04142295 0.         0.04142295 0.         0.22086433 0.22086433
 0.22086433 0.22086433 0.22086433 0.22086433 0.22086433 0.22086433
 0.22086433 0.         0.50302078 0.50302078 0.50302078 0.50302078
 0.50302078 0.50302078 0.50302078 0.50302078 0.50302078 0.50302078
 0.34652471 0.34652471 0.34652471 0.34652471 0.34652471 0.34652471
 0.34652471 0.34652471 0.34652471 0.34652471 0.90104004 0.90104004
 0.90104004 0.90104004 0.90104004 0.90104004 0.90104004 0.90104004
 0.90104004 0.90104004 0.91738533 0.91738533 0.91738533 0.91738533
 0.91738533 0.91738533 0.91738533 0.91738533 0.91738533 0.91738533
 0.88243591 0.88243591 0.88243591 0.88243591 0.88243591 0.88243591
 0.88243591 0.88243591 0.88243591 0.88243591 0.         0.
 0.         0.         0.         0.0647472  0.         0.
 0.         0.         0.01195783 0.         0.         0.
 0.         0.00994539 0.         0.         0.         0.
 0.         0.         0.         0.         0.         0.
 0.         0.         0.         0.         0.         0.
 0.         0.02361061 0.         0.         0.         0.
 0.         0.         0.         0.01436611 0.04524966 0.
 0.         0.         0.         0.         0.         0.
 0.         0.         0.01026338 0.         0.         0.
 0.         0.         0.         0.         0.         0.
 0.         0.         0.         0.         0.         0.
 0.         0.         0.         0.         0.         0.
 0.         0.         0.         0.         0.         0.09862884
 0.         0.         0.         0.0235321  0.         0.
 0.03064151 0.01726932 0.         0.         0.07479877 0.
 0.         0.         0.         0.03532882 0.         0.01764113
 0.         0.        ]
deepbreaks
y_true:  [1. 1. 1. 1. 1. 1. 1. 1. 1. 1. 0. 0. 0. 0. 0. 0. 0. 0. 0. 0. 0. 0. 0. 0.
 0. 0. 0. 0. 0. 0. 0. 0. 0. 0. 0. 0. 0. 0. 0. 0. 0. 0. 0. 0. 0. 0. 0. 0.
 0. 0. 1. 1. 1. 1. 1. 1. 1. 1. 1. 1. 0. 0. 0. 0. 0. 0. 0. 0. 0. 0. 1. 1.
 1. 1. 1. 1. 1. 1. 1. 1. 1. 1. 1. 1. 1. 1. 1. 1. 1. 1. 1. 1. 1. 1. 1. 1.
 1. 1. 1. 1. 0. 0. 0. 0. 0. 0. 0. 0. 0. 0. 0. 0. 0. 0. 0. 0. 0. 0. 0. 0.
 0. 0. 0. 0. 0. 0. 0. 0. 0. 0. 0. 0. 0. 0. 0. 0. 0. 0. 0. 0. 0. 0. 0. 0.
 0. 0. 0. 0. 0. 0. 0. 0. 0. 0. 0. 0. 0. 0. 0. 0. 0. 0. 0. 0. 0. 0. 0. 0.
 0. 0. 0. 0. 0. 0. 0. 0. 0. 0. 0. 0. 0. 0. 0. 0. 0. 0. 0. 0. 0. 0. 0. 0.
 0. 0. 0. 0. 0. 0. 0. 0.]
y_pred:  [1. 1. 1. 1. 1. 1. 1. 1. 1. 1. 0. 0. 0. 0. 0. 0. 0. 0. 0. 0. 0. 0. 0. 0.
 0. 0. 0. 0. 0. 0. 0. 0. 0. 0. 0. 0. 0. 0. 0. 0. 0. 0. 0. 0. 0. 0. 0. 0.
 0. 0. 1. 1. 1. 1. 1. 1. 1. 1. 1. 1. 1. 1. 1. 1. 1. 1. 1. 1. 1. 1. 1. 1.
 1. 1. 1. 1. 1. 1. 1. 1. 1. 1. 1. 1. 1. 1. 1. 1. 1. 1. 1. 1. 1. 1. 1. 1.
 1. 1. 1. 1. 0. 0. 0. 0. 0. 0. 0. 0. 0. 0. 0. 0. 0. 0. 0. 0. 0. 0. 0. 0.
 0. 0. 0. 0. 0. 0. 0. 0. 0. 0. 0. 0. 0. 0. 0. 0. 0. 0. 0. 0. 0. 0. 0. 0.
 0. 0. 0. 0. 0. 0. 0. 0. 0. 0. 0. 0. 0. 0. 0. 0. 0. 0. 0. 0. 0. 0. 0. 0.
 0. 0. 0. 0. 0. 0. 0. 0. 0. 0. 0. 0. 0. 0. 0. 0. 0. 0. 0. 0. 0. 0. 0. 0.
 0. 0. 0. 0. 0. 0. 0. 0.]
Normalized importance:  [0.79840849 0.64986737 0.4469496  0.30238727 0.         0.81432361
 0.70026525 0.54244032 0.80371353 0.34482759 0.19098143 0.04310345
 0.         0.         0.10888594 0.20557029 0.         0.57824934
 0.18832891 0.04748011 0.3938992  0.15119363 0.22413793 0.32228117
 0.02161804 0.44562334 0.26259947 0.23872679 0.56366048 0.3872679
 0.         0.24668435 0.48408488 0.38859416 0.16578249 0.0505305
 0.24535809 0.02334218 0.10291777 0.07427056 0.62599469 0.43766578
 0.45755968 0.63925729 0.58753316 0.38328912 0.56896552 0.28647215
 0.0632626  0.58355438 0.67241379 0.70026525 0.4602122  0.02665782
 0.57029178 0.42572944 0.40450928 0.38859416 0.52122016 0.47877984
 0.57029178 0.37533156 0.25198939 0.31962865 0.24005305 0.35278515
 0.01750663 0.39787798 0.47082228 0.11856764 0.94960212 0.66445623
 0.56763926 0.68435013 0.60079576 0.40185676 0.75331565 0.62864721
 0.39257294 0.         1.         0.58753316 0.68169761 0.41909814
 0.73342175 0.83819629 0.40848806 0.19363395 0.         0.63262599
 0.85543767 0.4668435  0.23607427 0.66843501 0.28381963 0.5795756
 0.40318302 0.39257294 0.28381963 0.58355438 0.         0.
 0.         0.         0.         0.66047745 0.48275862 0.
 0.         0.12692308 0.19628647 0.         0.         0.0115252
 0.         0.34217507 0.59681698 0.         0.433687   0.12917772
 0.         0.         0.         0.33289125 0.         0.
 0.0704244  0.         0.20822281 0.         0.11206897 0.
 0.13793103 0.28647215 0.         0.         0.         0.
 0.         0.         0.         0.42970822 0.60344828 0.
 0.         0.         0.41909814 0.         0.         0.08899204
 0.26923077 0.         0.28779841 0.03633952 0.         0.19761273
 0.58355438 0.11525199 0.         0.         0.00895225 0.
 0.         0.         0.37135279 0.23474801 0.         0.
 0.         0.37002653 0.21485411 0.         0.         0.
 0.         0.56233422 0.         0.         0.26657825 0.72281167
 0.11140584 0.         0.09270557 0.17904509 0.53050398 0.
 0.60742706 0.17639257 0.01025199 0.22015915 0.33289125 0.
 0.16578249 0.4204244  0.         0.30636605 0.         0.4933687
 0.         0.        ]
pyseer
y_true:  [1. 1. 1. 1. 1. 1. 1. 1. 1. 1. 0. 0. 0. 0. 0. 0. 0. 0. 0. 0. 0. 0. 0. 0.
 0. 0. 0. 0. 0. 0. 0. 0. 0. 0. 0. 0. 0. 0. 0. 0. 0. 0. 0. 0. 0. 0. 0. 0.
 0. 0. 1. 1. 1. 1. 1. 1. 1. 1. 1. 1. 0. 0. 0. 0. 0. 0. 0. 0. 0. 0. 1. 1.
 1. 1. 1. 1. 1. 1. 1. 1. 1. 1. 1. 1. 1. 1. 1. 1. 1. 1. 1. 1. 1. 1. 1. 1.
 1. 1. 1. 1. 0. 0. 0. 0. 0. 0. 0. 0. 0. 0. 0. 0. 0. 0. 0. 0. 0. 0. 0. 0.
 0. 0. 0. 0. 0. 0. 0. 0. 0. 0. 0. 0. 0. 0. 0. 0. 0. 0. 0. 0. 0. 0. 0. 0.
 0. 0. 0. 0. 0. 0. 0. 0. 0. 0. 0. 0. 0. 0. 0. 0. 0. 0. 0. 0. 0. 0. 0. 0.
 0. 0. 0. 0. 0. 0. 0. 0. 0. 0. 0. 0. 0. 0. 0. 0. 0. 0. 0. 0. 0. 0. 0. 0.
 0. 0. 0. 0. 0. 0. 0. 0.]
y_pred:  [1. 1. 1. 0. 0. 1. 1. 1. 1. 0. 0. 0. 0. 0. 0. 0. 0. 1. 0. 0. 1. 0. 0. 0.
 0. 1. 0. 0. 1. 0. 0. 0. 1. 1. 0. 0. 0. 0. 0. 0. 1. 1. 1. 1. 1. 0. 1. 0.
 0. 1. 1. 1. 1. 0. 1. 1. 1. 1. 1. 1. 1. 0. 0. 0. 0. 0. 0. 1. 1. 0. 1. 1.
 1. 1. 1. 1. 1. 1. 1. 0. 1. 1. 1. 1. 1. 1. 1. 0. 0. 1. 1. 1. 0. 1. 0. 1.
 1. 1. 0. 1. 0. 0. 0. 0. 0. 1. 1. 0. 0. 0. 0. 0. 0. 0. 0. 0. 1. 0. 1. 0.
 0. 0. 0. 0. 0. 0. 0. 0. 0. 0. 0. 0. 0. 0. 0. 0. 0. 0. 0. 0. 0. 1. 1. 0.
 0. 0. 1. 0. 0. 0. 0. 0. 0. 0. 0. 0. 1. 0. 0. 0. 0. 0. 0. 0. 0. 0. 0. 0.
 0. 0. 0. 0. 0. 0. 0. 1. 0. 0. 0. 1. 0. 0. 0. 0. 1. 0. 1. 0. 0. 0. 0. 0.
 0. 1. 0. 0. 0. 1. 0. 0.]
Time taken: 24.383114337921143 seconds
Running combination 8 of 50
Fitting RandomForest...
Fitting Adaboost...
Fitting AdaBoost_2...
Fitting et...
Fitting gbc...
Fitting gbc_2...
Fitting gbc_3...
Fitting dt...
Fitting lr...
Fitting Lasso_1...
Fitting Lasso_2...
Fitting Lasso_3...
Fitting Lasso_4...
Fitting elasticnet...
VCF file created successfully.
pyseer stderr:  Read 1000 phenotypes
Detected continuous phenotype
Reading all variants

0variants [00:00, ?variants/s]
52variants [00:00, 516.51variants/s]
104variants [00:00, 457.47variants/s]
160variants [00:00, 499.54variants/s]
198variants [00:00, 502.43variants/s]
Applying correlation filtering

  0%|          | 0/198 [00:00<?, ?variants/s]
100%|██████████| 198/198 [00:00<00:00, 2699.13variants/s]
Fitting elastic net to top 148 variants
Best penalty (lambda) from cross-validation: 6.81E+00
Best R^2 from cross-validation: 0.472
Finding and printing selected variants
198 loaded variants
50 pre-filtered variants
148 tested variants
140 printed variants

True importance standardized:  [0.7630667  0.7630667  0.7630667  0.7630667  0.7630667  0.7630667
 0.7630667  0.7630667  0.7630667  0.7630667  0.17445827 0.17445827
 0.17445827 0.17445827 0.17445827 0.17445827 0.17445827 0.17445827
 0.17445827 0.17445827 0.24678518 0.24678518 0.24678518 0.24678518
 0.24678518 0.24678518 0.24678518 0.24678518 0.24678518 0.24678518
 0.49609129 0.49609129 0.49609129 0.49609129 0.49609129 0.49609129
 0.49609129 0.49609129 0.49609129 0.49609129 0.29161949 0.29161949
 0.29161949 0.29161949 0.29161949 0.29161949 0.29161949 0.29161949
 0.29161949 0.29161949 0.17944384 0.17944384 0.17944384 0.17944384
 0.17944384 0.17944384 0.17944384 0.17944384 0.17944384 0.17944384
 0.38017016 0.38017016 0.38017016 0.38017016 0.38017016 0.38017016
 0.38017016 0.38017016 0.38017016 0.38017016 0.91170141 0.91170141
 0.91170141 0.91170141 0.91170141 0.91170141 0.91170141 0.91170141
 0.91170141 0.91170141 1.         1.         1.         1.
 1.         1.         1.         1.         1.         1.
 0.19817618 0.19817618 0.19817618 0.19817618 0.19817618 0.19817618
 0.19817618 0.19817618 0.19817618 0.19817618 0.         0.
 0.         0.         0.         0.         0.         0.
 0.         0.         0.         0.         0.         0.
 0.         0.         0.         0.         0.         0.
 0.         0.         0.         0.         0.         0.
 0.         0.         0.         0.         0.         0.
 0.         0.         0.         0.         0.         0.
 0.         0.         0.         0.         0.         0.
 0.         0.         0.         0.         0.         0.
 0.         0.         0.         0.         0.         0.
 0.         0.         0.         0.         0.         0.
 0.         0.         0.         0.         0.         0.
 0.         0.         0.         0.         0.         0.
 0.         0.         0.         0.         0.         0.
 0.         0.         0.         0.         0.         0.
 0.         0.         0.         0.         0.         0.
 0.         0.         0.         0.         0.         0.
 0.         0.        ]
Normalized importance:  [0.88813697 0.88813697 0.88813697 0.88813697 0.88813697 0.88813697
 0.88813697 0.88813697 0.88813697 0.88813697 0.07642854 0.
 0.         0.07642854 0.         0.07642854 0.07642854 0.
 0.07642854 0.         0.0727927  0.0727927  0.0727927  0.
 0.0727927  0.0727927  0.0727927  0.0727927  0.0727927  0.
 0.32664096 0.32664096 0.32664096 0.32664096 0.32664096 0.32664096
 0.32664096 0.32664096 0.32664096 0.32664096 0.27976051 0.27976051
 0.27976051 0.27976051 0.27976051 0.27976051 0.27976051 0.27976051
 0.27976051 0.27976051 0.12878414 0.12878414 0.12878414 0.12878414
 0.12878414 0.12878414 0.12878414 0.12878414 0.12878414 0.12878414
 0.20152332 0.20152332 0.20152332 0.20152332 0.20152332 0.20152332
 0.20152332 0.20152332 0.20152332 0.20152332 0.92449841 0.92449841
 0.92449841 0.92449841 0.92449841 0.92449841 0.92449841 0.92449841
 0.92449841 0.92449841 1.         1.         1.         1.
 1.         1.         1.         1.         1.         1.
 0.13564412 0.13564412 0.13564412 0.13564412 0.13564412 0.13564412
 0.         0.13564412 0.13564412 0.13564412 0.         0.
 0.         0.         0.         0.         0.         0.
 0.         0.         0.01863593 0.         0.         0.06841936
 0.         0.         0.01849515 0.         0.         0.
 0.         0.         0.         0.         0.         0.
 0.         0.         0.         0.         0.         0.
 0.         0.         0.         0.         0.         0.
 0.         0.         0.         0.02809894 0.         0.
 0.         0.         0.         0.         0.         0.
 0.         0.         0.         0.         0.         0.
 0.         0.         0.         0.         0.02200639 0.05923334
 0.         0.         0.         0.         0.         0.
 0.00874985 0.01673303 0.02796305 0.05568486 0.03066193 0.
 0.         0.         0.         0.         0.         0.
 0.         0.         0.         0.         0.         0.02016968
 0.         0.         0.05950361 0.         0.0065044  0.
 0.         0.         0.         0.         0.06226006 0.
 0.         0.        ]
deepbreaks
y_true:  [1. 1. 1. 1. 1. 1. 1. 1. 1. 1. 0. 0. 0. 0. 0. 0. 0. 0. 0. 0. 0. 0. 0. 0.
 0. 0. 0. 0. 0. 0. 1. 1. 1. 1. 1. 1. 1. 1. 1. 1. 0. 0. 0. 0. 0. 0. 0. 0.
 0. 0. 0. 0. 0. 0. 0. 0. 0. 0. 0. 0. 1. 1. 1. 1. 1. 1. 1. 1. 1. 1. 1. 1.
 1. 1. 1. 1. 1. 1. 1. 1. 1. 1. 1. 1. 1. 1. 1. 1. 1. 1. 0. 0. 0. 0. 0. 0.
 0. 0. 0. 0. 0. 0. 0. 0. 0. 0. 0. 0. 0. 0. 0. 0. 0. 0. 0. 0. 0. 0. 0. 0.
 0. 0. 0. 0. 0. 0. 0. 0. 0. 0. 0. 0. 0. 0. 0. 0. 0. 0. 0. 0. 0. 0. 0. 0.
 0. 0. 0. 0. 0. 0. 0. 0. 0. 0. 0. 0. 0. 0. 0. 0. 0. 0. 0. 0. 0. 0. 0. 0.
 0. 0. 0. 0. 0. 0. 0. 0. 0. 0. 0. 0. 0. 0. 0. 0. 0. 0. 0. 0. 0. 0. 0. 0.
 0. 0. 0. 0. 0. 0. 0. 0.]
y_pred:  [1. 1. 1. 1. 1. 1. 1. 1. 1. 1. 0. 0. 0. 0. 0. 0. 0. 0. 0. 0. 0. 0. 0. 0.
 0. 0. 0. 0. 0. 0. 1. 1. 1. 1. 1. 1. 1. 1. 1. 1. 1. 1. 1. 1. 1. 1. 1. 1.
 1. 1. 0. 0. 0. 0. 0. 0. 0. 0. 0. 0. 1. 1. 1. 1. 1. 1. 1. 1. 1. 1. 1. 1.
 1. 1. 1. 1. 1. 1. 1. 1. 1. 1. 1. 1. 1. 1. 1. 1. 1. 1. 0. 0. 0. 0. 0. 0.
 0. 0. 0. 0. 0. 0. 0. 0. 0. 0. 0. 0. 0. 0. 0. 0. 0. 0. 0. 0. 0. 0. 0. 0.
 0. 0. 0. 0. 0. 0. 0. 0. 0. 0. 0. 0. 0. 0. 0. 0. 0. 0. 0. 0. 0. 0. 0. 0.
 0. 0. 0. 0. 0. 0. 0. 0. 0. 0. 0. 0. 0. 0. 0. 0. 0. 0. 0. 0. 0. 0. 0. 0.
 0. 0. 0. 0. 0. 0. 0. 0. 0. 0. 0. 0. 0. 0. 0. 0. 0. 0. 0. 0. 0. 0. 0. 0.
 0. 0. 0. 0. 0. 0. 0. 0.]
Normalized importance:  [0.75912409 0.03328467 0.31532847 0.64306569 0.45328467 0.40875912
 0.5459854  0.35109489 0.55547445 0.24890511 0.10875912 0.
 0.12116788 0.17591241 0.         0.1649635  0.07445255 0.20072993
 0.10364964 0.01065693 0.16423358 0.00883212 0.09489051 0.
 0.25328467 0.42189781 0.00472993 0.20364964 0.03058394 0.09927007
 0.51313869 0.18759124 0.31240876 0.51751825 0.12408759 0.56569343
 0.45766423 0.22116788 0.20437956 0.06394161 0.39051095 0.24452555
 0.37956204 0.38832117 0.31094891 0.10072993 0.         0.19270073
 0.         0.15547445 0.31459854 0.         0.         0.28686131
 0.09854015 0.02445255 0.08321168 0.37664234 0.14014599 0.0559854
 0.62627737 0.22116788 0.16423358 0.         0.12189781 0.3649635
 0.09343066 0.25182482 0.29489051 0.22043796 0.88321168 0.33649635
 0.76642336 0.37956204 0.06094891 0.33357664 0.71970803 0.36569343
 0.62116788 0.45182482 1.         0.31386861 0.30072993 0.25182482
 0.7        0.58321168 0.60875912 0.31021898 0.2919708  0.46642336
 0.39635036 0.17372263 0.36131387 0.08905109 0.09635036 0.04854015
 0.00711679 0.24452555 0.03       0.         0.         0.
 0.         0.         0.         0.         0.         0.
 0.         0.01437956 0.28613139 0.11605839 0.00846715 0.20510949
 0.48759124 0.27664234 0.34379562 0.         0.         0.
 0.02532847 0.         0.         0.         0.         0.
 0.         0.         0.         0.21240876 0.17226277 0.
 0.05729927 0.17737226 0.27883212 0.15547445 0.00234307 0.
 0.09708029 0.         0.         0.47664234 0.10218978 0.
 0.         0.         0.14744526 0.         0.29124088 0.2649635
 0.         0.14379562 0.         0.10948905 0.         0.20364964
 0.         0.         0.         0.11459854 0.21970803 0.42627737
 0.         0.         0.30656934 0.14306569 0.         0.
 0.20875912 0.40364964 0.25109489 0.48029197 0.20875912 0.10291971
 0.02043796 0.         0.38978102 0.         0.26350365 0.19270073
 0.         0.         0.         0.1        0.         0.12043796
 0.         0.11751825 0.37737226 0.         0.12043796 0.16423358
 0.09781022 0.         0.14890511 0.         0.34744526 0.
 0.         0.        ]
pyseer
y_true:  [1. 1. 1. 1. 1. 1. 1. 1. 1. 1. 0. 0. 0. 0. 0. 0. 0. 0. 0. 0. 0. 0. 0. 0.
 0. 0. 0. 0. 0. 0. 1. 1. 1. 1. 1. 1. 1. 1. 1. 1. 0. 0. 0. 0. 0. 0. 0. 0.
 0. 0. 0. 0. 0. 0. 0. 0. 0. 0. 0. 0. 1. 1. 1. 1. 1. 1. 1. 1. 1. 1. 1. 1.
 1. 1. 1. 1. 1. 1. 1. 1. 1. 1. 1. 1. 1. 1. 1. 1. 1. 1. 0. 0. 0. 0. 0. 0.
 0. 0. 0. 0. 0. 0. 0. 0. 0. 0. 0. 0. 0. 0. 0. 0. 0. 0. 0. 0. 0. 0. 0. 0.
 0. 0. 0. 0. 0. 0. 0. 0. 0. 0. 0. 0. 0. 0. 0. 0. 0. 0. 0. 0. 0. 0. 0. 0.
 0. 0. 0. 0. 0. 0. 0. 0. 0. 0. 0. 0. 0. 0. 0. 0. 0. 0. 0. 0. 0. 0. 0. 0.
 0. 0. 0. 0. 0. 0. 0. 0. 0. 0. 0. 0. 0. 0. 0. 0. 0. 0. 0. 0. 0. 0. 0. 0.
 0. 0. 0. 0. 0. 0. 0. 0.]
y_pred:  [1. 0. 1. 1. 1. 1. 1. 1. 1. 1. 0. 0. 0. 0. 0. 0. 0. 0. 0. 0. 0. 0. 0. 0.
 1. 1. 0. 0. 0. 0. 1. 0. 1. 1. 0. 1. 1. 1. 0. 0. 1. 1. 1. 1. 1. 0. 0. 0.
 0. 0. 1. 0. 0. 1. 0. 0. 0. 1. 0. 0. 1. 1. 0. 0. 0. 1. 0. 1. 1. 1. 1. 1.
 1. 1. 0. 1. 1. 1. 1. 1. 1. 1. 1. 1. 1. 1. 1. 1. 1. 1. 1. 0. 1. 0. 0. 0.
 0. 1. 0. 0. 0. 0. 0. 0. 0. 0. 0. 0. 0. 0. 1. 0. 0. 0. 1. 1. 1. 0. 0. 0.
 0. 0. 0. 0. 0. 0. 0. 0. 0. 0. 0. 0. 0. 0. 1. 0. 0. 0. 0. 0. 0. 1. 0. 0.
 0. 0. 0. 0. 1. 1. 0. 0. 0. 0. 0. 0. 0. 0. 0. 0. 0. 1. 0. 0. 1. 0. 0. 0.
 0. 1. 1. 1. 0. 0. 0. 0. 1. 0. 1. 0. 0. 0. 0. 0. 0. 0. 0. 0. 1. 0. 0. 0.
 0. 0. 0. 0. 1. 0. 0. 0.]
Time taken: 24.500643968582153 seconds
Running combination 9 of 50
Fitting RandomForest...
Fitting Adaboost...
Fitting AdaBoost_2...
Fitting et...
Fitting gbc...
Fitting gbc_2...
Fitting gbc_3...
Fitting dt...
Fitting lr...
Fitting Lasso_1...
Fitting Lasso_2...
Fitting Lasso_3...
Fitting Lasso_4...
Fitting elasticnet...
VCF file created successfully.
pyseer stderr:  Read 1000 phenotypes
Detected continuous phenotype
Reading all variants

0variants [00:00, ?variants/s]
54variants [00:00, 531.73variants/s]
108variants [00:00, 473.36variants/s]
163variants [00:00, 503.71variants/s]
198variants [00:00, 508.81variants/s]
Applying correlation filtering

  0%|          | 0/198 [00:00<?, ?variants/s]
100%|██████████| 198/198 [00:00<00:00, 2645.19variants/s]
Fitting elastic net to top 148 variants
Best penalty (lambda) from cross-validation: 1.89E+01
Best R^2 from cross-validation: 0.483
Finding and printing selected variants
198 loaded variants
50 pre-filtered variants
148 tested variants
129 printed variants

True importance standardized:  [0.41514275 0.41514275 0.41514275 0.41514275 0.41514275 0.41514275
 0.41514275 0.41514275 0.41514275 0.41514275 0.99687168 0.99687168
 0.99687168 0.99687168 0.99687168 0.99687168 0.99687168 0.99687168
 0.99687168 0.99687168 0.22406294 0.22406294 0.22406294 0.22406294
 0.22406294 0.22406294 0.22406294 0.22406294 0.22406294 0.22406294
 0.14639989 0.14639989 0.14639989 0.14639989 0.14639989 0.14639989
 0.14639989 0.14639989 0.14639989 0.14639989 0.24136411 0.24136411
 0.24136411 0.24136411 0.24136411 0.24136411 0.24136411 0.24136411
 0.24136411 0.24136411 0.44440251 0.44440251 0.44440251 0.44440251
 0.44440251 0.44440251 0.44440251 0.44440251 0.44440251 0.44440251
 1.         1.         1.         1.         1.         1.
 1.         1.         1.         1.         0.99045341 0.99045341
 0.99045341 0.99045341 0.99045341 0.99045341 0.99045341 0.99045341
 0.99045341 0.99045341 0.25329975 0.25329975 0.25329975 0.25329975
 0.25329975 0.25329975 0.25329975 0.25329975 0.25329975 0.25329975
 0.84790539 0.84790539 0.84790539 0.84790539 0.84790539 0.84790539
 0.84790539 0.84790539 0.84790539 0.84790539 0.         0.
 0.         0.         0.         0.         0.         0.
 0.         0.         0.         0.         0.         0.
 0.         0.         0.         0.         0.         0.
 0.         0.         0.         0.         0.         0.
 0.         0.         0.         0.         0.         0.
 0.         0.         0.         0.         0.         0.
 0.         0.         0.         0.         0.         0.
 0.         0.         0.         0.         0.         0.
 0.         0.         0.         0.         0.         0.
 0.         0.         0.         0.         0.         0.
 0.         0.         0.         0.         0.         0.
 0.         0.         0.         0.         0.         0.
 0.         0.         0.         0.         0.         0.
 0.         0.         0.         0.         0.         0.
 0.         0.         0.         0.         0.         0.
 0.         0.         0.         0.         0.         0.
 0.         0.        ]
Normalized importance:  [0.         0.00843868 0.         0.03237945 0.         0.
 0.         0.         0.0266088  0.         1.         1.
 1.         1.         1.         1.         1.         1.
 1.         1.         0.09437746 0.         0.09437746 0.
 0.         0.09437746 0.         0.         0.09437746 0.09437746
 0.         0.         0.         0.         0.         0.
 0.         0.         0.         0.         0.         0.
 0.         0.         0.         0.         0.         0.
 0.         0.06842628 0.17468199 0.17468199 0.17468199 0.17468199
 0.17468199 0.17468199 0.17468199 0.17468199 0.17468199 0.17468199
 0.82186038 0.82186038 0.82186038 0.82186038 0.82186038 0.82186038
 0.82186038 0.82186038 0.82186038 0.82186038 0.84533391 0.84533391
 0.84533391 0.84533391 0.84533391 0.84533391 0.84533391 0.84533391
 0.84533391 0.84533391 0.04177709 0.04177709 0.04177709 0.
 0.04177709 0.         0.04177709 0.04177709 0.04177709 0.04177709
 0.45425939 0.45425939 0.45425939 0.45425939 0.45425939 0.45425939
 0.45425939 0.45425939 0.45425939 0.45425939 0.         0.
 0.         0.         0.         0.         0.         0.
 0.00998281 0.         0.         0.02347093 0.0110418  0.
 0.         0.         0.         0.         0.         0.
 0.         0.         0.         0.         0.         0.
 0.         0.         0.         0.         0.01334758 0.
 0.         0.         0.01114698 0.         0.         0.
 0.         0.         0.         0.         0.         0.
 0.         0.         0.         0.         0.         0.
 0.         0.         0.         0.00949931 0.07941507 0.
 0.         0.         0.         0.         0.         0.
 0.         0.         0.01079532 0.         0.         0.
 0.02570988 0.02700608 0.         0.         0.         0.
 0.         0.         0.         0.         0.03006468 0.
 0.         0.         0.         0.         0.         0.
 0.         0.         0.         0.         0.         0.03800004
 0.         0.         0.04818987 0.         0.         0.
 0.         0.        ]
deepbreaks
y_true:  [0. 0. 0. 0. 0. 0. 0. 0. 0. 0. 1. 1. 1. 1. 1. 1. 1. 1. 1. 1. 0. 0. 0. 0.
 0. 0. 0. 0. 0. 0. 0. 0. 0. 0. 0. 0. 0. 0. 0. 0. 0. 0. 0. 0. 0. 0. 0. 0.
 0. 0. 1. 1. 1. 1. 1. 1. 1. 1. 1. 1. 1. 1. 1. 1. 1. 1. 1. 1. 1. 1. 1. 1.
 1. 1. 1. 1. 1. 1. 1. 1. 0. 0. 0. 0. 0. 0. 0. 0. 0. 0. 1. 1. 1. 1. 1. 1.
 1. 1. 1. 1. 0. 0. 0. 0. 0. 0. 0. 0. 0. 0. 0. 0. 0. 0. 0. 0. 0. 0. 0. 0.
 0. 0. 0. 0. 0. 0. 0. 0. 0. 0. 0. 0. 0. 0. 0. 0. 0. 0. 0. 0. 0. 0. 0. 0.
 0. 0. 0. 0. 0. 0. 0. 0. 0. 0. 0. 0. 0. 0. 0. 0. 0. 0. 0. 0. 0. 0. 0. 0.
 0. 0. 0. 0. 0. 0. 0. 0. 0. 0. 0. 0. 0. 0. 0. 0. 0. 0. 0. 0. 0. 0. 0. 0.
 0. 0. 0. 0. 0. 0. 0. 0.]
y_pred:  [0. 0. 0. 0. 0. 0. 0. 0. 0. 0. 1. 1. 1. 1. 1. 1. 1. 1. 1. 1. 0. 0. 0. 0.
 0. 0. 0. 0. 0. 0. 0. 0. 0. 0. 0. 0. 0. 0. 0. 0. 0. 0. 0. 0. 0. 0. 0. 0.
 0. 0. 0. 0. 0. 0. 0. 0. 0. 0. 0. 0. 1. 1. 1. 1. 1. 1. 1. 1. 1. 1. 1. 1.
 1. 1. 1. 1. 1. 1. 1. 1. 0. 0. 0. 0. 0. 0. 0. 0. 0. 0. 1. 1. 1. 1. 1. 1.
 1. 1. 1. 1. 0. 0. 0. 0. 0. 0. 0. 0. 0. 0. 0. 0. 0. 0. 0. 0. 0. 0. 0. 0.
 0. 0. 0. 0. 0. 0. 0. 0. 0. 0. 0. 0. 0. 0. 0. 0. 0. 0. 0. 0. 0. 0. 0. 0.
 0. 0. 0. 0. 0. 0. 0. 0. 0. 0. 0. 0. 0. 0. 0. 0. 0. 0. 0. 0. 0. 0. 0. 0.
 0. 0. 0. 0. 0. 0. 0. 0. 0. 0. 0. 0. 0. 0. 0. 0. 0. 0. 0. 0. 0. 0. 0. 0.
 0. 0. 0. 0. 0. 0. 0. 0.]
Normalized importance:  [0.32216495 0.1992268  0.         0.28092784 0.         0.04613402
 0.03453608 0.29381443 0.38402062 0.02208763 1.         0.77061856
 0.79123711 0.65206186 0.10850515 0.79381443 0.0435567  0.
 0.67783505 0.58762887 0.32731959 0.         0.31701031 0.
 0.         0.34793814 0.10902062 0.         0.16726804 0.49484536
 0.01309278 0.20154639 0.         0.         0.         0.03582474
 0.50773196 0.14639175 0.         0.         0.         0.
 0.         0.         0.09742268 0.01884021 0.06237113 0.
 0.         0.70103093 0.43814433 0.10180412 0.39948454 0.44072165
 0.26804124 0.36340206 0.00780928 0.37371134 0.30412371 0.
 0.8556701  0.52061856 0.64948454 0.25541237 0.87628866 0.19664948
 0.35824742 0.41494845 0.16804124 0.52319588 0.95876289 0.2628866
 0.67525773 0.35309278 0.34536082 0.25489691 0.8814433  0.46649485
 0.2628866  0.62371134 0.31701031 0.         0.10773196 0.32216495
 0.32216495 0.07061856 0.08685567 0.2628866  0.37886598 0.36082474
 0.81958763 0.40206186 0.16365979 0.5257732  0.45876289 0.10979381
 0.56958763 0.56701031 0.31701031 0.17139175 0.07603093 0.
 0.09587629 0.         0.         0.         0.07731959 0.28865979
 0.16649485 0.         0.         0.37113402 0.32989691 0.
 0.         0.11391753 0.         0.         0.         0.
 0.15773196 0.20670103 0.20695876 0.         0.         0.
 0.         0.         0.24768041 0.2628866  0.17293814 0.
 0.         0.15618557 0.18324742 0.32474227 0.24278351 0.
 0.43041237 0.09793814 0.         0.         0.         0.
 0.41752577 0.31185567 0.         0.19587629 0.27835052 0.10412371
 0.         0.         0.06237113 0.075      0.46391753 0.
 0.         0.         0.         0.09974227 0.         0.05798969
 0.10824742 0.         0.25515464 0.         0.56958763 0.19484536
 0.47680412 0.12448454 0.         0.         0.         0.13247423
 0.         0.22835052 0.00100258 0.         0.35051546 0.
 0.15051546 0.         0.26804124 0.23273196 0.27319588 0.40206186
 0.         0.         0.         0.         0.         0.55670103
 0.23092784 0.         0.60051546 0.         0.27061856 0.
 0.         0.        ]
pyseer
y_true:  [0. 0. 0. 0. 0. 0. 0. 0. 0. 0. 1. 1. 1. 1. 1. 1. 1. 1. 1. 1. 0. 0. 0. 0.
 0. 0. 0. 0. 0. 0. 0. 0. 0. 0. 0. 0. 0. 0. 0. 0. 0. 0. 0. 0. 0. 0. 0. 0.
 0. 0. 1. 1. 1. 1. 1. 1. 1. 1. 1. 1. 1. 1. 1. 1. 1. 1. 1. 1. 1. 1. 1. 1.
 1. 1. 1. 1. 1. 1. 1. 1. 0. 0. 0. 0. 0. 0. 0. 0. 0. 0. 1. 1. 1. 1. 1. 1.
 1. 1. 1. 1. 0. 0. 0. 0. 0. 0. 0. 0. 0. 0. 0. 0. 0. 0. 0. 0. 0. 0. 0. 0.
 0. 0. 0. 0. 0. 0. 0. 0. 0. 0. 0. 0. 0. 0. 0. 0. 0. 0. 0. 0. 0. 0. 0. 0.
 0. 0. 0. 0. 0. 0. 0. 0. 0. 0. 0. 0. 0. 0. 0. 0. 0. 0. 0. 0. 0. 0. 0. 0.
 0. 0. 0. 0. 0. 0. 0. 0. 0. 0. 0. 0. 0. 0. 0. 0. 0. 0. 0. 0. 0. 0. 0. 0.
 0. 0. 0. 0. 0. 0. 0. 0.]
y_pred:  [1. 0. 0. 1. 0. 0. 0. 1. 1. 0. 1. 1. 1. 1. 0. 1. 0. 0. 1. 1. 1. 0. 1. 0.
 0. 1. 0. 0. 0. 1. 0. 0. 0. 0. 0. 0. 1. 0. 0. 0. 0. 0. 0. 0. 0. 0. 0. 0.
 0. 1. 1. 0. 1. 1. 0. 1. 0. 1. 1. 0. 1. 1. 1. 0. 1. 0. 1. 1. 0. 1. 1. 0.
 1. 1. 1. 0. 1. 1. 0. 1. 1. 0. 0. 1. 1. 0. 0. 0. 1. 1. 1. 1. 0. 1. 1. 0.
 1. 1. 1. 0. 0. 0. 0. 0. 0. 0. 0. 1. 0. 0. 0. 1. 1. 0. 0. 0. 0. 0. 0. 0.
 0. 0. 0. 0. 0. 0. 0. 0. 0. 0. 0. 0. 0. 0. 0. 1. 0. 0. 1. 0. 0. 0. 0. 0.
 1. 1. 0. 0. 1. 0. 0. 0. 0. 0. 1. 0. 0. 0. 0. 0. 0. 0. 0. 0. 0. 0. 1. 0.
 1. 0. 0. 0. 0. 0. 0. 0. 0. 0. 1. 0. 0. 0. 0. 0. 1. 1. 0. 0. 0. 0. 0. 1.
 0. 0. 1. 0. 0. 0. 0. 0.]
Time taken: 24.68126130104065 seconds
Running combination 10 of 50
Fitting RandomForest...
Fitting Adaboost...
Fitting AdaBoost_2...
Fitting et...
Fitting gbc...
Fitting gbc_2...
Fitting gbc_3...
Fitting dt...
Fitting lr...
Fitting Lasso_1...
Fitting Lasso_2...
Fitting Lasso_3...
Fitting Lasso_4...
Fitting elasticnet...
VCF file created successfully.
pyseer stderr:  Read 1000 phenotypes
Detected continuous phenotype
Reading all variants

0variants [00:00, ?variants/s]
54variants [00:00, 533.32variants/s]
108variants [00:00, 471.14variants/s]
164variants [00:00, 505.89variants/s]
198variants [00:00, 510.24variants/s]
Applying correlation filtering

  0%|          | 0/198 [00:00<?, ?variants/s]
100%|██████████| 198/198 [00:00<00:00, 2712.95variants/s]
Fitting elastic net to top 148 variants
Best penalty (lambda) from cross-validation: 7.12E+01
Best R^2 from cross-validation: 0.530
Finding and printing selected variants
198 loaded variants
50 pre-filtered variants
148 tested variants
142 printed variants

True importance standardized:  [0.86794952 0.86794952 0.86794952 0.86794952 0.86794952 0.86794952
 0.86794952 0.86794952 0.86794952 0.86794952 0.72661819 0.72661819
 0.72661819 0.72661819 0.72661819 0.72661819 0.72661819 0.72661819
 0.72661819 0.72661819 0.76300428 0.76300428 0.76300428 0.76300428
 0.76300428 0.76300428 0.76300428 0.76300428 0.76300428 0.76300428
 0.75883701 0.75883701 0.75883701 0.75883701 0.75883701 0.75883701
 0.75883701 0.75883701 0.75883701 0.75883701 0.75232654 0.75232654
 0.75232654 0.75232654 0.75232654 0.75232654 0.75232654 0.75232654
 0.75232654 0.75232654 1.         1.         1.         1.
 1.         1.         1.         1.         1.         1.
 0.88213462 0.88213462 0.88213462 0.88213462 0.88213462 0.88213462
 0.88213462 0.88213462 0.88213462 0.88213462 0.88478001 0.88478001
 0.88478001 0.88478001 0.88478001 0.88478001 0.88478001 0.88478001
 0.88478001 0.88478001 0.2004655  0.2004655  0.2004655  0.2004655
 0.2004655  0.2004655  0.2004655  0.2004655  0.2004655  0.2004655
 0.45403325 0.45403325 0.45403325 0.45403325 0.45403325 0.45403325
 0.45403325 0.45403325 0.45403325 0.45403325 0.         0.
 0.         0.         0.         0.         0.         0.
 0.         0.         0.         0.         0.         0.
 0.         0.         0.         0.         0.         0.
 0.         0.         0.         0.         0.         0.
 0.         0.         0.         0.         0.         0.
 0.         0.         0.         0.         0.         0.
 0.         0.         0.         0.         0.         0.
 0.         0.         0.         0.         0.         0.
 0.         0.         0.         0.         0.         0.
 0.         0.         0.         0.         0.         0.
 0.         0.         0.         0.         0.         0.
 0.         0.         0.         0.         0.         0.
 0.         0.         0.         0.         0.         0.
 0.         0.         0.         0.         0.         0.
 0.         0.         0.         0.         0.         0.
 0.         0.         0.         0.         0.         0.
 0.         0.        ]
Normalized importance:  [0.74114553 0.74114553 0.74114553 0.74114553 0.74114553 0.74114553
 0.74114553 0.74114553 0.74114553 0.74114553 0.64282905 0.64282905
 0.64282905 0.64282905 0.64282905 0.64282905 0.64282905 0.64282905
 0.64282905 0.64282905 0.59367693 0.59367693 0.59367693 0.59367693
 0.59367693 0.59367693 0.59367693 0.59367693 0.59367693 0.59367693
 0.316217   0.316217   0.316217   0.316217   0.316217   0.316217
 0.316217   0.316217   0.316217   0.316217   0.69124157 0.69124157
 0.69124157 0.69124157 0.69124157 0.69124157 0.69124157 0.69124157
 0.69124157 0.69124157 0.76488302 0.76488302 0.76488302 0.76488302
 0.76488302 0.76488302 0.76488302 0.76488302 0.76488302 0.76488302
 1.         1.         1.         1.         1.         1.
 1.         1.         1.         1.         0.65255759 0.65255759
 0.65255759 0.65255759 0.65255759 0.65255759 0.65255759 0.65255759
 0.65255759 0.65255759 0.         0.         0.         0.
 0.         0.         0.         0.         0.         0.
 0.19929654 0.19929654 0.19929654 0.19929654 0.19929654 0.19929654
 0.19929654 0.19929654 0.19929654 0.19929654 0.         0.
 0.         0.         0.02290893 0.         0.         0.01536596
 0.         0.         0.         0.         0.         0.
 0.02223455 0.         0.         0.         0.         0.
 0.04755037 0.         0.         0.         0.         0.
 0.         0.         0.02379837 0.         0.         0.
 0.         0.         0.         0.         0.         0.
 0.         0.         0.         0.         0.         0.
 0.02981663 0.         0.         0.         0.         0.0197412
 0.         0.         0.         0.         0.         0.
 0.         0.         0.         0.         0.         0.
 0.         0.         0.         0.         0.0614989  0.
 0.         0.         0.         0.         0.         0.
 0.         0.00490415 0.         0.         0.         0.10332494
 0.         0.         0.         0.         0.         0.
 0.05391092 0.         0.01166124 0.         0.         0.
 0.         0.         0.         0.         0.         0.
 0.         0.        ]
deepbreaks
y_true:  [1. 1. 1. 1. 1. 1. 1. 1. 1. 1. 0. 0. 0. 0. 0. 0. 0. 0. 0. 0. 1. 1. 1. 1.
 1. 1. 1. 1. 1. 1. 0. 0. 0. 0. 0. 0. 0. 0. 0. 0. 0. 0. 0. 0. 0. 0. 0. 0.
 0. 0. 1. 1. 1. 1. 1. 1. 1. 1. 1. 1. 1. 1. 1. 1. 1. 1. 1. 1. 1. 1. 1. 1.
 1. 1. 1. 1. 1. 1. 1. 1. 0. 0. 0. 0. 0. 0. 0. 0. 0. 0. 0. 0. 0. 0. 0. 0.
 0. 0. 0. 0. 0. 0. 0. 0. 0. 0. 0. 0. 0. 0. 0. 0. 0. 0. 0. 0. 0. 0. 0. 0.
 0. 0. 0. 0. 0. 0. 0. 0. 0. 0. 0. 0. 0. 0. 0. 0. 0. 0. 0. 0. 0. 0. 0. 0.
 0. 0. 0. 0. 0. 0. 0. 0. 0. 0. 0. 0. 0. 0. 0. 0. 0. 0. 0. 0. 0. 0. 0. 0.
 0. 0. 0. 0. 0. 0. 0. 0. 0. 0. 0. 0. 0. 0. 0. 0. 0. 0. 0. 0. 0. 0. 0. 0.
 0. 0. 0. 0. 0. 0. 0. 0.]
y_pred:  [1. 1. 1. 1. 1. 1. 1. 1. 1. 1. 1. 1. 1. 1. 1. 1. 1. 1. 1. 1. 0. 0. 0. 0.
 0. 0. 0. 0. 0. 0. 0. 0. 0. 0. 0. 0. 0. 0. 0. 0. 1. 1. 1. 1. 1. 1. 1. 1.
 1. 1. 1. 1. 1. 1. 1. 1. 1. 1. 1. 1. 1. 1. 1. 1. 1. 1. 1. 1. 1. 1. 1. 1.
 1. 1. 1. 1. 1. 1. 1. 1. 0. 0. 0. 0. 0. 0. 0. 0. 0. 0. 0. 0. 0. 0. 0. 0.
 0. 0. 0. 0. 0. 0. 0. 0. 0. 0. 0. 0. 0. 0. 0. 0. 0. 0. 0. 0. 0. 0. 0. 0.
 0. 0. 0. 0. 0. 0. 0. 0. 0. 0. 0. 0. 0. 0. 0. 0. 0. 0. 0. 0. 0. 0. 0. 0.
 0. 0. 0. 0. 0. 0. 0. 0. 0. 0. 0. 0. 0. 0. 0. 0. 0. 0. 0. 0. 0. 0. 0. 0.
 0. 0. 0. 0. 0. 0. 0. 0. 0. 0. 0. 0. 0. 0. 0. 0. 0. 0. 0. 0. 0. 0. 0. 0.
 0. 0. 0. 0. 0. 0. 0. 0.]
Normalized importance:  [0.84649123 0.30964912 0.85350877 0.17631579 0.79473684 0.27280702
 0.53596491 0.29210526 0.63508772 0.44912281 0.72368421 0.39649123
 0.60877193 0.79649123 0.17807018 0.46491228 0.30350877 0.58421053
 0.00507895 0.18859649 0.62982456 0.3122807  0.42192982 0.60350877
 0.30350877 0.05482456 0.78596491 0.71403509 0.26842105 0.46491228
 0.84385965 0.14298246 0.09122807 0.37280702 0.2254386  0.45087719
 0.4254386  0.18157895 0.83859649 0.55701754 0.56140351 0.21666667
 0.29035088 0.25438596 0.38508772 0.61403509 0.38333333 0.68859649
 0.78596491 0.67105263 0.90350877 0.32105263 0.36052632 0.47368421
 0.59561404 0.31315789 0.87719298 0.33245614 0.65438596 0.7254386
 1.         0.7        0.63070175 0.38333333 0.45701754 0.74385965
 0.26052632 0.36929825 0.33070175 0.42894737 0.84210526 0.51403509
 0.27017544 0.55964912 0.52982456 0.30175439 0.67017544 0.35
 0.72368421 0.15614035 0.40438596 0.44912281 0.24035088 0.38947368
 0.         0.00121053 0.         0.18421053 0.43245614 0.1877193
 0.33859649 0.31578947 0.39649123 0.         0.03964912 0.92982456
 0.41842105 0.4877193  0.36315789 0.         0.03008772 0.09210526
 0.00753509 0.         0.17280702 0.         0.         0.21842105
 0.         0.         0.1122807  0.         0.         0.23421053
 0.46929825 0.         0.         0.         0.         0.
 0.32982456 0.20175439 0.         0.         0.         0.
 0.         0.26403509 0.53333333 0.         0.         0.
 0.12719298 0.40438596 0.         0.30175439 0.01342105 0.24298246
 0.08412281 0.         0.32105263 0.20350877 0.045      0.
 0.19561404 0.         0.         0.00982456 0.         0.40877193
 0.         0.         0.14561404 0.04175439 0.         0.
 0.         0.         0.         0.         0.         0.00613158
 0.04578947 0.05236842 0.         0.         0.45964912 0.
 0.         0.         0.1745614  0.         0.15350877 0.
 0.14736842 0.28157895 0.10526316 0.10350877 0.         0.81491228
 0.0024386  0.09122807 0.         0.02368421 0.         0.
 0.64298246 0.         0.11578947 0.15263158 0.06122807 0.02991228
 0.11491228 0.         0.         0.         0.         0.
 0.         0.        ]
pyseer
y_true:  [1. 1. 1. 1. 1. 1. 1. 1. 1. 1. 0. 0. 0. 0. 0. 0. 0. 0. 0. 0. 1. 1. 1. 1.
 1. 1. 1. 1. 1. 1. 0. 0. 0. 0. 0. 0. 0. 0. 0. 0. 0. 0. 0. 0. 0. 0. 0. 0.
 0. 0. 1. 1. 1. 1. 1. 1. 1. 1. 1. 1. 1. 1. 1. 1. 1. 1. 1. 1. 1. 1. 1. 1.
 1. 1. 1. 1. 1. 1. 1. 1. 0. 0. 0. 0. 0. 0. 0. 0. 0. 0. 0. 0. 0. 0. 0. 0.
 0. 0. 0. 0. 0. 0. 0. 0. 0. 0. 0. 0. 0. 0. 0. 0. 0. 0. 0. 0. 0. 0. 0. 0.
 0. 0. 0. 0. 0. 0. 0. 0. 0. 0. 0. 0. 0. 0. 0. 0. 0. 0. 0. 0. 0. 0. 0. 0.
 0. 0. 0. 0. 0. 0. 0. 0. 0. 0. 0. 0. 0. 0. 0. 0. 0. 0. 0. 0. 0. 0. 0. 0.
 0. 0. 0. 0. 0. 0. 0. 0. 0. 0. 0. 0. 0. 0. 0. 0. 0. 0. 0. 0. 0. 0. 0. 0.
 0. 0. 0. 0. 0. 0. 0. 0.]
y_pred:  [1. 0. 1. 0. 1. 0. 1. 0. 1. 1. 1. 1. 1. 1. 0. 1. 0. 1. 0. 0. 1. 0. 1. 1.
 0. 0. 1. 1. 0. 1. 1. 0. 0. 1. 0. 1. 1. 0. 1. 1. 1. 0. 0. 0. 1. 1. 1. 1.
 1. 1. 1. 0. 1. 1. 1. 0. 1. 1. 1. 1. 1. 1. 1. 1. 1. 1. 0. 1. 0. 1. 1. 1.
 0. 1. 1. 0. 1. 1. 1. 0. 1. 1. 0. 1. 0. 0. 0. 0. 1. 0. 1. 0. 1. 0. 0. 1.
 1. 1. 1. 0. 0. 0. 0. 0. 0. 0. 0. 0. 0. 0. 0. 0. 0. 0. 1. 0. 0. 0. 0. 0.
 0. 0. 0. 0. 0. 0. 0. 0. 1. 0. 0. 0. 0. 1. 0. 0. 0. 0. 0. 0. 0. 0. 0. 0.
 0. 0. 0. 0. 0. 1. 0. 0. 0. 0. 0. 0. 0. 0. 0. 0. 0. 0. 0. 0. 0. 0. 1. 0.
 0. 0. 0. 0. 0. 0. 0. 0. 0. 0. 0. 1. 0. 0. 0. 0. 0. 0. 1. 0. 0. 0. 0. 0.
 0. 0. 0. 0. 0. 0. 0. 0.]
Time taken: 24.16357445716858 seconds
Running combination 11 of 50
Fitting RandomForest...
Fitting Adaboost...
Fitting AdaBoost_2...
Fitting et...
Fitting gbc...
Fitting gbc_2...
Fitting gbc_3...
Fitting dt...
Fitting lr...
Fitting Lasso_1...
Fitting Lasso_2...
Fitting Lasso_3...
Fitting Lasso_4...
Fitting elasticnet...
VCF file created successfully.
pyseer stderr:  Read 1000 phenotypes
Detected continuous phenotype
Reading all variants

0variants [00:00, ?variants/s]
55variants [00:00, 544.41variants/s]
110variants [00:00, 482.39variants/s]
167variants [00:00, 517.27variants/s]
198variants [00:00, 520.58variants/s]
Applying correlation filtering

  0%|          | 0/198 [00:00<?, ?variants/s]
100%|██████████| 198/198 [00:00<00:00, 2737.99variants/s]
Fitting elastic net to top 148 variants
Best penalty (lambda) from cross-validation: 1.55E+01
Best R^2 from cross-validation: 0.534
Finding and printing selected variants
198 loaded variants
50 pre-filtered variants
148 tested variants
141 printed variants

True importance standardized:  [0.93925046 0.93925046 0.93925046 0.93925046 0.93925046 0.93925046
 0.93925046 0.93925046 0.93925046 0.93925046 0.53496153 0.53496153
 0.53496153 0.53496153 0.53496153 0.53496153 0.53496153 0.53496153
 0.53496153 0.53496153 0.57188633 0.57188633 0.57188633 0.57188633
 0.57188633 0.57188633 0.57188633 0.57188633 0.57188633 0.57188633
 0.68960025 0.68960025 0.68960025 0.68960025 0.68960025 0.68960025
 0.68960025 0.68960025 0.68960025 0.68960025 1.         1.
 1.         1.         1.         1.         1.         1.
 1.         1.         0.41016749 0.41016749 0.41016749 0.41016749
 0.41016749 0.41016749 0.41016749 0.41016749 0.41016749 0.41016749
 0.28263062 0.28263062 0.28263062 0.28263062 0.28263062 0.28263062
 0.28263062 0.28263062 0.28263062 0.28263062 0.50643024 0.50643024
 0.50643024 0.50643024 0.50643024 0.50643024 0.50643024 0.50643024
 0.50643024 0.50643024 0.24270835 0.24270835 0.24270835 0.24270835
 0.24270835 0.24270835 0.24270835 0.24270835 0.24270835 0.24270835
 0.46724286 0.46724286 0.46724286 0.46724286 0.46724286 0.46724286
 0.46724286 0.46724286 0.46724286 0.46724286 0.         0.
 0.         0.         0.         0.         0.         0.
 0.         0.         0.         0.         0.         0.
 0.         0.         0.         0.         0.         0.
 0.         0.         0.         0.         0.         0.
 0.         0.         0.         0.         0.         0.
 0.         0.         0.         0.         0.         0.
 0.         0.         0.         0.         0.         0.
 0.         0.         0.         0.         0.         0.
 0.         0.         0.         0.         0.         0.
 0.         0.         0.         0.         0.         0.
 0.         0.         0.         0.         0.         0.
 0.         0.         0.         0.         0.         0.
 0.         0.         0.         0.         0.         0.
 0.         0.         0.         0.         0.         0.
 0.         0.         0.         0.         0.         0.
 0.         0.         0.         0.         0.         0.
 0.         0.        ]
Normalized importance:  [0.80035126 0.80035126 0.80035126 0.80035126 0.80035126 0.80035126
 0.80035126 0.80035126 0.80035126 0.80035126 0.25630295 0.25630295
 0.25630295 0.25630295 0.25630295 0.25630295 0.25630295 0.25630295
 0.25630295 0.25630295 0.49838396 0.49838396 0.49838396 0.49838396
 0.49838396 0.49838396 0.49838396 0.49838396 0.49838396 0.49838396
 0.54392696 0.54392696 0.54392696 0.54392696 0.54392696 0.54392696
 0.54392696 0.54392696 0.54392696 0.54392696 1.         1.
 1.         1.         1.         1.         1.         1.
 1.         1.         0.09050626 0.09050626 0.09050626 0.09050626
 0.09050626 0.09050626 0.09050626 0.09050626 0.09050626 0.09050626
 0.2177819  0.2177819  0.2177819  0.2177819  0.2177819  0.2177819
 0.2177819  0.2177819  0.2177819  0.2177819  0.30451383 0.30451383
 0.30451383 0.30451383 0.30451383 0.30451383 0.30451383 0.30451383
 0.30451383 0.30451383 0.12381068 0.12381068 0.12381068 0.12381068
 0.12381068 0.12381068 0.12381068 0.12381068 0.12381068 0.12381068
 0.22858549 0.22858549 0.22858549 0.22858549 0.22858549 0.22858549
 0.22858549 0.22858549 0.22858549 0.22858549 0.         0.
 0.         0.         0.         0.         0.         0.
 0.         0.         0.         0.         0.         0.
 0.         0.         0.         0.         0.         0.
 0.         0.         0.         0.00838852 0.         0.
 0.         0.         0.         0.0105589  0.         0.
 0.         0.         0.         0.         0.         0.
 0.         0.         0.         0.         0.         0.
 0.         0.         0.         0.         0.         0.
 0.         0.         0.         0.         0.         0.
 0.         0.         0.         0.         0.         0.
 0.         0.         0.         0.         0.03015234 0.
 0.         0.         0.03918057 0.         0.         0.
 0.02389536 0.         0.         0.         0.         0.01651706
 0.         0.02080294 0.         0.         0.         0.
 0.         0.01323611 0.         0.         0.         0.
 0.         0.         0.         0.         0.         0.01713183
 0.         0.        ]
deepbreaks
y_true:  [1. 1. 1. 1. 1. 1. 1. 1. 1. 1. 1. 1. 1. 1. 1. 1. 1. 1. 1. 1. 1. 1. 1. 1.
 1. 1. 1. 1. 1. 1. 1. 1. 1. 1. 1. 1. 1. 1. 1. 1. 1. 1. 1. 1. 1. 1. 1. 1.
 1. 1. 0. 0. 0. 0. 0. 0. 0. 0. 0. 0. 0. 0. 0. 0. 0. 0. 0. 0. 0. 0. 0. 0.
 0. 0. 0. 0. 0. 0. 0. 0. 0. 0. 0. 0. 0. 0. 0. 0. 0. 0. 0. 0. 0. 0. 0. 0.
 0. 0. 0. 0. 0. 0. 0. 0. 0. 0. 0. 0. 0. 0. 0. 0. 0. 0. 0. 0. 0. 0. 0. 0.
 0. 0. 0. 0. 0. 0. 0. 0. 0. 0. 0. 0. 0. 0. 0. 0. 0. 0. 0. 0. 0. 0. 0. 0.
 0. 0. 0. 0. 0. 0. 0. 0. 0. 0. 0. 0. 0. 0. 0. 0. 0. 0. 0. 0. 0. 0. 0. 0.
 0. 0. 0. 0. 0. 0. 0. 0. 0. 0. 0. 0. 0. 0. 0. 0. 0. 0. 0. 0. 0. 0. 0. 0.
 0. 0. 0. 0. 0. 0. 0. 0.]
y_pred:  [1. 1. 1. 1. 1. 1. 1. 1. 1. 1. 1. 1. 1. 1. 1. 1. 1. 1. 1. 1. 1. 1. 1. 1.
 1. 1. 1. 1. 1. 1. 1. 1. 1. 1. 1. 1. 1. 1. 1. 1. 1. 1. 1. 1. 1. 1. 1. 1.
 1. 1. 0. 0. 0. 0. 0. 0. 0. 0. 0. 0. 0. 0. 0. 0. 0. 0. 0. 0. 0. 0. 1. 1.
 1. 1. 1. 1. 1. 1. 1. 1. 0. 0. 0. 0. 0. 0. 0. 0. 0. 0. 0. 0. 0. 0. 0. 0.
 0. 0. 0. 0. 0. 0. 0. 0. 0. 0. 0. 0. 0. 0. 0. 0. 0. 0. 0. 0. 0. 0. 0. 0.
 0. 0. 0. 0. 0. 0. 0. 0. 0. 0. 0. 0. 0. 0. 0. 0. 0. 0. 0. 0. 0. 0. 0. 0.
 0. 0. 0. 0. 0. 0. 0. 0. 0. 0. 0. 0. 0. 0. 0. 0. 0. 0. 0. 0. 0. 0. 0. 0.
 0. 0. 0. 0. 0. 0. 0. 0. 0. 0. 0. 0. 0. 0. 0. 0. 0. 0. 0. 0. 0. 0. 0. 0.
 0. 0. 0. 0. 0. 0. 0. 0.]
Normalized importance:  [0.90252708 0.70036101 0.90252708 0.5234657  0.25090253 0.85920578
 0.65703971 0.49097473 0.4801444  0.39350181 0.84837545 0.70036101
 0.52707581 0.19891697 0.29458484 0.17075812 0.49097473 0.
 0.07906137 0.23212996 0.9566787  0.35920578 0.82310469 0.62815884
 0.11588448 0.25162455 0.37545126 0.0833935  0.433213   0.36462094
 0.67148014 0.55234657 0.09819495 0.74729242 0.83393502 0.18267148
 0.55234657 0.76173285 0.41877256 0.08519856 0.92057762 1.
 0.66064982 0.13104693 0.8267148  0.8267148  0.44765343 0.64259928
 0.97833935 0.23754513 0.34476534 0.23104693 0.19133574 0.02245487
 0.34476534 0.06931408 0.45487365 0.54873646 0.44404332 0.05595668
 0.23068592 0.68592058 0.49458484 0.39350181 0.15631769 0.58122744
 0.08267148 0.25884477 0.08916968 0.07617329 0.67509025 0.09314079
 0.03971119 0.58122744 0.11444043 0.2833935  0.4801444  0.47292419
 0.20974729 0.28953069 0.30361011 0.3898917  0.         0.18953069
 0.14909747 0.60649819 0.28086643 0.         0.29530686 0.11227437
 0.61371841 0.46931408 0.12129964 0.         0.5198556  0.57761733
 0.14223827 0.26462094 0.75451264 0.23104693 0.         0.03718412
 0.         0.29891697 0.         0.22815884 0.05740072 0.24981949
 0.         0.         0.         0.21552347 0.         0.00685921
 0.         0.         0.6101083  0.25162455 0.33790614 0.
 0.30505415 0.1801444  0.         0.39711191 0.         0.15884477
 0.02942238 0.         0.         0.         0.         0.31263538
 0.20613718 0.48736462 0.18519856 0.         0.         0.
 0.         0.         0.         0.3898917  0.15126354 0.
 0.         0.         0.         0.39711191 0.04981949 0.03501805
 0.         0.         0.         0.         0.28050542 0.
 0.41516245 0.         0.         0.         0.         0.09855596
 0.03519856 0.         0.07256318 0.         0.42599278 0.
 0.         0.         0.10469314 0.         0.         0.4368231
 0.37545126 0.53790614 0.         0.         0.         0.35848375
 0.         0.35487365 0.35126354 0.         0.24620939 0.
 0.         0.18592058 0.         0.24512635 0.01267148 0.38267148
 0.07148014 0.         0.25559567 0.         0.         0.3267148
 0.         0.        ]
pyseer
y_true:  [1. 1. 1. 1. 1. 1. 1. 1. 1. 1. 1. 1. 1. 1. 1. 1. 1. 1. 1. 1. 1. 1. 1. 1.
 1. 1. 1. 1. 1. 1. 1. 1. 1. 1. 1. 1. 1. 1. 1. 1. 1. 1. 1. 1. 1. 1. 1. 1.
 1. 1. 0. 0. 0. 0. 0. 0. 0. 0. 0. 0. 0. 0. 0. 0. 0. 0. 0. 0. 0. 0. 0. 0.
 0. 0. 0. 0. 0. 0. 0. 0. 0. 0. 0. 0. 0. 0. 0. 0. 0. 0. 0. 0. 0. 0. 0. 0.
 0. 0. 0. 0. 0. 0. 0. 0. 0. 0. 0. 0. 0. 0. 0. 0. 0. 0. 0. 0. 0. 0. 0. 0.
 0. 0. 0. 0. 0. 0. 0. 0. 0. 0. 0. 0. 0. 0. 0. 0. 0. 0. 0. 0. 0. 0. 0. 0.
 0. 0. 0. 0. 0. 0. 0. 0. 0. 0. 0. 0. 0. 0. 0. 0. 0. 0. 0. 0. 0. 0. 0. 0.
 0. 0. 0. 0. 0. 0. 0. 0. 0. 0. 0. 0. 0. 0. 0. 0. 0. 0. 0. 0. 0. 0. 0. 0.
 0. 0. 0. 0. 0. 0. 0. 0.]
y_pred:  [1. 1. 1. 1. 0. 1. 1. 1. 1. 1. 1. 1. 1. 0. 0. 0. 1. 0. 0. 0. 1. 1. 1. 1.
 0. 0. 1. 0. 1. 1. 1. 1. 0. 1. 1. 0. 1. 1. 1. 0. 1. 1. 1. 0. 1. 1. 1. 1.
 1. 0. 1. 0. 0. 0. 1. 0. 1. 1. 1. 0. 0. 1. 1. 1. 0. 1. 0. 0. 0. 0. 1. 0.
 0. 1. 0. 0. 1. 1. 0. 0. 0. 1. 0. 0. 0. 1. 0. 0. 0. 0. 1. 1. 0. 0. 1. 1.
 0. 0. 1. 0. 0. 0. 0. 0. 0. 0. 0. 0. 0. 0. 0. 0. 0. 0. 0. 0. 1. 0. 1. 0.
 0. 0. 0. 1. 0. 0. 0. 0. 0. 0. 0. 0. 0. 1. 0. 0. 0. 0. 0. 0. 0. 1. 0. 0.
 0. 0. 0. 1. 0. 0. 0. 0. 0. 0. 0. 0. 1. 0. 0. 0. 0. 0. 0. 0. 0. 0. 1. 0.
 0. 0. 0. 0. 0. 1. 1. 1. 0. 0. 0. 1. 0. 1. 1. 0. 0. 0. 0. 0. 0. 0. 0. 1.
 0. 0. 0. 0. 0. 1. 0. 0.]
Time taken: 24.34089207649231 seconds
Running combination 12 of 50
Fitting RandomForest...
Fitting Adaboost...
Fitting AdaBoost_2...
Fitting et...
Fitting gbc...
Fitting gbc_2...
Fitting gbc_3...
Fitting dt...
Fitting lr...
Fitting Lasso_1...
Fitting Lasso_2...
Fitting Lasso_3...
Fitting Lasso_4...
Fitting elasticnet...
VCF file created successfully.
pyseer stderr:  Read 1000 phenotypes
Detected continuous phenotype
Reading all variants

0variants [00:00, ?variants/s]
55variants [00:00, 542.63variants/s]
110variants [00:00, 479.82variants/s]
166variants [00:00, 511.86variants/s]
198variants [00:00, 516.51variants/s]
Applying correlation filtering

  0%|          | 0/198 [00:00<?, ?variants/s]
100%|██████████| 198/198 [00:00<00:00, 2715.59variants/s]
Fitting elastic net to top 148 variants
Best penalty (lambda) from cross-validation: 1.80E+01
Best R^2 from cross-validation: 0.501
Finding and printing selected variants
198 loaded variants
50 pre-filtered variants
148 tested variants
136 printed variants

True importance standardized:  [0.88546289 0.88546289 0.88546289 0.88546289 0.88546289 0.88546289
 0.88546289 0.88546289 0.88546289 0.88546289 1.         1.
 1.         1.         1.         1.         1.         1.
 1.         1.         0.61220105 0.61220105 0.61220105 0.61220105
 0.61220105 0.61220105 0.61220105 0.61220105 0.61220105 0.61220105
 0.55897547 0.55897547 0.55897547 0.55897547 0.55897547 0.55897547
 0.55897547 0.55897547 0.55897547 0.55897547 0.47463026 0.47463026
 0.47463026 0.47463026 0.47463026 0.47463026 0.47463026 0.47463026
 0.47463026 0.47463026 0.80191457 0.80191457 0.80191457 0.80191457
 0.80191457 0.80191457 0.80191457 0.80191457 0.80191457 0.80191457
 0.82933584 0.82933584 0.82933584 0.82933584 0.82933584 0.82933584
 0.82933584 0.82933584 0.82933584 0.82933584 0.59689205 0.59689205
 0.59689205 0.59689205 0.59689205 0.59689205 0.59689205 0.59689205
 0.59689205 0.59689205 0.4985481  0.4985481  0.4985481  0.4985481
 0.4985481  0.4985481  0.4985481  0.4985481  0.4985481  0.4985481
 0.58439509 0.58439509 0.58439509 0.58439509 0.58439509 0.58439509
 0.58439509 0.58439509 0.58439509 0.58439509 0.         0.
 0.         0.         0.         0.         0.         0.
 0.         0.         0.         0.         0.         0.
 0.         0.         0.         0.         0.         0.
 0.         0.         0.         0.         0.         0.
 0.         0.         0.         0.         0.         0.
 0.         0.         0.         0.         0.         0.
 0.         0.         0.         0.         0.         0.
 0.         0.         0.         0.         0.         0.
 0.         0.         0.         0.         0.         0.
 0.         0.         0.         0.         0.         0.
 0.         0.         0.         0.         0.         0.
 0.         0.         0.         0.         0.         0.
 0.         0.         0.         0.         0.         0.
 0.         0.         0.         0.         0.         0.
 0.         0.         0.         0.         0.         0.
 0.         0.         0.         0.         0.         0.
 0.         0.        ]
Normalized importance:  [0.81596145 0.81596145 0.81596145 0.81596145 0.81596145 0.81596145
 0.81596145 0.81596145 0.81596145 0.81596145 1.         1.
 1.         1.         1.         1.         1.         1.
 1.         1.         0.42151438 0.42151438 0.42151438 0.42151438
 0.42151438 0.42151438 0.42151438 0.42151438 0.42151438 0.42151438
 0.50545744 0.50545744 0.50545744 0.50545744 0.50545744 0.50545744
 0.50545744 0.50545744 0.50545744 0.50545744 0.22670361 0.22670361
 0.22670361 0.22670361 0.22670361 0.22670361 0.22670361 0.22670361
 0.22670361 0.22670361 0.72114857 0.72114857 0.72114857 0.72114857
 0.72114857 0.72114857 0.72114857 0.72114857 0.72114857 0.72114857
 0.82888239 0.82888239 0.82888239 0.82888239 0.82888239 0.82888239
 0.82888239 0.82888239 0.82888239 0.82888239 0.31832288 0.31832288
 0.31832288 0.31832288 0.31832288 0.31832288 0.31832288 0.31832288
 0.31832288 0.31832288 0.15136214 0.15136214 0.15136214 0.15136214
 0.15136214 0.15136214 0.15136214 0.15136214 0.15136214 0.15136214
 0.28124513 0.28124513 0.28124513 0.28124513 0.28124513 0.28124513
 0.28124513 0.28124513 0.28124513 0.28124513 0.01859595 0.
 0.         0.02267376 0.         0.         0.         0.
 0.         0.02282708 0.         0.02608569 0.         0.
 0.         0.00243612 0.         0.         0.         0.01855931
 0.         0.01699151 0.         0.         0.         0.
 0.         0.         0.         0.01540177 0.         0.
 0.         0.         0.         0.         0.         0.
 0.         0.         0.         0.         0.         0.
 0.         0.01601684 0.         0.01446558 0.         0.
 0.         0.         0.         0.         0.02417513 0.
 0.         0.         0.         0.         0.         0.03747412
 0.         0.         0.         0.         0.         0.
 0.         0.         0.03474772 0.         0.         0.02826957
 0.         0.         0.         0.         0.         0.
 0.         0.         0.         0.0539665  0.         0.
 0.01878763 0.         0.         0.08154546 0.         0.
 0.02726259 0.         0.         0.         0.         0.
 0.         0.        ]
deepbreaks
y_true:  [1. 1. 1. 1. 1. 1. 1. 1. 1. 1. 1. 1. 1. 1. 1. 1. 1. 1. 1. 1. 1. 1. 1. 1.
 1. 1. 1. 1. 1. 1. 0. 0. 0. 0. 0. 0. 0. 0. 0. 0. 0. 0. 0. 0. 0. 0. 0. 0.
 0. 0. 1. 1. 1. 1. 1. 1. 1. 1. 1. 1. 1. 1. 1. 1. 1. 1. 1. 1. 1. 1. 0. 0.
 0. 0. 0. 0. 0. 0. 0. 0. 0. 0. 0. 0. 0. 0. 0. 0. 0. 0. 0. 0. 0. 0. 0. 0.
 0. 0. 0. 0. 0. 0. 0. 0. 0. 0. 0. 0. 0. 0. 0. 0. 0. 0. 0. 0. 0. 0. 0. 0.
 0. 0. 0. 0. 0. 0. 0. 0. 0. 0. 0. 0. 0. 0. 0. 0. 0. 0. 0. 0. 0. 0. 0. 0.
 0. 0. 0. 0. 0. 0. 0. 0. 0. 0. 0. 0. 0. 0. 0. 0. 0. 0. 0. 0. 0. 0. 0. 0.
 0. 0. 0. 0. 0. 0. 0. 0. 0. 0. 0. 0. 0. 0. 0. 0. 0. 0. 0. 0. 0. 0. 0. 0.
 0. 0. 0. 0. 0. 0. 0. 0.]
y_pred:  [1. 1. 1. 1. 1. 1. 1. 1. 1. 1. 1. 1. 1. 1. 1. 1. 1. 1. 1. 1. 1. 1. 1. 1.
 1. 1. 1. 1. 1. 1. 1. 1. 1. 1. 1. 1. 1. 1. 1. 1. 0. 0. 0. 0. 0. 0. 0. 0.
 0. 0. 1. 1. 1. 1. 1. 1. 1. 1. 1. 1. 1. 1. 1. 1. 1. 1. 1. 1. 1. 1. 0. 0.
 0. 0. 0. 0. 0. 0. 0. 0. 0. 0. 0. 0. 0. 0. 0. 0. 0. 0. 0. 0. 0. 0. 0. 0.
 0. 0. 0. 0. 0. 0. 0. 0. 0. 0. 0. 0. 0. 0. 0. 0. 0. 0. 0. 0. 0. 0. 0. 0.
 0. 0. 0. 0. 0. 0. 0. 0. 0. 0. 0. 0. 0. 0. 0. 0. 0. 0. 0. 0. 0. 0. 0. 0.
 0. 0. 0. 0. 0. 0. 0. 0. 0. 0. 0. 0. 0. 0. 0. 0. 0. 0. 0. 0. 0. 0. 0. 0.
 0. 0. 0. 0. 0. 0. 0. 0. 0. 0. 0. 0. 0. 0. 0. 0. 0. 0. 0. 0. 0. 0. 0. 0.
 0. 0. 0. 0. 0. 0. 0. 0.]
Normalized importance:  [0.82508251 0.22211221 0.67326733 0.6039604  0.44884488 0.22508251
 0.2640264  0.67656766 0.3630363  0.5049505  1.         0.45874587
 0.72277228 0.71617162 0.         0.66006601 0.48184818 0.43234323
 0.40594059 0.69306931 0.69306931 0.17623762 0.13465347 0.82178218
 0.40264026 0.         0.         0.9009901  0.03155116 0.28811881
 0.54785479 0.94059406 0.60726073 0.0709571  0.34323432 0.12046205
 0.33333333 0.         0.43234323 0.31650165 0.23366337 0.27161716
 0.         0.39273927 0.43234323 0.18316832 0.60726073 0.36963696
 0.17557756 0.         0.90759076 0.37623762 0.43564356 0.5379538
 0.46534653 0.28745875 0.19339934 0.79207921 0.3630363  0.17227723
 0.72607261 0.53135314 0.30957096 0.         0.34653465 0.54125413
 0.48514851 0.73267327 0.48184818 0.27755776 0.69306931 0.
 0.18877888 0.47194719 0.269967   0.03828383 0.61716172 0.1990099
 0.4290429  0.18481848 0.64356436 0.12541254 0.03663366 0.42574257
 0.5709571  0.07656766 0.         0.02132013 0.31386139 0.19009901
 0.55445545 0.1009901  0.10990099 0.16270627 0.40924092 0.26666667
 0.18217822 0.78547855 0.21122112 0.3960396  0.28085809 0.24422442
 0.         0.14587459 0.         0.         0.         0.04455446
 0.         0.33663366 0.12310231 0.17854785 0.         0.
 0.         0.17953795 0.         0.         0.         0.28646865
 0.15214521 0.22013201 0.         0.56435644 0.15445545 0.
 0.         0.1290429  0.48844884 0.32673267 0.19372937 0.25478548
 0.         0.0219802  0.         0.18811881 0.21947195 0.
 0.         0.         0.18052805 0.         0.         0.
 0.         0.         0.         0.19471947 0.15709571 0.15511551
 0.         0.         0.         0.04752475 0.34983498 0.2330033
 0.         0.         0.         0.27458746 0.16930693 0.40264026
 0.20330033 0.         0.         0.         0.         0.
 0.         0.         0.15808581 0.05346535 0.         0.34323432
 0.         0.         0.         0.         0.04752475 0.
 0.         0.         0.29240924 0.28811881 0.         0.03564356
 0.20528053 0.         0.22376238 0.66336634 0.         0.
 0.         0.04521452 0.         0.15214521 0.         0.43894389
 0.         0.        ]
pyseer
y_true:  [1. 1. 1. 1. 1. 1. 1. 1. 1. 1. 1. 1. 1. 1. 1. 1. 1. 1. 1. 1. 1. 1. 1. 1.
 1. 1. 1. 1. 1. 1. 0. 0. 0. 0. 0. 0. 0. 0. 0. 0. 0. 0. 0. 0. 0. 0. 0. 0.
 0. 0. 1. 1. 1. 1. 1. 1. 1. 1. 1. 1. 1. 1. 1. 1. 1. 1. 1. 1. 1. 1. 0. 0.
 0. 0. 0. 0. 0. 0. 0. 0. 0. 0. 0. 0. 0. 0. 0. 0. 0. 0. 0. 0. 0. 0. 0. 0.
 0. 0. 0. 0. 0. 0. 0. 0. 0. 0. 0. 0. 0. 0. 0. 0. 0. 0. 0. 0. 0. 0. 0. 0.
 0. 0. 0. 0. 0. 0. 0. 0. 0. 0. 0. 0. 0. 0. 0. 0. 0. 0. 0. 0. 0. 0. 0. 0.
 0. 0. 0. 0. 0. 0. 0. 0. 0. 0. 0. 0. 0. 0. 0. 0. 0. 0. 0. 0. 0. 0. 0. 0.
 0. 0. 0. 0. 0. 0. 0. 0. 0. 0. 0. 0. 0. 0. 0. 0. 0. 0. 0. 0. 0. 0. 0. 0.
 0. 0. 0. 0. 0. 0. 0. 0.]
y_pred:  [1. 0. 1. 1. 1. 0. 0. 1. 1. 1. 1. 1. 1. 1. 0. 1. 1. 1. 1. 1. 1. 0. 0. 1.
 1. 0. 0. 1. 0. 0. 1. 1. 1. 0. 1. 0. 1. 0. 1. 1. 0. 0. 0. 1. 1. 0. 1. 1.
 0. 0. 1. 1. 1. 1. 1. 0. 0. 1. 1. 0. 1. 1. 1. 0. 1. 1. 1. 1. 1. 0. 1. 0.
 0. 1. 0. 0. 1. 0. 1. 0. 1. 0. 0. 1. 1. 0. 0. 0. 1. 0. 1. 0. 0. 0. 1. 0.
 0. 1. 0. 1. 0. 0. 0. 0. 0. 0. 0. 0. 0. 1. 0. 0. 0. 0. 0. 0. 0. 0. 0. 0.
 0. 0. 0. 1. 0. 0. 0. 0. 1. 1. 0. 0. 0. 0. 0. 0. 0. 0. 0. 0. 0. 0. 0. 0.
 0. 0. 0. 0. 0. 0. 0. 0. 0. 0. 1. 0. 0. 0. 0. 0. 0. 1. 0. 0. 0. 0. 0. 0.
 0. 0. 0. 0. 0. 1. 0. 0. 0. 0. 0. 0. 0. 0. 1. 0. 0. 0. 0. 0. 0. 1. 0. 0.
 0. 0. 0. 0. 0. 1. 0. 0.]
Time taken: 25.199858903884888 seconds
Running combination 13 of 50
Fitting RandomForest...
Fitting Adaboost...
Fitting AdaBoost_2...
Fitting et...
Fitting gbc...
Fitting gbc_2...
Fitting gbc_3...
Fitting dt...
Fitting lr...
Fitting Lasso_1...
Fitting Lasso_2...
Fitting Lasso_3...
Fitting Lasso_4...
Fitting elasticnet...
VCF file created successfully.
pyseer stderr:  Read 1000 phenotypes
Detected continuous phenotype
Reading all variants

0variants [00:00, ?variants/s]
55variants [00:00, 543.19variants/s]
110variants [00:00, 478.52variants/s]
166variants [00:00, 511.47variants/s]
198variants [00:00, 515.89variants/s]
Applying correlation filtering

  0%|          | 0/198 [00:00<?, ?variants/s]
100%|██████████| 198/198 [00:00<00:00, 2724.29variants/s]
Fitting elastic net to top 148 variants
Best penalty (lambda) from cross-validation: 1.62E+01
Best R^2 from cross-validation: 0.543
Finding and printing selected variants
198 loaded variants
50 pre-filtered variants
148 tested variants
136 printed variants

True importance standardized:  [0.22617223 0.22617223 0.22617223 0.22617223 0.22617223 0.22617223
 0.22617223 0.22617223 0.22617223 0.22617223 0.37167159 0.37167159
 0.37167159 0.37167159 0.37167159 0.37167159 0.37167159 0.37167159
 0.37167159 0.37167159 0.40383029 0.40383029 0.40383029 0.40383029
 0.40383029 0.40383029 0.40383029 0.40383029 0.40383029 0.40383029
 0.41615778 0.41615778 0.41615778 0.41615778 0.41615778 0.41615778
 0.41615778 0.41615778 0.41615778 0.41615778 0.19434115 0.19434115
 0.19434115 0.19434115 0.19434115 0.19434115 0.19434115 0.19434115
 0.19434115 0.19434115 0.32268996 0.32268996 0.32268996 0.32268996
 0.32268996 0.32268996 0.32268996 0.32268996 0.32268996 0.32268996
 0.96653588 0.96653588 0.96653588 0.96653588 0.96653588 0.96653588
 0.96653588 0.96653588 0.96653588 0.96653588 1.         1.
 1.         1.         1.         1.         1.         1.
 1.         1.         0.70452098 0.70452098 0.70452098 0.70452098
 0.70452098 0.70452098 0.70452098 0.70452098 0.70452098 0.70452098
 0.90188212 0.90188212 0.90188212 0.90188212 0.90188212 0.90188212
 0.90188212 0.90188212 0.90188212 0.90188212 0.         0.
 0.         0.         0.         0.         0.         0.
 0.         0.         0.         0.         0.         0.
 0.         0.         0.         0.         0.         0.
 0.         0.         0.         0.         0.         0.
 0.         0.         0.         0.         0.         0.
 0.         0.         0.         0.         0.         0.
 0.         0.         0.         0.         0.         0.
 0.         0.         0.         0.         0.         0.
 0.         0.         0.         0.         0.         0.
 0.         0.         0.         0.         0.         0.
 0.         0.         0.         0.         0.         0.
 0.         0.         0.         0.         0.         0.
 0.         0.         0.         0.         0.         0.
 0.         0.         0.         0.         0.         0.
 0.         0.         0.         0.         0.         0.
 0.         0.         0.         0.         0.         0.
 0.         0.        ]
Normalized importance:  [0.31991453 0.31991453 0.31991453 0.31991453 0.31991453 0.31991453
 0.31991453 0.31991453 0.31991453 0.31991453 0.14061544 0.14061544
 0.14061544 0.14061544 0.14061544 0.14061544 0.14061544 0.14061544
 0.14061544 0.14061544 0.19262464 0.19262464 0.19262464 0.19262464
 0.19262464 0.19262464 0.19262464 0.19262464 0.19262464 0.19262464
 0.30384122 0.30384122 0.30384122 0.30384122 0.30384122 0.30384122
 0.30384122 0.30384122 0.30384122 0.30384122 0.         0.
 0.         0.         0.         0.         0.03936366 0.
 0.         0.         0.10201842 0.10201842 0.10201842 0.10201842
 0.10201842 0.10201842 0.10201842 0.10201842 0.10201842 0.10201842
 0.95774016 0.95774016 0.95774016 0.95774016 0.95774016 0.95774016
 0.95774016 0.95774016 0.95774016 0.95774016 1.         1.
 1.         1.         1.         1.         1.         1.
 1.         1.         0.5333158  0.5333158  0.5333158  0.5333158
 0.5333158  0.5333158  0.5333158  0.5333158  0.5333158  0.5333158
 0.94568785 0.94568785 0.94568785 0.94568785 0.94568785 0.94568785
 0.94568785 0.94568785 0.94568785 0.94568785 0.         0.
 0.0195615  0.         0.         0.         0.         0.
 0.         0.         0.         0.         0.         0.
 0.         0.         0.         0.         0.         0.
 0.         0.         0.         0.01073549 0.         0.
 0.         0.         0.02421293 0.         0.         0.
 0.         0.         0.         0.         0.         0.00887514
 0.         0.         0.         0.         0.02033309 0.
 0.         0.         0.         0.         0.04704847 0.
 0.         0.         0.         0.         0.01016926 0.
 0.         0.         0.         0.         0.02314499 0.
 0.         0.         0.         0.         0.         0.
 0.         0.01569918 0.         0.         0.         0.
 0.         0.         0.         0.         0.         0.01154856
 0.         0.         0.         0.         0.         0.00580575
 0.         0.         0.         0.03075544 0.         0.
 0.         0.         0.         0.         0.         0.
 0.         0.        ]
deepbreaks
y_true:  [0. 0. 0. 0. 0. 0. 0. 0. 0. 0. 0. 0. 0. 0. 0. 0. 0. 0. 0. 0. 0. 0. 0. 0.
 0. 0. 0. 0. 0. 0. 1. 1. 1. 1. 1. 1. 1. 1. 1. 1. 0. 0. 0. 0. 0. 0. 0. 0.
 0. 0. 0. 0. 0. 0. 0. 0. 0. 0. 0. 0. 1. 1. 1. 1. 1. 1. 1. 1. 1. 1. 1. 1.
 1. 1. 1. 1. 1. 1. 1. 1. 1. 1. 1. 1. 1. 1. 1. 1. 1. 1. 1. 1. 1. 1. 1. 1.
 1. 1. 1. 1. 0. 0. 0. 0. 0. 0. 0. 0. 0. 0. 0. 0. 0. 0. 0. 0. 0. 0. 0. 0.
 0. 0. 0. 0. 0. 0. 0. 0. 0. 0. 0. 0. 0. 0. 0. 0. 0. 0. 0. 0. 0. 0. 0. 0.
 0. 0. 0. 0. 0. 0. 0. 0. 0. 0. 0. 0. 0. 0. 0. 0. 0. 0. 0. 0. 0. 0. 0. 0.
 0. 0. 0. 0. 0. 0. 0. 0. 0. 0. 0. 0. 0. 0. 0. 0. 0. 0. 0. 0. 0. 0. 0. 0.
 0. 0. 0. 0. 0. 0. 0. 0.]
y_pred:  [1. 1. 1. 1. 1. 1. 1. 1. 1. 1. 0. 0. 0. 0. 0. 0. 0. 0. 0. 0. 0. 0. 0. 0.
 0. 0. 0. 0. 0. 0. 1. 1. 1. 1. 1. 1. 1. 1. 1. 1. 0. 0. 0. 0. 0. 0. 0. 0.
 0. 0. 0. 0. 0. 0. 0. 0. 0. 0. 0. 0. 1. 1. 1. 1. 1. 1. 1. 1. 1. 1. 1. 1.
 1. 1. 1. 1. 1. 1. 1. 1. 1. 1. 1. 1. 1. 1. 1. 1. 1. 1. 1. 1. 1. 1. 1. 1.
 1. 1. 1. 1. 0. 0. 0. 0. 0. 0. 0. 0. 0. 0. 0. 0. 0. 0. 0. 0. 0. 0. 0. 0.
 0. 0. 0. 0. 0. 0. 0. 0. 0. 0. 0. 0. 0. 0. 0. 0. 0. 0. 0. 0. 0. 0. 0. 0.
 0. 0. 0. 0. 0. 0. 0. 0. 0. 0. 0. 0. 0. 0. 0. 0. 0. 0. 0. 0. 0. 0. 0. 0.
 0. 0. 0. 0. 0. 0. 0. 0. 0. 0. 0. 0. 0. 0. 0. 0. 0. 0. 0. 0. 0. 0. 0. 0.
 0. 0. 0. 0. 0. 0. 0. 0.]
Normalized importance:  [0.27595628 0.11803279 0.19672131 0.13196721 0.34699454 0.00442623
 0.27103825 0.08387978 0.39071038 0.02786885 0.32786885 0.23688525
 0.         0.36065574 0.17377049 0.27322404 0.         0.19754098
 0.20655738 0.19180328 0.38251366 0.21639344 0.33060109 0.38797814
 0.17459016 0.01994536 0.3989071  0.05874317 0.37704918 0.
 0.45901639 0.         0.21174863 0.5        0.         0.16202186
 0.39071038 0.10846995 0.1273224  0.3989071  0.0795082  0.
 0.         0.1136612  0.12704918 0.04590164 0.22486339 0.00967213
 0.         0.2068306  0.3715847  0.12923497 0.08606557 0.44535519
 0.5        0.19945355 0.27595628 0.         0.0039071  0.
 1.         0.47540984 0.43989071 0.10191257 0.40983607 0.60928962
 0.57377049 0.45355191 0.16557377 0.50819672 0.8442623  0.40163934
 0.52185792 0.28688525 0.50546448 0.81967213 0.52185792 0.59562842
 0.28142077 0.25382514 0.60928962 0.56830601 0.59016393 0.23142077
 0.27322404 0.02674863 0.41256831 0.23715847 0.2510929  0.58743169
 0.82240437 0.61748634 0.51639344 0.09562842 0.47540984 0.22076503
 0.33333333 0.49180328 0.3715847  0.14726776 0.         0.01196721
 0.23442623 0.         0.         0.         0.         0.08579235
 0.16284153 0.0092623  0.         0.1352459  0.         0.
 0.         0.         0.         0.         0.         0.
 0.03961749 0.         0.         0.         0.23989071 0.
 0.         0.09781421 0.13032787 0.         0.         0.02617486
 0.         0.         0.         0.         0.18224044 0.12431694
 0.         0.15983607 0.31420765 0.         0.01273224 0.
 0.14617486 0.04699454 0.         0.         0.17650273 0.14180328
 0.         0.         0.11857923 0.         0.30874317 0.
 0.         0.10409836 0.         0.07650273 0.16967213 0.22622951
 0.00786885 0.         0.21939891 0.         0.21939891 0.17103825
 0.         0.00806011 0.         0.18251366 0.05546448 0.
 0.23333333 0.         0.         0.         0.0284153  0.03743169
 0.17459016 0.         0.01295082 0.         0.19153005 0.2136612
 0.         0.02153005 0.         0.45901639 0.         0.
 0.         0.         0.09016393 0.1204918  0.19945355 0.09590164
 0.         0.        ]
pyseer
y_true:  [0. 0. 0. 0. 0. 0. 0. 0. 0. 0. 0. 0. 0. 0. 0. 0. 0. 0. 0. 0. 0. 0. 0. 0.
 0. 0. 0. 0. 0. 0. 1. 1. 1. 1. 1. 1. 1. 1. 1. 1. 0. 0. 0. 0. 0. 0. 0. 0.
 0. 0. 0. 0. 0. 0. 0. 0. 0. 0. 0. 0. 1. 1. 1. 1. 1. 1. 1. 1. 1. 1. 1. 1.
 1. 1. 1. 1. 1. 1. 1. 1. 1. 1. 1. 1. 1. 1. 1. 1. 1. 1. 1. 1. 1. 1. 1. 1.
 1. 1. 1. 1. 0. 0. 0. 0. 0. 0. 0. 0. 0. 0. 0. 0. 0. 0. 0. 0. 0. 0. 0. 0.
 0. 0. 0. 0. 0. 0. 0. 0. 0. 0. 0. 0. 0. 0. 0. 0. 0. 0. 0. 0. 0. 0. 0. 0.
 0. 0. 0. 0. 0. 0. 0. 0. 0. 0. 0. 0. 0. 0. 0. 0. 0. 0. 0. 0. 0. 0. 0. 0.
 0. 0. 0. 0. 0. 0. 0. 0. 0. 0. 0. 0. 0. 0. 0. 0. 0. 0. 0. 0. 0. 0. 0. 0.
 0. 0. 0. 0. 0. 0. 0. 0.]
y_pred:  [1. 0. 0. 0. 1. 0. 1. 0. 1. 0. 1. 1. 0. 1. 0. 1. 0. 0. 0. 0. 1. 1. 1. 1.
 0. 0. 1. 0. 1. 0. 1. 0. 0. 1. 0. 0. 1. 0. 0. 1. 0. 0. 0. 0. 0. 0. 1. 0.
 0. 0. 1. 0. 0. 1. 1. 0. 1. 0. 0. 0. 1. 1. 1. 0. 1. 1. 1. 1. 0. 1. 1. 1.
 1. 1. 1. 1. 1. 1. 1. 1. 1. 1. 1. 1. 1. 0. 1. 1. 1. 1. 1. 1. 1. 0. 1. 1.
 1. 1. 1. 0. 0. 0. 1. 0. 0. 0. 0. 0. 0. 0. 0. 0. 0. 0. 0. 0. 0. 0. 0. 0.
 0. 0. 0. 0. 1. 0. 0. 0. 0. 0. 0. 0. 0. 0. 0. 0. 0. 0. 0. 0. 1. 0. 0. 0.
 0. 0. 0. 0. 0. 0. 0. 0. 0. 0. 1. 0. 0. 0. 0. 0. 0. 1. 0. 0. 1. 0. 1. 0.
 0. 0. 0. 0. 0. 0. 1. 0. 0. 0. 0. 0. 0. 0. 0. 0. 0. 1. 0. 0. 0. 1. 0. 0.
 0. 0. 0. 0. 0. 0. 0. 0.]
Time taken: 24.06752848625183 seconds
Running combination 14 of 50
Fitting RandomForest...
Fitting Adaboost...
Fitting AdaBoost_2...
Fitting et...
Fitting gbc...
Fitting gbc_2...
Fitting gbc_3...
Fitting dt...
Fitting lr...
Fitting Lasso_1...
Fitting Lasso_2...
Fitting Lasso_3...
Fitting Lasso_4...
Fitting elasticnet...
VCF file created successfully.
pyseer stderr:  Read 1000 phenotypes
Detected continuous phenotype
Reading all variants

0variants [00:00, ?variants/s]
52variants [00:00, 510.84variants/s]
104variants [00:00, 458.58variants/s]
159variants [00:00, 494.97variants/s]
198variants [00:00, 500.82variants/s]
Applying correlation filtering

  0%|          | 0/198 [00:00<?, ?variants/s]
100%|██████████| 198/198 [00:00<00:00, 2664.81variants/s]
Fitting elastic net to top 148 variants
Best penalty (lambda) from cross-validation: 3.95E+01
Best R^2 from cross-validation: 0.504
Finding and printing selected variants
198 loaded variants
50 pre-filtered variants
148 tested variants
135 printed variants

True importance standardized:  [0.96689836 0.96689836 0.96689836 0.96689836 0.96689836 0.96689836
 0.96689836 0.96689836 0.96689836 0.96689836 0.89357826 0.89357826
 0.89357826 0.89357826 0.89357826 0.89357826 0.89357826 0.89357826
 0.89357826 0.89357826 1.         1.         1.         1.
 1.         1.         1.         1.         1.         1.
 0.46970318 0.46970318 0.46970318 0.46970318 0.46970318 0.46970318
 0.46970318 0.46970318 0.46970318 0.46970318 0.78741618 0.78741618
 0.78741618 0.78741618 0.78741618 0.78741618 0.78741618 0.78741618
 0.78741618 0.78741618 0.74567118 0.74567118 0.74567118 0.74567118
 0.74567118 0.74567118 0.74567118 0.74567118 0.74567118 0.74567118
 0.1407738  0.1407738  0.1407738  0.1407738  0.1407738  0.1407738
 0.1407738  0.1407738  0.1407738  0.1407738  0.76690509 0.76690509
 0.76690509 0.76690509 0.76690509 0.76690509 0.76690509 0.76690509
 0.76690509 0.76690509 0.81560407 0.81560407 0.81560407 0.81560407
 0.81560407 0.81560407 0.81560407 0.81560407 0.81560407 0.81560407
 0.68826873 0.68826873 0.68826873 0.68826873 0.68826873 0.68826873
 0.68826873 0.68826873 0.68826873 0.68826873 0.         0.
 0.         0.         0.         0.         0.         0.
 0.         0.         0.         0.         0.         0.
 0.         0.         0.         0.         0.         0.
 0.         0.         0.         0.         0.         0.
 0.         0.         0.         0.         0.         0.
 0.         0.         0.         0.         0.         0.
 0.         0.         0.         0.         0.         0.
 0.         0.         0.         0.         0.         0.
 0.         0.         0.         0.         0.         0.
 0.         0.         0.         0.         0.         0.
 0.         0.         0.         0.         0.         0.
 0.         0.         0.         0.         0.         0.
 0.         0.         0.         0.         0.         0.
 0.         0.         0.         0.         0.         0.
 0.         0.         0.         0.         0.         0.
 0.         0.         0.         0.         0.         0.
 0.         0.        ]
Normalized importance:  [0.7038946  0.7038946  0.7038946  0.7038946  0.7038946  0.7038946
 0.7038946  0.7038946  0.7038946  0.7038946  0.81964058 0.81964058
 0.81964058 0.81964058 0.81964058 0.81964058 0.81964058 0.81964058
 0.81964058 0.81964058 1.         1.         1.         1.
 1.         1.         1.         1.         1.         1.
 0.1403794  0.1403794  0.1403794  0.1403794  0.1403794  0.1403794
 0.1403794  0.1403794  0.1403794  0.1403794  0.79735274 0.79735274
 0.79735274 0.79735274 0.79735274 0.79735274 0.79735274 0.79735274
 0.79735274 0.79735274 0.49772564 0.49772564 0.49772564 0.49772564
 0.49772564 0.49772564 0.49772564 0.49772564 0.49772564 0.49772564
 0.035942   0.035942   0.         0.         0.         0.035942
 0.035942   0.035942   0.035942   0.         0.5251605  0.5251605
 0.5251605  0.5251605  0.5251605  0.5251605  0.5251605  0.5251605
 0.5251605  0.5251605  0.53365673 0.53365673 0.53365673 0.53365673
 0.53365673 0.53365673 0.53365673 0.53365673 0.53365673 0.53365673
 0.38282429 0.38282429 0.38282429 0.38282429 0.38282429 0.38282429
 0.38282429 0.38282429 0.38282429 0.38282429 0.08849427 0.
 0.         0.         0.         0.         0.         0.
 0.         0.         0.         0.         0.01154282 0.
 0.         0.         0.         0.         0.         0.0276369
 0.08153462 0.         0.02508272 0.         0.         0.
 0.         0.         0.00908967 0.         0.00442146 0.
 0.04611674 0.         0.         0.         0.02061115 0.
 0.         0.         0.         0.         0.         0.
 0.         0.         0.         0.         0.         0.
 0.         0.         0.         0.         0.         0.
 0.         0.         0.01485652 0.         0.         0.
 0.         0.         0.         0.         0.         0.
 0.         0.         0.         0.         0.         0.
 0.01163608 0.         0.         0.         0.         0.
 0.01438211 0.         0.         0.         0.01994391 0.
 0.         0.         0.         0.         0.         0.
 0.         0.         0.         0.         0.         0.
 0.         0.        ]
deepbreaks
y_true:  [1. 1. 1. 1. 1. 1. 1. 1. 1. 1. 1. 1. 1. 1. 1. 1. 1. 1. 1. 1. 1. 1. 1. 1.
 1. 1. 1. 1. 1. 1. 0. 0. 0. 0. 0. 0. 0. 0. 0. 0. 1. 1. 1. 1. 1. 1. 1. 1.
 1. 1. 0. 0. 0. 0. 0. 0. 0. 0. 0. 0. 0. 0. 0. 0. 0. 0. 0. 0. 0. 0. 0. 0.
 0. 0. 0. 0. 0. 0. 0. 0. 1. 1. 1. 1. 1. 1. 1. 1. 1. 1. 0. 0. 0. 0. 0. 0.
 0. 0. 0. 0. 0. 0. 0. 0. 0. 0. 0. 0. 0. 0. 0. 0. 0. 0. 0. 0. 0. 0. 0. 0.
 0. 0. 0. 0. 0. 0. 0. 0. 0. 0. 0. 0. 0. 0. 0. 0. 0. 0. 0. 0. 0. 0. 0. 0.
 0. 0. 0. 0. 0. 0. 0. 0. 0. 0. 0. 0. 0. 0. 0. 0. 0. 0. 0. 0. 0. 0. 0. 0.
 0. 0. 0. 0. 0. 0. 0. 0. 0. 0. 0. 0. 0. 0. 0. 0. 0. 0. 0. 0. 0. 0. 0. 0.
 0. 0. 0. 0. 0. 0. 0. 0.]
y_pred:  [1. 1. 1. 1. 1. 1. 1. 1. 1. 1. 1. 1. 1. 1. 1. 1. 1. 1. 1. 1. 1. 1. 1. 1.
 1. 1. 1. 1. 1. 1. 0. 0. 0. 0. 0. 0. 0. 0. 0. 0. 1. 1. 1. 1. 1. 1. 1. 1.
 1. 1. 0. 0. 0. 0. 0. 0. 0. 0. 0. 0. 0. 0. 0. 0. 0. 0. 0. 0. 0. 0. 1. 1.
 1. 1. 1. 1. 1. 1. 1. 1. 1. 1. 1. 1. 1. 1. 1. 1. 1. 1. 0. 0. 0. 0. 0. 0.
 0. 0. 0. 0. 0. 0. 0. 0. 0. 0. 0. 0. 0. 0. 0. 0. 0. 0. 0. 0. 0. 0. 0. 0.
 0. 0. 0. 0. 0. 0. 0. 0. 0. 0. 0. 0. 0. 0. 0. 0. 0. 0. 0. 0. 0. 0. 0. 0.
 0. 0. 0. 0. 0. 0. 0. 0. 0. 0. 0. 0. 0. 0. 0. 0. 0. 0. 0. 0. 0. 0. 0. 0.
 0. 0. 0. 0. 0. 0. 0. 0. 0. 0. 0. 0. 0. 0. 0. 0. 0. 0. 0. 0. 0. 0. 0. 0.
 0. 0. 0. 0. 0. 0. 0. 0.]
Normalized importance:  [0.89085948 0.43110505 0.45566166 0.09563438 0.30559345 0.64120055
 0.5579809  0.33969986 0.53206003 0.51568895 0.83628922 0.47612551
 0.19918145 0.47748977 0.         0.56070941 0.09686221 0.63165075
 0.5579809  0.73124147 1.         0.73260573 0.60027285 0.02523874
 0.70941337 0.13383356 0.56616644 0.72578445 0.         0.61937244
 0.29331514 0.20736698 0.43519782 0.31787176 0.07694407 0.
 0.30832196 0.1691678  0.33697135 0.06139154 0.79126876 0.66848568
 0.01828104 0.50341064 0.34515689 0.67257844 0.60982265 0.85129604
 0.11296044 0.36289222 0.60300136 0.46248295 0.         0.79536153
 0.36289222 0.526603   0.03901774 0.5675307  0.21828104 0.57025921
 0.0319236  0.07721692 0.00886767 0.         0.04652115 0.51705321
 0.19236016 0.         0.75306958 0.0431105  0.5893588  0.08158254
 0.49795362 0.6111869  0.78581173 0.03096862 0.62482947 0.16507503
 0.4324693  0.36698499 0.85811733 0.57435198 0.49249659 0.08963165
 0.1691678  0.75306958 0.15143247 0.64529332 0.2851296  0.44338336
 0.76944065 0.36971351 0.60709413 0.29331514 0.44884038 0.04324693
 0.59072306 0.         0.         0.65893588 0.43519782 0.31923602
 0.         0.35607094 0.         0.         0.26193724 0.
 0.         0.         0.         0.         0.24420191 0.42837653
 0.17735334 0.         0.         0.         0.         0.30832196
 0.79263302 0.         0.1568895  0.         0.         0.
 0.09658936 0.         0.37517053 0.09904502 0.33969986 0.
 0.36016371 0.3792633  0.01937244 0.         0.41609823 0.2851296
 0.23601637 0.         0.         0.         0.32742156 0.04133697
 0.         0.         0.21691678 0.         0.13642565 0.
 0.         0.         0.         0.31377899 0.04106412 0.24829468
 0.40654843 0.         0.41882674 0.         0.10832196 0.30559345
 0.         0.         0.         0.         0.31105048 0.
 0.07721692 0.         0.         0.12223738 0.26875853 0.
 0.48976808 0.         0.         0.14324693 0.16507503 0.1568895
 0.39563438 0.         0.11950887 0.         0.06739427 0.
 0.         0.28922237 0.         0.         0.         0.
 0.         0.         0.         0.         0.         0.
 0.         0.        ]
pyseer
y_true:  [1. 1. 1. 1. 1. 1. 1. 1. 1. 1. 1. 1. 1. 1. 1. 1. 1. 1. 1. 1. 1. 1. 1. 1.
 1. 1. 1. 1. 1. 1. 0. 0. 0. 0. 0. 0. 0. 0. 0. 0. 1. 1. 1. 1. 1. 1. 1. 1.
 1. 1. 0. 0. 0. 0. 0. 0. 0. 0. 0. 0. 0. 0. 0. 0. 0. 0. 0. 0. 0. 0. 0. 0.
 0. 0. 0. 0. 0. 0. 0. 0. 1. 1. 1. 1. 1. 1. 1. 1. 1. 1. 0. 0. 0. 0. 0. 0.
 0. 0. 0. 0. 0. 0. 0. 0. 0. 0. 0. 0. 0. 0. 0. 0. 0. 0. 0. 0. 0. 0. 0. 0.
 0. 0. 0. 0. 0. 0. 0. 0. 0. 0. 0. 0. 0. 0. 0. 0. 0. 0. 0. 0. 0. 0. 0. 0.
 0. 0. 0. 0. 0. 0. 0. 0. 0. 0. 0. 0. 0. 0. 0. 0. 0. 0. 0. 0. 0. 0. 0. 0.
 0. 0. 0. 0. 0. 0. 0. 0. 0. 0. 0. 0. 0. 0. 0. 0. 0. 0. 0. 0. 0. 0. 0. 0.
 0. 0. 0. 0. 0. 0. 0. 0.]
y_pred:  [1. 1. 1. 0. 0. 1. 1. 0. 1. 1. 1. 1. 0. 1. 0. 1. 0. 1. 1. 1. 1. 1. 1. 0.
 1. 0. 1. 1. 0. 1. 0. 0. 1. 0. 0. 0. 0. 0. 0. 0. 1. 1. 0. 1. 0. 1. 1. 1.
 0. 1. 1. 1. 0. 1. 1. 1. 0. 1. 0. 1. 0. 0. 0. 0. 0. 1. 0. 0. 1. 0. 1. 0.
 1. 1. 1. 0. 1. 0. 1. 1. 1. 1. 1. 0. 0. 1. 0. 1. 0. 1. 1. 1. 1. 0. 1. 0.
 1. 0. 0. 1. 1. 0. 0. 0. 0. 0. 0. 0. 0. 0. 0. 0. 0. 1. 0. 0. 0. 0. 0. 0.
 1. 0. 0. 0. 0. 0. 0. 0. 1. 0. 0. 0. 1. 1. 0. 0. 1. 0. 0. 0. 0. 0. 0. 0.
 0. 0. 0. 0. 0. 0. 0. 0. 0. 0. 0. 0. 1. 0. 1. 0. 0. 0. 0. 0. 0. 0. 0. 0.
 0. 0. 0. 0. 0. 0. 1. 0. 0. 0. 0. 0. 1. 0. 0. 0. 0. 0. 0. 0. 0. 0. 0. 0.
 0. 0. 0. 0. 0. 0. 0. 0.]
Time taken: 24.320247411727905 seconds
Running combination 15 of 50
Fitting RandomForest...
Fitting Adaboost...
Fitting AdaBoost_2...
Fitting et...
Fitting gbc...
Fitting gbc_2...
Fitting gbc_3...
Fitting dt...
Fitting lr...
Fitting Lasso_1...
Fitting Lasso_2...
Fitting Lasso_3...
Fitting Lasso_4...
Fitting elasticnet...
VCF file created successfully.
pyseer stderr:  Read 1000 phenotypes
Detected continuous phenotype
Reading all variants

0variants [00:00, ?variants/s]
54variants [00:00, 530.59variants/s]
108variants [00:00, 472.02variants/s]
163variants [00:00, 502.95variants/s]
198variants [00:00, 506.76variants/s]
Applying correlation filtering

  0%|          | 0/198 [00:00<?, ?variants/s]
100%|██████████| 198/198 [00:00<00:00, 2748.87variants/s]
Fitting elastic net to top 148 variants
Best penalty (lambda) from cross-validation: 9.68E+00
Best R^2 from cross-validation: 0.489
Finding and printing selected variants
198 loaded variants
50 pre-filtered variants
148 tested variants
138 printed variants

True importance standardized:  [1.         1.         1.         1.         1.         1.
 1.         1.         1.         1.         0.72340966 0.72340966
 0.72340966 0.72340966 0.72340966 0.72340966 0.72340966 0.72340966
 0.72340966 0.72340966 0.50560412 0.50560412 0.50560412 0.50560412
 0.50560412 0.50560412 0.50560412 0.50560412 0.50560412 0.50560412
 0.37536099 0.37536099 0.37536099 0.37536099 0.37536099 0.37536099
 0.37536099 0.37536099 0.37536099 0.37536099 0.37334145 0.37334145
 0.37334145 0.37334145 0.37334145 0.37334145 0.37334145 0.37334145
 0.37334145 0.37334145 0.20354731 0.20354731 0.20354731 0.20354731
 0.20354731 0.20354731 0.20354731 0.20354731 0.20354731 0.20354731
 0.48597481 0.48597481 0.48597481 0.48597481 0.48597481 0.48597481
 0.48597481 0.48597481 0.48597481 0.48597481 0.50820711 0.50820711
 0.50820711 0.50820711 0.50820711 0.50820711 0.50820711 0.50820711
 0.50820711 0.50820711 0.62315496 0.62315496 0.62315496 0.62315496
 0.62315496 0.62315496 0.62315496 0.62315496 0.62315496 0.62315496
 0.54023409 0.54023409 0.54023409 0.54023409 0.54023409 0.54023409
 0.54023409 0.54023409 0.54023409 0.54023409 0.         0.
 0.         0.         0.         0.         0.         0.
 0.         0.         0.         0.         0.         0.
 0.         0.         0.         0.         0.         0.
 0.         0.         0.         0.         0.         0.
 0.         0.         0.         0.         0.         0.
 0.         0.         0.         0.         0.         0.
 0.         0.         0.         0.         0.         0.
 0.         0.         0.         0.         0.         0.
 0.         0.         0.         0.         0.         0.
 0.         0.         0.         0.         0.         0.
 0.         0.         0.         0.         0.         0.
 0.         0.         0.         0.         0.         0.
 0.         0.         0.         0.         0.         0.
 0.         0.         0.         0.         0.         0.
 0.         0.         0.         0.         0.         0.
 0.         0.         0.         0.         0.         0.
 0.         0.        ]
Normalized importance:  [1.         1.         1.         1.         1.         1.
 1.         1.         1.         1.         0.66416847 0.66416847
 0.66416847 0.66416847 0.66416847 0.66416847 0.66416847 0.66416847
 0.66416847 0.66416847 0.23507083 0.23507083 0.23507083 0.23507083
 0.23507083 0.23507083 0.23507083 0.23507083 0.23507083 0.23507083
 0.2796351  0.2796351  0.2796351  0.2796351  0.2796351  0.2796351
 0.2796351  0.2796351  0.2796351  0.2796351  0.321169   0.321169
 0.321169   0.321169   0.321169   0.321169   0.321169   0.321169
 0.321169   0.321169   0.1164869  0.1164869  0.1164869  0.1164869
 0.1164869  0.1164869  0.1164869  0.1164869  0.1164869  0.1164869
 0.21099469 0.21099469 0.21099469 0.21099469 0.21099469 0.21099469
 0.21099469 0.21099469 0.21099469 0.21099469 0.26298907 0.26298907
 0.26298907 0.26298907 0.26298907 0.26298907 0.26298907 0.26298907
 0.26298907 0.26298907 0.28110691 0.28110691 0.28110691 0.28110691
 0.28110691 0.28110691 0.28110691 0.28110691 0.28110691 0.28110691
 0.30705032 0.30705032 0.30705032 0.30705032 0.30705032 0.30705032
 0.30705032 0.30705032 0.30705032 0.30705032 0.         0.
 0.         0.01799335 0.         0.         0.         0.
 0.         0.         0.         0.         0.         0.
 0.         0.         0.         0.         0.0179024  0.
 0.         0.         0.         0.         0.         0.
 0.02004417 0.         0.         0.         0.         0.
 0.         0.         0.         0.         0.         0.
 0.06364358 0.         0.         0.         0.         0.
 0.         0.         0.         0.         0.         0.
 0.         0.         0.         0.         0.         0.
 0.         0.         0.         0.         0.         0.
 0.         0.         0.         0.         0.         0.
 0.02460101 0.         0.         0.         0.         0.
 0.         0.03633616 0.         0.04703462 0.01963252 0.
 0.         0.         0.         0.         0.         0.
 0.         0.         0.         0.         0.         0.03609482
 0.         0.         0.         0.12128477 0.         0.
 0.         0.        ]
deepbreaks
y_true:  [1. 1. 1. 1. 1. 1. 1. 1. 1. 1. 1. 1. 1. 1. 1. 1. 1. 1. 1. 1. 0. 0. 0. 0.
 0. 0. 0. 0. 0. 0. 0. 0. 0. 0. 0. 0. 0. 0. 0. 0. 0. 0. 0. 0. 0. 0. 0. 0.
 0. 0. 0. 0. 0. 0. 0. 0. 0. 0. 0. 0. 0. 0. 0. 0. 0. 0. 0. 0. 0. 0. 1. 1.
 1. 1. 1. 1. 1. 1. 1. 1. 1. 1. 1. 1. 1. 1. 1. 1. 1. 1. 1. 1. 1. 1. 1. 1.
 1. 1. 1. 1. 0. 0. 0. 0. 0. 0. 0. 0. 0. 0. 0. 0. 0. 0. 0. 0. 0. 0. 0. 0.
 0. 0. 0. 0. 0. 0. 0. 0. 0. 0. 0. 0. 0. 0. 0. 0. 0. 0. 0. 0. 0. 0. 0. 0.
 0. 0. 0. 0. 0. 0. 0. 0. 0. 0. 0. 0. 0. 0. 0. 0. 0. 0. 0. 0. 0. 0. 0. 0.
 0. 0. 0. 0. 0. 0. 0. 0. 0. 0. 0. 0. 0. 0. 0. 0. 0. 0. 0. 0. 0. 0. 0. 0.
 0. 0. 0. 0. 0. 0. 0. 0.]
y_pred:  [1. 1. 1. 1. 1. 1. 1. 1. 1. 1. 1. 1. 1. 1. 1. 1. 1. 1. 1. 1. 0. 0. 0. 0.
 0. 0. 0. 0. 0. 0. 1. 1. 1. 1. 1. 1. 1. 1. 1. 1. 1. 1. 1. 1. 1. 1. 1. 1.
 1. 1. 0. 0. 0. 0. 0. 0. 0. 0. 0. 0. 0. 0. 0. 0. 0. 0. 0. 0. 0. 0. 0. 0.
 0. 0. 0. 0. 0. 0. 0. 0. 1. 1. 1. 1. 1. 1. 1. 1. 1. 1. 1. 1. 1. 1. 1. 1.
 1. 1. 1. 1. 0. 0. 0. 0. 0. 0. 0. 0. 0. 0. 0. 0. 0. 0. 0. 0. 0. 0. 0. 0.
 0. 0. 0. 0. 0. 0. 0. 0. 0. 0. 0. 0. 0. 0. 0. 0. 0. 0. 0. 0. 0. 0. 0. 0.
 0. 0. 0. 0. 0. 0. 0. 0. 0. 0. 0. 0. 0. 0. 0. 0. 0. 0. 0. 0. 0. 0. 0. 0.
 0. 0. 0. 0. 0. 0. 0. 0. 0. 0. 0. 0. 0. 0. 0. 0. 0. 0. 0. 0. 0. 0. 0. 0.
 0. 0. 0. 0. 0. 0. 0. 0.]
Normalized importance:  [0.81003584 0.38351254 0.39426523 0.48387097 0.80286738 0.55913978
 0.25949821 0.29964158 0.38709677 0.33691756 0.64157706 0.53046595
 0.35197133 0.19498208 1.         0.04659498 0.39784946 0.5125448
 0.0827957  0.2        0.64516129 0.04874552 0.34193548 0.03304659
 0.19928315 0.06630824 0.4874552  0.50896057 0.20609319 0.34014337
 0.23405018 0.         0.00960573 0.24587814 0.09462366 0.36917563
 0.4265233  0.39784946 0.08888889 0.38351254 0.47670251 0.23046595
 0.30322581 0.         0.0655914  0.19498208 0.34874552 0.
 0.07598566 0.43010753 0.17455197 0.08422939 0.54480287 0.16774194
 0.05806452 0.         0.10107527 0.00917563 0.55197133 0.
 0.52329749 0.01580645 0.37275986 0.12903226 0.22544803 0.
 0.33870968 0.         0.35412186 0.59498208 0.41577061 0.2688172
 0.14946237 0.24050179 0.20681004 0.13584229 0.28853047 0.08637993
 0.32688172 0.13727599 0.43727599 0.09498208 0.32150538 0.60573477
 0.27921147 0.37275986 0.         0.31075269 0.39426523 0.05698925
 0.44444444 0.46236559 0.17634409 0.21612903 0.17204301 0.10609319
 0.18351254 0.16774194 0.5734767  0.2562724  0.11505376 0.390681
 0.         0.05412186 0.         0.09820789 0.1172043  0.
 0.3265233  0.         0.27419355 0.29713262 0.         0.
 0.25448029 0.40501792 0.         0.         0.15125448 0.17096774
 0.         0.         0.10430108 0.         0.24982079 0.26845878
 0.00598566 0.         0.22688172 0.         0.         0.
 0.12293907 0.         0.         0.31111111 0.20716846 0.17956989
 0.26272401 0.12150538 0.3390681  0.00663082 0.         0.04086022
 0.         0.12043011 0.         0.30501792 0.         0.06774194
 0.         0.23584229 0.         0.29139785 0.         0.
 0.         0.         0.14121864 0.         0.         0.19247312
 0.         0.16415771 0.         0.         0.         0.21935484
 0.3655914  0.         0.         0.         0.         0.
 0.14910394 0.11146953 0.02655914 0.41935484 0.35412186 0.23799283
 0.         0.         0.         0.         0.08637993 0.
 0.39784946 0.06272401 0.         0.         0.         0.
 0.         0.         0.         0.64874552 0.         0.
 0.         0.        ]
pyseer
y_true:  [1. 1. 1. 1. 1. 1. 1. 1. 1. 1. 1. 1. 1. 1. 1. 1. 1. 1. 1. 1. 0. 0. 0. 0.
 0. 0. 0. 0. 0. 0. 0. 0. 0. 0. 0. 0. 0. 0. 0. 0. 0. 0. 0. 0. 0. 0. 0. 0.
 0. 0. 0. 0. 0. 0. 0. 0. 0. 0. 0. 0. 0. 0. 0. 0. 0. 0. 0. 0. 0. 0. 1. 1.
 1. 1. 1. 1. 1. 1. 1. 1. 1. 1. 1. 1. 1. 1. 1. 1. 1. 1. 1. 1. 1. 1. 1. 1.
 1. 1. 1. 1. 0. 0. 0. 0. 0. 0. 0. 0. 0. 0. 0. 0. 0. 0. 0. 0. 0. 0. 0. 0.
 0. 0. 0. 0. 0. 0. 0. 0. 0. 0. 0. 0. 0. 0. 0. 0. 0. 0. 0. 0. 0. 0. 0. 0.
 0. 0. 0. 0. 0. 0. 0. 0. 0. 0. 0. 0. 0. 0. 0. 0. 0. 0. 0. 0. 0. 0. 0. 0.
 0. 0. 0. 0. 0. 0. 0. 0. 0. 0. 0. 0. 0. 0. 0. 0. 0. 0. 0. 0. 0. 0. 0. 0.
 0. 0. 0. 0. 0. 0. 0. 0.]
y_pred:  [1. 1. 1. 1. 1. 1. 1. 1. 1. 1. 1. 1. 1. 0. 1. 0. 1. 1. 0. 0. 1. 0. 1. 0.
 0. 0. 1. 1. 0. 1. 0. 0. 0. 0. 0. 1. 1. 1. 0. 1. 1. 0. 1. 0. 0. 0. 1. 0.
 0. 1. 0. 0. 1. 0. 0. 0. 0. 0. 1. 0. 1. 0. 1. 0. 0. 0. 1. 0. 1. 1. 1. 1.
 0. 0. 0. 0. 1. 0. 1. 0. 1. 0. 1. 1. 1. 1. 0. 1. 1. 0. 1. 1. 0. 0. 0. 0.
 0. 0. 1. 1. 0. 1. 0. 0. 0. 0. 0. 0. 1. 0. 1. 1. 0. 0. 1. 1. 0. 0. 0. 0.
 0. 0. 0. 0. 1. 1. 0. 0. 0. 0. 0. 0. 0. 0. 0. 1. 0. 0. 1. 0. 1. 0. 0. 0.
 0. 0. 0. 1. 0. 0. 0. 0. 0. 1. 0. 0. 0. 0. 0. 0. 0. 0. 0. 0. 0. 0. 0. 0.
 1. 0. 0. 0. 0. 0. 0. 0. 0. 1. 1. 0. 0. 0. 0. 0. 0. 0. 1. 0. 0. 0. 0. 0.
 0. 0. 0. 1. 0. 0. 0. 0.]
Time taken: 24.53836727142334 seconds
Running combination 16 of 50
Fitting RandomForest...
Fitting Adaboost...
Fitting AdaBoost_2...
Fitting et...
Fitting gbc...
Fitting gbc_2...
Fitting gbc_3...
Fitting dt...
Fitting lr...
Fitting Lasso_1...
Fitting Lasso_2...
Fitting Lasso_3...
Fitting Lasso_4...
Fitting elasticnet...
VCF file created successfully.
pyseer stderr:  Read 1000 phenotypes
Detected continuous phenotype
Reading all variants

0variants [00:00, ?variants/s]
55variants [00:00, 542.90variants/s]
110variants [00:00, 479.10variants/s]
167variants [00:00, 515.36variants/s]
198variants [00:00, 518.46variants/s]
Applying correlation filtering

  0%|          | 0/198 [00:00<?, ?variants/s]
100%|██████████| 198/198 [00:00<00:00, 2739.49variants/s]
Fitting elastic net to top 148 variants
Best penalty (lambda) from cross-validation: 1.86E+00
Best R^2 from cross-validation: 0.461
Finding and printing selected variants
198 loaded variants
50 pre-filtered variants
148 tested variants
141 printed variants

True importance standardized:  [0.47820397 0.47820397 0.47820397 0.47820397 0.47820397 0.47820397
 0.47820397 0.47820397 0.47820397 0.47820397 0.63219647 0.63219647
 0.63219647 0.63219647 0.63219647 0.63219647 0.63219647 0.63219647
 0.63219647 0.63219647 0.93626815 0.93626815 0.93626815 0.93626815
 0.93626815 0.93626815 0.93626815 0.93626815 0.93626815 0.93626815
 0.31631986 0.31631986 0.31631986 0.31631986 0.31631986 0.31631986
 0.31631986 0.31631986 0.31631986 0.31631986 1.         1.
 1.         1.         1.         1.         1.         1.
 1.         1.         0.91667797 0.91667797 0.91667797 0.91667797
 0.91667797 0.91667797 0.91667797 0.91667797 0.91667797 0.91667797
 0.63893998 0.63893998 0.63893998 0.63893998 0.63893998 0.63893998
 0.63893998 0.63893998 0.63893998 0.63893998 0.59467565 0.59467565
 0.59467565 0.59467565 0.59467565 0.59467565 0.59467565 0.59467565
 0.59467565 0.59467565 0.64140212 0.64140212 0.64140212 0.64140212
 0.64140212 0.64140212 0.64140212 0.64140212 0.64140212 0.64140212
 0.50661971 0.50661971 0.50661971 0.50661971 0.50661971 0.50661971
 0.50661971 0.50661971 0.50661971 0.50661971 0.         0.
 0.         0.         0.         0.         0.         0.
 0.         0.         0.         0.         0.         0.
 0.         0.         0.         0.         0.         0.
 0.         0.         0.         0.         0.         0.
 0.         0.         0.         0.         0.         0.
 0.         0.         0.         0.         0.         0.
 0.         0.         0.         0.         0.         0.
 0.         0.         0.         0.         0.         0.
 0.         0.         0.         0.         0.         0.
 0.         0.         0.         0.         0.         0.
 0.         0.         0.         0.         0.         0.
 0.         0.         0.         0.         0.         0.
 0.         0.         0.         0.         0.         0.
 0.         0.         0.         0.         0.         0.
 0.         0.         0.         0.         0.         0.
 0.         0.         0.         0.         0.         0.
 0.         0.        ]
Normalized importance:  [0.34102122 0.34102122 0.34102122 0.34102122 0.34102122 0.34102122
 0.34102122 0.34102122 0.34102122 0.34102122 0.69115079 0.69115079
 0.69115079 0.69115079 0.69115079 0.69115079 0.69115079 0.69115079
 0.69115079 0.69115079 1.         1.         1.         1.
 1.         1.         1.         1.         1.         1.
 0.31790503 0.31790503 0.31790503 0.         0.         0.31790503
 0.         0.31790503 0.         0.31790503 0.98772182 0.98772182
 0.98772182 0.98772182 0.98772182 0.98772182 0.98772182 0.98772182
 0.98772182 0.98772182 0.94891749 0.94891749 0.94891749 0.94891749
 0.94891749 0.94891749 0.94891749 0.94891749 0.94891749 0.94891749
 0.52044315 0.52044315 0.52044315 0.52044315 0.52044315 0.52044315
 0.52044315 0.52044315 0.52044315 0.52044315 0.49501372 0.49501372
 0.49501372 0.49501372 0.49501372 0.49501372 0.49501372 0.49501372
 0.49501372 0.49501372 0.76991157 0.76991157 0.76991157 0.76991157
 0.76991157 0.76991157 0.76991157 0.76991157 0.76991157 0.76991157
 0.24969102 0.24969102 0.24969102 0.24969102 0.24969102 0.24969102
 0.24969102 0.         0.24969102 0.24969102 0.         0.
 0.         0.         0.         0.         0.         0.
 0.         0.00576303 0.12827574 0.10207835 0.         0.
 0.         0.         0.         0.         0.         0.06803236
 0.         0.         0.         0.13755979 0.         0.
 0.         0.13265526 0.         0.         0.         0.
 0.         0.         0.         0.         0.         0.
 0.1868599  0.         0.08739018 0.12818623 0.         0.11099166
 0.         0.         0.         0.08145214 0.         0.
 0.17113614 0.06578333 0.         0.         0.         0.08549447
 0.11731507 0.         0.         0.         0.         0.
 0.         0.05441635 0.11334311 0.         0.         0.
 0.         0.09773814 0.         0.         0.         0.
 0.         0.         0.         0.10746124 0.01749379 0.
 0.         0.         0.         0.         0.         0.
 0.         0.         0.         0.         0.         0.13006846
 0.         0.         0.         0.00180255 0.         0.
 0.         0.        ]
deepbreaks
y_true:  [0. 0. 0. 0. 0. 0. 0. 0. 0. 0. 0. 0. 0. 0. 0. 0. 0. 0. 0. 0. 1. 1. 1. 1.
 1. 1. 1. 1. 1. 1. 0. 0. 0. 0. 0. 0. 0. 0. 0. 0. 1. 1. 1. 1. 1. 1. 1. 1.
 1. 1. 1. 1. 1. 1. 1. 1. 1. 1. 1. 1. 1. 1. 1. 1. 1. 1. 1. 1. 1. 1. 0. 0.
 0. 0. 0. 0. 0. 0. 0. 0. 1. 1. 1. 1. 1. 1. 1. 1. 1. 1. 0. 0. 0. 0. 0. 0.
 0. 0. 0. 0. 0. 0. 0. 0. 0. 0. 0. 0. 0. 0. 0. 0. 0. 0. 0. 0. 0. 0. 0. 0.
 0. 0. 0. 0. 0. 0. 0. 0. 0. 0. 0. 0. 0. 0. 0. 0. 0. 0. 0. 0. 0. 0. 0. 0.
 0. 0. 0. 0. 0. 0. 0. 0. 0. 0. 0. 0. 0. 0. 0. 0. 0. 0. 0. 0. 0. 0. 0. 0.
 0. 0. 0. 0. 0. 0. 0. 0. 0. 0. 0. 0. 0. 0. 0. 0. 0. 0. 0. 0. 0. 0. 0. 0.
 0. 0. 0. 0. 0. 0. 0. 0.]
y_pred:  [0. 0. 0. 0. 0. 0. 0. 0. 0. 0. 1. 1. 1. 1. 1. 1. 1. 1. 1. 1. 1. 1. 1. 1.
 1. 1. 1. 1. 1. 1. 0. 0. 0. 0. 0. 0. 0. 0. 0. 0. 1. 1. 1. 1. 1. 1. 1. 1.
 1. 1. 1. 1. 1. 1. 1. 1. 1. 1. 1. 1. 1. 1. 1. 1. 1. 1. 1. 1. 1. 1. 0. 0.
 0. 0. 0. 0. 0. 0. 0. 0. 1. 1. 1. 1. 1. 1. 1. 1. 1. 1. 0. 0. 0. 0. 0. 0.
 0. 0. 0. 0. 0. 0. 0. 0. 0. 0. 0. 0. 0. 0. 0. 0. 0. 0. 0. 0. 0. 0. 0. 0.
 0. 0. 0. 0. 0. 0. 0. 0. 0. 0. 0. 0. 0. 0. 0. 0. 0. 0. 0. 0. 0. 0. 0. 0.
 0. 0. 0. 0. 0. 0. 0. 0. 0. 0. 0. 0. 0. 0. 0. 0. 0. 0. 0. 0. 0. 0. 0. 0.
 0. 0. 0. 0. 0. 0. 0. 0. 0. 0. 0. 0. 0. 0. 0. 0. 0. 0. 0. 0. 0. 0. 0. 0.
 0. 0. 0. 0. 0. 0. 0. 0.]
Normalized importance:  [0.33059548 0.28952772 0.         0.43326489 0.09158111 0.45790554
 0.28336756 0.05318275 0.12197125 0.         0.4825462  0.6201232
 0.02053388 0.45585216 0.3100616  0.17433265 0.01110883 0.3798768
 0.54825462 0.45174538 0.85010267 0.08952772 0.44969199 0.41067762
 0.66940452 0.17864476 0.17556468 0.54414784 0.37782341 0.57905544
 0.46406571 0.275154   0.10184805 0.2        0.01815195 0.21149897
 0.         0.25256674 0.13039014 0.29568789 1.         0.1698152
 0.44969199 0.02566735 0.94045175 0.         0.64887064 0.49691992
 0.40862423 0.16344969 0.74948665 0.50718686 0.41683778 0.77207392
 0.1798768  0.40246407 0.23819302 0.12731006 0.81724846 0.19466119
 0.56057495 0.55030801 0.14579055 0.         0.15112936 0.52772074
 0.13819302 0.08932238 0.25462012 0.02772074 0.62833676 0.6899384
 0.49691992 0.26899384 0.17926078 0.47227926 0.57700205 0.28952772
 0.         0.05297741 0.74948665 0.3100616  0.0650924  0.18665298
 0.42915811 0.15112936 0.15790554 0.34086242 0.44147844 0.85420945
 0.21765914 0.08336756 0.55030801 0.14476386 0.55441478 0.10841889
 0.10308008 0.42505133 0.13470226 0.19281314 0.         0.09897331
 0.         0.         0.41067762 0.         0.01240246 0.
 0.50513347 0.13593429 0.45995893 0.27104723 0.02607803 0.07597536
 0.         0.         0.         0.         0.         0.35318275
 0.         0.1825462  0.         0.49897331 0.         0.34086242
 0.         0.48459959 0.14907598 0.         0.0963039  0.
 0.         0.1973306  0.09240246 0.28336756 0.         0.
 0.72689938 0.         0.41478439 0.5523614  0.         0.47638604
 0.22997947 0.         0.18973306 0.36755647 0.         0.
 0.64887064 0.39219713 0.04147844 0.08480493 0.         0.55030801
 0.46817248 0.         0.1926078  0.         0.         0.
 0.         0.24435318 0.41889117 0.15071869 0.         0.12669405
 0.         0.38809035 0.         0.         0.         0.23613963
 0.         0.         0.         0.53593429 0.09466119 0.
 0.         0.         0.         0.         0.16036961 0.
 0.         0.         0.         0.         0.         0.69404517
 0.         0.07063655 0.26488706 0.09075975 0.49486653 0.
 0.         0.        ]
pyseer
y_true:  [0. 0. 0. 0. 0. 0. 0. 0. 0. 0. 0. 0. 0. 0. 0. 0. 0. 0. 0. 0. 1. 1. 1. 1.
 1. 1. 1. 1. 1. 1. 0. 0. 0. 0. 0. 0. 0. 0. 0. 0. 1. 1. 1. 1. 1. 1. 1. 1.
 1. 1. 1. 1. 1. 1. 1. 1. 1. 1. 1. 1. 1. 1. 1. 1. 1. 1. 1. 1. 1. 1. 0. 0.
 0. 0. 0. 0. 0. 0. 0. 0. 1. 1. 1. 1. 1. 1. 1. 1. 1. 1. 0. 0. 0. 0. 0. 0.
 0. 0. 0. 0. 0. 0. 0. 0. 0. 0. 0. 0. 0. 0. 0. 0. 0. 0. 0. 0. 0. 0. 0. 0.
 0. 0. 0. 0. 0. 0. 0. 0. 0. 0. 0. 0. 0. 0. 0. 0. 0. 0. 0. 0. 0. 0. 0. 0.
 0. 0. 0. 0. 0. 0. 0. 0. 0. 0. 0. 0. 0. 0. 0. 0. 0. 0. 0. 0. 0. 0. 0. 0.
 0. 0. 0. 0. 0. 0. 0. 0. 0. 0. 0. 0. 0. 0. 0. 0. 0. 0. 0. 0. 0. 0. 0. 0.
 0. 0. 0. 0. 0. 0. 0. 0.]
y_pred:  [1. 1. 0. 1. 0. 1. 0. 0. 0. 0. 1. 1. 0. 1. 1. 0. 0. 1. 1. 1. 1. 0. 1. 1.
 1. 0. 0. 1. 1. 1. 1. 0. 0. 0. 0. 0. 0. 0. 0. 1. 1. 0. 1. 0. 1. 0. 1. 1.
 1. 0. 1. 1. 1. 1. 0. 1. 0. 0. 1. 0. 1. 1. 0. 0. 0. 1. 0. 0. 0. 0. 1. 1.
 1. 0. 0. 1. 1. 1. 0. 0. 1. 1. 0. 0. 1. 0. 0. 1. 1. 1. 0. 0. 1. 0. 1. 0.
 0. 1. 0. 0. 0. 0. 0. 0. 1. 0. 0. 0. 1. 0. 1. 0. 0. 0. 0. 0. 0. 0. 0. 1.
 0. 0. 0. 1. 0. 1. 0. 1. 0. 0. 0. 0. 0. 0. 0. 0. 0. 0. 1. 0. 1. 1. 0. 1.
 0. 0. 0. 1. 0. 0. 1. 1. 0. 0. 0. 1. 1. 0. 0. 0. 0. 0. 0. 0. 1. 0. 0. 0.
 0. 1. 0. 0. 0. 0. 0. 0. 0. 1. 0. 0. 0. 0. 0. 0. 0. 0. 0. 0. 0. 0. 0. 1.
 0. 0. 0. 0. 1. 0. 0. 0.]
Time taken: 25.123638153076172 seconds
Running combination 17 of 50
Fitting RandomForest...
Fitting Adaboost...
Fitting AdaBoost_2...
Fitting et...
Fitting gbc...
Fitting gbc_2...
Fitting gbc_3...
Fitting dt...
Fitting lr...
Fitting Lasso_1...
Fitting Lasso_2...
Fitting Lasso_3...
Fitting Lasso_4...
Fitting elasticnet...
VCF file created successfully.
pyseer stderr:  Read 1000 phenotypes
Detected continuous phenotype
Reading all variants

0variants [00:00, ?variants/s]
52variants [00:00, 513.71variants/s]
104variants [00:00, 459.98variants/s]
159variants [00:00, 496.56variants/s]
198variants [00:00, 500.99variants/s]
Applying correlation filtering

  0%|          | 0/198 [00:00<?, ?variants/s]
100%|██████████| 198/198 [00:00<00:00, 2673.26variants/s]
Fitting elastic net to top 148 variants
Best penalty (lambda) from cross-validation: 4.31E+01
Best R^2 from cross-validation: 0.500
Finding and printing selected variants
198 loaded variants
50 pre-filtered variants
148 tested variants
140 printed variants

True importance standardized:  [1.         1.         1.         1.         1.         1.
 1.         1.         1.         1.         0.53078785 0.53078785
 0.53078785 0.53078785 0.53078785 0.53078785 0.53078785 0.53078785
 0.53078785 0.53078785 0.7325632  0.7325632  0.7325632  0.7325632
 0.7325632  0.7325632  0.7325632  0.7325632  0.7325632  0.7325632
 0.45843605 0.45843605 0.45843605 0.45843605 0.45843605 0.45843605
 0.45843605 0.45843605 0.45843605 0.45843605 0.92365968 0.92365968
 0.92365968 0.92365968 0.92365968 0.92365968 0.92365968 0.92365968
 0.92365968 0.92365968 0.82195579 0.82195579 0.82195579 0.82195579
 0.82195579 0.82195579 0.82195579 0.82195579 0.82195579 0.82195579
 0.16288971 0.16288971 0.16288971 0.16288971 0.16288971 0.16288971
 0.16288971 0.16288971 0.16288971 0.16288971 0.83305093 0.83305093
 0.83305093 0.83305093 0.83305093 0.83305093 0.83305093 0.83305093
 0.83305093 0.83305093 0.45377582 0.45377582 0.45377582 0.45377582
 0.45377582 0.45377582 0.45377582 0.45377582 0.45377582 0.45377582
 0.52897441 0.52897441 0.52897441 0.52897441 0.52897441 0.52897441
 0.52897441 0.52897441 0.52897441 0.52897441 0.         0.
 0.         0.         0.         0.         0.         0.
 0.         0.         0.         0.         0.         0.
 0.         0.         0.         0.         0.         0.
 0.         0.         0.         0.         0.         0.
 0.         0.         0.         0.         0.         0.
 0.         0.         0.         0.         0.         0.
 0.         0.         0.         0.         0.         0.
 0.         0.         0.         0.         0.         0.
 0.         0.         0.         0.         0.         0.
 0.         0.         0.         0.         0.         0.
 0.         0.         0.         0.         0.         0.
 0.         0.         0.         0.         0.         0.
 0.         0.         0.         0.         0.         0.
 0.         0.         0.         0.         0.         0.
 0.         0.         0.         0.         0.         0.
 0.         0.         0.         0.         0.         0.
 0.         0.        ]
Normalized importance:  [1.         1.         1.         1.         1.         1.
 1.         1.         1.         1.         0.11995574 0.11995574
 0.11995574 0.11995574 0.11995574 0.11995574 0.11995574 0.11995574
 0.11995574 0.11995574 0.49360852 0.49360852 0.49360852 0.49360852
 0.49360852 0.49360852 0.49360852 0.49360852 0.49360852 0.49360852
 0.22675294 0.22675294 0.22675294 0.22675294 0.22675294 0.22675294
 0.22675294 0.22675294 0.22675294 0.22675294 0.66784305 0.66784305
 0.66784305 0.66784305 0.66784305 0.66784305 0.66784305 0.66784305
 0.66784305 0.66784305 0.82636187 0.82636187 0.82636187 0.82636187
 0.82636187 0.82636187 0.82636187 0.82636187 0.82636187 0.82636187
 0.         0.         0.         0.         0.         0.
 0.         0.         0.         0.         0.60419719 0.60419719
 0.60419719 0.60419719 0.60419719 0.60419719 0.60419719 0.60419719
 0.60419719 0.60419719 0.11308452 0.11308452 0.11308452 0.11308452
 0.11308452 0.11308452 0.11308452 0.11308452 0.11308452 0.11308452
 0.3112805  0.3112805  0.3112805  0.3112805  0.3112805  0.3112805
 0.3112805  0.3112805  0.3112805  0.3112805  0.         0.01322478
 0.         0.         0.01045016 0.         0.         0.
 0.         0.         0.         0.         0.         0.
 0.         0.02356193 0.         0.         0.00647306 0.
 0.         0.         0.         0.         0.         0.03054059
 0.         0.         0.         0.         0.         0.
 0.         0.         0.         0.         0.         0.
 0.         0.01922503 0.         0.         0.         0.04232113
 0.         0.         0.         0.         0.         0.
 0.         0.         0.         0.         0.         0.
 0.         0.         0.04579092 0.         0.         0.
 0.         0.         0.         0.         0.         0.
 0.         0.         0.         0.01007426 0.         0.
 0.         0.0119324  0.07075088 0.         0.         0.
 0.         0.01630193 0.         0.03694586 0.         0.
 0.         0.         0.         0.         0.         0.
 0.         0.         0.         0.         0.03555263 0.
 0.         0.        ]
deepbreaks
y_true:  [1. 1. 1. 1. 1. 1. 1. 1. 1. 1. 0. 0. 0. 0. 0. 0. 0. 0. 0. 0. 1. 1. 1. 1.
 1. 1. 1. 1. 1. 1. 0. 0. 0. 0. 0. 0. 0. 0. 0. 0. 1. 1. 1. 1. 1. 1. 1. 1.
 1. 1. 1. 1. 1. 1. 1. 1. 1. 1. 1. 1. 0. 0. 0. 0. 0. 0. 0. 0. 0. 0. 1. 1.
 1. 1. 1. 1. 1. 1. 1. 1. 0. 0. 0. 0. 0. 0. 0. 0. 0. 0. 0. 0. 0. 0. 0. 0.
 0. 0. 0. 0. 0. 0. 0. 0. 0. 0. 0. 0. 0. 0. 0. 0. 0. 0. 0. 0. 0. 0. 0. 0.
 0. 0. 0. 0. 0. 0. 0. 0. 0. 0. 0. 0. 0. 0. 0. 0. 0. 0. 0. 0. 0. 0. 0. 0.
 0. 0. 0. 0. 0. 0. 0. 0. 0. 0. 0. 0. 0. 0. 0. 0. 0. 0. 0. 0. 0. 0. 0. 0.
 0. 0. 0. 0. 0. 0. 0. 0. 0. 0. 0. 0. 0. 0. 0. 0. 0. 0. 0. 0. 0. 0. 0. 0.
 0. 0. 0. 0. 0. 0. 0. 0.]
y_pred:  [1. 1. 1. 1. 1. 1. 1. 1. 1. 1. 0. 0. 0. 0. 0. 0. 0. 0. 0. 0. 1. 1. 1. 1.
 1. 1. 1. 1. 1. 1. 0. 0. 0. 0. 0. 0. 0. 0. 0. 0. 1. 1. 1. 1. 1. 1. 1. 1.
 1. 1. 1. 1. 1. 1. 1. 1. 1. 1. 1. 1. 0. 0. 0. 0. 0. 0. 0. 0. 0. 0. 1. 1.
 1. 1. 1. 1. 1. 1. 1. 1. 0. 0. 0. 0. 0. 0. 0. 0. 0. 0. 1. 1. 1. 1. 1. 1.
 1. 1. 1. 1. 0. 0. 0. 0. 0. 0. 0. 0. 0. 0. 0. 0. 0. 0. 0. 0. 0. 0. 0. 0.
 0. 0. 0. 0. 0. 0. 0. 0. 0. 0. 0. 0. 0. 0. 0. 0. 0. 0. 0. 0. 0. 0. 0. 0.
 0. 0. 0. 0. 0. 0. 0. 0. 0. 0. 0. 0. 0. 0. 0. 0. 0. 0. 0. 0. 0. 0. 0. 0.
 0. 0. 0. 0. 0. 0. 0. 0. 0. 0. 0. 0. 0. 0. 0. 0. 0. 0. 0. 0. 0. 0. 0. 0.
 0. 0. 0. 0. 0. 0. 0. 0.]
Normalized importance:  [1.         0.02666667 0.48304094 0.49707602 0.3251462  0.52748538
 0.60233918 0.54152047 0.36842105 0.30292398 0.30994152 0.06865497
 0.08140351 0.33567251 0.14035088 0.32631579 0.18596491 0.
 0.25146199 0.2748538  0.60935673 0.52865497 0.30409357 0.22105263
 0.49473684 0.2748538  0.3005848  0.34853801 0.08081871 0.47602339
 0.43859649 0.0825731  0.23391813 0.20701754 0.49473684 0.33684211
 0.10339181 0.1045614  0.19766082 0.12280702 0.7380117  0.
 0.30175439 0.47953216 0.27836257 0.56842105 0.48070175 0.41520468
 0.4128655  0.42923977 0.73918129 0.26081871 0.34619883 0.47953216
 0.52397661 0.58362573 0.55672515 0.42923977 0.00348538 0.19766082
 0.20935673 0.         0.02561404 0.         0.0105848  0.
 0.06163743 0.07637427 0.         0.26666667 0.85380117 0.43157895
 0.43040936 0.41403509 0.21052632 0.30175439 0.21754386 0.30643275
 0.58479532 0.17777778 0.49005848 0.23508772 0.0845614  0.10035088
 0.44444444 0.10912281 0.03883041 0.06608187 0.35087719 0.36374269
 0.46081871 0.11450292 0.18128655 0.3754386  0.         0.17894737
 0.48304094 0.19649123 0.01010526 0.44795322 0.         0.27368421
 0.         0.         0.22807018 0.         0.06631579 0.16608187
 0.         0.         0.         0.01789474 0.         0.20818713
 0.24795322 0.47719298 0.         0.27134503 0.33684211 0.10573099
 0.         0.         0.18362573 0.07637427 0.         0.29824561
 0.14619883 0.03555556 0.         0.         0.11040936 0.
 0.         0.23859649 0.         0.10982456 0.         0.
 0.         0.48304094 0.         0.         0.         0.41169591
 0.02280702 0.23040936 0.         0.10982456 0.         0.
 0.         0.         0.00728655 0.02304094 0.         0.
 0.21169591 0.10549708 0.34385965 0.         0.20701754 0.
 0.         0.01988304 0.         0.08374269 0.         0.0897076
 0.11076023 0.         0.         0.14269006 0.         0.
 0.         0.16959064 0.14736842 0.         0.3005848  0.
 0.         0.35789474 0.18245614 0.33684211 0.22573099 0.08128655
 0.         0.         0.         0.20116959 0.         0.1251462
 0.         0.         0.         0.17426901 0.22573099 0.
 0.         0.        ]
pyseer
y_true:  [1. 1. 1. 1. 1. 1. 1. 1. 1. 1. 0. 0. 0. 0. 0. 0. 0. 0. 0. 0. 1. 1. 1. 1.
 1. 1. 1. 1. 1. 1. 0. 0. 0. 0. 0. 0. 0. 0. 0. 0. 1. 1. 1. 1. 1. 1. 1. 1.
 1. 1. 1. 1. 1. 1. 1. 1. 1. 1. 1. 1. 0. 0. 0. 0. 0. 0. 0. 0. 0. 0. 1. 1.
 1. 1. 1. 1. 1. 1. 1. 1. 0. 0. 0. 0. 0. 0. 0. 0. 0. 0. 0. 0. 0. 0. 0. 0.
 0. 0. 0. 0. 0. 0. 0. 0. 0. 0. 0. 0. 0. 0. 0. 0. 0. 0. 0. 0. 0. 0. 0. 0.
 0. 0. 0. 0. 0. 0. 0. 0. 0. 0. 0. 0. 0. 0. 0. 0. 0. 0. 0. 0. 0. 0. 0. 0.
 0. 0. 0. 0. 0. 0. 0. 0. 0. 0. 0. 0. 0. 0. 0. 0. 0. 0. 0. 0. 0. 0. 0. 0.
 0. 0. 0. 0. 0. 0. 0. 0. 0. 0. 0. 0. 0. 0. 0. 0. 0. 0. 0. 0. 0. 0. 0. 0.
 0. 0. 0. 0. 0. 0. 0. 0.]
y_pred:  [1. 0. 1. 1. 1. 1. 1. 1. 1. 1. 1. 0. 0. 1. 0. 1. 0. 0. 1. 1. 1. 1. 1. 0.
 1. 1. 1. 1. 0. 1. 1. 0. 0. 0. 1. 1. 0. 0. 0. 0. 1. 0. 1. 1. 1. 1. 1. 1.
 1. 1. 1. 1. 1. 1. 1. 1. 1. 1. 0. 0. 0. 0. 0. 0. 0. 0. 0. 0. 0. 1. 1. 1.
 1. 1. 0. 1. 0. 1. 1. 0. 1. 0. 0. 0. 1. 0. 0. 0. 1. 1. 1. 0. 0. 1. 0. 0.
 1. 0. 0. 1. 0. 1. 0. 0. 0. 0. 0. 0. 0. 0. 0. 0. 0. 0. 1. 1. 0. 1. 1. 0.
 0. 0. 0. 0. 0. 1. 0. 0. 0. 0. 0. 0. 0. 0. 0. 0. 0. 0. 0. 1. 0. 0. 0. 1.
 0. 0. 0. 0. 0. 0. 0. 0. 0. 0. 0. 0. 0. 0. 1. 0. 0. 0. 0. 0. 0. 0. 0. 0.
 0. 0. 0. 0. 0. 0. 0. 0. 0. 0. 1. 0. 0. 1. 0. 1. 0. 0. 0. 0. 0. 0. 0. 0.
 0. 0. 0. 0. 0. 0. 0. 0.]
Time taken: 24.973933458328247 seconds
Running combination 18 of 50
Fitting RandomForest...
Fitting Adaboost...
Fitting AdaBoost_2...
Fitting et...
Fitting gbc...
Fitting gbc_2...
Fitting gbc_3...
Fitting dt...
Fitting lr...
Fitting Lasso_1...
Fitting Lasso_2...
Fitting Lasso_3...
Fitting Lasso_4...
Fitting elasticnet...
VCF file created successfully.
pyseer stderr:  Read 1000 phenotypes
Detected continuous phenotype
Reading all variants

0variants [00:00, ?variants/s]
55variants [00:00, 544.03variants/s]
110variants [00:00, 480.77variants/s]
165variants [00:00, 510.04variants/s]
198variants [00:00, 515.20variants/s]
Applying correlation filtering

  0%|          | 0/198 [00:00<?, ?variants/s]
100%|██████████| 198/198 [00:00<00:00, 2692.30variants/s]
Fitting elastic net to top 148 variants
Best penalty (lambda) from cross-validation: 6.98E+01
Best R^2 from cross-validation: 0.425
Finding and printing selected variants
198 loaded variants
50 pre-filtered variants
148 tested variants
132 printed variants

True importance standardized:  [0.96080095 0.96080095 0.96080095 0.96080095 0.96080095 0.96080095
 0.96080095 0.96080095 0.96080095 0.96080095 0.49833023 0.49833023
 0.49833023 0.49833023 0.49833023 0.49833023 0.49833023 0.49833023
 0.49833023 0.49833023 0.80017209 0.80017209 0.80017209 0.80017209
 0.80017209 0.80017209 0.80017209 0.80017209 0.80017209 0.80017209
 0.29896383 0.29896383 0.29896383 0.29896383 0.29896383 0.29896383
 0.29896383 0.29896383 0.29896383 0.29896383 0.95391522 0.95391522
 0.95391522 0.95391522 0.95391522 0.95391522 0.95391522 0.95391522
 0.95391522 0.95391522 0.85054678 0.85054678 0.85054678 0.85054678
 0.85054678 0.85054678 0.85054678 0.85054678 0.85054678 0.85054678
 0.49177343 0.49177343 0.49177343 0.49177343 0.49177343 0.49177343
 0.49177343 0.49177343 0.49177343 0.49177343 0.5410955  0.5410955
 0.5410955  0.5410955  0.5410955  0.5410955  0.5410955  0.5410955
 0.5410955  0.5410955  0.47813886 0.47813886 0.47813886 0.47813886
 0.47813886 0.47813886 0.47813886 0.47813886 0.47813886 0.47813886
 1.         1.         1.         1.         1.         1.
 1.         1.         1.         1.         0.         0.
 0.         0.         0.         0.         0.         0.
 0.         0.         0.         0.         0.         0.
 0.         0.         0.         0.         0.         0.
 0.         0.         0.         0.         0.         0.
 0.         0.         0.         0.         0.         0.
 0.         0.         0.         0.         0.         0.
 0.         0.         0.         0.         0.         0.
 0.         0.         0.         0.         0.         0.
 0.         0.         0.         0.         0.         0.
 0.         0.         0.         0.         0.         0.
 0.         0.         0.         0.         0.         0.
 0.         0.         0.         0.         0.         0.
 0.         0.         0.         0.         0.         0.
 0.         0.         0.         0.         0.         0.
 0.         0.         0.         0.         0.         0.
 0.         0.         0.         0.         0.         0.
 0.         0.        ]
Normalized importance:  [1.         1.         1.         1.         1.         1.
 1.         1.         1.         1.         0.10434124 0.10434124
 0.10434124 0.10434124 0.10434124 0.10434124 0.10434124 0.10434124
 0.10434124 0.10434124 0.67855029 0.67855029 0.67855029 0.67855029
 0.67855029 0.67855029 0.67855029 0.67855029 0.67855029 0.67855029
 0.10796594 0.         0.10796594 0.10796594 0.10796594 0.10796594
 0.10796594 0.10796594 0.10796594 0.10796594 0.97679978 0.97679978
 0.97679978 0.97679978 0.97679978 0.97679978 0.97679978 0.97679978
 0.97679978 0.97679978 0.69907986 0.69907986 0.69907986 0.69907986
 0.69907986 0.69907986 0.69907986 0.69907986 0.69907986 0.69907986
 0.4371789  0.4371789  0.4371789  0.4371789  0.4371789  0.4371789
 0.4371789  0.4371789  0.4371789  0.4371789  0.31793297 0.31793297
 0.31793297 0.31793297 0.31793297 0.31793297 0.31793297 0.31793297
 0.31793297 0.31793297 0.11772588 0.11772588 0.11772588 0.11772588
 0.11772588 0.11772588 0.11772588 0.11772588 0.11772588 0.11772588
 0.72111123 0.72111123 0.72111123 0.72111123 0.72111123 0.72111123
 0.72111123 0.72111123 0.72111123 0.72111123 0.         0.
 0.         0.         0.         0.         0.02362118 0.
 0.         0.         0.         0.         0.         0.04896915
 0.         0.         0.         0.         0.         0.
 0.         0.         0.         0.         0.         0.
 0.0421004  0.         0.         0.         0.         0.
 0.         0.         0.         0.         0.         0.
 0.         0.         0.02345673 0.01822521 0.02002529 0.
 0.         0.         0.         0.         0.         0.00585995
 0.         0.         0.         0.         0.         0.
 0.         0.         0.         0.         0.         0.
 0.01260065 0.         0.         0.         0.         0.
 0.         0.         0.         0.03274926 0.         0.
 0.         0.         0.         0.         0.         0.
 0.         0.         0.         0.         0.         0.01921725
 0.         0.         0.         0.         0.         0.
 0.         0.         0.         0.         0.         0.
 0.         0.        ]
deepbreaks
y_true:  [1. 1. 1. 1. 1. 1. 1. 1. 1. 1. 0. 0. 0. 0. 0. 0. 0. 0. 0. 0. 1. 1. 1. 1.
 1. 1. 1. 1. 1. 1. 0. 0. 0. 0. 0. 0. 0. 0. 0. 0. 1. 1. 1. 1. 1. 1. 1. 1.
 1. 1. 1. 1. 1. 1. 1. 1. 1. 1. 1. 1. 0. 0. 0. 0. 0. 0. 0. 0. 0. 0. 0. 0.
 0. 0. 0. 0. 0. 0. 0. 0. 0. 0. 0. 0. 0. 0. 0. 0. 0. 0. 1. 1. 1. 1. 1. 1.
 1. 1. 1. 1. 0. 0. 0. 0. 0. 0. 0. 0. 0. 0. 0. 0. 0. 0. 0. 0. 0. 0. 0. 0.
 0. 0. 0. 0. 0. 0. 0. 0. 0. 0. 0. 0. 0. 0. 0. 0. 0. 0. 0. 0. 0. 0. 0. 0.
 0. 0. 0. 0. 0. 0. 0. 0. 0. 0. 0. 0. 0. 0. 0. 0. 0. 0. 0. 0. 0. 0. 0. 0.
 0. 0. 0. 0. 0. 0. 0. 0. 0. 0. 0. 0. 0. 0. 0. 0. 0. 0. 0. 0. 0. 0. 0. 0.
 0. 0. 0. 0. 0. 0. 0. 0.]
y_pred:  [1. 1. 1. 1. 1. 1. 1. 1. 1. 1. 0. 0. 0. 0. 0. 0. 0. 0. 0. 0. 1. 1. 1. 1.
 1. 1. 1. 1. 1. 1. 0. 0. 0. 0. 0. 0. 0. 0. 0. 0. 1. 1. 1. 1. 1. 1. 1. 1.
 1. 1. 1. 1. 1. 1. 1. 1. 1. 1. 1. 1. 1. 1. 1. 1. 1. 1. 1. 1. 1. 1. 0. 0.
 0. 0. 0. 0. 0. 0. 0. 0. 0. 0. 0. 0. 0. 0. 0. 0. 0. 0. 1. 1. 1. 1. 1. 1.
 1. 1. 1. 1. 0. 0. 0. 0. 0. 0. 0. 0. 0. 0. 0. 0. 0. 0. 0. 0. 0. 0. 0. 0.
 0. 0. 0. 0. 0. 0. 0. 0. 0. 0. 0. 0. 0. 0. 0. 0. 0. 0. 0. 0. 0. 0. 0. 0.
 0. 0. 0. 0. 0. 0. 0. 0. 0. 0. 0. 0. 0. 0. 0. 0. 0. 0. 0. 0. 0. 0. 0. 0.
 0. 0. 0. 0. 0. 0. 0. 0. 0. 0. 0. 0. 0. 0. 0. 0. 0. 0. 0. 0. 0. 0. 0. 0.
 0. 0. 0. 0. 0. 0. 0. 0.]
Normalized importance:  [8.47019123e-01 3.34083240e-01 4.20697413e-01 3.47581552e-01
 4.98312711e-01 2.38470191e-01 6.55793026e-01 5.79302587e-01
 6.09673791e-01 4.22947132e-01 2.80089989e-01 0.00000000e+00
 2.31721035e-01 7.75028121e-02 1.20359955e-01 3.39707537e-01
 9.48256468e-01 0.00000000e+00 6.54668166e-02 6.08548931e-01
 1.00000000e+00 0.00000000e+00 3.55455568e-02 5.59055118e-01
 7.78402700e-01 4.45444319e-01 5.51181102e-01 4.99437570e-01
 2.54218223e-01 5.34308211e-01 5.06186727e-01 0.00000000e+00
 0.00000000e+00 3.11586052e-01 5.06186727e-02 4.78065242e-01
 1.79977503e-01 5.24184477e-02 4.97187852e-01 0.00000000e+00
 7.22159730e-01 7.13160855e-01 4.83689539e-01 7.32283465e-01
 2.93588301e-01 5.69178853e-01 0.00000000e+00 6.71541057e-01
 8.99887514e-01 5.83802025e-01 6.95163105e-01 4.36445444e-01
 6.60292463e-01 4.84814398e-01 7.07536558e-01 5.89426322e-01
 1.92350956e-01 1.90101237e-01 1.73228346e-01 6.62542182e-01
 4.49943757e-01 5.15185602e-01 7.41282340e-01 5.68053993e-01
 4.84814398e-01 0.00000000e+00 0.00000000e+00 2.89088864e-01
 4.64566929e-01 1.60854893e-01 6.71541057e-01 4.72440945e-01
 7.24409449e-01 5.80427447e-01 3.40832396e-01 3.89201350e-01
 4.53318335e-01 0.00000000e+00 2.26096738e-01 2.14848144e-01
 3.81327334e-01 5.96175478e-01 3.11586052e-01 3.86951631e-01
 1.70978628e-01 1.74353206e-01 2.51968504e-01 0.00000000e+00
 3.11586052e-01 0.00000000e+00 9.39257593e-01 5.03937008e-01
 7.14285714e-01 3.82452193e-01 6.89538808e-01 6.62542182e-01
 2.92463442e-01 4.25196850e-01 0.00000000e+00 0.00000000e+00
 0.00000000e+00 2.66591676e-03 0.00000000e+00 0.00000000e+00
 4.54443195e-02 0.00000000e+00 3.79077615e-01 4.47694038e-01
 0.00000000e+00 1.93475816e-01 0.00000000e+00 0.00000000e+00
 0.00000000e+00 6.82789651e-01 2.22722160e-01 1.66479190e-01
 0.00000000e+00 2.01349831e-01 3.29583802e-01 3.01462317e-01
 0.00000000e+00 0.00000000e+00 0.00000000e+00 0.00000000e+00
 0.00000000e+00 3.61079865e-01 5.82677165e-01 3.52080990e-02
 3.18335208e-01 4.48818898e-01 0.00000000e+00 0.00000000e+00
 0.00000000e+00 0.00000000e+00 0.00000000e+00 0.00000000e+00
 0.00000000e+00 0.00000000e+00 0.00000000e+00 1.21484814e-01
 3.77952756e-01 1.86726659e-01 2.82339708e-01 2.15973003e-01
 3.91451069e-01 0.00000000e+00 0.00000000e+00 8.72890889e-02
 7.58155231e-02 2.50843645e-01 0.00000000e+00 5.78177728e-02
 0.00000000e+00 3.54330709e-01 0.00000000e+00 0.00000000e+00
 0.00000000e+00 0.00000000e+00 6.02924634e-02 0.00000000e+00
 0.00000000e+00 0.00000000e+00 5.84926884e-01 4.24071991e-01
 0.00000000e+00 2.47469066e-01 1.25984252e-01 1.14735658e-01
 4.47694038e-01 0.00000000e+00 6.80539933e-02 5.62429696e-01
 0.00000000e+00 0.00000000e+00 4.12823397e-01 0.00000000e+00
 0.00000000e+00 1.18110236e-01 0.00000000e+00 0.00000000e+00
 4.00449944e-01 4.01574803e-01 1.01912261e-01 0.00000000e+00
 0.00000000e+00 2.96962880e-01 0.00000000e+00 0.00000000e+00
 0.00000000e+00 1.33858268e-01 0.00000000e+00 0.00000000e+00
 0.00000000e+00 0.00000000e+00 0.00000000e+00 1.97975253e-01
 7.09786277e-04 2.46344207e-01 0.00000000e+00 0.00000000e+00]
pyseer
y_true:  [1. 1. 1. 1. 1. 1. 1. 1. 1. 1. 0. 0. 0. 0. 0. 0. 0. 0. 0. 0. 1. 1. 1. 1.
 1. 1. 1. 1. 1. 1. 0. 0. 0. 0. 0. 0. 0. 0. 0. 0. 1. 1. 1. 1. 1. 1. 1. 1.
 1. 1. 1. 1. 1. 1. 1. 1. 1. 1. 1. 1. 0. 0. 0. 0. 0. 0. 0. 0. 0. 0. 0. 0.
 0. 0. 0. 0. 0. 0. 0. 0. 0. 0. 0. 0. 0. 0. 0. 0. 0. 0. 1. 1. 1. 1. 1. 1.
 1. 1. 1. 1. 0. 0. 0. 0. 0. 0. 0. 0. 0. 0. 0. 0. 0. 0. 0. 0. 0. 0. 0. 0.
 0. 0. 0. 0. 0. 0. 0. 0. 0. 0. 0. 0. 0. 0. 0. 0. 0. 0. 0. 0. 0. 0. 0. 0.
 0. 0. 0. 0. 0. 0. 0. 0. 0. 0. 0. 0. 0. 0. 0. 0. 0. 0. 0. 0. 0. 0. 0. 0.
 0. 0. 0. 0. 0. 0. 0. 0. 0. 0. 0. 0. 0. 0. 0. 0. 0. 0. 0. 0. 0. 0. 0. 0.
 0. 0. 0. 0. 0. 0. 0. 0.]
y_pred:  [1. 0. 1. 0. 1. 0. 1. 1. 1. 1. 0. 0. 0. 0. 0. 0. 1. 0. 0. 1. 1. 0. 0. 1.
 1. 1. 1. 1. 0. 1. 1. 0. 0. 0. 0. 1. 0. 0. 1. 0. 1. 1. 1. 1. 0. 1. 0. 1.
 1. 1. 1. 1. 1. 1. 1. 1. 0. 0. 0. 1. 1. 1. 1. 1. 1. 0. 0. 0. 1. 0. 1. 1.
 1. 1. 0. 1. 1. 0. 0. 0. 0. 1. 0. 1. 0. 0. 0. 0. 0. 0. 1. 1. 1. 0. 1. 1.
 0. 1. 0. 0. 0. 0. 0. 0. 0. 0. 0. 1. 0. 0. 0. 0. 0. 1. 0. 0. 0. 0. 0. 0.
 0. 0. 0. 0. 0. 0. 1. 0. 0. 1. 0. 0. 0. 0. 0. 0. 0. 0. 0. 0. 0. 0. 0. 0.
 1. 0. 0. 0. 0. 0. 0. 0. 0. 0. 0. 0. 0. 0. 0. 0. 0. 0. 1. 1. 0. 0. 0. 0.
 1. 0. 0. 1. 0. 0. 1. 0. 0. 0. 0. 0. 1. 1. 0. 0. 0. 0. 0. 0. 0. 0. 0. 0.
 0. 0. 0. 0. 0. 0. 0. 0.]
Time taken: 25.0029399394989 seconds
Running combination 19 of 50
Fitting RandomForest...
Fitting Adaboost...
Fitting AdaBoost_2...
Fitting et...
Fitting gbc...
Fitting gbc_2...
Fitting gbc_3...
Fitting dt...
Fitting lr...
Fitting Lasso_1...
Fitting Lasso_2...
Fitting Lasso_3...
Fitting Lasso_4...
Fitting elasticnet...
VCF file created successfully.
pyseer stderr:  Read 1000 phenotypes
Detected continuous phenotype
Reading all variants

0variants [00:00, ?variants/s]
52variants [00:00, 516.73variants/s]
104variants [00:00, 456.54variants/s]
158variants [00:00, 488.91variants/s]
198variants [00:00, 494.22variants/s]
Applying correlation filtering

  0%|          | 0/198 [00:00<?, ?variants/s]
100%|██████████| 198/198 [00:00<00:00, 2733.92variants/s]
Fitting elastic net to top 148 variants
Best penalty (lambda) from cross-validation: 3.62E+01
Best R^2 from cross-validation: 0.473
Finding and printing selected variants
198 loaded variants
50 pre-filtered variants
148 tested variants
137 printed variants

True importance standardized:  [0.88723864 0.88723864 0.88723864 0.88723864 0.88723864 0.88723864
 0.88723864 0.88723864 0.88723864 0.88723864 0.63240664 0.63240664
 0.63240664 0.63240664 0.63240664 0.63240664 0.63240664 0.63240664
 0.63240664 0.63240664 0.81592499 0.81592499 0.81592499 0.81592499
 0.81592499 0.81592499 0.81592499 0.81592499 0.81592499 0.81592499
 0.12380773 0.12380773 0.12380773 0.12380773 0.12380773 0.12380773
 0.12380773 0.12380773 0.12380773 0.12380773 0.15229725 0.15229725
 0.15229725 0.15229725 0.15229725 0.15229725 0.15229725 0.15229725
 0.15229725 0.15229725 0.83800763 0.83800763 0.83800763 0.83800763
 0.83800763 0.83800763 0.83800763 0.83800763 0.83800763 0.83800763
 0.43531731 0.43531731 0.43531731 0.43531731 0.43531731 0.43531731
 0.43531731 0.43531731 0.43531731 0.43531731 1.         1.
 1.         1.         1.         1.         1.         1.
 1.         1.         0.74073973 0.74073973 0.74073973 0.74073973
 0.74073973 0.74073973 0.74073973 0.74073973 0.74073973 0.74073973
 0.21050965 0.21050965 0.21050965 0.21050965 0.21050965 0.21050965
 0.21050965 0.21050965 0.21050965 0.21050965 0.         0.
 0.         0.         0.         0.         0.         0.
 0.         0.         0.         0.         0.         0.
 0.         0.         0.         0.         0.         0.
 0.         0.         0.         0.         0.         0.
 0.         0.         0.         0.         0.         0.
 0.         0.         0.         0.         0.         0.
 0.         0.         0.         0.         0.         0.
 0.         0.         0.         0.         0.         0.
 0.         0.         0.         0.         0.         0.
 0.         0.         0.         0.         0.         0.
 0.         0.         0.         0.         0.         0.
 0.         0.         0.         0.         0.         0.
 0.         0.         0.         0.         0.         0.
 0.         0.         0.         0.         0.         0.
 0.         0.         0.         0.         0.         0.
 0.         0.         0.         0.         0.         0.
 0.         0.        ]
Normalized importance:  [0.88020195 0.88020195 0.88020195 0.88020195 0.88020195 0.88020195
 0.88020195 0.88020195 0.88020195 0.88020195 0.49099291 0.49099291
 0.49099291 0.49099291 0.49099291 0.49099291 0.49099291 0.49099291
 0.49099291 0.49099291 0.4863815  0.4863815  0.4863815  0.4863815
 0.4863815  0.4863815  0.4863815  0.4863815  0.4863815  0.4863815
 0.         0.         0.         0.         0.         0.
 0.         0.         0.         0.         0.02683594 0.02683594
 0.02683594 0.02683594 0.         0.         0.         0.02683594
 0.         0.         0.41738128 0.41738128 0.41738128 0.41738128
 0.41738128 0.41738128 0.41738128 0.41738128 0.41738128 0.41738128
 0.08375002 0.08375002 0.08375002 0.08375002 0.08375002 0.08375002
 0.08375002 0.08375002 0.08375002 0.08375002 1.         1.
 1.         1.         1.         1.         1.         1.
 1.         1.         0.53369248 0.53369248 0.53369248 0.53369248
 0.53369248 0.53369248 0.53369248 0.53369248 0.53369248 0.53369248
 0.03916842 0.03916842 0.03916842 0.         0.03916842 0.03916842
 0.         0.         0.         0.         0.         0.
 0.02645361 0.         0.         0.         0.         0.
 0.         0.         0.         0.         0.         0.
 0.         0.         0.         0.         0.00604203 0.
 0.         0.0169894  0.         0.         0.         0.
 0.         0.         0.         0.         0.         0.00324459
 0.         0.00780242 0.         0.         0.         0.
 0.         0.         0.00864584 0.         0.         0.
 0.         0.         0.         0.         0.         0.
 0.01546102 0.         0.         0.         0.         0.
 0.         0.         0.         0.         0.         0.
 0.         0.         0.         0.00609407 0.01729105 0.
 0.01203857 0.         0.         0.         0.         0.
 0.0046394  0.00940397 0.         0.         0.         0.
 0.         0.         0.         0.         0.         0.
 0.04473103 0.         0.         0.         0.01166484 0.
 0.         0.         0.         0.         0.         0.
 0.         0.        ]
deepbreaks
y_true:  [1. 1. 1. 1. 1. 1. 1. 1. 1. 1. 0. 0. 0. 0. 0. 0. 0. 0. 0. 0. 1. 1. 1. 1.
 1. 1. 1. 1. 1. 1. 0. 0. 0. 0. 0. 0. 0. 0. 0. 0. 0. 0. 0. 0. 0. 0. 0. 0.
 0. 0. 1. 1. 1. 1. 1. 1. 1. 1. 1. 1. 0. 0. 0. 0. 0. 0. 0. 0. 0. 0. 1. 1.
 1. 1. 1. 1. 1. 1. 1. 1. 1. 1. 1. 1. 1. 1. 1. 1. 1. 1. 0. 0. 0. 0. 0. 0.
 0. 0. 0. 0. 0. 0. 0. 0. 0. 0. 0. 0. 0. 0. 0. 0. 0. 0. 0. 0. 0. 0. 0. 0.
 0. 0. 0. 0. 0. 0. 0. 0. 0. 0. 0. 0. 0. 0. 0. 0. 0. 0. 0. 0. 0. 0. 0. 0.
 0. 0. 0. 0. 0. 0. 0. 0. 0. 0. 0. 0. 0. 0. 0. 0. 0. 0. 0. 0. 0. 0. 0. 0.
 0. 0. 0. 0. 0. 0. 0. 0. 0. 0. 0. 0. 0. 0. 0. 0. 0. 0. 0. 0. 0. 0. 0. 0.
 0. 0. 0. 0. 0. 0. 0. 0.]
y_pred:  [1. 1. 1. 1. 1. 1. 1. 1. 1. 1. 1. 1. 1. 1. 1. 1. 1. 1. 1. 1. 1. 1. 1. 1.
 1. 1. 1. 1. 1. 1. 0. 0. 0. 0. 0. 0. 0. 0. 0. 0. 0. 0. 0. 0. 0. 0. 0. 0.
 0. 0. 0. 0. 0. 0. 0. 0. 0. 0. 0. 0. 0. 0. 0. 0. 0. 0. 0. 0. 0. 0. 1. 1.
 1. 1. 1. 1. 1. 1. 1. 1. 1. 1. 1. 1. 1. 1. 1. 1. 1. 1. 0. 0. 0. 0. 0. 0.
 0. 0. 0. 0. 0. 0. 0. 0. 0. 0. 0. 0. 0. 0. 0. 0. 0. 0. 0. 0. 0. 0. 0. 0.
 0. 0. 0. 0. 0. 0. 0. 0. 0. 0. 0. 0. 0. 0. 0. 0. 0. 0. 0. 0. 0. 0. 0. 0.
 0. 0. 0. 0. 0. 0. 0. 0. 0. 0. 0. 0. 0. 0. 0. 0. 0. 0. 0. 0. 0. 0. 0. 0.
 0. 0. 0. 0. 0. 0. 0. 0. 0. 0. 0. 0. 0. 0. 0. 0. 0. 0. 0. 0. 0. 0. 0. 0.
 0. 0. 0. 0. 0. 0. 0. 0.]
Normalized importance:  [0.92205638 0.26202322 0.52570481 0.67330017 0.19402985 0.51575456
 0.35820896 0.80431177 0.25207297 0.         0.79933665 0.56384743
 0.36650083 0.0787728  0.46600332 0.31840796 0.16749585 0.31509121
 0.62354892 0.26533997 0.81426202 0.42454395 0.45439469 0.49917081
 0.20563847 0.41127695 0.70978441 0.30182421 0.27694859 0.15422886
 0.12868988 0.         0.14013267 0.50248756 0.04875622 0.
 0.22553897 0.2371476  0.02172471 0.13631841 0.22056385 0.41625207
 0.         0.         0.         0.25870647 0.         0.12719735
 0.07396352 0.00227197 0.75787728 0.11691542 0.31343284 0.34991708
 0.11558872 0.73963516 0.69485904 0.1708126  0.32172471 0.66666667
 0.44776119 0.1840796  0.3615257  0.15389718 0.50414594 0.01575456
 0.06733002 0.25870647 0.18242123 0.0172471  1.         0.7628524
 0.35157546 0.57711443 0.35655058 0.74626866 0.10547264 0.80099502
 0.46600332 0.67827529 0.50248756 0.4212272  0.82587065 0.34162521
 0.72470978 0.68325041 0.48424544 0.12587065 0.16749585 0.53565506
 0.20563847 0.58872305 0.         0.10995025 0.15389718 0.06434494
 0.         0.0252073  0.20729685 0.         0.26865672 0.45771144
 0.48258706 0.         0.42454395 0.08689884 0.41791045 0.
 0.         0.1907131  0.         0.         0.         0.22222222
 0.33499171 0.0920398  0.         0.         0.40298507 0.
 0.00412935 0.14212272 0.         0.         0.         0.
 0.         0.         0.27197347 0.         0.         0.30016584
 0.         0.31674959 0.         0.         0.         0.11492537
 0.13101161 0.         0.46766169 0.         0.05804312 0.44112769
 0.         0.11210614 0.25041459 0.         0.04079602 0.
 0.14079602 0.03946932 0.12421227 0.19568823 0.         0.
 0.1013267  0.25041459 0.         0.         0.15306799 0.02669983
 0.         0.         0.         0.30182421 0.4145937  0.
 0.5920398  0.02305141 0.         0.22222222 0.08507463 0.
 0.24875622 0.44278607 0.16915423 0.         0.         0.
 0.         0.05572139 0.         0.         0.         0.
 0.47429519 0.         0.         0.         0.58374793 0.05157546
 0.         0.         0.         0.         0.13747927 0.23880597
 0.         0.        ]
pyseer
y_true:  [1. 1. 1. 1. 1. 1. 1. 1. 1. 1. 0. 0. 0. 0. 0. 0. 0. 0. 0. 0. 1. 1. 1. 1.
 1. 1. 1. 1. 1. 1. 0. 0. 0. 0. 0. 0. 0. 0. 0. 0. 0. 0. 0. 0. 0. 0. 0. 0.
 0. 0. 1. 1. 1. 1. 1. 1. 1. 1. 1. 1. 0. 0. 0. 0. 0. 0. 0. 0. 0. 0. 1. 1.
 1. 1. 1. 1. 1. 1. 1. 1. 1. 1. 1. 1. 1. 1. 1. 1. 1. 1. 0. 0. 0. 0. 0. 0.
 0. 0. 0. 0. 0. 0. 0. 0. 0. 0. 0. 0. 0. 0. 0. 0. 0. 0. 0. 0. 0. 0. 0. 0.
 0. 0. 0. 0. 0. 0. 0. 0. 0. 0. 0. 0. 0. 0. 0. 0. 0. 0. 0. 0. 0. 0. 0. 0.
 0. 0. 0. 0. 0. 0. 0. 0. 0. 0. 0. 0. 0. 0. 0. 0. 0. 0. 0. 0. 0. 0. 0. 0.
 0. 0. 0. 0. 0. 0. 0. 0. 0. 0. 0. 0. 0. 0. 0. 0. 0. 0. 0. 0. 0. 0. 0. 0.
 0. 0. 0. 0. 0. 0. 0. 0.]
y_pred:  [1. 0. 1. 1. 0. 1. 1. 1. 0. 0. 1. 1. 1. 0. 1. 1. 0. 1. 1. 0. 1. 1. 1. 1.
 0. 1. 1. 1. 1. 0. 0. 0. 0. 1. 0. 0. 0. 0. 0. 0. 0. 1. 0. 0. 0. 0. 0. 0.
 0. 0. 1. 0. 1. 1. 0. 1. 1. 0. 1. 1. 1. 0. 1. 0. 1. 0. 0. 0. 0. 0. 1. 1.
 1. 1. 1. 1. 0. 1. 1. 1. 1. 1. 1. 1. 1. 1. 1. 0. 0. 1. 0. 1. 0. 0. 0. 0.
 0. 0. 0. 0. 1. 1. 1. 0. 1. 0. 1. 0. 0. 0. 0. 0. 0. 0. 1. 0. 0. 0. 1. 0.
 0. 0. 0. 0. 0. 0. 0. 0. 1. 0. 0. 1. 0. 1. 0. 0. 0. 0. 0. 0. 1. 0. 0. 1.
 0. 0. 0. 0. 0. 0. 0. 0. 0. 0. 0. 0. 0. 0. 0. 0. 0. 0. 0. 0. 0. 1. 1. 0.
 1. 0. 0. 0. 0. 0. 0. 1. 0. 0. 0. 0. 0. 0. 0. 0. 0. 0. 1. 0. 0. 0. 1. 0.
 0. 0. 0. 0. 0. 0. 0. 0.]
Time taken: 23.73374366760254 seconds
Running combination 20 of 50
Fitting RandomForest...
Fitting Adaboost...
Fitting AdaBoost_2...
Fitting et...
Fitting gbc...
Fitting gbc_2...
Fitting gbc_3...
Fitting dt...
Fitting lr...
Fitting Lasso_1...
Fitting Lasso_2...
Fitting Lasso_3...
Fitting Lasso_4...
Fitting elasticnet...
VCF file created successfully.
pyseer stderr:  Read 1000 phenotypes
Detected continuous phenotype
Reading all variants

0variants [00:00, ?variants/s]
55variants [00:00, 545.23variants/s]
110variants [00:00, 484.71variants/s]
167variants [00:00, 518.34variants/s]
198variants [00:00, 522.15variants/s]
Applying correlation filtering

  0%|          | 0/198 [00:00<?, ?variants/s]
100%|██████████| 198/198 [00:00<00:00, 2667.94variants/s]
Fitting elastic net to top 148 variants
Best penalty (lambda) from cross-validation: 2.50E+01
Best R^2 from cross-validation: 0.473
Finding and printing selected variants
198 loaded variants
50 pre-filtered variants
148 tested variants
138 printed variants

True importance standardized:  [0.85430603 0.85430603 0.85430603 0.85430603 0.85430603 0.85430603
 0.85430603 0.85430603 0.85430603 0.85430603 0.56368501 0.56368501
 0.56368501 0.56368501 0.56368501 0.56368501 0.56368501 0.56368501
 0.56368501 0.56368501 0.66017913 0.66017913 0.66017913 0.66017913
 0.66017913 0.66017913 0.66017913 0.66017913 0.66017913 0.66017913
 0.22800799 0.22800799 0.22800799 0.22800799 0.22800799 0.22800799
 0.22800799 0.22800799 0.22800799 0.22800799 0.67793612 0.67793612
 0.67793612 0.67793612 0.67793612 0.67793612 0.67793612 0.67793612
 0.67793612 0.67793612 0.62470239 0.62470239 0.62470239 0.62470239
 0.62470239 0.62470239 0.62470239 0.62470239 0.62470239 0.62470239
 0.73224981 0.73224981 0.73224981 0.73224981 0.73224981 0.73224981
 0.73224981 0.73224981 0.73224981 0.73224981 0.46934242 0.46934242
 0.46934242 0.46934242 0.46934242 0.46934242 0.46934242 0.46934242
 0.46934242 0.46934242 0.94424459 0.94424459 0.94424459 0.94424459
 0.94424459 0.94424459 0.94424459 0.94424459 0.94424459 0.94424459
 1.         1.         1.         1.         1.         1.
 1.         1.         1.         1.         0.         0.
 0.         0.         0.         0.         0.         0.
 0.         0.         0.         0.         0.         0.
 0.         0.         0.         0.         0.         0.
 0.         0.         0.         0.         0.         0.
 0.         0.         0.         0.         0.         0.
 0.         0.         0.         0.         0.         0.
 0.         0.         0.         0.         0.         0.
 0.         0.         0.         0.         0.         0.
 0.         0.         0.         0.         0.         0.
 0.         0.         0.         0.         0.         0.
 0.         0.         0.         0.         0.         0.
 0.         0.         0.         0.         0.         0.
 0.         0.         0.         0.         0.         0.
 0.         0.         0.         0.         0.         0.
 0.         0.         0.         0.         0.         0.
 0.         0.         0.         0.         0.         0.
 0.         0.        ]
Normalized importance:  [0.66311461 0.66311461 0.66311461 0.66311461 0.66311461 0.66311461
 0.66311461 0.66311461 0.66311461 0.66311461 0.34085681 0.34085681
 0.34085681 0.34085681 0.34085681 0.34085681 0.34085681 0.34085681
 0.34085681 0.34085681 0.62751714 0.62751714 0.62751714 0.62751714
 0.62751714 0.62751714 0.62751714 0.62751714 0.62751714 0.62751714
 0.06523824 0.         0.         0.06523824 0.         0.06523824
 0.         0.06523824 0.06523824 0.06523824 0.59753445 0.59753445
 0.59753445 0.59753445 0.59753445 0.59753445 0.59753445 0.59753445
 0.59753445 0.59753445 0.57469401 0.57469401 0.57469401 0.57469401
 0.57469401 0.57469401 0.57469401 0.57469401 0.57469401 0.57469401
 0.71062822 0.71062822 0.71062822 0.71062822 0.71062822 0.71062822
 0.71062822 0.71062822 0.71062822 0.71062822 0.12986909 0.12986909
 0.12986909 0.12986909 0.12986909 0.12986909 0.12986909 0.12986909
 0.12986909 0.12986909 1.         1.         1.         1.
 1.         1.         1.         1.         1.         1.
 0.95104335 0.95104335 0.95104335 0.95104335 0.95104335 0.95104335
 0.95104335 0.95104335 0.95104335 0.95104335 0.         0.
 0.         0.01085236 0.         0.         0.         0.
 0.         0.         0.01118574 0.         0.         0.
 0.04867531 0.         0.         0.         0.         0.
 0.         0.         0.         0.         0.         0.
 0.         0.         0.01757103 0.         0.         0.
 0.         0.         0.03821425 0.         0.03315142 0.
 0.         0.         0.         0.         0.         0.
 0.         0.         0.         0.         0.         0.
 0.         0.         0.         0.         0.         0.03747295
 0.         0.         0.         0.         0.         0.
 0.         0.         0.         0.         0.         0.
 0.         0.         0.         0.         0.         0.
 0.         0.06769736 0.         0.         0.         0.
 0.         0.         0.         0.         0.         0.
 0.         0.         0.         0.         0.         0.
 0.09873083 0.         0.         0.         0.         0.
 0.         0.        ]
deepbreaks
y_true:  [1. 1. 1. 1. 1. 1. 1. 1. 1. 1. 0. 0. 0. 0. 0. 0. 0. 0. 0. 0. 0. 0. 0. 0.
 0. 0. 0. 0. 0. 0. 0. 0. 0. 0. 0. 0. 0. 0. 0. 0. 1. 1. 1. 1. 1. 1. 1. 1.
 1. 1. 0. 0. 0. 0. 0. 0. 0. 0. 0. 0. 1. 1. 1. 1. 1. 1. 1. 1. 1. 1. 0. 0.
 0. 0. 0. 0. 0. 0. 0. 0. 1. 1. 1. 1. 1. 1. 1. 1. 1. 1. 1. 1. 1. 1. 1. 1.
 1. 1. 1. 1. 0. 0. 0. 0. 0. 0. 0. 0. 0. 0. 0. 0. 0. 0. 0. 0. 0. 0. 0. 0.
 0. 0. 0. 0. 0. 0. 0. 0. 0. 0. 0. 0. 0. 0. 0. 0. 0. 0. 0. 0. 0. 0. 0. 0.
 0. 0. 0. 0. 0. 0. 0. 0. 0. 0. 0. 0. 0. 0. 0. 0. 0. 0. 0. 0. 0. 0. 0. 0.
 0. 0. 0. 0. 0. 0. 0. 0. 0. 0. 0. 0. 0. 0. 0. 0. 0. 0. 0. 0. 0. 0. 0. 0.
 0. 0. 0. 0. 0. 0. 0. 0.]
y_pred:  [1. 1. 1. 1. 1. 1. 1. 1. 1. 1. 0. 0. 0. 0. 0. 0. 0. 0. 0. 0. 1. 1. 1. 1.
 1. 1. 1. 1. 1. 1. 0. 0. 0. 0. 0. 0. 0. 0. 0. 0. 1. 1. 1. 1. 1. 1. 1. 1.
 1. 1. 0. 0. 0. 0. 0. 0. 0. 0. 0. 0. 1. 1. 1. 1. 1. 1. 1. 1. 1. 1. 0. 0.
 0. 0. 0. 0. 0. 0. 0. 0. 1. 1. 1. 1. 1. 1. 1. 1. 1. 1. 1. 1. 1. 1. 1. 1.
 1. 1. 1. 1. 0. 0. 0. 0. 0. 0. 0. 0. 0. 0. 0. 0. 0. 0. 0. 0. 0. 0. 0. 0.
 0. 0. 0. 0. 0. 0. 0. 0. 0. 0. 0. 0. 0. 0. 0. 0. 0. 0. 0. 0. 0. 0. 0. 0.
 0. 0. 0. 0. 0. 0. 0. 0. 0. 0. 0. 0. 0. 0. 0. 0. 0. 0. 0. 0. 0. 0. 0. 0.
 0. 0. 0. 0. 0. 0. 0. 0. 0. 0. 0. 0. 0. 0. 0. 0. 0. 0. 0. 0. 0. 0. 0. 0.
 0. 0. 0. 0. 0. 0. 0. 0.]
Normalized importance:  [0.83631714 0.44757033 0.26598465 0.54219949 0.4168798  0.5601023
 0.26342711 0.19744246 0.20613811 0.42966752 0.31457801 0.12966752
 0.5831202  0.54731458 0.         0.342711   0.31969309 0.
 0.37595908 0.63682864 0.60613811 0.48081841 0.32992327 0.242711
 0.24501279 0.12378517 0.46547315 0.37851662 0.44245524 0.20946292
 0.18644501 0.30946292 0.02549872 0.2202046  0.         0.15038363
 0.         0.15959079 0.33248082 0.23043478 0.63682864 0.38618926
 0.14654731 0.53196931 0.42199488 0.49104859 0.45012788 0.28644501
 0.25831202 0.14987212 0.63682864 0.59335038 0.27365729 0.
 0.         0.64450128 0.34782609 0.26598465 0.30179028 0.66751918
 0.86956522 0.34015345 0.8286445  0.60869565 0.57033248 0.
 0.0156266  0.20997442 0.5831202  0.         0.47826087 0.07519182
 0.10741688 0.12787724 0.55754476 0.0116624  0.26342711 0.
 0.         0.62148338 0.82608696 0.83631714 0.7084399  0.62148338
 0.31969309 0.26598465 0.14910486 0.5140665  0.28900256 0.4629156
 1.         0.32480818 0.35294118 0.57033248 0.46547315 0.39386189
 0.82352941 0.25191816 0.10485934 0.73401535 0.00900256 0.
 0.         0.25831202 0.         0.00173657 0.14117647 0.
 0.         0.         0.26342711 0.         0.03324808 0.
 0.06496164 0.         0.29923274 0.         0.         0.
 0.         0.         0.         0.         0.06930946 0.
 0.         0.33759591 0.25524297 0.13452685 0.         0.08081841
 0.         0.         0.58823529 0.06777494 0.52429668 0.49360614
 0.         0.01286445 0.         0.08925831 0.22736573 0.
 0.         0.11048593 0.         0.         0.         0.
 0.2685422  0.06342711 0.57800512 0.         0.         0.40664962
 0.         0.00997442 0.         0.25831202 0.         0.
 0.         0.         0.07340153 0.38107417 0.         0.
 0.         0.15677749 0.         0.0769821  0.10716113 0.
 0.         0.22966752 0.08746803 0.02434783 0.         0.
 0.         0.35038363 0.17902813 0.30946292 0.31457801 0.
 0.07391304 0.         0.12659847 0.         0.16163683 0.15038363
 0.46035806 0.05242967 0.1769821  0.10306905 0.20383632 0.
 0.         0.        ]
pyseer
y_true:  [1. 1. 1. 1. 1. 1. 1. 1. 1. 1. 0. 0. 0. 0. 0. 0. 0. 0. 0. 0. 0. 0. 0. 0.
 0. 0. 0. 0. 0. 0. 0. 0. 0. 0. 0. 0. 0. 0. 0. 0. 1. 1. 1. 1. 1. 1. 1. 1.
 1. 1. 0. 0. 0. 0. 0. 0. 0. 0. 0. 0. 1. 1. 1. 1. 1. 1. 1. 1. 1. 1. 0. 0.
 0. 0. 0. 0. 0. 0. 0. 0. 1. 1. 1. 1. 1. 1. 1. 1. 1. 1. 1. 1. 1. 1. 1. 1.
 1. 1. 1. 1. 0. 0. 0. 0. 0. 0. 0. 0. 0. 0. 0. 0. 0. 0. 0. 0. 0. 0. 0. 0.
 0. 0. 0. 0. 0. 0. 0. 0. 0. 0. 0. 0. 0. 0. 0. 0. 0. 0. 0. 0. 0. 0. 0. 0.
 0. 0. 0. 0. 0. 0. 0. 0. 0. 0. 0. 0. 0. 0. 0. 0. 0. 0. 0. 0. 0. 0. 0. 0.
 0. 0. 0. 0. 0. 0. 0. 0. 0. 0. 0. 0. 0. 0. 0. 0. 0. 0. 0. 0. 0. 0. 0. 0.
 0. 0. 0. 0. 0. 0. 0. 0.]
y_pred:  [1. 1. 0. 1. 1. 1. 0. 0. 0. 1. 1. 0. 1. 1. 0. 1. 1. 0. 1. 1. 1. 1. 1. 0.
 0. 0. 1. 1. 1. 0. 0. 1. 0. 0. 0. 0. 0. 0. 1. 0. 1. 1. 0. 1. 1. 1. 1. 0.
 0. 0. 1. 1. 0. 0. 0. 1. 1. 0. 1. 1. 1. 1. 1. 1. 1. 0. 0. 0. 1. 0. 1. 0.
 0. 0. 1. 0. 0. 0. 0. 1. 1. 1. 1. 1. 1. 0. 0. 1. 0. 1. 1. 1. 1. 1. 1. 1.
 1. 0. 0. 1. 0. 0. 0. 0. 0. 0. 0. 0. 0. 0. 0. 0. 0. 0. 0. 0. 1. 0. 0. 0.
 0. 0. 0. 0. 0. 0. 0. 1. 0. 0. 0. 0. 0. 0. 1. 0. 1. 1. 0. 0. 0. 0. 0. 0.
 0. 0. 0. 0. 0. 0. 0. 0. 1. 0. 0. 1. 0. 0. 0. 0. 0. 0. 0. 0. 0. 1. 0. 0.
 0. 0. 0. 0. 0. 0. 0. 0. 0. 0. 0. 0. 0. 1. 0. 1. 1. 0. 0. 0. 0. 0. 0. 0.
 1. 0. 0. 0. 0. 0. 0. 0.]
Time taken: 24.407115936279297 seconds
Running combination 21 of 50
Fitting RandomForest...
Fitting Adaboost...
Fitting AdaBoost_2...
Fitting et...
Fitting gbc...
Fitting gbc_2...
Fitting gbc_3...
Fitting dt...
Fitting lr...
Fitting Lasso_1...
Fitting Lasso_2...
Fitting Lasso_3...
Fitting Lasso_4...
Fitting elasticnet...
VCF file created successfully.
pyseer stderr:  Read 1000 phenotypes
Detected continuous phenotype
Reading all variants

0variants [00:00, ?variants/s]
54variants [00:00, 531.17variants/s]
108variants [00:00, 470.91variants/s]
163variants [00:00, 502.58variants/s]
198variants [00:00, 507.67variants/s]
Applying correlation filtering

  0%|          | 0/198 [00:00<?, ?variants/s]
100%|██████████| 198/198 [00:00<00:00, 2667.96variants/s]
Fitting elastic net to top 148 variants
Best penalty (lambda) from cross-validation: 3.24E+01
Best R^2 from cross-validation: 0.534
Finding and printing selected variants
198 loaded variants
50 pre-filtered variants
148 tested variants
137 printed variants

True importance standardized:  [0.56027169 0.56027169 0.56027169 0.56027169 0.56027169 0.56027169
 0.56027169 0.56027169 0.56027169 0.56027169 0.56193739 0.56193739
 0.56193739 0.56193739 0.56193739 0.56193739 0.56193739 0.56193739
 0.56193739 0.56193739 1.         1.         1.         1.
 1.         1.         1.         1.         1.         1.
 0.66939112 0.66939112 0.66939112 0.66939112 0.66939112 0.66939112
 0.66939112 0.66939112 0.66939112 0.66939112 0.80599837 0.80599837
 0.80599837 0.80599837 0.80599837 0.80599837 0.80599837 0.80599837
 0.80599837 0.80599837 0.41992581 0.41992581 0.41992581 0.41992581
 0.41992581 0.41992581 0.41992581 0.41992581 0.41992581 0.41992581
 0.12930527 0.12930527 0.12930527 0.12930527 0.12930527 0.12930527
 0.12930527 0.12930527 0.12930527 0.12930527 0.64459374 0.64459374
 0.64459374 0.64459374 0.64459374 0.64459374 0.64459374 0.64459374
 0.64459374 0.64459374 0.66614969 0.66614969 0.66614969 0.66614969
 0.66614969 0.66614969 0.66614969 0.66614969 0.66614969 0.66614969
 0.83045156 0.83045156 0.83045156 0.83045156 0.83045156 0.83045156
 0.83045156 0.83045156 0.83045156 0.83045156 0.         0.
 0.         0.         0.         0.         0.         0.
 0.         0.         0.         0.         0.         0.
 0.         0.         0.         0.         0.         0.
 0.         0.         0.         0.         0.         0.
 0.         0.         0.         0.         0.         0.
 0.         0.         0.         0.         0.         0.
 0.         0.         0.         0.         0.         0.
 0.         0.         0.         0.         0.         0.
 0.         0.         0.         0.         0.         0.
 0.         0.         0.         0.         0.         0.
 0.         0.         0.         0.         0.         0.
 0.         0.         0.         0.         0.         0.
 0.         0.         0.         0.         0.         0.
 0.         0.         0.         0.         0.         0.
 0.         0.         0.         0.         0.         0.
 0.         0.         0.         0.         0.         0.
 0.         0.        ]
Normalized importance:  [0.50685167 0.50685167 0.50685167 0.50685167 0.50685167 0.50685167
 0.50685167 0.50685167 0.50685167 0.50685167 0.29788745 0.29788745
 0.29788745 0.29788745 0.29788745 0.29788745 0.29788745 0.29788745
 0.29788745 0.29788745 1.         1.         1.         1.
 1.         1.         1.         1.         1.         1.
 0.70455636 0.70455636 0.70455636 0.70455636 0.70455636 0.70455636
 0.70455636 0.70455636 0.70455636 0.70455636 0.71638898 0.71638898
 0.71638898 0.71638898 0.71638898 0.71638898 0.71638898 0.71638898
 0.71638898 0.71638898 0.33476614 0.33476614 0.33476614 0.33476614
 0.33476614 0.33476614 0.33476614 0.33476614 0.33476614 0.33476614
 0.         0.         0.         0.         0.         0.
 0.         0.         0.         0.05477721 0.24472031 0.24472031
 0.24472031 0.24472031 0.24472031 0.24472031 0.24472031 0.24472031
 0.24472031 0.24472031 0.70296955 0.70296955 0.70296955 0.70296955
 0.70296955 0.70296955 0.70296955 0.70296955 0.70296955 0.70296955
 0.86653721 0.86653721 0.86653721 0.86653721 0.86653721 0.86653721
 0.86653721 0.86653721 0.86653721 0.86653721 0.         0.
 0.01913784 0.         0.         0.         0.         0.
 0.         0.         0.         0.         0.         0.04420901
 0.         0.         0.         0.         0.         0.
 0.01206532 0.         0.         0.03310841 0.         0.
 0.         0.         0.         0.         0.         0.
 0.         0.         0.         0.         0.         0.00883945
 0.04919548 0.         0.         0.02597649 0.         0.
 0.         0.         0.         0.00909301 0.         0.
 0.0303464  0.         0.         0.         0.06743151 0.
 0.         0.         0.         0.         0.         0.
 0.         0.         0.         0.         0.         0.
 0.00979734 0.01292346 0.         0.01823604 0.         0.
 0.         0.         0.         0.         0.         0.
 0.         0.         0.         0.         0.         0.
 0.         0.         0.         0.         0.         0.
 0.         0.         0.         0.         0.         0.
 0.         0.        ]
deepbreaks
y_true:  [0. 0. 0. 0. 0. 0. 0. 0. 0. 0. 0. 0. 0. 0. 0. 0. 0. 0. 0. 0. 1. 1. 1. 1.
 1. 1. 1. 1. 1. 1. 1. 1. 1. 1. 1. 1. 1. 1. 1. 1. 1. 1. 1. 1. 1. 1. 1. 1.
 1. 1. 0. 0. 0. 0. 0. 0. 0. 0. 0. 0. 0. 0. 0. 0. 0. 0. 0. 0. 0. 0. 0. 0.
 0. 0. 0. 0. 0. 0. 0. 0. 1. 1. 1. 1. 1. 1. 1. 1. 1. 1. 1. 1. 1. 1. 1. 1.
 1. 1. 1. 1. 0. 0. 0. 0. 0. 0. 0. 0. 0. 0. 0. 0. 0. 0. 0. 0. 0. 0. 0. 0.
 0. 0. 0. 0. 0. 0. 0. 0. 0. 0. 0. 0. 0. 0. 0. 0. 0. 0. 0. 0. 0. 0. 0. 0.
 0. 0. 0. 0. 0. 0. 0. 0. 0. 0. 0. 0. 0. 0. 0. 0. 0. 0. 0. 0. 0. 0. 0. 0.
 0. 0. 0. 0. 0. 0. 0. 0. 0. 0. 0. 0. 0. 0. 0. 0. 0. 0. 0. 0. 0. 0. 0. 0.
 0. 0. 0. 0. 0. 0. 0. 0.]
y_pred:  [1. 1. 1. 1. 1. 1. 1. 1. 1. 1. 0. 0. 0. 0. 0. 0. 0. 0. 0. 0. 1. 1. 1. 1.
 1. 1. 1. 1. 1. 1. 1. 1. 1. 1. 1. 1. 1. 1. 1. 1. 1. 1. 1. 1. 1. 1. 1. 1.
 1. 1. 0. 0. 0. 0. 0. 0. 0. 0. 0. 0. 0. 0. 0. 0. 0. 0. 0. 0. 0. 0. 0. 0.
 0. 0. 0. 0. 0. 0. 0. 0. 1. 1. 1. 1. 1. 1. 1. 1. 1. 1. 1. 1. 1. 1. 1. 1.
 1. 1. 1. 1. 0. 0. 0. 0. 0. 0. 0. 0. 0. 0. 0. 0. 0. 0. 0. 0. 0. 0. 0. 0.
 0. 0. 0. 0. 0. 0. 0. 0. 0. 0. 0. 0. 0. 0. 0. 0. 0. 0. 0. 0. 0. 0. 0. 0.
 0. 0. 0. 0. 0. 0. 0. 0. 0. 0. 0. 0. 0. 0. 0. 0. 0. 0. 0. 0. 0. 0. 0. 0.
 0. 0. 0. 0. 0. 0. 0. 0. 0. 0. 0. 0. 0. 0. 0. 0. 0. 0. 0. 0. 0. 0. 0. 0.
 0. 0. 0. 0. 0. 0. 0. 0.]
Normalized importance:  [0.59238095 0.23238095 0.03809524 0.79238095 0.68190476 0.55047619
 0.40952381 0.3047619  0.32380952 0.55619048 0.75619048 0.3847619
 0.2152381  0.55047619 0.         0.24380952 0.10190476 0.32952381
 0.91619048 0.27428571 1.         0.28952381 0.44571429 0.81714286
 0.89142857 0.37904762 0.59047619 0.75619048 0.06266667 0.6247619
 0.80761905 0.35428571 0.         0.70095238 0.56190476 0.35809524
 0.25142857 0.37333333 0.22095238 0.82095238 0.87238095 0.48
 0.22285714 0.41904762 0.62095238 0.39428571 0.66285714 0.73142857
 0.58857143 0.60380952 0.40952381 0.0807619  0.53714286 0.55047619
 0.         0.55047619 0.28       0.5447619  0.17028571 0.22666667
 0.         0.         0.05904762 0.         0.         0.2647619
 0.         0.07295238 0.         0.53714286 0.63619048 0.19238095
 0.26857143 0.30285714 0.55809524 0.31428571 0.40571429 0.46666667
 0.33333333 0.12952381 0.82095238 0.64190476 0.19047619 0.5847619
 0.64380952 0.         0.57714286 0.51619048 0.28190476 0.26095238
 0.77714286 0.47238095 0.32761905 0.37333333 0.8247619  0.51238095
 0.75238095 0.25333333 0.46857143 0.79238095 0.         0.
 0.168      0.09885714 0.19428571 0.00259048 0.46095238 0.36952381
 0.14952381 0.         0.19428571 0.39619048 0.036      0.34857143
 0.         0.19619048 0.27238095 0.01893333 0.         0.
 0.31047619 0.32571429 0.12342857 0.092      0.         0.1327619
 0.         0.46285714 0.         0.108      0.         0.
 0.         0.         0.         0.         0.         0.39238095
 0.41904762 0.04209524 0.         0.4952381  0.         0.
 0.         0.         0.         0.         0.23238095 0.
 0.67238095 0.         0.         0.05942857 0.55428571 0.12704762
 0.         0.         0.06190476 0.         0.         0.
 0.07352381 0.         0.         0.33142857 0.25714286 0.25904762
 0.06133333 0.20190476 0.5352381  0.39809524 0.14685714 0.
 0.20190476 0.24       0.         0.         0.         0.
 0.         0.05885714 0.34666667 0.         0.         0.
 0.         0.         0.         0.10247619 0.         0.
 0.         0.         0.28190476 0.0071619  0.         0.
 0.         0.        ]
pyseer
y_true:  [0. 0. 0. 0. 0. 0. 0. 0. 0. 0. 0. 0. 0. 0. 0. 0. 0. 0. 0. 0. 1. 1. 1. 1.
 1. 1. 1. 1. 1. 1. 1. 1. 1. 1. 1. 1. 1. 1. 1. 1. 1. 1. 1. 1. 1. 1. 1. 1.
 1. 1. 0. 0. 0. 0. 0. 0. 0. 0. 0. 0. 0. 0. 0. 0. 0. 0. 0. 0. 0. 0. 0. 0.
 0. 0. 0. 0. 0. 0. 0. 0. 1. 1. 1. 1. 1. 1. 1. 1. 1. 1. 1. 1. 1. 1. 1. 1.
 1. 1. 1. 1. 0. 0. 0. 0. 0. 0. 0. 0. 0. 0. 0. 0. 0. 0. 0. 0. 0. 0. 0. 0.
 0. 0. 0. 0. 0. 0. 0. 0. 0. 0. 0. 0. 0. 0. 0. 0. 0. 0. 0. 0. 0. 0. 0. 0.
 0. 0. 0. 0. 0. 0. 0. 0. 0. 0. 0. 0. 0. 0. 0. 0. 0. 0. 0. 0. 0. 0. 0. 0.
 0. 0. 0. 0. 0. 0. 0. 0. 0. 0. 0. 0. 0. 0. 0. 0. 0. 0. 0. 0. 0. 0. 0. 0.
 0. 0. 0. 0. 0. 0. 0. 0.]
y_pred:  [1. 0. 0. 1. 1. 1. 1. 0. 0. 1. 1. 1. 0. 1. 0. 0. 0. 0. 1. 0. 1. 0. 1. 1.
 1. 1. 1. 1. 0. 1. 1. 1. 0. 1. 1. 1. 0. 1. 0. 1. 1. 1. 0. 1. 1. 1. 1. 1.
 1. 1. 1. 0. 1. 1. 0. 1. 0. 1. 0. 0. 0. 0. 0. 0. 0. 0. 0. 0. 0. 1. 1. 0.
 0. 0. 1. 0. 1. 1. 0. 0. 1. 1. 0. 1. 1. 0. 1. 1. 0. 0. 1. 1. 0. 1. 1. 1.
 1. 0. 1. 1. 0. 0. 0. 0. 0. 0. 1. 1. 0. 0. 0. 1. 0. 0. 0. 0. 0. 0. 0. 0.
 0. 0. 0. 0. 0. 0. 0. 1. 0. 0. 0. 0. 0. 0. 0. 0. 0. 1. 1. 0. 0. 1. 0. 0.
 0. 0. 0. 0. 0. 0. 1. 0. 0. 0. 1. 0. 0. 0. 0. 0. 0. 0. 0. 0. 0. 0. 0. 0.
 0. 0. 1. 1. 0. 0. 0. 0. 0. 0. 0. 0. 0. 0. 0. 0. 0. 0. 0. 0. 0. 0. 0. 0.
 0. 0. 0. 0. 0. 0. 0. 0.]
Time taken: 24.78736710548401 seconds
Running combination 22 of 50
Fitting RandomForest...
Fitting Adaboost...
Fitting AdaBoost_2...
Fitting et...
Fitting gbc...
Fitting gbc_2...
Fitting gbc_3...
Fitting dt...
Fitting lr...
Fitting Lasso_1...
Fitting Lasso_2...
Fitting Lasso_3...
Fitting Lasso_4...
Fitting elasticnet...
VCF file created successfully.
pyseer stderr:  Read 1000 phenotypes
Detected continuous phenotype
Reading all variants

0variants [00:00, ?variants/s]
53variants [00:00, 523.74variants/s]
106variants [00:00, 469.10variants/s]
162variants [00:00, 507.55variants/s]
198variants [00:00, 511.32variants/s]
Applying correlation filtering

  0%|          | 0/198 [00:00<?, ?variants/s]
100%|██████████| 198/198 [00:00<00:00, 2646.52variants/s]
Fitting elastic net to top 148 variants
Best penalty (lambda) from cross-validation: 6.35E+01
Best R^2 from cross-validation: 0.430
Finding and printing selected variants
198 loaded variants
50 pre-filtered variants
148 tested variants
139 printed variants

True importance standardized:  [0.50773718 0.50773718 0.50773718 0.50773718 0.50773718 0.50773718
 0.50773718 0.50773718 0.50773718 0.50773718 0.89638388 0.89638388
 0.89638388 0.89638388 0.89638388 0.89638388 0.89638388 0.89638388
 0.89638388 0.89638388 0.5023197  0.5023197  0.5023197  0.5023197
 0.5023197  0.5023197  0.5023197  0.5023197  0.5023197  0.5023197
 0.75179945 0.75179945 0.75179945 0.75179945 0.75179945 0.75179945
 0.75179945 0.75179945 0.75179945 0.75179945 0.70623653 0.70623653
 0.70623653 0.70623653 0.70623653 0.70623653 0.70623653 0.70623653
 0.70623653 0.70623653 0.93876814 0.93876814 0.93876814 0.93876814
 0.93876814 0.93876814 0.93876814 0.93876814 0.93876814 0.93876814
 0.49034644 0.49034644 0.49034644 0.49034644 0.49034644 0.49034644
 0.49034644 0.49034644 0.49034644 0.49034644 0.81040938 0.81040938
 0.81040938 0.81040938 0.81040938 0.81040938 0.81040938 0.81040938
 0.81040938 0.81040938 0.32462597 0.32462597 0.32462597 0.32462597
 0.32462597 0.32462597 0.32462597 0.32462597 0.32462597 0.32462597
 1.         1.         1.         1.         1.         1.
 1.         1.         1.         1.         0.         0.
 0.         0.         0.         0.         0.         0.
 0.         0.         0.         0.         0.         0.
 0.         0.         0.         0.         0.         0.
 0.         0.         0.         0.         0.         0.
 0.         0.         0.         0.         0.         0.
 0.         0.         0.         0.         0.         0.
 0.         0.         0.         0.         0.         0.
 0.         0.         0.         0.         0.         0.
 0.         0.         0.         0.         0.         0.
 0.         0.         0.         0.         0.         0.
 0.         0.         0.         0.         0.         0.
 0.         0.         0.         0.         0.         0.
 0.         0.         0.         0.         0.         0.
 0.         0.         0.         0.         0.         0.
 0.         0.         0.         0.         0.         0.
 0.         0.         0.         0.         0.         0.
 0.         0.        ]
Normalized importance:  [0.15019221 0.15019221 0.15019221 0.15019221 0.15019221 0.15019221
 0.15019221 0.15019221 0.15019221 0.15019221 0.87262267 0.87262267
 0.87262267 0.87262267 0.87262267 0.87262267 0.87262267 0.87262267
 0.87262267 0.87262267 0.32909565 0.32909565 0.32909565 0.32909565
 0.32909565 0.32909565 0.32909565 0.32909565 0.32909565 0.32909565
 0.21947802 0.21947802 0.21947802 0.21947802 0.21947802 0.21947802
 0.21947802 0.21947802 0.21947802 0.21947802 0.2344039  0.2344039
 0.2344039  0.2344039  0.2344039  0.2344039  0.2344039  0.2344039
 0.2344039  0.2344039  0.72769611 0.72769611 0.72769611 0.72769611
 0.72769611 0.72769611 0.72769611 0.72769611 0.72769611 0.72769611
 0.3031541  0.3031541  0.3031541  0.3031541  0.3031541  0.3031541
 0.3031541  0.3031541  0.3031541  0.3031541  0.81292523 0.81292523
 0.81292523 0.81292523 0.81292523 0.81292523 0.81292523 0.81292523
 0.81292523 0.81292523 0.18061539 0.18061539 0.18061539 0.18061539
 0.18061539 0.18061539 0.18061539 0.18061539 0.18061539 0.18061539
 1.         1.         1.         1.         1.         1.
 1.         1.         1.         1.         0.         0.
 0.         0.01164772 0.         0.         0.0194252  0.
 0.         0.05045592 0.07217194 0.         0.         0.
 0.         0.         0.01050647 0.         0.         0.04277249
 0.         0.         0.         0.         0.         0.
 0.         0.         0.         0.         0.         0.
 0.         0.         0.         0.         0.         0.
 0.         0.03383424 0.07474406 0.         0.07136541 0.
 0.         0.         0.         0.         0.00946562 0.
 0.         0.         0.         0.         0.         0.
 0.         0.         0.         0.         0.         0.
 0.         0.         0.         0.01324515 0.         0.
 0.         0.         0.         0.         0.         0.
 0.         0.00578898 0.         0.         0.         0.
 0.11354474 0.         0.         0.         0.         0.02405544
 0.         0.         0.         0.         0.         0.
 0.         0.         0.         0.00778251 0.         0.
 0.         0.        ]
deepbreaks
y_true:  [0. 0. 0. 0. 0. 0. 0. 0. 0. 0. 1. 1. 1. 1. 1. 1. 1. 1. 1. 1. 0. 0. 0. 0.
 0. 0. 0. 0. 0. 0. 1. 1. 1. 1. 1. 1. 1. 1. 1. 1. 0. 0. 0. 0. 0. 0. 0. 0.
 0. 0. 1. 1. 1. 1. 1. 1. 1. 1. 1. 1. 0. 0. 0. 0. 0. 0. 0. 0. 0. 0. 1. 1.
 1. 1. 1. 1. 1. 1. 1. 1. 0. 0. 0. 0. 0. 0. 0. 0. 0. 0. 1. 1. 1. 1. 1. 1.
 1. 1. 1. 1. 0. 0. 0. 0. 0. 0. 0. 0. 0. 0. 0. 0. 0. 0. 0. 0. 0. 0. 0. 0.
 0. 0. 0. 0. 0. 0. 0. 0. 0. 0. 0. 0. 0. 0. 0. 0. 0. 0. 0. 0. 0. 0. 0. 0.
 0. 0. 0. 0. 0. 0. 0. 0. 0. 0. 0. 0. 0. 0. 0. 0. 0. 0. 0. 0. 0. 0. 0. 0.
 0. 0. 0. 0. 0. 0. 0. 0. 0. 0. 0. 0. 0. 0. 0. 0. 0. 0. 0. 0. 0. 0. 0. 0.
 0. 0. 0. 0. 0. 0. 0. 0.]
y_pred:  [0. 0. 0. 0. 0. 0. 0. 0. 0. 0. 1. 1. 1. 1. 1. 1. 1. 1. 1. 1. 1. 1. 1. 1.
 1. 1. 1. 1. 1. 1. 0. 0. 0. 0. 0. 0. 0. 0. 0. 0. 0. 0. 0. 0. 0. 0. 0. 0.
 0. 0. 1. 1. 1. 1. 1. 1. 1. 1. 1. 1. 1. 1. 1. 1. 1. 1. 1. 1. 1. 1. 1. 1.
 1. 1. 1. 1. 1. 1. 1. 1. 0. 0. 0. 0. 0. 0. 0. 0. 0. 0. 1. 1. 1. 1. 1. 1.
 1. 1. 1. 1. 0. 0. 0. 0. 0. 0. 0. 0. 0. 0. 0. 0. 0. 0. 0. 0. 0. 0. 0. 0.
 0. 0. 0. 0. 0. 0. 0. 0. 0. 0. 0. 0. 0. 0. 0. 0. 0. 0. 0. 0. 0. 0. 0. 0.
 0. 0. 0. 0. 0. 0. 0. 0. 0. 0. 0. 0. 0. 0. 0. 0. 0. 0. 0. 0. 0. 0. 0. 0.
 0. 0. 0. 0. 0. 0. 0. 0. 0. 0. 0. 0. 0. 0. 0. 0. 0. 0. 0. 0. 0. 0. 0. 0.
 0. 0. 0. 0. 0. 0. 0. 0.]
Normalized importance:  [0.45083333 0.27583333 0.09833333 0.36166667 0.04975    0.3225
 0.21416667 0.70416667 0.29083333 0.165      0.78666667 0.495
 0.35666667 0.35166667 0.45916667 0.74416667 0.42833333 0.02875
 0.4825     0.545      0.54916667 0.2575     0.29166667 0.27916667
 0.25666667 0.33916667 0.31333333 0.215      0.28833333 0.01675
 0.41833333 0.73416667 0.06766667 0.14666667 0.01775    1.
 0.23166667 0.         0.31166667 0.39583333 0.46583333 0.2325
 0.         0.         0.37333333 0.54916667 0.095      0.3625
 0.32833333 0.43333333 0.70333333 0.66416667 0.465      0.47666667
 0.20833333 0.         0.61166667 0.54916667 0.39       0.
 0.575      0.5075     0.48833333 0.0305     0.44916667 0.21666667
 0.01425    0.         0.2675     0.46       0.54166667 0.67583333
 0.4375     0.655      0.16833333 0.18416667 0.19166667 0.72333333
 0.595      0.         0.18166667 0.2925     0.14583333 0.27166667
 0.38083333 0.23833333 0.135      0.185      0.03216667 0.00571667
 0.925      0.3775     0.74166667 0.61       0.21583333 0.16583333
 0.305      0.90833333 0.38916667 0.17       0.         0.03866667
 0.         0.041      0.         0.         0.31166667 0.02841667
 0.         0.395      0.7125     0.55083333 0.         0.
 0.         0.22083333 0.32333333 0.         0.16416667 0.48583333
 0.         0.         0.         0.         0.         0.
 0.         0.         0.         0.655      0.         0.05091667
 0.         0.         0.         0.         0.         0.
 0.         0.555      0.27916667 0.         0.43166667 0.25916667
 0.         0.         0.         0.         0.3325     0.38
 0.04483333 0.40166667 0.25916667 0.18416667 0.36166667 0.
 0.345      0.3        0.         0.15166667 0.         0.
 0.505      0.40833333 0.         0.50083333 0.         0.2625
 0.25       0.         0.         0.14833333 0.         0.1575
 0.         0.14333333 0.37666667 0.         0.         0.
 0.4625     0.24083333 0.         0.         0.07833333 0.5175
 0.16083333 0.         0.1375     0.00630833 0.         0.13583333
 0.5925     0.         0.         0.11416667 0.         0.
 0.         0.        ]
pyseer
y_true:  [0. 0. 0. 0. 0. 0. 0. 0. 0. 0. 1. 1. 1. 1. 1. 1. 1. 1. 1. 1. 0. 0. 0. 0.
 0. 0. 0. 0. 0. 0. 1. 1. 1. 1. 1. 1. 1. 1. 1. 1. 0. 0. 0. 0. 0. 0. 0. 0.
 0. 0. 1. 1. 1. 1. 1. 1. 1. 1. 1. 1. 0. 0. 0. 0. 0. 0. 0. 0. 0. 0. 1. 1.
 1. 1. 1. 1. 1. 1. 1. 1. 0. 0. 0. 0. 0. 0. 0. 0. 0. 0. 1. 1. 1. 1. 1. 1.
 1. 1. 1. 1. 0. 0. 0. 0. 0. 0. 0. 0. 0. 0. 0. 0. 0. 0. 0. 0. 0. 0. 0. 0.
 0. 0. 0. 0. 0. 0. 0. 0. 0. 0. 0. 0. 0. 0. 0. 0. 0. 0. 0. 0. 0. 0. 0. 0.
 0. 0. 0. 0. 0. 0. 0. 0. 0. 0. 0. 0. 0. 0. 0. 0. 0. 0. 0. 0. 0. 0. 0. 0.
 0. 0. 0. 0. 0. 0. 0. 0. 0. 0. 0. 0. 0. 0. 0. 0. 0. 0. 0. 0. 0. 0. 0. 0.
 0. 0. 0. 0. 0. 0. 0. 0.]
y_pred:  [1. 0. 0. 1. 0. 1. 0. 1. 0. 0. 1. 1. 1. 1. 1. 1. 1. 0. 1. 1. 1. 0. 0. 0.
 0. 1. 0. 0. 0. 0. 1. 1. 0. 0. 0. 1. 0. 0. 0. 1. 1. 0. 0. 0. 1. 1. 0. 1.
 1. 1. 1. 1. 1. 1. 0. 0. 1. 1. 1. 0. 1. 1. 1. 0. 1. 0. 0. 0. 0. 1. 1. 1.
 1. 1. 0. 0. 0. 1. 1. 0. 0. 0. 0. 0. 1. 0. 0. 0. 0. 0. 1. 1. 1. 1. 0. 0.
 0. 1. 1. 0. 0. 0. 0. 0. 0. 0. 0. 0. 0. 1. 1. 1. 0. 0. 0. 0. 1. 0. 0. 1.
 0. 0. 0. 0. 0. 0. 0. 0. 0. 1. 0. 0. 0. 0. 0. 0. 0. 0. 0. 1. 0. 0. 1. 0.
 0. 0. 0. 0. 1. 1. 0. 1. 0. 0. 1. 0. 1. 0. 0. 0. 0. 0. 1. 1. 0. 1. 0. 0.
 0. 0. 0. 0. 0. 0. 0. 0. 1. 0. 0. 0. 1. 0. 0. 0. 0. 1. 0. 0. 0. 0. 0. 0.
 1. 0. 0. 0. 0. 0. 0. 0.]
Time taken: 23.794615745544434 seconds
Running combination 23 of 50
Fitting RandomForest...
Fitting Adaboost...
Fitting AdaBoost_2...
Fitting et...
Fitting gbc...
Fitting gbc_2...
Fitting gbc_3...
Fitting dt...
Fitting lr...
Fitting Lasso_1...
Fitting Lasso_2...
Fitting Lasso_3...
Fitting Lasso_4...
Fitting elasticnet...
VCF file created successfully.
pyseer stderr:  Read 1000 phenotypes
Detected continuous phenotype
Reading all variants

0variants [00:00, ?variants/s]
54variants [00:00, 532.35variants/s]
108variants [00:00, 472.85variants/s]
164variants [00:00, 507.07variants/s]
198variants [00:00, 511.09variants/s]
Applying correlation filtering

  0%|          | 0/198 [00:00<?, ?variants/s]
100%|██████████| 198/198 [00:00<00:00, 2713.90variants/s]
Fitting elastic net to top 148 variants
Best penalty (lambda) from cross-validation: 2.26E+01
Best R^2 from cross-validation: 0.457
Finding and printing selected variants
198 loaded variants
50 pre-filtered variants
148 tested variants
139 printed variants

True importance standardized:  [0.2794308  0.2794308  0.2794308  0.2794308  0.2794308  0.2794308
 0.2794308  0.2794308  0.2794308  0.2794308  0.74596869 0.74596869
 0.74596869 0.74596869 0.74596869 0.74596869 0.74596869 0.74596869
 0.74596869 0.74596869 0.43610019 0.43610019 0.43610019 0.43610019
 0.43610019 0.43610019 0.43610019 0.43610019 0.43610019 0.43610019
 0.45529058 0.45529058 0.45529058 0.45529058 0.45529058 0.45529058
 0.45529058 0.45529058 0.45529058 0.45529058 0.83936253 0.83936253
 0.83936253 0.83936253 0.83936253 0.83936253 0.83936253 0.83936253
 0.83936253 0.83936253 0.19318008 0.19318008 0.19318008 0.19318008
 0.19318008 0.19318008 0.19318008 0.19318008 0.19318008 0.19318008
 0.47901623 0.47901623 0.47901623 0.47901623 0.47901623 0.47901623
 0.47901623 0.47901623 0.47901623 0.47901623 0.85440561 0.85440561
 0.85440561 0.85440561 0.85440561 0.85440561 0.85440561 0.85440561
 0.85440561 0.85440561 1.         1.         1.         1.
 1.         1.         1.         1.         1.         1.
 0.52851183 0.52851183 0.52851183 0.52851183 0.52851183 0.52851183
 0.52851183 0.52851183 0.52851183 0.52851183 0.         0.
 0.         0.         0.         0.         0.         0.
 0.         0.         0.         0.         0.         0.
 0.         0.         0.         0.         0.         0.
 0.         0.         0.         0.         0.         0.
 0.         0.         0.         0.         0.         0.
 0.         0.         0.         0.         0.         0.
 0.         0.         0.         0.         0.         0.
 0.         0.         0.         0.         0.         0.
 0.         0.         0.         0.         0.         0.
 0.         0.         0.         0.         0.         0.
 0.         0.         0.         0.         0.         0.
 0.         0.         0.         0.         0.         0.
 0.         0.         0.         0.         0.         0.
 0.         0.         0.         0.         0.         0.
 0.         0.         0.         0.         0.         0.
 0.         0.         0.         0.         0.         0.
 0.         0.        ]
Normalized importance:  [0.05045475 0.05045475 0.         0.05045475 0.05045475 0.05045475
 0.         0.         0.05045475 0.         0.5668349  0.5668349
 0.5668349  0.5668349  0.5668349  0.5668349  0.5668349  0.5668349
 0.5668349  0.5668349  0.19796967 0.19796967 0.19796967 0.19796967
 0.19796967 0.19796967 0.19796967 0.19796967 0.19796967 0.19796967
 0.08423705 0.08423705 0.08423705 0.08423705 0.08423705 0.08423705
 0.08423705 0.08423705 0.08423705 0.08423705 0.79303981 0.79303981
 0.79303981 0.79303981 0.79303981 0.79303981 0.79303981 0.79303981
 0.79303981 0.79303981 0.         0.         0.         0.
 0.         0.         0.         0.         0.         0.
 0.30262245 0.30262245 0.30262245 0.30262245 0.30262245 0.30262245
 0.30262245 0.30262245 0.30262245 0.30262245 0.49442803 0.49442803
 0.49442803 0.49442803 0.49442803 0.49442803 0.49442803 0.49442803
 0.49442803 0.49442803 1.         1.         1.         1.
 1.         1.         1.         1.         1.         1.
 0.51181971 0.51181971 0.51181971 0.51181971 0.51181971 0.51181971
 0.51181971 0.51181971 0.51181971 0.51181971 0.         0.
 0.         0.         0.         0.         0.         0.
 0.         0.         0.         0.         0.         0.03950188
 0.         0.01976158 0.         0.         0.         0.
 0.01074882 0.01745817 0.0185922  0.         0.         0.0038522
 0.         0.02252514 0.         0.         0.         0.
 0.         0.         0.         0.04009918 0.         0.
 0.0124182  0.         0.         0.         0.         0.
 0.         0.         0.         0.         0.01254321 0.
 0.         0.00766163 0.         0.         0.         0.
 0.         0.         0.03211354 0.         0.         0.
 0.00495961 0.         0.         0.0200963  0.         0.
 0.         0.         0.         0.         0.         0.
 0.         0.02483224 0.         0.00270234 0.         0.01724896
 0.         0.01583987 0.         0.         0.         0.
 0.         0.         0.         0.         0.0116007  0.
 0.         0.         0.01933644 0.02209692 0.         0.
 0.         0.        ]
deepbreaks
y_true:  [0. 0. 0. 0. 0. 0. 0. 0. 0. 0. 1. 1. 1. 1. 1. 1. 1. 1. 1. 1. 0. 0. 0. 0.
 0. 0. 0. 0. 0. 0. 0. 0. 0. 0. 0. 0. 0. 0. 0. 0. 1. 1. 1. 1. 1. 1. 1. 1.
 1. 1. 0. 0. 0. 0. 0. 0. 0. 0. 0. 0. 0. 0. 0. 0. 0. 0. 0. 0. 0. 0. 1. 1.
 1. 1. 1. 1. 1. 1. 1. 1. 1. 1. 1. 1. 1. 1. 1. 1. 1. 1. 1. 1. 1. 1. 1. 1.
 1. 1. 1. 1. 0. 0. 0. 0. 0. 0. 0. 0. 0. 0. 0. 0. 0. 0. 0. 0. 0. 0. 0. 0.
 0. 0. 0. 0. 0. 0. 0. 0. 0. 0. 0. 0. 0. 0. 0. 0. 0. 0. 0. 0. 0. 0. 0. 0.
 0. 0. 0. 0. 0. 0. 0. 0. 0. 0. 0. 0. 0. 0. 0. 0. 0. 0. 0. 0. 0. 0. 0. 0.
 0. 0. 0. 0. 0. 0. 0. 0. 0. 0. 0. 0. 0. 0. 0. 0. 0. 0. 0. 0. 0. 0. 0. 0.
 0. 0. 0. 0. 0. 0. 0. 0.]
y_pred:  [0. 0. 0. 0. 0. 0. 0. 0. 0. 0. 1. 1. 1. 1. 1. 1. 1. 1. 1. 1. 0. 0. 0. 0.
 0. 0. 0. 0. 0. 0. 0. 0. 0. 0. 0. 0. 0. 0. 0. 0. 1. 1. 1. 1. 1. 1. 1. 1.
 1. 1. 0. 0. 0. 0. 0. 0. 0. 0. 0. 0. 1. 1. 1. 1. 1. 1. 1. 1. 1. 1. 1. 1.
 1. 1. 1. 1. 1. 1. 1. 1. 1. 1. 1. 1. 1. 1. 1. 1. 1. 1. 1. 1. 1. 1. 1. 1.
 1. 1. 1. 1. 0. 0. 0. 0. 0. 0. 0. 0. 0. 0. 0. 0. 0. 0. 0. 0. 0. 0. 0. 0.
 0. 0. 0. 0. 0. 0. 0. 0. 0. 0. 0. 0. 0. 0. 0. 0. 0. 0. 0. 0. 0. 0. 0. 0.
 0. 0. 0. 0. 0. 0. 0. 0. 0. 0. 0. 0. 0. 0. 0. 0. 0. 0. 0. 0. 0. 0. 0. 0.
 0. 0. 0. 0. 0. 0. 0. 0. 0. 0. 0. 0. 0. 0. 0. 0. 0. 0. 0. 0. 0. 0. 0. 0.
 0. 0. 0. 0. 0. 0. 0. 0.]
Normalized importance:  [0.12044534 0.1659919  0.0965587  0.04109312 0.27732794 0.03927126
 0.07834008 0.15       0.13684211 0.         0.5465587  0.37651822
 0.24898785 0.32388664 0.27125506 0.36032389 0.34615385 0.37246964
 0.22469636 0.18238866 0.2854251  0.1582996  0.34412955 0.04635628
 0.16842105 0.14109312 0.         0.1805668  0.39878543 0.38663968
 0.13927126 0.11194332 0.36234818 0.2145749  0.30566802 0.19190283
 0.04493927 0.17226721 0.34412955 0.         0.59919028 0.18967611
 0.44534413 0.26720648 0.29554656 0.60121457 0.40080972 0.29352227
 0.16133603 0.32591093 0.16578947 0.16336032 0.         0.
 0.         0.11700405 0.         0.09635628 0.1417004  0.11376518
 0.29554656 0.16801619 0.16639676 0.15931174 0.15506073 0.12064777
 0.24696356 0.07408907 0.52024291 0.3340081  0.57489879 0.2388664
 0.32995951 0.30364372 0.44939271 0.         0.37854251 0.50809717
 0.19473684 0.33603239 1.         0.52024291 0.29757085 0.2854251
 0.32995951 0.24291498 0.44129555 0.45951417 0.13117409 0.29757085
 0.43522267 0.21862348 0.3805668  0.34412955 0.4534413  0.048583
 0.         0.4048583  0.19251012 0.43117409 0.03562753 0.24089069
 0.         0.         0.19149798 0.25506073 0.24696356 0.
 0.10303644 0.08076923 0.         0.         0.2388664  0.25101215
 0.15364372 0.37449393 0.06032389 0.03603239 0.         0.
 0.35425101 0.25303644 0.20850202 0.         0.         0.
 0.         0.24696356 0.         0.         0.2        0.
 0.         0.         0.         0.41700405 0.         0.
 0.01251012 0.         0.         0.         0.         0.06639676
 0.27732794 0.         0.         0.0902834  0.19838057 0.
 0.09919028 0.3340081  0.11862348 0.         0.         0.25303644
 0.         0.         0.24898785 0.29959514 0.         0.
 0.02105263 0.1534413  0.         0.20647773 0.         0.
 0.20647773 0.05587045 0.         0.         0.         0.
 0.         0.41295547 0.         0.08299595 0.         0.00815789
 0.28137652 0.15728745 0.         0.         0.         0.
 0.         0.         0.06842105 0.         0.2854251  0.07348178
 0.         0.02995951 0.2388664  0.28137652 0.14129555 0.1291498
 0.         0.        ]
pyseer
y_true:  [0. 0. 0. 0. 0. 0. 0. 0. 0. 0. 1. 1. 1. 1. 1. 1. 1. 1. 1. 1. 0. 0. 0. 0.
 0. 0. 0. 0. 0. 0. 0. 0. 0. 0. 0. 0. 0. 0. 0. 0. 1. 1. 1. 1. 1. 1. 1. 1.
 1. 1. 0. 0. 0. 0. 0. 0. 0. 0. 0. 0. 0. 0. 0. 0. 0. 0. 0. 0. 0. 0. 1. 1.
 1. 1. 1. 1. 1. 1. 1. 1. 1. 1. 1. 1. 1. 1. 1. 1. 1. 1. 1. 1. 1. 1. 1. 1.
 1. 1. 1. 1. 0. 0. 0. 0. 0. 0. 0. 0. 0. 0. 0. 0. 0. 0. 0. 0. 0. 0. 0. 0.
 0. 0. 0. 0. 0. 0. 0. 0. 0. 0. 0. 0. 0. 0. 0. 0. 0. 0. 0. 0. 0. 0. 0. 0.
 0. 0. 0. 0. 0. 0. 0. 0. 0. 0. 0. 0. 0. 0. 0. 0. 0. 0. 0. 0. 0. 0. 0. 0.
 0. 0. 0. 0. 0. 0. 0. 0. 0. 0. 0. 0. 0. 0. 0. 0. 0. 0. 0. 0. 0. 0. 0. 0.
 0. 0. 0. 0. 0. 0. 0. 0.]
y_pred:  [0. 0. 0. 0. 1. 0. 0. 0. 0. 0. 1. 1. 1. 1. 1. 1. 1. 1. 0. 0. 1. 0. 1. 0.
 0. 0. 0. 0. 1. 1. 0. 0. 1. 0. 1. 0. 0. 0. 1. 0. 1. 0. 1. 1. 1. 1. 1. 1.
 0. 1. 0. 0. 0. 0. 0. 0. 0. 0. 0. 0. 1. 0. 0. 0. 0. 0. 1. 0. 1. 1. 1. 1.
 1. 1. 1. 0. 1. 1. 0. 1. 1. 1. 1. 1. 1. 1. 1. 1. 0. 1. 1. 0. 1. 1. 1. 0.
 0. 1. 0. 1. 0. 1. 0. 0. 0. 1. 1. 0. 0. 0. 0. 0. 1. 1. 0. 1. 0. 0. 0. 0.
 1. 1. 0. 0. 0. 0. 0. 1. 0. 0. 0. 0. 0. 0. 0. 1. 0. 0. 0. 0. 0. 0. 0. 0.
 1. 0. 0. 0. 0. 0. 0. 1. 0. 0. 0. 1. 0. 0. 1. 1. 0. 0. 0. 0. 0. 0. 0. 0.
 0. 0. 0. 0. 0. 0. 0. 1. 0. 0. 0. 0. 1. 0. 0. 0. 0. 0. 0. 0. 0. 0. 1. 0.
 0. 0. 1. 1. 0. 0. 0. 0.]
Time taken: 25.26461958885193 seconds
Running combination 24 of 50
Fitting RandomForest...
Fitting Adaboost...
Fitting AdaBoost_2...
Fitting et...
Fitting gbc...
Fitting gbc_2...
Fitting gbc_3...
Fitting dt...
Fitting lr...
Fitting Lasso_1...
Fitting Lasso_2...
Fitting Lasso_3...
Fitting Lasso_4...
Fitting elasticnet...
VCF file created successfully.
pyseer stderr:  Read 1000 phenotypes
Detected continuous phenotype
Reading all variants

0variants [00:00, ?variants/s]
55variants [00:00, 541.52variants/s]
110variants [00:00, 479.61variants/s]
166variants [00:00, 511.81variants/s]
198variants [00:00, 515.86variants/s]
Applying correlation filtering

  0%|          | 0/198 [00:00<?, ?variants/s]
100%|██████████| 198/198 [00:00<00:00, 2706.02variants/s]
Fitting elastic net to top 148 variants
Best penalty (lambda) from cross-validation: 2.39E+01
Best R^2 from cross-validation: 0.535
Finding and printing selected variants
198 loaded variants
50 pre-filtered variants
148 tested variants
135 printed variants

True importance standardized:  [0.30052739 0.30052739 0.30052739 0.30052739 0.30052739 0.30052739
 0.30052739 0.30052739 0.30052739 0.30052739 0.76614249 0.76614249
 0.76614249 0.76614249 0.76614249 0.76614249 0.76614249 0.76614249
 0.76614249 0.76614249 0.29573141 0.29573141 0.29573141 0.29573141
 0.29573141 0.29573141 0.29573141 0.29573141 0.29573141 0.29573141
 0.93670198 0.93670198 0.93670198 0.93670198 0.93670198 0.93670198
 0.93670198 0.93670198 0.93670198 0.93670198 0.63504361 0.63504361
 0.63504361 0.63504361 0.63504361 0.63504361 0.63504361 0.63504361
 0.63504361 0.63504361 1.         1.         1.         1.
 1.         1.         1.         1.         1.         1.
 0.23997814 0.23997814 0.23997814 0.23997814 0.23997814 0.23997814
 0.23997814 0.23997814 0.23997814 0.23997814 0.2711599  0.2711599
 0.2711599  0.2711599  0.2711599  0.2711599  0.2711599  0.2711599
 0.2711599  0.2711599  0.3806701  0.3806701  0.3806701  0.3806701
 0.3806701  0.3806701  0.3806701  0.3806701  0.3806701  0.3806701
 0.80953673 0.80953673 0.80953673 0.80953673 0.80953673 0.80953673
 0.80953673 0.80953673 0.80953673 0.80953673 0.         0.
 0.         0.         0.         0.         0.         0.
 0.         0.         0.         0.         0.         0.
 0.         0.         0.         0.         0.         0.
 0.         0.         0.         0.         0.         0.
 0.         0.         0.         0.         0.         0.
 0.         0.         0.         0.         0.         0.
 0.         0.         0.         0.         0.         0.
 0.         0.         0.         0.         0.         0.
 0.         0.         0.         0.         0.         0.
 0.         0.         0.         0.         0.         0.
 0.         0.         0.         0.         0.         0.
 0.         0.         0.         0.         0.         0.
 0.         0.         0.         0.         0.         0.
 0.         0.         0.         0.         0.         0.
 0.         0.         0.         0.         0.         0.
 0.         0.         0.         0.         0.         0.
 0.         0.        ]
Normalized importance:  [0.0559664  0.0559664  0.0559664  0.0559664  0.0559664  0.0559664
 0.0559664  0.0559664  0.0559664  0.0559664  0.50793479 0.50793479
 0.50793479 0.50793479 0.50793479 0.50793479 0.50793479 0.50793479
 0.50793479 0.50793479 0.07786057 0.07786057 0.07786057 0.07786057
 0.07786057 0.07786057 0.07786057 0.07786057 0.07786057 0.07786057
 1.         1.         1.         1.         1.         1.
 1.         1.         1.         1.         0.399016   0.399016
 0.399016   0.399016   0.399016   0.399016   0.399016   0.399016
 0.399016   0.399016   0.85449261 0.85449261 0.85449261 0.85449261
 0.85449261 0.85449261 0.85449261 0.85449261 0.85449261 0.85449261
 0.03574048 0.         0.         0.         0.         0.
 0.         0.03574048 0.         0.03574048 0.12088545 0.12088545
 0.12088545 0.12088545 0.12088545 0.12088545 0.12088545 0.12088545
 0.12088545 0.12088545 0.09839588 0.09839588 0.09839588 0.09839588
 0.09839588 0.09839588 0.09839588 0.09839588 0.09839588 0.
 0.8118854  0.8118854  0.8118854  0.8118854  0.8118854  0.8118854
 0.8118854  0.8118854  0.8118854  0.8118854  0.         0.
 0.         0.         0.         0.         0.         0.
 0.         0.         0.         0.         0.         0.
 0.         0.         0.01262858 0.         0.         0.
 0.         0.         0.         0.         0.         0.
 0.         0.         0.         0.         0.02480118 0.
 0.         0.07986968 0.         0.         0.         0.
 0.         0.         0.         0.02603847 0.         0.
 0.         0.         0.         0.         0.         0.
 0.         0.         0.         0.         0.         0.
 0.         0.         0.         0.         0.         0.0289266
 0.         0.         0.         0.         0.01337457 0.
 0.         0.         0.         0.01828606 0.         0.
 0.01036118 0.         0.         0.         0.         0.
 0.02167493 0.         0.         0.         0.         0.
 0.         0.         0.         0.         0.         0.
 0.         0.         0.         0.         0.0068321  0.
 0.         0.        ]
deepbreaks
y_true:  [0. 0. 0. 0. 0. 0. 0. 0. 0. 0. 1. 1. 1. 1. 1. 1. 1. 1. 1. 1. 0. 0. 0. 0.
 0. 0. 0. 0. 0. 0. 1. 1. 1. 1. 1. 1. 1. 1. 1. 1. 1. 1. 1. 1. 1. 1. 1. 1.
 1. 1. 1. 1. 1. 1. 1. 1. 1. 1. 1. 1. 0. 0. 0. 0. 0. 0. 0. 0. 0. 0. 0. 0.
 0. 0. 0. 0. 0. 0. 0. 0. 0. 0. 0. 0. 0. 0. 0. 0. 0. 0. 1. 1. 1. 1. 1. 1.
 1. 1. 1. 1. 0. 0. 0. 0. 0. 0. 0. 0. 0. 0. 0. 0. 0. 0. 0. 0. 0. 0. 0. 0.
 0. 0. 0. 0. 0. 0. 0. 0. 0. 0. 0. 0. 0. 0. 0. 0. 0. 0. 0. 0. 0. 0. 0. 0.
 0. 0. 0. 0. 0. 0. 0. 0. 0. 0. 0. 0. 0. 0. 0. 0. 0. 0. 0. 0. 0. 0. 0. 0.
 0. 0. 0. 0. 0. 0. 0. 0. 0. 0. 0. 0. 0. 0. 0. 0. 0. 0. 0. 0. 0. 0. 0. 0.
 0. 0. 0. 0. 0. 0. 0. 0.]
y_pred:  [0. 0. 0. 0. 0. 0. 0. 0. 0. 0. 1. 1. 1. 1. 1. 1. 1. 1. 1. 1. 0. 0. 0. 0.
 0. 0. 0. 0. 0. 0. 1. 1. 1. 1. 1. 1. 1. 1. 1. 1. 1. 1. 1. 1. 1. 1. 1. 1.
 1. 1. 1. 1. 1. 1. 1. 1. 1. 1. 1. 1. 0. 0. 0. 0. 0. 0. 0. 0. 0. 0. 1. 1.
 1. 1. 1. 1. 1. 1. 1. 1. 0. 0. 0. 0. 0. 0. 0. 0. 0. 0. 1. 1. 1. 1. 1. 1.
 1. 1. 1. 1. 0. 0. 0. 0. 0. 0. 0. 0. 0. 0. 0. 0. 0. 0. 0. 0. 0. 0. 0. 0.
 0. 0. 0. 0. 0. 0. 0. 0. 0. 0. 0. 0. 0. 0. 0. 0. 0. 0. 0. 0. 0. 0. 0. 0.
 0. 0. 0. 0. 0. 0. 0. 0. 0. 0. 0. 0. 0. 0. 0. 0. 0. 0. 0. 0. 0. 0. 0. 0.
 0. 0. 0. 0. 0. 0. 0. 0. 0. 0. 0. 0. 0. 0. 0. 0. 0. 0. 0. 0. 0. 0. 0. 0.
 0. 0. 0. 0. 0. 0. 0. 0.]
Normalized importance:  [1.41260163e-01 2.27642276e-01 1.54065041e-01 1.50406504e-01
 0.00000000e+00 9.04471545e-02 2.76422764e-01 1.31097561e-01
 4.36991870e-01 2.70325203e-01 7.58130081e-01 5.04065041e-01
 4.91869919e-01 2.72357724e-01 3.23170732e-01 2.70325203e-01
 4.75609756e-01 2.21544715e-01 5.46747967e-01 4.51219512e-01
 3.29268293e-01 2.54065041e-01 1.01422764e-01 1.20528455e-01
 7.11382114e-02 5.28455285e-01 1.30284553e-01 1.98983740e-04
 2.05284553e-01 8.63821138e-02 8.25203252e-01 6.86991870e-01
 6.84959350e-01 3.33333333e-01 3.41463415e-01 6.09756098e-01
 6.42276423e-01 3.49593496e-01 9.24796748e-01 4.26829268e-01
 7.11382114e-01 3.08943089e-01 2.09349593e-01 3.27235772e-01
 9.26829268e-02 1.24390244e-01 3.65853659e-01 5.36585366e-01
 0.00000000e+00 7.11382114e-01 9.65447154e-01 6.89024390e-01
 4.20731707e-01 2.29674797e-01 8.78048780e-01 6.84959350e-01
 7.70325203e-01 2.70325203e-01 3.45528455e-01 3.88211382e-01
 2.56097561e-01 6.42276423e-02 2.09349593e-01 9.22764228e-02
 0.00000000e+00 1.02845528e-02 0.00000000e+00 2.90650407e-01
 1.66666667e-01 3.13008130e-01 3.25203252e-01 2.13414634e-01
 8.27235772e-02 1.21341463e-01 1.57723577e-01 2.94715447e-01
 3.55691057e-01 3.06910569e-01 8.80081301e-02 8.88211382e-02
 3.51626016e-01 4.12601626e-01 5.44715447e-01 0.00000000e+00
 0.00000000e+00 2.35772358e-01 0.00000000e+00 3.80081301e-01
 0.00000000e+00 1.67276423e-01 7.76422764e-01 1.00609756e-01
 3.94308943e-01 7.72357724e-01 6.86991870e-01 4.55284553e-01
 2.78455285e-01 2.54065041e-01 1.00000000e+00 1.71544715e-01
 2.21544715e-01 0.00000000e+00 0.00000000e+00 7.31707317e-02
 0.00000000e+00 6.74796748e-02 0.00000000e+00 0.00000000e+00
 0.00000000e+00 2.29674797e-01 6.99186992e-02 2.07317073e-01
 0.00000000e+00 0.00000000e+00 9.93902439e-02 0.00000000e+00
 1.26219512e-01 0.00000000e+00 0.00000000e+00 0.00000000e+00
 3.25203252e-01 2.88617886e-01 1.57723577e-01 0.00000000e+00
 0.00000000e+00 0.00000000e+00 0.00000000e+00 3.65853659e-01
 1.66869919e-01 0.00000000e+00 5.08130081e-01 0.00000000e+00
 0.00000000e+00 5.87398374e-01 3.37398374e-02 0.00000000e+00
 1.78048780e-01 0.00000000e+00 0.00000000e+00 0.00000000e+00
 0.00000000e+00 0.00000000e+00 2.80487805e-02 0.00000000e+00
 0.00000000e+00 1.55691057e-01 0.00000000e+00 0.00000000e+00
 0.00000000e+00 0.00000000e+00 0.00000000e+00 0.00000000e+00
 0.00000000e+00 2.78455285e-01 0.00000000e+00 0.00000000e+00
 7.80487805e-02 1.14837398e-01 0.00000000e+00 1.68495935e-01
 2.50000000e-01 2.02439024e-01 1.41056911e-02 2.47967480e-01
 8.80081301e-02 0.00000000e+00 2.92682927e-01 1.89634146e-01
 0.00000000e+00 0.00000000e+00 2.01219512e-01 0.00000000e+00
 0.00000000e+00 0.00000000e+00 3.43495935e-01 0.00000000e+00
 2.66260163e-01 0.00000000e+00 0.00000000e+00 0.00000000e+00
 5.58943089e-02 1.64430894e-01 0.00000000e+00 4.77642276e-02
 0.00000000e+00 0.00000000e+00 1.96341463e-01 6.19918699e-02
 0.00000000e+00 0.00000000e+00 5.50813008e-02 0.00000000e+00
 2.19512195e-01 5.77235772e-02 0.00000000e+00 0.00000000e+00
 1.36788618e-01 7.96747967e-02 0.00000000e+00 0.00000000e+00]
pyseer
y_true:  [0. 0. 0. 0. 0. 0. 0. 0. 0. 0. 1. 1. 1. 1. 1. 1. 1. 1. 1. 1. 0. 0. 0. 0.
 0. 0. 0. 0. 0. 0. 1. 1. 1. 1. 1. 1. 1. 1. 1. 1. 1. 1. 1. 1. 1. 1. 1. 1.
 1. 1. 1. 1. 1. 1. 1. 1. 1. 1. 1. 1. 0. 0. 0. 0. 0. 0. 0. 0. 0. 0. 0. 0.
 0. 0. 0. 0. 0. 0. 0. 0. 0. 0. 0. 0. 0. 0. 0. 0. 0. 0. 1. 1. 1. 1. 1. 1.
 1. 1. 1. 1. 0. 0. 0. 0. 0. 0. 0. 0. 0. 0. 0. 0. 0. 0. 0. 0. 0. 0. 0. 0.
 0. 0. 0. 0. 0. 0. 0. 0. 0. 0. 0. 0. 0. 0. 0. 0. 0. 0. 0. 0. 0. 0. 0. 0.
 0. 0. 0. 0. 0. 0. 0. 0. 0. 0. 0. 0. 0. 0. 0. 0. 0. 0. 0. 0. 0. 0. 0. 0.
 0. 0. 0. 0. 0. 0. 0. 0. 0. 0. 0. 0. 0. 0. 0. 0. 0. 0. 0. 0. 0. 0. 0. 0.
 0. 0. 0. 0. 0. 0. 0. 0.]
y_pred:  [0. 0. 0. 0. 0. 0. 1. 0. 1. 1. 1. 1. 1. 1. 1. 1. 1. 0. 1. 1. 1. 1. 0. 0.
 0. 1. 0. 0. 0. 0. 1. 1. 1. 1. 1. 1. 1. 1. 1. 1. 1. 1. 0. 1. 0. 0. 1. 1.
 0. 1. 1. 1. 1. 0. 1. 1. 1. 1. 1. 1. 1. 0. 0. 0. 0. 0. 0. 1. 0. 1. 1. 0.
 0. 0. 0. 1. 1. 1. 0. 0. 1. 1. 1. 0. 0. 0. 0. 1. 0. 0. 1. 0. 1. 1. 1. 1.
 1. 1. 1. 0. 0. 0. 0. 0. 0. 0. 0. 0. 0. 0. 0. 0. 0. 0. 0. 0. 0. 0. 0. 0.
 1. 1. 0. 0. 0. 0. 0. 1. 0. 0. 1. 0. 0. 1. 0. 0. 0. 0. 0. 0. 0. 0. 0. 0.
 0. 0. 0. 0. 0. 0. 0. 0. 0. 1. 0. 0. 0. 0. 0. 0. 0. 0. 0. 0. 0. 0. 1. 0.
 0. 0. 0. 0. 0. 0. 1. 0. 1. 0. 0. 0. 0. 0. 0. 0. 0. 0. 0. 0. 0. 0. 0. 0.
 0. 0. 0. 0. 0. 0. 0. 0.]
Time taken: 23.863284826278687 seconds
Running combination 25 of 50
Fitting RandomForest...
Fitting Adaboost...
Fitting AdaBoost_2...
Fitting et...
Fitting gbc...
Fitting gbc_2...
Fitting gbc_3...
Fitting dt...
Fitting lr...
Fitting Lasso_1...
Fitting Lasso_2...
Fitting Lasso_3...
Fitting Lasso_4...
Fitting elasticnet...
VCF file created successfully.
pyseer stderr:  Read 1000 phenotypes
Detected continuous phenotype
Reading all variants

0variants [00:00, ?variants/s]
50variants [00:00, 494.66variants/s]
100variants [00:00, 434.58variants/s]
151variants [00:00, 465.96variants/s]
198variants [00:00, 474.81variants/s]
Applying correlation filtering

  0%|          | 0/198 [00:00<?, ?variants/s]
100%|██████████| 198/198 [00:00<00:00, 2507.89variants/s]
Fitting elastic net to top 148 variants
Best penalty (lambda) from cross-validation: 9.11E+00
Best R^2 from cross-validation: 0.565
Finding and printing selected variants
198 loaded variants
50 pre-filtered variants
148 tested variants
141 printed variants

True importance standardized:  [0.39625838 0.39625838 0.39625838 0.39625838 0.39625838 0.39625838
 0.39625838 0.39625838 0.39625838 0.39625838 0.55171297 0.55171297
 0.55171297 0.55171297 0.55171297 0.55171297 0.55171297 0.55171297
 0.55171297 0.55171297 0.7531911  0.7531911  0.7531911  0.7531911
 0.7531911  0.7531911  0.7531911  0.7531911  0.7531911  0.7531911
 0.9917426  0.9917426  0.9917426  0.9917426  0.9917426  0.9917426
 0.9917426  0.9917426  0.9917426  0.9917426  0.63670197 0.63670197
 0.63670197 0.63670197 0.63670197 0.63670197 0.63670197 0.63670197
 0.63670197 0.63670197 0.14953551 0.14953551 0.14953551 0.14953551
 0.14953551 0.14953551 0.14953551 0.14953551 0.14953551 0.14953551
 1.         1.         1.         1.         1.         1.
 1.         1.         1.         1.         0.3253925  0.3253925
 0.3253925  0.3253925  0.3253925  0.3253925  0.3253925  0.3253925
 0.3253925  0.3253925  0.19350921 0.19350921 0.19350921 0.19350921
 0.19350921 0.19350921 0.19350921 0.19350921 0.19350921 0.19350921
 0.89069701 0.89069701 0.89069701 0.89069701 0.89069701 0.89069701
 0.89069701 0.89069701 0.89069701 0.89069701 0.         0.
 0.         0.         0.         0.         0.         0.
 0.         0.         0.         0.         0.         0.
 0.         0.         0.         0.         0.         0.
 0.         0.         0.         0.         0.         0.
 0.         0.         0.         0.         0.         0.
 0.         0.         0.         0.         0.         0.
 0.         0.         0.         0.         0.         0.
 0.         0.         0.         0.         0.         0.
 0.         0.         0.         0.         0.         0.
 0.         0.         0.         0.         0.         0.
 0.         0.         0.         0.         0.         0.
 0.         0.         0.         0.         0.         0.
 0.         0.         0.         0.         0.         0.
 0.         0.         0.         0.         0.         0.
 0.         0.         0.         0.         0.         0.
 0.         0.         0.         0.         0.         0.
 0.         0.        ]
Normalized importance:  [0.18055982 0.18055982 0.18055982 0.18055982 0.18055982 0.18055982
 0.18055982 0.18055982 0.18055982 0.18055982 0.46041694 0.46041694
 0.46041694 0.46041694 0.46041694 0.46041694 0.46041694 0.46041694
 0.46041694 0.46041694 0.5381678  0.5381678  0.5381678  0.5381678
 0.5381678  0.5381678  0.5381678  0.5381678  0.5381678  0.5381678
 0.9821287  0.9821287  0.9821287  0.9821287  0.9821287  0.9821287
 0.9821287  0.9821287  0.9821287  0.9821287  0.49191529 0.49191529
 0.49191529 0.49191529 0.49191529 0.49191529 0.49191529 0.49191529
 0.49191529 0.49191529 0.         0.         0.         0.
 0.         0.         0.         0.         0.         0.
 1.         1.         1.         1.         1.         1.
 1.         1.         1.         1.         0.07977195 0.
 0.         0.07977195 0.07977195 0.07977195 0.07977195 0.
 0.         0.         0.04668635 0.         0.04668635 0.04668635
 0.04668635 0.         0.04668635 0.04668635 0.04668635 0.04668635
 0.89140967 0.89140967 0.89140967 0.89140967 0.89140967 0.89140967
 0.89140967 0.89140967 0.89140967 0.89140967 0.         0.
 0.03036753 0.         0.         0.         0.05922295 0.
 0.         0.03122107 0.         0.         0.         0.
 0.         0.         0.         0.         0.         0.01787317
 0.         0.         0.         0.         0.         0.
 0.         0.         0.         0.         0.         0.
 0.         0.         0.         0.0428227  0.         0.
 0.03499048 0.         0.         0.         0.         0.01496561
 0.         0.         0.         0.         0.         0.
 0.         0.         0.         0.         0.         0.
 0.         0.         0.         0.         0.         0.
 0.         0.         0.         0.         0.         0.
 0.         0.         0.         0.         0.         0.
 0.         0.         0.         0.         0.         0.
 0.01440791 0.         0.         0.         0.05610336 0.
 0.         0.         0.         0.         0.         0.
 0.         0.02633713 0.         0.         0.         0.
 0.         0.        ]
deepbreaks
y_true:  [0. 0. 0. 0. 0. 0. 0. 0. 0. 0. 0. 0. 0. 0. 0. 0. 0. 0. 0. 0. 1. 1. 1. 1.
 1. 1. 1. 1. 1. 1. 1. 1. 1. 1. 1. 1. 1. 1. 1. 1. 1. 1. 1. 1. 1. 1. 1. 1.
 1. 1. 0. 0. 0. 0. 0. 0. 0. 0. 0. 0. 1. 1. 1. 1. 1. 1. 1. 1. 1. 1. 0. 0.
 0. 0. 0. 0. 0. 0. 0. 0. 0. 0. 0. 0. 0. 0. 0. 0. 0. 0. 1. 1. 1. 1. 1. 1.
 1. 1. 1. 1. 0. 0. 0. 0. 0. 0. 0. 0. 0. 0. 0. 0. 0. 0. 0. 0. 0. 0. 0. 0.
 0. 0. 0. 0. 0. 0. 0. 0. 0. 0. 0. 0. 0. 0. 0. 0. 0. 0. 0. 0. 0. 0. 0. 0.
 0. 0. 0. 0. 0. 0. 0. 0. 0. 0. 0. 0. 0. 0. 0. 0. 0. 0. 0. 0. 0. 0. 0. 0.
 0. 0. 0. 0. 0. 0. 0. 0. 0. 0. 0. 0. 0. 0. 0. 0. 0. 0. 0. 0. 0. 0. 0. 0.
 0. 0. 0. 0. 0. 0. 0. 0.]
y_pred:  [0. 0. 0. 0. 0. 0. 0. 0. 0. 0. 0. 0. 0. 0. 0. 0. 0. 0. 0. 0. 1. 1. 1. 1.
 1. 1. 1. 1. 1. 1. 1. 1. 1. 1. 1. 1. 1. 1. 1. 1. 1. 1. 1. 1. 1. 1. 1. 1.
 1. 1. 0. 0. 0. 0. 0. 0. 0. 0. 0. 0. 1. 1. 1. 1. 1. 1. 1. 1. 1. 1. 0. 0.
 0. 0. 0. 0. 0. 0. 0. 0. 0. 0. 0. 0. 0. 0. 0. 0. 0. 0. 1. 1. 1. 1. 1. 1.
 1. 1. 1. 1. 0. 0. 0. 0. 0. 0. 0. 0. 0. 0. 0. 0. 0. 0. 0. 0. 0. 0. 0. 0.
 0. 0. 0. 0. 0. 0. 0. 0. 0. 0. 0. 0. 0. 0. 0. 0. 0. 0. 0. 0. 0. 0. 0. 0.
 0. 0. 0. 0. 0. 0. 0. 0. 0. 0. 0. 0. 0. 0. 0. 0. 0. 0. 0. 0. 0. 0. 0. 0.
 0. 0. 0. 0. 0. 0. 0. 0. 0. 0. 0. 0. 0. 0. 0. 0. 0. 0. 0. 0. 0. 0. 0. 0.
 0. 0. 0. 0. 0. 0. 0. 0.]
Normalized importance:  [3.75663717e-01 1.93805310e-01 2.26548673e-02 1.85840708e-01
 7.65486726e-02 3.09734513e-01 3.08407080e-01 3.61946903e-01
 2.27876106e-01 0.00000000e+00 6.59292035e-01 4.77876106e-01
 2.54424779e-01 4.46902655e-01 2.80088496e-01 3.40707965e-01
 3.83628319e-01 1.04867257e-01 2.60619469e-01 2.71681416e-01
 4.34955752e-01 2.36725664e-01 6.06194690e-01 5.04424779e-01
 2.86725664e-01 3.00000000e-01 2.81415929e-01 3.18141593e-01
 5.04424779e-01 2.63274336e-01 8.31858407e-01 3.40707965e-01
 5.75221239e-01 5.04424779e-01 5.57522124e-01 4.21681416e-01
 6.37168142e-01 3.47345133e-01 3.84955752e-01 3.61504425e-01
 4.77876106e-01 1.63716814e-01 5.13274336e-01 4.42477876e-01
 2.23893805e-01 2.84070796e-01 4.36283186e-01 2.94247788e-01
 6.32743363e-02 1.84070796e-01 6.76991150e-02 1.91592920e-02
 1.19469027e-02 1.36725664e-01 0.00000000e+00 2.45132743e-01
 0.00000000e+00 1.87168142e-01 0.00000000e+00 0.00000000e+00
 8.98230088e-01 2.21238938e-01 6.19469027e-01 3.16371681e-01
 5.35398230e-01 3.28761062e-01 1.45575221e-01 5.70796460e-01
 1.00000000e+00 6.81415929e-01 2.49557522e-01 1.46902655e-02
 6.90265487e-03 1.65486726e-01 2.99115044e-01 2.58849558e-01
 1.93805310e-01 0.00000000e+00 0.00000000e+00 1.31415929e-01
 1.92477876e-01 0.00000000e+00 1.86283186e-01 2.53539823e-01
 0.00000000e+00 0.00000000e+00 1.16814159e-01 1.65486726e-02
 2.33628319e-01 2.35840708e-01 8.40707965e-01 3.69911504e-01
 3.63716814e-01 6.41592920e-01 3.11946903e-01 2.04424779e-01
 3.53982301e-01 2.32743363e-01 5.35398230e-01 4.60176991e-01
 3.00884956e-01 2.00000000e-03 2.92477876e-01 0.00000000e+00
 0.00000000e+00 2.38938053e-01 3.87168142e-01 1.65929204e-01
 3.26106195e-01 2.82300885e-01 0.00000000e+00 0.00000000e+00
 0.00000000e+00 1.04867257e-02 2.01769912e-01 2.57522124e-01
 0.00000000e+00 0.00000000e+00 0.00000000e+00 1.92477876e-01
 1.23008850e-02 9.86725664e-02 0.00000000e+00 0.00000000e+00
 5.13274336e-02 0.00000000e+00 2.04424779e-01 0.00000000e+00
 0.00000000e+00 0.00000000e+00 0.00000000e+00 2.54867257e-01
 0.00000000e+00 3.03539823e-01 1.45575221e-01 2.54867257e-01
 0.00000000e+00 1.55309735e-01 3.22123894e-01 0.00000000e+00
 0.00000000e+00 0.00000000e+00 2.79203540e-03 1.25221239e-01
 7.69911504e-02 0.00000000e+00 0.00000000e+00 0.00000000e+00
 0.00000000e+00 1.02212389e-02 2.20353982e-02 0.00000000e+00
 1.55752212e-01 3.50884956e-02 0.00000000e+00 1.36283186e-02
 0.00000000e+00 0.00000000e+00 2.90265487e-01 1.75221239e-01
 3.14601770e-01 2.03097345e-01 3.31858407e-02 1.64601770e-01
 0.00000000e+00 5.66371681e-04 0.00000000e+00 0.00000000e+00
 7.78761062e-02 5.39823009e-02 2.02212389e-01 1.00000000e-01
 0.00000000e+00 0.00000000e+00 0.00000000e+00 0.00000000e+00
 0.00000000e+00 1.56637168e-01 7.96460177e-02 0.00000000e+00
 1.97787611e-01 0.00000000e+00 0.00000000e+00 0.00000000e+00
 3.17699115e-01 0.00000000e+00 4.51327434e-02 0.00000000e+00
 0.00000000e+00 2.74336283e-01 3.86283186e-02 0.00000000e+00
 0.00000000e+00 1.25663717e-01 2.70353982e-01 0.00000000e+00
 3.43362832e-01 0.00000000e+00 0.00000000e+00 0.00000000e+00]
pyseer
y_true:  [0. 0. 0. 0. 0. 0. 0. 0. 0. 0. 0. 0. 0. 0. 0. 0. 0. 0. 0. 0. 1. 1. 1. 1.
 1. 1. 1. 1. 1. 1. 1. 1. 1. 1. 1. 1. 1. 1. 1. 1. 1. 1. 1. 1. 1. 1. 1. 1.
 1. 1. 0. 0. 0. 0. 0. 0. 0. 0. 0. 0. 1. 1. 1. 1. 1. 1. 1. 1. 1. 1. 0. 0.
 0. 0. 0. 0. 0. 0. 0. 0. 0. 0. 0. 0. 0. 0. 0. 0. 0. 0. 1. 1. 1. 1. 1. 1.
 1. 1. 1. 1. 0. 0. 0. 0. 0. 0. 0. 0. 0. 0. 0. 0. 0. 0. 0. 0. 0. 0. 0. 0.
 0. 0. 0. 0. 0. 0. 0. 0. 0. 0. 0. 0. 0. 0. 0. 0. 0. 0. 0. 0. 0. 0. 0. 0.
 0. 0. 0. 0. 0. 0. 0. 0. 0. 0. 0. 0. 0. 0. 0. 0. 0. 0. 0. 0. 0. 0. 0. 0.
 0. 0. 0. 0. 0. 0. 0. 0. 0. 0. 0. 0. 0. 0. 0. 0. 0. 0. 0. 0. 0. 0. 0. 0.
 0. 0. 0. 0. 0. 0. 0. 0.]
y_pred:  [1. 0. 0. 0. 0. 1. 1. 1. 0. 0. 1. 1. 0. 1. 1. 1. 1. 0. 1. 1. 1. 0. 1. 1.
 1. 1. 1. 1. 1. 1. 1. 1. 1. 1. 1. 1. 1. 1. 1. 1. 1. 0. 1. 1. 0. 1. 1. 1.
 0. 0. 0. 0. 0. 0. 0. 0. 0. 0. 0. 0. 1. 0. 1. 1. 1. 1. 0. 1. 1. 1. 0. 0.
 0. 0. 1. 1. 0. 0. 0. 0. 0. 0. 0. 0. 0. 0. 0. 0. 0. 0. 1. 1. 1. 1. 1. 0.
 1. 0. 1. 1. 1. 0. 1. 0. 0. 0. 1. 0. 1. 1. 0. 0. 0. 0. 0. 1. 0. 0. 0. 0.
 0. 0. 0. 0. 0. 0. 0. 0. 0. 0. 0. 1. 0. 1. 0. 1. 0. 0. 1. 0. 0. 0. 0. 0.
 0. 0. 0. 0. 0. 0. 0. 0. 0. 0. 0. 0. 0. 0. 1. 0. 1. 0. 0. 0. 0. 0. 0. 0.
 0. 0. 0. 0. 0. 0. 0. 0. 0. 0. 0. 0. 0. 0. 0. 0. 1. 0. 0. 0. 0. 1. 0. 0.
 0. 0. 1. 0. 1. 0. 0. 0.]
Time taken: 24.41476798057556 seconds
Running combination 26 of 50
Fitting RandomForest...
Fitting Adaboost...
Fitting AdaBoost_2...
Fitting et...
Fitting gbc...
Fitting gbc_2...
Fitting gbc_3...
Fitting dt...
Fitting lr...
Fitting Lasso_1...
Fitting Lasso_2...
Fitting Lasso_3...
Fitting Lasso_4...
Fitting elasticnet...
VCF file created successfully.
pyseer stderr:  Read 1000 phenotypes
Detected continuous phenotype
Reading all variants

0variants [00:00, ?variants/s]
53variants [00:00, 529.68variants/s]
106variants [00:00, 469.08variants/s]
161variants [00:00, 503.23variants/s]
198variants [00:00, 509.24variants/s]
Applying correlation filtering

  0%|          | 0/198 [00:00<?, ?variants/s]
100%|██████████| 198/198 [00:00<00:00, 2711.82variants/s]
Fitting elastic net to top 148 variants
Best penalty (lambda) from cross-validation: 8.73E+00
Best R^2 from cross-validation: 0.544
Finding and printing selected variants
198 loaded variants
50 pre-filtered variants
148 tested variants
135 printed variants

True importance standardized:  [0.61757864 0.61757864 0.61757864 0.61757864 0.61757864 0.61757864
 0.61757864 0.61757864 0.61757864 0.61757864 0.1409494  0.1409494
 0.1409494  0.1409494  0.1409494  0.1409494  0.1409494  0.1409494
 0.1409494  0.1409494  0.89788768 0.89788768 0.89788768 0.89788768
 0.89788768 0.89788768 0.89788768 0.89788768 0.89788768 0.89788768
 0.17317677 0.17317677 0.17317677 0.17317677 0.17317677 0.17317677
 0.17317677 0.17317677 0.17317677 0.17317677 0.45369219 0.45369219
 0.45369219 0.45369219 0.45369219 0.45369219 0.45369219 0.45369219
 0.45369219 0.45369219 0.87034055 0.87034055 0.87034055 0.87034055
 0.87034055 0.87034055 0.87034055 0.87034055 0.87034055 0.87034055
 0.29417194 0.29417194 0.29417194 0.29417194 0.29417194 0.29417194
 0.29417194 0.29417194 0.29417194 0.29417194 0.93703176 0.93703176
 0.93703176 0.93703176 0.93703176 0.93703176 0.93703176 0.93703176
 0.93703176 0.93703176 0.24986227 0.24986227 0.24986227 0.24986227
 0.24986227 0.24986227 0.24986227 0.24986227 0.24986227 0.24986227
 1.         1.         1.         1.         1.         1.
 1.         1.         1.         1.         0.         0.
 0.         0.         0.         0.         0.         0.
 0.         0.         0.         0.         0.         0.
 0.         0.         0.         0.         0.         0.
 0.         0.         0.         0.         0.         0.
 0.         0.         0.         0.         0.         0.
 0.         0.         0.         0.         0.         0.
 0.         0.         0.         0.         0.         0.
 0.         0.         0.         0.         0.         0.
 0.         0.         0.         0.         0.         0.
 0.         0.         0.         0.         0.         0.
 0.         0.         0.         0.         0.         0.
 0.         0.         0.         0.         0.         0.
 0.         0.         0.         0.         0.         0.
 0.         0.         0.         0.         0.         0.
 0.         0.         0.         0.         0.         0.
 0.         0.         0.         0.         0.         0.
 0.         0.        ]
Normalized importance:  [0.31568814 0.31568814 0.31568814 0.31568814 0.31568814 0.31568814
 0.31568814 0.31568814 0.31568814 0.31568814 0.         0.
 0.00599005 0.         0.02252943 0.         0.         0.
 0.         0.02985034 1.         1.         1.         1.
 1.         1.         1.         1.         1.         1.
 0.         0.         0.         0.0290594  0.0260447  0.
 0.         0.         0.         0.         0.29629134 0.29629134
 0.29629134 0.29629134 0.29629134 0.29629134 0.29629134 0.29629134
 0.29629134 0.29629134 0.83185472 0.83185472 0.83185472 0.83185472
 0.83185472 0.83185472 0.83185472 0.83185472 0.83185472 0.83185472
 0.06758586 0.         0.         0.06758586 0.         0.
 0.         0.06758586 0.06758586 0.         0.85884309 0.85884309
 0.85884309 0.85884309 0.85884309 0.85884309 0.85884309 0.85884309
 0.85884309 0.85884309 0.04725183 0.         0.04725183 0.04725183
 0.         0.04725183 0.04725183 0.04725183 0.04725183 0.04725183
 0.84444701 0.84444701 0.84444701 0.84444701 0.84444701 0.84444701
 0.84444701 0.84444701 0.84444701 0.84444701 0.         0.
 0.04064052 0.         0.         0.         0.         0.
 0.03330532 0.         0.         0.         0.         0.
 0.         0.         0.         0.         0.         0.
 0.         0.         0.         0.         0.         0.00739999
 0.0458201  0.         0.         0.         0.         0.
 0.         0.         0.         0.         0.         0.
 0.         0.         0.         0.         0.         0.
 0.         0.         0.         0.         0.         0.
 0.02122854 0.         0.         0.         0.         0.
 0.         0.         0.         0.         0.         0.
 0.         0.         0.         0.         0.         0.
 0.01892293 0.         0.         0.         0.         0.04648588
 0.         0.         0.         0.         0.         0.
 0.         0.         0.         0.         0.         0.
 0.         0.         0.         0.         0.         0.
 0.01743175 0.         0.         0.         0.         0.
 0.         0.        ]
deepbreaks
y_true:  [1. 1. 1. 1. 1. 1. 1. 1. 1. 1. 0. 0. 0. 0. 0. 0. 0. 0. 0. 0. 1. 1. 1. 1.
 1. 1. 1. 1. 1. 1. 0. 0. 0. 0. 0. 0. 0. 0. 0. 0. 0. 0. 0. 0. 0. 0. 0. 0.
 0. 0. 1. 1. 1. 1. 1. 1. 1. 1. 1. 1. 0. 0. 0. 0. 0. 0. 0. 0. 0. 0. 1. 1.
 1. 1. 1. 1. 1. 1. 1. 1. 0. 0. 0. 0. 0. 0. 0. 0. 0. 0. 1. 1. 1. 1. 1. 1.
 1. 1. 1. 1. 0. 0. 0. 0. 0. 0. 0. 0. 0. 0. 0. 0. 0. 0. 0. 0. 0. 0. 0. 0.
 0. 0. 0. 0. 0. 0. 0. 0. 0. 0. 0. 0. 0. 0. 0. 0. 0. 0. 0. 0. 0. 0. 0. 0.
 0. 0. 0. 0. 0. 0. 0. 0. 0. 0. 0. 0. 0. 0. 0. 0. 0. 0. 0. 0. 0. 0. 0. 0.
 0. 0. 0. 0. 0. 0. 0. 0. 0. 0. 0. 0. 0. 0. 0. 0. 0. 0. 0. 0. 0. 0. 0. 0.
 0. 0. 0. 0. 0. 0. 0. 0.]
y_pred:  [1. 1. 1. 1. 1. 1. 1. 1. 1. 1. 0. 0. 0. 0. 0. 0. 0. 0. 0. 0. 1. 1. 1. 1.
 1. 1. 1. 1. 1. 1. 0. 0. 0. 0. 0. 0. 0. 0. 0. 0. 0. 0. 0. 0. 0. 0. 0. 0.
 0. 0. 1. 1. 1. 1. 1. 1. 1. 1. 1. 1. 0. 0. 0. 0. 0. 0. 0. 0. 0. 0. 1. 1.
 1. 1. 1. 1. 1. 1. 1. 1. 0. 0. 0. 0. 0. 0. 0. 0. 0. 0. 1. 1. 1. 1. 1. 1.
 1. 1. 1. 1. 0. 0. 0. 0. 0. 0. 0. 0. 0. 0. 0. 0. 0. 0. 0. 0. 0. 0. 0. 0.
 0. 0. 0. 0. 0. 0. 0. 0. 0. 0. 0. 0. 0. 0. 0. 0. 0. 0. 0. 0. 0. 0. 0. 0.
 0. 0. 0. 0. 0. 0. 0. 0. 0. 0. 0. 0. 0. 0. 0. 0. 0. 0. 0. 0. 0. 0. 0. 0.
 0. 0. 0. 0. 0. 0. 0. 0. 0. 0. 0. 0. 0. 0. 0. 0. 0. 0. 0. 0. 0. 0. 0. 0.
 0. 0. 0. 0. 0. 0. 0. 0.]
Normalized importance:  [0.71921182 0.52216749 0.17783251 0.         0.17832512 0.22955665
 0.53694581 0.49261084 0.29014778 0.04453202 0.09064039 0.
 0.03847291 0.03384236 0.41674877 0.04640394 0.04591133 0.12167488
 0.17684729 0.25517241 0.66995074 0.51231527 0.25517241 0.4817734
 0.62561576 0.19605911 0.63054187 0.72413793 0.78817734 0.52216749
 0.07536946 0.15714286 0.11330049 0.22167488 0.09704433 0.07980296
 0.         0.         0.         0.08078818 0.72906404 0.48275862
 0.4453202  0.08571429 0.52216749 0.22758621 0.18029557 0.49753695
 0.35123153 0.33743842 0.9408867  0.85221675 0.         0.47093596
 0.40738916 0.24334975 0.72906404 0.49261084 0.47142857 0.37536946
 0.2591133  0.1408867  0.12019704 0.34581281 0.06009852 0.
 0.         0.26896552 0.27586207 0.22660099 1.         0.29655172
 0.77832512 0.91625616 0.6453202  0.31724138 0.0030936  0.36059113
 0.15862069 0.80295567 0.23990148 0.         0.10197044 0.05073892
 0.51724138 0.30197044 0.85221675 0.03517241 0.         0.10394089
 0.96059113 0.49753695 0.21330049 0.5862069  0.54679803 0.51231527
 0.4364532  0.29852217 0.57635468 0.85221675 0.10837438 0.
 0.50738916 0.28128079 0.1364532  0.18817734 0.         0.
 0.23349754 0.21477833 0.         0.         0.         0.
 0.34975369 0.1320197  0.         0.09704433 0.         0.
 0.01413793 0.         0.43596059 0.         0.         0.32758621
 0.66009852 0.         0.         0.07438424 0.06059113 0.33891626
 0.00214778 0.         0.         0.         0.         0.
 0.00358128 0.19162562 0.         0.16157635 0.         0.55172414
 0.12118227 0.09852217 0.         0.         0.27931034 0.
 0.50246305 0.40246305 0.01640394 0.09310345 0.         0.3364532
 0.         0.         0.         0.         0.         0.
 0.         0.         0.         0.18029557 0.         0.20344828
 0.11527094 0.         0.         0.1546798  0.35517241 0.33152709
 0.         0.         0.30344828 0.         0.03157635 0.
 0.         0.         0.06945813 0.         0.         0.03408867
 0.         0.         0.         0.23448276 0.         0.
 0.31527094 0.10197044 0.17684729 0.         0.         0.26157635
 0.         0.        ]
pyseer
y_true:  [1. 1. 1. 1. 1. 1. 1. 1. 1. 1. 0. 0. 0. 0. 0. 0. 0. 0. 0. 0. 1. 1. 1. 1.
 1. 1. 1. 1. 1. 1. 0. 0. 0. 0. 0. 0. 0. 0. 0. 0. 0. 0. 0. 0. 0. 0. 0. 0.
 0. 0. 1. 1. 1. 1. 1. 1. 1. 1. 1. 1. 0. 0. 0. 0. 0. 0. 0. 0. 0. 0. 1. 1.
 1. 1. 1. 1. 1. 1. 1. 1. 0. 0. 0. 0. 0. 0. 0. 0. 0. 0. 1. 1. 1. 1. 1. 1.
 1. 1. 1. 1. 0. 0. 0. 0. 0. 0. 0. 0. 0. 0. 0. 0. 0. 0. 0. 0. 0. 0. 0. 0.
 0. 0. 0. 0. 0. 0. 0. 0. 0. 0. 0. 0. 0. 0. 0. 0. 0. 0. 0. 0. 0. 0. 0. 0.
 0. 0. 0. 0. 0. 0. 0. 0. 0. 0. 0. 0. 0. 0. 0. 0. 0. 0. 0. 0. 0. 0. 0. 0.
 0. 0. 0. 0. 0. 0. 0. 0. 0. 0. 0. 0. 0. 0. 0. 0. 0. 0. 0. 0. 0. 0. 0. 0.
 0. 0. 0. 0. 0. 0. 0. 0.]
y_pred:  [1. 1. 0. 0. 0. 0. 1. 1. 1. 0. 0. 0. 0. 0. 1. 0. 0. 0. 0. 0. 1. 1. 0. 1.
 1. 0. 1. 1. 1. 1. 0. 0. 0. 0. 0. 0. 0. 0. 0. 0. 1. 1. 1. 0. 1. 0. 0. 1.
 1. 1. 1. 1. 0. 1. 1. 0. 1. 1. 1. 1. 0. 0. 0. 1. 0. 0. 0. 1. 1. 0. 1. 1.
 1. 1. 1. 1. 0. 1. 0. 1. 0. 0. 0. 0. 1. 1. 1. 0. 0. 0. 1. 1. 0. 1. 1. 1.
 1. 1. 1. 1. 0. 0. 1. 1. 0. 0. 0. 0. 0. 0. 0. 0. 0. 0. 1. 0. 0. 0. 0. 0.
 0. 0. 1. 0. 0. 1. 1. 0. 0. 0. 0. 1. 0. 0. 0. 0. 0. 0. 0. 0. 0. 0. 0. 1.
 0. 0. 0. 0. 1. 0. 1. 1. 0. 0. 0. 1. 0. 0. 0. 0. 0. 0. 0. 0. 0. 0. 0. 0.
 0. 0. 0. 0. 1. 1. 0. 0. 1. 0. 0. 0. 0. 0. 0. 0. 0. 0. 0. 0. 0. 0. 0. 0.
 1. 0. 0. 0. 0. 0. 0. 0.]
Time taken: 23.61671257019043 seconds
Running combination 27 of 50
Fitting RandomForest...
Fitting Adaboost...
Fitting AdaBoost_2...
Fitting et...
Fitting gbc...
Fitting gbc_2...
Fitting gbc_3...
Fitting dt...
Fitting lr...
Fitting Lasso_1...
Fitting Lasso_2...
Fitting Lasso_3...
Fitting Lasso_4...
Fitting elasticnet...
VCF file created successfully.
pyseer stderr:  Read 1000 phenotypes
Detected continuous phenotype
Reading all variants

0variants [00:00, ?variants/s]
54variants [00:00, 538.87variants/s]
108variants [00:00, 476.92variants/s]
164variants [00:00, 512.26variants/s]
198variants [00:00, 515.87variants/s]
Applying correlation filtering

  0%|          | 0/198 [00:00<?, ?variants/s]
100%|██████████| 198/198 [00:00<00:00, 2677.22variants/s]
Fitting elastic net to top 148 variants
Best penalty (lambda) from cross-validation: 3.67E+01
Best R^2 from cross-validation: 0.443
Finding and printing selected variants
198 loaded variants
50 pre-filtered variants
148 tested variants
140 printed variants

True importance standardized:  [1.         1.         1.         1.         1.         1.
 1.         1.         1.         1.         0.53270937 0.53270937
 0.53270937 0.53270937 0.53270937 0.53270937 0.53270937 0.53270937
 0.53270937 0.53270937 0.89564695 0.89564695 0.89564695 0.89564695
 0.89564695 0.89564695 0.89564695 0.89564695 0.89564695 0.89564695
 0.67540214 0.67540214 0.67540214 0.67540214 0.67540214 0.67540214
 0.67540214 0.67540214 0.67540214 0.67540214 0.67958338 0.67958338
 0.67958338 0.67958338 0.67958338 0.67958338 0.67958338 0.67958338
 0.67958338 0.67958338 0.57753402 0.57753402 0.57753402 0.57753402
 0.57753402 0.57753402 0.57753402 0.57753402 0.57753402 0.57753402
 0.43176076 0.43176076 0.43176076 0.43176076 0.43176076 0.43176076
 0.43176076 0.43176076 0.43176076 0.43176076 0.36998204 0.36998204
 0.36998204 0.36998204 0.36998204 0.36998204 0.36998204 0.36998204
 0.36998204 0.36998204 0.30174546 0.30174546 0.30174546 0.30174546
 0.30174546 0.30174546 0.30174546 0.30174546 0.30174546 0.30174546
 0.53725746 0.53725746 0.53725746 0.53725746 0.53725746 0.53725746
 0.53725746 0.53725746 0.53725746 0.53725746 0.         0.
 0.         0.         0.         0.         0.         0.
 0.         0.         0.         0.         0.         0.
 0.         0.         0.         0.         0.         0.
 0.         0.         0.         0.         0.         0.
 0.         0.         0.         0.         0.         0.
 0.         0.         0.         0.         0.         0.
 0.         0.         0.         0.         0.         0.
 0.         0.         0.         0.         0.         0.
 0.         0.         0.         0.         0.         0.
 0.         0.         0.         0.         0.         0.
 0.         0.         0.         0.         0.         0.
 0.         0.         0.         0.         0.         0.
 0.         0.         0.         0.         0.         0.
 0.         0.         0.         0.         0.         0.
 0.         0.         0.         0.         0.         0.
 0.         0.         0.         0.         0.         0.
 0.         0.        ]
Normalized importance:  [1.         1.         1.         1.         1.         1.
 1.         1.         1.         1.         0.3228982  0.3228982
 0.3228982  0.3228982  0.3228982  0.3228982  0.3228982  0.3228982
 0.3228982  0.3228982  0.93353373 0.93353373 0.93353373 0.93353373
 0.93353373 0.93353373 0.93353373 0.93353373 0.93353373 0.93353373
 0.43386334 0.43386334 0.43386334 0.43386334 0.43386334 0.43386334
 0.43386334 0.43386334 0.43386334 0.43386334 0.57328382 0.57328382
 0.57328382 0.57328382 0.57328382 0.57328382 0.57328382 0.57328382
 0.57328382 0.57328382 0.29699724 0.29699724 0.29699724 0.29699724
 0.29699724 0.29699724 0.29699724 0.29699724 0.29699724 0.29699724
 0.14811595 0.14811595 0.14811595 0.14811595 0.14811595 0.14811595
 0.14811595 0.14811595 0.14811595 0.14811595 0.14708564 0.14708564
 0.14708564 0.         0.14708564 0.         0.14708564 0.14708564
 0.14708564 0.14708564 0.09384227 0.09384227 0.09384227 0.09384227
 0.09384227 0.09384227 0.09384227 0.09384227 0.09384227 0.09384227
 0.47115119 0.47115119 0.47115119 0.47115119 0.47115119 0.47115119
 0.47115119 0.47115119 0.47115119 0.47115119 0.         0.
 0.         0.         0.         0.01247092 0.         0.
 0.         0.         0.         0.03747414 0.         0.00863217
 0.08719857 0.         0.         0.         0.02260637 0.
 0.         0.         0.01235422 0.         0.03372602 0.
 0.         0.         0.         0.         0.         0.
 0.         0.         0.         0.         0.         0.
 0.         0.         0.         0.         0.         0.
 0.03069765 0.         0.         0.         0.         0.
 0.         0.         0.         0.         0.         0.
 0.         0.         0.         0.         0.         0.10918593
 0.         0.         0.         0.         0.         0.
 0.         0.         0.         0.02150814 0.         0.
 0.         0.         0.         0.         0.         0.
 0.         0.         0.         0.         0.0250002  0.
 0.02987811 0.         0.         0.         0.         0.
 0.         0.         0.01374056 0.         0.         0.
 0.         0.        ]
deepbreaks
y_true:  [1. 1. 1. 1. 1. 1. 1. 1. 1. 1. 0. 0. 0. 0. 0. 0. 0. 0. 0. 0. 1. 1. 1. 1.
 1. 1. 1. 1. 1. 1. 1. 1. 1. 1. 1. 1. 1. 1. 1. 1. 1. 1. 1. 1. 1. 1. 1. 1.
 1. 1. 1. 1. 1. 1. 1. 1. 1. 1. 1. 1. 0. 0. 0. 0. 0. 0. 0. 0. 0. 0. 0. 0.
 0. 0. 0. 0. 0. 0. 0. 0. 0. 0. 0. 0. 0. 0. 0. 0. 0. 0. 0. 0. 0. 0. 0. 0.
 0. 0. 0. 0. 0. 0. 0. 0. 0. 0. 0. 0. 0. 0. 0. 0. 0. 0. 0. 0. 0. 0. 0. 0.
 0. 0. 0. 0. 0. 0. 0. 0. 0. 0. 0. 0. 0. 0. 0. 0. 0. 0. 0. 0. 0. 0. 0. 0.
 0. 0. 0. 0. 0. 0. 0. 0. 0. 0. 0. 0. 0. 0. 0. 0. 0. 0. 0. 0. 0. 0. 0. 0.
 0. 0. 0. 0. 0. 0. 0. 0. 0. 0. 0. 0. 0. 0. 0. 0. 0. 0. 0. 0. 0. 0. 0. 0.
 0. 0. 0. 0. 0. 0. 0. 0.]
y_pred:  [1. 1. 1. 1. 1. 1. 1. 1. 1. 1. 1. 1. 1. 1. 1. 1. 1. 1. 1. 1. 1. 1. 1. 1.
 1. 1. 1. 1. 1. 1. 1. 1. 1. 1. 1. 1. 1. 1. 1. 1. 1. 1. 1. 1. 1. 1. 1. 1.
 1. 1. 0. 0. 0. 0. 0. 0. 0. 0. 0. 0. 0. 0. 0. 0. 0. 0. 0. 0. 0. 0. 0. 0.
 0. 0. 0. 0. 0. 0. 0. 0. 0. 0. 0. 0. 0. 0. 0. 0. 0. 0. 1. 1. 1. 1. 1. 1.
 1. 1. 1. 1. 0. 0. 0. 0. 0. 0. 0. 0. 0. 0. 0. 0. 0. 0. 0. 0. 0. 0. 0. 0.
 0. 0. 0. 0. 0. 0. 0. 0. 0. 0. 0. 0. 0. 0. 0. 0. 0. 0. 0. 0. 0. 0. 0. 0.
 0. 0. 0. 0. 0. 0. 0. 0. 0. 0. 0. 0. 0. 0. 0. 0. 0. 0. 0. 0. 0. 0. 0. 0.
 0. 0. 0. 0. 0. 0. 0. 0. 0. 0. 0. 0. 0. 0. 0. 0. 0. 0. 0. 0. 0. 0. 0. 0.
 0. 0. 0. 0. 0. 0. 0. 0.]
Normalized importance:  [1.         0.83657588 0.89299611 0.71011673 0.37354086 0.47081712
 0.98638132 0.66342412 0.41439689 0.24124514 0.58560311 0.58560311
 0.28015564 0.73929961 0.12821012 0.27626459 0.19338521 0.50583658
 0.21789883 0.57782101 0.90466926 0.57587549 0.         0.80350195
 0.78404669 0.40272374 0.5077821  0.49610895 0.87159533 0.44941634
 0.66342412 0.75875486 0.62451362 0.33463035 0.23540856 0.
 0.4688716  0.06945525 0.49416342 0.6614786  0.84241245 0.36575875
 0.57782101 0.3463035  0.11906615 0.00988327 0.37937743 0.54669261
 0.80544747 0.57198444 0.51167315 0.36964981 0.43774319 0.3463035
 0.0651751  0.78988327 0.11128405 0.43385214 0.06731518 0.37159533
 0.38521401 0.         0.29961089 0.57392996 0.32101167 0.
 0.05914397 0.21206226 0.14844358 0.51167315 0.55836576 0.15661479
 0.75680934 0.20233463 0.34241245 0.10233463 0.22957198 0.38910506
 0.         0.45330739 0.28599222 0.23929961 0.13715953 0.
 0.17645914 0.65564202 0.42217899 0.3151751  0.         0.29182879
 0.61673152 0.36770428 0.5233463  0.         0.92607004 0.59727626
 0.5311284  0.35992218 0.41439689 0.29377432 0.01632296 0.
 0.         0.21011673 0.         0.29377432 0.00581712 0.
 0.         0.         0.00628405 0.33268482 0.20428016 0.28599222
 0.35797665 0.37743191 0.40661479 0.         0.11031128 0.
 0.03793774 0.         0.44747082 0.         0.42023346 0.21595331
 0.         0.         0.         0.0655642  0.         0.
 0.17256809 0.         0.         0.         0.         0.18793774
 0.31906615 0.         0.44357977 0.20622568 0.         0.
 0.29377432 0.00924125 0.25875486 0.         0.         0.
 0.         0.25875486 0.10972763 0.         0.         0.
 0.         0.         0.         0.         0.         0.64980545
 0.         0.         0.         0.13560311 0.23735409 0.
 0.25486381 0.12140078 0.         0.3229572  0.40466926 0.
 0.36770428 0.19455253 0.08229572 0.10116732 0.11400778 0.
 0.05972763 0.18657588 0.         0.         0.6381323  0.
 0.57976654 0.21400778 0.         0.         0.         0.
 0.         0.18754864 0.16420233 0.29961089 0.06536965 0.
 0.         0.        ]
pyseer
y_true:  [1. 1. 1. 1. 1. 1. 1. 1. 1. 1. 0. 0. 0. 0. 0. 0. 0. 0. 0. 0. 1. 1. 1. 1.
 1. 1. 1. 1. 1. 1. 1. 1. 1. 1. 1. 1. 1. 1. 1. 1. 1. 1. 1. 1. 1. 1. 1. 1.
 1. 1. 1. 1. 1. 1. 1. 1. 1. 1. 1. 1. 0. 0. 0. 0. 0. 0. 0. 0. 0. 0. 0. 0.
 0. 0. 0. 0. 0. 0. 0. 0. 0. 0. 0. 0. 0. 0. 0. 0. 0. 0. 0. 0. 0. 0. 0. 0.
 0. 0. 0. 0. 0. 0. 0. 0. 0. 0. 0. 0. 0. 0. 0. 0. 0. 0. 0. 0. 0. 0. 0. 0.
 0. 0. 0. 0. 0. 0. 0. 0. 0. 0. 0. 0. 0. 0. 0. 0. 0. 0. 0. 0. 0. 0. 0. 0.
 0. 0. 0. 0. 0. 0. 0. 0. 0. 0. 0. 0. 0. 0. 0. 0. 0. 0. 0. 0. 0. 0. 0. 0.
 0. 0. 0. 0. 0. 0. 0. 0. 0. 0. 0. 0. 0. 0. 0. 0. 0. 0. 0. 0. 0. 0. 0. 0.
 0. 0. 0. 0. 0. 0. 0. 0.]
y_pred:  [1. 1. 1. 1. 1. 1. 1. 1. 1. 0. 1. 1. 0. 1. 0. 0. 0. 1. 0. 1. 1. 1. 0. 1.
 1. 1. 1. 1. 1. 1. 1. 1. 1. 0. 0. 0. 1. 0. 1. 1. 1. 1. 1. 0. 0. 0. 1. 1.
 1. 1. 1. 1. 1. 0. 0. 1. 0. 1. 0. 1. 1. 0. 0. 1. 0. 0. 0. 0. 0. 1. 1. 0.
 1. 0. 0. 0. 0. 1. 0. 1. 0. 0. 0. 0. 0. 1. 1. 0. 0. 0. 1. 1. 1. 0. 1. 1.
 1. 1. 1. 0. 0. 0. 0. 0. 0. 0. 0. 0. 0. 0. 0. 0. 0. 0. 1. 1. 1. 0. 0. 0.
 0. 0. 1. 0. 1. 0. 0. 0. 0. 0. 0. 0. 0. 0. 0. 0. 0. 0. 0. 0. 1. 0. 0. 0.
 0. 0. 0. 0. 0. 0. 0. 0. 0. 0. 0. 0. 0. 0. 0. 0. 0. 1. 0. 0. 0. 0. 0. 0.
 0. 0. 0. 0. 1. 0. 1. 0. 0. 0. 0. 0. 0. 0. 0. 0. 1. 0. 1. 0. 0. 0. 0. 0.
 0. 0. 0. 0. 0. 0. 0. 0.]
Time taken: 24.043806076049805 seconds
Running combination 28 of 50
Fitting RandomForest...
Fitting Adaboost...
Fitting AdaBoost_2...
Fitting et...
Fitting gbc...
Fitting gbc_2...
Fitting gbc_3...
Fitting dt...
Fitting lr...
Fitting Lasso_1...
Fitting Lasso_2...
Fitting Lasso_3...
Fitting Lasso_4...
Fitting elasticnet...
VCF file created successfully.
pyseer stderr:  Read 1000 phenotypes
Detected continuous phenotype
Reading all variants

0variants [00:00, ?variants/s]
55variants [00:00, 544.05variants/s]
110variants [00:00, 479.01variants/s]
166variants [00:00, 512.89variants/s]
198variants [00:00, 517.26variants/s]
Applying correlation filtering

  0%|          | 0/198 [00:00<?, ?variants/s]
100%|██████████| 198/198 [00:00<00:00, 2688.52variants/s]
Fitting elastic net to top 148 variants
Best penalty (lambda) from cross-validation: 2.68E+01
Best R^2 from cross-validation: 0.519
Finding and printing selected variants
198 loaded variants
50 pre-filtered variants
148 tested variants
131 printed variants

True importance standardized:  [0.74166429 0.74166429 0.74166429 0.74166429 0.74166429 0.74166429
 0.74166429 0.74166429 0.74166429 0.74166429 0.93139275 0.93139275
 0.93139275 0.93139275 0.93139275 0.93139275 0.93139275 0.93139275
 0.93139275 0.93139275 0.94722835 0.94722835 0.94722835 0.94722835
 0.94722835 0.94722835 0.94722835 0.94722835 0.94722835 0.94722835
 0.93225376 0.93225376 0.93225376 0.93225376 0.93225376 0.93225376
 0.93225376 0.93225376 0.93225376 0.93225376 1.         1.
 1.         1.         1.         1.         1.         1.
 1.         1.         0.67715153 0.67715153 0.67715153 0.67715153
 0.67715153 0.67715153 0.67715153 0.67715153 0.67715153 0.67715153
 0.34639351 0.34639351 0.34639351 0.34639351 0.34639351 0.34639351
 0.34639351 0.34639351 0.34639351 0.34639351 0.57760755 0.57760755
 0.57760755 0.57760755 0.57760755 0.57760755 0.57760755 0.57760755
 0.57760755 0.57760755 0.11802295 0.11802295 0.11802295 0.11802295
 0.11802295 0.11802295 0.11802295 0.11802295 0.11802295 0.11802295
 0.18614282 0.18614282 0.18614282 0.18614282 0.18614282 0.18614282
 0.18614282 0.18614282 0.18614282 0.18614282 0.         0.
 0.         0.         0.         0.         0.         0.
 0.         0.         0.         0.         0.         0.
 0.         0.         0.         0.         0.         0.
 0.         0.         0.         0.         0.         0.
 0.         0.         0.         0.         0.         0.
 0.         0.         0.         0.         0.         0.
 0.         0.         0.         0.         0.         0.
 0.         0.         0.         0.         0.         0.
 0.         0.         0.         0.         0.         0.
 0.         0.         0.         0.         0.         0.
 0.         0.         0.         0.         0.         0.
 0.         0.         0.         0.         0.         0.
 0.         0.         0.         0.         0.         0.
 0.         0.         0.         0.         0.         0.
 0.         0.         0.         0.         0.         0.
 0.         0.         0.         0.         0.         0.
 0.         0.        ]
Normalized importance:  [0.60239115 0.60239115 0.60239115 0.60239115 0.60239115 0.60239115
 0.60239115 0.60239115 0.60239115 0.60239115 0.52937549 0.52937549
 0.52937549 0.52937549 0.52937549 0.52937549 0.52937549 0.52937549
 0.52937549 0.52937549 0.74695547 0.74695547 0.74695547 0.74695547
 0.74695547 0.74695547 0.74695547 0.74695547 0.74695547 0.74695547
 0.62859146 0.62859146 0.62859146 0.62859146 0.62859146 0.62859146
 0.62859146 0.62859146 0.62859146 0.62859146 1.         1.
 1.         1.         1.         1.         1.         1.
 1.         1.         0.2451774  0.2451774  0.2451774  0.2451774
 0.2451774  0.2451774  0.2451774  0.2451774  0.2451774  0.2451774
 0.09330063 0.09330063 0.09330063 0.09330063 0.09330063 0.09330063
 0.09330063 0.09330063 0.09330063 0.09330063 0.56272939 0.56272939
 0.56272939 0.56272939 0.56272939 0.56272939 0.56272939 0.56272939
 0.56272939 0.56272939 0.         0.         0.         0.
 0.         0.         0.         0.         0.         0.
 0.03371383 0.         0.03371383 0.03371383 0.03371383 0.
 0.         0.         0.03371383 0.         0.         0.
 0.         0.         0.         0.         0.         0.
 0.06742672 0.         0.         0.         0.         0.
 0.         0.01143767 0.         0.         0.         0.
 0.         0.00939832 0.         0.         0.         0.
 0.         0.         0.         0.         0.         0.
 0.         0.         0.         0.         0.         0.
 0.02999898 0.         0.         0.         0.         0.
 0.         0.         0.         0.         0.         0.
 0.         0.01061573 0.         0.         0.03461157 0.
 0.00870871 0.         0.         0.         0.         0.
 0.         0.01588956 0.         0.         0.         0.
 0.         0.         0.         0.         0.         0.
 0.         0.         0.         0.         0.         0.
 0.         0.         0.         0.         0.         0.
 0.         0.         0.         0.         0.         0.01796864
 0.         0.01620229 0.         0.         0.         0.
 0.         0.        ]
deepbreaks
y_true:  [1. 1. 1. 1. 1. 1. 1. 1. 1. 1. 1. 1. 1. 1. 1. 1. 1. 1. 1. 1. 1. 1. 1. 1.
 1. 1. 1. 1. 1. 1. 1. 1. 1. 1. 1. 1. 1. 1. 1. 1. 1. 1. 1. 1. 1. 1. 1. 1.
 1. 1. 0. 0. 0. 0. 0. 0. 0. 0. 0. 0. 0. 0. 0. 0. 0. 0. 0. 0. 0. 0. 0. 0.
 0. 0. 0. 0. 0. 0. 0. 0. 0. 0. 0. 0. 0. 0. 0. 0. 0. 0. 0. 0. 0. 0. 0. 0.
 0. 0. 0. 0. 0. 0. 0. 0. 0. 0. 0. 0. 0. 0. 0. 0. 0. 0. 0. 0. 0. 0. 0. 0.
 0. 0. 0. 0. 0. 0. 0. 0. 0. 0. 0. 0. 0. 0. 0. 0. 0. 0. 0. 0. 0. 0. 0. 0.
 0. 0. 0. 0. 0. 0. 0. 0. 0. 0. 0. 0. 0. 0. 0. 0. 0. 0. 0. 0. 0. 0. 0. 0.
 0. 0. 0. 0. 0. 0. 0. 0. 0. 0. 0. 0. 0. 0. 0. 0. 0. 0. 0. 0. 0. 0. 0. 0.
 0. 0. 0. 0. 0. 0. 0. 0.]
y_pred:  [1. 1. 1. 1. 1. 1. 1. 1. 1. 1. 0. 0. 0. 0. 0. 0. 0. 0. 0. 0. 1. 1. 1. 1.
 1. 1. 1. 1. 1. 1. 1. 1. 1. 1. 1. 1. 1. 1. 1. 1. 1. 1. 1. 1. 1. 1. 1. 1.
 1. 1. 0. 0. 0. 0. 0. 0. 0. 0. 0. 0. 0. 0. 0. 0. 0. 0. 0. 0. 0. 0. 1. 1.
 1. 1. 1. 1. 1. 1. 1. 1. 0. 0. 0. 0. 0. 0. 0. 0. 0. 0. 0. 0. 0. 0. 0. 0.
 0. 0. 0. 0. 0. 0. 0. 0. 0. 0. 0. 0. 0. 0. 0. 0. 0. 0. 0. 0. 0. 0. 0. 0.
 0. 0. 0. 0. 0. 0. 0. 0. 0. 0. 0. 0. 0. 0. 0. 0. 0. 0. 0. 0. 0. 0. 0. 0.
 0. 0. 0. 0. 0. 0. 0. 0. 0. 0. 0. 0. 0. 0. 0. 0. 0. 0. 0. 0. 0. 0. 0. 0.
 0. 0. 0. 0. 0. 0. 0. 0. 0. 0. 0. 0. 0. 0. 0. 0. 0. 0. 0. 0. 0. 0. 0. 0.
 0. 0. 0. 0. 0. 0. 0. 0.]
Normalized importance:  [0.68951613 0.43951613 0.35282258 0.18326613 0.21975806 0.45967742
 0.43951613 0.61693548 0.1296371  0.22782258 0.66733871 0.4858871
 0.7641129  0.32862903 0.57459677 0.5483871  0.2641129  0.19455645
 0.42137097 0.01082661 0.73387097 0.30040323 0.66733871 0.39516129
 0.2641129  0.27217742 0.45564516 0.32459677 0.28629032 0.44153226
 0.76814516 0.40927419 0.33266129 0.19959677 0.45362903 0.44153226
 0.35887097 0.11532258 0.55040323 0.56854839 1.         0.10806452
 0.57258065 0.36290323 0.55645161 0.76612903 0.44354839 0.43951613
 0.5625     0.1828629  0.46572581 0.         0.16612903 0.21169355
 0.39112903 0.56451613 0.26209677 0.28830645 0.08387097 0.35282258
 0.35483871 0.1358871  0.11149194 0.07540323 0.08125    0.17641129
 0.         0.         0.30241935 0.23790323 0.81653226 0.12459677
 0.31048387 0.07943548 0.17701613 0.22177419 0.44758065 0.33266129
 0.14717742 0.60887097 0.         0.21774194 0.19294355 0.
 0.         0.         0.         0.1546371  0.23991935 0.
 0.15181452 0.0203629  0.         0.01921371 0.35483871 0.03931452
 0.         0.05584677 0.24395161 0.         0.         0.
 0.         0.04012097 0.         0.         0.06895161 0.
 0.27217742 0.04173387 0.         0.14919355 0.         0.00782258
 0.         0.24596774 0.19455645 0.         0.16431452 0.
 0.         0.1453629  0.         0.         0.         0.14032258
 0.16754032 0.11733871 0.         0.         0.05423387 0.
 0.10302419 0.         0.         0.11572581 0.         0.
 0.35483871 0.17681452 0.         0.         0.         0.
 0.10362903 0.         0.         0.13729839 0.20564516 0.
 0.         0.34274194 0.         0.02741935 0.44153226 0.
 0.         0.         0.26209677 0.         0.         0.24193548
 0.         0.41532258 0.         0.10907258 0.00370968 0.
 0.         0.11673387 0.         0.         0.1891129  0.31653226
 0.         0.0165121  0.         0.         0.14052419 0.
 0.07157258 0.         0.26209677 0.         0.         0.00340726
 0.         0.         0.01685484 0.         0.         0.41733871
 0.         0.0116129  0.         0.18245968 0.31048387 0.05181452
 0.         0.        ]
pyseer
y_true:  [1. 1. 1. 1. 1. 1. 1. 1. 1. 1. 1. 1. 1. 1. 1. 1. 1. 1. 1. 1. 1. 1. 1. 1.
 1. 1. 1. 1. 1. 1. 1. 1. 1. 1. 1. 1. 1. 1. 1. 1. 1. 1. 1. 1. 1. 1. 1. 1.
 1. 1. 0. 0. 0. 0. 0. 0. 0. 0. 0. 0. 0. 0. 0. 0. 0. 0. 0. 0. 0. 0. 0. 0.
 0. 0. 0. 0. 0. 0. 0. 0. 0. 0. 0. 0. 0. 0. 0. 0. 0. 0. 0. 0. 0. 0. 0. 0.
 0. 0. 0. 0. 0. 0. 0. 0. 0. 0. 0. 0. 0. 0. 0. 0. 0. 0. 0. 0. 0. 0. 0. 0.
 0. 0. 0. 0. 0. 0. 0. 0. 0. 0. 0. 0. 0. 0. 0. 0. 0. 0. 0. 0. 0. 0. 0. 0.
 0. 0. 0. 0. 0. 0. 0. 0. 0. 0. 0. 0. 0. 0. 0. 0. 0. 0. 0. 0. 0. 0. 0. 0.
 0. 0. 0. 0. 0. 0. 0. 0. 0. 0. 0. 0. 0. 0. 0. 0. 0. 0. 0. 0. 0. 0. 0. 0.
 0. 0. 0. 0. 0. 0. 0. 0.]
y_pred:  [1. 1. 1. 0. 0. 1. 1. 1. 0. 0. 1. 1. 1. 1. 1. 1. 1. 0. 1. 0. 1. 1. 1. 1.
 1. 1. 1. 1. 1. 1. 1. 1. 1. 0. 1. 1. 1. 0. 1. 1. 1. 0. 1. 1. 1. 1. 1. 1.
 1. 0. 1. 0. 0. 0. 1. 1. 1. 1. 0. 1. 1. 0. 0. 0. 0. 0. 0. 0. 1. 0. 1. 0.
 1. 0. 0. 0. 1. 1. 0. 1. 0. 0. 0. 0. 0. 0. 0. 0. 0. 0. 0. 0. 0. 0. 1. 0.
 0. 0. 1. 0. 0. 0. 0. 0. 0. 0. 0. 0. 1. 0. 0. 0. 0. 0. 0. 1. 0. 0. 0. 0.
 0. 0. 0. 0. 0. 0. 0. 0. 0. 0. 0. 0. 0. 0. 0. 0. 0. 0. 1. 0. 0. 0. 0. 0.
 0. 0. 0. 0. 0. 0. 0. 1. 0. 0. 1. 0. 0. 0. 1. 0. 0. 0. 0. 1. 0. 0. 0. 0.
 0. 0. 0. 0. 0. 1. 0. 0. 0. 0. 0. 0. 0. 0. 1. 0. 0. 0. 0. 0. 0. 0. 0. 1.
 0. 0. 0. 0. 1. 0. 0. 0.]
Time taken: 23.822813749313354 seconds
Running combination 29 of 50
Fitting RandomForest...
Fitting Adaboost...
Fitting AdaBoost_2...
Fitting et...
Fitting gbc...
Fitting gbc_2...
Fitting gbc_3...
Fitting dt...
Fitting lr...
Fitting Lasso_1...
Fitting Lasso_2...
Fitting Lasso_3...
Fitting Lasso_4...
Fitting elasticnet...
VCF file created successfully.
pyseer stderr:  Read 1000 phenotypes
Detected continuous phenotype
Reading all variants

0variants [00:00, ?variants/s]
55variants [00:00, 543.61variants/s]
110variants [00:00, 479.41variants/s]
166variants [00:00, 510.15variants/s]
198variants [00:00, 514.28variants/s]
Applying correlation filtering

  0%|          | 0/198 [00:00<?, ?variants/s]
100%|██████████| 198/198 [00:00<00:00, 2717.72variants/s]
Fitting elastic net to top 148 variants
Best penalty (lambda) from cross-validation: 2.13E+01
Best R^2 from cross-validation: 0.531
Finding and printing selected variants
198 loaded variants
50 pre-filtered variants
148 tested variants
134 printed variants

True importance standardized:  [1.         1.         1.         1.         1.         1.
 1.         1.         1.         1.         0.69323255 0.69323255
 0.69323255 0.69323255 0.69323255 0.69323255 0.69323255 0.69323255
 0.69323255 0.69323255 0.17824925 0.17824925 0.17824925 0.17824925
 0.17824925 0.17824925 0.17824925 0.17824925 0.17824925 0.17824925
 0.99715518 0.99715518 0.99715518 0.99715518 0.99715518 0.99715518
 0.99715518 0.99715518 0.99715518 0.99715518 0.88889921 0.88889921
 0.88889921 0.88889921 0.88889921 0.88889921 0.88889921 0.88889921
 0.88889921 0.88889921 0.78888886 0.78888886 0.78888886 0.78888886
 0.78888886 0.78888886 0.78888886 0.78888886 0.78888886 0.78888886
 0.90612848 0.90612848 0.90612848 0.90612848 0.90612848 0.90612848
 0.90612848 0.90612848 0.90612848 0.90612848 0.34532551 0.34532551
 0.34532551 0.34532551 0.34532551 0.34532551 0.34532551 0.34532551
 0.34532551 0.34532551 0.91192011 0.91192011 0.91192011 0.91192011
 0.91192011 0.91192011 0.91192011 0.91192011 0.91192011 0.91192011
 0.79199964 0.79199964 0.79199964 0.79199964 0.79199964 0.79199964
 0.79199964 0.79199964 0.79199964 0.79199964 0.         0.
 0.         0.         0.         0.         0.         0.
 0.         0.         0.         0.         0.         0.
 0.         0.         0.         0.         0.         0.
 0.         0.         0.         0.         0.         0.
 0.         0.         0.         0.         0.         0.
 0.         0.         0.         0.         0.         0.
 0.         0.         0.         0.         0.         0.
 0.         0.         0.         0.         0.         0.
 0.         0.         0.         0.         0.         0.
 0.         0.         0.         0.         0.         0.
 0.         0.         0.         0.         0.         0.
 0.         0.         0.         0.         0.         0.
 0.         0.         0.         0.         0.         0.
 0.         0.         0.         0.         0.         0.
 0.         0.         0.         0.         0.         0.
 0.         0.         0.         0.         0.         0.
 0.         0.        ]
Normalized importance:  [1.         1.         1.         1.         1.         1.
 1.         1.         1.         1.         0.24646612 0.24646612
 0.24646612 0.24646612 0.24646612 0.24646612 0.24646612 0.24646612
 0.24646612 0.24646612 0.         0.         0.         0.
 0.         0.         0.         0.         0.         0.
 0.6674422  0.6674422  0.6674422  0.6674422  0.6674422  0.6674422
 0.6674422  0.6674422  0.6674422  0.6674422  0.80706357 0.80706357
 0.80706357 0.80706357 0.80706357 0.80706357 0.80706357 0.80706357
 0.80706357 0.80706357 0.48557323 0.48557323 0.48557323 0.48557323
 0.48557323 0.48557323 0.48557323 0.48557323 0.48557323 0.48557323
 0.59446016 0.59446016 0.59446016 0.59446016 0.59446016 0.59446016
 0.59446016 0.59446016 0.59446016 0.59446016 0.06348163 0.06348163
 0.06348163 0.         0.06348163 0.06348163 0.06348163 0.06348163
 0.06348163 0.         0.46405945 0.46405945 0.46405945 0.46405945
 0.46405945 0.46405945 0.46405945 0.46405945 0.46405945 0.46405945
 0.46871507 0.46871507 0.46871507 0.46871507 0.46871507 0.46871507
 0.46871507 0.46871507 0.46871507 0.46871507 0.         0.01830881
 0.04218091 0.         0.         0.         0.03559145 0.
 0.         0.         0.         0.         0.         0.01930348
 0.         0.         0.         0.         0.         0.01896448
 0.         0.         0.00992527 0.03178092 0.         0.
 0.         0.         0.         0.         0.         0.
 0.         0.         0.         0.         0.03880054 0.
 0.         0.         0.         0.         0.         0.
 0.         0.         0.         0.         0.         0.
 0.         0.01743646 0.         0.         0.         0.
 0.         0.         0.         0.         0.         0.
 0.01362839 0.         0.01111825 0.         0.         0.
 0.         0.01322674 0.         0.         0.         0.
 0.         0.         0.         0.         0.         0.
 0.         0.         0.         0.         0.         0.
 0.01604625 0.         0.         0.0201886  0.         0.
 0.         0.         0.         0.         0.         0.
 0.         0.        ]
deepbreaks
y_true:  [1. 1. 1. 1. 1. 1. 1. 1. 1. 1. 0. 0. 0. 0. 0. 0. 0. 0. 0. 0. 0. 0. 0. 0.
 0. 0. 0. 0. 0. 0. 1. 1. 1. 1. 1. 1. 1. 1. 1. 1. 1. 1. 1. 1. 1. 1. 1. 1.
 1. 1. 0. 0. 0. 0. 0. 0. 0. 0. 0. 0. 1. 1. 1. 1. 1. 1. 1. 1. 1. 1. 0. 0.
 0. 0. 0. 0. 0. 0. 0. 0. 1. 1. 1. 1. 1. 1. 1. 1. 1. 1. 0. 0. 0. 0. 0. 0.
 0. 0. 0. 0. 0. 0. 0. 0. 0. 0. 0. 0. 0. 0. 0. 0. 0. 0. 0. 0. 0. 0. 0. 0.
 0. 0. 0. 0. 0. 0. 0. 0. 0. 0. 0. 0. 0. 0. 0. 0. 0. 0. 0. 0. 0. 0. 0. 0.
 0. 0. 0. 0. 0. 0. 0. 0. 0. 0. 0. 0. 0. 0. 0. 0. 0. 0. 0. 0. 0. 0. 0. 0.
 0. 0. 0. 0. 0. 0. 0. 0. 0. 0. 0. 0. 0. 0. 0. 0. 0. 0. 0. 0. 0. 0. 0. 0.
 0. 0. 0. 0. 0. 0. 0. 0.]
y_pred:  [1. 1. 1. 1. 1. 1. 1. 1. 1. 1. 0. 0. 0. 0. 0. 0. 0. 0. 0. 0. 0. 0. 0. 0.
 0. 0. 0. 0. 0. 0. 1. 1. 1. 1. 1. 1. 1. 1. 1. 1. 1. 1. 1. 1. 1. 1. 1. 1.
 1. 1. 1. 1. 1. 1. 1. 1. 1. 1. 1. 1. 1. 1. 1. 1. 1. 1. 1. 1. 1. 1. 0. 0.
 0. 0. 0. 0. 0. 0. 0. 0. 0. 0. 0. 0. 0. 0. 0. 0. 0. 0. 1. 1. 1. 1. 1. 1.
 1. 1. 1. 1. 0. 0. 0. 0. 0. 0. 0. 0. 0. 0. 0. 0. 0. 0. 0. 0. 0. 0. 0. 0.
 0. 0. 0. 0. 0. 0. 0. 0. 0. 0. 0. 0. 0. 0. 0. 0. 0. 0. 0. 0. 0. 0. 0. 0.
 0. 0. 0. 0. 0. 0. 0. 0. 0. 0. 0. 0. 0. 0. 0. 0. 0. 0. 0. 0. 0. 0. 0. 0.
 0. 0. 0. 0. 0. 0. 0. 0. 0. 0. 0. 0. 0. 0. 0. 0. 0. 0. 0. 0. 0. 0. 0. 0.
 0. 0. 0. 0. 0. 0. 0. 0.]
Normalized importance:  [1.00000000e+00 3.93393393e-01 3.30330330e-01 9.57957958e-01
 5.85585586e-01 1.96996997e-01 6.12612613e-01 5.58558559e-01
 2.35135135e-01 5.46546547e-01 6.45645646e-01 3.84384384e-01
 2.46546547e-01 3.78378378e-01 4.32432432e-01 7.50750751e-01
 1.81381381e-01 0.00000000e+00 2.29129129e-01 1.70570571e-01
 0.00000000e+00 0.00000000e+00 2.23123123e-02 0.00000000e+00
 0.00000000e+00 0.00000000e+00 2.81081081e-01 5.52552553e-01
 0.00000000e+00 0.00000000e+00 7.68768769e-01 3.90390390e-01
 6.24624625e-01 4.83483483e-01 8.67867868e-01 2.95795796e-01
 5.55555556e-01 4.23423423e-01 7.35735736e-01 6.30630631e-04
 8.13813814e-01 8.49849850e-01 3.84384384e-01 1.47447447e-01
 8.04804805e-01 4.02402402e-01 4.86486486e-01 2.31231231e-01
 0.00000000e+00 7.80780781e-01 7.11711712e-01 3.66366366e-01
 5.58558559e-01 4.77477477e-01 5.25525526e-01 3.75375375e-01
 0.00000000e+00 3.90390390e-01 5.76576577e-01 2.65765766e-01
 8.46846847e-01 5.79579580e-01 2.06006006e-01 6.90690691e-01
 5.55555556e-01 2.12912913e-01 4.50450450e-01 3.72372372e-01
 5.94594595e-01 1.74774775e-01 2.53753754e-01 2.74474474e-01
 1.21921922e-01 0.00000000e+00 2.18918919e-01 1.32432432e-01
 2.40540541e-01 1.78378378e-01 1.16216216e-03 1.12012012e-01
 7.29729730e-01 5.85585586e-01 6.48648649e-01 2.95495495e-01
 1.98798799e-01 2.30930931e-01 5.85585586e-01 5.01501502e-01
 3.75375375e-01 5.88588589e-01 6.60660661e-01 5.16516517e-01
 2.05705706e-01 5.67567568e-01 4.08408408e-01 7.95795796e-01
 1.72372372e-01 0.00000000e+00 6.18618619e-01 1.99399399e-01
 0.00000000e+00 2.72072072e-01 4.53453453e-01 0.00000000e+00
 9.60960961e-02 0.00000000e+00 3.93393393e-01 2.54654655e-01
 0.00000000e+00 0.00000000e+00 0.00000000e+00 0.00000000e+00
 0.00000000e+00 2.85885886e-01 0.00000000e+00 0.00000000e+00
 8.46846847e-02 0.00000000e+00 1.06006006e-01 1.61561562e-01
 0.00000000e+00 9.36936937e-02 2.28528529e-01 6.66666667e-01
 9.81981982e-03 0.00000000e+00 0.00000000e+00 3.81381381e-01
 0.00000000e+00 0.00000000e+00 1.62162162e-01 0.00000000e+00
 1.94594595e-01 0.00000000e+00 1.93693694e-01 3.54354354e-01
 3.63363363e-01 0.00000000e+00 3.69369369e-01 1.67867868e-01
 0.00000000e+00 0.00000000e+00 0.00000000e+00 0.00000000e+00
 0.00000000e+00 0.00000000e+00 0.00000000e+00 0.00000000e+00
 0.00000000e+00 6.48648649e-03 2.21921922e-02 2.18618619e-01
 0.00000000e+00 5.58558559e-02 0.00000000e+00 3.96396396e-02
 0.00000000e+00 1.42342342e-01 0.00000000e+00 2.43543544e-01
 0.00000000e+00 0.00000000e+00 2.05405405e-01 0.00000000e+00
 1.20420420e-01 8.58858859e-02 1.64864865e-01 0.00000000e+00
 0.00000000e+00 2.06306306e-01 0.00000000e+00 6.57657658e-02
 0.00000000e+00 2.67267267e-01 0.00000000e+00 1.33033033e-01
 0.00000000e+00 0.00000000e+00 2.36036036e-01 0.00000000e+00
 0.00000000e+00 0.00000000e+00 2.53453453e-01 0.00000000e+00
 1.53153153e-01 0.00000000e+00 3.93393393e-01 0.00000000e+00
 2.72372372e-01 1.72372372e-01 2.90390390e-01 0.00000000e+00
 5.85585586e-02 1.18918919e-01 4.59459459e-01 0.00000000e+00
 0.00000000e+00 0.00000000e+00 0.00000000e+00 0.00000000e+00]
pyseer
y_true:  [1. 1. 1. 1. 1. 1. 1. 1. 1. 1. 0. 0. 0. 0. 0. 0. 0. 0. 0. 0. 0. 0. 0. 0.
 0. 0. 0. 0. 0. 0. 1. 1. 1. 1. 1. 1. 1. 1. 1. 1. 1. 1. 1. 1. 1. 1. 1. 1.
 1. 1. 0. 0. 0. 0. 0. 0. 0. 0. 0. 0. 1. 1. 1. 1. 1. 1. 1. 1. 1. 1. 0. 0.
 0. 0. 0. 0. 0. 0. 0. 0. 1. 1. 1. 1. 1. 1. 1. 1. 1. 1. 0. 0. 0. 0. 0. 0.
 0. 0. 0. 0. 0. 0. 0. 0. 0. 0. 0. 0. 0. 0. 0. 0. 0. 0. 0. 0. 0. 0. 0. 0.
 0. 0. 0. 0. 0. 0. 0. 0. 0. 0. 0. 0. 0. 0. 0. 0. 0. 0. 0. 0. 0. 0. 0. 0.
 0. 0. 0. 0. 0. 0. 0. 0. 0. 0. 0. 0. 0. 0. 0. 0. 0. 0. 0. 0. 0. 0. 0. 0.
 0. 0. 0. 0. 0. 0. 0. 0. 0. 0. 0. 0. 0. 0. 0. 0. 0. 0. 0. 0. 0. 0. 0. 0.
 0. 0. 0. 0. 0. 0. 0. 0.]
y_pred:  [1. 1. 1. 1. 1. 0. 1. 1. 0. 1. 1. 1. 0. 1. 1. 1. 0. 0. 0. 0. 0. 0. 0. 0.
 0. 0. 0. 1. 0. 0. 1. 1. 1. 1. 1. 1. 1. 1. 1. 0. 1. 1. 1. 0. 1. 1. 1. 0.
 0. 1. 1. 1. 1. 1. 1. 1. 0. 1. 1. 0. 1. 1. 0. 1. 1. 0. 1. 1. 1. 0. 0. 0.
 0. 0. 0. 0. 0. 0. 0. 0. 1. 1. 1. 0. 0. 0. 1. 1. 1. 1. 1. 1. 0. 1. 1. 1.
 0. 0. 1. 0. 0. 0. 1. 0. 0. 0. 1. 0. 0. 0. 0. 0. 0. 0. 0. 0. 0. 0. 0. 0.
 0. 0. 0. 1. 0. 0. 0. 1. 0. 0. 0. 0. 0. 0. 0. 1. 1. 0. 1. 0. 0. 0. 0. 0.
 0. 0. 0. 0. 0. 0. 0. 0. 0. 0. 0. 0. 0. 0. 0. 0. 0. 0. 0. 0. 0. 0. 0. 0.
 0. 0. 0. 0. 0. 0. 0. 0. 0. 0. 0. 0. 0. 0. 0. 0. 0. 0. 1. 0. 0. 0. 0. 0.
 0. 0. 1. 0. 0. 0. 0. 0.]
Time taken: 24.621819972991943 seconds
Running combination 30 of 50
Fitting RandomForest...
Fitting Adaboost...
Fitting AdaBoost_2...
Fitting et...
Fitting gbc...
Fitting gbc_2...
Fitting gbc_3...
Fitting dt...
Fitting lr...
Fitting Lasso_1...
Fitting Lasso_2...
Fitting Lasso_3...
Fitting Lasso_4...
Fitting elasticnet...
VCF file created successfully.
pyseer stderr:  Read 1000 phenotypes
Detected continuous phenotype
Reading all variants

0variants [00:00, ?variants/s]
48variants [00:00, 477.01variants/s]
96variants [00:00, 421.35variants/s]
148variants [00:00, 461.51variants/s]
198variants [00:00, 469.71variants/s]
Applying correlation filtering

  0%|          | 0/198 [00:00<?, ?variants/s]
100%|██████████| 198/198 [00:00<00:00, 2714.87variants/s]
Fitting elastic net to top 148 variants
Best penalty (lambda) from cross-validation: 7.38E+00
Best R^2 from cross-validation: 0.544
Finding and printing selected variants
198 loaded variants
50 pre-filtered variants
148 tested variants
134 printed variants

True importance standardized:  [1.         1.         1.         1.         1.         1.
 1.         1.         1.         1.         0.21516195 0.21516195
 0.21516195 0.21516195 0.21516195 0.21516195 0.21516195 0.21516195
 0.21516195 0.21516195 0.22070554 0.22070554 0.22070554 0.22070554
 0.22070554 0.22070554 0.22070554 0.22070554 0.22070554 0.22070554
 0.44498877 0.44498877 0.44498877 0.44498877 0.44498877 0.44498877
 0.44498877 0.44498877 0.44498877 0.44498877 0.22108854 0.22108854
 0.22108854 0.22108854 0.22108854 0.22108854 0.22108854 0.22108854
 0.22108854 0.22108854 0.1059257  0.1059257  0.1059257  0.1059257
 0.1059257  0.1059257  0.1059257  0.1059257  0.1059257  0.1059257
 0.81584405 0.81584405 0.81584405 0.81584405 0.81584405 0.81584405
 0.81584405 0.81584405 0.81584405 0.81584405 0.10607936 0.10607936
 0.10607936 0.10607936 0.10607936 0.10607936 0.10607936 0.10607936
 0.10607936 0.10607936 0.41649503 0.41649503 0.41649503 0.41649503
 0.41649503 0.41649503 0.41649503 0.41649503 0.41649503 0.41649503
 0.5250518  0.5250518  0.5250518  0.5250518  0.5250518  0.5250518
 0.5250518  0.5250518  0.5250518  0.5250518  0.         0.
 0.         0.         0.         0.         0.         0.
 0.         0.         0.         0.         0.         0.
 0.         0.         0.         0.         0.         0.
 0.         0.         0.         0.         0.         0.
 0.         0.         0.         0.         0.         0.
 0.         0.         0.         0.         0.         0.
 0.         0.         0.         0.         0.         0.
 0.         0.         0.         0.         0.         0.
 0.         0.         0.         0.         0.         0.
 0.         0.         0.         0.         0.         0.
 0.         0.         0.         0.         0.         0.
 0.         0.         0.         0.         0.         0.
 0.         0.         0.         0.         0.         0.
 0.         0.         0.         0.         0.         0.
 0.         0.         0.         0.         0.         0.
 0.         0.         0.         0.         0.         0.
 0.         0.        ]
Normalized importance:  [1.         1.         1.         1.         1.         1.
 1.         1.         1.         1.         0.         0.
 0.         0.         0.         0.01663634 0.         0.03219357
 0.         0.         0.04155175 0.04155175 0.04155175 0.04155175
 0.04155175 0.04155175 0.04155175 0.04155175 0.04155175 0.04155175
 0.29947304 0.29947304 0.29947304 0.29947304 0.29947304 0.29947304
 0.29947304 0.29947304 0.29947304 0.29947304 0.06079785 0.06079785
 0.06079785 0.06079785 0.06079785 0.06079785 0.06079785 0.06079785
 0.06079785 0.06079785 0.06439183 0.06439183 0.         0.
 0.06439183 0.06439183 0.06439183 0.06439183 0.06439183 0.06439183
 0.80382867 0.80382867 0.80382867 0.80382867 0.80382867 0.80382867
 0.80382867 0.80382867 0.80382867 0.80382867 0.01376339 0.01376339
 0.01376339 0.01376339 0.         0.         0.01376339 0.01376339
 0.01376339 0.         0.26626461 0.26626461 0.26626461 0.26626461
 0.26626461 0.26626461 0.26626461 0.26626461 0.26626461 0.26626461
 0.31535717 0.31535717 0.31535717 0.31535717 0.31535717 0.31535717
 0.31535717 0.31535717 0.31535717 0.31535717 0.02328322 0.
 0.         0.         0.         0.         0.         0.
 0.01355164 0.03571492 0.         0.01498745 0.         0.
 0.01681555 0.         0.         0.         0.         0.
 0.         0.         0.         0.         0.         0.
 0.         0.         0.         0.01628075 0.         0.
 0.00664821 0.01690354 0.00891754 0.         0.         0.
 0.         0.         0.         0.         0.         0.
 0.         0.         0.         0.01606938 0.         0.
 0.         0.01535666 0.         0.         0.         0.
 0.         0.         0.         0.         0.         0.
 0.         0.         0.         0.         0.         0.
 0.         0.         0.         0.         0.         0.
 0.         0.         0.02849597 0.00329687 0.         0.
 0.         0.         0.         0.         0.         0.
 0.         0.         0.00201066 0.         0.         0.
 0.         0.         0.         0.01356487 0.         0.
 0.         0.        ]
deepbreaks
y_true:  [1. 1. 1. 1. 1. 1. 1. 1. 1. 1. 0. 0. 0. 0. 0. 0. 0. 0. 0. 0. 0. 0. 0. 0.
 0. 0. 0. 0. 0. 0. 1. 1. 1. 1. 1. 1. 1. 1. 1. 1. 0. 0. 0. 0. 0. 0. 0. 0.
 0. 0. 0. 0. 0. 0. 0. 0. 0. 0. 0. 0. 1. 1. 1. 1. 1. 1. 1. 1. 1. 1. 0. 0.
 0. 0. 0. 0. 0. 0. 0. 0. 1. 1. 1. 1. 1. 1. 1. 1. 1. 1. 1. 1. 1. 1. 1. 1.
 1. 1. 1. 1. 0. 0. 0. 0. 0. 0. 0. 0. 0. 0. 0. 0. 0. 0. 0. 0. 0. 0. 0. 0.
 0. 0. 0. 0. 0. 0. 0. 0. 0. 0. 0. 0. 0. 0. 0. 0. 0. 0. 0. 0. 0. 0. 0. 0.
 0. 0. 0. 0. 0. 0. 0. 0. 0. 0. 0. 0. 0. 0. 0. 0. 0. 0. 0. 0. 0. 0. 0. 0.
 0. 0. 0. 0. 0. 0. 0. 0. 0. 0. 0. 0. 0. 0. 0. 0. 0. 0. 0. 0. 0. 0. 0. 0.
 0. 0. 0. 0. 0. 0. 0. 0.]
y_pred:  [1. 1. 1. 1. 1. 1. 1. 1. 1. 1. 0. 0. 0. 0. 0. 0. 0. 0. 0. 0. 0. 0. 0. 0.
 0. 0. 0. 0. 0. 0. 1. 1. 1. 1. 1. 1. 1. 1. 1. 1. 0. 0. 0. 0. 0. 0. 0. 0.
 0. 0. 1. 1. 0. 0. 1. 1. 1. 1. 1. 1. 1. 1. 1. 1. 1. 1. 1. 1. 1. 1. 0. 0.
 0. 0. 0. 0. 0. 0. 0. 0. 1. 1. 1. 1. 1. 1. 1. 1. 1. 1. 1. 1. 1. 1. 1. 1.
 1. 1. 1. 1. 0. 0. 0. 0. 0. 0. 0. 0. 0. 0. 0. 0. 0. 0. 0. 0. 0. 0. 0. 0.
 0. 0. 0. 0. 0. 0. 0. 0. 0. 0. 0. 0. 0. 0. 0. 0. 0. 0. 0. 0. 0. 0. 0. 0.
 0. 0. 0. 0. 0. 0. 0. 0. 0. 0. 0. 0. 0. 0. 0. 0. 0. 0. 0. 0. 0. 0. 0. 0.
 0. 0. 0. 0. 0. 0. 0. 0. 0. 0. 0. 0. 0. 0. 0. 0. 0. 0. 0. 0. 0. 0. 0. 0.
 0. 0. 0. 0. 0. 0. 0. 0.]
Normalized importance:  [1.00000000e+00 4.64285714e-01 4.22767857e-01 3.15178571e-01
 3.16071429e-01 4.33035714e-01 4.64285714e-01 3.35714286e-01
 4.68750000e-01 5.04464286e-01 1.85714286e-01 1.24107143e-01
 4.95535714e-03 1.14285714e-01 0.00000000e+00 2.97767857e-01
 1.14285714e-02 1.22767857e-01 3.71875000e-02 0.00000000e+00
 1.44642857e-01 1.75000000e-01 3.32142857e-01 2.55357143e-02
 1.37500000e-01 2.90625000e-02 2.02678571e-01 0.00000000e+00
 7.58928571e-02 0.00000000e+00 4.19196429e-01 2.33035714e-01
 3.33928571e-01 1.70089286e-01 1.01339286e-01 1.35267857e-01
 1.91517857e-01 2.51339286e-01 1.95535714e-01 2.37946429e-01
 2.18303571e-01 1.03571429e-03 1.73214286e-01 1.91517857e-02
 2.29910714e-03 1.05803571e-01 3.11607143e-01 1.29910714e-01
 8.97321429e-02 1.16517857e-01 2.26339286e-02 9.10714286e-02
 6.29464286e-02 0.00000000e+00 2.08928571e-01 2.21428571e-01
 6.20535714e-02 2.70535714e-01 4.00446429e-02 9.68750000e-02
 6.65178571e-01 4.95535714e-01 2.76785714e-01 3.80357143e-01
 3.50446429e-01 4.50892857e-01 3.06696429e-01 3.36607143e-01
 1.28125000e-01 5.40178571e-01 7.05357143e-02 6.87500000e-02
 0.00000000e+00 9.28571429e-02 0.00000000e+00 1.66517857e-01
 3.95535714e-01 7.36607143e-02 0.00000000e+00 3.04910714e-02
 3.42857143e-01 9.73214286e-02 2.28571429e-01 1.04017857e-01
 2.58035714e-01 2.01339286e-01 3.87053571e-01 1.81250000e-02
 1.47321429e-01 3.48214286e-01 4.33928571e-01 2.28571429e-01
 3.85714286e-01 2.33928571e-01 4.40178571e-01 4.59821429e-01
 8.30357143e-03 7.41071429e-03 8.88392857e-02 5.80357143e-02
 1.96428571e-01 0.00000000e+00 0.00000000e+00 0.00000000e+00
 1.71875000e-01 0.00000000e+00 1.64732143e-02 4.16071429e-02
 0.00000000e+00 1.64285714e-01 0.00000000e+00 2.13839286e-01
 6.96428571e-02 0.00000000e+00 3.22767857e-01 0.00000000e+00
 0.00000000e+00 2.20089286e-02 0.00000000e+00 6.07142857e-04
 0.00000000e+00 0.00000000e+00 0.00000000e+00 9.50892857e-02
 0.00000000e+00 0.00000000e+00 0.00000000e+00 0.00000000e+00
 0.00000000e+00 2.01785714e-01 1.66964286e-01 0.00000000e+00
 1.10267857e-02 7.67857143e-02 7.81250000e-02 0.00000000e+00
 6.87500000e-02 0.00000000e+00 1.87053571e-02 0.00000000e+00
 0.00000000e+00 1.29910714e-02 0.00000000e+00 0.00000000e+00
 2.97321429e-02 0.00000000e+00 0.00000000e+00 2.61607143e-01
 7.76785714e-02 1.46875000e-01 2.05357143e-01 2.96875000e-01
 0.00000000e+00 2.45089286e-02 0.00000000e+00 0.00000000e+00
 0.00000000e+00 6.87500000e-02 1.61160714e-01 0.00000000e+00
 0.00000000e+00 0.00000000e+00 2.19642857e-01 0.00000000e+00
 0.00000000e+00 5.00000000e-02 9.33035714e-02 9.24107143e-02
 0.00000000e+00 0.00000000e+00 0.00000000e+00 1.38839286e-01
 0.00000000e+00 0.00000000e+00 0.00000000e+00 1.60714286e-01
 3.02678571e-01 8.88392857e-02 8.30357143e-02 0.00000000e+00
 0.00000000e+00 0.00000000e+00 2.16071429e-01 0.00000000e+00
 0.00000000e+00 0.00000000e+00 0.00000000e+00 1.33928571e-01
 1.54017857e-01 0.00000000e+00 0.00000000e+00 1.56696429e-01
 0.00000000e+00 0.00000000e+00 0.00000000e+00 2.05803571e-01
 0.00000000e+00 0.00000000e+00 0.00000000e+00 0.00000000e+00]
pyseer
y_true:  [1. 1. 1. 1. 1. 1. 1. 1. 1. 1. 0. 0. 0. 0. 0. 0. 0. 0. 0. 0. 0. 0. 0. 0.
 0. 0. 0. 0. 0. 0. 1. 1. 1. 1. 1. 1. 1. 1. 1. 1. 0. 0. 0. 0. 0. 0. 0. 0.
 0. 0. 0. 0. 0. 0. 0. 0. 0. 0. 0. 0. 1. 1. 1. 1. 1. 1. 1. 1. 1. 1. 0. 0.
 0. 0. 0. 0. 0. 0. 0. 0. 1. 1. 1. 1. 1. 1. 1. 1. 1. 1. 1. 1. 1. 1. 1. 1.
 1. 1. 1. 1. 0. 0. 0. 0. 0. 0. 0. 0. 0. 0. 0. 0. 0. 0. 0. 0. 0. 0. 0. 0.
 0. 0. 0. 0. 0. 0. 0. 0. 0. 0. 0. 0. 0. 0. 0. 0. 0. 0. 0. 0. 0. 0. 0. 0.
 0. 0. 0. 0. 0. 0. 0. 0. 0. 0. 0. 0. 0. 0. 0. 0. 0. 0. 0. 0. 0. 0. 0. 0.
 0. 0. 0. 0. 0. 0. 0. 0. 0. 0. 0. 0. 0. 0. 0. 0. 0. 0. 0. 0. 0. 0. 0. 0.
 0. 0. 0. 0. 0. 0. 0. 0.]
y_pred:  [1. 1. 1. 1. 1. 1. 1. 1. 1. 1. 1. 0. 0. 0. 0. 1. 0. 0. 0. 0. 0. 1. 1. 0.
 0. 0. 1. 0. 0. 0. 1. 1. 1. 1. 0. 0. 1. 1. 1. 1. 1. 0. 1. 0. 0. 0. 1. 0.
 0. 0. 0. 0. 0. 0. 1. 1. 0. 1. 0. 0. 1. 1. 1. 1. 1. 1. 1. 1. 0. 1. 0. 0.
 0. 0. 0. 1. 1. 0. 0. 0. 1. 0. 1. 0. 1. 1. 1. 0. 0. 1. 1. 1. 1. 1. 1. 1.
 0. 0. 0. 0. 1. 0. 0. 0. 1. 0. 0. 0. 0. 1. 0. 1. 0. 0. 1. 0. 0. 0. 0. 0.
 0. 0. 0. 0. 0. 0. 0. 0. 0. 1. 1. 0. 0. 0. 0. 0. 0. 0. 0. 0. 0. 0. 0. 0.
 0. 0. 0. 1. 0. 0. 1. 1. 0. 0. 0. 0. 0. 0. 1. 0. 0. 0. 1. 0. 0. 0. 0. 0.
 0. 0. 0. 0. 0. 0. 0. 0. 1. 0. 0. 0. 0. 0. 1. 0. 0. 0. 0. 0. 0. 0. 0. 0.
 0. 0. 0. 1. 0. 0. 0. 0.]
Time taken: 23.943464994430542 seconds
Running combination 31 of 50
Fitting RandomForest...
Fitting Adaboost...
Fitting AdaBoost_2...
Fitting et...
Fitting gbc...
Fitting gbc_2...
Fitting gbc_3...
Fitting dt...
Fitting lr...
Fitting Lasso_1...
Fitting Lasso_2...
Fitting Lasso_3...
Fitting Lasso_4...
Fitting elasticnet...
VCF file created successfully.
pyseer stderr:  Read 1000 phenotypes
Detected continuous phenotype
Reading all variants

0variants [00:00, ?variants/s]
53variants [00:00, 529.18variants/s]
106variants [00:00, 469.43variants/s]
161variants [00:00, 501.05variants/s]
198variants [00:00, 507.28variants/s]
Applying correlation filtering

  0%|          | 0/198 [00:00<?, ?variants/s]
100%|██████████| 198/198 [00:00<00:00, 2680.50variants/s]
Fitting elastic net to top 148 variants
Best penalty (lambda) from cross-validation: 7.26E+01
Best R^2 from cross-validation: 0.453
Finding and printing selected variants
198 loaded variants
50 pre-filtered variants
148 tested variants
143 printed variants

True importance standardized:  [0.92869196 0.92869196 0.92869196 0.92869196 0.92869196 0.92869196
 0.92869196 0.92869196 0.92869196 0.92869196 0.83615377 0.83615377
 0.83615377 0.83615377 0.83615377 0.83615377 0.83615377 0.83615377
 0.83615377 0.83615377 0.19912554 0.19912554 0.19912554 0.19912554
 0.19912554 0.19912554 0.19912554 0.19912554 0.19912554 0.19912554
 0.77812859 0.77812859 0.77812859 0.77812859 0.77812859 0.77812859
 0.77812859 0.77812859 0.77812859 0.77812859 0.87090874 0.87090874
 0.87090874 0.87090874 0.87090874 0.87090874 0.87090874 0.87090874
 0.87090874 0.87090874 0.36623586 0.36623586 0.36623586 0.36623586
 0.36623586 0.36623586 0.36623586 0.36623586 0.36623586 0.36623586
 0.48546369 0.48546369 0.48546369 0.48546369 0.48546369 0.48546369
 0.48546369 0.48546369 0.48546369 0.48546369 0.97603443 0.97603443
 0.97603443 0.97603443 0.97603443 0.97603443 0.97603443 0.97603443
 0.97603443 0.97603443 1.         1.         1.         1.
 1.         1.         1.         1.         1.         1.
 0.54458618 0.54458618 0.54458618 0.54458618 0.54458618 0.54458618
 0.54458618 0.54458618 0.54458618 0.54458618 0.         0.
 0.         0.         0.         0.         0.         0.
 0.         0.         0.         0.         0.         0.
 0.         0.         0.         0.         0.         0.
 0.         0.         0.         0.         0.         0.
 0.         0.         0.         0.         0.         0.
 0.         0.         0.         0.         0.         0.
 0.         0.         0.         0.         0.         0.
 0.         0.         0.         0.         0.         0.
 0.         0.         0.         0.         0.         0.
 0.         0.         0.         0.         0.         0.
 0.         0.         0.         0.         0.         0.
 0.         0.         0.         0.         0.         0.
 0.         0.         0.         0.         0.         0.
 0.         0.         0.         0.         0.         0.
 0.         0.         0.         0.         0.         0.
 0.         0.         0.         0.         0.         0.
 0.         0.        ]
Normalized importance:  [0.42181068 0.42181068 0.42181068 0.42181068 0.42181068 0.42181068
 0.42181068 0.42181068 0.42181068 0.42181068 0.83206127 0.83206127
 0.83206127 0.83206127 0.83206127 0.83206127 0.83206127 0.83206127
 0.83206127 0.83206127 0.         0.         0.         0.
 0.         0.         0.         0.         0.03526817 0.
 0.60400202 0.60400202 0.60400202 0.60400202 0.60400202 0.60400202
 0.60400202 0.60400202 0.60400202 0.60400202 0.60596466 0.60596466
 0.60596466 0.60596466 0.60596466 0.60596466 0.60596466 0.60596466
 0.60596466 0.60596466 0.11124884 0.11124884 0.11124884 0.11124884
 0.11124884 0.11124884 0.11124884 0.11124884 0.11124884 0.11124884
 0.22764228 0.22764228 0.22764228 0.22764228 0.22764228 0.22764228
 0.22764228 0.22764228 0.22764228 0.22764228 1.         1.
 1.         1.         1.         1.         1.         1.
 1.         1.         0.98778424 0.98778424 0.98778424 0.98778424
 0.98778424 0.98778424 0.98778424 0.98778424 0.98778424 0.98778424
 0.10570873 0.10570873 0.10570873 0.10570873 0.10570873 0.10570873
 0.10570873 0.10570873 0.         0.10570873 0.         0.
 0.         0.         0.         0.06967368 0.         0.01619872
 0.         0.         0.         0.0108688  0.         0.
 0.         0.         0.         0.         0.         0.
 0.         0.         0.         0.02335326 0.         0.
 0.         0.         0.         0.         0.         0.
 0.         0.         0.         0.01350966 0.         0.
 0.         0.         0.         0.         0.         0.
 0.         0.         0.         0.         0.         0.
 0.         0.         0.         0.         0.         0.
 0.         0.         0.         0.         0.05653289 0.
 0.         0.         0.02343913 0.         0.         0.
 0.         0.         0.         0.         0.06341615 0.
 0.         0.         0.         0.         0.         0.01051355
 0.         0.         0.         0.         0.         0.
 0.         0.         0.         0.         0.         0.
 0.         0.         0.         0.         0.         0.
 0.         0.        ]
deepbreaks
y_true:  [1. 1. 1. 1. 1. 1. 1. 1. 1. 1. 1. 1. 1. 1. 1. 1. 1. 1. 1. 1. 0. 0. 0. 0.
 0. 0. 0. 0. 0. 0. 0. 0. 0. 0. 0. 0. 0. 0. 0. 0. 1. 1. 1. 1. 1. 1. 1. 1.
 1. 1. 0. 0. 0. 0. 0. 0. 0. 0. 0. 0. 0. 0. 0. 0. 0. 0. 0. 0. 0. 0. 1. 1.
 1. 1. 1. 1. 1. 1. 1. 1. 1. 1. 1. 1. 1. 1. 1. 1. 1. 1. 0. 0. 0. 0. 0. 0.
 0. 0. 0. 0. 0. 0. 0. 0. 0. 0. 0. 0. 0. 0. 0. 0. 0. 0. 0. 0. 0. 0. 0. 0.
 0. 0. 0. 0. 0. 0. 0. 0. 0. 0. 0. 0. 0. 0. 0. 0. 0. 0. 0. 0. 0. 0. 0. 0.
 0. 0. 0. 0. 0. 0. 0. 0. 0. 0. 0. 0. 0. 0. 0. 0. 0. 0. 0. 0. 0. 0. 0. 0.
 0. 0. 0. 0. 0. 0. 0. 0. 0. 0. 0. 0. 0. 0. 0. 0. 0. 0. 0. 0. 0. 0. 0. 0.
 0. 0. 0. 0. 0. 0. 0. 0.]
y_pred:  [0. 0. 0. 0. 0. 0. 0. 0. 0. 0. 1. 1. 1. 1. 1. 1. 1. 1. 1. 1. 0. 0. 0. 0.
 0. 0. 0. 0. 0. 0. 1. 1. 1. 1. 1. 1. 1. 1. 1. 1. 1. 1. 1. 1. 1. 1. 1. 1.
 1. 1. 0. 0. 0. 0. 0. 0. 0. 0. 0. 0. 0. 0. 0. 0. 0. 0. 0. 0. 0. 0. 1. 1.
 1. 1. 1. 1. 1. 1. 1. 1. 1. 1. 1. 1. 1. 1. 1. 1. 1. 1. 0. 0. 0. 0. 0. 0.
 0. 0. 0. 0. 0. 0. 0. 0. 0. 0. 0. 0. 0. 0. 0. 0. 0. 0. 0. 0. 0. 0. 0. 0.
 0. 0. 0. 0. 0. 0. 0. 0. 0. 0. 0. 0. 0. 0. 0. 0. 0. 0. 0. 0. 0. 0. 0. 0.
 0. 0. 0. 0. 0. 0. 0. 0. 0. 0. 0. 0. 0. 0. 0. 0. 0. 0. 0. 0. 0. 0. 0. 0.
 0. 0. 0. 0. 0. 0. 0. 0. 0. 0. 0. 0. 0. 0. 0. 0. 0. 0. 0. 0. 0. 0. 0. 0.
 0. 0. 0. 0. 0. 0. 0. 0.]
Normalized importance:  [7.67441860e-01 2.86046512e-03 6.31782946e-01 4.51162791e-01
 0.00000000e+00 5.58139535e-01 2.34108527e-01 4.83720930e-01
 5.35658915e-01 1.00000000e+00 5.34108527e-01 6.10852713e-01
 4.91472868e-01 2.51162791e-01 4.29457364e-01 2.72868217e-01
 6.49612403e-01 8.21705426e-01 4.63565891e-01 1.31782946e-01
 0.00000000e+00 0.00000000e+00 0.00000000e+00 0.00000000e+00
 0.00000000e+00 0.00000000e+00 0.00000000e+00 0.00000000e+00
 7.82945736e-01 0.00000000e+00 7.65116279e-01 5.42635659e-01
 7.27131783e-01 4.38759690e-01 5.91472868e-01 1.19379845e-01
 6.12403101e-01 1.36434109e-01 3.72093023e-01 4.51162791e-01
 7.18604651e-01 3.31007752e-01 2.00000000e-01 5.22480620e-01
 4.89922481e-01 5.28682171e-01 8.75968992e-01 1.78294574e-01
 3.34883721e-01 6.43410853e-01 4.08527132e-01 4.13178295e-01
 6.78294574e-02 2.16279070e-01 0.00000000e+00 2.10077519e-01
 3.36434109e-01 2.31007752e-01 4.82945736e-01 5.15503876e-01
 3.63565891e-01 7.65891473e-03 1.48837209e-01 3.01550388e-01
 1.06976744e-01 4.96124031e-01 5.74418605e-03 3.93023256e-01
 6.42635659e-01 4.64341085e-01 9.53488372e-01 5.16279070e-01
 4.90697674e-01 6.20930233e-01 5.82945736e-01 1.22480620e-01
 9.14728682e-01 3.72093023e-01 5.50387597e-02 6.17054264e-01
 9.22480620e-01 2.77519380e-01 6.80620155e-01 2.50387597e-01
 7.33333333e-01 9.84496124e-01 8.06201550e-01 2.56589147e-01
 4.58914729e-01 3.13953488e-01 5.30232558e-01 6.72093023e-01
 2.38759690e-01 0.00000000e+00 4.84496124e-01 3.44961240e-01
 5.24031008e-04 4.21705426e-01 9.14728682e-01 2.77519380e-01
 0.00000000e+00 2.60465116e-01 0.00000000e+00 4.38759690e-01
 2.11627907e-01 8.29457364e-01 6.24031008e-02 4.11627907e-01
 5.18604651e-02 1.54263566e-01 3.27131783e-02 5.52713178e-01
 0.00000000e+00 0.00000000e+00 0.00000000e+00 0.00000000e+00
 0.00000000e+00 0.00000000e+00 0.00000000e+00 3.24031008e-01
 3.39534884e-01 2.41085271e-01 0.00000000e+00 6.91472868e-01
 4.48837209e-01 0.00000000e+00 0.00000000e+00 0.00000000e+00
 2.25581395e-01 0.00000000e+00 4.07751938e-01 0.00000000e+00
 0.00000000e+00 3.27906977e-01 3.48062016e-01 3.32558140e-01
 2.38759690e-01 1.72093023e-02 3.09302326e-01 0.00000000e+00
 1.79844961e-01 9.37984496e-02 2.14728682e-01 0.00000000e+00
 0.00000000e+00 3.70542636e-01 3.10852713e-01 0.00000000e+00
 0.00000000e+00 4.89922481e-01 7.90697674e-02 1.73643411e-01
 0.00000000e+00 1.02325581e-01 2.47286822e-02 0.00000000e+00
 0.00000000e+00 2.54263566e-01 0.00000000e+00 5.05426357e-01
 9.61240310e-02 3.81395349e-02 6.90697674e-02 4.37209302e-01
 4.92248062e-01 0.00000000e+00 0.00000000e+00 1.35658915e-01
 0.00000000e+00 1.54263566e-01 3.41860465e-01 6.46511628e-01
 6.08527132e-01 2.34108527e-01 1.05426357e-01 0.00000000e+00
 2.97674419e-01 9.30232558e-02 0.00000000e+00 5.68992248e-01
 0.00000000e+00 0.00000000e+00 1.82170543e-01 0.00000000e+00
 1.15503876e-01 0.00000000e+00 4.75968992e-01 2.96124031e-02
 0.00000000e+00 0.00000000e+00 1.51937984e-01 0.00000000e+00
 0.00000000e+00 0.00000000e+00 0.00000000e+00 0.00000000e+00
 0.00000000e+00 0.00000000e+00 0.00000000e+00 0.00000000e+00]
pyseer
y_true:  [1. 1. 1. 1. 1. 1. 1. 1. 1. 1. 1. 1. 1. 1. 1. 1. 1. 1. 1. 1. 0. 0. 0. 0.
 0. 0. 0. 0. 0. 0. 0. 0. 0. 0. 0. 0. 0. 0. 0. 0. 1. 1. 1. 1. 1. 1. 1. 1.
 1. 1. 0. 0. 0. 0. 0. 0. 0. 0. 0. 0. 0. 0. 0. 0. 0. 0. 0. 0. 0. 0. 1. 1.
 1. 1. 1. 1. 1. 1. 1. 1. 1. 1. 1. 1. 1. 1. 1. 1. 1. 1. 0. 0. 0. 0. 0. 0.
 0. 0. 0. 0. 0. 0. 0. 0. 0. 0. 0. 0. 0. 0. 0. 0. 0. 0. 0. 0. 0. 0. 0. 0.
 0. 0. 0. 0. 0. 0. 0. 0. 0. 0. 0. 0. 0. 0. 0. 0. 0. 0. 0. 0. 0. 0. 0. 0.
 0. 0. 0. 0. 0. 0. 0. 0. 0. 0. 0. 0. 0. 0. 0. 0. 0. 0. 0. 0. 0. 0. 0. 0.
 0. 0. 0. 0. 0. 0. 0. 0. 0. 0. 0. 0. 0. 0. 0. 0. 0. 0. 0. 0. 0. 0. 0. 0.
 0. 0. 0. 0. 0. 0. 0. 0.]
y_pred:  [1. 0. 1. 1. 0. 1. 0. 1. 1. 1. 1. 1. 1. 0. 1. 0. 1. 1. 1. 0. 0. 0. 0. 0.
 0. 0. 0. 0. 1. 0. 1. 1. 1. 1. 1. 0. 1. 0. 1. 1. 1. 0. 0. 1. 1. 1. 1. 0.
 0. 1. 1. 1. 0. 0. 0. 0. 0. 0. 1. 1. 0. 0. 0. 0. 0. 1. 0. 1. 1. 1. 1. 1.
 1. 1. 1. 0. 1. 1. 0. 1. 1. 0. 1. 0. 1. 1. 1. 0. 1. 0. 1. 1. 0. 0. 1. 0.
 0. 1. 1. 0. 0. 0. 0. 1. 0. 1. 0. 1. 0. 0. 0. 1. 0. 0. 0. 0. 0. 0. 0. 0.
 0. 0. 0. 1. 1. 0. 0. 0. 0. 0. 1. 0. 0. 0. 0. 0. 0. 0. 0. 0. 0. 0. 0. 0.
 0. 1. 0. 0. 0. 1. 0. 0. 0. 0. 0. 0. 0. 0. 0. 1. 0. 0. 0. 1. 1. 0. 0. 0.
 0. 0. 0. 1. 1. 0. 0. 0. 0. 0. 0. 1. 0. 0. 0. 0. 0. 0. 1. 0. 0. 0. 0. 0.
 0. 0. 0. 0. 0. 0. 0. 0.]
Time taken: 23.943299531936646 seconds
Running combination 32 of 50
Fitting RandomForest...
Fitting Adaboost...
Fitting AdaBoost_2...
Fitting et...
Fitting gbc...
Fitting gbc_2...
Fitting gbc_3...
Fitting dt...
Fitting lr...
Fitting Lasso_1...
Fitting Lasso_2...
Fitting Lasso_3...
Fitting Lasso_4...
Fitting elasticnet...
VCF file created successfully.
pyseer stderr:  Read 1000 phenotypes
Detected continuous phenotype
Reading all variants

0variants [00:00, ?variants/s]
54variants [00:00, 535.35variants/s]
108variants [00:00, 476.22variants/s]
164variants [00:00, 509.32variants/s]
198variants [00:00, 513.86variants/s]
Applying correlation filtering

  0%|          | 0/198 [00:00<?, ?variants/s]
100%|██████████| 198/198 [00:00<00:00, 2723.11variants/s]
Fitting elastic net to top 148 variants
Best penalty (lambda) from cross-validation: 1.44E+01
Best R^2 from cross-validation: 0.546
Finding and printing selected variants
198 loaded variants
50 pre-filtered variants
148 tested variants
133 printed variants

True importance standardized:  [0.55503152 0.55503152 0.55503152 0.55503152 0.55503152 0.55503152
 0.55503152 0.55503152 0.55503152 0.55503152 0.93828679 0.93828679
 0.93828679 0.93828679 0.93828679 0.93828679 0.93828679 0.93828679
 0.93828679 0.93828679 0.26191645 0.26191645 0.26191645 0.26191645
 0.26191645 0.26191645 0.26191645 0.26191645 0.26191645 0.26191645
 0.79076282 0.79076282 0.79076282 0.79076282 0.79076282 0.79076282
 0.79076282 0.79076282 0.79076282 0.79076282 0.17086008 0.17086008
 0.17086008 0.17086008 0.17086008 0.17086008 0.17086008 0.17086008
 0.17086008 0.17086008 0.48645517 0.48645517 0.48645517 0.48645517
 0.48645517 0.48645517 0.48645517 0.48645517 0.48645517 0.48645517
 0.91739235 0.91739235 0.91739235 0.91739235 0.91739235 0.91739235
 0.91739235 0.91739235 0.91739235 0.91739235 0.1711488  0.1711488
 0.1711488  0.1711488  0.1711488  0.1711488  0.1711488  0.1711488
 0.1711488  0.1711488  1.         1.         1.         1.
 1.         1.         1.         1.         1.         1.
 0.3344512  0.3344512  0.3344512  0.3344512  0.3344512  0.3344512
 0.3344512  0.3344512  0.3344512  0.3344512  0.         0.
 0.         0.         0.         0.         0.         0.
 0.         0.         0.         0.         0.         0.
 0.         0.         0.         0.         0.         0.
 0.         0.         0.         0.         0.         0.
 0.         0.         0.         0.         0.         0.
 0.         0.         0.         0.         0.         0.
 0.         0.         0.         0.         0.         0.
 0.         0.         0.         0.         0.         0.
 0.         0.         0.         0.         0.         0.
 0.         0.         0.         0.         0.         0.
 0.         0.         0.         0.         0.         0.
 0.         0.         0.         0.         0.         0.
 0.         0.         0.         0.         0.         0.
 0.         0.         0.         0.         0.         0.
 0.         0.         0.         0.         0.         0.
 0.         0.         0.         0.         0.         0.
 0.         0.        ]
Normalized importance:  [0.23087844 0.23087844 0.23087844 0.23087844 0.23087844 0.23087844
 0.23087844 0.23087844 0.23087844 0.23087844 0.70949602 0.70949602
 0.70949602 0.70949602 0.70949602 0.70949602 0.70949602 0.70949602
 0.70949602 0.70949602 0.13026785 0.13026785 0.13026785 0.13026785
 0.13026785 0.13026785 0.13026785 0.13026785 0.13026785 0.13026785
 0.71643692 0.71643692 0.71643692 0.71643692 0.71643692 0.71643692
 0.71643692 0.71643692 0.71643692 0.71643692 0.         0.
 0.         0.04831008 0.         0.         0.         0.
 0.         0.         0.12679632 0.12679632 0.12679632 0.12679632
 0.12679632 0.12679632 0.12679632 0.12679632 0.12679632 0.12679632
 1.         1.         1.         1.         1.         1.
 1.         1.         1.         1.         0.         0.
 0.         0.         0.         0.         0.         0.
 0.         0.         0.82971759 0.82971759 0.82971759 0.82971759
 0.82971759 0.82971759 0.82971759 0.82971759 0.82971759 0.82971759
 0.12010401 0.12010401 0.12010401 0.12010401 0.12010401 0.12010401
 0.12010401 0.12010401 0.12010401 0.12010401 0.         0.
 0.         0.         0.         0.         0.         0.02401035
 0.         0.         0.         0.         0.         0.00342247
 0.         0.         0.         0.         0.         0.
 0.         0.         0.         0.         0.         0.
 0.         0.         0.         0.         0.         0.
 0.03437579 0.         0.01971936 0.         0.05296019 0.
 0.         0.         0.         0.         0.         0.
 0.         0.         0.         0.         0.         0.
 0.         0.         0.         0.         0.01732438 0.
 0.         0.         0.         0.         0.         0.
 0.02535419 0.         0.         0.         0.         0.
 0.         0.         0.         0.         0.         0.
 0.         0.         0.         0.         0.         0.
 0.         0.01587879 0.         0.         0.         0.
 0.         0.         0.         0.02780428 0.         0.
 0.         0.         0.         0.         0.         0.
 0.         0.        ]
deepbreaks
y_true:  [1. 1. 1. 1. 1. 1. 1. 1. 1. 1. 1. 1. 1. 1. 1. 1. 1. 1. 1. 1. 0. 0. 0. 0.
 0. 0. 0. 0. 0. 0. 1. 1. 1. 1. 1. 1. 1. 1. 1. 1. 0. 0. 0. 0. 0. 0. 0. 0.
 0. 0. 0. 0. 0. 0. 0. 0. 0. 0. 0. 0. 1. 1. 1. 1. 1. 1. 1. 1. 1. 1. 0. 0.
 0. 0. 0. 0. 0. 0. 0. 0. 1. 1. 1. 1. 1. 1. 1. 1. 1. 1. 0. 0. 0. 0. 0. 0.
 0. 0. 0. 0. 0. 0. 0. 0. 0. 0. 0. 0. 0. 0. 0. 0. 0. 0. 0. 0. 0. 0. 0. 0.
 0. 0. 0. 0. 0. 0. 0. 0. 0. 0. 0. 0. 0. 0. 0. 0. 0. 0. 0. 0. 0. 0. 0. 0.
 0. 0. 0. 0. 0. 0. 0. 0. 0. 0. 0. 0. 0. 0. 0. 0. 0. 0. 0. 0. 0. 0. 0. 0.
 0. 0. 0. 0. 0. 0. 0. 0. 0. 0. 0. 0. 0. 0. 0. 0. 0. 0. 0. 0. 0. 0. 0. 0.
 0. 0. 0. 0. 0. 0. 0. 0.]
y_pred:  [1. 1. 1. 1. 1. 1. 1. 1. 1. 1. 1. 1. 1. 1. 1. 1. 1. 1. 1. 1. 0. 0. 0. 0.
 0. 0. 0. 0. 0. 0. 1. 1. 1. 1. 1. 1. 1. 1. 1. 1. 0. 0. 0. 0. 0. 0. 0. 0.
 0. 0. 0. 0. 0. 0. 0. 0. 0. 0. 0. 0. 1. 1. 1. 1. 1. 1. 1. 1. 1. 1. 0. 0.
 0. 0. 0. 0. 0. 0. 0. 0. 1. 1. 1. 1. 1. 1. 1. 1. 1. 1. 0. 0. 0. 0. 0. 0.
 0. 0. 0. 0. 0. 0. 0. 0. 0. 0. 0. 0. 0. 0. 0. 0. 0. 0. 0. 0. 0. 0. 0. 0.
 0. 0. 0. 0. 0. 0. 0. 0. 0. 0. 0. 0. 0. 0. 0. 0. 0. 0. 0. 0. 0. 0. 0. 0.
 0. 0. 0. 0. 0. 0. 0. 0. 0. 0. 0. 0. 0. 0. 0. 0. 0. 0. 0. 0. 0. 0. 0. 0.
 0. 0. 0. 0. 0. 0. 0. 0. 0. 0. 0. 0. 0. 0. 0. 0. 0. 0. 0. 0. 0. 0. 0. 0.
 0. 0. 0. 0. 0. 0. 0. 0.]
Normalized importance:  [0.49333333 0.36333333 0.39666667 0.19866667 0.         0.186
 0.05733333 0.65666667 0.02036667 0.17966667 1.         0.25366667
 0.59333333 0.62       0.61333333 0.31433333 0.01886667 0.22166667
 0.86333333 0.6        0.37333333 0.14       0.06066667 0.27533333
 0.085      0.14633333 0.19833333 0.35       0.10333333 0.25166667
 0.79       0.30633333 0.33666667 0.73       0.49333333 0.45
 0.47       0.47       0.53       0.16933333 0.07233333 0.
 0.044      0.34       0.00986667 0.         0.133      0.09266667
 0.         0.05       0.55666667 0.31766667 0.062      0.42666667
 0.04366667 0.16       0.23466667 0.35       0.052      0.43
 0.89666667 0.         0.41       0.235      0.78333333 0.75
 0.36666667 0.7        0.89666667 0.44       0.0207     0.
 0.36       0.248      0.         0.         0.06366667 0.
 0.         0.11433333 0.93       0.50666667 0.84       0.55333333
 0.35333333 0.43       0.45       0.52666667 0.43       0.71333333
 0.205      0.         0.         0.46666667 0.0154     0.10666667
 0.219      0.3        0.68333333 0.204      0.         0.
 0.         0.41666667 0.         0.         0.179      0.11433333
 0.         0.         0.28133333 0.         0.         0.15733333
 0.         0.31233333 0.         0.         0.16766667 0.
 0.06366667 0.12666667 0.         0.35       0.185      0.
 0.         0.         0.         0.04566667 0.22066667 0.16133333
 0.32833333 0.         0.20233333 0.         0.45       0.
 0.         0.         0.02626667 0.         0.02926667 0.43666667
 0.         0.         0.28966667 0.         0.         0.
 0.         0.         0.209      0.28066667 0.329      0.081
 0.         0.14633333 0.025      0.17266667 0.         0.
 0.43       0.50666667 0.34666667 0.         0.089      0.
 0.         0.00393333 0.214      0.12766667 0.         0.
 0.         0.23466667 0.         0.         0.18166667 0.17
 0.         0.07733333 0.         0.         0.         0.
 0.136      0.18066667 0.17866667 0.36       0.         0.048
 0.         0.         0.         0.         0.         0.45
 0.         0.        ]
pyseer
y_true:  [1. 1. 1. 1. 1. 1. 1. 1. 1. 1. 1. 1. 1. 1. 1. 1. 1. 1. 1. 1. 0. 0. 0. 0.
 0. 0. 0. 0. 0. 0. 1. 1. 1. 1. 1. 1. 1. 1. 1. 1. 0. 0. 0. 0. 0. 0. 0. 0.
 0. 0. 0. 0. 0. 0. 0. 0. 0. 0. 0. 0. 1. 1. 1. 1. 1. 1. 1. 1. 1. 1. 0. 0.
 0. 0. 0. 0. 0. 0. 0. 0. 1. 1. 1. 1. 1. 1. 1. 1. 1. 1. 0. 0. 0. 0. 0. 0.
 0. 0. 0. 0. 0. 0. 0. 0. 0. 0. 0. 0. 0. 0. 0. 0. 0. 0. 0. 0. 0. 0. 0. 0.
 0. 0. 0. 0. 0. 0. 0. 0. 0. 0. 0. 0. 0. 0. 0. 0. 0. 0. 0. 0. 0. 0. 0. 0.
 0. 0. 0. 0. 0. 0. 0. 0. 0. 0. 0. 0. 0. 0. 0. 0. 0. 0. 0. 0. 0. 0. 0. 0.
 0. 0. 0. 0. 0. 0. 0. 0. 0. 0. 0. 0. 0. 0. 0. 0. 0. 0. 0. 0. 0. 0. 0. 0.
 0. 0. 0. 0. 0. 0. 0. 0.]
y_pred:  [1. 1. 1. 0. 0. 0. 0. 1. 0. 0. 1. 1. 1. 1. 1. 1. 0. 0. 1. 1. 1. 0. 0. 1.
 0. 0. 0. 1. 0. 0. 1. 1. 1. 1. 1. 1. 1. 1. 1. 0. 0. 0. 0. 1. 0. 0. 0. 0.
 0. 0. 1. 1. 0. 1. 0. 0. 0. 1. 0. 1. 1. 0. 1. 0. 1. 1. 1. 1. 1. 1. 0. 0.
 1. 0. 0. 0. 0. 0. 0. 0. 1. 1. 1. 1. 1. 1. 1. 1. 1. 1. 0. 0. 0. 1. 0. 0.
 0. 1. 1. 0. 0. 0. 0. 1. 0. 0. 0. 0. 0. 0. 1. 0. 0. 0. 0. 1. 0. 0. 0. 0.
 0. 0. 0. 1. 0. 0. 0. 0. 0. 0. 0. 0. 1. 0. 0. 0. 1. 0. 0. 0. 0. 0. 0. 1.
 0. 0. 1. 0. 0. 0. 0. 0. 0. 1. 1. 0. 0. 0. 0. 0. 0. 0. 1. 1. 1. 0. 0. 0.
 0. 0. 0. 0. 0. 0. 0. 0. 0. 0. 0. 0. 0. 0. 0. 0. 0. 0. 0. 0. 0. 1. 0. 0.
 0. 0. 0. 0. 0. 1. 0. 0.]
Time taken: 22.94444751739502 seconds
Running combination 33 of 50
Fitting RandomForest...
Fitting Adaboost...
Fitting AdaBoost_2...
Fitting et...
Fitting gbc...
Fitting gbc_2...
Fitting gbc_3...
Fitting dt...
Fitting lr...
Fitting Lasso_1...
Fitting Lasso_2...
Fitting Lasso_3...
Fitting Lasso_4...
Fitting elasticnet...
VCF file created successfully.
pyseer stderr:  Read 1000 phenotypes
Detected continuous phenotype
Reading all variants

0variants [00:00, ?variants/s]
55variants [00:00, 544.09variants/s]
110variants [00:00, 479.08variants/s]
167variants [00:00, 513.80variants/s]
198variants [00:00, 517.17variants/s]
Applying correlation filtering

  0%|          | 0/198 [00:00<?, ?variants/s]
100%|██████████| 198/198 [00:00<00:00, 2687.49variants/s]
Fitting elastic net to top 148 variants
Best penalty (lambda) from cross-validation: 4.03E+01
Best R^2 from cross-validation: 0.494
Finding and printing selected variants
198 loaded variants
50 pre-filtered variants
148 tested variants
133 printed variants

True importance standardized:  [0.42073643 0.42073643 0.42073643 0.42073643 0.42073643 0.42073643
 0.42073643 0.42073643 0.42073643 0.42073643 0.71816611 0.71816611
 0.71816611 0.71816611 0.71816611 0.71816611 0.71816611 0.71816611
 0.71816611 0.71816611 0.77137691 0.77137691 0.77137691 0.77137691
 0.77137691 0.77137691 0.77137691 0.77137691 0.77137691 0.77137691
 0.73539054 0.73539054 0.73539054 0.73539054 0.73539054 0.73539054
 0.73539054 0.73539054 0.73539054 0.73539054 0.73625745 0.73625745
 0.73625745 0.73625745 0.73625745 0.73625745 0.73625745 0.73625745
 0.73625745 0.73625745 0.14761838 0.14761838 0.14761838 0.14761838
 0.14761838 0.14761838 0.14761838 0.14761838 0.14761838 0.14761838
 1.         1.         1.         1.         1.         1.
 1.         1.         1.         1.         0.5207502  0.5207502
 0.5207502  0.5207502  0.5207502  0.5207502  0.5207502  0.5207502
 0.5207502  0.5207502  0.17293232 0.17293232 0.17293232 0.17293232
 0.17293232 0.17293232 0.17293232 0.17293232 0.17293232 0.17293232
 0.82687685 0.82687685 0.82687685 0.82687685 0.82687685 0.82687685
 0.82687685 0.82687685 0.82687685 0.82687685 0.         0.
 0.         0.         0.         0.         0.         0.
 0.         0.         0.         0.         0.         0.
 0.         0.         0.         0.         0.         0.
 0.         0.         0.         0.         0.         0.
 0.         0.         0.         0.         0.         0.
 0.         0.         0.         0.         0.         0.
 0.         0.         0.         0.         0.         0.
 0.         0.         0.         0.         0.         0.
 0.         0.         0.         0.         0.         0.
 0.         0.         0.         0.         0.         0.
 0.         0.         0.         0.         0.         0.
 0.         0.         0.         0.         0.         0.
 0.         0.         0.         0.         0.         0.
 0.         0.         0.         0.         0.         0.
 0.         0.         0.         0.         0.         0.
 0.         0.         0.         0.         0.         0.
 0.         0.        ]
Normalized importance:  [0.18526077 0.18526077 0.18526077 0.18526077 0.18526077 0.18526077
 0.18526077 0.18526077 0.         0.18526077 0.50710576 0.50710576
 0.50710576 0.50710576 0.50710576 0.50710576 0.50710576 0.50710576
 0.50710576 0.50710576 0.72211344 0.72211344 0.72211344 0.72211344
 0.72211344 0.72211344 0.72211344 0.72211344 0.72211344 0.72211344
 0.41280691 0.41280691 0.41280691 0.41280691 0.41280691 0.41280691
 0.41280691 0.41280691 0.41280691 0.41280691 0.30173784 0.30173784
 0.30173784 0.30173784 0.30173784 0.30173784 0.30173784 0.30173784
 0.30173784 0.30173784 0.         0.         0.         0.
 0.         0.         0.         0.         0.         0.
 1.         1.         1.         1.         1.         1.
 1.         1.         1.         1.         0.31481923 0.31481923
 0.31481923 0.31481923 0.31481923 0.31481923 0.31481923 0.31481923
 0.31481923 0.31481923 0.         0.00638933 0.03846693 0.
 0.00919726 0.01329807 0.         0.05226502 0.         0.
 0.8760771  0.8760771  0.8760771  0.8760771  0.8760771  0.8760771
 0.8760771  0.8760771  0.8760771  0.8760771  0.         0.0250209
 0.         0.         0.         0.         0.         0.
 0.         0.02094919 0.         0.         0.         0.
 0.         0.02291519 0.         0.         0.         0.
 0.         0.         0.         0.         0.         0.
 0.         0.         0.         0.         0.         0.
 0.         0.         0.         0.         0.         0.
 0.         0.         0.01980573 0.         0.         0.
 0.         0.         0.02329808 0.         0.         0.
 0.         0.         0.01800203 0.         0.         0.
 0.         0.         0.         0.         0.         0.
 0.         0.         0.         0.         0.         0.
 0.         0.         0.         0.         0.         0.
 0.         0.         0.         0.         0.         0.
 0.0311562  0.         0.         0.         0.         0.
 0.03231968 0.         0.         0.         0.         0.
 0.         0.         0.         0.         0.         0.
 0.         0.        ]
deepbreaks
y_true:  [0. 0. 0. 0. 0. 0. 0. 0. 0. 0. 0. 0. 0. 0. 0. 0. 0. 0. 0. 0. 1. 1. 1. 1.
 1. 1. 1. 1. 1. 1. 1. 1. 1. 1. 1. 1. 1. 1. 1. 1. 1. 1. 1. 1. 1. 1. 1. 1.
 1. 1. 0. 0. 0. 0. 0. 0. 0. 0. 0. 0. 1. 1. 1. 1. 1. 1. 1. 1. 1. 1. 0. 0.
 0. 0. 0. 0. 0. 0. 0. 0. 0. 0. 0. 0. 0. 0. 0. 0. 0. 0. 1. 1. 1. 1. 1. 1.
 1. 1. 1. 1. 0. 0. 0. 0. 0. 0. 0. 0. 0. 0. 0. 0. 0. 0. 0. 0. 0. 0. 0. 0.
 0. 0. 0. 0. 0. 0. 0. 0. 0. 0. 0. 0. 0. 0. 0. 0. 0. 0. 0. 0. 0. 0. 0. 0.
 0. 0. 0. 0. 0. 0. 0. 0. 0. 0. 0. 0. 0. 0. 0. 0. 0. 0. 0. 0. 0. 0. 0. 0.
 0. 0. 0. 0. 0. 0. 0. 0. 0. 0. 0. 0. 0. 0. 0. 0. 0. 0. 0. 0. 0. 0. 0. 0.
 0. 0. 0. 0. 0. 0. 0. 0.]
y_pred:  [0. 0. 0. 0. 0. 0. 0. 0. 0. 0. 1. 1. 1. 1. 1. 1. 1. 1. 1. 1. 1. 1. 1. 1.
 1. 1. 1. 1. 1. 1. 1. 1. 1. 1. 1. 1. 1. 1. 1. 1. 0. 0. 0. 0. 0. 0. 0. 0.
 0. 0. 0. 0. 0. 0. 0. 0. 0. 0. 0. 0. 1. 1. 1. 1. 1. 1. 1. 1. 1. 1. 0. 0.
 0. 0. 0. 0. 0. 0. 0. 0. 0. 0. 0. 0. 0. 0. 0. 0. 0. 0. 1. 1. 1. 1. 1. 1.
 1. 1. 1. 1. 0. 0. 0. 0. 0. 0. 0. 0. 0. 0. 0. 0. 0. 0. 0. 0. 0. 0. 0. 0.
 0. 0. 0. 0. 0. 0. 0. 0. 0. 0. 0. 0. 0. 0. 0. 0. 0. 0. 0. 0. 0. 0. 0. 0.
 0. 0. 0. 0. 0. 0. 0. 0. 0. 0. 0. 0. 0. 0. 0. 0. 0. 0. 0. 0. 0. 0. 0. 0.
 0. 0. 0. 0. 0. 0. 0. 0. 0. 0. 0. 0. 0. 0. 0. 0. 0. 0. 0. 0. 0. 0. 0. 0.
 0. 0. 0. 0. 0. 0. 0. 0.]
Normalized importance:  [0.55681818 0.12418831 0.04821429 0.51623377 0.39123377 0.63961039
 0.02646104 0.42857143 0.29220779 0.30032468 0.63474026 0.31168831
 0.         0.9237013  0.03814935 0.39285714 0.87987013 0.46266234
 0.43993506 0.60551948 0.74512987 0.89772727 0.99025974 0.93831169
 0.54220779 0.35064935 0.22727273 0.58441558 0.15113636 0.07224026
 0.74512987 0.53571429 0.44805195 0.32467532 0.32467532 0.74188312
 0.25487013 0.55032468 0.25162338 0.66071429 0.58116883 0.0612013
 0.76785714 0.36688312 0.32142857 0.30357143 0.65746753 0.73051948
 0.30357143 0.01996753 0.         0.48051948 0.         0.
 0.         0.         0.         0.         0.01376623 0.13668831
 1.         0.70292208 0.56006494 0.14675325 0.16883117 0.76298701
 0.38961039 0.88636364 0.86363636 0.93993506 0.62337662 0.5762987
 0.30194805 0.         0.         0.62662338 0.41883117 0.07613636
 0.43831169 0.37012987 0.12873377 0.11558442 0.66233766 0.
 0.22077922 0.14188312 0.1211039  0.0125974  0.02207792 0.02207792
 0.89285714 0.67694805 0.82305195 0.51136364 0.80681818 0.20292208
 0.44480519 0.         0.75649351 0.4788961  0.         0.37337662
 0.15503247 0.         0.12305195 0.31818182 0.24025974 0.21753247
 0.         0.38961039 0.         0.         0.00202922 0.32792208
 0.33116883 0.28246753 0.29220779 0.06347403 0.09285714 0.
 0.14204545 0.09431818 0.         0.         0.45779221 0.
 0.31493506 0.         0.         0.         0.         0.
 0.         0.         0.         0.         0.         0.
 0.05811688 0.26298701 0.43344156 0.         0.         0.
 0.19805195 0.         0.14123377 0.32954545 0.         0.
 0.         0.         0.40097403 0.         0.18019481 0.18506494
 0.03733766 0.29058442 0.         0.         0.         0.
 0.         0.         0.         0.08652597 0.         0.
 0.         0.0224026  0.         0.         0.03230519 0.09659091
 0.10048701 0.         0.         0.00118506 0.0849026  0.
 0.2711039  0.53733766 0.19805195 0.         0.         0.
 0.22402597 0.         0.51298701 0.         0.26623377 0.
 0.07597403 0.         0.         0.         0.06525974 0.05178571
 0.         0.        ]
pyseer
y_true:  [0. 0. 0. 0. 0. 0. 0. 0. 0. 0. 0. 0. 0. 0. 0. 0. 0. 0. 0. 0. 1. 1. 1. 1.
 1. 1. 1. 1. 1. 1. 1. 1. 1. 1. 1. 1. 1. 1. 1. 1. 1. 1. 1. 1. 1. 1. 1. 1.
 1. 1. 0. 0. 0. 0. 0. 0. 0. 0. 0. 0. 1. 1. 1. 1. 1. 1. 1. 1. 1. 1. 0. 0.
 0. 0. 0. 0. 0. 0. 0. 0. 0. 0. 0. 0. 0. 0. 0. 0. 0. 0. 1. 1. 1. 1. 1. 1.
 1. 1. 1. 1. 0. 0. 0. 0. 0. 0. 0. 0. 0. 0. 0. 0. 0. 0. 0. 0. 0. 0. 0. 0.
 0. 0. 0. 0. 0. 0. 0. 0. 0. 0. 0. 0. 0. 0. 0. 0. 0. 0. 0. 0. 0. 0. 0. 0.
 0. 0. 0. 0. 0. 0. 0. 0. 0. 0. 0. 0. 0. 0. 0. 0. 0. 0. 0. 0. 0. 0. 0. 0.
 0. 0. 0. 0. 0. 0. 0. 0. 0. 0. 0. 0. 0. 0. 0. 0. 0. 0. 0. 0. 0. 0. 0. 0.
 0. 0. 0. 0. 0. 0. 0. 0.]
y_pred:  [1. 0. 0. 1. 1. 1. 0. 1. 0. 0. 1. 0. 0. 1. 0. 1. 1. 1. 1. 1. 1. 1. 1. 1.
 1. 1. 0. 1. 0. 0. 1. 1. 1. 1. 1. 1. 0. 1. 0. 1. 1. 0. 1. 1. 1. 0. 1. 1.
 0. 0. 0. 1. 0. 0. 0. 0. 0. 0. 0. 0. 1. 1. 1. 0. 0. 1. 1. 1. 1. 1. 1. 1.
 0. 0. 0. 1. 1. 0. 1. 1. 0. 0. 1. 0. 0. 0. 0. 0. 0. 0. 1. 1. 1. 1. 1. 0.
 1. 0. 1. 1. 0. 1. 0. 0. 0. 0. 0. 0. 0. 1. 0. 0. 0. 1. 1. 0. 0. 0. 0. 0.
 0. 0. 0. 0. 1. 0. 0. 0. 0. 0. 0. 0. 0. 0. 0. 0. 0. 0. 0. 0. 1. 0. 0. 0.
 0. 0. 0. 1. 0. 0. 0. 0. 1. 0. 0. 0. 0. 0. 0. 0. 0. 0. 0. 0. 0. 0. 0. 0.
 0. 0. 0. 0. 0. 0. 0. 0. 0. 0. 0. 0. 0. 1. 0. 0. 0. 0. 0. 0. 1. 0. 0. 0.
 0. 0. 0. 0. 0. 0. 0. 0.]
Time taken: 22.825541973114014 seconds
Running combination 34 of 50
Fitting RandomForest...
Fitting Adaboost...
Fitting AdaBoost_2...
Fitting et...
Fitting gbc...
Fitting gbc_2...
Fitting gbc_3...
Fitting dt...
Fitting lr...
Fitting Lasso_1...
Fitting Lasso_2...
Fitting Lasso_3...
Fitting Lasso_4...
Fitting elasticnet...
VCF file created successfully.
pyseer stderr:  Read 1000 phenotypes
Detected continuous phenotype
Reading all variants

0variants [00:00, ?variants/s]
54variants [00:00, 538.40variants/s]
108variants [00:00, 473.80variants/s]
164variants [00:00, 506.90variants/s]
198variants [00:00, 511.52variants/s]
Applying correlation filtering

  0%|          | 0/198 [00:00<?, ?variants/s]
100%|██████████| 198/198 [00:00<00:00, 2738.08variants/s]
Fitting elastic net to top 148 variants
Best penalty (lambda) from cross-validation: 5.44E+01
Best R^2 from cross-validation: 0.402
Finding and printing selected variants
198 loaded variants
50 pre-filtered variants
148 tested variants
133 printed variants

True importance standardized:  [0.12071663 0.12071663 0.12071663 0.12071663 0.12071663 0.12071663
 0.12071663 0.12071663 0.12071663 0.12071663 0.82204687 0.82204687
 0.82204687 0.82204687 0.82204687 0.82204687 0.82204687 0.82204687
 0.82204687 0.82204687 0.77223689 0.77223689 0.77223689 0.77223689
 0.77223689 0.77223689 0.77223689 0.77223689 0.77223689 0.77223689
 0.92456862 0.92456862 0.92456862 0.92456862 0.92456862 0.92456862
 0.92456862 0.92456862 0.92456862 0.92456862 1.         1.
 1.         1.         1.         1.         1.         1.
 1.         1.         0.34514306 0.34514306 0.34514306 0.34514306
 0.34514306 0.34514306 0.34514306 0.34514306 0.34514306 0.34514306
 0.71730676 0.71730676 0.71730676 0.71730676 0.71730676 0.71730676
 0.71730676 0.71730676 0.71730676 0.71730676 0.54859203 0.54859203
 0.54859203 0.54859203 0.54859203 0.54859203 0.54859203 0.54859203
 0.54859203 0.54859203 0.86614923 0.86614923 0.86614923 0.86614923
 0.86614923 0.86614923 0.86614923 0.86614923 0.86614923 0.86614923
 0.17945042 0.17945042 0.17945042 0.17945042 0.17945042 0.17945042
 0.17945042 0.17945042 0.17945042 0.17945042 0.         0.
 0.         0.         0.         0.         0.         0.
 0.         0.         0.         0.         0.         0.
 0.         0.         0.         0.         0.         0.
 0.         0.         0.         0.         0.         0.
 0.         0.         0.         0.         0.         0.
 0.         0.         0.         0.         0.         0.
 0.         0.         0.         0.         0.         0.
 0.         0.         0.         0.         0.         0.
 0.         0.         0.         0.         0.         0.
 0.         0.         0.         0.         0.         0.
 0.         0.         0.         0.         0.         0.
 0.         0.         0.         0.         0.         0.
 0.         0.         0.         0.         0.         0.
 0.         0.         0.         0.         0.         0.
 0.         0.         0.         0.         0.         0.
 0.         0.         0.         0.         0.         0.
 0.         0.        ]
Normalized importance:  [0.         0.         0.         0.         0.         0.
 0.         0.         0.         0.         0.73076705 0.73076705
 0.73076705 0.73076705 0.73076705 0.73076705 0.73076705 0.73076705
 0.73076705 0.73076705 0.33271721 0.33271721 0.33271721 0.33271721
 0.33271721 0.33271721 0.33271721 0.33271721 0.33271721 0.33271721
 0.70733369 0.70733369 0.70733369 0.70733369 0.70733369 0.70733369
 0.70733369 0.70733369 0.70733369 0.70733369 1.         1.
 1.         1.         1.         1.         1.         1.
 1.         1.         0.02333047 0.         0.         0.
 0.         0.02333047 0.02333047 0.         0.02333047 0.
 0.36005396 0.36005396 0.36005396 0.36005396 0.36005396 0.36005396
 0.36005396 0.36005396 0.36005396 0.36005396 0.13048111 0.13048111
 0.13048111 0.13048111 0.13048111 0.13048111 0.13048111 0.13048111
 0.13048111 0.13048111 0.73215704 0.73215704 0.73215704 0.73215704
 0.73215704 0.73215704 0.73215704 0.73215704 0.73215704 0.73215704
 0.         0.         0.         0.         0.         0.
 0.         0.         0.         0.         0.02316487 0.
 0.         0.         0.         0.         0.         0.
 0.         0.         0.00543796 0.         0.05718696 0.
 0.         0.         0.         0.         0.         0.
 0.         0.         0.         0.         0.         0.
 0.         0.         0.         0.         0.         0.
 0.         0.         0.         0.         0.         0.
 0.         0.         0.01800539 0.0370559  0.04057242 0.
 0.         0.         0.         0.         0.         0.
 0.         0.         0.         0.         0.         0.
 0.         0.         0.         0.         0.         0.
 0.         0.         0.         0.         0.         0.
 0.010582   0.         0.         0.         0.         0.
 0.         0.         0.02247374 0.         0.         0.02307082
 0.         0.         0.03206432 0.         0.0172859  0.
 0.02952035 0.         0.1254039  0.         0.         0.
 0.         0.         0.         0.         0.         0.0701988
 0.         0.        ]
deepbreaks
y_true:  [0. 0. 0. 0. 0. 0. 0. 0. 0. 0. 1. 1. 1. 1. 1. 1. 1. 1. 1. 1. 1. 1. 1. 1.
 1. 1. 1. 1. 1. 1. 1. 1. 1. 1. 1. 1. 1. 1. 1. 1. 1. 1. 1. 1. 1. 1. 1. 1.
 1. 1. 0. 0. 0. 0. 0. 0. 0. 0. 0. 0. 0. 0. 0. 0. 0. 0. 0. 0. 0. 0. 0. 0.
 0. 0. 0. 0. 0. 0. 0. 0. 1. 1. 1. 1. 1. 1. 1. 1. 1. 1. 0. 0. 0. 0. 0. 0.
 0. 0. 0. 0. 0. 0. 0. 0. 0. 0. 0. 0. 0. 0. 0. 0. 0. 0. 0. 0. 0. 0. 0. 0.
 0. 0. 0. 0. 0. 0. 0. 0. 0. 0. 0. 0. 0. 0. 0. 0. 0. 0. 0. 0. 0. 0. 0. 0.
 0. 0. 0. 0. 0. 0. 0. 0. 0. 0. 0. 0. 0. 0. 0. 0. 0. 0. 0. 0. 0. 0. 0. 0.
 0. 0. 0. 0. 0. 0. 0. 0. 0. 0. 0. 0. 0. 0. 0. 0. 0. 0. 0. 0. 0. 0. 0. 0.
 0. 0. 0. 0. 0. 0. 0. 0.]
y_pred:  [0. 0. 0. 0. 0. 0. 0. 0. 0. 0. 1. 1. 1. 1. 1. 1. 1. 1. 1. 1. 0. 0. 0. 0.
 0. 0. 0. 0. 0. 0. 1. 1. 1. 1. 1. 1. 1. 1. 1. 1. 1. 1. 1. 1. 1. 1. 1. 1.
 1. 1. 0. 0. 0. 0. 0. 0. 0. 0. 0. 0. 1. 1. 1. 1. 1. 1. 1. 1. 1. 1. 0. 0.
 0. 0. 0. 0. 0. 0. 0. 0. 1. 1. 1. 1. 1. 1. 1. 1. 1. 1. 0. 0. 0. 0. 0. 0.
 0. 0. 0. 0. 0. 0. 0. 0. 0. 0. 0. 0. 0. 0. 0. 0. 0. 0. 0. 0. 0. 0. 0. 0.
 0. 0. 0. 0. 0. 0. 0. 0. 0. 0. 0. 0. 0. 0. 0. 0. 0. 0. 0. 0. 0. 0. 0. 0.
 0. 0. 0. 0. 0. 0. 0. 0. 0. 0. 0. 0. 0. 0. 0. 0. 0. 0. 0. 0. 0. 0. 0. 0.
 0. 0. 0. 0. 0. 0. 0. 0. 0. 0. 0. 0. 0. 0. 0. 0. 0. 0. 0. 0. 0. 0. 0. 0.
 0. 0. 0. 0. 0. 0. 0. 0.]
Normalized importance:  [0.00000000e+00 1.03865979e-01 0.00000000e+00 1.37886598e-01
 0.00000000e+00 1.28221649e-01 0.00000000e+00 3.58247423e-01
 5.92783505e-02 0.00000000e+00 7.25515464e-01 6.59793814e-01
 3.02835052e-01 3.80154639e-01 3.20876289e-01 2.10051546e-01
 4.29123711e-01 5.95360825e-01 1.67525773e-01 3.90463918e-01
 7.69329897e-01 6.61082474e-01 2.50000000e-01 6.50773196e-01
 2.28092784e-01 7.15206186e-02 2.12628866e-01 3.94329897e-01
 0.00000000e+00 6.70103093e-01 7.77061856e-01 3.87886598e-01
 5.45103093e-01 4.92268041e-01 5.81185567e-01 7.34536082e-02
 7.04896907e-01 3.62113402e-01 3.46649485e-01 7.02319588e-01
 1.00000000e+00 1.80412371e-01 3.31185567e-01 6.84278351e-01
 6.88144330e-01 7.29381443e-01 6.06958763e-02 2.91237113e-01
 8.58247423e-01 5.51546392e-01 8.60824742e-02 0.00000000e+00
 2.65463918e-02 0.00000000e+00 0.00000000e+00 2.59020619e-01
 3.14432990e-01 1.37886598e-01 6.22422680e-01 1.94587629e-01
 6.68814433e-01 5.16752577e-01 1.49484536e-01 4.05927835e-01
 4.94845361e-01 5.60567010e-01 0.00000000e+00 1.58505155e-01
 4.56185567e-01 5.20618557e-01 3.22164948e-01 7.21649485e-01
 3.73711340e-01 4.27835052e-02 1.11340206e-01 2.87371134e-01
 1.02577320e-01 5.63144330e-02 9.85824742e-02 2.43556701e-02
 8.56958763e-01 6.26288660e-01 5.23195876e-01 4.25257732e-01
 9.66494845e-02 7.84793814e-01 1.18041237e-01 4.81958763e-01
 1.84278351e-01 6.31443299e-01 0.00000000e+00 3.35051546e-02
 3.07989691e-01 0.00000000e+00 0.00000000e+00 1.79123711e-01
 0.00000000e+00 1.32731959e-01 0.00000000e+00 0.00000000e+00
 3.58247423e-01 1.82989691e-01 3.55670103e-01 0.00000000e+00
 0.00000000e+00 0.00000000e+00 2.25515464e-01 0.00000000e+00
 0.00000000e+00 0.00000000e+00 4.47164948e-01 2.26804124e-01
 6.13402062e-01 0.00000000e+00 9.30412371e-04 3.49226804e-01
 0.00000000e+00 0.00000000e+00 0.00000000e+00 3.49226804e-01
 1.03479381e-01 1.73969072e-01 0.00000000e+00 0.00000000e+00
 2.03608247e-01 0.00000000e+00 2.34536082e-01 0.00000000e+00
 0.00000000e+00 2.65463918e-01 0.00000000e+00 0.00000000e+00
 0.00000000e+00 4.60051546e-01 2.06185567e-01 2.03608247e-01
 0.00000000e+00 2.39690722e-01 3.42783505e-01 0.00000000e+00
 0.00000000e+00 1.76546392e-01 2.21649485e-01 0.00000000e+00
 0.00000000e+00 0.00000000e+00 0.00000000e+00 0.00000000e+00
 4.34278351e-01 4.08505155e-01 1.22293814e-01 3.91752577e-01
 0.00000000e+00 4.67783505e-01 4.44587629e-02 0.00000000e+00
 0.00000000e+00 3.17010309e-01 0.00000000e+00 0.00000000e+00
 0.00000000e+00 0.00000000e+00 0.00000000e+00 0.00000000e+00
 0.00000000e+00 0.00000000e+00 1.50773196e-01 0.00000000e+00
 5.81185567e-02 0.00000000e+00 0.00000000e+00 1.92010309e-01
 0.00000000e+00 6.41752577e-04 3.71134021e-01 8.53092784e-03
 5.69587629e-01 0.00000000e+00 0.00000000e+00 6.66237113e-01
 0.00000000e+00 2.50000000e-01 2.69329897e-01 1.35309278e-01
 5.99226804e-01 1.67525773e-01 3.50515464e-01 0.00000000e+00
 6.62371134e-01 0.00000000e+00 1.11726804e-01 3.73711340e-01
 0.00000000e+00 3.93041237e-01 0.00000000e+00 2.78350515e-01
 0.00000000e+00 6.97164948e-01 0.00000000e+00 0.00000000e+00]
pyseer
y_true:  [0. 0. 0. 0. 0. 0. 0. 0. 0. 0. 1. 1. 1. 1. 1. 1. 1. 1. 1. 1. 1. 1. 1. 1.
 1. 1. 1. 1. 1. 1. 1. 1. 1. 1. 1. 1. 1. 1. 1. 1. 1. 1. 1. 1. 1. 1. 1. 1.
 1. 1. 0. 0. 0. 0. 0. 0. 0. 0. 0. 0. 0. 0. 0. 0. 0. 0. 0. 0. 0. 0. 0. 0.
 0. 0. 0. 0. 0. 0. 0. 0. 1. 1. 1. 1. 1. 1. 1. 1. 1. 1. 0. 0. 0. 0. 0. 0.
 0. 0. 0. 0. 0. 0. 0. 0. 0. 0. 0. 0. 0. 0. 0. 0. 0. 0. 0. 0. 0. 0. 0. 0.
 0. 0. 0. 0. 0. 0. 0. 0. 0. 0. 0. 0. 0. 0. 0. 0. 0. 0. 0. 0. 0. 0. 0. 0.
 0. 0. 0. 0. 0. 0. 0. 0. 0. 0. 0. 0. 0. 0. 0. 0. 0. 0. 0. 0. 0. 0. 0. 0.
 0. 0. 0. 0. 0. 0. 0. 0. 0. 0. 0. 0. 0. 0. 0. 0. 0. 0. 0. 0. 0. 0. 0. 0.
 0. 0. 0. 0. 0. 0. 0. 0.]
y_pred:  [0. 0. 0. 0. 0. 0. 0. 1. 0. 0. 1. 1. 0. 1. 0. 0. 1. 1. 0. 1. 1. 1. 0. 1.
 0. 0. 0. 1. 0. 1. 1. 1. 1. 1. 1. 0. 1. 1. 1. 1. 1. 0. 1. 1. 1. 1. 0. 0.
 1. 1. 0. 0. 0. 0. 0. 0. 0. 0. 1. 0. 1. 1. 0. 1. 1. 1. 0. 0. 1. 1. 1. 1.
 1. 0. 0. 0. 0. 0. 0. 0. 1. 1. 1. 1. 0. 1. 0. 1. 0. 1. 0. 0. 0. 0. 0. 0.
 0. 0. 0. 0. 1. 0. 1. 0. 0. 0. 0. 0. 0. 0. 1. 0. 1. 0. 0. 1. 0. 0. 0. 1.
 0. 0. 0. 0. 0. 0. 0. 0. 0. 0. 0. 0. 0. 1. 0. 0. 0. 0. 1. 0. 0. 0. 0. 0.
 0. 0. 0. 0. 1. 1. 0. 1. 0. 1. 0. 0. 0. 0. 0. 0. 0. 0. 0. 0. 0. 0. 0. 0.
 0. 0. 0. 0. 0. 0. 1. 0. 1. 0. 0. 1. 0. 0. 0. 0. 1. 0. 1. 0. 1. 0. 0. 1.
 0. 1. 0. 0. 0. 1. 0. 0.]
Time taken: 23.3857204914093 seconds
Running combination 35 of 50
Fitting RandomForest...
Fitting Adaboost...
Fitting AdaBoost_2...
Fitting et...
Fitting gbc...
Fitting gbc_2...
Fitting gbc_3...
Fitting dt...
Fitting lr...
Fitting Lasso_1...
Fitting Lasso_2...
Fitting Lasso_3...
Fitting Lasso_4...
Fitting elasticnet...
VCF file created successfully.
pyseer stderr:  Read 1000 phenotypes
Detected continuous phenotype
Reading all variants

0variants [00:00, ?variants/s]
54variants [00:00, 531.08variants/s]
108variants [00:00, 469.83variants/s]
164variants [00:00, 504.84variants/s]
198variants [00:00, 509.02variants/s]
Applying correlation filtering

  0%|          | 0/198 [00:00<?, ?variants/s]
100%|██████████| 198/198 [00:00<00:00, 2724.27variants/s]
Fitting elastic net to top 148 variants
Best penalty (lambda) from cross-validation: 1.69E+02
Best R^2 from cross-validation: 0.358
Finding and printing selected variants
198 loaded variants
50 pre-filtered variants
148 tested variants
135 printed variants

True importance standardized:  [0.90563688 0.90563688 0.90563688 0.90563688 0.90563688 0.90563688
 0.90563688 0.90563688 0.90563688 0.90563688 0.75963764 0.75963764
 0.75963764 0.75963764 0.75963764 0.75963764 0.75963764 0.75963764
 0.75963764 0.75963764 0.96374392 0.96374392 0.96374392 0.96374392
 0.96374392 0.96374392 0.96374392 0.96374392 0.96374392 0.96374392
 0.25933826 0.25933826 0.25933826 0.25933826 0.25933826 0.25933826
 0.25933826 0.25933826 0.25933826 0.25933826 0.43544639 0.43544639
 0.43544639 0.43544639 0.43544639 0.43544639 0.43544639 0.43544639
 0.43544639 0.43544639 1.         1.         1.         1.
 1.         1.         1.         1.         1.         1.
 0.7595177  0.7595177  0.7595177  0.7595177  0.7595177  0.7595177
 0.7595177  0.7595177  0.7595177  0.7595177  0.76068201 0.76068201
 0.76068201 0.76068201 0.76068201 0.76068201 0.76068201 0.76068201
 0.76068201 0.76068201 0.79869811 0.79869811 0.79869811 0.79869811
 0.79869811 0.79869811 0.79869811 0.79869811 0.79869811 0.79869811
 0.64770007 0.64770007 0.64770007 0.64770007 0.64770007 0.64770007
 0.64770007 0.64770007 0.64770007 0.64770007 0.         0.
 0.         0.         0.         0.         0.         0.
 0.         0.         0.         0.         0.         0.
 0.         0.         0.         0.         0.         0.
 0.         0.         0.         0.         0.         0.
 0.         0.         0.         0.         0.         0.
 0.         0.         0.         0.         0.         0.
 0.         0.         0.         0.         0.         0.
 0.         0.         0.         0.         0.         0.
 0.         0.         0.         0.         0.         0.
 0.         0.         0.         0.         0.         0.
 0.         0.         0.         0.         0.         0.
 0.         0.         0.         0.         0.         0.
 0.         0.         0.         0.         0.         0.
 0.         0.         0.         0.         0.         0.
 0.         0.         0.         0.         0.         0.
 0.         0.         0.         0.         0.         0.
 0.         0.        ]
Normalized importance:  [0.77579707 0.77579707 0.77579707 0.77579707 0.77579707 0.77579707
 0.77579707 0.77579707 0.77579707 0.77579707 0.9072983  0.9072983
 0.9072983  0.9072983  0.9072983  0.9072983  0.9072983  0.9072983
 0.9072983  0.9072983  0.757453   0.757453   0.757453   0.757453
 0.757453   0.757453   0.757453   0.757453   0.757453   0.757453
 0.21737514 0.21737514 0.21737514 0.21737514 0.21737514 0.21737514
 0.21737514 0.21737514 0.21737514 0.21737514 0.57634755 0.57634755
 0.57634755 0.57634755 0.57634755 0.57634755 0.57634755 0.57634755
 0.57634755 0.57634755 0.87157695 0.87157695 0.87157695 0.87157695
 0.87157695 0.87157695 0.87157695 0.87157695 0.87157695 0.87157695
 0.93047244 0.93047244 0.93047244 0.93047244 0.93047244 0.93047244
 0.93047244 0.93047244 0.93047244 0.93047244 0.64384927 0.64384927
 0.64384927 0.64384927 0.64384927 0.64384927 0.64384927 0.64384927
 0.64384927 0.64384927 0.57701669 0.57701669 0.57701669 0.57701669
 0.57701669 0.57701669 0.57701669 0.57701669 0.57701669 0.57701669
 1.         1.         1.         1.         1.         1.
 1.         1.         1.         1.         0.         0.
 0.         0.         0.         0.         0.         0.
 0.         0.52152291 0.         0.32217184 0.         0.
 0.         0.2127937  0.         0.29079979 0.         0.
 0.         0.         0.17649775 0.         0.24191207 0.
 0.33043494 0.         0.         0.         0.         0.
 0.         0.         0.         0.         0.         0.
 0.         0.         0.21080362 0.19128959 0.         0.
 0.         0.         0.         0.17629342 0.         0.
 0.         0.         0.         0.         0.32522916 0.
 0.         0.22234499 0.         0.         0.         0.
 0.23172902 0.         0.         0.35637883 0.         0.4790909
 0.         0.         0.         0.         0.         0.
 0.         0.         0.         0.         0.         0.
 0.         0.         0.         0.26674873 0.         0.35992377
 0.         0.         0.         0.         0.1837469  0.
 0.         0.         0.         0.         0.         0.
 0.         0.        ]
deepbreaks
y_true:  [1. 1. 1. 1. 1. 1. 1. 1. 1. 1. 0. 0. 0. 0. 0. 0. 0. 0. 0. 0. 1. 1. 1. 1.
 1. 1. 1. 1. 1. 1. 0. 0. 0. 0. 0. 0. 0. 0. 0. 0. 0. 0. 0. 0. 0. 0. 0. 0.
 0. 0. 1. 1. 1. 1. 1. 1. 1. 1. 1. 1. 0. 0. 0. 0. 0. 0. 0. 0. 0. 0. 1. 1.
 1. 1. 1. 1. 1. 1. 1. 1. 1. 1. 1. 1. 1. 1. 1. 1. 1. 1. 0. 0. 0. 0. 0. 0.
 0. 0. 0. 0. 0. 0. 0. 0. 0. 0. 0. 0. 0. 0. 0. 0. 0. 0. 0. 0. 0. 0. 0. 0.
 0. 0. 0. 0. 0. 0. 0. 0. 0. 0. 0. 0. 0. 0. 0. 0. 0. 0. 0. 0. 0. 0. 0. 0.
 0. 0. 0. 0. 0. 0. 0. 0. 0. 0. 0. 0. 0. 0. 0. 0. 0. 0. 0. 0. 0. 0. 0. 0.
 0. 0. 0. 0. 0. 0. 0. 0. 0. 0. 0. 0. 0. 0. 0. 0. 0. 0. 0. 0. 0. 0. 0. 0.
 0. 0. 0. 0. 0. 0. 0. 0.]
y_pred:  [1. 1. 1. 1. 1. 1. 1. 1. 1. 1. 1. 1. 1. 1. 1. 1. 1. 1. 1. 1. 1. 1. 1. 1.
 1. 1. 1. 1. 1. 1. 0. 0. 0. 0. 0. 0. 0. 0. 0. 0. 0. 0. 0. 0. 0. 0. 0. 0.
 0. 0. 1. 1. 1. 1. 1. 1. 1. 1. 1. 1. 1. 1. 1. 1. 1. 1. 1. 1. 1. 1. 0. 0.
 0. 0. 0. 0. 0. 0. 0. 0. 0. 0. 0. 0. 0. 0. 0. 0. 0. 0. 1. 1. 1. 1. 1. 1.
 1. 1. 1. 1. 0. 0. 0. 0. 0. 0. 0. 0. 0. 0. 0. 0. 0. 0. 0. 0. 0. 0. 0. 0.
 0. 0. 0. 0. 0. 0. 0. 0. 0. 0. 0. 0. 0. 0. 0. 0. 0. 0. 0. 0. 0. 0. 0. 0.
 0. 0. 0. 0. 0. 0. 0. 0. 0. 0. 0. 0. 0. 0. 0. 0. 0. 0. 0. 0. 0. 0. 0. 0.
 0. 0. 0. 0. 0. 0. 0. 0. 0. 0. 0. 0. 0. 0. 0. 0. 0. 0. 0. 0. 0. 0. 0. 0.
 0. 0. 0. 0. 0. 0. 0. 0.]
Normalized importance:  [7.18120805e-01 6.97986577e-01 6.16778523e-03 4.85906040e-01
 4.55704698e-01 8.72483221e-01 5.45637584e-01 6.39597315e-01
 7.11409396e-01 2.01342282e-01 8.65771812e-01 4.17449664e-01
 5.48322148e-01 6.19463087e-01 6.11409396e-01 7.78523490e-02
 8.92617450e-01 5.25503356e-01 2.12751678e-01 0.00000000e+00
 7.24832215e-01 3.44966443e-01 7.98657718e-01 6.10738255e-01
 4.59060403e-01 4.28859060e-01 7.24832215e-01 2.42281879e-01
 4.88590604e-01 4.34228188e-01 5.36912752e-01 0.00000000e+00
 3.56375839e-01 3.60402685e-01 3.66442953e-01 6.57718121e-02
 2.92617450e-01 5.41610738e-01 0.00000000e+00 1.03355705e-01
 6.84563758e-01 4.85234899e-01 7.44966443e-03 1.13422819e-01
 4.81208054e-01 0.00000000e+00 6.55704698e-01 0.00000000e+00
 5.12080537e-01 0.00000000e+00 8.05369128e-01 9.39597315e-01
 4.16107383e-02 1.47651007e-01 5.36241611e-01 5.16107383e-01
 5.67114094e-01 6.91275168e-01 7.38255034e-01 6.14765101e-01
 8.25503356e-01 6.11409396e-01 7.38255034e-01 0.00000000e+00
 4.97986577e-01 4.48322148e-01 5.12751678e-01 5.44966443e-01
 1.94630872e-02 4.81208054e-01 8.25503356e-01 4.69798658e-01
 5.47651007e-01 1.82550336e-01 1.86577181e-01 3.22147651e-01
 1.76510067e-01 4.27516779e-01 7.38255034e-01 0.00000000e+00
 7.11409396e-01 2.85234899e-01 0.00000000e+00 5.57046980e-01
 0.00000000e+00 1.22147651e-01 5.88590604e-01 8.72483221e-01
 4.38255034e-01 4.67114094e-01 5.97986577e-01 1.77181208e-01
 8.45637584e-01 3.99328859e-01 0.00000000e+00 4.80536913e-01
 6.66442953e-01 3.28187919e-01 0.00000000e+00 1.34899329e-01
 5.01342282e-01 0.00000000e+00 0.00000000e+00 1.98657718e-02
 2.68456376e-01 1.54362416e-01 0.00000000e+00 6.36912752e-01
 0.00000000e+00 1.60402685e-01 0.00000000e+00 3.75838926e-01
 0.00000000e+00 4.17449664e-01 0.00000000e+00 4.53691275e-01
 5.08053691e-02 4.82550336e-01 0.00000000e+00 5.91946309e-02
 1.01342282e-01 0.00000000e+00 6.32885906e-01 1.77852349e-01
 7.24832215e-01 0.00000000e+00 3.43624161e-01 3.85234899e-01
 2.59731544e-01 0.00000000e+00 0.00000000e+00 0.00000000e+00
 2.91275168e-01 5.19463087e-01 0.00000000e+00 0.00000000e+00
 0.00000000e+00 0.00000000e+00 1.08053691e-01 0.00000000e+00
 6.97986577e-01 6.84563758e-01 4.31543624e-01 0.00000000e+00
 4.83221477e-02 2.92617450e-01 7.31543624e-04 8.45637584e-01
 1.90604027e-01 0.00000000e+00 0.00000000e+00 0.00000000e+00
 0.00000000e+00 0.00000000e+00 4.69127517e-01 0.00000000e+00
 0.00000000e+00 5.20805369e-01 0.00000000e+00 4.28859060e-01
 3.12080537e-01 0.00000000e+00 2.42281879e-01 3.77181208e-01
 0.00000000e+00 3.58389262e-01 0.00000000e+00 6.51677852e-01
 0.00000000e+00 0.00000000e+00 0.00000000e+00 0.00000000e+00
 0.00000000e+00 0.00000000e+00 4.61744966e-01 0.00000000e+00
 0.00000000e+00 0.00000000e+00 0.00000000e+00 0.00000000e+00
 0.00000000e+00 0.00000000e+00 2.36241611e-01 1.00000000e+00
 0.00000000e+00 8.79194631e-01 0.00000000e+00 1.18791946e-01
 0.00000000e+00 0.00000000e+00 5.32885906e-01 4.01342282e-02
 0.00000000e+00 0.00000000e+00 0.00000000e+00 0.00000000e+00
 2.97986577e-01 2.49664430e-01 0.00000000e+00 0.00000000e+00]
pyseer
y_true:  [1. 1. 1. 1. 1. 1. 1. 1. 1. 1. 0. 0. 0. 0. 0. 0. 0. 0. 0. 0. 1. 1. 1. 1.
 1. 1. 1. 1. 1. 1. 0. 0. 0. 0. 0. 0. 0. 0. 0. 0. 0. 0. 0. 0. 0. 0. 0. 0.
 0. 0. 1. 1. 1. 1. 1. 1. 1. 1. 1. 1. 0. 0. 0. 0. 0. 0. 0. 0. 0. 0. 1. 1.
 1. 1. 1. 1. 1. 1. 1. 1. 1. 1. 1. 1. 1. 1. 1. 1. 1. 1. 0. 0. 0. 0. 0. 0.
 0. 0. 0. 0. 0. 0. 0. 0. 0. 0. 0. 0. 0. 0. 0. 0. 0. 0. 0. 0. 0. 0. 0. 0.
 0. 0. 0. 0. 0. 0. 0. 0. 0. 0. 0. 0. 0. 0. 0. 0. 0. 0. 0. 0. 0. 0. 0. 0.
 0. 0. 0. 0. 0. 0. 0. 0. 0. 0. 0. 0. 0. 0. 0. 0. 0. 0. 0. 0. 0. 0. 0. 0.
 0. 0. 0. 0. 0. 0. 0. 0. 0. 0. 0. 0. 0. 0. 0. 0. 0. 0. 0. 0. 0. 0. 0. 0.
 0. 0. 0. 0. 0. 0. 0. 0.]
y_pred:  [1. 1. 0. 1. 0. 1. 1. 1. 1. 0. 1. 0. 1. 1. 1. 0. 1. 1. 0. 0. 1. 0. 1. 1.
 0. 0. 1. 0. 1. 0. 1. 0. 0. 0. 0. 0. 0. 1. 0. 0. 1. 1. 0. 0. 1. 0. 1. 0.
 1. 0. 1. 1. 0. 0. 1. 1. 1. 1. 1. 1. 1. 1. 1. 0. 1. 0. 1. 1. 0. 1. 1. 1.
 1. 0. 0. 0. 0. 0. 1. 0. 1. 0. 0. 1. 0. 0. 1. 1. 0. 1. 1. 0. 1. 0. 0. 1.
 1. 0. 0. 0. 1. 0. 0. 0. 0. 0. 0. 1. 0. 0. 0. 0. 0. 0. 0. 0. 0. 1. 0. 0.
 0. 0. 1. 0. 1. 0. 0. 0. 0. 0. 0. 0. 0. 1. 0. 0. 0. 0. 0. 0. 1. 1. 0. 0.
 0. 0. 0. 1. 0. 0. 0. 0. 0. 0. 1. 0. 0. 1. 0. 0. 0. 0. 0. 0. 0. 0. 0. 1.
 0. 0. 0. 0. 0. 0. 0. 0. 0. 0. 0. 0. 0. 0. 0. 1. 0. 1. 0. 0. 0. 0. 1. 0.
 0. 0. 0. 0. 0. 0. 0. 0.]
Time taken: 25.038379907608032 seconds
Running combination 36 of 50
Fitting RandomForest...
Fitting Adaboost...
Fitting AdaBoost_2...
Fitting et...
Fitting gbc...
Fitting gbc_2...
Fitting gbc_3...
Fitting dt...
Fitting lr...
Fitting Lasso_1...
Fitting Lasso_2...
Fitting Lasso_3...
Fitting Lasso_4...
Fitting elasticnet...
VCF file created successfully.
pyseer stderr:  Read 1000 phenotypes
Detected continuous phenotype
Reading all variants

0variants [00:00, ?variants/s]
55variants [00:00, 542.20variants/s]
110variants [00:00, 468.78variants/s]
167variants [00:00, 508.68variants/s]
198variants [00:00, 512.54variants/s]
Applying correlation filtering

  0%|          | 0/198 [00:00<?, ?variants/s]
100%|██████████| 198/198 [00:00<00:00, 2685.39variants/s]
Fitting elastic net to top 148 variants
Best penalty (lambda) from cross-validation: 1.54E+01
Best R^2 from cross-validation: 0.509
Finding and printing selected variants
198 loaded variants
50 pre-filtered variants
148 tested variants
133 printed variants

True importance standardized:  [0.75652871 0.75652871 0.75652871 0.75652871 0.75652871 0.75652871
 0.75652871 0.75652871 0.75652871 0.75652871 0.6499148  0.6499148
 0.6499148  0.6499148  0.6499148  0.6499148  0.6499148  0.6499148
 0.6499148  0.6499148  0.21719094 0.21719094 0.21719094 0.21719094
 0.21719094 0.21719094 0.21719094 0.21719094 0.21719094 0.21719094
 1.         1.         1.         1.         1.         1.
 1.         1.         1.         1.         0.12960221 0.12960221
 0.12960221 0.12960221 0.12960221 0.12960221 0.12960221 0.12960221
 0.12960221 0.12960221 0.86197324 0.86197324 0.86197324 0.86197324
 0.86197324 0.86197324 0.86197324 0.86197324 0.86197324 0.86197324
 0.36009584 0.36009584 0.36009584 0.36009584 0.36009584 0.36009584
 0.36009584 0.36009584 0.36009584 0.36009584 0.57439099 0.57439099
 0.57439099 0.57439099 0.57439099 0.57439099 0.57439099 0.57439099
 0.57439099 0.57439099 0.10834524 0.10834524 0.10834524 0.10834524
 0.10834524 0.10834524 0.10834524 0.10834524 0.10834524 0.10834524
 0.52097017 0.52097017 0.52097017 0.52097017 0.52097017 0.52097017
 0.52097017 0.52097017 0.52097017 0.52097017 0.         0.
 0.         0.         0.         0.         0.         0.
 0.         0.         0.         0.         0.         0.
 0.         0.         0.         0.         0.         0.
 0.         0.         0.         0.         0.         0.
 0.         0.         0.         0.         0.         0.
 0.         0.         0.         0.         0.         0.
 0.         0.         0.         0.         0.         0.
 0.         0.         0.         0.         0.         0.
 0.         0.         0.         0.         0.         0.
 0.         0.         0.         0.         0.         0.
 0.         0.         0.         0.         0.         0.
 0.         0.         0.         0.         0.         0.
 0.         0.         0.         0.         0.         0.
 0.         0.         0.         0.         0.         0.
 0.         0.         0.         0.         0.         0.
 0.         0.         0.         0.         0.         0.
 0.         0.        ]
Normalized importance:  [0.66224123 0.66224123 0.66224123 0.66224123 0.66224123 0.66224123
 0.66224123 0.66224123 0.66224123 0.66224123 0.59701857 0.59701857
 0.59701857 0.59701857 0.59701857 0.59701857 0.59701857 0.59701857
 0.59701857 0.59701857 0.04488967 0.04488967 0.         0.04488967
 0.04488967 0.         0.04488967 0.         0.04488967 0.04488967
 1.         1.         1.         1.         1.         1.
 1.         1.         1.         1.         0.         0.
 0.         0.         0.         0.         0.02116951 0.
 0.         0.         0.95897393 0.95897393 0.95897393 0.95897393
 0.95897393 0.95897393 0.95897393 0.95897393 0.95897393 0.95897393
 0.11344405 0.11344405 0.11344405 0.11344405 0.11344405 0.11344405
 0.11344405 0.11344405 0.11344405 0.11344405 0.5465772  0.5465772
 0.5465772  0.5465772  0.5465772  0.5465772  0.5465772  0.5465772
 0.5465772  0.5465772  0.03085739 0.03085739 0.03085739 0.
 0.         0.03085739 0.03085739 0.03085739 0.         0.03085739
 0.248048   0.248048   0.248048   0.248048   0.248048   0.248048
 0.248048   0.248048   0.248048   0.248048   0.02485945 0.
 0.         0.         0.         0.         0.01441544 0.
 0.         0.02407513 0.01285819 0.02058237 0.         0.
 0.         0.         0.01691882 0.02833714 0.         0.
 0.         0.         0.         0.         0.03729628 0.00891497
 0.         0.         0.         0.         0.         0.00653067
 0.         0.02883645 0.         0.         0.         0.10029298
 0.         0.         0.         0.         0.         0.
 0.         0.01157773 0.         0.         0.         0.
 0.         0.         0.         0.         0.         0.
 0.         0.         0.         0.         0.         0.
 0.         0.         0.         0.         0.         0.
 0.         0.         0.         0.         0.         0.
 0.0249455  0.02818807 0.         0.         0.         0.
 0.         0.         0.01775872 0.         0.         0.
 0.         0.01306539 0.         0.         0.         0.
 0.         0.         0.         0.00153813 0.         0.
 0.         0.        ]
deepbreaks
y_true:  [1. 1. 1. 1. 1. 1. 1. 1. 1. 1. 1. 1. 1. 1. 1. 1. 1. 1. 1. 1. 0. 0. 0. 0.
 0. 0. 0. 0. 0. 0. 1. 1. 1. 1. 1. 1. 1. 1. 1. 1. 0. 0. 0. 0. 0. 0. 0. 0.
 0. 0. 1. 1. 1. 1. 1. 1. 1. 1. 1. 1. 0. 0. 0. 0. 0. 0. 0. 0. 0. 0. 1. 1.
 1. 1. 1. 1. 1. 1. 1. 1. 0. 0. 0. 0. 0. 0. 0. 0. 0. 0. 0. 0. 0. 0. 0. 0.
 0. 0. 0. 0. 0. 0. 0. 0. 0. 0. 0. 0. 0. 0. 0. 0. 0. 0. 0. 0. 0. 0. 0. 0.
 0. 0. 0. 0. 0. 0. 0. 0. 0. 0. 0. 0. 0. 0. 0. 0. 0. 0. 0. 0. 0. 0. 0. 0.
 0. 0. 0. 0. 0. 0. 0. 0. 0. 0. 0. 0. 0. 0. 0. 0. 0. 0. 0. 0. 0. 0. 0. 0.
 0. 0. 0. 0. 0. 0. 0. 0. 0. 0. 0. 0. 0. 0. 0. 0. 0. 0. 0. 0. 0. 0. 0. 0.
 0. 0. 0. 0. 0. 0. 0. 0.]
y_pred:  [1. 1. 1. 1. 1. 1. 1. 1. 1. 1. 1. 1. 1. 1. 1. 1. 1. 1. 1. 1. 0. 0. 0. 0.
 0. 0. 0. 0. 0. 0. 1. 1. 1. 1. 1. 1. 1. 1. 1. 1. 0. 0. 0. 0. 0. 0. 0. 0.
 0. 0. 1. 1. 1. 1. 1. 1. 1. 1. 1. 1. 0. 0. 0. 0. 0. 0. 0. 0. 0. 0. 1. 1.
 1. 1. 1. 1. 1. 1. 1. 1. 0. 0. 0. 0. 0. 0. 0. 0. 0. 0. 1. 1. 1. 1. 1. 1.
 1. 1. 1. 1. 0. 0. 0. 0. 0. 0. 0. 0. 0. 0. 0. 0. 0. 0. 0. 0. 0. 0. 0. 0.
 0. 0. 0. 0. 0. 0. 0. 0. 0. 0. 0. 0. 0. 0. 0. 0. 0. 0. 0. 0. 0. 0. 0. 0.
 0. 0. 0. 0. 0. 0. 0. 0. 0. 0. 0. 0. 0. 0. 0. 0. 0. 0. 0. 0. 0. 0. 0. 0.
 0. 0. 0. 0. 0. 0. 0. 0. 0. 0. 0. 0. 0. 0. 0. 0. 0. 0. 0. 0. 0. 0. 0. 0.
 0. 0. 0. 0. 0. 0. 0. 0.]
Normalized importance:  [0.91988131 0.55489614 0.29673591 0.19792285 0.53709199 0.24599407
 0.57566766 0.60534125 0.03946588 0.14005935 0.73293769 0.24302671
 0.58456973 0.77151335 0.16468843 0.29495549 0.21810089 0.32937685
 0.35905045 0.29970326 0.32344214 0.20860534 0.0064095  0.
 0.19020772 0.         0.26379822 0.09881306 0.12225519 0.
 0.93175074 0.70623145 0.70919881 0.3115727  0.74777448 0.39169139
 0.70623145 0.65281899 0.         0.62017804 0.18189911 0.00836795
 0.         0.09376855 0.         0.         0.23026706 0.10267062
 0.         0.         1.         0.48071217 0.43916914 0.47477745
 0.70919881 0.66468843 0.         0.59347181 0.29970326 0.58456973
 0.32047478 0.52225519 0.37388724 0.19970326 0.         0.05608309
 0.27418398 0.09139466 0.04183976 0.         0.70326409 0.03768546
 0.85459941 0.29970326 0.26439169 0.3264095  0.3768546  0.39169139
 0.40652819 0.10296736 0.         0.01299703 0.07774481 0.
 0.08635015 0.18071217 0.29673591 0.         0.         0.
 0.59940653 0.40059347 0.47477745 0.         0.46290801 0.30860534
 0.35014837 0.42136499 0.20682493 0.09940653 0.08872404 0.43323442
 0.16884273 0.         0.         0.         0.39465875 0.27596439
 0.23946588 0.25400593 0.04807122 0.28991098 0.30267062 0.
 0.05608309 0.         0.21246291 0.25727003 0.         0.
 0.         0.         0.         0.         0.37388724 0.02590504
 0.         0.         0.         0.09139466 0.39465875 0.30860534
 0.00688427 0.25489614 0.         0.34421365 0.01394659 0.6379822
 0.         0.         0.         0.33234421 0.         0.
 0.29970326 0.         0.0064095  0.17507418 0.         0.39465875
 0.         0.24362018 0.         0.30563798 0.13857567 0.
 0.15578635 0.15222552 0.         0.02682493 0.         0.50148368
 0.         0.         0.         0.25845697 0.         0.32937685
 0.03709199 0.         0.         0.07240356 0.13531157 0.30267062
 0.34124629 0.27566766 0.14510386 0.         0.20682493 0.
 0.         0.         0.29376855 0.         0.34124629 0.
 0.         0.51038576 0.         0.07833828 0.         0.
 0.         0.         0.         0.06379822 0.11097923 0.
 0.         0.        ]
pyseer
y_true:  [1. 1. 1. 1. 1. 1. 1. 1. 1. 1. 1. 1. 1. 1. 1. 1. 1. 1. 1. 1. 0. 0. 0. 0.
 0. 0. 0. 0. 0. 0. 1. 1. 1. 1. 1. 1. 1. 1. 1. 1. 0. 0. 0. 0. 0. 0. 0. 0.
 0. 0. 1. 1. 1. 1. 1. 1. 1. 1. 1. 1. 0. 0. 0. 0. 0. 0. 0. 0. 0. 0. 1. 1.
 1. 1. 1. 1. 1. 1. 1. 1. 0. 0. 0. 0. 0. 0. 0. 0. 0. 0. 0. 0. 0. 0. 0. 0.
 0. 0. 0. 0. 0. 0. 0. 0. 0. 0. 0. 0. 0. 0. 0. 0. 0. 0. 0. 0. 0. 0. 0. 0.
 0. 0. 0. 0. 0. 0. 0. 0. 0. 0. 0. 0. 0. 0. 0. 0. 0. 0. 0. 0. 0. 0. 0. 0.
 0. 0. 0. 0. 0. 0. 0. 0. 0. 0. 0. 0. 0. 0. 0. 0. 0. 0. 0. 0. 0. 0. 0. 0.
 0. 0. 0. 0. 0. 0. 0. 0. 0. 0. 0. 0. 0. 0. 0. 0. 0. 0. 0. 0. 0. 0. 0. 0.
 0. 0. 0. 0. 0. 0. 0. 0.]
y_pred:  [1. 1. 1. 0. 1. 0. 1. 1. 0. 0. 1. 0. 1. 1. 0. 0. 0. 1. 1. 1. 1. 0. 0. 0.
 0. 0. 0. 0. 0. 0. 1. 1. 1. 1. 1. 1. 1. 1. 0. 1. 0. 0. 0. 0. 0. 0. 0. 0.
 0. 0. 1. 1. 1. 1. 1. 1. 0. 1. 1. 1. 1. 1. 1. 0. 0. 0. 0. 0. 0. 0. 1. 0.
 1. 1. 0. 1. 1. 1. 1. 0. 0. 0. 0. 0. 0. 0. 1. 0. 0. 0. 1. 1. 1. 0. 1. 1.
 1. 1. 0. 0. 0. 1. 0. 0. 0. 0. 1. 0. 0. 0. 0. 0. 1. 0. 0. 0. 0. 0. 0. 0.
 0. 0. 0. 0. 1. 0. 0. 0. 0. 0. 1. 1. 0. 0. 0. 1. 0. 1. 0. 0. 0. 1. 0. 0.
 1. 0. 0. 0. 0. 1. 0. 0. 0. 1. 0. 0. 0. 0. 0. 0. 0. 1. 0. 0. 0. 0. 0. 1.
 0. 0. 0. 0. 0. 1. 1. 0. 0. 0. 0. 0. 0. 0. 0. 0. 1. 0. 0. 1. 0. 0. 0. 0.
 0. 0. 0. 0. 0. 0. 0. 0.]
Time taken: 24.070407152175903 seconds
Running combination 37 of 50
Fitting RandomForest...
Fitting Adaboost...
Fitting AdaBoost_2...
Fitting et...
Fitting gbc...
Fitting gbc_2...
Fitting gbc_3...
Fitting dt...
Fitting lr...
Fitting Lasso_1...
Fitting Lasso_2...
Fitting Lasso_3...
Fitting Lasso_4...
Fitting elasticnet...
VCF file created successfully.
pyseer stderr:  Read 1000 phenotypes
Detected continuous phenotype
Reading all variants

0variants [00:00, ?variants/s]
55variants [00:00, 544.67variants/s]
110variants [00:00, 481.71variants/s]
167variants [00:00, 515.32variants/s]
198variants [00:00, 519.36variants/s]
Applying correlation filtering

  0%|          | 0/198 [00:00<?, ?variants/s]
100%|██████████| 198/198 [00:00<00:00, 2712.53variants/s]
Fitting elastic net to top 148 variants
Best penalty (lambda) from cross-validation: 5.35E+01
Best R^2 from cross-validation: 0.522
Finding and printing selected variants
198 loaded variants
50 pre-filtered variants
148 tested variants
141 printed variants

True importance standardized:  [0.5613033  0.5613033  0.5613033  0.5613033  0.5613033  0.5613033
 0.5613033  0.5613033  0.5613033  0.5613033  0.93004414 0.93004414
 0.93004414 0.93004414 0.93004414 0.93004414 0.93004414 0.93004414
 0.93004414 0.93004414 0.73635398 0.73635398 0.73635398 0.73635398
 0.73635398 0.73635398 0.73635398 0.73635398 0.73635398 0.73635398
 0.67595873 0.67595873 0.67595873 0.67595873 0.67595873 0.67595873
 0.67595873 0.67595873 0.67595873 0.67595873 0.80956246 0.80956246
 0.80956246 0.80956246 0.80956246 0.80956246 0.80956246 0.80956246
 0.80956246 0.80956246 0.43758778 0.43758778 0.43758778 0.43758778
 0.43758778 0.43758778 0.43758778 0.43758778 0.43758778 0.43758778
 0.17330821 0.17330821 0.17330821 0.17330821 0.17330821 0.17330821
 0.17330821 0.17330821 0.17330821 0.17330821 0.84172945 0.84172945
 0.84172945 0.84172945 0.84172945 0.84172945 0.84172945 0.84172945
 0.84172945 0.84172945 1.         1.         1.         1.
 1.         1.         1.         1.         1.         1.
 0.64626502 0.64626502 0.64626502 0.64626502 0.64626502 0.64626502
 0.64626502 0.64626502 0.64626502 0.64626502 0.         0.
 0.         0.         0.         0.         0.         0.
 0.         0.         0.         0.         0.         0.
 0.         0.         0.         0.         0.         0.
 0.         0.         0.         0.         0.         0.
 0.         0.         0.         0.         0.         0.
 0.         0.         0.         0.         0.         0.
 0.         0.         0.         0.         0.         0.
 0.         0.         0.         0.         0.         0.
 0.         0.         0.         0.         0.         0.
 0.         0.         0.         0.         0.         0.
 0.         0.         0.         0.         0.         0.
 0.         0.         0.         0.         0.         0.
 0.         0.         0.         0.         0.         0.
 0.         0.         0.         0.         0.         0.
 0.         0.         0.         0.         0.         0.
 0.         0.         0.         0.         0.         0.
 0.         0.        ]
Normalized importance:  [0.18179974 0.18179974 0.18179974 0.18179974 0.18179974 0.18179974
 0.18179974 0.18179974 0.18179974 0.18179974 0.73506556 0.73506556
 0.73506556 0.73506556 0.73506556 0.73506556 0.73506556 0.73506556
 0.73506556 0.73506556 0.76622118 0.76622118 0.76622118 0.76622118
 0.76622118 0.76622118 0.76622118 0.76622118 0.76622118 0.76622118
 0.34087996 0.34087996 0.34087996 0.34087996 0.34087996 0.34087996
 0.34087996 0.34087996 0.34087996 0.34087996 0.70073607 0.70073607
 0.70073607 0.70073607 0.70073607 0.70073607 0.70073607 0.70073607
 0.70073607 0.70073607 0.06132247 0.06132247 0.06132247 0.06132247
 0.06132247 0.         0.06132247 0.06132247 0.06132247 0.06132247
 0.03120095 0.03120095 0.03120095 0.         0.03120095 0.03120095
 0.03120095 0.03120095 0.         0.03120095 0.48282099 0.48282099
 0.48282099 0.48282099 0.48282099 0.48282099 0.48282099 0.48282099
 0.48282099 0.48282099 1.         1.         1.         1.
 1.         1.         1.         1.         1.         1.
 0.54301609 0.54301609 0.54301609 0.54301609 0.54301609 0.54301609
 0.54301609 0.54301609 0.54301609 0.54301609 0.         0.
 0.02146704 0.         0.         0.         0.         0.
 0.         0.         0.         0.         0.         0.
 0.         0.         0.         0.         0.         0.
 0.         0.         0.         0.         0.         0.
 0.         0.         0.         0.         0.         0.
 0.         0.         0.         0.         0.         0.
 0.         0.00968506 0.         0.06931743 0.         0.
 0.         0.         0.         0.         0.         0.
 0.         0.         0.         0.         0.         0.011604
 0.         0.         0.         0.         0.         0.
 0.         0.         0.         0.         0.         0.
 0.         0.         0.02234369 0.         0.         0.
 0.         0.03572415 0.         0.02998607 0.         0.
 0.         0.         0.         0.         0.         0.
 0.         0.         0.         0.         0.         0.
 0.         0.         0.         0.         0.         0.
 0.         0.        ]
deepbreaks
y_true:  [0. 0. 0. 0. 0. 0. 0. 0. 0. 0. 1. 1. 1. 1. 1. 1. 1. 1. 1. 1. 1. 1. 1. 1.
 1. 1. 1. 1. 1. 1. 0. 0. 0. 0. 0. 0. 0. 0. 0. 0. 1. 1. 1. 1. 1. 1. 1. 1.
 1. 1. 0. 0. 0. 0. 0. 0. 0. 0. 0. 0. 0. 0. 0. 0. 0. 0. 0. 0. 0. 0. 1. 1.
 1. 1. 1. 1. 1. 1. 1. 1. 1. 1. 1. 1. 1. 1. 1. 1. 1. 1. 0. 0. 0. 0. 0. 0.
 0. 0. 0. 0. 0. 0. 0. 0. 0. 0. 0. 0. 0. 0. 0. 0. 0. 0. 0. 0. 0. 0. 0. 0.
 0. 0. 0. 0. 0. 0. 0. 0. 0. 0. 0. 0. 0. 0. 0. 0. 0. 0. 0. 0. 0. 0. 0. 0.
 0. 0. 0. 0. 0. 0. 0. 0. 0. 0. 0. 0. 0. 0. 0. 0. 0. 0. 0. 0. 0. 0. 0. 0.
 0. 0. 0. 0. 0. 0. 0. 0. 0. 0. 0. 0. 0. 0. 0. 0. 0. 0. 0. 0. 0. 0. 0. 0.
 0. 0. 0. 0. 0. 0. 0. 0.]
y_pred:  [0. 0. 0. 0. 0. 0. 0. 0. 0. 0. 1. 1. 1. 1. 1. 1. 1. 1. 1. 1. 1. 1. 1. 1.
 1. 1. 1. 1. 1. 1. 0. 0. 0. 0. 0. 0. 0. 0. 0. 0. 1. 1. 1. 1. 1. 1. 1. 1.
 1. 1. 0. 0. 0. 0. 0. 0. 0. 0. 0. 0. 0. 0. 0. 0. 0. 0. 0. 0. 0. 0. 1. 1.
 1. 1. 1. 1. 1. 1. 1. 1. 1. 1. 1. 1. 1. 1. 1. 1. 1. 1. 1. 1. 1. 1. 1. 1.
 1. 1. 1. 1. 0. 0. 0. 0. 0. 0. 0. 0. 0. 0. 0. 0. 0. 0. 0. 0. 0. 0. 0. 0.
 0. 0. 0. 0. 0. 0. 0. 0. 0. 0. 0. 0. 0. 0. 0. 0. 0. 0. 0. 0. 0. 0. 0. 0.
 0. 0. 0. 0. 0. 0. 0. 0. 0. 0. 0. 0. 0. 0. 0. 0. 0. 0. 0. 0. 0. 0. 0. 0.
 0. 0. 0. 0. 0. 0. 0. 0. 0. 0. 0. 0. 0. 0. 0. 0. 0. 0. 0. 0. 0. 0. 0. 0.
 0. 0. 0. 0. 0. 0. 0. 0.]
Normalized importance:  [0.22774327 0.44306418 0.41614907 0.0010766  0.02432712 0.48033126
 0.26293996 0.35610766 0.35093168 0.1884058  0.86128364 0.19979296
 0.21325052 0.85403727 0.32091097 0.34161491 0.16459627 0.28881988
 0.61697723 0.73809524 0.76397516 0.4047619  0.55175983 0.2815735
 0.54968944 0.44513458 0.02401656 0.51449275 0.58074534 0.
 0.46376812 0.4378882  0.36231884 0.36853002 0.48447205 0.39026915
 0.29503106 0.22670807 0.16666667 0.25879917 0.62318841 0.57246377
 0.48550725 0.29089027 0.43167702 0.         0.24016563 0.66356108
 0.74327122 0.5320911  0.22774327 0.17494824 0.00445135 0.17391304
 0.13871636 0.18012422 0.25776398 0.         0.35507246 0.27639752
 0.11697723 0.00469979 0.31987578 0.         0.07774327 0.08447205
 0.29606625 0.07950311 0.09482402 0.14182195 0.89130435 0.26190476
 0.28571429 0.11594203 0.45548654 0.43271222 0.29710145 0.21118012
 0.75362319 0.24430642 1.         0.94409938 0.68322981 0.44927536
 0.01221532 0.53830228 0.29813665 0.77225673 0.06811594 0.46687371
 0.60455487 0.42753623 0.67908903 0.0547619  0.         0.39855072
 0.53416149 0.29296066 0.61801242 0.22774327 0.02194617 0.
 0.36645963 0.         0.36128364 0.09865424 0.1242236  0.16770186
 0.         0.         0.12939959 0.09803313 0.29296066 0.
 0.         0.         0.         0.0931677  0.08913043 0.
 0.         0.         0.16149068 0.0036646  0.         0.
 0.03312629 0.16873706 0.         0.         0.24430642 0.09006211
 0.         0.         0.21221532 0.         0.         0.07391304
 0.         0.30641822 0.         0.3757764  0.         0.
 0.05952381 0.03033126 0.         0.         0.18115942 0.09285714
 0.07608696 0.13146998 0.         0.         0.         0.22463768
 0.02267081 0.         0.         0.         0.10869565 0.01832298
 0.15838509 0.09327122 0.33747412 0.         0.         0.32919255
 0.         0.04347826 0.28467909 0.         0.         0.
 0.         0.47515528 0.19254658 0.41407867 0.09068323 0.25258799
 0.18219462 0.         0.         0.         0.09658385 0.
 0.         0.         0.         0.01532091 0.         0.
 0.         0.         0.         0.         0.21428571 0.
 0.         0.        ]
pyseer
y_true:  [0. 0. 0. 0. 0. 0. 0. 0. 0. 0. 1. 1. 1. 1. 1. 1. 1. 1. 1. 1. 1. 1. 1. 1.
 1. 1. 1. 1. 1. 1. 0. 0. 0. 0. 0. 0. 0. 0. 0. 0. 1. 1. 1. 1. 1. 1. 1. 1.
 1. 1. 0. 0. 0. 0. 0. 0. 0. 0. 0. 0. 0. 0. 0. 0. 0. 0. 0. 0. 0. 0. 1. 1.
 1. 1. 1. 1. 1. 1. 1. 1. 1. 1. 1. 1. 1. 1. 1. 1. 1. 1. 0. 0. 0. 0. 0. 0.
 0. 0. 0. 0. 0. 0. 0. 0. 0. 0. 0. 0. 0. 0. 0. 0. 0. 0. 0. 0. 0. 0. 0. 0.
 0. 0. 0. 0. 0. 0. 0. 0. 0. 0. 0. 0. 0. 0. 0. 0. 0. 0. 0. 0. 0. 0. 0. 0.
 0. 0. 0. 0. 0. 0. 0. 0. 0. 0. 0. 0. 0. 0. 0. 0. 0. 0. 0. 0. 0. 0. 0. 0.
 0. 0. 0. 0. 0. 0. 0. 0. 0. 0. 0. 0. 0. 0. 0. 0. 0. 0. 0. 0. 0. 0. 0. 0.
 0. 0. 0. 0. 0. 0. 0. 0.]
y_pred:  [0. 1. 1. 0. 0. 1. 1. 1. 1. 0. 1. 0. 0. 1. 1. 1. 0. 1. 1. 1. 1. 1. 1. 1.
 1. 1. 0. 1. 1. 0. 1. 1. 1. 1. 1. 1. 1. 0. 0. 0. 1. 1. 1. 1. 1. 0. 0. 1.
 1. 1. 0. 0. 0. 0. 0. 0. 0. 0. 1. 1. 0. 0. 1. 0. 0. 0. 1. 0. 0. 0. 1. 0.
 1. 0. 1. 1. 1. 0. 1. 0. 1. 1. 1. 1. 0. 1. 1. 1. 0. 1. 1. 1. 1. 0. 0. 1.
 1. 1. 1. 0. 0. 0. 1. 0. 1. 0. 0. 0. 0. 0. 0. 0. 1. 0. 0. 0. 0. 0. 0. 0.
 0. 0. 0. 0. 0. 0. 0. 0. 0. 0. 0. 0. 0. 0. 0. 0. 0. 0. 0. 1. 0. 1. 0. 0.
 0. 0. 0. 0. 0. 0. 0. 0. 0. 0. 0. 0. 0. 0. 0. 0. 0. 0. 0. 0. 1. 0. 0. 1.
 0. 0. 1. 0. 0. 0. 0. 1. 0. 1. 0. 0. 0. 0. 0. 0. 0. 0. 0. 0. 0. 0. 0. 0.
 0. 0. 0. 0. 0. 0. 0. 0.]
Time taken: 23.66124176979065 seconds
Running combination 38 of 50
Fitting RandomForest...
Fitting Adaboost...
Fitting AdaBoost_2...
Fitting et...
Fitting gbc...
Fitting gbc_2...
Fitting gbc_3...
Fitting dt...
Fitting lr...
Fitting Lasso_1...
Fitting Lasso_2...
Fitting Lasso_3...
Fitting Lasso_4...
Fitting elasticnet...
VCF file created successfully.
pyseer stderr:  Read 1000 phenotypes
Detected continuous phenotype
Reading all variants

0variants [00:00, ?variants/s]
53variants [00:00, 523.57variants/s]
106variants [00:00, 463.08variants/s]
160variants [00:00, 494.24variants/s]
198variants [00:00, 499.43variants/s]
Applying correlation filtering

  0%|          | 0/198 [00:00<?, ?variants/s]
100%|██████████| 198/198 [00:00<00:00, 2584.26variants/s]
Fitting elastic net to top 148 variants
Best penalty (lambda) from cross-validation: 2.38E+01
Best R^2 from cross-validation: 0.547
Finding and printing selected variants
198 loaded variants
50 pre-filtered variants
148 tested variants
134 printed variants

True importance standardized:  [0.72438181 0.72438181 0.72438181 0.72438181 0.72438181 0.72438181
 0.72438181 0.72438181 0.72438181 0.72438181 0.60874222 0.60874222
 0.60874222 0.60874222 0.60874222 0.60874222 0.60874222 0.60874222
 0.60874222 0.60874222 0.61874641 0.61874641 0.61874641 0.61874641
 0.61874641 0.61874641 0.61874641 0.61874641 0.61874641 0.61874641
 0.39083007 0.39083007 0.39083007 0.39083007 0.39083007 0.39083007
 0.39083007 0.39083007 0.39083007 0.39083007 0.4022309  0.4022309
 0.4022309  0.4022309  0.4022309  0.4022309  0.4022309  0.4022309
 0.4022309  0.4022309  0.83837758 0.83837758 0.83837758 0.83837758
 0.83837758 0.83837758 0.83837758 0.83837758 0.83837758 0.83837758
 0.53067506 0.53067506 0.53067506 0.53067506 0.53067506 0.53067506
 0.53067506 0.53067506 0.53067506 0.53067506 0.81198293 0.81198293
 0.81198293 0.81198293 0.81198293 0.81198293 0.81198293 0.81198293
 0.81198293 0.81198293 0.28918886 0.28918886 0.28918886 0.28918886
 0.28918886 0.28918886 0.28918886 0.28918886 0.28918886 0.28918886
 1.         1.         1.         1.         1.         1.
 1.         1.         1.         1.         0.         0.
 0.         0.         0.         0.         0.         0.
 0.         0.         0.         0.         0.         0.
 0.         0.         0.         0.         0.         0.
 0.         0.         0.         0.         0.         0.
 0.         0.         0.         0.         0.         0.
 0.         0.         0.         0.         0.         0.
 0.         0.         0.         0.         0.         0.
 0.         0.         0.         0.         0.         0.
 0.         0.         0.         0.         0.         0.
 0.         0.         0.         0.         0.         0.
 0.         0.         0.         0.         0.         0.
 0.         0.         0.         0.         0.         0.
 0.         0.         0.         0.         0.         0.
 0.         0.         0.         0.         0.         0.
 0.         0.         0.         0.         0.         0.
 0.         0.         0.         0.         0.         0.
 0.         0.        ]
Normalized importance:  [0.38674873 0.38674873 0.38674873 0.38674873 0.38674873 0.38674873
 0.38674873 0.38674873 0.38674873 0.38674873 0.34029019 0.34029019
 0.34029019 0.34029019 0.34029019 0.34029019 0.34029019 0.34029019
 0.34029019 0.34029019 0.36225107 0.36225107 0.36225107 0.36225107
 0.36225107 0.36225107 0.36225107 0.36225107 0.36225107 0.36225107
 0.06642341 0.06642341 0.06642341 0.06642341 0.06642341 0.06642341
 0.06642341 0.06642341 0.06642341 0.06642341 0.17819602 0.17819602
 0.17819602 0.17819602 0.17819602 0.17819602 0.17819602 0.17819602
 0.17819602 0.17819602 0.55696588 0.55696588 0.55696588 0.55696588
 0.55696588 0.55696588 0.55696588 0.55696588 0.55696588 0.55696588
 0.24846732 0.24846732 0.24846732 0.24846732 0.24846732 0.24846732
 0.24846732 0.24846732 0.24846732 0.24846732 0.46484832 0.46484832
 0.46484832 0.46484832 0.46484832 0.46484832 0.46484832 0.46484832
 0.46484832 0.46484832 0.05071229 0.05071229 0.05071229 0.05071229
 0.05071229 0.05071229 0.05071229 0.05071229 0.05071229 0.05071229
 1.         1.         1.         1.         1.         1.
 1.         1.         1.         1.         0.         0.
 0.         0.         0.         0.         0.         0.
 0.         0.         0.         0.02211369 0.         0.
 0.         0.03119314 0.         0.         0.         0.
 0.         0.         0.         0.         0.00327872 0.04149469
 0.00762583 0.         0.01740423 0.         0.         0.02114485
 0.         0.         0.         0.         0.         0.00985145
 0.02320169 0.         0.         0.         0.         0.
 0.         0.         0.         0.03690625 0.         0.
 0.         0.         0.         0.         0.         0.
 0.         0.         0.         0.         0.         0.
 0.02375039 0.         0.         0.         0.         0.
 0.         0.         0.         0.         0.         0.
 0.         0.         0.         0.         0.         0.
 0.         0.         0.01505366 0.         0.         0.
 0.         0.         0.         0.         0.         0.
 0.00549292 0.         0.         0.         0.         0.
 0.         0.        ]
deepbreaks
y_true:  [1. 1. 1. 1. 1. 1. 1. 1. 1. 1. 0. 0. 0. 0. 0. 0. 0. 0. 0. 0. 1. 1. 1. 1.
 1. 1. 1. 1. 1. 1. 0. 0. 0. 0. 0. 0. 0. 0. 0. 0. 0. 0. 0. 0. 0. 0. 0. 0.
 0. 0. 1. 1. 1. 1. 1. 1. 1. 1. 1. 1. 0. 0. 0. 0. 0. 0. 0. 0. 0. 0. 1. 1.
 1. 1. 1. 1. 1. 1. 1. 1. 0. 0. 0. 0. 0. 0. 0. 0. 0. 0. 1. 1. 1. 1. 1. 1.
 1. 1. 1. 1. 0. 0. 0. 0. 0. 0. 0. 0. 0. 0. 0. 0. 0. 0. 0. 0. 0. 0. 0. 0.
 0. 0. 0. 0. 0. 0. 0. 0. 0. 0. 0. 0. 0. 0. 0. 0. 0. 0. 0. 0. 0. 0. 0. 0.
 0. 0. 0. 0. 0. 0. 0. 0. 0. 0. 0. 0. 0. 0. 0. 0. 0. 0. 0. 0. 0. 0. 0. 0.
 0. 0. 0. 0. 0. 0. 0. 0. 0. 0. 0. 0. 0. 0. 0. 0. 0. 0. 0. 0. 0. 0. 0. 0.
 0. 0. 0. 0. 0. 0. 0. 0.]
y_pred:  [1. 1. 1. 1. 1. 1. 1. 1. 1. 1. 1. 1. 1. 1. 1. 1. 1. 1. 1. 1. 1. 1. 1. 1.
 1. 1. 1. 1. 1. 1. 0. 0. 0. 0. 0. 0. 0. 0. 0. 0. 0. 0. 0. 0. 0. 0. 0. 0.
 0. 0. 1. 1. 1. 1. 1. 1. 1. 1. 1. 1. 0. 0. 0. 0. 0. 0. 0. 0. 0. 0. 1. 1.
 1. 1. 1. 1. 1. 1. 1. 1. 0. 0. 0. 0. 0. 0. 0. 0. 0. 0. 1. 1. 1. 1. 1. 1.
 1. 1. 1. 1. 0. 0. 0. 0. 0. 0. 0. 0. 0. 0. 0. 0. 0. 0. 0. 0. 0. 0. 0. 0.
 0. 0. 0. 0. 0. 0. 0. 0. 0. 0. 0. 0. 0. 0. 0. 0. 0. 0. 0. 0. 0. 0. 0. 0.
 0. 0. 0. 0. 0. 0. 0. 0. 0. 0. 0. 0. 0. 0. 0. 0. 0. 0. 0. 0. 0. 0. 0. 0.
 0. 0. 0. 0. 0. 0. 0. 0. 0. 0. 0. 0. 0. 0. 0. 0. 0. 0. 0. 0. 0. 0. 0. 0.
 0. 0. 0. 0. 0. 0. 0. 0.]
Normalized importance:  [0.91004184 0.48535565 0.39748954 0.34728033 0.16401674 0.31380753
 0.28451883 0.34309623 0.17573222 0.48117155 0.56903766 0.41004184
 0.33682008 0.41004184 0.31799163 0.29707113 0.06820084 0.28661088
 0.29497908 0.5460251  0.69246862 0.00512552 0.39958159 0.2039749
 0.30543933 0.24895397 0.         0.39330544 0.4958159  0.36820084
 0.38284519 0.19728033 0.         0.22803347 0.21757322 0.22175732
 0.         0.         0.20376569 0.         0.4790795  0.22803347
 0.44769874 0.1792887  0.42677824 0.09623431 0.         0.26150628
 0.30962343 0.21129707 0.74476987 0.9790795  0.29288703 0.33472803
 0.35146444 0.40585774 0.62133891 0.35146444 0.49372385 0.10481172
 0.60251046 0.04309623 0.18953975 0.37029289 0.26359833 0.28451883
 0.28870293 0.72594142 0.36401674 0.1        0.72384937 0.26359833
 0.56066946 0.21129707 0.62970711 0.4665272  0.73849372 0.59414226
 0.04414226 0.51882845 0.25941423 0.09769874 0.         0.1665272
 0.         0.28451883 0.21338912 0.03953975 0.24058577 0.24895397
 1.         0.90167364 0.33472803 0.51046025 0.39958159 0.82217573
 0.55439331 0.65690377 0.73849372 0.35983264 0.         0.
 0.         0.18682008 0.         0.09288703 0.20146444 0.
 0.1207113  0.         0.31380753 0.24686192 0.26569038 0.18828452
 0.14121339 0.31799163 0.         0.         0.         0.
 0.31380753 0.03054393 0.         0.         0.19246862 0.44351464
 0.11066946 0.         0.18096234 0.         0.         0.0458159
 0.         0.02196653 0.         0.         0.         0.05481172
 0.00690377 0.         0.         0.27824268 0.22384937 0.
 0.14456067 0.         0.         0.33263598 0.         0.
 0.01087866 0.         0.         0.07803347 0.         0.06171548
 0.         0.17531381 0.         0.         0.         0.
 0.38493724 0.46025105 0.         0.07426778 0.         0.
 0.21129707 0.         0.07824268 0.         0.         0.0958159
 0.         0.44560669 0.         0.         0.28870293 0.
 0.08242678 0.08661088 0.31799163 0.         0.         0.01487448
 0.         0.         0.         0.         0.         0.
 0.29707113 0.         0.         0.16631799 0.         0.
 0.         0.        ]
pyseer
y_true:  [1. 1. 1. 1. 1. 1. 1. 1. 1. 1. 0. 0. 0. 0. 0. 0. 0. 0. 0. 0. 1. 1. 1. 1.
 1. 1. 1. 1. 1. 1. 0. 0. 0. 0. 0. 0. 0. 0. 0. 0. 0. 0. 0. 0. 0. 0. 0. 0.
 0. 0. 1. 1. 1. 1. 1. 1. 1. 1. 1. 1. 0. 0. 0. 0. 0. 0. 0. 0. 0. 0. 1. 1.
 1. 1. 1. 1. 1. 1. 1. 1. 0. 0. 0. 0. 0. 0. 0. 0. 0. 0. 1. 1. 1. 1. 1. 1.
 1. 1. 1. 1. 0. 0. 0. 0. 0. 0. 0. 0. 0. 0. 0. 0. 0. 0. 0. 0. 0. 0. 0. 0.
 0. 0. 0. 0. 0. 0. 0. 0. 0. 0. 0. 0. 0. 0. 0. 0. 0. 0. 0. 0. 0. 0. 0. 0.
 0. 0. 0. 0. 0. 0. 0. 0. 0. 0. 0. 0. 0. 0. 0. 0. 0. 0. 0. 0. 0. 0. 0. 0.
 0. 0. 0. 0. 0. 0. 0. 0. 0. 0. 0. 0. 0. 0. 0. 0. 0. 0. 0. 0. 0. 0. 0. 0.
 0. 0. 0. 0. 0. 0. 0. 0.]
y_pred:  [1. 1. 1. 1. 0. 1. 0. 1. 0. 1. 1. 1. 1. 1. 1. 1. 0. 0. 1. 1. 1. 0. 1. 0.
 1. 0. 0. 1. 1. 1. 1. 0. 0. 0. 0. 0. 0. 0. 0. 0. 1. 0. 1. 0. 1. 0. 0. 0.
 1. 0. 1. 1. 1. 1. 1. 1. 1. 1. 1. 0. 1. 0. 0. 1. 0. 0. 1. 1. 1. 0. 1. 0.
 1. 0. 1. 1. 1. 1. 0. 1. 0. 0. 0. 0. 0. 0. 0. 0. 0. 0. 1. 1. 1. 1. 1. 1.
 1. 1. 1. 1. 0. 0. 0. 0. 0. 0. 0. 0. 0. 0. 1. 0. 0. 0. 0. 1. 0. 0. 0. 0.
 1. 0. 0. 0. 0. 1. 0. 0. 0. 0. 0. 0. 0. 0. 0. 0. 0. 0. 0. 0. 0. 0. 0. 0.
 0. 0. 0. 1. 0. 0. 0. 0. 0. 0. 0. 0. 0. 0. 0. 0. 0. 0. 1. 1. 0. 0. 0. 0.
 0. 0. 0. 0. 0. 0. 0. 1. 0. 0. 1. 0. 0. 0. 1. 0. 0. 0. 0. 0. 0. 0. 0. 0.
 1. 0. 0. 0. 0. 0. 0. 0.]
Time taken: 26.958327293395996 seconds
Running combination 39 of 50
Fitting RandomForest...
Fitting Adaboost...
Fitting AdaBoost_2...
Fitting et...
Fitting gbc...
Fitting gbc_2...
Fitting gbc_3...
Fitting dt...
Fitting lr...
Fitting Lasso_1...
Fitting Lasso_2...
Fitting Lasso_3...
Fitting Lasso_4...
Fitting elasticnet...
VCF file created successfully.
pyseer stderr:  Read 1000 phenotypes
Detected continuous phenotype
Reading all variants

0variants [00:00, ?variants/s]
54variants [00:00, 534.17variants/s]
108variants [00:00, 467.33variants/s]
164variants [00:00, 503.02variants/s]
198variants [00:00, 506.59variants/s]
Applying correlation filtering

  0%|          | 0/198 [00:00<?, ?variants/s]
100%|██████████| 198/198 [00:00<00:00, 2645.22variants/s]
Fitting elastic net to top 148 variants
Best penalty (lambda) from cross-validation: 2.51E+01
Best R^2 from cross-validation: 0.492
Finding and printing selected variants
198 loaded variants
50 pre-filtered variants
148 tested variants
136 printed variants

True importance standardized:  [0.41433849 0.41433849 0.41433849 0.41433849 0.41433849 0.41433849
 0.41433849 0.41433849 0.41433849 0.41433849 0.28466512 0.28466512
 0.28466512 0.28466512 0.28466512 0.28466512 0.28466512 0.28466512
 0.28466512 0.28466512 0.92202065 0.92202065 0.92202065 0.92202065
 0.92202065 0.92202065 0.92202065 0.92202065 0.92202065 0.92202065
 0.65966774 0.65966774 0.65966774 0.65966774 0.65966774 0.65966774
 0.65966774 0.65966774 0.65966774 0.65966774 0.84199958 0.84199958
 0.84199958 0.84199958 0.84199958 0.84199958 0.84199958 0.84199958
 0.84199958 0.84199958 1.         1.         1.         1.
 1.         1.         1.         1.         1.         1.
 0.19861857 0.19861857 0.19861857 0.19861857 0.19861857 0.19861857
 0.19861857 0.19861857 0.19861857 0.19861857 0.51239299 0.51239299
 0.51239299 0.51239299 0.51239299 0.51239299 0.51239299 0.51239299
 0.51239299 0.51239299 0.73189919 0.73189919 0.73189919 0.73189919
 0.73189919 0.73189919 0.73189919 0.73189919 0.73189919 0.73189919
 0.60708018 0.60708018 0.60708018 0.60708018 0.60708018 0.60708018
 0.60708018 0.60708018 0.60708018 0.60708018 0.         0.
 0.         0.         0.         0.         0.         0.
 0.         0.         0.         0.         0.         0.
 0.         0.         0.         0.         0.         0.
 0.         0.         0.         0.         0.         0.
 0.         0.         0.         0.         0.         0.
 0.         0.         0.         0.         0.         0.
 0.         0.         0.         0.         0.         0.
 0.         0.         0.         0.         0.         0.
 0.         0.         0.         0.         0.         0.
 0.         0.         0.         0.         0.         0.
 0.         0.         0.         0.         0.         0.
 0.         0.         0.         0.         0.         0.
 0.         0.         0.         0.         0.         0.
 0.         0.         0.         0.         0.         0.
 0.         0.         0.         0.         0.         0.
 0.         0.         0.         0.         0.         0.
 0.         0.        ]
Normalized importance:  [0.15018616 0.15018616 0.15018616 0.15018616 0.15018616 0.15018616
 0.15018616 0.15018616 0.15018616 0.15018616 0.08092675 0.08092675
 0.08092675 0.08092675 0.08092675 0.         0.08092675 0.08092675
 0.08092675 0.08092675 0.87052441 0.87052441 0.87052441 0.87052441
 0.87052441 0.87052441 0.87052441 0.87052441 0.87052441 0.87052441
 0.34381284 0.34381284 0.34381284 0.34381284 0.34381284 0.34381284
 0.34381284 0.34381284 0.34381284 0.34381284 0.91880456 0.91880456
 0.91880456 0.91880456 0.91880456 0.91880456 0.91880456 0.91880456
 0.91880456 0.91880456 1.         1.         1.         1.
 1.         1.         1.         1.         1.         1.
 0.0334763  0.0334763  0.0334763  0.0334763  0.0334763  0.0334763
 0.0334763  0.0334763  0.0334763  0.0334763  0.2385184  0.2385184
 0.2385184  0.2385184  0.2385184  0.2385184  0.2385184  0.2385184
 0.2385184  0.2385184  0.72683679 0.72683679 0.72683679 0.72683679
 0.72683679 0.72683679 0.72683679 0.72683679 0.72683679 0.72683679
 0.40624778 0.40624778 0.40624778 0.40624778 0.40624778 0.40624778
 0.40624778 0.40624778 0.40624778 0.40624778 0.00492412 0.
 0.         0.         0.01855282 0.         0.         0.
 0.         0.         0.         0.         0.01519027 0.
 0.         0.         0.         0.         0.0216141  0.
 0.03563719 0.         0.         0.00889119 0.         0.
 0.         0.         0.03684286 0.         0.         0.
 0.         0.02787904 0.03565935 0.00673829 0.         0.
 0.         0.         0.         0.         0.01138397 0.
 0.         0.         0.         0.         0.         0.
 0.         0.         0.00809203 0.         0.00672113 0.
 0.00581198 0.         0.         0.         0.         0.
 0.         0.         0.04697681 0.         0.         0.
 0.01762711 0.06219112 0.03529712 0.         0.         0.
 0.         0.         0.         0.         0.01407371 0.
 0.         0.         0.         0.00602031 0.         0.01988209
 0.         0.02563573 0.         0.         0.         0.
 0.         0.         0.         0.01242408 0.00878831 0.
 0.         0.        ]
deepbreaks
y_true:  [0. 0. 0. 0. 0. 0. 0. 0. 0. 0. 0. 0. 0. 0. 0. 0. 0. 0. 0. 0. 1. 1. 1. 1.
 1. 1. 1. 1. 1. 1. 1. 1. 1. 1. 1. 1. 1. 1. 1. 1. 1. 1. 1. 1. 1. 1. 1. 1.
 1. 1. 1. 1. 1. 1. 1. 1. 1. 1. 1. 1. 0. 0. 0. 0. 0. 0. 0. 0. 0. 0. 0. 0.
 0. 0. 0. 0. 0. 0. 0. 0. 1. 1. 1. 1. 1. 1. 1. 1. 1. 1. 0. 0. 0. 0. 0. 0.
 0. 0. 0. 0. 0. 0. 0. 0. 0. 0. 0. 0. 0. 0. 0. 0. 0. 0. 0. 0. 0. 0. 0. 0.
 0. 0. 0. 0. 0. 0. 0. 0. 0. 0. 0. 0. 0. 0. 0. 0. 0. 0. 0. 0. 0. 0. 0. 0.
 0. 0. 0. 0. 0. 0. 0. 0. 0. 0. 0. 0. 0. 0. 0. 0. 0. 0. 0. 0. 0. 0. 0. 0.
 0. 0. 0. 0. 0. 0. 0. 0. 0. 0. 0. 0. 0. 0. 0. 0. 0. 0. 0. 0. 0. 0. 0. 0.
 0. 0. 0. 0. 0. 0. 0. 0.]
y_pred:  [0. 0. 0. 0. 0. 0. 0. 0. 0. 0. 0. 0. 0. 0. 0. 0. 0. 0. 0. 0. 1. 1. 1. 1.
 1. 1. 1. 1. 1. 1. 1. 1. 1. 1. 1. 1. 1. 1. 1. 1. 1. 1. 1. 1. 1. 1. 1. 1.
 1. 1. 1. 1. 1. 1. 1. 1. 1. 1. 1. 1. 0. 0. 0. 0. 0. 0. 0. 0. 0. 0. 1. 1.
 1. 1. 1. 1. 1. 1. 1. 1. 1. 1. 1. 1. 1. 1. 1. 1. 1. 1. 1. 1. 1. 1. 1. 1.
 1. 1. 1. 1. 0. 0. 0. 0. 0. 0. 0. 0. 0. 0. 0. 0. 0. 0. 0. 0. 0. 0. 0. 0.
 0. 0. 0. 0. 0. 0. 0. 0. 0. 0. 0. 0. 0. 0. 0. 0. 0. 0. 0. 0. 0. 0. 0. 0.
 0. 0. 0. 0. 0. 0. 0. 0. 0. 0. 0. 0. 0. 0. 0. 0. 0. 0. 0. 0. 0. 0. 0. 0.
 0. 0. 0. 0. 0. 0. 0. 0. 0. 0. 0. 0. 0. 0. 0. 0. 0. 0. 0. 0. 0. 0. 0. 0.
 0. 0. 0. 0. 0. 0. 0. 0.]
Normalized importance:  [0.44386423 0.13655352 0.02767624 0.15613577 0.49608355 0.32637076
 0.         0.54569191 0.10417755 0.12062663 0.40469974 0.12976501
 0.         0.27154047 0.21488251 0.06788512 0.         0.4386423
 0.30287206 0.11357702 0.96605744 0.75456919 0.77284595 0.15926893
 0.41775457 0.47780679 0.17989556 0.33420366 0.82767624 0.39947781
 0.60835509 0.36292428 0.26631854 0.41775457 0.39425587 0.46475196
 0.34725849 0.43603133 0.04438642 0.23368146 0.91383812 0.01772846
 0.50130548 0.14386423 0.83289817 0.64751958 0.57180157 0.88511749
 0.43342037 0.22088773 1.         0.65013055 0.46736292 0.64229765
 0.29503916 0.33681462 0.96344648 0.67362924 0.65274151 0.38381201
 0.14438642 0.27154047 0.         0.29503916 0.         0.01519582
 0.11096606 0.37336815 0.34464752 0.05822454 0.62663185 0.30287206
 0.65274151 0.12428198 0.01906005 0.67624021 0.21723238 0.15744125
 0.34986945 0.         0.86422977 0.         0.80678851 0.19660574
 0.48302872 0.62663185 0.30809399 0.57180157 0.29765013 0.59791123
 0.48041775 0.33159269 0.38903394 0.20104439 0.45430809 0.49086162
 0.14673629 0.32898172 0.         0.78067885 0.12558747 0.
 0.         0.         0.07049608 0.01148825 0.         0.12715405
 0.         0.         0.         0.         0.34203655 0.18877285
 0.10365535 0.04203655 0.         0.23498695 0.19817232 0.
 0.26031332 0.07075718 0.         0.31070496 0.         0.
 0.         0.         0.39164491 0.         0.         0.
 0.27415144 0.39686684 0.63185379 0.15926893 0.38903394 0.
 0.         0.         0.29503916 0.27154047 0.36553525 0.18929504
 0.         0.         0.         0.         0.00851175 0.
 0.         0.         0.10104439 0.10861619 0.17389034 0.
 0.37859008 0.         0.         0.         0.         0.
 0.         0.         0.61096606 0.16370757 0.         0.
 0.27415144 0.42036554 0.41775457 0.         0.         0.
 0.         0.36814621 0.         0.         0.33159269 0.
 0.         0.15796345 0.         0.33942559 0.25039164 0.36814621
 0.         0.2924282  0.         0.         0.         0.35770235
 0.         0.         0.14960836 0.30287206 0.11723238 0.
 0.         0.        ]
pyseer
y_true:  [0. 0. 0. 0. 0. 0. 0. 0. 0. 0. 0. 0. 0. 0. 0. 0. 0. 0. 0. 0. 1. 1. 1. 1.
 1. 1. 1. 1. 1. 1. 1. 1. 1. 1. 1. 1. 1. 1. 1. 1. 1. 1. 1. 1. 1. 1. 1. 1.
 1. 1. 1. 1. 1. 1. 1. 1. 1. 1. 1. 1. 0. 0. 0. 0. 0. 0. 0. 0. 0. 0. 0. 0.
 0. 0. 0. 0. 0. 0. 0. 0. 1. 1. 1. 1. 1. 1. 1. 1. 1. 1. 0. 0. 0. 0. 0. 0.
 0. 0. 0. 0. 0. 0. 0. 0. 0. 0. 0. 0. 0. 0. 0. 0. 0. 0. 0. 0. 0. 0. 0. 0.
 0. 0. 0. 0. 0. 0. 0. 0. 0. 0. 0. 0. 0. 0. 0. 0. 0. 0. 0. 0. 0. 0. 0. 0.
 0. 0. 0. 0. 0. 0. 0. 0. 0. 0. 0. 0. 0. 0. 0. 0. 0. 0. 0. 0. 0. 0. 0. 0.
 0. 0. 0. 0. 0. 0. 0. 0. 0. 0. 0. 0. 0. 0. 0. 0. 0. 0. 0. 0. 0. 0. 0. 0.
 0. 0. 0. 0. 0. 0. 0. 0.]
y_pred:  [1. 0. 0. 0. 1. 0. 0. 1. 0. 0. 1. 0. 0. 0. 0. 0. 0. 1. 0. 0. 1. 1. 1. 0.
 1. 1. 0. 1. 1. 1. 1. 1. 0. 1. 1. 1. 1. 1. 0. 0. 1. 0. 1. 0. 1. 1. 1. 1.
 1. 0. 1. 1. 1. 1. 0. 1. 1. 1. 1. 1. 0. 0. 0. 0. 0. 0. 0. 1. 1. 0. 1. 0.
 1. 0. 0. 1. 0. 0. 1. 0. 1. 0. 1. 0. 1. 1. 0. 1. 0. 1. 1. 1. 1. 0. 1. 1.
 0. 0. 0. 1. 0. 0. 0. 0. 0. 0. 0. 0. 0. 0. 0. 0. 1. 0. 0. 0. 0. 0. 0. 0.
 0. 0. 0. 0. 0. 0. 0. 0. 1. 0. 0. 0. 0. 1. 1. 0. 1. 0. 0. 0. 0. 0. 1. 0.
 0. 0. 0. 0. 0. 0. 0. 0. 0. 0. 0. 0. 1. 0. 0. 0. 0. 0. 0. 0. 1. 0. 0. 0.
 0. 1. 1. 0. 0. 0. 0. 1. 0. 0. 1. 0. 0. 0. 0. 1. 0. 1. 0. 0. 0. 0. 0. 1.
 0. 0. 0. 0. 0. 0. 0. 0.]
Time taken: 24.04621648788452 seconds
Running combination 40 of 50
Fitting RandomForest...
Fitting Adaboost...
Fitting AdaBoost_2...
Fitting et...
Fitting gbc...
Fitting gbc_2...
Fitting gbc_3...
Fitting dt...
Fitting lr...
Fitting Lasso_1...
Fitting Lasso_2...
Fitting Lasso_3...
Fitting Lasso_4...
Fitting elasticnet...
VCF file created successfully.
pyseer stderr:  Read 1000 phenotypes
Detected continuous phenotype
Reading all variants

0variants [00:00, ?variants/s]
55variants [00:00, 541.15variants/s]
110variants [00:00, 475.16variants/s]
166variants [00:00, 508.77variants/s]
198variants [00:00, 513.06variants/s]
Applying correlation filtering

  0%|          | 0/198 [00:00<?, ?variants/s]
100%|██████████| 198/198 [00:00<00:00, 2682.48variants/s]
Fitting elastic net to top 148 variants
Best penalty (lambda) from cross-validation: 2.75E+01
Best R^2 from cross-validation: 0.512
Finding and printing selected variants
198 loaded variants
50 pre-filtered variants
148 tested variants
136 printed variants

True importance standardized:  [0.69641885 0.69641885 0.69641885 0.69641885 0.69641885 0.69641885
 0.69641885 0.69641885 0.69641885 0.69641885 0.46915966 0.46915966
 0.46915966 0.46915966 0.46915966 0.46915966 0.46915966 0.46915966
 0.46915966 0.46915966 0.66963859 0.66963859 0.66963859 0.66963859
 0.66963859 0.66963859 0.66963859 0.66963859 0.66963859 0.66963859
 0.82140355 0.82140355 0.82140355 0.82140355 0.82140355 0.82140355
 0.82140355 0.82140355 0.82140355 0.82140355 0.22014686 0.22014686
 0.22014686 0.22014686 0.22014686 0.22014686 0.22014686 0.22014686
 0.22014686 0.22014686 1.         1.         1.         1.
 1.         1.         1.         1.         1.         1.
 0.16120166 0.16120166 0.16120166 0.16120166 0.16120166 0.16120166
 0.16120166 0.16120166 0.16120166 0.16120166 0.17066498 0.17066498
 0.17066498 0.17066498 0.17066498 0.17066498 0.17066498 0.17066498
 0.17066498 0.17066498 0.60633476 0.60633476 0.60633476 0.60633476
 0.60633476 0.60633476 0.60633476 0.60633476 0.60633476 0.60633476
 0.9235936  0.9235936  0.9235936  0.9235936  0.9235936  0.9235936
 0.9235936  0.9235936  0.9235936  0.9235936  0.         0.
 0.         0.         0.         0.         0.         0.
 0.         0.         0.         0.         0.         0.
 0.         0.         0.         0.         0.         0.
 0.         0.         0.         0.         0.         0.
 0.         0.         0.         0.         0.         0.
 0.         0.         0.         0.         0.         0.
 0.         0.         0.         0.         0.         0.
 0.         0.         0.         0.         0.         0.
 0.         0.         0.         0.         0.         0.
 0.         0.         0.         0.         0.         0.
 0.         0.         0.         0.         0.         0.
 0.         0.         0.         0.         0.         0.
 0.         0.         0.         0.         0.         0.
 0.         0.         0.         0.         0.         0.
 0.         0.         0.         0.         0.         0.
 0.         0.         0.         0.         0.         0.
 0.         0.        ]
Normalized importance:  [0.36854981 0.36854981 0.36854981 0.36854981 0.36854981 0.36854981
 0.36854981 0.36854981 0.36854981 0.36854981 0.13008566 0.13008566
 0.13008566 0.13008566 0.13008566 0.13008566 0.13008566 0.13008566
 0.13008566 0.13008566 0.43734841 0.43734841 0.43734841 0.43734841
 0.43734841 0.43734841 0.43734841 0.43734841 0.43734841 0.43734841
 0.82913468 0.82913468 0.82913468 0.82913468 0.82913468 0.82913468
 0.82913468 0.82913468 0.82913468 0.82913468 0.03514634 0.03514634
 0.03514634 0.03514634 0.         0.03514634 0.         0.03514634
 0.         0.         1.         1.         1.         1.
 1.         1.         1.         1.         1.         1.
 0.03107557 0.03107557 0.03107557 0.         0.03107557 0.03107557
 0.         0.03107557 0.         0.03107557 0.         0.
 0.         0.         0.         0.         0.         0.
 0.03006732 0.         0.34863051 0.34863051 0.34863051 0.34863051
 0.34863051 0.34863051 0.34863051 0.34863051 0.34863051 0.34863051
 0.79589922 0.79589922 0.79589922 0.79589922 0.79589922 0.79589922
 0.79589922 0.79589922 0.79589922 0.79589922 0.         0.
 0.         0.         0.02686318 0.         0.02222407 0.
 0.         0.         0.01378332 0.         0.         0.
 0.         0.         0.         0.         0.         0.03754274
 0.01878593 0.         0.0172187  0.         0.         0.
 0.         0.         0.         0.         0.         0.0130695
 0.02142142 0.         0.         0.         0.         0.
 0.         0.         0.         0.         0.         0.
 0.         0.         0.         0.         0.         0.
 0.         0.         0.01086635 0.         0.         0.
 0.00908025 0.         0.         0.         0.         0.
 0.         0.         0.         0.         0.         0.03109609
 0.         0.         0.         0.         0.         0.
 0.03669131 0.         0.         0.         0.         0.
 0.         0.         0.         0.         0.         0.
 0.         0.         0.         0.         0.         0.
 0.         0.         0.         0.         0.         0.01240141
 0.         0.        ]
deepbreaks
y_true:  [1. 1. 1. 1. 1. 1. 1. 1. 1. 1. 0. 0. 0. 0. 0. 0. 0. 0. 0. 0. 1. 1. 1. 1.
 1. 1. 1. 1. 1. 1. 1. 1. 1. 1. 1. 1. 1. 1. 1. 1. 0. 0. 0. 0. 0. 0. 0. 0.
 0. 0. 1. 1. 1. 1. 1. 1. 1. 1. 1. 1. 0. 0. 0. 0. 0. 0. 0. 0. 0. 0. 0. 0.
 0. 0. 0. 0. 0. 0. 0. 0. 0. 0. 0. 0. 0. 0. 0. 0. 0. 0. 1. 1. 1. 1. 1. 1.
 1. 1. 1. 1. 0. 0. 0. 0. 0. 0. 0. 0. 0. 0. 0. 0. 0. 0. 0. 0. 0. 0. 0. 0.
 0. 0. 0. 0. 0. 0. 0. 0. 0. 0. 0. 0. 0. 0. 0. 0. 0. 0. 0. 0. 0. 0. 0. 0.
 0. 0. 0. 0. 0. 0. 0. 0. 0. 0. 0. 0. 0. 0. 0. 0. 0. 0. 0. 0. 0. 0. 0. 0.
 0. 0. 0. 0. 0. 0. 0. 0. 0. 0. 0. 0. 0. 0. 0. 0. 0. 0. 0. 0. 0. 0. 0. 0.
 0. 0. 0. 0. 0. 0. 0. 0.]
y_pred:  [1. 1. 1. 1. 1. 1. 1. 1. 1. 1. 0. 0. 0. 0. 0. 0. 0. 0. 0. 0. 1. 1. 1. 1.
 1. 1. 1. 1. 1. 1. 1. 1. 1. 1. 1. 1. 1. 1. 1. 1. 0. 0. 0. 0. 0. 0. 0. 0.
 0. 0. 1. 1. 1. 1. 1. 1. 1. 1. 1. 1. 0. 0. 0. 0. 0. 0. 0. 0. 0. 0. 0. 0.
 0. 0. 0. 0. 0. 0. 0. 0. 0. 0. 0. 0. 0. 0. 0. 0. 0. 0. 1. 1. 1. 1. 1. 1.
 1. 1. 1. 1. 0. 0. 0. 0. 0. 0. 0. 0. 0. 0. 0. 0. 0. 0. 0. 0. 0. 0. 0. 0.
 0. 0. 0. 0. 0. 0. 0. 0. 0. 0. 0. 0. 0. 0. 0. 0. 0. 0. 0. 0. 0. 0. 0. 0.
 0. 0. 0. 0. 0. 0. 0. 0. 0. 0. 0. 0. 0. 0. 0. 0. 0. 0. 0. 0. 0. 0. 0. 0.
 0. 0. 0. 0. 0. 0. 0. 0. 0. 0. 0. 0. 0. 0. 0. 0. 0. 0. 0. 0. 0. 0. 0. 0.
 0. 0. 0. 0. 0. 0. 0. 0.]
Normalized importance:  [5.35593220e-01 1.46101695e-01 2.71186441e-02 6.71186441e-02
 2.72881356e-01 5.28813559e-01 2.52542373e-01 5.38983051e-01
 3.08474576e-01 4.59322034e-01 4.15254237e-01 2.61016949e-01
 3.28813559e-02 4.93220339e-01 1.57796610e-02 3.16949153e-01
 1.02542373e-01 3.23728814e-01 2.62711864e-01 0.00000000e+00
 5.61016949e-01 3.18644068e-01 4.59322034e-01 1.81355932e-01
 4.54237288e-01 3.49152542e-01 2.52542373e-01 3.27118644e-01
 4.16949153e-01 3.06779661e-01 8.44067797e-01 3.40677966e-01
 3.93220339e-02 6.05084746e-01 3.23728814e-01 3.81355932e-01
 4.38983051e-01 2.55932203e-01 4.77966102e-01 5.79661017e-01
 1.94915254e-01 1.31525424e-01 2.61016949e-01 1.77966102e-01
 0.00000000e+00 0.00000000e+00 1.42033898e-01 1.74576271e-01
 6.74576271e-02 1.79661017e-01 9.79661017e-01 6.71186441e-01
 3.61016949e-01 6.40677966e-01 1.19152542e-01 3.52542373e-01
 5.49152542e-02 2.69491525e-01 8.47457627e-01 7.69491525e-01
 1.35254237e-01 2.89830508e-01 9.96610169e-02 0.00000000e+00
 1.83050847e-01 1.81355932e-02 0.00000000e+00 7.79661017e-02
 6.98305085e-02 1.93220339e-01 9.76271186e-02 1.46271186e-01
 0.00000000e+00 0.00000000e+00 0.00000000e+00 0.00000000e+00
 1.77966102e-01 0.00000000e+00 0.00000000e+00 0.00000000e+00
 6.06779661e-01 5.61016949e-01 2.22033898e-01 3.11864407e-01
 3.37288136e-02 1.09322034e-01 2.88135593e-01 4.64406780e-01
 3.47457627e-01 1.47627119e-01 1.00000000e+00 4.64406780e-01
 5.64406780e-03 3.22033898e-01 4.96610169e-01 4.15254237e-01
 2.08474576e-01 5.45762712e-01 3.50847458e-01 4.32203390e-01
 2.01694915e-01 1.77966102e-01 0.00000000e+00 0.00000000e+00
 4.10169492e-01 7.79661017e-02 3.83050847e-01 9.98305085e-02
 2.32203390e-01 0.00000000e+00 2.52542373e-01 1.40000000e-01
 0.00000000e+00 1.58305085e-01 2.03389831e-01 7.25423729e-02
 0.00000000e+00 1.06440678e-01 0.00000000e+00 2.06779661e-01
 3.88135593e-01 0.00000000e+00 3.03389831e-01 0.00000000e+00
 2.54237288e-01 2.22033898e-01 0.00000000e+00 1.66779661e-03
 1.35254237e-01 1.10169492e-01 0.00000000e+00 1.21525424e-01
 4.18644068e-01 0.00000000e+00 0.00000000e+00 0.00000000e+00
 0.00000000e+00 2.98305085e-01 0.00000000e+00 0.00000000e+00
 0.00000000e+00 0.00000000e+00 3.72881356e-02 1.08474576e-01
 0.00000000e+00 2.44067797e-01 0.00000000e+00 0.00000000e+00
 0.00000000e+00 0.00000000e+00 3.11864407e-01 0.00000000e+00
 1.23220339e-01 1.96610169e-01 2.35593220e-01 1.71186441e-01
 3.54237288e-01 3.00000000e-02 2.37288136e-01 4.27118644e-04
 1.34576271e-01 5.18644068e-02 0.00000000e+00 0.00000000e+00
 0.00000000e+00 0.00000000e+00 0.00000000e+00 7.76271186e-02
 0.00000000e+00 0.00000000e+00 1.77966102e-01 0.00000000e+00
 2.89830508e-02 0.00000000e+00 3.08474576e-01 0.00000000e+00
 0.00000000e+00 0.00000000e+00 0.00000000e+00 0.00000000e+00
 0.00000000e+00 0.00000000e+00 0.00000000e+00 0.00000000e+00
 0.00000000e+00 0.00000000e+00 1.94915254e-01 0.00000000e+00
 0.00000000e+00 0.00000000e+00 3.08474576e-01 1.02711864e-01
 1.30508475e-01 0.00000000e+00 2.76271186e-01 0.00000000e+00
 0.00000000e+00 2.81355932e-01 0.00000000e+00 0.00000000e+00]
pyseer
y_true:  [1. 1. 1. 1. 1. 1. 1. 1. 1. 1. 0. 0. 0. 0. 0. 0. 0. 0. 0. 0. 1. 1. 1. 1.
 1. 1. 1. 1. 1. 1. 1. 1. 1. 1. 1. 1. 1. 1. 1. 1. 0. 0. 0. 0. 0. 0. 0. 0.
 0. 0. 1. 1. 1. 1. 1. 1. 1. 1. 1. 1. 0. 0. 0. 0. 0. 0. 0. 0. 0. 0. 0. 0.
 0. 0. 0. 0. 0. 0. 0. 0. 0. 0. 0. 0. 0. 0. 0. 0. 0. 0. 1. 1. 1. 1. 1. 1.
 1. 1. 1. 1. 0. 0. 0. 0. 0. 0. 0. 0. 0. 0. 0. 0. 0. 0. 0. 0. 0. 0. 0. 0.
 0. 0. 0. 0. 0. 0. 0. 0. 0. 0. 0. 0. 0. 0. 0. 0. 0. 0. 0. 0. 0. 0. 0. 0.
 0. 0. 0. 0. 0. 0. 0. 0. 0. 0. 0. 0. 0. 0. 0. 0. 0. 0. 0. 0. 0. 0. 0. 0.
 0. 0. 0. 0. 0. 0. 0. 0. 0. 0. 0. 0. 0. 0. 0. 0. 0. 0. 0. 0. 0. 0. 0. 0.
 0. 0. 0. 0. 0. 0. 0. 0.]
y_pred:  [1. 0. 0. 0. 1. 1. 1. 1. 1. 1. 1. 1. 0. 1. 0. 1. 0. 1. 1. 0. 1. 1. 1. 0.
 1. 1. 1. 1. 1. 1. 1. 1. 0. 1. 1. 1. 1. 1. 1. 1. 0. 0. 1. 0. 0. 0. 0. 0.
 0. 0. 1. 1. 1. 1. 0. 1. 0. 1. 1. 1. 0. 1. 0. 0. 0. 0. 0. 0. 0. 0. 0. 0.
 0. 0. 0. 0. 0. 0. 0. 0. 1. 1. 0. 1. 0. 0. 1. 1. 1. 0. 1. 1. 0. 1. 1. 1.
 0. 1. 1. 1. 0. 0. 0. 0. 1. 0. 1. 0. 0. 0. 1. 0. 0. 0. 0. 0. 0. 0. 0. 0.
 1. 0. 1. 0. 1. 0. 0. 0. 0. 0. 0. 0. 1. 0. 0. 0. 0. 1. 0. 0. 0. 0. 0. 0.
 0. 0. 0. 0. 0. 0. 1. 0. 0. 0. 0. 0. 1. 0. 0. 0. 0. 0. 0. 0. 0. 0. 0. 0.
 0. 0. 0. 0. 0. 0. 1. 0. 0. 0. 0. 0. 0. 0. 0. 0. 0. 0. 0. 0. 0. 0. 1. 0.
 0. 0. 1. 0. 0. 1. 0. 0.]
Time taken: 23.542704582214355 seconds
Running combination 41 of 50
Fitting RandomForest...
Fitting Adaboost...
Fitting AdaBoost_2...
Fitting et...
Fitting gbc...
Fitting gbc_2...
Fitting gbc_3...
Fitting dt...
Fitting lr...
Fitting Lasso_1...
Fitting Lasso_2...
Fitting Lasso_3...
Fitting Lasso_4...
Fitting elasticnet...
VCF file created successfully.
pyseer stderr:  Read 1000 phenotypes
Detected continuous phenotype
Reading all variants

0variants [00:00, ?variants/s]
54variants [00:00, 531.96variants/s]
108variants [00:00, 472.01variants/s]
163variants [00:00, 503.30variants/s]
198variants [00:00, 507.50variants/s]
Applying correlation filtering

  0%|          | 0/198 [00:00<?, ?variants/s]
100%|██████████| 198/198 [00:00<00:00, 2664.34variants/s]
Fitting elastic net to top 148 variants
Best penalty (lambda) from cross-validation: 1.27E+02
Best R^2 from cross-validation: 0.507
Finding and printing selected variants
198 loaded variants
50 pre-filtered variants
148 tested variants
140 printed variants

True importance standardized:  [0.97916193 0.97916193 0.97916193 0.97916193 0.97916193 0.97916193
 0.97916193 0.97916193 0.97916193 0.97916193 0.98062395 0.98062395
 0.98062395 0.98062395 0.98062395 0.98062395 0.98062395 0.98062395
 0.98062395 0.98062395 1.         1.         1.         1.
 1.         1.         1.         1.         1.         1.
 0.8669473  0.8669473  0.8669473  0.8669473  0.8669473  0.8669473
 0.8669473  0.8669473  0.8669473  0.8669473  0.9633842  0.9633842
 0.9633842  0.9633842  0.9633842  0.9633842  0.9633842  0.9633842
 0.9633842  0.9633842  0.77649652 0.77649652 0.77649652 0.77649652
 0.77649652 0.77649652 0.77649652 0.77649652 0.77649652 0.77649652
 0.82476468 0.82476468 0.82476468 0.82476468 0.82476468 0.82476468
 0.82476468 0.82476468 0.82476468 0.82476468 0.74039714 0.74039714
 0.74039714 0.74039714 0.74039714 0.74039714 0.74039714 0.74039714
 0.74039714 0.74039714 0.1682557  0.1682557  0.1682557  0.1682557
 0.1682557  0.1682557  0.1682557  0.1682557  0.1682557  0.1682557
 0.68343983 0.68343983 0.68343983 0.68343983 0.68343983 0.68343983
 0.68343983 0.68343983 0.68343983 0.68343983 0.         0.
 0.         0.         0.         0.         0.         0.
 0.         0.         0.         0.         0.         0.
 0.         0.         0.         0.         0.         0.
 0.         0.         0.         0.         0.         0.
 0.         0.         0.         0.         0.         0.
 0.         0.         0.         0.         0.         0.
 0.         0.         0.         0.         0.         0.
 0.         0.         0.         0.         0.         0.
 0.         0.         0.         0.         0.         0.
 0.         0.         0.         0.         0.         0.
 0.         0.         0.         0.         0.         0.
 0.         0.         0.         0.         0.         0.
 0.         0.         0.         0.         0.         0.
 0.         0.         0.         0.         0.         0.
 0.         0.         0.         0.         0.         0.
 0.         0.         0.         0.         0.         0.
 0.         0.        ]
Normalized importance:  [0.70753792 0.70753792 0.70753792 0.70753792 0.70753792 0.70753792
 0.70753792 0.70753792 0.70753792 0.70753792 0.48156061 0.48156061
 0.48156061 0.48156061 0.48156061 0.48156061 0.48156061 0.48156061
 0.48156061 0.48156061 0.84753322 0.84753322 0.84753322 0.84753322
 0.84753322 0.84753322 0.84753322 0.84753322 0.84753322 0.84753322
 0.61184803 0.61184803 0.61184803 0.61184803 0.61184803 0.61184803
 0.61184803 0.61184803 0.61184803 0.61184803 1.         1.
 1.         1.         1.         1.         1.         1.
 1.         1.         0.82640417 0.82640417 0.82640417 0.82640417
 0.82640417 0.82640417 0.82640417 0.82640417 0.82640417 0.82640417
 0.44870618 0.44870618 0.44870618 0.44870618 0.44870618 0.44870618
 0.44870618 0.44870618 0.44870618 0.44870618 0.55470796 0.55470796
 0.55470796 0.55470796 0.55470796 0.55470796 0.55470796 0.55470796
 0.55470796 0.55470796 0.         0.02021332 0.         0.
 0.         0.         0.         0.         0.         0.
 0.31055177 0.31055177 0.31055177 0.31055177 0.31055177 0.31055177
 0.31055177 0.31055177 0.31055177 0.31055177 0.         0.
 0.         0.         0.01980668 0.         0.         0.
 0.         0.         0.         0.01781016 0.         0.
 0.         0.         0.         0.01345224 0.         0.
 0.00547171 0.03018125 0.         0.         0.01674038 0.
 0.03316806 0.         0.09129371 0.         0.         0.
 0.         0.         0.         0.         0.0082312  0.
 0.         0.02953808 0.         0.         0.02506393 0.00808483
 0.         0.00850611 0.00499311 0.         0.02373374 0.
 0.         0.         0.04419153 0.         0.02212177 0.
 0.         0.         0.0254271  0.         0.         0.
 0.         0.         0.         0.         0.         0.
 0.         0.         0.01871586 0.         0.         0.
 0.         0.         0.         0.         0.         0.00692693
 0.         0.         0.         0.         0.         0.
 0.         0.         0.         0.         0.         0.
 0.         0.         0.         0.02059431 0.         0.
 0.         0.        ]
deepbreaks
y_true:  [1. 1. 1. 1. 1. 1. 1. 1. 1. 1. 1. 1. 1. 1. 1. 1. 1. 1. 1. 1. 1. 1. 1. 1.
 1. 1. 1. 1. 1. 1. 1. 1. 1. 1. 1. 1. 1. 1. 1. 1. 1. 1. 1. 1. 1. 1. 1. 1.
 1. 1. 0. 0. 0. 0. 0. 0. 0. 0. 0. 0. 0. 0. 0. 0. 0. 0. 0. 0. 0. 0. 0. 0.
 0. 0. 0. 0. 0. 0. 0. 0. 0. 0. 0. 0. 0. 0. 0. 0. 0. 0. 0. 0. 0. 0. 0. 0.
 0. 0. 0. 0. 0. 0. 0. 0. 0. 0. 0. 0. 0. 0. 0. 0. 0. 0. 0. 0. 0. 0. 0. 0.
 0. 0. 0. 0. 0. 0. 0. 0. 0. 0. 0. 0. 0. 0. 0. 0. 0. 0. 0. 0. 0. 0. 0. 0.
 0. 0. 0. 0. 0. 0. 0. 0. 0. 0. 0. 0. 0. 0. 0. 0. 0. 0. 0. 0. 0. 0. 0. 0.
 0. 0. 0. 0. 0. 0. 0. 0. 0. 0. 0. 0. 0. 0. 0. 0. 0. 0. 0. 0. 0. 0. 0. 0.
 0. 0. 0. 0. 0. 0. 0. 0.]
y_pred:  [1. 1. 1. 1. 1. 1. 1. 1. 1. 1. 0. 0. 0. 0. 0. 0. 0. 0. 0. 0. 1. 1. 1. 1.
 1. 1. 1. 1. 1. 1. 1. 1. 1. 1. 1. 1. 1. 1. 1. 1. 1. 1. 1. 1. 1. 1. 1. 1.
 1. 1. 1. 1. 1. 1. 1. 1. 1. 1. 1. 1. 0. 0. 0. 0. 0. 0. 0. 0. 0. 0. 1. 1.
 1. 1. 1. 1. 1. 1. 1. 1. 0. 0. 0. 0. 0. 0. 0. 0. 0. 0. 0. 0. 0. 0. 0. 0.
 0. 0. 0. 0. 0. 0. 0. 0. 0. 0. 0. 0. 0. 0. 0. 0. 0. 0. 0. 0. 0. 0. 0. 0.
 0. 0. 0. 0. 0. 0. 0. 0. 0. 0. 0. 0. 0. 0. 0. 0. 0. 0. 0. 0. 0. 0. 0. 0.
 0. 0. 0. 0. 0. 0. 0. 0. 0. 0. 0. 0. 0. 0. 0. 0. 0. 0. 0. 0. 0. 0. 0. 0.
 0. 0. 0. 0. 0. 0. 0. 0. 0. 0. 0. 0. 0. 0. 0. 0. 0. 0. 0. 0. 0. 0. 0. 0.
 0. 0. 0. 0. 0. 0. 0. 0.]
Normalized importance:  [1.         0.43150685 0.26255708 0.5890411  0.03155251 0.28630137
 0.17899543 0.38630137 0.61187215 0.47031963 0.6347032  0.23105023
 0.34018265 0.57077626 0.24383562 0.59360731 0.03447489 0.67123288
 0.443379   0.41278539 0.68949772 0.44885845 0.18401826 0.76255708
 0.26255708 0.55251142 0.53424658 0.32511416 0.40502283 0.6347032
 0.83105023 0.64383562 0.43881279 0.1347032  0.54794521 0.57990868
 0.37534247 0.17214612 0.25159817 0.22283105 0.90410959 0.51141553
 0.78082192 0.03675799 0.78538813 0.38812785 0.47488584 0.53881279
 0.06347032 0.3913242  0.61643836 0.6347032  0.3652968  0.28538813
 0.         0.46575342 0.5890411  0.57077626 0.         0.16666667
 0.55707763 0.46575342 0.41872146 0.66666667 0.51141553 0.57534247
 0.44748858 0.243379   0.03657534 0.11187215 0.62100457 0.40091324
 0.07716895 0.17716895 0.52968037 0.18447489 0.65296804 0.48858447
 0.02260274 0.46118721 0.05479452 0.0356621  0.         0.
 0.         0.         0.00506849 0.25707763 0.         0.
 0.52511416 0.29863014 0.24977169 0.19406393 0.67579909 0.37716895
 0.36347032 0.39315068 0.16392694 0.15890411 0.         0.
 0.23972603 0.         0.39634703 0.15342466 0.         0.
 0.02917808 0.         0.15388128 0.47488584 0.         0.29086758
 0.         0.         0.         0.02570776 0.18858447 0.
 0.3716895  0.60273973 0.25159817 0.04748858 0.2543379  0.
 0.32009132 0.         0.45022831 0.         0.343379   0.
 0.         0.         0.         0.1369863  0.23607306 0.10091324
 0.         0.39406393 0.         0.         0.51141553 0.45616438
 0.23150685 0.26073059 0.         0.32283105 0.25981735 0.
 0.28493151 0.         0.53881279 0.0803653  0.31278539 0.
 0.07077626 0.29452055 0.43926941 0.         0.35479452 0.
 0.18630137 0.         0.         0.         0.         0.18858447
 0.         0.16803653 0.23059361 0.3347032  0.         0.
 0.         0.         0.05799087 0.         0.         0.19178082
 0.         0.         0.05616438 0.         0.         0.24246575
 0.         0.         0.1716895  0.         0.         0.3173516
 0.01228311 0.         0.         0.04022831 0.         0.
 0.         0.        ]
pyseer
y_true:  [1. 1. 1. 1. 1. 1. 1. 1. 1. 1. 1. 1. 1. 1. 1. 1. 1. 1. 1. 1. 1. 1. 1. 1.
 1. 1. 1. 1. 1. 1. 1. 1. 1. 1. 1. 1. 1. 1. 1. 1. 1. 1. 1. 1. 1. 1. 1. 1.
 1. 1. 0. 0. 0. 0. 0. 0. 0. 0. 0. 0. 0. 0. 0. 0. 0. 0. 0. 0. 0. 0. 0. 0.
 0. 0. 0. 0. 0. 0. 0. 0. 0. 0. 0. 0. 0. 0. 0. 0. 0. 0. 0. 0. 0. 0. 0. 0.
 0. 0. 0. 0. 0. 0. 0. 0. 0. 0. 0. 0. 0. 0. 0. 0. 0. 0. 0. 0. 0. 0. 0. 0.
 0. 0. 0. 0. 0. 0. 0. 0. 0. 0. 0. 0. 0. 0. 0. 0. 0. 0. 0. 0. 0. 0. 0. 0.
 0. 0. 0. 0. 0. 0. 0. 0. 0. 0. 0. 0. 0. 0. 0. 0. 0. 0. 0. 0. 0. 0. 0. 0.
 0. 0. 0. 0. 0. 0. 0. 0. 0. 0. 0. 0. 0. 0. 0. 0. 0. 0. 0. 0. 0. 0. 0. 0.
 0. 0. 0. 0. 0. 0. 0. 0.]
y_pred:  [1. 1. 0. 1. 0. 0. 0. 1. 1. 1. 1. 0. 1. 1. 0. 1. 0. 1. 1. 1. 1. 1. 0. 1.
 0. 1. 1. 0. 1. 1. 1. 1. 1. 0. 1. 1. 1. 0. 0. 0. 1. 1. 1. 0. 1. 1. 1. 1.
 0. 1. 1. 1. 1. 0. 0. 1. 1. 1. 0. 0. 1. 1. 1. 1. 1. 1. 1. 0. 0. 0. 1. 1.
 0. 0. 1. 0. 1. 1. 0. 1. 0. 0. 0. 0. 0. 0. 0. 0. 0. 0. 1. 0. 0. 0. 1. 1.
 1. 1. 0. 0. 0. 0. 0. 0. 1. 0. 0. 0. 0. 0. 0. 1. 0. 0. 0. 0. 0. 0. 0. 0.
 1. 1. 0. 0. 0. 0. 0. 0. 1. 0. 1. 0. 0. 0. 0. 0. 0. 0. 0. 1. 0. 0. 1. 1.
 0. 0. 0. 0. 0. 0. 0. 0. 1. 0. 0. 0. 0. 0. 1. 0. 1. 0. 0. 0. 0. 0. 0. 0.
 0. 0. 0. 0. 0. 0. 0. 0. 0. 0. 0. 0. 0. 0. 0. 0. 0. 0. 0. 0. 0. 0. 0. 0.
 0. 0. 0. 0. 0. 0. 0. 0.]
Time taken: 24.323338985443115 seconds
Running combination 42 of 50
Fitting RandomForest...
Fitting Adaboost...
Fitting AdaBoost_2...
Fitting et...
Fitting gbc...
Fitting gbc_2...
Fitting gbc_3...
Fitting dt...
Fitting lr...
Fitting Lasso_1...
Fitting Lasso_2...
Fitting Lasso_3...
Fitting Lasso_4...
Fitting elasticnet...
VCF file created successfully.
pyseer stderr:  Read 1000 phenotypes
Detected continuous phenotype
Reading all variants

0variants [00:00, ?variants/s]
54variants [00:00, 531.89variants/s]
108variants [00:00, 469.27variants/s]
163variants [00:00, 500.59variants/s]
198variants [00:00, 506.46variants/s]
Applying correlation filtering

  0%|          | 0/198 [00:00<?, ?variants/s]
100%|██████████| 198/198 [00:00<00:00, 2722.53variants/s]
Fitting elastic net to top 148 variants
Best penalty (lambda) from cross-validation: 9.04E+00
Best R^2 from cross-validation: 0.476
Finding and printing selected variants
198 loaded variants
50 pre-filtered variants
148 tested variants
141 printed variants

True importance standardized:  [0.39258701 0.39258701 0.39258701 0.39258701 0.39258701 0.39258701
 0.39258701 0.39258701 0.39258701 0.39258701 0.19596489 0.19596489
 0.19596489 0.19596489 0.19596489 0.19596489 0.19596489 0.19596489
 0.19596489 0.19596489 0.54343734 0.54343734 0.54343734 0.54343734
 0.54343734 0.54343734 0.54343734 0.54343734 0.54343734 0.54343734
 0.30471356 0.30471356 0.30471356 0.30471356 0.30471356 0.30471356
 0.30471356 0.30471356 0.30471356 0.30471356 0.77153192 0.77153192
 0.77153192 0.77153192 0.77153192 0.77153192 0.77153192 0.77153192
 0.77153192 0.77153192 1.         1.         1.         1.
 1.         1.         1.         1.         1.         1.
 0.38263573 0.38263573 0.38263573 0.38263573 0.38263573 0.38263573
 0.38263573 0.38263573 0.38263573 0.38263573 0.71891397 0.71891397
 0.71891397 0.71891397 0.71891397 0.71891397 0.71891397 0.71891397
 0.71891397 0.71891397 0.43757632 0.43757632 0.43757632 0.43757632
 0.43757632 0.43757632 0.43757632 0.43757632 0.43757632 0.43757632
 0.23898222 0.23898222 0.23898222 0.23898222 0.23898222 0.23898222
 0.23898222 0.23898222 0.23898222 0.23898222 0.         0.
 0.         0.         0.         0.         0.         0.
 0.         0.         0.         0.         0.         0.
 0.         0.         0.         0.         0.         0.
 0.         0.         0.         0.         0.         0.
 0.         0.         0.         0.         0.         0.
 0.         0.         0.         0.         0.         0.
 0.         0.         0.         0.         0.         0.
 0.         0.         0.         0.         0.         0.
 0.         0.         0.         0.         0.         0.
 0.         0.         0.         0.         0.         0.
 0.         0.         0.         0.         0.         0.
 0.         0.         0.         0.         0.         0.
 0.         0.         0.         0.         0.         0.
 0.         0.         0.         0.         0.         0.
 0.         0.         0.         0.         0.         0.
 0.         0.         0.         0.         0.         0.
 0.         0.        ]
Normalized importance:  [0.11933706 0.11933706 0.11933706 0.11933706 0.11933706 0.11933706
 0.11933706 0.11933706 0.11933706 0.11933706 0.02417148 0.02417148
 0.02417148 0.02417148 0.         0.         0.         0.02417148
 0.02417148 0.02417148 0.46767961 0.46767961 0.46767961 0.46767961
 0.46767961 0.46767961 0.46767961 0.46767961 0.46767961 0.46767961
 0.09788117 0.09788117 0.09788117 0.09788117 0.09788117 0.09788117
 0.09788117 0.09788117 0.09788117 0.09788117 0.86817767 0.86817767
 0.86817767 0.86817767 0.86817767 0.86817767 0.86817767 0.86817767
 0.86817767 0.86817767 1.         1.         1.         1.
 1.         1.         1.         1.         1.         1.
 0.31083642 0.31083642 0.31083642 0.31083642 0.31083642 0.31083642
 0.31083642 0.31083642 0.31083642 0.31083642 0.74669389 0.74669389
 0.74669389 0.74669389 0.74669389 0.74669389 0.74669389 0.74669389
 0.74669389 0.74669389 0.11042177 0.11042177 0.11042177 0.11042177
 0.11042177 0.11042177 0.11042177 0.11042177 0.11042177 0.
 0.123673   0.123673   0.123673   0.123673   0.123673   0.123673
 0.123673   0.123673   0.123673   0.123673   0.         0.
 0.         0.         0.         0.         0.         0.
 0.         0.         0.         0.         0.         0.
 0.01713152 0.         0.01038921 0.         0.         0.
 0.         0.         0.         0.         0.         0.
 0.         0.         0.         0.         0.00613299 0.
 0.         0.         0.04612377 0.         0.03091757 0.
 0.04874183 0.         0.         0.         0.         0.
 0.         0.         0.         0.02610617 0.01681717 0.
 0.01859387 0.         0.01273648 0.         0.         0.
 0.         0.         0.         0.         0.         0.
 0.         0.         0.         0.         0.009577   0.
 0.         0.         0.         0.         0.         0.
 0.         0.         0.         0.         0.04771339 0.
 0.         0.         0.         0.         0.         0.
 0.         0.         0.         0.         0.         0.
 0.         0.         0.         0.00368109 0.         0.
 0.         0.        ]
deepbreaks
y_true:  [0. 0. 0. 0. 0. 0. 0. 0. 0. 0. 0. 0. 0. 0. 0. 0. 0. 0. 0. 0. 1. 1. 1. 1.
 1. 1. 1. 1. 1. 1. 0. 0. 0. 0. 0. 0. 0. 0. 0. 0. 1. 1. 1. 1. 1. 1. 1. 1.
 1. 1. 1. 1. 1. 1. 1. 1. 1. 1. 1. 1. 0. 0. 0. 0. 0. 0. 0. 0. 0. 0. 1. 1.
 1. 1. 1. 1. 1. 1. 1. 1. 1. 1. 1. 1. 1. 1. 1. 1. 1. 1. 0. 0. 0. 0. 0. 0.
 0. 0. 0. 0. 0. 0. 0. 0. 0. 0. 0. 0. 0. 0. 0. 0. 0. 0. 0. 0. 0. 0. 0. 0.
 0. 0. 0. 0. 0. 0. 0. 0. 0. 0. 0. 0. 0. 0. 0. 0. 0. 0. 0. 0. 0. 0. 0. 0.
 0. 0. 0. 0. 0. 0. 0. 0. 0. 0. 0. 0. 0. 0. 0. 0. 0. 0. 0. 0. 0. 0. 0. 0.
 0. 0. 0. 0. 0. 0. 0. 0. 0. 0. 0. 0. 0. 0. 0. 0. 0. 0. 0. 0. 0. 0. 0. 0.
 0. 0. 0. 0. 0. 0. 0. 0.]
y_pred:  [0. 0. 0. 0. 0. 0. 0. 0. 0. 0. 0. 0. 0. 0. 0. 0. 0. 0. 0. 0. 1. 1. 1. 1.
 1. 1. 1. 1. 1. 1. 0. 0. 0. 0. 0. 0. 0. 0. 0. 0. 1. 1. 1. 1. 1. 1. 1. 1.
 1. 1. 1. 1. 1. 1. 1. 1. 1. 1. 1. 1. 1. 1. 1. 1. 1. 1. 1. 1. 1. 1. 1. 1.
 1. 1. 1. 1. 1. 1. 1. 1. 0. 0. 0. 0. 0. 0. 0. 0. 0. 0. 1. 1. 1. 1. 1. 1.
 1. 1. 1. 1. 0. 0. 0. 0. 0. 0. 0. 0. 0. 0. 0. 0. 0. 0. 0. 0. 0. 0. 0. 0.
 0. 0. 0. 0. 0. 0. 0. 0. 0. 0. 0. 0. 0. 0. 0. 0. 0. 0. 0. 0. 0. 0. 0. 0.
 0. 0. 0. 0. 0. 0. 0. 0. 0. 0. 0. 0. 0. 0. 0. 0. 0. 0. 0. 0. 0. 0. 0. 0.
 0. 0. 0. 0. 0. 0. 0. 0. 0. 0. 0. 0. 0. 0. 0. 0. 0. 0. 0. 0. 0. 0. 0. 0.
 0. 0. 0. 0. 0. 0. 0. 0.]
Normalized importance:  [3.00892857e-01 0.00000000e+00 0.00000000e+00 2.21428571e-01
 4.36607143e-02 2.86160714e-01 2.77678571e-01 3.51785714e-01
 9.01785714e-02 4.95535714e-01 2.55803571e-01 2.13392857e-01
 9.91071429e-02 2.16964286e-01 7.00892857e-02 2.57142857e-01
 9.73214286e-02 3.28125000e-02 1.15178571e-01 1.50000000e-01
 6.65178571e-01 2.32589286e-01 4.14285714e-01 6.16071429e-02
 2.31696429e-01 2.18750000e-01 4.73214286e-01 3.86607143e-01
 1.91071429e-01 2.35714286e-01 2.80357143e-01 3.82589286e-01
 1.85714286e-01 1.16517857e-01 0.00000000e+00 3.83035714e-01
 2.91517857e-01 0.00000000e+00 2.74553571e-02 4.41517857e-01
 6.74107143e-01 5.62500000e-01 5.44642857e-01 3.51339286e-01
 3.76339286e-01 3.53571429e-01 2.32589286e-01 1.83482143e-01
 3.85267857e-01 6.51785714e-01 1.00000000e+00 5.84821429e-01
 3.12053571e-01 4.25000000e-01 5.40178571e-01 6.78571429e-01
 9.46428571e-01 3.42857143e-01 1.54017857e-01 5.62500000e-01
 3.25892857e-01 2.05357143e-01 8.12500000e-02 2.45535714e-01
 4.15625000e-01 3.68750000e-01 0.00000000e+00 4.64285714e-01
 0.00000000e+00 2.91964286e-01 8.66071429e-01 5.49107143e-01
 3.32589286e-01 4.86607143e-01 6.25000000e-02 3.91964286e-01
 6.33928571e-01 5.13392857e-01 5.31250000e-01 2.31696429e-02
 1.28571429e-01 3.70982143e-01 1.49107143e-02 2.06696429e-01
 2.65178571e-01 9.10714286e-03 3.70089286e-01 5.31250000e-01
 4.04017857e-01 5.35714286e-02 4.46428571e-01 0.00000000e+00
 6.51785714e-02 3.38839286e-01 2.63392857e-01 2.76339286e-01
 1.70089286e-02 2.16517857e-01 1.32142857e-01 2.01339286e-02
 0.00000000e+00 0.00000000e+00 3.77232143e-01 3.21875000e-01
 6.29464286e-02 4.50892857e-01 3.17410714e-01 2.69196429e-01
 0.00000000e+00 0.00000000e+00 5.04464286e-02 0.00000000e+00
 2.58928571e-01 0.00000000e+00 1.50446429e-01 0.00000000e+00
 5.53571429e-03 0.00000000e+00 0.00000000e+00 0.00000000e+00
 0.00000000e+00 0.00000000e+00 0.00000000e+00 5.13392857e-02
 1.48214286e-01 1.75892857e-01 0.00000000e+00 0.00000000e+00
 0.00000000e+00 0.00000000e+00 2.60267857e-01 0.00000000e+00
 0.00000000e+00 2.05803571e-01 3.23660714e-01 3.79017857e-04
 2.49553571e-01 0.00000000e+00 2.79910714e-01 0.00000000e+00
 1.02678571e-01 1.04017857e-01 0.00000000e+00 0.00000000e+00
 2.25892857e-01 0.00000000e+00 0.00000000e+00 1.79464286e-01
 2.69196429e-01 0.00000000e+00 3.89732143e-01 0.00000000e+00
 3.16071429e-01 1.52232143e-01 0.00000000e+00 0.00000000e+00
 2.53125000e-01 0.00000000e+00 2.59375000e-01 1.29464286e-02
 2.80357143e-02 1.83482143e-01 2.58482143e-01 0.00000000e+00
 0.00000000e+00 2.30803571e-01 4.32589286e-02 6.16071429e-02
 2.85267857e-01 0.00000000e+00 2.37053571e-01 0.00000000e+00
 3.55803571e-01 0.00000000e+00 0.00000000e+00 0.00000000e+00
 0.00000000e+00 1.50446429e-01 4.29017857e-01 0.00000000e+00
 2.00446429e-01 0.00000000e+00 0.00000000e+00 3.29464286e-01
 3.03571429e-01 0.00000000e+00 0.00000000e+00 0.00000000e+00
 0.00000000e+00 0.00000000e+00 0.00000000e+00 0.00000000e+00
 0.00000000e+00 2.06250000e-01 2.11160714e-01 8.66071429e-02
 0.00000000e+00 2.39732143e-01 0.00000000e+00 0.00000000e+00]
pyseer
y_true:  [0. 0. 0. 0. 0. 0. 0. 0. 0. 0. 0. 0. 0. 0. 0. 0. 0. 0. 0. 0. 1. 1. 1. 1.
 1. 1. 1. 1. 1. 1. 0. 0. 0. 0. 0. 0. 0. 0. 0. 0. 1. 1. 1. 1. 1. 1. 1. 1.
 1. 1. 1. 1. 1. 1. 1. 1. 1. 1. 1. 1. 0. 0. 0. 0. 0. 0. 0. 0. 0. 0. 1. 1.
 1. 1. 1. 1. 1. 1. 1. 1. 1. 1. 1. 1. 1. 1. 1. 1. 1. 1. 0. 0. 0. 0. 0. 0.
 0. 0. 0. 0. 0. 0. 0. 0. 0. 0. 0. 0. 0. 0. 0. 0. 0. 0. 0. 0. 0. 0. 0. 0.
 0. 0. 0. 0. 0. 0. 0. 0. 0. 0. 0. 0. 0. 0. 0. 0. 0. 0. 0. 0. 0. 0. 0. 0.
 0. 0. 0. 0. 0. 0. 0. 0. 0. 0. 0. 0. 0. 0. 0. 0. 0. 0. 0. 0. 0. 0. 0. 0.
 0. 0. 0. 0. 0. 0. 0. 0. 0. 0. 0. 0. 0. 0. 0. 0. 0. 0. 0. 0. 0. 0. 0. 0.
 0. 0. 0. 0. 0. 0. 0. 0.]
y_pred:  [1. 0. 0. 0. 0. 1. 1. 1. 0. 1. 0. 0. 0. 0. 0. 0. 0. 0. 0. 0. 1. 0. 1. 0.
 0. 0. 1. 1. 0. 0. 1. 1. 0. 0. 0. 1. 1. 0. 0. 1. 1. 1. 1. 1. 1. 1. 0. 0.
 1. 1. 1. 1. 1. 1. 1. 1. 1. 1. 0. 1. 1. 0. 0. 0. 1. 1. 0. 1. 0. 1. 1. 1.
 1. 1. 0. 1. 1. 1. 1. 0. 0. 1. 0. 0. 1. 0. 1. 1. 1. 0. 1. 0. 0. 1. 1. 1.
 0. 0. 0. 0. 0. 0. 1. 1. 0. 1. 1. 1. 0. 0. 0. 0. 1. 0. 0. 0. 0. 0. 0. 0.
 0. 0. 0. 0. 0. 0. 0. 0. 0. 0. 1. 0. 0. 0. 1. 0. 0. 0. 1. 0. 0. 0. 0. 0.
 0. 0. 0. 0. 1. 0. 1. 0. 1. 0. 0. 0. 0. 0. 1. 0. 0. 0. 0. 0. 0. 0. 0. 0.
 1. 0. 0. 0. 1. 0. 0. 0. 0. 0. 1. 0. 0. 0. 0. 1. 1. 0. 0. 0. 0. 0. 0. 0.
 0. 0. 0. 0. 0. 0. 0. 0.]
Time taken: 23.50718903541565 seconds
Running combination 43 of 50
Fitting RandomForest...
Fitting Adaboost...
Fitting AdaBoost_2...
Fitting et...
Fitting gbc...
Fitting gbc_2...
Fitting gbc_3...
Fitting dt...
Fitting lr...
Fitting Lasso_1...
Fitting Lasso_2...
Fitting Lasso_3...
Fitting Lasso_4...
Fitting elasticnet...
VCF file created successfully.
pyseer stderr:  Read 1000 phenotypes
Detected continuous phenotype
Reading all variants

0variants [00:00, ?variants/s]
56variants [00:00, 552.32variants/s]
112variants [00:00, 480.90variants/s]
168variants [00:00, 513.35variants/s]
198variants [00:00, 517.70variants/s]
Applying correlation filtering

  0%|          | 0/198 [00:00<?, ?variants/s]
100%|██████████| 198/198 [00:00<00:00, 2628.33variants/s]
Fitting elastic net to top 148 variants
Best penalty (lambda) from cross-validation: 2.88E+01
Best R^2 from cross-validation: 0.508
Finding and printing selected variants
198 loaded variants
50 pre-filtered variants
148 tested variants
139 printed variants

True importance standardized:  [0.59514879 0.59514879 0.59514879 0.59514879 0.59514879 0.59514879
 0.59514879 0.59514879 0.59514879 0.59514879 0.56811888 0.56811888
 0.56811888 0.56811888 0.56811888 0.56811888 0.56811888 0.56811888
 0.56811888 0.56811888 0.52834559 0.52834559 0.52834559 0.52834559
 0.52834559 0.52834559 0.52834559 0.52834559 0.52834559 0.52834559
 0.82901438 0.82901438 0.82901438 0.82901438 0.82901438 0.82901438
 0.82901438 0.82901438 0.82901438 0.82901438 0.32369982 0.32369982
 0.32369982 0.32369982 0.32369982 0.32369982 0.32369982 0.32369982
 0.32369982 0.32369982 0.23539226 0.23539226 0.23539226 0.23539226
 0.23539226 0.23539226 0.23539226 0.23539226 0.23539226 0.23539226
 0.79403284 0.79403284 0.79403284 0.79403284 0.79403284 0.79403284
 0.79403284 0.79403284 0.79403284 0.79403284 0.37988684 0.37988684
 0.37988684 0.37988684 0.37988684 0.37988684 0.37988684 0.37988684
 0.37988684 0.37988684 1.         1.         1.         1.
 1.         1.         1.         1.         1.         1.
 0.51918015 0.51918015 0.51918015 0.51918015 0.51918015 0.51918015
 0.51918015 0.51918015 0.51918015 0.51918015 0.         0.
 0.         0.         0.         0.         0.         0.
 0.         0.         0.         0.         0.         0.
 0.         0.         0.         0.         0.         0.
 0.         0.         0.         0.         0.         0.
 0.         0.         0.         0.         0.         0.
 0.         0.         0.         0.         0.         0.
 0.         0.         0.         0.         0.         0.
 0.         0.         0.         0.         0.         0.
 0.         0.         0.         0.         0.         0.
 0.         0.         0.         0.         0.         0.
 0.         0.         0.         0.         0.         0.
 0.         0.         0.         0.         0.         0.
 0.         0.         0.         0.         0.         0.
 0.         0.         0.         0.         0.         0.
 0.         0.         0.         0.         0.         0.
 0.         0.         0.         0.         0.         0.
 0.         0.        ]
Normalized importance:  [0.42879355 0.42879355 0.42879355 0.42879355 0.42879355 0.42879355
 0.42879355 0.42879355 0.42879355 0.42879355 0.34251544 0.34251544
 0.34251544 0.34251544 0.34251544 0.34251544 0.34251544 0.34251544
 0.34251544 0.34251544 0.54750953 0.54750953 0.54750953 0.54750953
 0.54750953 0.54750953 0.54750953 0.54750953 0.54750953 0.54750953
 0.6766813  0.6766813  0.6766813  0.6766813  0.6766813  0.6766813
 0.6766813  0.6766813  0.6766813  0.6766813  0.04012548 0.
 0.04012548 0.04012548 0.04012548 0.         0.04012548 0.04012548
 0.04012548 0.04012548 0.1142454  0.1142454  0.1142454  0.1142454
 0.         0.1142454  0.1142454  0.1142454  0.1142454  0.1142454
 0.73459998 0.73459998 0.73459998 0.73459998 0.73459998 0.73459998
 0.73459998 0.73459998 0.73459998 0.73459998 0.1394273  0.1394273
 0.1394273  0.1394273  0.1394273  0.1394273  0.1394273  0.1394273
 0.1394273  0.1394273  1.         1.         1.         1.
 1.         1.         1.         1.         1.         1.
 0.21346471 0.21346471 0.21346471 0.21346471 0.21346471 0.21346471
 0.21346471 0.21346471 0.21346471 0.21346471 0.         0.
 0.         0.         0.         0.         0.         0.
 0.03423392 0.         0.         0.         0.         0.
 0.         0.         0.         0.         0.         0.
 0.         0.         0.         0.         0.         0.
 0.         0.         0.         0.         0.         0.
 0.         0.         0.         0.         0.         0.
 0.         0.         0.         0.02359394 0.         0.
 0.01169546 0.         0.         0.         0.         0.
 0.         0.         0.         0.         0.         0.02129248
 0.         0.         0.         0.         0.         0.
 0.         0.         0.02502902 0.         0.         0.02802954
 0.0246341  0.         0.         0.         0.         0.
 0.         0.         0.         0.         0.         0.
 0.         0.         0.         0.         0.01105518 0.
 0.         0.         0.         0.         0.         0.01587627
 0.         0.         0.         0.         0.         0.
 0.         0.        ]
deepbreaks
y_true:  [1. 1. 1. 1. 1. 1. 1. 1. 1. 1. 1. 1. 1. 1. 1. 1. 1. 1. 1. 1. 0. 0. 0. 0.
 0. 0. 0. 0. 0. 0. 1. 1. 1. 1. 1. 1. 1. 1. 1. 1. 0. 0. 0. 0. 0. 0. 0. 0.
 0. 0. 0. 0. 0. 0. 0. 0. 0. 0. 0. 0. 1. 1. 1. 1. 1. 1. 1. 1. 1. 1. 0. 0.
 0. 0. 0. 0. 0. 0. 0. 0. 1. 1. 1. 1. 1. 1. 1. 1. 1. 1. 0. 0. 0. 0. 0. 0.
 0. 0. 0. 0. 0. 0. 0. 0. 0. 0. 0. 0. 0. 0. 0. 0. 0. 0. 0. 0. 0. 0. 0. 0.
 0. 0. 0. 0. 0. 0. 0. 0. 0. 0. 0. 0. 0. 0. 0. 0. 0. 0. 0. 0. 0. 0. 0. 0.
 0. 0. 0. 0. 0. 0. 0. 0. 0. 0. 0. 0. 0. 0. 0. 0. 0. 0. 0. 0. 0. 0. 0. 0.
 0. 0. 0. 0. 0. 0. 0. 0. 0. 0. 0. 0. 0. 0. 0. 0. 0. 0. 0. 0. 0. 0. 0. 0.
 0. 0. 0. 0. 0. 0. 0. 0.]
y_pred:  [1. 1. 1. 1. 1. 1. 1. 1. 1. 1. 1. 1. 1. 1. 1. 1. 1. 1. 1. 1. 1. 1. 1. 1.
 1. 1. 1. 1. 1. 1. 1. 1. 1. 1. 1. 1. 1. 1. 1. 1. 0. 0. 0. 0. 0. 0. 0. 0.
 0. 0. 0. 0. 0. 0. 0. 0. 0. 0. 0. 0. 1. 1. 1. 1. 1. 1. 1. 1. 1. 1. 0. 0.
 0. 0. 0. 0. 0. 0. 0. 0. 1. 1. 1. 1. 1. 1. 1. 1. 1. 1. 0. 0. 0. 0. 0. 0.
 0. 0. 0. 0. 0. 0. 0. 0. 0. 0. 0. 0. 0. 0. 0. 0. 0. 0. 0. 0. 0. 0. 0. 0.
 0. 0. 0. 0. 0. 0. 0. 0. 0. 0. 0. 0. 0. 0. 0. 0. 0. 0. 0. 0. 0. 0. 0. 0.
 0. 0. 0. 0. 0. 0. 0. 0. 0. 0. 0. 0. 0. 0. 0. 0. 0. 0. 0. 0. 0. 0. 0. 0.
 0. 0. 0. 0. 0. 0. 0. 0. 0. 0. 0. 0. 0. 0. 0. 0. 0. 0. 0. 0. 0. 0. 0. 0.
 0. 0. 0. 0. 0. 0. 0. 0.]
Normalized importance:  [0.64931087 0.         0.0914242  0.35222052 0.34150077 0.32159265
 0.38284839 0.40275651 0.58192956 0.30168453 0.44410413 0.62940276
 0.01653905 0.55130168 0.15926493 0.41347626 0.09096478 0.53905054
 0.18070444 0.38744257 0.81776417 0.32924962 0.06447167 0.05650842
 0.25574273 0.41807044 0.47166922 0.4992343  0.01493109 0.41653905
 0.75038285 0.91117917 0.23124043 0.37519142 0.2848392  0.381317
 0.41500766 0.74272588 0.24808576 0.87136294 0.3797856  0.01029096
 0.10597243 0.24196018 0.33537519 0.23124043 0.         0.
 0.06937213 0.3797856  0.26952527 0.         0.16385911 0.62940276
 0.         0.23430322 0.41347626 0.17304747 0.02174579 0.23124043
 0.77794793 0.4287902  0.22970904 0.39816233 0.53292496 0.24502297
 0.53751914 0.48851455 0.07932619 0.61102603 0.35987749 0.21898928
 0.05880551 0.19448698 0.18070444 0.12970904 0.11745789 0.32006126
 0.         0.48545176 1.         0.62480858 0.66156202 0.5467075
 0.79938744 0.12863706 0.04808576 0.94333844 0.2863706  0.3338438
 0.62940276 0.09203675 0.381317   0.48238897 0.42113323 0.00727412
 0.1474732  0.35528331 0.25114855 0.         0.         0.37366003
 0.         0.         0.         0.         0.15620214 0.18223583
 0.38437979 0.         0.         0.         0.20980092 0.
 0.         0.         0.03369066 0.         0.         0.05895865
 0.13369066 0.33537519 0.05911179 0.         0.         0.
 0.         0.42725881 0.16232772 0.618683   0.0941807  0.
 0.01214395 0.04732006 0.         0.32465544 0.         0.
 0.         0.11975498 0.0611026  0.29709035 0.         0.
 0.36753446 0.         0.         0.08698315 0.37672282 0.
 0.4058193  0.         0.         0.21286371 0.         0.55742726
 0.02082695 0.         0.03399694 0.28790199 0.         0.
 0.07243492 0.         0.4532925  0.         0.03598775 0.37825421
 0.12281776 0.         0.         0.         0.         0.
 0.         0.         0.         0.09050536 0.23583461 0.
 0.1898928  0.         0.         0.         0.10949464 0.
 0.03415008 0.29402757 0.         0.         0.10245023 0.74425727
 0.         0.04563553 0.11148545 0.13629403 0.25727412 0.
 0.         0.        ]
pyseer
y_true:  [1. 1. 1. 1. 1. 1. 1. 1. 1. 1. 1. 1. 1. 1. 1. 1. 1. 1. 1. 1. 0. 0. 0. 0.
 0. 0. 0. 0. 0. 0. 1. 1. 1. 1. 1. 1. 1. 1. 1. 1. 0. 0. 0. 0. 0. 0. 0. 0.
 0. 0. 0. 0. 0. 0. 0. 0. 0. 0. 0. 0. 1. 1. 1. 1. 1. 1. 1. 1. 1. 1. 0. 0.
 0. 0. 0. 0. 0. 0. 0. 0. 1. 1. 1. 1. 1. 1. 1. 1. 1. 1. 0. 0. 0. 0. 0. 0.
 0. 0. 0. 0. 0. 0. 0. 0. 0. 0. 0. 0. 0. 0. 0. 0. 0. 0. 0. 0. 0. 0. 0. 0.
 0. 0. 0. 0. 0. 0. 0. 0. 0. 0. 0. 0. 0. 0. 0. 0. 0. 0. 0. 0. 0. 0. 0. 0.
 0. 0. 0. 0. 0. 0. 0. 0. 0. 0. 0. 0. 0. 0. 0. 0. 0. 0. 0. 0. 0. 0. 0. 0.
 0. 0. 0. 0. 0. 0. 0. 0. 0. 0. 0. 0. 0. 0. 0. 0. 0. 0. 0. 0. 0. 0. 0. 0.
 0. 0. 0. 0. 0. 0. 0. 0.]
y_pred:  [1. 0. 0. 1. 1. 1. 1. 1. 1. 1. 1. 1. 0. 1. 0. 1. 0. 1. 0. 1. 1. 1. 0. 0.
 0. 1. 1. 1. 0. 1. 1. 1. 0. 1. 0. 1. 1. 1. 0. 1. 1. 0. 0. 0. 1. 0. 0. 0.
 0. 1. 0. 0. 0. 1. 0. 0. 1. 0. 0. 0. 1. 1. 0. 1. 1. 0. 1. 1. 0. 1. 1. 0.
 0. 0. 0. 0. 0. 1. 0. 1. 1. 1. 1. 1. 1. 0. 0. 1. 0. 1. 1. 0. 1. 1. 1. 0.
 0. 1. 0. 0. 0. 1. 0. 0. 0. 0. 0. 0. 1. 0. 0. 0. 0. 0. 0. 0. 0. 0. 0. 0.
 0. 1. 0. 0. 0. 0. 0. 1. 0. 1. 0. 0. 0. 0. 0. 1. 0. 0. 0. 0. 0. 1. 0. 0.
 1. 0. 0. 0. 1. 0. 1. 0. 0. 0. 0. 1. 0. 0. 0. 1. 0. 0. 0. 0. 1. 0. 0. 1.
 0. 0. 0. 0. 0. 0. 0. 0. 0. 0. 0. 0. 0. 0. 0. 0. 0. 0. 0. 1. 0. 0. 0. 1.
 0. 0. 0. 0. 0. 0. 0. 0.]
Time taken: 24.04035210609436 seconds
Running combination 44 of 50
Fitting RandomForest...
Fitting Adaboost...
Fitting AdaBoost_2...
Fitting et...
Fitting gbc...
Fitting gbc_2...
Fitting gbc_3...
Fitting dt...
Fitting lr...
Fitting Lasso_1...
Fitting Lasso_2...
Fitting Lasso_3...
Fitting Lasso_4...
Fitting elasticnet...
VCF file created successfully.
pyseer stderr:  Read 1000 phenotypes
Detected continuous phenotype
Reading all variants

0variants [00:00, ?variants/s]
54variants [00:00, 536.68variants/s]
108variants [00:00, 474.47variants/s]
164variants [00:00, 509.96variants/s]
198variants [00:00, 514.01variants/s]
Applying correlation filtering

  0%|          | 0/198 [00:00<?, ?variants/s]
100%|██████████| 198/198 [00:00<00:00, 2690.96variants/s]
Fitting elastic net to top 148 variants
Best penalty (lambda) from cross-validation: 7.54E+01
Best R^2 from cross-validation: 0.492
Finding and printing selected variants
198 loaded variants
50 pre-filtered variants
148 tested variants
141 printed variants

True importance standardized:  [0.36279182 0.36279182 0.36279182 0.36279182 0.36279182 0.36279182
 0.36279182 0.36279182 0.36279182 0.36279182 0.6881515  0.6881515
 0.6881515  0.6881515  0.6881515  0.6881515  0.6881515  0.6881515
 0.6881515  0.6881515  0.52337849 0.52337849 0.52337849 0.52337849
 0.52337849 0.52337849 0.52337849 0.52337849 0.52337849 0.52337849
 0.85872522 0.85872522 0.85872522 0.85872522 0.85872522 0.85872522
 0.85872522 0.85872522 0.85872522 0.85872522 0.33132379 0.33132379
 0.33132379 0.33132379 0.33132379 0.33132379 0.33132379 0.33132379
 0.33132379 0.33132379 0.99908904 0.99908904 0.99908904 0.99908904
 0.99908904 0.99908904 0.99908904 0.99908904 0.99908904 0.99908904
 0.90477632 0.90477632 0.90477632 0.90477632 0.90477632 0.90477632
 0.90477632 0.90477632 0.90477632 0.90477632 0.42575132 0.42575132
 0.42575132 0.42575132 0.42575132 0.42575132 0.42575132 0.42575132
 0.42575132 0.42575132 0.87287074 0.87287074 0.87287074 0.87287074
 0.87287074 0.87287074 0.87287074 0.87287074 0.87287074 0.87287074
 1.         1.         1.         1.         1.         1.
 1.         1.         1.         1.         0.         0.
 0.         0.         0.         0.         0.         0.
 0.         0.         0.         0.         0.         0.
 0.         0.         0.         0.         0.         0.
 0.         0.         0.         0.         0.         0.
 0.         0.         0.         0.         0.         0.
 0.         0.         0.         0.         0.         0.
 0.         0.         0.         0.         0.         0.
 0.         0.         0.         0.         0.         0.
 0.         0.         0.         0.         0.         0.
 0.         0.         0.         0.         0.         0.
 0.         0.         0.         0.         0.         0.
 0.         0.         0.         0.         0.         0.
 0.         0.         0.         0.         0.         0.
 0.         0.         0.         0.         0.         0.
 0.         0.         0.         0.         0.         0.
 0.         0.         0.         0.         0.         0.
 0.         0.        ]
Normalized importance:  [0.04262196 0.04262196 0.04262196 0.04262196 0.04262196 0.04262196
 0.04262196 0.04262196 0.04262196 0.04262196 0.46188995 0.46188995
 0.46188995 0.46188995 0.46188995 0.46188995 0.46188995 0.46188995
 0.46188995 0.46188995 0.10236587 0.10236587 0.10236587 0.10236587
 0.10236587 0.10236587 0.10236587 0.10236587 0.10236587 0.10236587
 0.48523258 0.48523258 0.48523258 0.48523258 0.48523258 0.48523258
 0.48523258 0.48523258 0.48523258 0.48523258 0.02900977 0.02900977
 0.02900977 0.02900977 0.02900977 0.02900977 0.         0.02900977
 0.02900977 0.02900977 0.55522611 0.55522611 0.55522611 0.55522611
 0.55522611 0.55522611 0.55522611 0.55522611 0.55522611 0.55522611
 0.72929053 0.72929053 0.72929053 0.72929053 0.72929053 0.72929053
 0.72929053 0.72929053 0.72929053 0.72929053 0.07903181 0.07903181
 0.07903181 0.07903181 0.07903181 0.07903181 0.07903181 0.07903181
 0.07903181 0.07903181 0.64679845 0.64679845 0.64679845 0.64679845
 0.64679845 0.64679845 0.64679845 0.64679845 0.64679845 0.64679845
 1.         1.         1.         1.         1.         1.
 1.         1.         1.         1.         0.         0.
 0.00290808 0.         0.         0.         0.01374707 0.
 0.         0.         0.         0.         0.         0.
 0.         0.         0.00387036 0.         0.         0.
 0.         0.         0.         0.00102812 0.         0.
 0.         0.         0.00914956 0.         0.         0.
 0.         0.         0.         0.         0.         0.
 0.         0.         0.         0.         0.00930873 0.
 0.         0.01605014 0.         0.         0.         0.
 0.         0.         0.         0.         0.         0.
 0.         0.         0.         0.         0.         0.
 0.         0.00512138 0.01574285 0.00878022 0.02548941 0.
 0.         0.         0.         0.         0.         0.
 0.         0.         0.         0.         0.         0.
 0.0095082  0.         0.         0.         0.         0.00460381
 0.         0.         0.         0.         0.         0.03904352
 0.         0.01175944 0.         0.         0.         0.
 0.         0.        ]
deepbreaks
y_true:  [0. 0. 0. 0. 0. 0. 0. 0. 0. 0. 0. 0. 0. 0. 0. 0. 0. 0. 0. 0. 0. 0. 0. 0.
 0. 0. 0. 0. 0. 0. 1. 1. 1. 1. 1. 1. 1. 1. 1. 1. 0. 0. 0. 0. 0. 0. 0. 0.
 0. 0. 1. 1. 1. 1. 1. 1. 1. 1. 1. 1. 1. 1. 1. 1. 1. 1. 1. 1. 1. 1. 0. 0.
 0. 0. 0. 0. 0. 0. 0. 0. 1. 1. 1. 1. 1. 1. 1. 1. 1. 1. 1. 1. 1. 1. 1. 1.
 1. 1. 1. 1. 0. 0. 0. 0. 0. 0. 0. 0. 0. 0. 0. 0. 0. 0. 0. 0. 0. 0. 0. 0.
 0. 0. 0. 0. 0. 0. 0. 0. 0. 0. 0. 0. 0. 0. 0. 0. 0. 0. 0. 0. 0. 0. 0. 0.
 0. 0. 0. 0. 0. 0. 0. 0. 0. 0. 0. 0. 0. 0. 0. 0. 0. 0. 0. 0. 0. 0. 0. 0.
 0. 0. 0. 0. 0. 0. 0. 0. 0. 0. 0. 0. 0. 0. 0. 0. 0. 0. 0. 0. 0. 0. 0. 0.
 0. 0. 0. 0. 0. 0. 0. 0.]
y_pred:  [0. 0. 0. 0. 0. 0. 0. 0. 0. 0. 1. 1. 1. 1. 1. 1. 1. 1. 1. 1. 0. 0. 0. 0.
 0. 0. 0. 0. 0. 0. 1. 1. 1. 1. 1. 1. 1. 1. 1. 1. 0. 0. 0. 0. 0. 0. 0. 0.
 0. 0. 1. 1. 1. 1. 1. 1. 1. 1. 1. 1. 1. 1. 1. 1. 1. 1. 1. 1. 1. 1. 0. 0.
 0. 0. 0. 0. 0. 0. 0. 0. 1. 1. 1. 1. 1. 1. 1. 1. 1. 1. 1. 1. 1. 1. 1. 1.
 1. 1. 1. 1. 0. 0. 0. 0. 0. 0. 0. 0. 0. 0. 0. 0. 0. 0. 0. 0. 0. 0. 0. 0.
 0. 0. 0. 0. 0. 0. 0. 0. 0. 0. 0. 0. 0. 0. 0. 0. 0. 0. 0. 0. 0. 0. 0. 0.
 0. 0. 0. 0. 0. 0. 0. 0. 0. 0. 0. 0. 0. 0. 0. 0. 0. 0. 0. 0. 0. 0. 0. 0.
 0. 0. 0. 0. 0. 0. 0. 0. 0. 0. 0. 0. 0. 0. 0. 0. 0. 0. 0. 0. 0. 0. 0. 0.
 0. 0. 0. 0. 0. 0. 0. 0.]
Normalized importance:  [0.20608108 0.39662162 0.         0.01783784 0.23310811 0.24594595
 0.11959459 0.10945946 0.40067568 0.03148649 0.97297297 0.47432432
 0.53783784 0.09662162 0.34662162 0.375      0.38783784 0.04716216
 0.10608108 0.0777027  0.36756757 0.41756757 0.29324324 0.32972973
 0.29864865 0.03635135 0.16351351 0.13378378 0.07162162 0.22635135
 0.91216216 0.43378378 0.47094595 0.48648649 0.04290541 0.425
 0.39662162 0.17702703 0.60405405 0.26554054 0.18040541 0.17837838
 0.3027027  0.02       0.08175676 0.07905405 0.25608108 0.22837838
 0.31689189 0.03668919 0.61216216 0.62027027 0.53716216 0.28581081
 0.54864865 0.67567568 0.2        0.28310811 0.29662162 0.52364865
 0.91216216 0.60878378 0.58851351 0.39797297 0.48108108 0.49189189
 0.         0.50675676 0.29391892 0.4472973  0.4222973  0.43108108
 0.10608108 0.31824324 0.57432432 0.26824324 0.36351351 0.1722973
 0.11959459 0.06560811 0.77702703 0.12635135 0.48783784 0.2972973
 0.27162162 0.33918919 0.47702703 0.42432432 0.48648649 0.66351351
 1.         0.83108108 0.77027027 0.275      0.04844595 0.30202703
 0.6277027  0.7027027  0.10135135 0.66554054 0.         0.05175676
 0.26351351 0.         0.07297297 0.         0.37162162 0.
 0.44527027 0.         0.         0.         0.         0.
 0.         0.         0.41621622 0.         0.         0.
 0.         0.         0.10608108 0.31013514 0.00702703 0.25608108
 0.26689189 0.         0.21081081 0.         0.26283784 0.48581081
 0.         0.18716216 0.16216216 0.08513514 0.         0.
 0.         0.         0.14256757 0.         0.33918919 0.26283784
 0.13783784 0.37297297 0.         0.21824324 0.         0.39256757
 0.         0.         0.         0.         0.         0.
 0.         0.         0.         0.21283784 0.08445946 0.
 0.         0.09459459 0.26013514 0.34459459 0.41283784 0.2277027
 0.         0.         0.         0.125      0.         0.
 0.         0.         0.         0.         0.         0.
 0.32702703 0.         0.         0.         0.21283784 0.03304054
 0.17094595 0.41689189 0.21824324 0.         0.         0.42635135
 0.         0.49797297 0.38378378 0.02547297 0.13851351 0.
 0.         0.        ]
pyseer
y_true:  [0. 0. 0. 0. 0. 0. 0. 0. 0. 0. 0. 0. 0. 0. 0. 0. 0. 0. 0. 0. 0. 0. 0. 0.
 0. 0. 0. 0. 0. 0. 1. 1. 1. 1. 1. 1. 1. 1. 1. 1. 0. 0. 0. 0. 0. 0. 0. 0.
 0. 0. 1. 1. 1. 1. 1. 1. 1. 1. 1. 1. 1. 1. 1. 1. 1. 1. 1. 1. 1. 1. 0. 0.
 0. 0. 0. 0. 0. 0. 0. 0. 1. 1. 1. 1. 1. 1. 1. 1. 1. 1. 1. 1. 1. 1. 1. 1.
 1. 1. 1. 1. 0. 0. 0. 0. 0. 0. 0. 0. 0. 0. 0. 0. 0. 0. 0. 0. 0. 0. 0. 0.
 0. 0. 0. 0. 0. 0. 0. 0. 0. 0. 0. 0. 0. 0. 0. 0. 0. 0. 0. 0. 0. 0. 0. 0.
 0. 0. 0. 0. 0. 0. 0. 0. 0. 0. 0. 0. 0. 0. 0. 0. 0. 0. 0. 0. 0. 0. 0. 0.
 0. 0. 0. 0. 0. 0. 0. 0. 0. 0. 0. 0. 0. 0. 0. 0. 0. 0. 0. 0. 0. 0. 0. 0.
 0. 0. 0. 0. 0. 0. 0. 0.]
y_pred:  [0. 1. 0. 0. 0. 0. 0. 0. 1. 0. 1. 1. 1. 0. 1. 1. 1. 0. 0. 0. 1. 1. 0. 1.
 1. 0. 0. 0. 0. 0. 1. 1. 1. 1. 0. 1. 1. 0. 1. 0. 0. 0. 1. 0. 0. 0. 0. 0.
 1. 0. 1. 1. 1. 0. 1. 1. 0. 0. 1. 1. 1. 1. 1. 1. 1. 1. 0. 1. 0. 1. 1. 1.
 0. 1. 1. 0. 1. 0. 0. 0. 1. 0. 1. 1. 0. 1. 1. 1. 1. 1. 1. 1. 1. 0. 0. 1.
 1. 1. 0. 1. 0. 0. 0. 0. 0. 0. 1. 0. 1. 0. 0. 0. 0. 0. 0. 0. 1. 0. 0. 0.
 0. 0. 0. 1. 0. 0. 0. 0. 0. 0. 0. 1. 0. 0. 0. 0. 0. 0. 0. 0. 0. 0. 1. 0.
 0. 1. 0. 0. 0. 1. 0. 0. 0. 0. 0. 0. 0. 0. 0. 0. 0. 0. 0. 0. 0. 1. 1. 0.
 0. 0. 0. 0. 0. 0. 0. 0. 0. 0. 0. 0. 1. 0. 0. 0. 0. 0. 0. 1. 0. 0. 0. 1.
 0. 1. 1. 0. 0. 0. 0. 0.]
Time taken: 24.77212619781494 seconds
Running combination 45 of 50
Fitting RandomForest...
Fitting Adaboost...
Fitting AdaBoost_2...
Fitting et...
Fitting gbc...
Fitting gbc_2...
Fitting gbc_3...
Fitting dt...
Fitting lr...
Fitting Lasso_1...
Fitting Lasso_2...
Fitting Lasso_3...
Fitting Lasso_4...
Fitting elasticnet...
VCF file created successfully.
pyseer stderr:  Read 1000 phenotypes
Detected continuous phenotype
Reading all variants

0variants [00:00, ?variants/s]
54variants [00:00, 535.02variants/s]
108variants [00:00, 471.13variants/s]
164variants [00:00, 507.80variants/s]
198variants [00:00, 510.76variants/s]
Applying correlation filtering

  0%|          | 0/198 [00:00<?, ?variants/s]
100%|██████████| 198/198 [00:00<00:00, 2633.91variants/s]
Fitting elastic net to top 148 variants
Best penalty (lambda) from cross-validation: 7.66E+00
Best R^2 from cross-validation: 0.539
Finding and printing selected variants
198 loaded variants
50 pre-filtered variants
148 tested variants
134 printed variants

True importance standardized:  [0.18997569 0.18997569 0.18997569 0.18997569 0.18997569 0.18997569
 0.18997569 0.18997569 0.18997569 0.18997569 0.19138967 0.19138967
 0.19138967 0.19138967 0.19138967 0.19138967 0.19138967 0.19138967
 0.19138967 0.19138967 0.88369174 0.88369174 0.88369174 0.88369174
 0.88369174 0.88369174 0.88369174 0.88369174 0.88369174 0.88369174
 0.52884468 0.52884468 0.52884468 0.52884468 0.52884468 0.52884468
 0.52884468 0.52884468 0.52884468 0.52884468 1.         1.
 1.         1.         1.         1.         1.         1.
 1.         1.         0.65441393 0.65441393 0.65441393 0.65441393
 0.65441393 0.65441393 0.65441393 0.65441393 0.65441393 0.65441393
 0.70586708 0.70586708 0.70586708 0.70586708 0.70586708 0.70586708
 0.70586708 0.70586708 0.70586708 0.70586708 0.64026713 0.64026713
 0.64026713 0.64026713 0.64026713 0.64026713 0.64026713 0.64026713
 0.64026713 0.64026713 0.21009122 0.21009122 0.21009122 0.21009122
 0.21009122 0.21009122 0.21009122 0.21009122 0.21009122 0.21009122
 0.3896398  0.3896398  0.3896398  0.3896398  0.3896398  0.3896398
 0.3896398  0.3896398  0.3896398  0.3896398  0.         0.
 0.         0.         0.         0.         0.         0.
 0.         0.         0.         0.         0.         0.
 0.         0.         0.         0.         0.         0.
 0.         0.         0.         0.         0.         0.
 0.         0.         0.         0.         0.         0.
 0.         0.         0.         0.         0.         0.
 0.         0.         0.         0.         0.         0.
 0.         0.         0.         0.         0.         0.
 0.         0.         0.         0.         0.         0.
 0.         0.         0.         0.         0.         0.
 0.         0.         0.         0.         0.         0.
 0.         0.         0.         0.         0.         0.
 0.         0.         0.         0.         0.         0.
 0.         0.         0.         0.         0.         0.
 0.         0.         0.         0.         0.         0.
 0.         0.         0.         0.         0.         0.
 0.         0.        ]
Normalized importance:  [0.07112057 0.07112057 0.07112057 0.07112057 0.07112057 0.07112057
 0.07112057 0.07112057 0.07112057 0.07112057 0.         0.
 0.         0.         0.         0.         0.         0.
 0.         0.         0.97828437 0.97828437 0.97828437 0.97828437
 0.97828437 0.97828437 0.97828437 0.97828437 0.97828437 0.97828437
 0.23990704 0.23990704 0.23990704 0.23990704 0.23990704 0.23990704
 0.23990704 0.23990704 0.23990704 0.23990704 1.         1.
 1.         1.         1.         1.         1.         1.
 1.         1.         0.35821352 0.35821352 0.35821352 0.35821352
 0.35821352 0.35821352 0.35821352 0.35821352 0.35821352 0.35821352
 0.62386092 0.62386092 0.62386092 0.62386092 0.62386092 0.62386092
 0.62386092 0.62386092 0.62386092 0.62386092 0.39939949 0.39939949
 0.39939949 0.39939949 0.39939949 0.39939949 0.39939949 0.39939949
 0.39939949 0.39939949 0.06411401 0.06411401 0.06411401 0.06411401
 0.06411401 0.06411401 0.06411401 0.         0.06411401 0.06411401
 0.27950107 0.27950107 0.27950107 0.27950107 0.27950107 0.27950107
 0.27950107 0.27950107 0.27950107 0.27950107 0.         0.
 0.         0.         0.         0.         0.         0.07425128
 0.         0.         0.         0.06201711 0.         0.
 0.         0.         0.         0.         0.         0.
 0.02716603 0.         0.         0.         0.         0.
 0.         0.         0.         0.         0.         0.
 0.         0.         0.02876467 0.         0.         0.
 0.         0.         0.00651801 0.         0.         0.
 0.         0.         0.         0.         0.         0.
 0.         0.         0.         0.         0.         0.
 0.         0.         0.         0.         0.         0.
 0.         0.02308083 0.         0.         0.         0.
 0.         0.         0.         0.05331958 0.         0.
 0.02833834 0.         0.01772791 0.03787771 0.         0.
 0.         0.         0.         0.         0.         0.
 0.         0.         0.         0.         0.         0.
 0.         0.         0.         0.         0.         0.
 0.         0.        ]
deepbreaks
y_true:  [0. 0. 0. 0. 0. 0. 0. 0. 0. 0. 0. 0. 0. 0. 0. 0. 0. 0. 0. 0. 1. 1. 1. 1.
 1. 1. 1. 1. 1. 1. 0. 0. 0. 0. 0. 0. 0. 0. 0. 0. 1. 1. 1. 1. 1. 1. 1. 1.
 1. 1. 1. 1. 1. 1. 1. 1. 1. 1. 1. 1. 1. 1. 1. 1. 1. 1. 1. 1. 1. 1. 1. 1.
 1. 1. 1. 1. 1. 1. 1. 1. 0. 0. 0. 0. 0. 0. 0. 0. 0. 0. 0. 0. 0. 0. 0. 0.
 0. 0. 0. 0. 0. 0. 0. 0. 0. 0. 0. 0. 0. 0. 0. 0. 0. 0. 0. 0. 0. 0. 0. 0.
 0. 0. 0. 0. 0. 0. 0. 0. 0. 0. 0. 0. 0. 0. 0. 0. 0. 0. 0. 0. 0. 0. 0. 0.
 0. 0. 0. 0. 0. 0. 0. 0. 0. 0. 0. 0. 0. 0. 0. 0. 0. 0. 0. 0. 0. 0. 0. 0.
 0. 0. 0. 0. 0. 0. 0. 0. 0. 0. 0. 0. 0. 0. 0. 0. 0. 0. 0. 0. 0. 0. 0. 0.
 0. 0. 0. 0. 0. 0. 0. 0.]
y_pred:  [0. 0. 0. 0. 0. 0. 0. 0. 0. 0. 0. 0. 0. 0. 0. 0. 0. 0. 0. 0. 1. 1. 1. 1.
 1. 1. 1. 1. 1. 1. 0. 0. 0. 0. 0. 0. 0. 0. 0. 0. 1. 1. 1. 1. 1. 1. 1. 1.
 1. 1. 1. 1. 1. 1. 1. 1. 1. 1. 1. 1. 1. 1. 1. 1. 1. 1. 1. 1. 1. 1. 1. 1.
 1. 1. 1. 1. 1. 1. 1. 1. 0. 0. 0. 0. 0. 0. 0. 0. 0. 0. 0. 0. 0. 0. 0. 0.
 0. 0. 0. 0. 0. 0. 0. 0. 0. 0. 0. 0. 0. 0. 0. 0. 0. 0. 0. 0. 0. 0. 0. 0.
 0. 0. 0. 0. 0. 0. 0. 0. 0. 0. 0. 0. 0. 0. 0. 0. 0. 0. 0. 0. 0. 0. 0. 0.
 0. 0. 0. 0. 0. 0. 0. 0. 0. 0. 0. 0. 0. 0. 0. 0. 0. 0. 0. 0. 0. 0. 0. 0.
 0. 0. 0. 0. 0. 0. 0. 0. 0. 0. 0. 0. 0. 0. 0. 0. 0. 0. 0. 0. 0. 0. 0. 0.
 0. 0. 0. 0. 0. 0. 0. 0.]
Normalized importance:  [0.20459184 0.15       0.27397959 0.14183673 0.01377551 0.1494898
 0.11122449 0.         0.         0.30153061 0.         0.
 0.16377551 0.         0.05816327 0.29591837 0.05056122 0.16020408
 0.30663265 0.13520408 0.66836735 0.91836735 0.19387755 0.56122449
 0.68877551 0.65816327 0.36938776 0.02035714 0.42091837 0.91836735
 0.55612245 0.19693878 0.39846939 0.25969388 0.2494898  0.0622449
 0.26887755 0.         0.40969388 0.225      1.         0.53571429
 0.57142857 0.04637755 0.3005102  0.31326531 0.56632653 0.66836735
 0.7755102  0.34132653 0.54081633 0.5255102  0.         0.20510204
 0.30612245 0.65816327 0.51530612 0.14234694 0.36377551 0.
 0.92857143 0.73979592 0.01795918 0.47397959 0.38520408 0.19234694
 0.41326531 0.08316327 0.4744898  0.16479592 0.65306122 0.38265306
 0.39132653 0.19183673 0.27346939 0.2244898  0.19132653 0.26020408
 0.25969388 0.33010204 0.18928571 0.         0.         0.09081633
 0.         0.20510204 0.49285714 0.         0.25153061 0.10102041
 0.42193878 0.34642857 0.36887755 0.3255102  0.24336735 0.01260204
 0.05969388 0.22602041 0.05816327 0.44285714 0.2994898  0.11377551
 0.         0.         0.         0.         0.2494898  0.2755102
 0.24387755 0.07295918 0.28622449 0.37397959 0.         0.14591837
 0.         0.         0.24132653 0.08928571 0.         0.
 0.07142857 0.00194898 0.         0.         0.31632653 0.
 0.         0.         0.2872449  0.42908163 0.         0.
 0.         0.03612245 0.21173469 0.30510204 0.         0.
 0.         0.2005102  0.00433673 0.         0.         0.
 0.31020408 0.         0.11734694 0.         0.24438776 0.
 0.         0.         0.         0.         0.06326531 0.05918367
 0.23316327 0.01214286 0.         0.         0.01193878 0.3255102
 0.21581633 0.16836735 0.         0.04112245 0.         0.
 0.         0.         0.         0.10459184 0.         0.06683673
 0.27040816 0.         0.09336735 0.54591837 0.         0.13826531
 0.         0.         0.         0.32040816 0.         0.23928571
 0.         0.25765306 0.         0.00445918 0.         0.
 0.1122449  0.125      0.         0.         0.06479592 0.
 0.         0.        ]
pyseer
y_true:  [0. 0. 0. 0. 0. 0. 0. 0. 0. 0. 0. 0. 0. 0. 0. 0. 0. 0. 0. 0. 1. 1. 1. 1.
 1. 1. 1. 1. 1. 1. 0. 0. 0. 0. 0. 0. 0. 0. 0. 0. 1. 1. 1. 1. 1. 1. 1. 1.
 1. 1. 1. 1. 1. 1. 1. 1. 1. 1. 1. 1. 1. 1. 1. 1. 1. 1. 1. 1. 1. 1. 1. 1.
 1. 1. 1. 1. 1. 1. 1. 1. 0. 0. 0. 0. 0. 0. 0. 0. 0. 0. 0. 0. 0. 0. 0. 0.
 0. 0. 0. 0. 0. 0. 0. 0. 0. 0. 0. 0. 0. 0. 0. 0. 0. 0. 0. 0. 0. 0. 0. 0.
 0. 0. 0. 0. 0. 0. 0. 0. 0. 0. 0. 0. 0. 0. 0. 0. 0. 0. 0. 0. 0. 0. 0. 0.
 0. 0. 0. 0. 0. 0. 0. 0. 0. 0. 0. 0. 0. 0. 0. 0. 0. 0. 0. 0. 0. 0. 0. 0.
 0. 0. 0. 0. 0. 0. 0. 0. 0. 0. 0. 0. 0. 0. 0. 0. 0. 0. 0. 0. 0. 0. 0. 0.
 0. 0. 0. 0. 0. 0. 0. 0.]
y_pred:  [0. 0. 1. 0. 0. 0. 0. 0. 0. 1. 0. 0. 0. 0. 0. 1. 0. 0. 1. 0. 1. 1. 0. 1.
 1. 1. 1. 0. 1. 1. 1. 0. 1. 1. 1. 0. 1. 0. 1. 0. 1. 1. 1. 0. 1. 1. 1. 1.
 1. 1. 1. 1. 0. 0. 1. 1. 1. 0. 1. 0. 1. 1. 0. 1. 1. 0. 1. 0. 1. 0. 1. 1.
 1. 0. 1. 0. 0. 1. 1. 1. 0. 0. 0. 0. 0. 0. 1. 0. 1. 0. 1. 1. 1. 1. 0. 0.
 0. 0. 0. 1. 1. 0. 0. 0. 0. 0. 1. 1. 0. 0. 1. 1. 0. 0. 0. 0. 0. 0. 0. 0.
 0. 0. 0. 0. 1. 0. 0. 0. 1. 1. 0. 0. 0. 0. 0. 1. 0. 0. 0. 0. 0. 0. 0. 0.
 1. 0. 0. 0. 0. 0. 0. 0. 0. 0. 0. 0. 0. 0. 0. 0. 0. 1. 0. 0. 0. 0. 0. 0.
 0. 0. 0. 0. 0. 0. 1. 0. 0. 1. 0. 0. 0. 0. 0. 1. 0. 0. 0. 1. 0. 0. 0. 0.
 0. 0. 0. 0. 0. 0. 0. 0.]
Time taken: 23.30389165878296 seconds
Running combination 46 of 50
Fitting RandomForest...
Fitting Adaboost...
Fitting AdaBoost_2...
Fitting et...
Fitting gbc...
Fitting gbc_2...
Fitting gbc_3...
Fitting dt...
Fitting lr...
Fitting Lasso_1...
Fitting Lasso_2...
Fitting Lasso_3...
Fitting Lasso_4...
Fitting elasticnet...
VCF file created successfully.
pyseer stderr:  Read 1000 phenotypes
Detected continuous phenotype
Reading all variants

0variants [00:00, ?variants/s]
54variants [00:00, 538.81variants/s]
108variants [00:00, 476.40variants/s]
164variants [00:00, 510.19variants/s]
198variants [00:00, 514.60variants/s]
Applying correlation filtering

  0%|          | 0/198 [00:00<?, ?variants/s]
100%|██████████| 198/198 [00:00<00:00, 2678.17variants/s]
Fitting elastic net to top 148 variants
Best penalty (lambda) from cross-validation: 2.13E+01
Best R^2 from cross-validation: 0.494
Finding and printing selected variants
198 loaded variants
50 pre-filtered variants
148 tested variants
137 printed variants

True importance standardized:  [0.86074829 0.86074829 0.86074829 0.86074829 0.86074829 0.86074829
 0.86074829 0.86074829 0.86074829 0.86074829 0.60501289 0.60501289
 0.60501289 0.60501289 0.60501289 0.60501289 0.60501289 0.60501289
 0.60501289 0.60501289 0.55136356 0.55136356 0.55136356 0.55136356
 0.55136356 0.55136356 0.55136356 0.55136356 0.55136356 0.55136356
 1.         1.         1.         1.         1.         1.
 1.         1.         1.         1.         0.31991602 0.31991602
 0.31991602 0.31991602 0.31991602 0.31991602 0.31991602 0.31991602
 0.31991602 0.31991602 0.83841231 0.83841231 0.83841231 0.83841231
 0.83841231 0.83841231 0.83841231 0.83841231 0.83841231 0.83841231
 0.91523758 0.91523758 0.91523758 0.91523758 0.91523758 0.91523758
 0.91523758 0.91523758 0.91523758 0.91523758 0.32278691 0.32278691
 0.32278691 0.32278691 0.32278691 0.32278691 0.32278691 0.32278691
 0.32278691 0.32278691 0.27400836 0.27400836 0.27400836 0.27400836
 0.27400836 0.27400836 0.27400836 0.27400836 0.27400836 0.27400836
 0.17316448 0.17316448 0.17316448 0.17316448 0.17316448 0.17316448
 0.17316448 0.17316448 0.17316448 0.17316448 0.         0.
 0.         0.         0.         0.         0.         0.
 0.         0.         0.         0.         0.         0.
 0.         0.         0.         0.         0.         0.
 0.         0.         0.         0.         0.         0.
 0.         0.         0.         0.         0.         0.
 0.         0.         0.         0.         0.         0.
 0.         0.         0.         0.         0.         0.
 0.         0.         0.         0.         0.         0.
 0.         0.         0.         0.         0.         0.
 0.         0.         0.         0.         0.         0.
 0.         0.         0.         0.         0.         0.
 0.         0.         0.         0.         0.         0.
 0.         0.         0.         0.         0.         0.
 0.         0.         0.         0.         0.         0.
 0.         0.         0.         0.         0.         0.
 0.         0.         0.         0.         0.         0.
 0.         0.        ]
Normalized importance:  [0.82180686 0.82180686 0.82180686 0.82180686 0.82180686 0.82180686
 0.82180686 0.82180686 0.82180686 0.82180686 0.27883479 0.27883479
 0.27883479 0.27883479 0.27883479 0.27883479 0.27883479 0.27883479
 0.27883479 0.27883479 0.33934831 0.33934831 0.33934831 0.33934831
 0.33934831 0.33934831 0.33934831 0.33934831 0.33934831 0.33934831
 1.         1.         1.         1.         1.         1.
 1.         1.         1.         1.         0.04841784 0.04841784
 0.04841784 0.04841784 0.04841784 0.04841784 0.04841784 0.04841784
 0.         0.04841784 0.60032189 0.60032189 0.60032189 0.60032189
 0.60032189 0.60032189 0.60032189 0.60032189 0.60032189 0.60032189
 0.9124123  0.9124123  0.9124123  0.9124123  0.9124123  0.9124123
 0.9124123  0.9124123  0.9124123  0.9124123  0.09973587 0.09973587
 0.09973587 0.09973587 0.09973587 0.09973587 0.09973587 0.09973587
 0.09973587 0.09973587 0.         0.         0.         0.
 0.         0.         0.         0.         0.         0.
 0.         0.0210487  0.         0.         0.         0.
 0.         0.         0.         0.         0.         0.
 0.         0.         0.         0.         0.         0.0305644
 0.         0.         0.02799522 0.         0.         0.01934558
 0.         0.         0.         0.         0.         0.
 0.         0.         0.         0.         0.06246089 0.
 0.         0.         0.         0.         0.         0.
 0.         0.         0.         0.         0.         0.
 0.         0.         0.         0.03792801 0.         0.03471824
 0.         0.         0.         0.         0.         0.
 0.         0.         0.         0.         0.         0.
 0.         0.         0.         0.         0.         0.04068378
 0.         0.         0.01275518 0.         0.         0.
 0.         0.         0.         0.         0.         0.
 0.         0.         0.         0.         0.         0.
 0.         0.         0.         0.         0.         0.02146658
 0.         0.         0.         0.         0.         0.
 0.         0.         0.         0.         0.         0.
 0.         0.        ]
deepbreaks
y_true:  [1. 1. 1. 1. 1. 1. 1. 1. 1. 1. 1. 1. 1. 1. 1. 1. 1. 1. 1. 1. 0. 0. 0. 0.
 0. 0. 0. 0. 0. 0. 1. 1. 1. 1. 1. 1. 1. 1. 1. 1. 0. 0. 0. 0. 0. 0. 0. 0.
 0. 0. 1. 1. 1. 1. 1. 1. 1. 1. 1. 1. 1. 1. 1. 1. 1. 1. 1. 1. 1. 1. 0. 0.
 0. 0. 0. 0. 0. 0. 0. 0. 0. 0. 0. 0. 0. 0. 0. 0. 0. 0. 0. 0. 0. 0. 0. 0.
 0. 0. 0. 0. 0. 0. 0. 0. 0. 0. 0. 0. 0. 0. 0. 0. 0. 0. 0. 0. 0. 0. 0. 0.
 0. 0. 0. 0. 0. 0. 0. 0. 0. 0. 0. 0. 0. 0. 0. 0. 0. 0. 0. 0. 0. 0. 0. 0.
 0. 0. 0. 0. 0. 0. 0. 0. 0. 0. 0. 0. 0. 0. 0. 0. 0. 0. 0. 0. 0. 0. 0. 0.
 0. 0. 0. 0. 0. 0. 0. 0. 0. 0. 0. 0. 0. 0. 0. 0. 0. 0. 0. 0. 0. 0. 0. 0.
 0. 0. 0. 0. 0. 0. 0. 0.]
y_pred:  [1. 1. 1. 1. 1. 1. 1. 1. 1. 1. 0. 0. 0. 0. 0. 0. 0. 0. 0. 0. 1. 1. 1. 1.
 1. 1. 1. 1. 1. 1. 1. 1. 1. 1. 1. 1. 1. 1. 1. 1. 0. 0. 0. 0. 0. 0. 0. 0.
 0. 0. 1. 1. 1. 1. 1. 1. 1. 1. 1. 1. 1. 1. 1. 1. 1. 1. 1. 1. 1. 1. 0. 0.
 0. 0. 0. 0. 0. 0. 0. 0. 0. 0. 0. 0. 0. 0. 0. 0. 0. 0. 0. 0. 0. 0. 0. 0.
 0. 0. 0. 0. 0. 0. 0. 0. 0. 0. 0. 0. 0. 0. 0. 0. 0. 0. 0. 0. 0. 0. 0. 0.
 0. 0. 0. 0. 0. 0. 0. 0. 0. 0. 0. 0. 0. 0. 0. 0. 0. 0. 0. 0. 0. 0. 0. 0.
 0. 0. 0. 0. 0. 0. 0. 0. 0. 0. 0. 0. 0. 0. 0. 0. 0. 0. 0. 0. 0. 0. 0. 0.
 0. 0. 0. 0. 0. 0. 0. 0. 0. 0. 0. 0. 0. 0. 0. 0. 0. 0. 0. 0. 0. 0. 0. 0.
 0. 0. 0. 0. 0. 0. 0. 0.]
Normalized importance:  [0.85714286 0.67781155 0.20851064 0.45288754 0.50151976 0.64741641
 0.63221884 0.06869301 0.64133739 0.67477204 0.55927052 0.34346505
 0.36778116 0.09665653 0.48328267 0.49848024 0.08632219 0.25805471
 0.09088146 0.77203647 0.52887538 0.3100304  0.30699088 0.58662614
 0.47416413 0.03768997 0.51671733 0.18601824 0.11246201 0.33738602
 0.89969605 0.72036474 0.73556231 0.6443769  0.556231   0.23130699
 0.20607903 0.73860182 0.6656535  0.45896657 0.08723404 0.
 0.30699088 0.         0.19513678 0.22705167 0.49240122 0.
 0.10243161 0.15744681 0.77507599 0.46200608 0.47112462 0.36474164
 0.08358663 0.57446809 0.59878419 0.65045593 0.64133739 0.40729483
 1.         0.38297872 0.41945289 0.50151976 0.10668693 0.48328267
 0.49544073 0.39513678 0.89665653 0.48024316 0.2231003  0.27082067
 0.18145897 0.45896657 0.37386018 0.20790274 0.05805471 0.08632219
 0.2331307  0.20364742 0.13768997 0.         0.08267477 0.
 0.         0.07325228 0.05167173 0.34042553 0.06261398 0.16869301
 0.         0.38905775 0.02051672 0.         0.23738602 0.08571429
 0.01571429 0.         0.16869301 0.         0.08905775 0.1556231
 0.         0.         0.         0.         0.         0.28297872
 0.23556231 0.04346505 0.21975684 0.37386018 0.         0.24072948
 0.         0.         0.03647416 0.24924012 0.         0.01416413
 0.         0.         0.58662614 0.32826748 0.39817629 0.29179331
 0.         0.02039514 0.         0.         0.         0.28510638
 0.         0.09300912 0.         0.         0.         0.2218845
 0.         0.         0.33130699 0.1768997  0.07568389 0.43161094
 0.         0.         0.         0.         0.04042553 0.
 0.         0.         0.         0.         0.35866261 0.09057751
 0.         0.         0.         0.04164134 0.         0.31610942
 0.         0.         0.10455927 0.18480243 0.243769   0.14072948
 0.14164134 0.29817629 0.         0.         0.         0.3768997
 0.         0.0656535  0.29726444 0.         0.         0.06079027
 0.32826748 0.         0.         0.25075988 0.         0.24012158
 0.25592705 0.         0.         0.24407295 0.19969605 0.
 0.         0.0556231  0.         0.14255319 0.40729483 0.
 0.         0.        ]
pyseer
y_true:  [1. 1. 1. 1. 1. 1. 1. 1. 1. 1. 1. 1. 1. 1. 1. 1. 1. 1. 1. 1. 0. 0. 0. 0.
 0. 0. 0. 0. 0. 0. 1. 1. 1. 1. 1. 1. 1. 1. 1. 1. 0. 0. 0. 0. 0. 0. 0. 0.
 0. 0. 1. 1. 1. 1. 1. 1. 1. 1. 1. 1. 1. 1. 1. 1. 1. 1. 1. 1. 1. 1. 0. 0.
 0. 0. 0. 0. 0. 0. 0. 0. 0. 0. 0. 0. 0. 0. 0. 0. 0. 0. 0. 0. 0. 0. 0. 0.
 0. 0. 0. 0. 0. 0. 0. 0. 0. 0. 0. 0. 0. 0. 0. 0. 0. 0. 0. 0. 0. 0. 0. 0.
 0. 0. 0. 0. 0. 0. 0. 0. 0. 0. 0. 0. 0. 0. 0. 0. 0. 0. 0. 0. 0. 0. 0. 0.
 0. 0. 0. 0. 0. 0. 0. 0. 0. 0. 0. 0. 0. 0. 0. 0. 0. 0. 0. 0. 0. 0. 0. 0.
 0. 0. 0. 0. 0. 0. 0. 0. 0. 0. 0. 0. 0. 0. 0. 0. 0. 0. 0. 0. 0. 0. 0. 0.
 0. 0. 0. 0. 0. 0. 0. 0.]
y_pred:  [1. 1. 0. 1. 1. 1. 1. 0. 1. 1. 1. 1. 1. 0. 1. 1. 0. 0. 0. 1. 1. 1. 1. 1.
 1. 0. 1. 0. 0. 1. 1. 1. 1. 1. 1. 0. 0. 1. 1. 1. 0. 0. 1. 0. 0. 0. 1. 0.
 0. 0. 1. 1. 1. 1. 0. 1. 1. 1. 1. 1. 1. 1. 1. 1. 0. 1. 1. 1. 1. 1. 0. 0.
 0. 1. 1. 0. 0. 0. 0. 0. 0. 0. 0. 0. 0. 0. 0. 1. 0. 0. 0. 1. 0. 0. 0. 0.
 0. 0. 0. 0. 0. 0. 0. 0. 0. 0. 0. 1. 0. 0. 0. 1. 0. 0. 0. 0. 0. 0. 0. 0.
 0. 0. 1. 1. 1. 1. 0. 0. 0. 0. 0. 1. 0. 0. 0. 0. 0. 0. 0. 0. 1. 0. 0. 1.
 0. 0. 0. 0. 0. 0. 0. 0. 0. 0. 1. 0. 0. 0. 0. 0. 0. 1. 0. 0. 0. 0. 0. 0.
 0. 1. 0. 0. 0. 1. 0. 0. 1. 0. 0. 0. 1. 0. 0. 0. 0. 0. 0. 0. 0. 0. 0. 0.
 0. 0. 0. 0. 1. 0. 0. 0.]
Time taken: 23.458752155303955 seconds
Running combination 47 of 50
Fitting RandomForest...
Fitting Adaboost...
Fitting AdaBoost_2...
Fitting et...
Fitting gbc...
Fitting gbc_2...
Fitting gbc_3...
Fitting dt...
Fitting lr...
Fitting Lasso_1...
Fitting Lasso_2...
Fitting Lasso_3...
Fitting Lasso_4...
Fitting elasticnet...
VCF file created successfully.
pyseer stderr:  Read 1000 phenotypes
Detected continuous phenotype
Reading all variants

0variants [00:00, ?variants/s]
55variants [00:00, 541.09variants/s]
110variants [00:00, 480.46variants/s]
166variants [00:00, 513.25variants/s]
198variants [00:00, 517.38variants/s]
Applying correlation filtering

  0%|          | 0/198 [00:00<?, ?variants/s]
100%|██████████| 198/198 [00:00<00:00, 2697.62variants/s]
Fitting elastic net to top 148 variants
Best penalty (lambda) from cross-validation: 6.56E+00
Best R^2 from cross-validation: 0.550
Finding and printing selected variants
198 loaded variants
50 pre-filtered variants
148 tested variants
134 printed variants

True importance standardized:  [0.26468242 0.26468242 0.26468242 0.26468242 0.26468242 0.26468242
 0.26468242 0.26468242 0.26468242 0.26468242 0.42535347 0.42535347
 0.42535347 0.42535347 0.42535347 0.42535347 0.42535347 0.42535347
 0.42535347 0.42535347 1.         1.         1.         1.
 1.         1.         1.         1.         1.         1.
 0.13027217 0.13027217 0.13027217 0.13027217 0.13027217 0.13027217
 0.13027217 0.13027217 0.13027217 0.13027217 0.14328111 0.14328111
 0.14328111 0.14328111 0.14328111 0.14328111 0.14328111 0.14328111
 0.14328111 0.14328111 0.12506458 0.12506458 0.12506458 0.12506458
 0.12506458 0.12506458 0.12506458 0.12506458 0.12506458 0.12506458
 0.42405424 0.42405424 0.42405424 0.42405424 0.42405424 0.42405424
 0.42405424 0.42405424 0.42405424 0.42405424 0.15888346 0.15888346
 0.15888346 0.15888346 0.15888346 0.15888346 0.15888346 0.15888346
 0.15888346 0.15888346 0.75433252 0.75433252 0.75433252 0.75433252
 0.75433252 0.75433252 0.75433252 0.75433252 0.75433252 0.75433252
 0.71174717 0.71174717 0.71174717 0.71174717 0.71174717 0.71174717
 0.71174717 0.71174717 0.71174717 0.71174717 0.         0.
 0.         0.         0.         0.         0.         0.
 0.         0.         0.         0.         0.         0.
 0.         0.         0.         0.         0.         0.
 0.         0.         0.         0.         0.         0.
 0.         0.         0.         0.         0.         0.
 0.         0.         0.         0.         0.         0.
 0.         0.         0.         0.         0.         0.
 0.         0.         0.         0.         0.         0.
 0.         0.         0.         0.         0.         0.
 0.         0.         0.         0.         0.         0.
 0.         0.         0.         0.         0.         0.
 0.         0.         0.         0.         0.         0.
 0.         0.         0.         0.         0.         0.
 0.         0.         0.         0.         0.         0.
 0.         0.         0.         0.         0.         0.
 0.         0.         0.         0.         0.         0.
 0.         0.        ]
Normalized importance:  [0.13113855 0.13113855 0.13113855 0.13113855 0.13113855 0.13113855
 0.13113855 0.13113855 0.13113855 0.13113855 0.40945674 0.40945674
 0.40945674 0.40945674 0.40945674 0.40945674 0.40945674 0.40945674
 0.40945674 0.40945674 1.         1.         1.         1.
 1.         1.         1.         1.         1.         1.
 0.01115164 0.01115164 0.01115164 0.01115164 0.01115164 0.01115164
 0.01115164 0.01115164 0.         0.         0.03614585 0.03614585
 0.03614585 0.03614585 0.03614585 0.03614585 0.03614585 0.03614585
 0.03614585 0.03614585 0.         0.00980532 0.01012946 0.
 0.         0.         0.         0.         0.         0.
 0.26740276 0.26740276 0.26740276 0.26740276 0.26740276 0.26740276
 0.26740276 0.26740276 0.26740276 0.26740276 0.04251187 0.04251187
 0.04251187 0.04251187 0.04251187 0.04251187 0.04251187 0.04251187
 0.04251187 0.04251187 0.55211992 0.55211992 0.55211992 0.55211992
 0.55211992 0.55211992 0.55211992 0.55211992 0.55211992 0.55211992
 0.74443511 0.74443511 0.74443511 0.74443511 0.74443511 0.74443511
 0.74443511 0.74443511 0.74443511 0.74443511 0.         0.
 0.         0.         0.         0.         0.         0.
 0.         0.         0.         0.         0.         0.
 0.         0.01289182 0.00722094 0.         0.0168738  0.
 0.         0.         0.         0.         0.         0.
 0.01005854 0.02409156 0.         0.         0.         0.
 0.         0.         0.         0.         0.         0.
 0.         0.         0.00145329 0.         0.         0.01974531
 0.         0.         0.         0.         0.         0.
 0.         0.         0.01209245 0.         0.         0.
 0.02274388 0.         0.         0.         0.         0.
 0.         0.         0.         0.         0.         0.
 0.         0.         0.         0.         0.         0.
 0.         0.         0.         0.04372793 0.         0.0188653
 0.         0.         0.         0.         0.         0.
 0.00472245 0.         0.02323682 0.         0.         0.
 0.         0.         0.         0.         0.00949792 0.
 0.         0.        ]
deepbreaks
y_true:  [0. 0. 0. 0. 0. 0. 0. 0. 0. 0. 1. 1. 1. 1. 1. 1. 1. 1. 1. 1. 1. 1. 1. 1.
 1. 1. 1. 1. 1. 1. 0. 0. 0. 0. 0. 0. 0. 0. 0. 0. 0. 0. 0. 0. 0. 0. 0. 0.
 0. 0. 0. 0. 0. 0. 0. 0. 0. 0. 0. 0. 1. 1. 1. 1. 1. 1. 1. 1. 1. 1. 0. 0.
 0. 0. 0. 0. 0. 0. 0. 0. 1. 1. 1. 1. 1. 1. 1. 1. 1. 1. 1. 1. 1. 1. 1. 1.
 1. 1. 1. 1. 0. 0. 0. 0. 0. 0. 0. 0. 0. 0. 0. 0. 0. 0. 0. 0. 0. 0. 0. 0.
 0. 0. 0. 0. 0. 0. 0. 0. 0. 0. 0. 0. 0. 0. 0. 0. 0. 0. 0. 0. 0. 0. 0. 0.
 0. 0. 0. 0. 0. 0. 0. 0. 0. 0. 0. 0. 0. 0. 0. 0. 0. 0. 0. 0. 0. 0. 0. 0.
 0. 0. 0. 0. 0. 0. 0. 0. 0. 0. 0. 0. 0. 0. 0. 0. 0. 0. 0. 0. 0. 0. 0. 0.
 0. 0. 0. 0. 0. 0. 0. 0.]
y_pred:  [1. 1. 1. 1. 1. 1. 1. 1. 1. 1. 1. 1. 1. 1. 1. 1. 1. 1. 1. 1. 1. 1. 1. 1.
 1. 1. 1. 1. 1. 1. 0. 0. 0. 0. 0. 0. 0. 0. 0. 0. 0. 0. 0. 0. 0. 0. 0. 0.
 0. 0. 0. 0. 0. 0. 0. 0. 0. 0. 0. 0. 1. 1. 1. 1. 1. 1. 1. 1. 1. 1. 0. 0.
 0. 0. 0. 0. 0. 0. 0. 0. 1. 1. 1. 1. 1. 1. 1. 1. 1. 1. 1. 1. 1. 1. 1. 1.
 1. 1. 1. 1. 0. 0. 0. 0. 0. 0. 0. 0. 0. 0. 0. 0. 0. 0. 0. 0. 0. 0. 0. 0.
 0. 0. 0. 0. 0. 0. 0. 0. 0. 0. 0. 0. 0. 0. 0. 0. 0. 0. 0. 0. 0. 0. 0. 0.
 0. 0. 0. 0. 0. 0. 0. 0. 0. 0. 0. 0. 0. 0. 0. 0. 0. 0. 0. 0. 0. 0. 0. 0.
 0. 0. 0. 0. 0. 0. 0. 0. 0. 0. 0. 0. 0. 0. 0. 0. 0. 0. 0. 0. 0. 0. 0. 0.
 0. 0. 0. 0. 0. 0. 0. 0.]
Normalized importance:  [4.37869822e-01 3.49112426e-01 1.19526627e-03 4.40236686e-01
 4.17751479e-01 0.00000000e+00 1.49704142e-01 4.15976331e-01
 2.15384615e-01 5.63313609e-02 5.10650888e-01 1.31952663e-01
 1.43786982e-01 3.10059172e-01 1.95857988e-01 4.28994083e-01
 1.68047337e-01 2.08284024e-01 2.97633136e-01 3.31360947e-01
 1.00000000e+00 5.33727811e-01 5.22485207e-01 4.18934911e-01
 6.68639053e-01 5.97633136e-01 6.68639053e-01 3.99408284e-01
 4.43195266e-01 6.09467456e-01 1.07692308e-01 2.53846154e-01
 9.76331361e-02 3.04733728e-01 2.60946746e-01 4.70414201e-02
 1.81656805e-02 6.50887574e-02 3.47928994e-02 2.91124260e-01
 1.62721893e-01 0.00000000e+00 1.07100592e-01 1.04142012e-02
 1.65088757e-01 0.00000000e+00 3.40236686e-01 1.37278107e-01
 0.00000000e+00 1.50887574e-01 1.36686391e-01 1.51479290e-01
 2.08284024e-01 6.03550296e-02 0.00000000e+00 7.04142012e-02
 0.00000000e+00 1.21893491e-01 0.00000000e+00 3.93491124e-02
 4.96449704e-01 2.72781065e-01 2.12426036e-01 2.79289941e-01
 1.14201183e-01 5.17159763e-01 4.82840237e-01 3.02366864e-01
 5.19526627e-02 4.18934911e-01 2.27218935e-01 3.09467456e-01
 8.81656805e-02 5.51479290e-02 0.00000000e+00 0.00000000e+00
 2.45562130e-01 2.04142012e-01 1.24852071e-01 8.75739645e-03
 8.16568047e-01 4.79881657e-01 3.01183432e-01 1.13609467e-01
 5.70414201e-01 2.87573964e-01 4.42011834e-01 3.20118343e-01
 4.08875740e-01 3.97633136e-01 7.27810651e-01 1.78698225e-01
 1.56804734e-01 5.89349112e-01 1.88165680e-01 6.15384615e-01
 5.05325444e-01 3.91715976e-01 4.08284024e-01 5.25443787e-01
 0.00000000e+00 0.00000000e+00 1.68047337e-01 2.12426036e-01
 0.00000000e+00 0.00000000e+00 1.87573964e-01 0.00000000e+00
 0.00000000e+00 0.00000000e+00 0.00000000e+00 0.00000000e+00
 0.00000000e+00 9.82248521e-02 0.00000000e+00 3.28402367e-01
 0.00000000e+00 0.00000000e+00 1.47928994e-01 0.00000000e+00
 0.00000000e+00 0.00000000e+00 0.00000000e+00 0.00000000e+00
 0.00000000e+00 2.14201183e-01 1.49704142e-02 3.86390533e-01
 0.00000000e+00 0.00000000e+00 3.86982249e-03 0.00000000e+00
 1.42011834e-01 0.00000000e+00 0.00000000e+00 0.00000000e+00
 0.00000000e+00 0.00000000e+00 0.00000000e+00 4.65088757e-02
 1.23668639e-01 0.00000000e+00 5.04733728e-04 2.01183432e-01
 0.00000000e+00 1.13017751e-01 4.82248521e-02 0.00000000e+00
 2.08875740e-01 0.00000000e+00 0.00000000e+00 0.00000000e+00
 2.60946746e-01 5.42603550e-02 0.00000000e+00 3.57988166e-02
 2.82248521e-01 1.10059172e-02 0.00000000e+00 0.00000000e+00
 3.88165680e-02 1.97633136e-01 1.79289941e-02 0.00000000e+00
 2.95857988e-01 4.30177515e-02 7.33727811e-02 0.00000000e+00
 0.00000000e+00 0.00000000e+00 0.00000000e+00 1.47337278e-01
 2.88757396e-01 1.43786982e-01 0.00000000e+00 0.00000000e+00
 0.00000000e+00 2.82840237e-01 0.00000000e+00 1.01775148e-01
 0.00000000e+00 1.34911243e-01 0.00000000e+00 2.03550296e-01
 1.01775148e-01 0.00000000e+00 3.66863905e-01 0.00000000e+00
 3.15384615e-01 0.00000000e+00 1.98224852e-02 0.00000000e+00
 0.00000000e+00 7.51479290e-02 1.56213018e-01 0.00000000e+00
 2.74556213e-01 0.00000000e+00 0.00000000e+00 0.00000000e+00]
pyseer
y_true:  [0. 0. 0. 0. 0. 0. 0. 0. 0. 0. 1. 1. 1. 1. 1. 1. 1. 1. 1. 1. 1. 1. 1. 1.
 1. 1. 1. 1. 1. 1. 0. 0. 0. 0. 0. 0. 0. 0. 0. 0. 0. 0. 0. 0. 0. 0. 0. 0.
 0. 0. 0. 0. 0. 0. 0. 0. 0. 0. 0. 0. 1. 1. 1. 1. 1. 1. 1. 1. 1. 1. 0. 0.
 0. 0. 0. 0. 0. 0. 0. 0. 1. 1. 1. 1. 1. 1. 1. 1. 1. 1. 1. 1. 1. 1. 1. 1.
 1. 1. 1. 1. 0. 0. 0. 0. 0. 0. 0. 0. 0. 0. 0. 0. 0. 0. 0. 0. 0. 0. 0. 0.
 0. 0. 0. 0. 0. 0. 0. 0. 0. 0. 0. 0. 0. 0. 0. 0. 0. 0. 0. 0. 0. 0. 0. 0.
 0. 0. 0. 0. 0. 0. 0. 0. 0. 0. 0. 0. 0. 0. 0. 0. 0. 0. 0. 0. 0. 0. 0. 0.
 0. 0. 0. 0. 0. 0. 0. 0. 0. 0. 0. 0. 0. 0. 0. 0. 0. 0. 0. 0. 0. 0. 0. 0.
 0. 0. 0. 0. 0. 0. 0. 0.]
y_pred:  [1. 1. 0. 1. 1. 0. 0. 1. 1. 0. 1. 0. 0. 1. 0. 1. 0. 1. 1. 1. 1. 1. 1. 1.
 1. 1. 1. 1. 1. 1. 0. 1. 0. 1. 1. 0. 0. 0. 0. 1. 0. 0. 0. 0. 0. 0. 1. 0.
 0. 0. 0. 0. 1. 0. 0. 0. 0. 0. 0. 0. 1. 1. 1. 1. 0. 1. 1. 1. 0. 1. 1. 1.
 0. 0. 0. 0. 1. 0. 0. 0. 1. 1. 1. 0. 1. 1. 1. 1. 1. 1. 1. 0. 0. 1. 0. 1.
 1. 1. 1. 1. 0. 0. 0. 1. 0. 0. 0. 0. 0. 0. 0. 0. 0. 0. 0. 1. 0. 0. 0. 0.
 0. 0. 0. 0. 0. 1. 0. 1. 0. 0. 0. 0. 0. 0. 0. 0. 0. 0. 0. 0. 0. 0. 0. 0.
 0. 0. 0. 0. 1. 0. 0. 0. 1. 0. 0. 0. 1. 0. 0. 0. 0. 0. 0. 0. 1. 0. 0. 0.
 0. 0. 0. 0. 1. 0. 0. 0. 0. 1. 0. 0. 0. 0. 0. 0. 0. 0. 1. 0. 1. 0. 0. 0.
 0. 0. 0. 0. 1. 0. 0. 0.]
Time taken: 23.82031273841858 seconds
Running combination 48 of 50
Fitting RandomForest...
Fitting Adaboost...
Fitting AdaBoost_2...
Fitting et...
Fitting gbc...
Fitting gbc_2...
Fitting gbc_3...
Fitting dt...
Fitting lr...
Fitting Lasso_1...
Fitting Lasso_2...
Fitting Lasso_3...
Fitting Lasso_4...
Fitting elasticnet...
VCF file created successfully.
pyseer stderr:  Read 1000 phenotypes
Detected continuous phenotype
Reading all variants

0variants [00:00, ?variants/s]
53variants [00:00, 529.90variants/s]
106variants [00:00, 468.96variants/s]
162variants [00:00, 504.12variants/s]
198variants [00:00, 508.37variants/s]
Applying correlation filtering

  0%|          | 0/198 [00:00<?, ?variants/s]
100%|██████████| 198/198 [00:00<00:00, 2716.14variants/s]
Fitting elastic net to top 148 variants
Best penalty (lambda) from cross-validation: 1.59E+01
Best R^2 from cross-validation: 0.511
Finding and printing selected variants
198 loaded variants
50 pre-filtered variants
148 tested variants
140 printed variants

True importance standardized:  [0.21859225 0.21859225 0.21859225 0.21859225 0.21859225 0.21859225
 0.21859225 0.21859225 0.21859225 0.21859225 0.67148382 0.67148382
 0.67148382 0.67148382 0.67148382 0.67148382 0.67148382 0.67148382
 0.67148382 0.67148382 0.54798631 0.54798631 0.54798631 0.54798631
 0.54798631 0.54798631 0.54798631 0.54798631 0.54798631 0.54798631
 0.81353095 0.81353095 0.81353095 0.81353095 0.81353095 0.81353095
 0.81353095 0.81353095 0.81353095 0.81353095 0.76645328 0.76645328
 0.76645328 0.76645328 0.76645328 0.76645328 0.76645328 0.76645328
 0.76645328 0.76645328 0.86950918 0.86950918 0.86950918 0.86950918
 0.86950918 0.86950918 0.86950918 0.86950918 0.86950918 0.86950918
 1.         1.         1.         1.         1.         1.
 1.         1.         1.         1.         0.14865877 0.14865877
 0.14865877 0.14865877 0.14865877 0.14865877 0.14865877 0.14865877
 0.14865877 0.14865877 0.56123657 0.56123657 0.56123657 0.56123657
 0.56123657 0.56123657 0.56123657 0.56123657 0.56123657 0.56123657
 0.52191194 0.52191194 0.52191194 0.52191194 0.52191194 0.52191194
 0.52191194 0.52191194 0.52191194 0.52191194 0.         0.
 0.         0.         0.         0.         0.         0.
 0.         0.         0.         0.         0.         0.
 0.         0.         0.         0.         0.         0.
 0.         0.         0.         0.         0.         0.
 0.         0.         0.         0.         0.         0.
 0.         0.         0.         0.         0.         0.
 0.         0.         0.         0.         0.         0.
 0.         0.         0.         0.         0.         0.
 0.         0.         0.         0.         0.         0.
 0.         0.         0.         0.         0.         0.
 0.         0.         0.         0.         0.         0.
 0.         0.         0.         0.         0.         0.
 0.         0.         0.         0.         0.         0.
 0.         0.         0.         0.         0.         0.
 0.         0.         0.         0.         0.         0.
 0.         0.         0.         0.         0.         0.
 0.         0.        ]
Normalized importance:  [0.         0.         0.         0.         0.03155055 0.
 0.         0.         0.         0.0703773  0.56382261 0.56382261
 0.56382261 0.56382261 0.56382261 0.56382261 0.56382261 0.56382261
 0.56382261 0.56382261 0.64914278 0.64914278 0.64914278 0.64914278
 0.64914278 0.64914278 0.64914278 0.64914278 0.64914278 0.64914278
 0.67374271 0.67374271 0.67374271 0.67374271 0.67374271 0.67374271
 0.67374271 0.67374271 0.67374271 0.67374271 0.48581844 0.48581844
 0.48581844 0.48581844 0.48581844 0.48581844 0.48581844 0.48581844
 0.48581844 0.48581844 0.79169373 0.79169373 0.79169373 0.79169373
 0.79169373 0.79169373 0.79169373 0.79169373 0.79169373 0.79169373
 1.         1.         1.         1.         1.         1.
 1.         1.         1.         1.         0.11586394 0.11586394
 0.11586394 0.11586394 0.11586394 0.11586394 0.11586394 0.11586394
 0.11586394 0.         0.23709346 0.23709346 0.23709346 0.23709346
 0.23709346 0.23709346 0.23709346 0.23709346 0.23709346 0.23709346
 0.3966096  0.3966096  0.3966096  0.3966096  0.3966096  0.3966096
 0.3966096  0.3966096  0.3966096  0.3966096  0.         0.
 0.03849594 0.         0.         0.         0.04009713 0.
 0.         0.         0.         0.         0.         0.02243648
 0.         0.         0.         0.         0.         0.01758969
 0.         0.         0.         0.         0.         0.
 0.         0.         0.         0.         0.         0.
 0.         0.         0.         0.         0.         0.
 0.         0.         0.         0.         0.         0.01458801
 0.         0.         0.05972643 0.         0.         0.
 0.         0.         0.         0.00968961 0.         0.00799465
 0.         0.         0.         0.         0.         0.
 0.         0.         0.         0.         0.         0.
 0.03292787 0.         0.         0.         0.         0.
 0.         0.         0.         0.03120534 0.         0.
 0.         0.         0.         0.         0.10478444 0.
 0.         0.         0.         0.         0.         0.
 0.         0.         0.         0.         0.         0.
 0.         0.        ]
deepbreaks
y_true:  [0. 0. 0. 0. 0. 0. 0. 0. 0. 0. 1. 1. 1. 1. 1. 1. 1. 1. 1. 1. 0. 0. 0. 0.
 0. 0. 0. 0. 0. 0. 1. 1. 1. 1. 1. 1. 1. 1. 1. 1. 1. 1. 1. 1. 1. 1. 1. 1.
 1. 1. 1. 1. 1. 1. 1. 1. 1. 1. 1. 1. 1. 1. 1. 1. 1. 1. 1. 1. 1. 1. 0. 0.
 0. 0. 0. 0. 0. 0. 0. 0. 0. 0. 0. 0. 0. 0. 0. 0. 0. 0. 0. 0. 0. 0. 0. 0.
 0. 0. 0. 0. 0. 0. 0. 0. 0. 0. 0. 0. 0. 0. 0. 0. 0. 0. 0. 0. 0. 0. 0. 0.
 0. 0. 0. 0. 0. 0. 0. 0. 0. 0. 0. 0. 0. 0. 0. 0. 0. 0. 0. 0. 0. 0. 0. 0.
 0. 0. 0. 0. 0. 0. 0. 0. 0. 0. 0. 0. 0. 0. 0. 0. 0. 0. 0. 0. 0. 0. 0. 0.
 0. 0. 0. 0. 0. 0. 0. 0. 0. 0. 0. 0. 0. 0. 0. 0. 0. 0. 0. 0. 0. 0. 0. 0.
 0. 0. 0. 0. 0. 0. 0. 0.]
y_pred:  [0. 0. 0. 0. 0. 0. 0. 0. 0. 0. 1. 1. 1. 1. 1. 1. 1. 1. 1. 1. 1. 1. 1. 1.
 1. 1. 1. 1. 1. 1. 1. 1. 1. 1. 1. 1. 1. 1. 1. 1. 1. 1. 1. 1. 1. 1. 1. 1.
 1. 1. 1. 1. 1. 1. 1. 1. 1. 1. 1. 1. 1. 1. 1. 1. 1. 1. 1. 1. 1. 1. 0. 0.
 0. 0. 0. 0. 0. 0. 0. 0. 0. 0. 0. 0. 0. 0. 0. 0. 0. 0. 0. 0. 0. 0. 0. 0.
 0. 0. 0. 0. 0. 0. 0. 0. 0. 0. 0. 0. 0. 0. 0. 0. 0. 0. 0. 0. 0. 0. 0. 0.
 0. 0. 0. 0. 0. 0. 0. 0. 0. 0. 0. 0. 0. 0. 0. 0. 0. 0. 0. 0. 0. 0. 0. 0.
 0. 0. 0. 0. 0. 0. 0. 0. 0. 0. 0. 0. 0. 0. 0. 0. 0. 0. 0. 0. 0. 0. 0. 0.
 0. 0. 0. 0. 0. 0. 0. 0. 0. 0. 0. 0. 0. 0. 0. 0. 0. 0. 0. 0. 0. 0. 0. 0.
 0. 0. 0. 0. 0. 0. 0. 0.]
Normalized importance:  [0.10632411 0.         0.22687747 0.00913043 0.13636364 0.
 0.         0.28142292 0.         0.6284585  0.77865613 0.25059289
 0.15098814 0.40316206 0.60869565 0.66007905 0.39920949 0.30988142
 0.49011858 0.31343874 0.72727273 0.28142292 0.27905138 0.21264822
 0.17509881 0.66798419 0.04505929 0.48221344 0.         0.33399209
 1.         0.79051383 0.39920949 0.59683794 0.05375494 0.41501976
 0.36916996 0.35731225 0.49407115 0.35849802 0.77865613 0.343083
 0.71541502 0.41897233 0.47826087 0.51383399 0.         0.17233202
 0.60079051 0.46640316 0.84980237 0.35454545 0.81422925 0.42687747
 0.66798419 0.58498024 0.27667984 0.57312253 0.18774704 0.21185771
 0.83399209 0.67193676 0.62450593 0.32371542 0.79051383 0.51778656
 0.47035573 0.75494071 0.24901186 0.39920949 0.29090909 0.17667984
 0.         0.45454545 0.32173913 0.01517787 0.2        0.40711462
 0.14743083 0.15928854 0.56916996 0.10434783 0.26442688 0.22055336
 0.23794466 0.38379447 0.27944664 0.49011858 0.52964427 0.10632411
 0.5770751  0.25889328 0.41501976 0.57312253 0.13794466 0.28142292
 0.34703557 0.55335968 0.46245059 0.1972332  0.         0.
 0.46245059 0.         0.08774704 0.15612648 0.26640316 0.
 0.16363636 0.         0.         0.         0.         0.34782609
 0.         0.         0.         0.06758893 0.08537549 0.39051383
 0.         0.28418972 0.         0.         0.33201581 0.22806324
 0.         0.         0.         0.03003953 0.1916996  0.
 0.11501976 0.         0.         0.03478261 0.         0.
 0.08893281 0.34229249 0.2541502  0.03992095 0.         0.29762846
 0.35335968 0.         0.50592885 0.         0.         0.
 0.56126482 0.         0.03383399 0.3284585  0.         0.12332016
 0.         0.19051383 0.07865613 0.46245059 0.24110672 0.11106719
 0.08418972 0.32332016 0.         0.         0.         0.
 0.15217391 0.04110672 0.20711462 0.14466403 0.02197628 0.
 0.         0.         0.         0.35454545 0.         0.28577075
 0.         0.06600791 0.         0.         0.55731225 0.
 0.         0.26521739 0.07628458 0.13478261 0.         0.
 0.         0.14782609 0.         0.         0.         0.
 0.         0.        ]
pyseer
y_true:  [0. 0. 0. 0. 0. 0. 0. 0. 0. 0. 1. 1. 1. 1. 1. 1. 1. 1. 1. 1. 0. 0. 0. 0.
 0. 0. 0. 0. 0. 0. 1. 1. 1. 1. 1. 1. 1. 1. 1. 1. 1. 1. 1. 1. 1. 1. 1. 1.
 1. 1. 1. 1. 1. 1. 1. 1. 1. 1. 1. 1. 1. 1. 1. 1. 1. 1. 1. 1. 1. 1. 0. 0.
 0. 0. 0. 0. 0. 0. 0. 0. 0. 0. 0. 0. 0. 0. 0. 0. 0. 0. 0. 0. 0. 0. 0. 0.
 0. 0. 0. 0. 0. 0. 0. 0. 0. 0. 0. 0. 0. 0. 0. 0. 0. 0. 0. 0. 0. 0. 0. 0.
 0. 0. 0. 0. 0. 0. 0. 0. 0. 0. 0. 0. 0. 0. 0. 0. 0. 0. 0. 0. 0. 0. 0. 0.
 0. 0. 0. 0. 0. 0. 0. 0. 0. 0. 0. 0. 0. 0. 0. 0. 0. 0. 0. 0. 0. 0. 0. 0.
 0. 0. 0. 0. 0. 0. 0. 0. 0. 0. 0. 0. 0. 0. 0. 0. 0. 0. 0. 0. 0. 0. 0. 0.
 0. 0. 0. 0. 0. 0. 0. 0.]
y_pred:  [0. 0. 0. 0. 0. 0. 0. 0. 0. 1. 1. 0. 0. 1. 1. 1. 1. 0. 1. 0. 1. 0. 0. 0.
 0. 1. 0. 1. 0. 1. 1. 1. 1. 1. 0. 1. 1. 1. 1. 1. 1. 1. 1. 1. 1. 1. 0. 0.
 1. 1. 1. 1. 1. 1. 1. 1. 0. 1. 0. 0. 1. 1. 1. 1. 1. 1. 1. 1. 0. 1. 0. 0.
 0. 1. 1. 0. 0. 1. 0. 0. 1. 0. 0. 0. 0. 1. 0. 1. 1. 0. 1. 0. 1. 1. 0. 0.
 1. 1. 1. 0. 0. 0. 1. 0. 0. 0. 0. 0. 0. 0. 0. 0. 0. 1. 0. 0. 0. 0. 0. 1.
 0. 0. 0. 0. 1. 0. 0. 0. 0. 0. 0. 0. 0. 0. 0. 0. 0. 0. 0. 1. 0. 0. 0. 0.
 1. 0. 1. 0. 0. 0. 1. 0. 0. 1. 0. 0. 0. 0. 0. 1. 0. 0. 0. 1. 0. 0. 0. 0.
 0. 0. 0. 0. 0. 0. 0. 0. 0. 1. 0. 0. 0. 0. 0. 0. 1. 0. 0. 0. 0. 0. 0. 0.
 0. 0. 0. 0. 0. 0. 0. 0.]
Time taken: 23.840676307678223 seconds
Running combination 49 of 50
Fitting RandomForest...
Fitting Adaboost...
Fitting AdaBoost_2...
Fitting et...
Fitting gbc...
Fitting gbc_2...
Fitting gbc_3...
Fitting dt...
Fitting lr...
Fitting Lasso_1...
Fitting Lasso_2...
Fitting Lasso_3...
Fitting Lasso_4...
Fitting elasticnet...
VCF file created successfully.
pyseer stderr:  Read 1000 phenotypes
Detected continuous phenotype
Reading all variants

0variants [00:00, ?variants/s]
54variants [00:00, 535.02variants/s]
108variants [00:00, 473.95variants/s]
164variants [00:00, 507.77variants/s]
198variants [00:00, 512.02variants/s]
Applying correlation filtering

  0%|          | 0/198 [00:00<?, ?variants/s]
100%|██████████| 198/198 [00:00<00:00, 2644.65variants/s]
Fitting elastic net to top 148 variants
Best penalty (lambda) from cross-validation: 2.49E+01
Best R^2 from cross-validation: 0.439
Finding and printing selected variants
198 loaded variants
50 pre-filtered variants
148 tested variants
135 printed variants

True importance standardized:  [0.5643591  0.5643591  0.5643591  0.5643591  0.5643591  0.5643591
 0.5643591  0.5643591  0.5643591  0.5643591  0.50911733 0.50911733
 0.50911733 0.50911733 0.50911733 0.50911733 0.50911733 0.50911733
 0.50911733 0.50911733 0.38481278 0.38481278 0.38481278 0.38481278
 0.38481278 0.38481278 0.38481278 0.38481278 0.38481278 0.38481278
 0.20445988 0.20445988 0.20445988 0.20445988 0.20445988 0.20445988
 0.20445988 0.20445988 0.20445988 0.20445988 0.1332738  0.1332738
 0.1332738  0.1332738  0.1332738  0.1332738  0.1332738  0.1332738
 0.1332738  0.1332738  0.59924765 0.59924765 0.59924765 0.59924765
 0.59924765 0.59924765 0.59924765 0.59924765 0.59924765 0.59924765
 1.         1.         1.         1.         1.         1.
 1.         1.         1.         1.         0.52597908 0.52597908
 0.52597908 0.52597908 0.52597908 0.52597908 0.52597908 0.52597908
 0.52597908 0.52597908 0.92510067 0.92510067 0.92510067 0.92510067
 0.92510067 0.92510067 0.92510067 0.92510067 0.92510067 0.92510067
 0.49724921 0.49724921 0.49724921 0.49724921 0.49724921 0.49724921
 0.49724921 0.49724921 0.49724921 0.49724921 0.         0.
 0.         0.         0.         0.         0.         0.
 0.         0.         0.         0.         0.         0.
 0.         0.         0.         0.         0.         0.
 0.         0.         0.         0.         0.         0.
 0.         0.         0.         0.         0.         0.
 0.         0.         0.         0.         0.         0.
 0.         0.         0.         0.         0.         0.
 0.         0.         0.         0.         0.         0.
 0.         0.         0.         0.         0.         0.
 0.         0.         0.         0.         0.         0.
 0.         0.         0.         0.         0.         0.
 0.         0.         0.         0.         0.         0.
 0.         0.         0.         0.         0.         0.
 0.         0.         0.         0.         0.         0.
 0.         0.         0.         0.         0.         0.
 0.         0.         0.         0.         0.         0.
 0.         0.        ]
Normalized importance:  [0.3167101  0.3167101  0.3167101  0.3167101  0.3167101  0.3167101
 0.3167101  0.3167101  0.3167101  0.3167101  0.4652886  0.4652886
 0.4652886  0.4652886  0.4652886  0.4652886  0.4652886  0.4652886
 0.4652886  0.4652886  0.24479733 0.24479733 0.24479733 0.24479733
 0.24479733 0.24479733 0.24479733 0.24479733 0.24479733 0.24479733
 0.0589805  0.0589805  0.         0.0589805  0.0589805  0.0589805
 0.0589805  0.0589805  0.0589805  0.0589805  0.         0.
 0.         0.00278127 0.         0.00646607 0.00413489 0.00911659
 0.         0.         0.28888503 0.28888503 0.28888503 0.28888503
 0.28888503 0.28888503 0.28888503 0.28888503 0.28888503 0.28888503
 0.95988421 0.95988421 0.95988421 0.95988421 0.95988421 0.95988421
 0.95988421 0.95988421 0.95988421 0.95988421 0.44525978 0.44525978
 0.44525978 0.44525978 0.44525978 0.44525978 0.44525978 0.44525978
 0.44525978 0.44525978 1.         1.         1.         1.
 1.         1.         1.         1.         1.         1.
 0.26434492 0.26434492 0.26434492 0.26434492 0.26434492 0.26434492
 0.26434492 0.26434492 0.26434492 0.26434492 0.         0.
 0.         0.         0.01206154 0.         0.         0.
 0.03092788 0.         0.         0.         0.         0.
 0.         0.         0.         0.         0.01199403 0.
 0.01733816 0.         0.         0.         0.         0.
 0.         0.         0.         0.         0.03663013 0.
 0.         0.         0.         0.03122012 0.         0.
 0.         0.         0.         0.         0.         0.
 0.01734942 0.         0.         0.         0.         0.
 0.         0.06378736 0.         0.         0.         0.
 0.         0.         0.         0.         0.         0.
 0.         0.         0.         0.         0.         0.
 0.         0.         0.         0.         0.         0.
 0.         0.         0.05815609 0.         0.02538112 0.
 0.         0.         0.         0.         0.         0.
 0.         0.         0.         0.         0.01985292 0.
 0.         0.         0.         0.         0.         0.
 0.         0.        ]
deepbreaks
y_true:  [1. 1. 1. 1. 1. 1. 1. 1. 1. 1. 0. 0. 0. 0. 0. 0. 0. 0. 0. 0. 0. 0. 0. 0.
 0. 0. 0. 0. 0. 0. 0. 0. 0. 0. 0. 0. 0. 0. 0. 0. 0. 0. 0. 0. 0. 0. 0. 0.
 0. 0. 1. 1. 1. 1. 1. 1. 1. 1. 1. 1. 1. 1. 1. 1. 1. 1. 1. 1. 1. 1. 1. 1.
 1. 1. 1. 1. 1. 1. 1. 1. 1. 1. 1. 1. 1. 1. 1. 1. 1. 1. 0. 0. 0. 0. 0. 0.
 0. 0. 0. 0. 0. 0. 0. 0. 0. 0. 0. 0. 0. 0. 0. 0. 0. 0. 0. 0. 0. 0. 0. 0.
 0. 0. 0. 0. 0. 0. 0. 0. 0. 0. 0. 0. 0. 0. 0. 0. 0. 0. 0. 0. 0. 0. 0. 0.
 0. 0. 0. 0. 0. 0. 0. 0. 0. 0. 0. 0. 0. 0. 0. 0. 0. 0. 0. 0. 0. 0. 0. 0.
 0. 0. 0. 0. 0. 0. 0. 0. 0. 0. 0. 0. 0. 0. 0. 0. 0. 0. 0. 0. 0. 0. 0. 0.
 0. 0. 0. 0. 0. 0. 0. 0.]
y_pred:  [1. 1. 1. 1. 1. 1. 1. 1. 1. 1. 1. 1. 1. 1. 1. 1. 1. 1. 1. 1. 0. 0. 0. 0.
 0. 0. 0. 0. 0. 0. 0. 0. 0. 0. 0. 0. 0. 0. 0. 0. 0. 0. 0. 0. 0. 0. 0. 0.
 0. 0. 1. 1. 1. 1. 1. 1. 1. 1. 1. 1. 1. 1. 1. 1. 1. 1. 1. 1. 1. 1. 1. 1.
 1. 1. 1. 1. 1. 1. 1. 1. 1. 1. 1. 1. 1. 1. 1. 1. 1. 1. 0. 0. 0. 0. 0. 0.
 0. 0. 0. 0. 0. 0. 0. 0. 0. 0. 0. 0. 0. 0. 0. 0. 0. 0. 0. 0. 0. 0. 0. 0.
 0. 0. 0. 0. 0. 0. 0. 0. 0. 0. 0. 0. 0. 0. 0. 0. 0. 0. 0. 0. 0. 0. 0. 0.
 0. 0. 0. 0. 0. 0. 0. 0. 0. 0. 0. 0. 0. 0. 0. 0. 0. 0. 0. 0. 0. 0. 0. 0.
 0. 0. 0. 0. 0. 0. 0. 0. 0. 0. 0. 0. 0. 0. 0. 0. 0. 0. 0. 0. 0. 0. 0. 0.
 0. 0. 0. 0. 0. 0. 0. 0.]
Normalized importance:  [0.44385027 0.18074866 0.39304813 0.60962567 0.         0.3342246
 0.24893048 0.4171123  0.         0.28877005 0.69518717 0.44385027
 0.38502674 0.04037433 0.32352941 0.31550802 0.64438503 0.
 0.5828877  0.21336898 0.36096257 0.         0.         0.18262032
 0.24572193 0.01334225 0.15802139 0.44652406 0.5855615  0.05106952
 0.21069519 0.31550802 0.13395722 0.1684492  0.04812834 0.07165775
 0.28877005 0.38502674 0.14652406 0.09090909 0.         0.
 0.         0.01906417 0.00411765 0.06336898 0.1368984  0.08716578
 0.02010695 0.         0.6684492  0.2342246  0.28074866 0.42245989
 0.47058824 0.12085561 0.39839572 0.0263369  0.         0.54545455
 1.         0.73529412 0.65508021 0.5        0.67112299 0.56684492
 0.45721925 0.15561497 0.52941176 0.51871658 0.63636364 0.47058824
 0.         0.54812834 0.56951872 0.28074866 0.0815508  0.1855615
 0.11390374 0.23796791 0.92245989 0.45989305 0.20213904 0.63636364
 0.74331551 0.40909091 0.30213904 0.51069519 0.69251337 0.56149733
 0.52941176 0.61497326 0.44919786 0.29144385 0.24438503 0.18716578
 0.         0.2342246  0.1657754  0.         0.         0.
 0.         0.         0.07005348 0.08636364 0.         0.
 0.10454545 0.30213904 0.08368984 0.22647059 0.         0.
 0.         0.20775401 0.         0.         0.24438503 0.
 0.03877005 0.         0.04625668 0.         0.015      0.
 0.         0.         0.17513369 0.36363636 0.38770053 0.04304813
 0.24411765 0.         0.         0.10775401 0.         0.
 0.         0.36898396 0.         0.         0.         0.20320856
 0.1355615  0.06684492 0.         0.         0.         0.
 0.12272727 0.27807487 0.         0.         0.         0.23983957
 0.         0.14465241 0.15347594 0.         0.         0.
 0.13502674 0.21604278 0.         0.08395722 0.16871658 0.20668449
 0.         0.19491979 0.14545455 0.         0.07112299 0.10641711
 0.         0.06176471 0.4171123  0.12085561 0.45454545 0.
 0.01382353 0.18101604 0.         0.         0.24946524 0.51069519
 0.09090909 0.         0.         0.         0.16417112 0.37700535
 0.         0.         0.21550802 0.         0.         0.15374332
 0.         0.        ]
pyseer
y_true:  [1. 1. 1. 1. 1. 1. 1. 1. 1. 1. 0. 0. 0. 0. 0. 0. 0. 0. 0. 0. 0. 0. 0. 0.
 0. 0. 0. 0. 0. 0. 0. 0. 0. 0. 0. 0. 0. 0. 0. 0. 0. 0. 0. 0. 0. 0. 0. 0.
 0. 0. 1. 1. 1. 1. 1. 1. 1. 1. 1. 1. 1. 1. 1. 1. 1. 1. 1. 1. 1. 1. 1. 1.
 1. 1. 1. 1. 1. 1. 1. 1. 1. 1. 1. 1. 1. 1. 1. 1. 1. 1. 0. 0. 0. 0. 0. 0.
 0. 0. 0. 0. 0. 0. 0. 0. 0. 0. 0. 0. 0. 0. 0. 0. 0. 0. 0. 0. 0. 0. 0. 0.
 0. 0. 0. 0. 0. 0. 0. 0. 0. 0. 0. 0. 0. 0. 0. 0. 0. 0. 0. 0. 0. 0. 0. 0.
 0. 0. 0. 0. 0. 0. 0. 0. 0. 0. 0. 0. 0. 0. 0. 0. 0. 0. 0. 0. 0. 0. 0. 0.
 0. 0. 0. 0. 0. 0. 0. 0. 0. 0. 0. 0. 0. 0. 0. 0. 0. 0. 0. 0. 0. 0. 0. 0.
 0. 0. 0. 0. 0. 0. 0. 0.]
y_pred:  [1. 0. 1. 1. 0. 1. 1. 1. 0. 1. 1. 1. 1. 0. 1. 1. 1. 0. 1. 0. 1. 0. 0. 0.
 1. 0. 0. 1. 1. 0. 0. 1. 0. 0. 0. 0. 1. 1. 0. 0. 0. 0. 0. 0. 0. 0. 0. 0.
 0. 0. 1. 0. 1. 1. 1. 0. 1. 0. 0. 1. 1. 1. 1. 1. 1. 1. 1. 0. 1. 1. 1. 1.
 0. 1. 1. 1. 0. 0. 0. 0. 1. 1. 0. 1. 1. 1. 1. 1. 1. 1. 1. 1. 1. 1. 1. 0.
 0. 0. 0. 0. 0. 0. 0. 0. 0. 0. 0. 0. 0. 1. 0. 0. 0. 0. 0. 0. 0. 0. 1. 0.
 0. 0. 0. 0. 0. 0. 0. 0. 0. 1. 1. 0. 1. 0. 0. 0. 0. 0. 0. 1. 0. 0. 0. 0.
 0. 0. 0. 0. 0. 0. 0. 1. 0. 0. 0. 1. 0. 0. 0. 0. 0. 0. 0. 0. 0. 0. 0. 0.
 0. 0. 0. 0. 0. 0. 0. 0. 1. 0. 1. 0. 0. 0. 0. 0. 1. 1. 0. 0. 0. 0. 0. 1.
 0. 0. 0. 0. 0. 0. 0. 0.]
Time taken: 23.15313959121704 seconds
Running combination 50 of 50
Fitting RandomForest...
Fitting Adaboost...
Fitting AdaBoost_2...
Fitting et...
Fitting gbc...
Fitting gbc_2...
Fitting gbc_3...
Fitting dt...
Fitting lr...
Fitting Lasso_1...
Fitting Lasso_2...
Fitting Lasso_3...
Fitting Lasso_4...
Fitting elasticnet...
VCF file created successfully.
pyseer stderr:  Read 1000 phenotypes
Detected continuous phenotype
Reading all variants

0variants [00:00, ?variants/s]
54variants [00:00, 538.55variants/s]
108variants [00:00, 476.04variants/s]
164variants [00:00, 510.25variants/s]
198variants [00:00, 514.67variants/s]
Applying correlation filtering

  0%|          | 0/198 [00:00<?, ?variants/s]
100%|██████████| 198/198 [00:00<00:00, 2667.32variants/s]
Fitting elastic net to top 148 variants
Best penalty (lambda) from cross-validation: 7.68E+01
Best R^2 from cross-validation: 0.462
Finding and printing selected variants
198 loaded variants
50 pre-filtered variants
148 tested variants
135 printed variants

True importance standardized:  [0.84450019 0.84450019 0.84450019 0.84450019 0.84450019 0.84450019
 0.84450019 0.84450019 0.84450019 0.84450019 0.22921047 0.22921047
 0.22921047 0.22921047 0.22921047 0.22921047 0.22921047 0.22921047
 0.22921047 0.22921047 0.83753331 0.83753331 0.83753331 0.83753331
 0.83753331 0.83753331 0.83753331 0.83753331 0.83753331 0.83753331
 0.92485765 0.92485765 0.92485765 0.92485765 0.92485765 0.92485765
 0.92485765 0.92485765 0.92485765 0.92485765 0.68071198 0.68071198
 0.68071198 0.68071198 0.68071198 0.68071198 0.68071198 0.68071198
 0.68071198 0.68071198 1.         1.         1.         1.
 1.         1.         1.         1.         1.         1.
 0.82319204 0.82319204 0.82319204 0.82319204 0.82319204 0.82319204
 0.82319204 0.82319204 0.82319204 0.82319204 0.50371794 0.50371794
 0.50371794 0.50371794 0.50371794 0.50371794 0.50371794 0.50371794
 0.50371794 0.50371794 0.2659444  0.2659444  0.2659444  0.2659444
 0.2659444  0.2659444  0.2659444  0.2659444  0.2659444  0.2659444
 0.96485933 0.96485933 0.96485933 0.96485933 0.96485933 0.96485933
 0.96485933 0.96485933 0.96485933 0.96485933 0.         0.
 0.         0.         0.         0.         0.         0.
 0.         0.         0.         0.         0.         0.
 0.         0.         0.         0.         0.         0.
 0.         0.         0.         0.         0.         0.
 0.         0.         0.         0.         0.         0.
 0.         0.         0.         0.         0.         0.
 0.         0.         0.         0.         0.         0.
 0.         0.         0.         0.         0.         0.
 0.         0.         0.         0.         0.         0.
 0.         0.         0.         0.         0.         0.
 0.         0.         0.         0.         0.         0.
 0.         0.         0.         0.         0.         0.
 0.         0.         0.         0.         0.         0.
 0.         0.         0.         0.         0.         0.
 0.         0.         0.         0.         0.         0.
 0.         0.         0.         0.         0.         0.
 0.         0.        ]
Normalized importance:  [0.76029392 0.76029392 0.76029392 0.76029392 0.76029392 0.76029392
 0.76029392 0.76029392 0.76029392 0.76029392 0.02269343 0.02269343
 0.02269343 0.         0.         0.         0.02269343 0.
 0.         0.02269343 0.7368906  0.7368906  0.7368906  0.7368906
 0.7368906  0.7368906  0.7368906  0.7368906  0.7368906  0.7368906
 0.74847237 0.74847237 0.74847237 0.74847237 0.74847237 0.74847237
 0.74847237 0.74847237 0.74847237 0.74847237 0.42004485 0.42004485
 0.42004485 0.42004485 0.42004485 0.42004485 0.42004485 0.42004485
 0.42004485 0.42004485 1.         1.         1.         1.
 1.         1.         1.         1.         1.         1.
 0.28685622 0.28685622 0.28685622 0.28685622 0.28685622 0.28685622
 0.28685622 0.28685622 0.28685622 0.28685622 0.13760404 0.13760404
 0.13760404 0.13760404 0.13760404 0.13760404 0.13760404 0.13760404
 0.13760404 0.13760404 0.04534397 0.04534397 0.04534397 0.
 0.04534397 0.04534397 0.04534397 0.04534397 0.04534397 0.04534397
 0.81389251 0.81389251 0.81389251 0.81389251 0.81389251 0.81389251
 0.81389251 0.81389251 0.81389251 0.81389251 0.         0.
 0.01596581 0.         0.         0.         0.         0.
 0.         0.01419284 0.02508398 0.         0.02791459 0.
 0.         0.         0.01671494 0.         0.00693128 0.
 0.         0.         0.         0.         0.         0.
 0.04203403 0.03844805 0.         0.         0.         0.
 0.         0.         0.         0.         0.         0.
 0.01512662 0.         0.         0.         0.         0.
 0.         0.         0.         0.         0.         0.
 0.         0.         0.         0.         0.         0.
 0.00660023 0.         0.         0.         0.         0.
 0.         0.         0.         0.         0.         0.
 0.         0.         0.         0.         0.         0.
 0.         0.         0.         0.         0.         0.
 0.         0.0405373  0.         0.         0.         0.01193808
 0.         0.         0.         0.         0.         0.
 0.         0.02243277 0.         0.         0.         0.
 0.         0.        ]
deepbreaks
y_true:  [1. 1. 1. 1. 1. 1. 1. 1. 1. 1. 0. 0. 0. 0. 0. 0. 0. 0. 0. 0. 1. 1. 1. 1.
 1. 1. 1. 1. 1. 1. 1. 1. 1. 1. 1. 1. 1. 1. 1. 1. 0. 0. 0. 0. 0. 0. 0. 0.
 0. 0. 1. 1. 1. 1. 1. 1. 1. 1. 1. 1. 0. 0. 0. 0. 0. 0. 0. 0. 0. 0. 0. 0.
 0. 0. 0. 0. 0. 0. 0. 0. 0. 0. 0. 0. 0. 0. 0. 0. 0. 0. 1. 1. 1. 1. 1. 1.
 1. 1. 1. 1. 0. 0. 0. 0. 0. 0. 0. 0. 0. 0. 0. 0. 0. 0. 0. 0. 0. 0. 0. 0.
 0. 0. 0. 0. 0. 0. 0. 0. 0. 0. 0. 0. 0. 0. 0. 0. 0. 0. 0. 0. 0. 0. 0. 0.
 0. 0. 0. 0. 0. 0. 0. 0. 0. 0. 0. 0. 0. 0. 0. 0. 0. 0. 0. 0. 0. 0. 0. 0.
 0. 0. 0. 0. 0. 0. 0. 0. 0. 0. 0. 0. 0. 0. 0. 0. 0. 0. 0. 0. 0. 0. 0. 0.
 0. 0. 0. 0. 0. 0. 0. 0.]
y_pred:  [1. 1. 1. 1. 1. 1. 1. 1. 1. 1. 0. 0. 0. 0. 0. 0. 0. 0. 0. 0. 1. 1. 1. 1.
 1. 1. 1. 1. 1. 1. 1. 1. 1. 1. 1. 1. 1. 1. 1. 1. 1. 1. 1. 1. 1. 1. 1. 1.
 1. 1. 1. 1. 1. 1. 1. 1. 1. 1. 1. 1. 0. 0. 0. 0. 0. 0. 0. 0. 0. 0. 0. 0.
 0. 0. 0. 0. 0. 0. 0. 0. 0. 0. 0. 0. 0. 0. 0. 0. 0. 0. 1. 1. 1. 1. 1. 1.
 1. 1. 1. 1. 0. 0. 0. 0. 0. 0. 0. 0. 0. 0. 0. 0. 0. 0. 0. 0. 0. 0. 0. 0.
 0. 0. 0. 0. 0. 0. 0. 0. 0. 0. 0. 0. 0. 0. 0. 0. 0. 0. 0. 0. 0. 0. 0. 0.
 0. 0. 0. 0. 0. 0. 0. 0. 0. 0. 0. 0. 0. 0. 0. 0. 0. 0. 0. 0. 0. 0. 0. 0.
 0. 0. 0. 0. 0. 0. 0. 0. 0. 0. 0. 0. 0. 0. 0. 0. 0. 0. 0. 0. 0. 0. 0. 0.
 0. 0. 0. 0. 0. 0. 0. 0.]
Normalized importance:  [6.27868852e-01 3.89344262e-01 1.00819672e-01 1.67213115e-01
 4.92622951e-01 7.13114754e-01 5.67213115e-01 3.09836066e-01
 5.62295082e-01 5.86065574e-01 0.00000000e+00 3.87704918e-01
 8.36065574e-02 0.00000000e+00 0.00000000e+00 0.00000000e+00
 4.03278689e-01 1.17213115e-01 0.00000000e+00 2.72950820e-01
 9.91803279e-01 2.80327869e-01 5.75409836e-02 3.66393443e-01
 2.34426230e-01 7.73770492e-01 1.41803279e-01 3.96721311e-01
 5.81967213e-01 8.27868852e-01 9.83606557e-01 4.50000000e-01
 4.48360656e-01 5.55737705e-01 6.45901639e-01 4.53278689e-01
 7.17213115e-01 1.49180328e-01 4.42622951e-01 2.95081967e-02
 6.19672131e-01 4.27049180e-01 4.40983607e-02 2.04918033e-01
 5.68852459e-02 6.53278689e-01 3.32786885e-01 3.44262295e-01
 4.95081967e-01 3.73770492e-01 7.92622951e-01 3.32786885e-01
 7.26229508e-01 2.69672131e-01 1.07377049e-01 5.19672131e-01
 1.62295082e-01 6.45901639e-01 7.09016393e-01 1.00000000e+00
 6.86065574e-01 6.15573770e-03 1.44262295e-01 6.05737705e-01
 0.00000000e+00 5.00819672e-01 4.89344262e-01 1.05737705e-01
 6.44262295e-01 3.68852459e-01 3.54098361e-01 1.68032787e-01
 0.00000000e+00 3.52459016e-03 5.85245902e-01 6.33606557e-01
 2.89344262e-01 2.84426230e-01 2.90163934e-02 3.87704918e-01
 4.08196721e-02 2.44262295e-01 0.00000000e+00 0.00000000e+00
 0.00000000e+00 3.05737705e-01 4.80327869e-01 1.01639344e-01
 0.00000000e+00 5.78688525e-01 7.50000000e-01 7.06557377e-01
 3.45901639e-01 0.00000000e+00 2.45081967e-01 8.60655738e-01
 5.54098361e-01 3.22950820e-01 3.97540984e-01 7.38524590e-01
 0.00000000e+00 3.16393443e-01 2.17213115e-01 0.00000000e+00
 0.00000000e+00 0.00000000e+00 0.00000000e+00 2.15573770e-01
 0.00000000e+00 3.81147541e-01 7.15573770e-01 8.44262295e-02
 6.11475410e-01 0.00000000e+00 0.00000000e+00 0.00000000e+00
 2.79508197e-01 3.82786885e-01 1.66393443e-01 4.00819672e-01
 2.96721311e-01 2.64754098e-01 0.00000000e+00 3.47540984e-01
 0.00000000e+00 1.54098361e-01 5.77049180e-01 6.10655738e-01
 0.00000000e+00 1.03278689e-01 0.00000000e+00 2.32786885e-01
 1.61475410e-01 0.00000000e+00 0.00000000e+00 0.00000000e+00
 0.00000000e+00 3.52459016e-01 4.37704918e-01 0.00000000e+00
 1.48360656e-01 0.00000000e+00 2.66393443e-01 4.88524590e-01
 9.59016393e-04 0.00000000e+00 0.00000000e+00 2.18032787e-01
 0.00000000e+00 1.22131148e-01 0.00000000e+00 0.00000000e+00
 0.00000000e+00 0.00000000e+00 3.83606557e-01 9.01639344e-02
 8.44262295e-02 0.00000000e+00 0.00000000e+00 0.00000000e+00
 0.00000000e+00 0.00000000e+00 0.00000000e+00 4.58196721e-02
 4.31147541e-01 0.00000000e+00 7.77868852e-02 2.11475410e-01
 0.00000000e+00 1.02459016e-01 2.25409836e-01 0.00000000e+00
 0.00000000e+00 0.00000000e+00 0.00000000e+00 0.00000000e+00
 0.00000000e+00 1.40983607e-01 0.00000000e+00 0.00000000e+00
 0.00000000e+00 3.47540984e-01 2.05737705e-01 0.00000000e+00
 0.00000000e+00 0.00000000e+00 3.18852459e-01 4.27868852e-01
 0.00000000e+00 2.27868852e-01 2.45901639e-01 3.46721311e-01
 0.00000000e+00 3.02459016e-01 0.00000000e+00 1.81147541e-01
 0.00000000e+00 0.00000000e+00 0.00000000e+00 0.00000000e+00]
pyseer
y_true:  [1. 1. 1. 1. 1. 1. 1. 1. 1. 1. 0. 0. 0. 0. 0. 0. 0. 0. 0. 0. 1. 1. 1. 1.
 1. 1. 1. 1. 1. 1. 1. 1. 1. 1. 1. 1. 1. 1. 1. 1. 0. 0. 0. 0. 0. 0. 0. 0.
 0. 0. 1. 1. 1. 1. 1. 1. 1. 1. 1. 1. 0. 0. 0. 0. 0. 0. 0. 0. 0. 0. 0. 0.
 0. 0. 0. 0. 0. 0. 0. 0. 0. 0. 0. 0. 0. 0. 0. 0. 0. 0. 1. 1. 1. 1. 1. 1.
 1. 1. 1. 1. 0. 0. 0. 0. 0. 0. 0. 0. 0. 0. 0. 0. 0. 0. 0. 0. 0. 0. 0. 0.
 0. 0. 0. 0. 0. 0. 0. 0. 0. 0. 0. 0. 0. 0. 0. 0. 0. 0. 0. 0. 0. 0. 0. 0.
 0. 0. 0. 0. 0. 0. 0. 0. 0. 0. 0. 0. 0. 0. 0. 0. 0. 0. 0. 0. 0. 0. 0. 0.
 0. 0. 0. 0. 0. 0. 0. 0. 0. 0. 0. 0. 0. 0. 0. 0. 0. 0. 0. 0. 0. 0. 0. 0.
 0. 0. 0. 0. 0. 0. 0. 0.]
y_pred:  [1. 1. 0. 0. 1. 1. 1. 0. 1. 1. 0. 1. 0. 0. 0. 0. 1. 0. 0. 0. 1. 0. 0. 1.
 0. 1. 0. 1. 1. 1. 1. 1. 1. 1. 1. 1. 1. 0. 1. 0. 1. 1. 0. 0. 0. 1. 0. 0.
 1. 1. 1. 0. 1. 0. 0. 1. 0. 1. 1. 1. 1. 0. 0. 1. 0. 1. 1. 0. 1. 1. 1. 0.
 0. 0. 1. 1. 0. 0. 0. 1. 0. 0. 0. 0. 0. 0. 1. 0. 0. 1. 1. 1. 0. 0. 0. 1.
 1. 0. 1. 1. 0. 0. 0. 0. 0. 0. 0. 0. 0. 1. 1. 0. 1. 0. 0. 0. 0. 1. 0. 1.
 0. 0. 0. 1. 0. 0. 1. 1. 0. 0. 0. 0. 0. 0. 0. 0. 0. 1. 1. 0. 0. 0. 0. 1.
 0. 0. 0. 0. 0. 0. 0. 0. 0. 0. 1. 0. 0. 0. 0. 0. 0. 0. 0. 0. 1. 0. 0. 0.
 0. 0. 0. 0. 0. 0. 0. 0. 0. 0. 0. 0. 0. 1. 0. 0. 0. 0. 0. 1. 0. 0. 0. 1.
 0. 0. 0. 0. 0. 0. 0. 0.]
Time taken: 30.23498296737671 seconds
