Number of combinations:  50
Running combination 1 of 50
Fitting RandomForest...
Fitting Adaboost...
Fitting AdaBoost_2...
Fitting et...
Fitting gbc...
Fitting gbc_2...
Fitting gbc_3...
Fitting dt...
Fitting lr...
Fitting Lasso_1...
Fitting Lasso_2...
Fitting Lasso_3...
Fitting Lasso_4...
Fitting elasticnet...
VCF file created successfully.
pyseer stderr:  Read 1000 phenotypes
Detected continuous phenotype
Reading all variants

0variants [00:00, ?variants/s]
51variants [00:00, 503.36variants/s]
102variants [00:00, 453.01variants/s]
157variants [00:00, 492.81variants/s]
198variants [00:00, 497.93variants/s]
Applying correlation filtering

  0%|          | 0/198 [00:00<?, ?variants/s]
100%|██████████| 198/198 [00:00<00:00, 2589.17variants/s]
Fitting elastic net to top 148 variants
Best penalty (lambda) from cross-validation: 2.38E+01
Best R^2 from cross-validation: 0.466
Finding and printing selected variants
198 loaded variants
50 pre-filtered variants
148 tested variants
137 printed variants

True importance standardized:  [0.47051217 0.47051217 0.47051217 0.47051217 0.47051217 0.47051217
 0.47051217 0.47051217 0.47051217 0.44067251 0.44067251 0.44067251
 0.44067251 0.44067251 0.44067251 0.44067251 0.44067251 0.44067251
 0.82606302 0.82606302 0.82606302 0.82606302 0.82606302 0.82606302
 0.82606302 0.82606302 0.82606302 0.39930297 0.39930297 0.39930297
 0.39930297 0.39930297 0.39930297 0.39930297 0.39930297 0.39930297
 1.         1.         1.         1.         1.         1.
 1.         1.         1.         0.17994053 0.17994053 0.17994053
 0.17994053 0.17994053 0.17994053 0.17994053 0.17994053 0.17994053
 0.91306642 0.91306642 0.91306642 0.91306642 0.91306642 0.91306642
 0.91306642 0.91306642 0.91306642 0.94156289 0.94156289 0.94156289
 0.94156289 0.94156289 0.94156289 0.94156289 0.94156289 0.94156289
 0.40151997 0.40151997 0.40151997 0.40151997 0.40151997 0.40151997
 0.40151997 0.40151997 0.40151997 0.21390106 0.21390106 0.21390106
 0.21390106 0.21390106 0.21390106 0.21390106 0.21390106 0.21390106
 0.         0.         0.         0.         0.         0.
 0.         0.         0.         0.         0.         0.
 0.         0.         0.         0.         0.         0.
 0.         0.         0.         0.         0.         0.
 0.         0.         0.         0.         0.         0.
 0.         0.         0.         0.         0.         0.
 0.         0.         0.         0.         0.         0.
 0.         0.         0.         0.         0.         0.
 0.         0.         0.         0.         0.         0.
 0.         0.         0.         0.         0.         0.
 0.         0.         0.         0.         0.         0.
 0.         0.         0.         0.         0.         0.
 0.         0.         0.         0.         0.         0.
 0.         0.         0.         0.         0.         0.
 0.         0.         0.         0.         0.         0.
 0.         0.         0.         0.         0.         0.
 0.         0.         0.         0.         0.         0.
 0.         0.         0.         0.         0.         0.
 0.         0.        ]
Normalized importance:  [0.1949317  0.1949317  0.1949317  0.1949317  0.1949317  0.1949317
 0.1949317  0.1949317  0.1949317  0.29585916 0.29585916 0.29585916
 0.29585916 0.29585916 0.29585916 0.29585916 0.29585916 0.29585916
 0.74031998 0.74031998 0.74031998 0.74031998 0.74031998 0.74031998
 0.74031998 0.74031998 0.74031998 0.2292699  0.2292699  0.2292699
 0.2292699  0.2292699  0.2292699  0.2292699  0.2292699  0.2292699
 1.         1.         1.         1.         1.         1.
 1.         1.         1.         0.         0.09404076 0.
 0.         0.04644465 0.         0.         0.         0.
 0.9991323  0.9991323  0.9991323  0.9991323  0.9991323  0.9991323
 0.9991323  0.9991323  0.9991323  0.84143763 0.84143763 0.84143763
 0.84143763 0.84143763 0.84143763 0.84143763 0.84143763 0.84143763
 0.29367938 0.29367938 0.29367938 0.29367938 0.29367938 0.29367938
 0.29367938 0.29367938 0.29367938 0.05799023 0.05799023 0.
 0.05799023 0.05799023 0.05799023 0.         0.05799023 0.05799023
 0.         0.         0.         0.         0.         0.
 0.         0.         0.01289422 0.         0.         0.02038434
 0.         0.         0.01728058 0.01300658 0.         0.
 0.         0.         0.         0.         0.         0.
 0.         0.         0.         0.         0.         0.
 0.         0.         0.         0.         0.         0.
 0.         0.         0.08915244 0.11761892 0.         0.
 0.00997161 0.         0.         0.         0.         0.
 0.00964594 0.04021161 0.         0.         0.         0.
 0.         0.02180715 0.         0.02655928 0.         0.02699452
 0.         0.         0.         0.         0.         0.
 0.         0.         0.         0.00774932 0.         0.02558021
 0.         0.         0.         0.         0.         0.
 0.         0.         0.         0.         0.         0.
 0.         0.         0.06486332 0.         0.         0.
 0.         0.01204342 0.         0.         0.         0.
 0.         0.         0.         0.         0.         0.
 0.02321576 0.         0.         0.         0.         0.
 0.         0.        ]
deepbreaks
y_true:  [1. 1. 1. 1. 1. 1. 1. 1. 1. 0. 0. 0. 0. 0. 0. 0. 0. 0. 1. 1. 1. 1. 1. 1.
 1. 1. 1. 0. 0. 0. 0. 0. 0. 0. 0. 0. 1. 1. 1. 1. 1. 1. 1. 1. 1. 0. 0. 0.
 0. 0. 0. 0. 0. 0. 1. 1. 1. 1. 1. 1. 1. 1. 1. 1. 1. 1. 1. 1. 1. 1. 1. 1.
 0. 0. 0. 0. 0. 0. 0. 0. 0. 0. 0. 0. 0. 0. 0. 0. 0. 0. 0. 0. 0. 0. 0. 0.
 0. 0. 0. 0. 0. 0. 0. 0. 0. 0. 0. 0. 0. 0. 0. 0. 0. 0. 0. 0. 0. 0. 0. 0.
 0. 0. 0. 0. 0. 0. 0. 0. 0. 0. 0. 0. 0. 0. 0. 0. 0. 0. 0. 0. 0. 0. 0. 0.
 0. 0. 0. 0. 0. 0. 0. 0. 0. 0. 0. 0. 0. 0. 0. 0. 0. 0. 0. 0. 0. 0. 0. 0.
 0. 0. 0. 0. 0. 0. 0. 0. 0. 0. 0. 0. 0. 0. 0. 0. 0. 0. 0. 0. 0. 0. 0. 0.
 0. 0. 0. 0. 0. 0. 0. 0.]
y_pred:  [0. 0. 0. 0. 0. 0. 0. 0. 0. 1. 1. 1. 1. 1. 1. 1. 1. 1. 1. 1. 1. 1. 1. 1.
 1. 1. 1. 0. 0. 0. 0. 0. 0. 0. 0. 0. 1. 1. 1. 1. 1. 1. 1. 1. 1. 0. 0. 0.
 0. 0. 0. 0. 0. 0. 1. 1. 1. 1. 1. 1. 1. 1. 1. 1. 1. 1. 1. 1. 1. 1. 1. 1.
 1. 1. 1. 1. 1. 1. 1. 1. 1. 0. 0. 0. 0. 0. 0. 0. 0. 0. 0. 0. 0. 0. 0. 0.
 0. 0. 0. 0. 0. 0. 0. 0. 0. 0. 0. 0. 0. 0. 0. 0. 0. 0. 0. 0. 0. 0. 0. 0.
 0. 0. 0. 0. 0. 0. 0. 0. 0. 0. 0. 0. 0. 0. 0. 0. 0. 0. 0. 0. 0. 0. 0. 0.
 0. 0. 0. 0. 0. 0. 0. 0. 0. 0. 0. 0. 0. 0. 0. 0. 0. 0. 0. 0. 0. 0. 0. 0.
 0. 0. 0. 0. 0. 0. 0. 0. 0. 0. 0. 0. 0. 0. 0. 0. 0. 0. 0. 0. 0. 0. 0. 0.
 0. 0. 0. 0. 0. 0. 0. 0.]
Normalized importance:  [0.57105943 0.41860465 0.54780362 0.21162791 0.41602067 0.
 0.29198966 0.12428941 0.13307494 0.51679587 0.29198966 0.30490956
 0.20826873 0.16976744 0.16692506 0.44444444 0.26098191 0.19819121
 0.65891473 0.62273902 0.52713178 0.03979328 0.34366925 0.43927649
 0.6873385  0.52971576 0.19509044 0.57105943 0.01126615 0.47286822
 0.10103359 0.46511628 0.         0.36950904 0.39534884 0.01591731
 1.         0.12093023 0.29198966 0.19379845 0.59431525 0.66925065
 0.64082687 0.51421189 0.88372093 0.02739018 0.03540052 0.0881137
 0.17235142 0.39276486 0.18062016 0.11524548 0.18087855 0.2997416
 0.83979328 0.36175711 0.45736434 0.61757106 0.25813953 0.60981912
 0.57622739 0.42377261 0.58914729 0.81912145 0.52971576 0.64857881
 0.66149871 0.42894057 0.57364341 0.65891473 0.2374677  0.31782946
 0.41343669 0.14392765 0.42118863 0.08372093 0.42894057 0.23824289
 0.11834625 0.05452196 0.41343669 0.10465116 0.         0.08139535
 0.11498708 0.28682171 0.42118863 0.07777778 0.07777778 0.
 0.         0.37984496 0.         0.15684755 0.0149354  0.
 0.1622739  0.21627907 0.26873385 0.         0.         0.10981912
 0.         0.30490956 0.03850129 0.14677003 0.         0.01372093
 0.         0.15788114 0.         0.00857881 0.1498708  0.
 0.         0.         0.         0.26614987 0.         0.05090439
 0.35658915 0.         0.         0.08501292 0.17338501 0.
 0.38242894 0.         0.49354005 0.41343669 0.         0.
 0.1118863  0.         0.36692506 0.         0.         0.
 0.         0.44444444 0.         0.         0.         0.24857881
 0.         0.15245478 0.02739018 0.08423773 0.         0.27390181
 0.         0.         0.         0.40568475 0.         0.09457364
 0.18139535 0.06149871 0.         0.         0.         0.43152455
 0.         0.         0.03385013 0.         0.         0.
 0.         0.35142119 0.05090439 0.         0.         0.
 0.0751938  0.         0.53488372 0.         0.         0.26614987
 0.20956072 0.18423773 0.         0.1625323  0.28165375 0.02351421
 0.         0.05090439 0.         0.         0.06976744 0.
 0.42377261 0.34108527 0.         0.2377261  0.         0.
 0.         0.        ]
pyseer
y_true:  [1. 1. 1. 1. 1. 1. 1. 1. 1. 0. 0. 0. 0. 0. 0. 0. 0. 0. 1. 1. 1. 1. 1. 1.
 1. 1. 1. 0. 0. 0. 0. 0. 0. 0. 0. 0. 1. 1. 1. 1. 1. 1. 1. 1. 1. 0. 0. 0.
 0. 0. 0. 0. 0. 0. 1. 1. 1. 1. 1. 1. 1. 1. 1. 1. 1. 1. 1. 1. 1. 1. 1. 1.
 0. 0. 0. 0. 0. 0. 0. 0. 0. 0. 0. 0. 0. 0. 0. 0. 0. 0. 0. 0. 0. 0. 0. 0.
 0. 0. 0. 0. 0. 0. 0. 0. 0. 0. 0. 0. 0. 0. 0. 0. 0. 0. 0. 0. 0. 0. 0. 0.
 0. 0. 0. 0. 0. 0. 0. 0. 0. 0. 0. 0. 0. 0. 0. 0. 0. 0. 0. 0. 0. 0. 0. 0.
 0. 0. 0. 0. 0. 0. 0. 0. 0. 0. 0. 0. 0. 0. 0. 0. 0. 0. 0. 0. 0. 0. 0. 0.
 0. 0. 0. 0. 0. 0. 0. 0. 0. 0. 0. 0. 0. 0. 0. 0. 0. 0. 0. 0. 0. 0. 0. 0.
 0. 0. 0. 0. 0. 0. 0. 0.]
y_pred:  [1. 1. 1. 0. 1. 0. 1. 0. 0. 1. 1. 1. 0. 0. 0. 1. 0. 0. 1. 1. 1. 0. 1. 1.
 1. 1. 0. 1. 0. 1. 0. 1. 0. 1. 1. 0. 1. 0. 1. 0. 1. 1. 1. 1. 1. 0. 0. 0.
 0. 1. 0. 0. 0. 1. 1. 1. 1. 1. 0. 1. 1. 1. 1. 1. 1. 1. 1. 1. 1. 1. 0. 1.
 1. 0. 1. 0. 1. 0. 0. 0. 1. 0. 0. 0. 0. 1. 1. 0. 0. 0. 0. 1. 0. 0. 0. 0.
 0. 0. 1. 0. 0. 0. 0. 1. 0. 0. 0. 0. 0. 0. 0. 0. 0. 0. 0. 0. 0. 0. 0. 0.
 1. 0. 0. 0. 0. 0. 1. 0. 1. 1. 0. 0. 0. 0. 1. 0. 0. 0. 0. 1. 0. 0. 0. 0.
 0. 0. 0. 0. 0. 1. 0. 0. 0. 1. 0. 0. 0. 0. 0. 0. 0. 1. 0. 0. 0. 0. 0. 0.
 0. 1. 0. 0. 0. 0. 0. 0. 1. 0. 0. 0. 0. 0. 0. 0. 1. 0. 0. 0. 0. 0. 0. 0.
 1. 1. 0. 0. 0. 0. 0. 0.]
Time taken: 35.270235538482666 seconds
Running combination 2 of 50
Fitting RandomForest...
Fitting Adaboost...
Fitting AdaBoost_2...
Fitting et...
Fitting gbc...
Fitting gbc_2...
Fitting gbc_3...
Fitting dt...
Fitting lr...
Fitting Lasso_1...
Fitting Lasso_2...
Fitting Lasso_3...
Fitting Lasso_4...
Fitting elasticnet...
VCF file created successfully.
pyseer stderr:  Read 1000 phenotypes
Detected continuous phenotype
Reading all variants

0variants [00:00, ?variants/s]
54variants [00:00, 537.05variants/s]
108variants [00:00, 428.95variants/s]
164variants [00:00, 478.50variants/s]
198variants [00:00, 486.80variants/s]
Applying correlation filtering

  0%|          | 0/198 [00:00<?, ?variants/s]
100%|██████████| 198/198 [00:00<00:00, 2648.63variants/s]
Fitting elastic net to top 148 variants
Best penalty (lambda) from cross-validation: 5.52E+01
Best R^2 from cross-validation: 0.440
Finding and printing selected variants
198 loaded variants
50 pre-filtered variants
148 tested variants
139 printed variants

True importance standardized:  [1.         1.         1.         1.         1.         1.
 1.         1.         1.         0.94866191 0.94866191 0.94866191
 0.94866191 0.94866191 0.94866191 0.94866191 0.94866191 0.94866191
 0.91558438 0.91558438 0.91558438 0.91558438 0.91558438 0.91558438
 0.91558438 0.91558438 0.91558438 0.71039154 0.71039154 0.71039154
 0.71039154 0.71039154 0.71039154 0.71039154 0.71039154 0.71039154
 0.55725886 0.55725886 0.55725886 0.55725886 0.55725886 0.55725886
 0.55725886 0.55725886 0.55725886 0.40615206 0.40615206 0.40615206
 0.40615206 0.40615206 0.40615206 0.40615206 0.40615206 0.40615206
 0.70324327 0.70324327 0.70324327 0.70324327 0.70324327 0.70324327
 0.70324327 0.70324327 0.70324327 0.76106583 0.76106583 0.76106583
 0.76106583 0.76106583 0.76106583 0.76106583 0.76106583 0.76106583
 0.28045286 0.28045286 0.28045286 0.28045286 0.28045286 0.28045286
 0.28045286 0.28045286 0.28045286 0.25525527 0.25525527 0.25525527
 0.25525527 0.25525527 0.25525527 0.25525527 0.25525527 0.25525527
 0.         0.         0.         0.         0.         0.
 0.         0.         0.         0.         0.         0.
 0.         0.         0.         0.         0.         0.
 0.         0.         0.         0.         0.         0.
 0.         0.         0.         0.         0.         0.
 0.         0.         0.         0.         0.         0.
 0.         0.         0.         0.         0.         0.
 0.         0.         0.         0.         0.         0.
 0.         0.         0.         0.         0.         0.
 0.         0.         0.         0.         0.         0.
 0.         0.         0.         0.         0.         0.
 0.         0.         0.         0.         0.         0.
 0.         0.         0.         0.         0.         0.
 0.         0.         0.         0.         0.         0.
 0.         0.         0.         0.         0.         0.
 0.         0.         0.         0.         0.         0.
 0.         0.         0.         0.         0.         0.
 0.         0.         0.         0.         0.         0.
 0.         0.        ]
Normalized importance:  [0.97473992 0.97473992 0.97473992 0.97473992 0.97473992 0.97473992
 0.97473992 0.97473992 0.97473992 1.         1.         1.
 1.         1.         1.         1.         1.         1.
 0.76600225 0.76600225 0.76600225 0.76600225 0.76600225 0.76600225
 0.76600225 0.76600225 0.76600225 0.36996913 0.36996913 0.36996913
 0.36996913 0.36996913 0.36996913 0.36996913 0.36996913 0.36996913
 0.35064975 0.35064975 0.35064975 0.35064975 0.35064975 0.35064975
 0.35064975 0.35064975 0.35064975 0.43990657 0.43990657 0.43990657
 0.43990657 0.43990657 0.43990657 0.43990657 0.43990657 0.43990657
 0.50119653 0.50119653 0.50119653 0.50119653 0.50119653 0.50119653
 0.50119653 0.50119653 0.50119653 0.53536647 0.53536647 0.53536647
 0.53536647 0.53536647 0.53536647 0.53536647 0.53536647 0.53536647
 0.04597493 0.         0.         0.04597493 0.04597493 0.
 0.04597493 0.04597493 0.04597493 0.07463346 0.07463346 0.07463346
 0.07463346 0.07463346 0.         0.07463346 0.07463346 0.07463346
 0.         0.         0.         0.         0.         0.
 0.         0.03107023 0.         0.         0.         0.
 0.         0.         0.         0.         0.         0.
 0.         0.         0.         0.         0.         0.
 0.         0.         0.01126958 0.         0.         0.02307504
 0.         0.         0.         0.00749813 0.00925737 0.01007755
 0.0872914  0.         0.         0.         0.         0.
 0.         0.         0.         0.         0.         0.
 0.         0.         0.         0.         0.         0.
 0.         0.         0.         0.         0.         0.
 0.         0.         0.         0.         0.         0.
 0.         0.         0.         0.         0.         0.
 0.         0.         0.03414616 0.         0.         0.
 0.00781087 0.03087328 0.         0.         0.         0.
 0.         0.         0.         0.         0.         0.
 0.00647414 0.         0.         0.         0.         0.
 0.         0.03319929 0.0101576  0.         0.02200263 0.
 0.         0.         0.         0.         0.         0.
 0.         0.        ]
deepbreaks
y_true:  [1. 1. 1. 1. 1. 1. 1. 1. 1. 1. 1. 1. 1. 1. 1. 1. 1. 1. 1. 1. 1. 1. 1. 1.
 1. 1. 1. 1. 1. 1. 1. 1. 1. 1. 1. 1. 0. 0. 0. 0. 0. 0. 0. 0. 0. 0. 0. 0.
 0. 0. 0. 0. 0. 0. 0. 0. 0. 0. 0. 0. 0. 0. 0. 1. 1. 1. 1. 1. 1. 1. 1. 1.
 0. 0. 0. 0. 0. 0. 0. 0. 0. 0. 0. 0. 0. 0. 0. 0. 0. 0. 0. 0. 0. 0. 0. 0.
 0. 0. 0. 0. 0. 0. 0. 0. 0. 0. 0. 0. 0. 0. 0. 0. 0. 0. 0. 0. 0. 0. 0. 0.
 0. 0. 0. 0. 0. 0. 0. 0. 0. 0. 0. 0. 0. 0. 0. 0. 0. 0. 0. 0. 0. 0. 0. 0.
 0. 0. 0. 0. 0. 0. 0. 0. 0. 0. 0. 0. 0. 0. 0. 0. 0. 0. 0. 0. 0. 0. 0. 0.
 0. 0. 0. 0. 0. 0. 0. 0. 0. 0. 0. 0. 0. 0. 0. 0. 0. 0. 0. 0. 0. 0. 0. 0.
 0. 0. 0. 0. 0. 0. 0. 0.]
y_pred:  [1. 1. 1. 1. 1. 1. 1. 1. 1. 1. 1. 1. 1. 1. 1. 1. 1. 1. 1. 1. 1. 1. 1. 1.
 1. 1. 1. 0. 0. 0. 0. 0. 0. 0. 0. 0. 0. 0. 0. 0. 0. 0. 0. 0. 0. 1. 1. 1.
 1. 1. 1. 1. 1. 1. 1. 1. 1. 1. 1. 1. 1. 1. 1. 1. 1. 1. 1. 1. 1. 1. 1. 1.
 0. 0. 0. 0. 0. 0. 0. 0. 0. 0. 0. 0. 0. 0. 0. 0. 0. 0. 0. 0. 0. 0. 0. 0.
 0. 0. 0. 0. 0. 0. 0. 0. 0. 0. 0. 0. 0. 0. 0. 0. 0. 0. 0. 0. 0. 0. 0. 0.
 0. 0. 0. 0. 0. 0. 0. 0. 0. 0. 0. 0. 0. 0. 0. 0. 0. 0. 0. 0. 0. 0. 0. 0.
 0. 0. 0. 0. 0. 0. 0. 0. 0. 0. 0. 0. 0. 0. 0. 0. 0. 0. 0. 0. 0. 0. 0. 0.
 0. 0. 0. 0. 0. 0. 0. 0. 0. 0. 0. 0. 0. 0. 0. 0. 0. 0. 0. 0. 0. 0. 0. 0.
 0. 0. 0. 0. 0. 0. 0. 0.]
Normalized importance:  [0.91542289 0.38930348 0.58333333 0.38059701 0.62313433 0.61940299
 0.57338308 0.46641791 0.44651741 0.89676617 0.40920398 0.03967662
 0.89427861 0.40547264 0.62810945 0.58457711 0.53606965 0.36567164
 1.         0.5920398  0.44651741 0.04303483 0.31965174 0.57338308
 0.46641791 0.80721393 0.23880597 0.74129353 0.56716418 0.35199005
 0.67661692 0.27114428 0.23756219 0.00330846 0.53358209 0.289801
 0.49004975 0.1778607  0.50248756 0.46766169 0.60199005 0.33457711
 0.16915423 0.         0.47885572 0.37064677 0.12437811 0.44776119
 0.37935323 0.1579602  0.12686567 0.36069652 0.28482587 0.65174129
 0.59079602 0.49875622 0.47885572 0.60447761 0.49378109 0.35199005
 0.08121891 0.14054726 0.26865672 0.75497512 0.18656716 0.09925373
 0.20522388 0.3619403  0.         0.6778607  0.58208955 0.57835821
 0.10895522 0.21393035 0.         0.01766169 0.         0.
 0.29850746 0.25248756 0.51492537 0.15671642 0.16542289 0.20895522
 0.31343284 0.27736318 0.27238806 0.20895522 0.45646766 0.4800995
 0.         0.         0.         0.         0.         0.
 0.         0.5659204  0.32462687 0.         0.40547264 0.
 0.27238806 0.         0.         0.         0.         0.
 0.39054726 0.         0.29353234 0.07748756 0.         0.42537313
 0.210199   0.17661692 0.32587065 0.09676617 0.         0.50870647
 0.         0.         0.02574627 0.03432836 0.2039801  0.33208955
 0.4738806  0.41293532 0.29228856 0.3358209  0.         0.05833333
 0.         0.         0.         0.1039801  0.         0.10945274
 0.         0.         0.         0.         0.10385572 0.
 0.2300995  0.         0.         0.         0.13681592 0.
 0.04191542 0.         0.         0.03781095 0.         0.15174129
 0.16915423 0.         0.19154229 0.08482587 0.14800995 0.25746269
 0.210199   0.18781095 0.40174129 0.         0.41044776 0.29228856
 0.29726368 0.24129353 0.58830846 0.25995025 0.         0.
 0.         0.         0.         0.         0.         0.
 0.25124378 0.04353234 0.         0.         0.         0.
 0.         0.26865672 0.1579602  0.12686567 0.56716418 0.0409204
 0.         0.02226368 0.         0.         0.14552239 0.23134328
 0.         0.        ]
pyseer
y_true:  [1. 1. 1. 1. 1. 1. 1. 1. 1. 1. 1. 1. 1. 1. 1. 1. 1. 1. 1. 1. 1. 1. 1. 1.
 1. 1. 1. 1. 1. 1. 1. 1. 1. 1. 1. 1. 0. 0. 0. 0. 0. 0. 0. 0. 0. 0. 0. 0.
 0. 0. 0. 0. 0. 0. 0. 0. 0. 0. 0. 0. 0. 0. 0. 1. 1. 1. 1. 1. 1. 1. 1. 1.
 0. 0. 0. 0. 0. 0. 0. 0. 0. 0. 0. 0. 0. 0. 0. 0. 0. 0. 0. 0. 0. 0. 0. 0.
 0. 0. 0. 0. 0. 0. 0. 0. 0. 0. 0. 0. 0. 0. 0. 0. 0. 0. 0. 0. 0. 0. 0. 0.
 0. 0. 0. 0. 0. 0. 0. 0. 0. 0. 0. 0. 0. 0. 0. 0. 0. 0. 0. 0. 0. 0. 0. 0.
 0. 0. 0. 0. 0. 0. 0. 0. 0. 0. 0. 0. 0. 0. 0. 0. 0. 0. 0. 0. 0. 0. 0. 0.
 0. 0. 0. 0. 0. 0. 0. 0. 0. 0. 0. 0. 0. 0. 0. 0. 0. 0. 0. 0. 0. 0. 0. 0.
 0. 0. 0. 0. 0. 0. 0. 0.]
y_pred:  [1. 1. 1. 1. 1. 1. 1. 1. 1. 1. 1. 0. 1. 1. 1. 1. 1. 1. 1. 1. 1. 0. 1. 1.
 1. 1. 0. 1. 1. 1. 1. 0. 0. 0. 1. 0. 1. 0. 1. 1. 1. 1. 0. 0. 1. 1. 0. 1.
 1. 0. 0. 1. 0. 1. 1. 1. 1. 1. 1. 1. 0. 0. 0. 1. 0. 0. 0. 1. 0. 1. 1. 1.
 0. 0. 0. 0. 0. 0. 0. 0. 1. 0. 0. 0. 1. 0. 0. 0. 1. 1. 0. 0. 0. 0. 0. 0.
 0. 1. 1. 0. 1. 0. 0. 0. 0. 0. 0. 0. 1. 0. 0. 0. 0. 1. 0. 0. 1. 0. 0. 1.
 0. 0. 0. 0. 0. 1. 1. 1. 0. 1. 0. 0. 0. 0. 0. 0. 0. 0. 0. 0. 0. 0. 0. 0.
 0. 0. 0. 0. 0. 0. 0. 0. 0. 0. 0. 0. 0. 0. 0. 0. 0. 0. 0. 0. 1. 0. 1. 0.
 0. 0. 1. 0. 0. 0. 0. 0. 0. 0. 0. 0. 0. 0. 0. 0. 0. 0. 0. 0. 0. 0. 1. 0.
 0. 0. 0. 0. 0. 0. 0. 0.]
Time taken: 24.79207968711853 seconds
Running combination 3 of 50
Fitting RandomForest...
Fitting Adaboost...
Fitting AdaBoost_2...
Fitting et...
Fitting gbc...
Fitting gbc_2...
Fitting gbc_3...
Fitting dt...
Fitting lr...
Fitting Lasso_1...
Fitting Lasso_2...
Fitting Lasso_3...
Fitting Lasso_4...
Fitting elasticnet...
VCF file created successfully.
pyseer stderr:  Read 1000 phenotypes
Detected continuous phenotype
Reading all variants

0variants [00:00, ?variants/s]
54variants [00:00, 535.07variants/s]
108variants [00:00, 471.95variants/s]
163variants [00:00, 501.61variants/s]
198variants [00:00, 506.21variants/s]
Applying correlation filtering

  0%|          | 0/198 [00:00<?, ?variants/s]
100%|██████████| 198/198 [00:00<00:00, 2483.38variants/s]
Fitting elastic net to top 148 variants
Best penalty (lambda) from cross-validation: 2.31E+01
Best R^2 from cross-validation: 0.506
Finding and printing selected variants
198 loaded variants
50 pre-filtered variants
148 tested variants
137 printed variants

True importance standardized:  [0.62200748 0.62200748 0.62200748 0.62200748 0.62200748 0.62200748
 0.62200748 0.62200748 0.62200748 0.77662761 0.77662761 0.77662761
 0.77662761 0.77662761 0.77662761 0.77662761 0.77662761 0.77662761
 1.         1.         1.         1.         1.         1.
 1.         1.         1.         0.7698875  0.7698875  0.7698875
 0.7698875  0.7698875  0.7698875  0.7698875  0.7698875  0.7698875
 0.29083055 0.29083055 0.29083055 0.29083055 0.29083055 0.29083055
 0.29083055 0.29083055 0.29083055 0.67948148 0.67948148 0.67948148
 0.67948148 0.67948148 0.67948148 0.67948148 0.67948148 0.67948148
 0.2194638  0.2194638  0.2194638  0.2194638  0.2194638  0.2194638
 0.2194638  0.2194638  0.2194638  0.54599377 0.54599377 0.54599377
 0.54599377 0.54599377 0.54599377 0.54599377 0.54599377 0.54599377
 0.18101091 0.18101091 0.18101091 0.18101091 0.18101091 0.18101091
 0.18101091 0.18101091 0.18101091 0.75337002 0.75337002 0.75337002
 0.75337002 0.75337002 0.75337002 0.75337002 0.75337002 0.75337002
 0.         0.         0.         0.         0.         0.
 0.         0.         0.         0.         0.         0.
 0.         0.         0.         0.         0.         0.
 0.         0.         0.         0.         0.         0.
 0.         0.         0.         0.         0.         0.
 0.         0.         0.         0.         0.         0.
 0.         0.         0.         0.         0.         0.
 0.         0.         0.         0.         0.         0.
 0.         0.         0.         0.         0.         0.
 0.         0.         0.         0.         0.         0.
 0.         0.         0.         0.         0.         0.
 0.         0.         0.         0.         0.         0.
 0.         0.         0.         0.         0.         0.
 0.         0.         0.         0.         0.         0.
 0.         0.         0.         0.         0.         0.
 0.         0.         0.         0.         0.         0.
 0.         0.         0.         0.         0.         0.
 0.         0.         0.         0.         0.         0.
 0.         0.        ]
Normalized importance:  [0.40710506 0.40710506 0.40710506 0.40710506 0.40710506 0.40710506
 0.40710506 0.40710506 0.40710506 0.73421641 0.73421641 0.73421641
 0.73421641 0.73421641 0.73421641 0.73421641 0.73421641 0.73421641
 1.         1.         1.         1.         1.         1.
 1.         1.         1.         0.44477014 0.44477014 0.44477014
 0.44477014 0.44477014 0.44477014 0.44477014 0.44477014 0.44477014
 0.1017788  0.1017788  0.1017788  0.         0.1017788  0.1017788
 0.         0.1017788  0.1017788  0.33452545 0.33452545 0.33452545
 0.33452545 0.33452545 0.33452545 0.33452545 0.33452545 0.33452545
 0.09048681 0.09048681 0.09048681 0.09048681 0.09048681 0.09048681
 0.09048681 0.09048681 0.09048681 0.61014931 0.61014931 0.61014931
 0.61014931 0.61014931 0.61014931 0.61014931 0.61014931 0.61014931
 0.         0.         0.         0.         0.         0.
 0.         0.         0.         0.54255487 0.54255487 0.54255487
 0.54255487 0.54255487 0.54255487 0.54255487 0.54255487 0.54255487
 0.         0.01580167 0.         0.         0.         0.
 0.         0.         0.         0.         0.         0.
 0.02908436 0.02230839 0.         0.         0.         0.
 0.05458635 0.         0.         0.         0.         0.
 0.         0.         0.         0.         0.         0.
 0.         0.         0.         0.         0.         0.
 0.         0.         0.         0.         0.         0.
 0.         0.         0.         0.         0.         0.
 0.         0.         0.         0.         0.         0.
 0.         0.         0.         0.04656822 0.         0.
 0.         0.         0.         0.         0.         0.
 0.         0.         0.         0.         0.         0.
 0.         0.         0.         0.         0.         0.
 0.         0.         0.         0.         0.         0.
 0.01431809 0.02005038 0.         0.         0.         0.
 0.         0.         0.         0.         0.         0.
 0.         0.         0.         0.         0.         0.
 0.         0.         0.         0.         0.         0.
 0.         0.        ]
deepbreaks
y_true:  [0. 0. 0. 0. 0. 0. 0. 0. 0. 1. 1. 1. 1. 1. 1. 1. 1. 1. 1. 1. 1. 1. 1. 1.
 1. 1. 1. 1. 1. 1. 1. 1. 1. 1. 1. 1. 0. 0. 0. 0. 0. 0. 0. 0. 0. 1. 1. 1.
 1. 1. 1. 1. 1. 1. 0. 0. 0. 0. 0. 0. 0. 0. 0. 0. 0. 0. 0. 0. 0. 0. 0. 0.
 0. 0. 0. 0. 0. 0. 0. 0. 0. 1. 1. 1. 1. 1. 1. 1. 1. 1. 0. 0. 0. 0. 0. 0.
 0. 0. 0. 0. 0. 0. 0. 0. 0. 0. 0. 0. 0. 0. 0. 0. 0. 0. 0. 0. 0. 0. 0. 0.
 0. 0. 0. 0. 0. 0. 0. 0. 0. 0. 0. 0. 0. 0. 0. 0. 0. 0. 0. 0. 0. 0. 0. 0.
 0. 0. 0. 0. 0. 0. 0. 0. 0. 0. 0. 0. 0. 0. 0. 0. 0. 0. 0. 0. 0. 0. 0. 0.
 0. 0. 0. 0. 0. 0. 0. 0. 0. 0. 0. 0. 0. 0. 0. 0. 0. 0. 0. 0. 0. 0. 0. 0.
 0. 0. 0. 0. 0. 0. 0. 0.]
y_pred:  [0. 0. 0. 0. 0. 0. 0. 0. 0. 1. 1. 1. 1. 1. 1. 1. 1. 1. 1. 1. 1. 1. 1. 1.
 1. 1. 1. 1. 1. 1. 1. 1. 1. 1. 1. 1. 0. 0. 0. 0. 0. 0. 0. 0. 0. 0. 0. 0.
 0. 0. 0. 0. 0. 0. 0. 0. 0. 0. 0. 0. 0. 0. 0. 1. 1. 1. 1. 1. 1. 1. 1. 1.
 0. 0. 0. 0. 0. 0. 0. 0. 0. 1. 1. 1. 1. 1. 1. 1. 1. 1. 0. 0. 0. 0. 0. 0.
 0. 0. 0. 0. 0. 0. 0. 0. 0. 0. 0. 0. 0. 0. 0. 0. 0. 0. 0. 0. 0. 0. 0. 0.
 0. 0. 0. 0. 0. 0. 0. 0. 0. 0. 0. 0. 0. 0. 0. 0. 0. 0. 0. 0. 0. 0. 0. 0.
 0. 0. 0. 0. 0. 0. 0. 0. 0. 0. 0. 0. 0. 0. 0. 0. 0. 0. 0. 0. 0. 0. 0. 0.
 0. 0. 0. 0. 0. 0. 0. 0. 0. 0. 0. 0. 0. 0. 0. 0. 0. 0. 0. 0. 0. 0. 0. 0.
 0. 0. 0. 0. 0. 0. 0. 0.]
Normalized importance:  [0.63004484 0.52914798 0.5044843  0.28251121 0.30269058 0.28026906
 0.31165919 0.24663677 0.24663677 0.84529148 0.6838565  0.04730942
 0.31165919 0.30717489 0.63004484 0.35426009 0.65470852 0.2264574
 1.         0.62331839 0.60089686 0.0926009  0.50896861 0.71973094
 0.6793722  0.51121076 0.4955157  0.64125561 0.45964126 0.47533632
 0.39910314 0.10336323 0.41928251 0.41928251 0.23991031 0.56502242
 0.29820628 0.03946188 0.08520179 0.00834081 0.11950673 0.17331839
 0.05426009 0.49775785 0.21434978 0.63004484 0.49103139 0.39237668
 0.42600897 0.17130045 0.23766816 0.46188341 0.61434978 0.
 0.25560538 0.28923767 0.40358744 0.         0.34529148 0.
 0.06816143 0.1690583  0.         0.80044843 0.35201794 0.33856502
 0.62556054 0.30044843 0.04820628 0.36547085 0.34304933 0.40807175
 0.40134529 0.10941704 0.         0.         0.         0.13004484
 0.08161435 0.04170404 0.         0.88340807 0.56278027 0.12130045
 0.22331839 0.30717489 0.49103139 0.62107623 0.50896861 0.12152466
 0.25560538 0.27130045 0.02421525 0.         0.19080717 0.
 0.07331839 0.         0.22040359 0.         0.         0.16479821
 0.34977578 0.367713   0.19170404 0.25560538 0.         0.
 0.38565022 0.         0.         0.09461883 0.         0.06233184
 0.         0.         0.13139013 0.12331839 0.04506726 0.09035874
 0.         0.14192825 0.         0.         0.         0.34529148
 0.01311659 0.         0.         0.         0.08744395 0.
 0.         0.20134529 0.13183857 0.         0.         0.
 0.06681614 0.18497758 0.         0.         0.         0.0155157
 0.         0.2029148  0.01479821 0.41704036 0.         0.
 0.19349776 0.14147982 0.18991031 0.         0.23991031 0.06547085
 0.04372197 0.         0.02331839 0.         0.08766816 0.0293722
 0.         0.02735426 0.         0.12802691 0.         0.
 0.31390135 0.         0.         0.         0.06300448 0.
 0.31390135 0.07443946 0.24215247 0.         0.13878924 0.
 0.         0.0105157  0.14955157 0.09125561 0.         0.14013453
 0.         0.         0.16569507 0.         0.         0.
 0.         0.13565022 0.24663677 0.         0.02892377 0.
 0.         0.        ]
pyseer
y_true:  [0. 0. 0. 0. 0. 0. 0. 0. 0. 1. 1. 1. 1. 1. 1. 1. 1. 1. 1. 1. 1. 1. 1. 1.
 1. 1. 1. 1. 1. 1. 1. 1. 1. 1. 1. 1. 0. 0. 0. 0. 0. 0. 0. 0. 0. 1. 1. 1.
 1. 1. 1. 1. 1. 1. 0. 0. 0. 0. 0. 0. 0. 0. 0. 0. 0. 0. 0. 0. 0. 0. 0. 0.
 0. 0. 0. 0. 0. 0. 0. 0. 0. 1. 1. 1. 1. 1. 1. 1. 1. 1. 0. 0. 0. 0. 0. 0.
 0. 0. 0. 0. 0. 0. 0. 0. 0. 0. 0. 0. 0. 0. 0. 0. 0. 0. 0. 0. 0. 0. 0. 0.
 0. 0. 0. 0. 0. 0. 0. 0. 0. 0. 0. 0. 0. 0. 0. 0. 0. 0. 0. 0. 0. 0. 0. 0.
 0. 0. 0. 0. 0. 0. 0. 0. 0. 0. 0. 0. 0. 0. 0. 0. 0. 0. 0. 0. 0. 0. 0. 0.
 0. 0. 0. 0. 0. 0. 0. 0. 0. 0. 0. 0. 0. 0. 0. 0. 0. 0. 0. 0. 0. 0. 0. 0.
 0. 0. 0. 0. 0. 0. 0. 0.]
y_pred:  [1. 1. 1. 1. 1. 1. 1. 1. 1. 1. 1. 0. 1. 1. 1. 1. 1. 0. 1. 1. 1. 0. 1. 1.
 1. 1. 1. 1. 1. 1. 1. 0. 1. 1. 0. 1. 1. 0. 0. 0. 0. 0. 0. 1. 0. 1. 1. 1.
 1. 0. 0. 1. 1. 0. 1. 1. 1. 0. 1. 0. 0. 0. 0. 1. 1. 1. 1. 1. 0. 1. 1. 1.
 1. 0. 0. 0. 0. 0. 0. 0. 0. 1. 1. 0. 0. 1. 1. 1. 1. 0. 1. 1. 0. 0. 0. 0.
 0. 0. 0. 0. 0. 0. 1. 1. 0. 1. 0. 0. 1. 0. 0. 0. 0. 0. 0. 0. 0. 0. 0. 0.
 0. 0. 0. 0. 0. 1. 0. 0. 0. 0. 0. 0. 0. 0. 0. 0. 0. 0. 0. 0. 0. 0. 0. 0.
 0. 0. 0. 1. 0. 0. 0. 0. 0. 0. 0. 0. 0. 0. 0. 0. 0. 0. 0. 0. 0. 0. 0. 0.
 1. 0. 0. 0. 0. 0. 1. 0. 0. 0. 0. 0. 0. 0. 0. 0. 0. 0. 0. 0. 0. 0. 0. 0.
 0. 0. 1. 0. 0. 0. 0. 0.]
Time taken: 23.953078269958496 seconds
Running combination 4 of 50
Fitting RandomForest...
Fitting Adaboost...
Fitting AdaBoost_2...
Fitting et...
Fitting gbc...
Fitting gbc_2...
Fitting gbc_3...
Fitting dt...
Fitting lr...
Fitting Lasso_1...
Fitting Lasso_2...
Fitting Lasso_3...
Fitting Lasso_4...
Fitting elasticnet...
VCF file created successfully.
pyseer stderr:  Read 1000 phenotypes
Detected continuous phenotype
Reading all variants

0variants [00:00, ?variants/s]
49variants [00:00, 486.42variants/s]
98variants [00:00, 452.05variants/s]
153variants [00:00, 493.62variants/s]
198variants [00:00, 499.50variants/s]
Applying correlation filtering

  0%|          | 0/198 [00:00<?, ?variants/s]
100%|██████████| 198/198 [00:00<00:00, 2657.06variants/s]
Fitting elastic net to top 148 variants
Best penalty (lambda) from cross-validation: 3.72E+01
Best R^2 from cross-validation: 0.484
Finding and printing selected variants
198 loaded variants
50 pre-filtered variants
148 tested variants
132 printed variants

True importance standardized:  [0.88037124 0.88037124 0.88037124 0.88037124 0.88037124 0.88037124
 0.88037124 0.88037124 0.88037124 0.75730795 0.75730795 0.75730795
 0.75730795 0.75730795 0.75730795 0.75730795 0.75730795 0.75730795
 0.7359298  0.7359298  0.7359298  0.7359298  0.7359298  0.7359298
 0.7359298  0.7359298  0.7359298  0.65778174 0.65778174 0.65778174
 0.65778174 0.65778174 0.65778174 0.65778174 0.65778174 0.65778174
 0.32789433 0.32789433 0.32789433 0.32789433 0.32789433 0.32789433
 0.32789433 0.32789433 0.32789433 0.5689488  0.5689488  0.5689488
 0.5689488  0.5689488  0.5689488  0.5689488  0.5689488  0.5689488
 0.20324199 0.20324199 0.20324199 0.20324199 0.20324199 0.20324199
 0.20324199 0.20324199 0.20324199 1.         1.         1.
 1.         1.         1.         1.         1.         1.
 0.31261233 0.31261233 0.31261233 0.31261233 0.31261233 0.31261233
 0.31261233 0.31261233 0.31261233 0.7068746  0.7068746  0.7068746
 0.7068746  0.7068746  0.7068746  0.7068746  0.7068746  0.7068746
 0.         0.         0.         0.         0.         0.
 0.         0.         0.         0.         0.         0.
 0.         0.         0.         0.         0.         0.
 0.         0.         0.         0.         0.         0.
 0.         0.         0.         0.         0.         0.
 0.         0.         0.         0.         0.         0.
 0.         0.         0.         0.         0.         0.
 0.         0.         0.         0.         0.         0.
 0.         0.         0.         0.         0.         0.
 0.         0.         0.         0.         0.         0.
 0.         0.         0.         0.         0.         0.
 0.         0.         0.         0.         0.         0.
 0.         0.         0.         0.         0.         0.
 0.         0.         0.         0.         0.         0.
 0.         0.         0.         0.         0.         0.
 0.         0.         0.         0.         0.         0.
 0.         0.         0.         0.         0.         0.
 0.         0.         0.         0.         0.         0.
 0.         0.        ]
Normalized importance:  [1.         1.         1.         1.         1.         1.
 1.         1.         1.         0.34163272 0.34163272 0.34163272
 0.34163272 0.34163272 0.34163272 0.34163272 0.34163272 0.34163272
 0.43932711 0.43932711 0.43932711 0.43932711 0.43932711 0.43932711
 0.43932711 0.43932711 0.43932711 0.62991891 0.62991891 0.62991891
 0.62991891 0.62991891 0.62991891 0.62991891 0.62991891 0.62991891
 0.17862801 0.17862801 0.17862801 0.17862801 0.17862801 0.17862801
 0.17862801 0.17862801 0.17862801 0.16278241 0.16278241 0.16278241
 0.16278241 0.16278241 0.16278241 0.16278241 0.16278241 0.16278241
 0.05582804 0.05582804 0.05582804 0.05582804 0.05582804 0.05582804
 0.05582804 0.05582804 0.         0.99759694 0.99759694 0.99759694
 0.99759694 0.99759694 0.99759694 0.99759694 0.99759694 0.99759694
 0.03062105 0.         0.03062105 0.03062105 0.03062105 0.03062105
 0.03062105 0.03062105 0.         0.45794495 0.45794495 0.45794495
 0.45794495 0.45794495 0.45794495 0.45794495 0.45794495 0.45794495
 0.         0.         0.         0.         0.         0.04565234
 0.00847901 0.         0.         0.         0.         0.
 0.01349622 0.         0.         0.         0.         0.03339648
 0.         0.         0.         0.         0.         0.
 0.         0.         0.01017996 0.02130907 0.         0.
 0.         0.         0.         0.         0.         0.
 0.         0.         0.         0.         0.         0.00884111
 0.         0.         0.         0.         0.         0.
 0.         0.         0.         0.         0.         0.
 0.         0.         0.         0.         0.06522763 0.
 0.         0.         0.         0.0128742  0.         0.
 0.         0.         0.         0.         0.         0.
 0.         0.04944684 0.         0.         0.         0.01002262
 0.         0.         0.         0.         0.02362131 0.
 0.         0.         0.00897987 0.         0.         0.
 0.         0.         0.         0.         0.         0.
 0.         0.         0.         0.         0.         0.
 0.         0.         0.         0.         0.02259359 0.
 0.         0.        ]
deepbreaks
y_true:  [1. 1. 1. 1. 1. 1. 1. 1. 1. 1. 1. 1. 1. 1. 1. 1. 1. 1. 1. 1. 1. 1. 1. 1.
 1. 1. 1. 0. 0. 0. 0. 0. 0. 0. 0. 0. 0. 0. 0. 0. 0. 0. 0. 0. 0. 0. 0. 0.
 0. 0. 0. 0. 0. 0. 0. 0. 0. 0. 0. 0. 0. 0. 0. 1. 1. 1. 1. 1. 1. 1. 1. 1.
 0. 0. 0. 0. 0. 0. 0. 0. 0. 1. 1. 1. 1. 1. 1. 1. 1. 1. 0. 0. 0. 0. 0. 0.
 0. 0. 0. 0. 0. 0. 0. 0. 0. 0. 0. 0. 0. 0. 0. 0. 0. 0. 0. 0. 0. 0. 0. 0.
 0. 0. 0. 0. 0. 0. 0. 0. 0. 0. 0. 0. 0. 0. 0. 0. 0. 0. 0. 0. 0. 0. 0. 0.
 0. 0. 0. 0. 0. 0. 0. 0. 0. 0. 0. 0. 0. 0. 0. 0. 0. 0. 0. 0. 0. 0. 0. 0.
 0. 0. 0. 0. 0. 0. 0. 0. 0. 0. 0. 0. 0. 0. 0. 0. 0. 0. 0. 0. 0. 0. 0. 0.
 0. 0. 0. 0. 0. 0. 0. 0.]
y_pred:  [1. 1. 1. 1. 1. 1. 1. 1. 1. 1. 1. 1. 1. 1. 1. 1. 1. 1. 1. 1. 1. 1. 1. 1.
 1. 1. 1. 1. 1. 1. 1. 1. 1. 1. 1. 1. 0. 0. 0. 0. 0. 0. 0. 0. 0. 0. 0. 0.
 0. 0. 0. 0. 0. 0. 0. 0. 0. 0. 0. 0. 0. 0. 0. 1. 1. 1. 1. 1. 1. 1. 1. 1.
 0. 0. 0. 0. 0. 0. 0. 0. 0. 1. 1. 1. 1. 1. 1. 1. 1. 1. 0. 0. 0. 0. 0. 0.
 0. 0. 0. 0. 0. 0. 0. 0. 0. 0. 0. 0. 0. 0. 0. 0. 0. 0. 0. 0. 0. 0. 0. 0.
 0. 0. 0. 0. 0. 0. 0. 0. 0. 0. 0. 0. 0. 0. 0. 0. 0. 0. 0. 0. 0. 0. 0. 0.
 0. 0. 0. 0. 0. 0. 0. 0. 0. 0. 0. 0. 0. 0. 0. 0. 0. 0. 0. 0. 0. 0. 0. 0.
 0. 0. 0. 0. 0. 0. 0. 0. 0. 0. 0. 0. 0. 0. 0. 0. 0. 0. 0. 0. 0. 0. 0. 0.
 0. 0. 0. 0. 0. 0. 0. 0.]
Normalized importance:  [7.67988253e-01 4.80176211e-01 1.07929515e-01 4.66960352e-01
 6.93098385e-01 6.46108664e-01 2.64317181e-01 4.47870778e-01
 8.75183554e-01 8.29662261e-01 0.00000000e+00 4.12628488e-01
 6.00587372e-01 5.71218796e-01 5.85903084e-01 2.17327460e-01
 0.00000000e+00 2.81938326e-01 6.93098385e-01 3.39207048e-01
 2.83406755e-01 1.54185022e-01 5.82966226e-01 3.06901615e-01
 2.74596182e-01 4.56681351e-01 4.96328928e-01 7.10719530e-01
 0.00000000e+00 4.09691630e-01 1.17327460e-01 4.75770925e-01
 5.75624082e-01 5.62408223e-01 5.24229075e-01 3.48017621e-01
 2.79001468e-01 1.13069016e-01 0.00000000e+00 3.56828194e-01
 4.43465492e-01 4.33186490e-01 4.40528634e-01 9.94126285e-02
 0.00000000e+00 4.14096916e-01 4.96328928e-01 1.00000000e+00
 0.00000000e+00 3.61233480e-02 3.65638767e-01 1.07488987e-01
 1.42584435e-01 4.09691630e-01 2.77533040e-01 0.00000000e+00
 1.70337739e-01 5.78560940e-01 2.12922173e-01 6.82819383e-02
 4.34654919e-01 1.67400881e-01 3.61233480e-01 9.61820852e-01
 7.26872247e-01 6.79882526e-01 3.45080764e-01 9.79441997e-01
 7.76798825e-01 3.93538913e-01 4.17033774e-01 4.36123348e-01
 4.02349486e-02 0.00000000e+00 1.54185022e-01 0.00000000e+00
 0.00000000e+00 2.20264317e-01 1.89427313e-01 4.22907489e-01
 0.00000000e+00 7.98825257e-01 2.96622614e-01 2.34948605e-01
 0.00000000e+00 4.46402349e-01 4.00881057e-01 5.31571219e-01
 4.33186490e-01 6.18208517e-01 0.00000000e+00 3.53891336e-01
 2.43759178e-01 0.00000000e+00 1.40675477e-01 3.92070485e-01
 3.75917768e-01 3.09838473e-01 0.00000000e+00 0.00000000e+00
 0.00000000e+00 0.00000000e+00 2.51101322e-01 1.46842878e-01
 0.00000000e+00 2.95154185e-01 3.23054332e-02 5.25697504e-01
 3.81791483e-01 0.00000000e+00 1.67400881e-01 0.00000000e+00
 0.00000000e+00 0.00000000e+00 0.00000000e+00 0.00000000e+00
 3.99412628e-01 2.58443465e-01 1.27753304e-01 0.00000000e+00
 0.00000000e+00 9.57415565e-02 0.00000000e+00 0.00000000e+00
 0.00000000e+00 2.17327460e-01 5.02202643e-01 1.87958884e-01
 0.00000000e+00 0.00000000e+00 0.00000000e+00 2.02643172e-01
 0.00000000e+00 0.00000000e+00 0.00000000e+00 2.17327460e-01
 2.30543319e-01 2.20264317e-01 2.62848752e-01 2.52569750e-02
 0.00000000e+00 0.00000000e+00 0.00000000e+00 2.23201175e-01
 0.00000000e+00 1.83553598e-01 1.87958884e-01 0.00000000e+00
 4.62555066e-01 0.00000000e+00 0.00000000e+00 0.00000000e+00
 1.71806167e-01 2.83406755e-01 0.00000000e+00 0.00000000e+00
 7.23935389e-02 1.36417034e-01 0.00000000e+00 4.65491924e-01
 0.00000000e+00 1.82085169e-01 6.72540382e-02 6.82819383e-01
 2.20264317e-01 0.00000000e+00 0.00000000e+00 3.36270191e-01
 0.00000000e+00 1.68869310e-01 2.74596182e-01 9.82378855e-02
 4.74302496e-01 0.00000000e+00 0.00000000e+00 1.25991189e-01
 1.34508076e-01 0.00000000e+00 5.55066079e-04 0.00000000e+00
 0.00000000e+00 0.00000000e+00 2.23201175e-01 0.00000000e+00
 1.48311307e-01 2.11453744e-01 0.00000000e+00 0.00000000e+00
 0.00000000e+00 0.00000000e+00 0.00000000e+00 8.13509545e-02
 2.15859031e-01 0.00000000e+00 1.09691630e-01 0.00000000e+00
 4.50807636e-01 0.00000000e+00 0.00000000e+00 0.00000000e+00]
pyseer
y_true:  [1. 1. 1. 1. 1. 1. 1. 1. 1. 1. 1. 1. 1. 1. 1. 1. 1. 1. 1. 1. 1. 1. 1. 1.
 1. 1. 1. 0. 0. 0. 0. 0. 0. 0. 0. 0. 0. 0. 0. 0. 0. 0. 0. 0. 0. 0. 0. 0.
 0. 0. 0. 0. 0. 0. 0. 0. 0. 0. 0. 0. 0. 0. 0. 1. 1. 1. 1. 1. 1. 1. 1. 1.
 0. 0. 0. 0. 0. 0. 0. 0. 0. 1. 1. 1. 1. 1. 1. 1. 1. 1. 0. 0. 0. 0. 0. 0.
 0. 0. 0. 0. 0. 0. 0. 0. 0. 0. 0. 0. 0. 0. 0. 0. 0. 0. 0. 0. 0. 0. 0. 0.
 0. 0. 0. 0. 0. 0. 0. 0. 0. 0. 0. 0. 0. 0. 0. 0. 0. 0. 0. 0. 0. 0. 0. 0.
 0. 0. 0. 0. 0. 0. 0. 0. 0. 0. 0. 0. 0. 0. 0. 0. 0. 0. 0. 0. 0. 0. 0. 0.
 0. 0. 0. 0. 0. 0. 0. 0. 0. 0. 0. 0. 0. 0. 0. 0. 0. 0. 0. 0. 0. 0. 0. 0.
 0. 0. 0. 0. 0. 0. 0. 0.]
y_pred:  [1. 1. 0. 1. 1. 1. 0. 1. 1. 1. 0. 1. 1. 1. 1. 0. 0. 0. 1. 1. 0. 0. 1. 0.
 0. 1. 1. 1. 0. 1. 0. 1. 1. 1. 1. 1. 0. 0. 0. 1. 1. 1. 1. 0. 0. 1. 1. 1.
 0. 0. 1. 0. 0. 1. 0. 0. 0. 1. 0. 0. 1. 0. 1. 1. 1. 1. 1. 1. 1. 1. 1. 1.
 0. 0. 0. 0. 0. 0. 0. 1. 0. 1. 0. 0. 0. 1. 1. 1. 1. 1. 0. 1. 0. 0. 0. 1.
 1. 1. 0. 0. 0. 0. 0. 0. 0. 0. 0. 1. 1. 0. 0. 0. 0. 0. 0. 0. 1. 0. 0. 0.
 0. 0. 0. 0. 0. 0. 1. 0. 0. 0. 0. 0. 0. 0. 0. 0. 0. 0. 0. 0. 0. 0. 0. 0.
 0. 0. 0. 0. 1. 0. 0. 0. 0. 0. 0. 0. 0. 0. 0. 1. 0. 0. 0. 1. 0. 0. 0. 1.
 0. 0. 0. 0. 1. 0. 0. 0. 0. 0. 0. 0. 0. 0. 0. 0. 0. 0. 0. 0. 0. 0. 0. 0.
 0. 0. 0. 0. 1. 0. 0. 0.]
Time taken: 25.797917366027832 seconds
Running combination 5 of 50
Fitting RandomForest...
Fitting Adaboost...
Fitting AdaBoost_2...
Fitting et...
Fitting gbc...
Fitting gbc_2...
Fitting gbc_3...
Fitting dt...
Fitting lr...
Fitting Lasso_1...
Fitting Lasso_2...
Fitting Lasso_3...
Fitting Lasso_4...
Fitting elasticnet...
VCF file created successfully.
pyseer stderr:  Read 1000 phenotypes
Detected continuous phenotype
Reading all variants

0variants [00:00, ?variants/s]
55variants [00:00, 543.28variants/s]
110variants [00:00, 463.31variants/s]
165variants [00:00, 498.09variants/s]
198variants [00:00, 503.68variants/s]
Applying correlation filtering

  0%|          | 0/198 [00:00<?, ?variants/s]
100%|██████████| 198/198 [00:00<00:00, 2617.53variants/s]
Fitting elastic net to top 148 variants
Best penalty (lambda) from cross-validation: 5.53E+01
Best R^2 from cross-validation: 0.486
Finding and printing selected variants
198 loaded variants
50 pre-filtered variants
148 tested variants
138 printed variants

True importance standardized:  [0.63812126 0.63812126 0.63812126 0.63812126 0.63812126 0.63812126
 0.63812126 0.63812126 0.63812126 0.85656814 0.85656814 0.85656814
 0.85656814 0.85656814 0.85656814 0.85656814 0.85656814 0.85656814
 0.79654727 0.79654727 0.79654727 0.79654727 0.79654727 0.79654727
 0.79654727 0.79654727 0.79654727 1.         1.         1.
 1.         1.         1.         1.         1.         1.
 0.64086737 0.64086737 0.64086737 0.64086737 0.64086737 0.64086737
 0.64086737 0.64086737 0.64086737 0.84766457 0.84766457 0.84766457
 0.84766457 0.84766457 0.84766457 0.84766457 0.84766457 0.84766457
 0.2920384  0.2920384  0.2920384  0.2920384  0.2920384  0.2920384
 0.2920384  0.2920384  0.2920384  0.21085226 0.21085226 0.21085226
 0.21085226 0.21085226 0.21085226 0.21085226 0.21085226 0.21085226
 0.74476525 0.74476525 0.74476525 0.74476525 0.74476525 0.74476525
 0.74476525 0.74476525 0.74476525 0.80364154 0.80364154 0.80364154
 0.80364154 0.80364154 0.80364154 0.80364154 0.80364154 0.80364154
 0.         0.         0.         0.         0.         0.
 0.         0.         0.         0.         0.         0.
 0.         0.         0.         0.         0.         0.
 0.         0.         0.         0.         0.         0.
 0.         0.         0.         0.         0.         0.
 0.         0.         0.         0.         0.         0.
 0.         0.         0.         0.         0.         0.
 0.         0.         0.         0.         0.         0.
 0.         0.         0.         0.         0.         0.
 0.         0.         0.         0.         0.         0.
 0.         0.         0.         0.         0.         0.
 0.         0.         0.         0.         0.         0.
 0.         0.         0.         0.         0.         0.
 0.         0.         0.         0.         0.         0.
 0.         0.         0.         0.         0.         0.
 0.         0.         0.         0.         0.         0.
 0.         0.         0.         0.         0.         0.
 0.         0.         0.         0.         0.         0.
 0.         0.        ]
Normalized importance:  [0.51150573 0.51150573 0.51150573 0.51150573 0.51150573 0.51150573
 0.51150573 0.51150573 0.51150573 1.         1.         1.
 1.         1.         1.         1.         1.         1.
 0.80469852 0.80469852 0.80469852 0.80469852 0.80469852 0.80469852
 0.80469852 0.80469852 0.80469852 0.81861751 0.81861751 0.81861751
 0.81861751 0.81861751 0.81861751 0.81861751 0.81861751 0.81861751
 0.37160963 0.37160963 0.37160963 0.37160963 0.37160963 0.37160963
 0.37160963 0.37160963 0.37160963 0.68119515 0.68119515 0.68119515
 0.68119515 0.68119515 0.68119515 0.68119515 0.68119515 0.68119515
 0.14881134 0.14881134 0.14881134 0.14881134 0.14881134 0.14881134
 0.14881134 0.14881134 0.14881134 0.06502563 0.06502563 0.
 0.06502563 0.         0.         0.06502563 0.06502563 0.06502563
 0.39133531 0.39133531 0.39133531 0.39133531 0.39133531 0.39133531
 0.39133531 0.39133531 0.39133531 0.24396858 0.24396858 0.24396858
 0.24396858 0.24396858 0.24396858 0.24396858 0.24396858 0.24396858
 0.         0.         0.         0.         0.         0.
 0.05514199 0.         0.         0.         0.         0.
 0.07244713 0.         0.         0.04451544 0.         0.
 0.         0.         0.         0.         0.         0.
 0.         0.         0.         0.         0.         0.
 0.         0.         0.         0.04631724 0.02081097 0.
 0.03089181 0.03408498 0.02064739 0.         0.         0.
 0.         0.         0.         0.         0.         0.
 0.         0.02531154 0.         0.         0.02455495 0.01375367
 0.         0.         0.         0.         0.         0.
 0.0211896  0.03582851 0.         0.04962958 0.         0.
 0.         0.         0.         0.         0.03534277 0.
 0.         0.         0.         0.         0.         0.
 0.         0.06385079 0.         0.         0.         0.
 0.         0.         0.         0.         0.         0.
 0.         0.         0.         0.         0.         0.
 0.02919136 0.         0.         0.         0.02195299 0.
 0.         0.05870063 0.         0.         0.         0.05549928
 0.         0.        ]
deepbreaks
y_true:  [0. 0. 0. 0. 0. 0. 0. 0. 0. 1. 1. 1. 1. 1. 1. 1. 1. 1. 1. 1. 1. 1. 1. 1.
 1. 1. 1. 1. 1. 1. 1. 1. 1. 1. 1. 1. 0. 0. 0. 0. 0. 0. 0. 0. 0. 1. 1. 1.
 1. 1. 1. 1. 1. 1. 0. 0. 0. 0. 0. 0. 0. 0. 0. 0. 0. 0. 0. 0. 0. 0. 0. 0.
 0. 0. 0. 0. 0. 0. 0. 0. 0. 1. 1. 1. 1. 1. 1. 1. 1. 1. 0. 0. 0. 0. 0. 0.
 0. 0. 0. 0. 0. 0. 0. 0. 0. 0. 0. 0. 0. 0. 0. 0. 0. 0. 0. 0. 0. 0. 0. 0.
 0. 0. 0. 0. 0. 0. 0. 0. 0. 0. 0. 0. 0. 0. 0. 0. 0. 0. 0. 0. 0. 0. 0. 0.
 0. 0. 0. 0. 0. 0. 0. 0. 0. 0. 0. 0. 0. 0. 0. 0. 0. 0. 0. 0. 0. 0. 0. 0.
 0. 0. 0. 0. 0. 0. 0. 0. 0. 0. 0. 0. 0. 0. 0. 0. 0. 0. 0. 0. 0. 0. 0. 0.
 0. 0. 0. 0. 0. 0. 0. 0.]
y_pred:  [1. 1. 1. 1. 1. 1. 1. 1. 1. 1. 1. 1. 1. 1. 1. 1. 1. 1. 1. 1. 1. 1. 1. 1.
 1. 1. 1. 1. 1. 1. 1. 1. 1. 1. 1. 1. 0. 0. 0. 0. 0. 0. 0. 0. 0. 1. 1. 1.
 1. 1. 1. 1. 1. 1. 0. 0. 0. 0. 0. 0. 0. 0. 0. 0. 0. 0. 0. 0. 0. 0. 0. 0.
 1. 1. 1. 1. 1. 1. 1. 1. 1. 0. 0. 0. 0. 0. 0. 0. 0. 0. 0. 0. 0. 0. 0. 0.
 0. 0. 0. 0. 0. 0. 0. 0. 0. 0. 0. 0. 0. 0. 0. 0. 0. 0. 0. 0. 0. 0. 0. 0.
 0. 0. 0. 0. 0. 0. 0. 0. 0. 0. 0. 0. 0. 0. 0. 0. 0. 0. 0. 0. 0. 0. 0. 0.
 0. 0. 0. 0. 0. 0. 0. 0. 0. 0. 0. 0. 0. 0. 0. 0. 0. 0. 0. 0. 0. 0. 0. 0.
 0. 0. 0. 0. 0. 0. 0. 0. 0. 0. 0. 0. 0. 0. 0. 0. 0. 0. 0. 0. 0. 0. 0. 0.
 0. 0. 0. 0. 0. 0. 0. 0.]
Normalized importance:  [0.87168611 0.42948038 0.29692471 0.22163309 1.         0.
 0.63414634 0.17603393 0.36161188 0.83244963 0.63838812 0.74549311
 0.55673383 0.45281018 0.20678685 0.59066808 0.51537646 0.67126193
 0.9883351  0.7804878  0.32343584 0.67974549 0.77518558 0.32873807
 0.70943796 0.         0.4485684  0.87592789 0.77518558 0.71898197
 0.87062566 0.378579   0.50795334 0.07815483 0.99257688 0.28313892
 0.66383881 0.42311771 0.33297985 0.03796394 0.44432662 0.2990456
 0.50159067 0.46977731 0.20254507 0.85896076 0.         0.57688229
 0.12725345 0.7709438  0.79745493 0.98303287 0.55779427 0.6330859
 0.49204666 0.59384942 0.05037116 0.         0.15376458 0.17921527
 0.18345705 0.45917285 0.36267232 0.08960764 0.05577943 0.
 0.31283139 0.05100742 0.         0.18557794 0.40084836 0.08568399
 0.7009544  0.55249205 0.01314952 0.49098621 0.5747614  0.3573701
 0.44220573 0.15588547 0.32555673 0.48886532 0.53234358 0.36055143
 0.34358431 0.24284199 0.61293743 0.38176034 0.61399788 0.23329799
 0.         0.         0.         0.3457052  0.         0.06659597
 0.25874867 0.16755037 0.         0.15270414 0.05312831 0.
 0.48992577 0.         0.         0.5630965  0.         0.
 0.40084836 0.         0.         0.08229056 0.         0.
 0.         0.14528102 0.37327678 0.         0.         0.0826087
 0.         0.         0.         0.51961824 0.41569459 0.48038176
 0.15588547 0.23860021 0.50583245 0.         0.         0.39660657
 0.         0.12089077 0.1611877  0.         0.         0.
 0.         0.63414634 0.         0.20466596 0.38176034 0.3457052
 0.         0.4135737  0.15482503 0.         0.10349947 0.
 0.30540827 0.41569459 0.         0.70943796 0.15376458 0.02152704
 0.         0.         0.2195122  0.5281018  0.59066808 0.15588547
 0.37963945 0.         0.         0.         0.         0.06744433
 0.         0.48780488 0.09703075 0.47507953 0.         0.34676564
 0.         0.51855779 0.         0.         0.         0.
 0.1028632  0.         0.         0.         0.         0.
 0.26829268 0.         0.         0.         0.44750795 0.08091198
 0.01611877 0.44538706 0.         0.20148462 0.21102863 0.16542948
 0.         0.        ]
pyseer
y_true:  [0. 0. 0. 0. 0. 0. 0. 0. 0. 1. 1. 1. 1. 1. 1. 1. 1. 1. 1. 1. 1. 1. 1. 1.
 1. 1. 1. 1. 1. 1. 1. 1. 1. 1. 1. 1. 0. 0. 0. 0. 0. 0. 0. 0. 0. 1. 1. 1.
 1. 1. 1. 1. 1. 1. 0. 0. 0. 0. 0. 0. 0. 0. 0. 0. 0. 0. 0. 0. 0. 0. 0. 0.
 0. 0. 0. 0. 0. 0. 0. 0. 0. 1. 1. 1. 1. 1. 1. 1. 1. 1. 0. 0. 0. 0. 0. 0.
 0. 0. 0. 0. 0. 0. 0. 0. 0. 0. 0. 0. 0. 0. 0. 0. 0. 0. 0. 0. 0. 0. 0. 0.
 0. 0. 0. 0. 0. 0. 0. 0. 0. 0. 0. 0. 0. 0. 0. 0. 0. 0. 0. 0. 0. 0. 0. 0.
 0. 0. 0. 0. 0. 0. 0. 0. 0. 0. 0. 0. 0. 0. 0. 0. 0. 0. 0. 0. 0. 0. 0. 0.
 0. 0. 0. 0. 0. 0. 0. 0. 0. 0. 0. 0. 0. 0. 0. 0. 0. 0. 0. 0. 0. 0. 0. 0.
 0. 0. 0. 0. 0. 0. 0. 0.]
y_pred:  [1. 1. 0. 0. 1. 0. 1. 0. 0. 1. 1. 1. 1. 1. 0. 1. 1. 1. 1. 1. 0. 1. 1. 0.
 1. 0. 1. 1. 1. 1. 1. 0. 1. 0. 1. 0. 1. 1. 0. 0. 1. 0. 1. 1. 0. 1. 0. 1.
 0. 1. 1. 1. 1. 1. 1. 1. 0. 0. 0. 0. 0. 1. 0. 0. 0. 0. 0. 0. 0. 0. 1. 0.
 1. 1. 0. 1. 1. 0. 1. 0. 0. 1. 1. 0. 0. 0. 1. 1. 1. 0. 0. 0. 0. 0. 0. 0.
 0. 0. 0. 0. 0. 0. 1. 0. 0. 1. 0. 0. 1. 0. 0. 0. 0. 0. 0. 0. 0. 0. 0. 0.
 0. 0. 0. 1. 1. 1. 0. 0. 1. 0. 0. 1. 0. 0. 0. 0. 0. 0. 0. 1. 0. 0. 1. 0.
 0. 1. 0. 0. 0. 0. 0. 1. 0. 1. 0. 0. 0. 0. 0. 1. 1. 0. 0. 0. 0. 0. 0. 0.
 0. 1. 0. 1. 0. 0. 0. 1. 0. 0. 0. 0. 0. 0. 0. 0. 0. 0. 0. 0. 0. 0. 1. 0.
 0. 1. 0. 0. 0. 0. 0. 0.]
Time taken: 24.460883617401123 seconds
Running combination 6 of 50
Fitting RandomForest...
Fitting Adaboost...
Fitting AdaBoost_2...
Fitting et...
Fitting gbc...
Fitting gbc_2...
Fitting gbc_3...
Fitting dt...
Fitting lr...
Fitting Lasso_1...
Fitting Lasso_2...
Fitting Lasso_3...
Fitting Lasso_4...
Fitting elasticnet...
VCF file created successfully.
pyseer stderr:  Read 1000 phenotypes
Detected continuous phenotype
Reading all variants

0variants [00:00, ?variants/s]
55variants [00:00, 548.75variants/s]
110variants [00:00, 482.43variants/s]
167variants [00:00, 516.12variants/s]
198variants [00:00, 518.01variants/s]
Applying correlation filtering

  0%|          | 0/198 [00:00<?, ?variants/s]
100%|██████████| 198/198 [00:00<00:00, 2690.61variants/s]
Fitting elastic net to top 148 variants
Best penalty (lambda) from cross-validation: 1.91E+01
Best R^2 from cross-validation: 0.478
Finding and printing selected variants
198 loaded variants
50 pre-filtered variants
148 tested variants
132 printed variants

True importance standardized:  [0.54133968 0.54133968 0.54133968 0.54133968 0.54133968 0.54133968
 0.54133968 0.54133968 0.54133968 0.28290162 0.28290162 0.28290162
 0.28290162 0.28290162 0.28290162 0.28290162 0.28290162 0.28290162
 0.78823055 0.78823055 0.78823055 0.78823055 0.78823055 0.78823055
 0.78823055 0.78823055 0.78823055 0.1423442  0.1423442  0.1423442
 0.1423442  0.1423442  0.1423442  0.1423442  0.1423442  0.1423442
 0.80929673 0.80929673 0.80929673 0.80929673 0.80929673 0.80929673
 0.80929673 0.80929673 0.80929673 0.21874766 0.21874766 0.21874766
 0.21874766 0.21874766 0.21874766 0.21874766 0.21874766 0.21874766
 0.11668671 0.11668671 0.11668671 0.11668671 0.11668671 0.11668671
 0.11668671 0.11668671 0.11668671 1.         1.         1.
 1.         1.         1.         1.         1.         1.
 0.95879614 0.95879614 0.95879614 0.95879614 0.95879614 0.95879614
 0.95879614 0.95879614 0.95879614 0.36931793 0.36931793 0.36931793
 0.36931793 0.36931793 0.36931793 0.36931793 0.36931793 0.36931793
 0.         0.         0.         0.         0.         0.
 0.         0.         0.         0.         0.         0.
 0.         0.         0.         0.         0.         0.
 0.         0.         0.         0.         0.         0.
 0.         0.         0.         0.         0.         0.
 0.         0.         0.         0.         0.         0.
 0.         0.         0.         0.         0.         0.
 0.         0.         0.         0.         0.         0.
 0.         0.         0.         0.         0.         0.
 0.         0.         0.         0.         0.         0.
 0.         0.         0.         0.         0.         0.
 0.         0.         0.         0.         0.         0.
 0.         0.         0.         0.         0.         0.
 0.         0.         0.         0.         0.         0.
 0.         0.         0.         0.         0.         0.
 0.         0.         0.         0.         0.         0.
 0.         0.         0.         0.         0.         0.
 0.         0.         0.         0.         0.         0.
 0.         0.        ]
Normalized importance:  [0.48075986 0.48075986 0.48075986 0.48075986 0.48075986 0.48075986
 0.48075986 0.48075986 0.48075986 0.07281702 0.07281702 0.
 0.07281702 0.07281702 0.07281702 0.07281702 0.07281702 0.07281702
 0.55009924 0.55009924 0.55009924 0.55009924 0.55009924 0.55009924
 0.55009924 0.55009924 0.55009924 0.         0.         0.
 0.01455033 0.         0.         0.         0.04502118 0.
 0.79440575 0.79440575 0.79440575 0.79440575 0.79440575 0.79440575
 0.79440575 0.79440575 0.79440575 0.1250553  0.         0.1250553
 0.1250553  0.1250553  0.1250553  0.1250553  0.1250553  0.1250553
 0.04443897 0.04443897 0.04443897 0.04443897 0.         0.04443897
 0.04443897 0.         0.         1.         1.         1.
 1.         1.         1.         1.         1.         1.
 0.66682208 0.66682208 0.66682208 0.66682208 0.66682208 0.66682208
 0.66682208 0.66682208 0.66682208 0.10982576 0.10982576 0.10982576
 0.10982576 0.10982576 0.10982576 0.10982576 0.10982576 0.
 0.         0.         0.         0.         0.         0.
 0.         0.         0.         0.         0.         0.
 0.         0.         0.         0.         0.         0.
 0.         0.         0.         0.         0.         0.
 0.         0.         0.         0.         0.         0.
 0.         0.         0.         0.         0.         0.
 0.         0.         0.         0.         0.         0.
 0.         0.         0.         0.         0.01153389 0.
 0.         0.         0.         0.         0.         0.
 0.         0.         0.         0.00908897 0.         0.
 0.         0.         0.         0.         0.         0.01632125
 0.         0.         0.         0.         0.         0.
 0.         0.         0.         0.         0.         0.
 0.         0.03252271 0.         0.         0.         0.
 0.         0.         0.         0.         0.         0.
 0.         0.         0.         0.         0.         0.
 0.         0.         0.         0.         0.         0.
 0.         0.         0.         0.         0.         0.
 0.         0.        ]
deepbreaks
y_true:  [1. 1. 1. 1. 1. 1. 1. 1. 1. 0. 0. 0. 0. 0. 0. 0. 0. 0. 1. 1. 1. 1. 1. 1.
 1. 1. 1. 0. 0. 0. 0. 0. 0. 0. 0. 0. 1. 1. 1. 1. 1. 1. 1. 1. 1. 0. 0. 0.
 0. 0. 0. 0. 0. 0. 0. 0. 0. 0. 0. 0. 0. 0. 0. 1. 1. 1. 1. 1. 1. 1. 1. 1.
 1. 1. 1. 1. 1. 1. 1. 1. 1. 0. 0. 0. 0. 0. 0. 0. 0. 0. 0. 0. 0. 0. 0. 0.
 0. 0. 0. 0. 0. 0. 0. 0. 0. 0. 0. 0. 0. 0. 0. 0. 0. 0. 0. 0. 0. 0. 0. 0.
 0. 0. 0. 0. 0. 0. 0. 0. 0. 0. 0. 0. 0. 0. 0. 0. 0. 0. 0. 0. 0. 0. 0. 0.
 0. 0. 0. 0. 0. 0. 0. 0. 0. 0. 0. 0. 0. 0. 0. 0. 0. 0. 0. 0. 0. 0. 0. 0.
 0. 0. 0. 0. 0. 0. 0. 0. 0. 0. 0. 0. 0. 0. 0. 0. 0. 0. 0. 0. 0. 0. 0. 0.
 0. 0. 0. 0. 0. 0. 0. 0.]
y_pred:  [1. 1. 1. 1. 1. 1. 1. 1. 1. 0. 0. 0. 0. 0. 0. 0. 0. 0. 1. 1. 1. 1. 1. 1.
 1. 1. 1. 0. 0. 0. 0. 0. 0. 0. 0. 0. 1. 1. 1. 1. 1. 1. 1. 1. 1. 0. 0. 0.
 0. 0. 0. 0. 0. 0. 0. 0. 0. 0. 0. 0. 0. 0. 0. 1. 1. 1. 1. 1. 1. 1. 1. 1.
 1. 1. 1. 1. 1. 1. 1. 1. 1. 0. 0. 0. 0. 0. 0. 0. 0. 0. 0. 0. 0. 0. 0. 0.
 0. 0. 0. 0. 0. 0. 0. 0. 0. 0. 0. 0. 0. 0. 0. 0. 0. 0. 0. 0. 0. 0. 0. 0.
 0. 0. 0. 0. 0. 0. 0. 0. 0. 0. 0. 0. 0. 0. 0. 0. 0. 0. 0. 0. 0. 0. 0. 0.
 0. 0. 0. 0. 0. 0. 0. 0. 0. 0. 0. 0. 0. 0. 0. 0. 0. 0. 0. 0. 0. 0. 0. 0.
 0. 0. 0. 0. 0. 0. 0. 0. 0. 0. 0. 0. 0. 0. 0. 0. 0. 0. 0. 0. 0. 0. 0. 0.
 0. 0. 0. 0. 0. 0. 0. 0.]
Normalized importance:  [5.42772861e-01 1.13864307e-01 5.39823009e-01 3.95280236e-01
 4.33628319e-01 2.97935103e-01 3.53982301e-01 2.74631268e-01
 3.92330383e-01 3.45132743e-01 0.00000000e+00 5.66371681e-02
 0.00000000e+00 3.62831858e-01 3.00884956e-01 3.86430678e-01
 1.20943953e-01 0.00000000e+00 7.02064897e-01 4.10029499e-01
 3.18584071e-01 5.25073746e-01 3.36283186e-01 5.78171091e-01
 2.45132743e-01 3.74631268e-01 3.51032448e-01 6.22418879e-02
 3.56932153e-02 1.49557522e-01 2.51032448e-01 8.58407080e-02
 0.00000000e+00 1.52507375e-01 4.01179941e-01 1.60176991e-02
 8.49557522e-01 5.75221239e-01 7.02064897e-01 4.98525074e-01
 3.89380531e-01 9.38053097e-02 4.54277286e-01 7.75811209e-01
 4.51327434e-02 2.86135693e-01 0.00000000e+00 1.69616519e-01
 1.42182891e-01 5.13274336e-03 4.30678466e-02 8.99705015e-02
 1.63126844e-01 1.86430678e-01 1.33923304e-01 2.48967552e-01
 1.10619469e-01 3.71681416e-01 9.05604720e-02 8.87905605e-02
 3.39233038e-02 0.00000000e+00 0.00000000e+00 1.00000000e+00
 3.59882006e-01 0.00000000e+00 6.10619469e-01 6.31268437e-01
 3.45132743e-01 7.69911504e-01 5.28023599e-01 4.01179941e-01
 8.67256637e-01 3.89380531e-01 4.07079646e-01 5.39823009e-01
 5.81120944e-01 5.04424779e-01 3.83480826e-01 4.10029499e-01
 4.66076696e-01 4.27728614e-01 1.66961652e-01 1.36283186e-01
 3.45132743e-01 3.00884956e-01 3.33333333e-01 5.30973451e-02
 1.71976401e-01 5.57522124e-02 0.00000000e+00 0.00000000e+00
 0.00000000e+00 0.00000000e+00 0.00000000e+00 0.00000000e+00
 0.00000000e+00 1.17109145e-02 2.16814159e-01 0.00000000e+00
 1.36283186e-01 1.98820059e-01 2.80825959e-01 0.00000000e+00
 0.00000000e+00 1.99115044e-02 4.30678466e-02 0.00000000e+00
 0.00000000e+00 0.00000000e+00 1.48082596e-01 0.00000000e+00
 0.00000000e+00 2.23893805e-01 0.00000000e+00 0.00000000e+00
 0.00000000e+00 2.27433628e-01 1.46902655e-01 0.00000000e+00
 0.00000000e+00 8.76106195e-02 0.00000000e+00 9.43952802e-03
 1.06784661e-01 0.00000000e+00 0.00000000e+00 0.00000000e+00
 3.33333333e-02 0.00000000e+00 0.00000000e+00 0.00000000e+00
 0.00000000e+00 0.00000000e+00 2.87315634e-01 1.27728614e-01
 2.52507375e-01 7.75811209e-02 2.30678466e-01 3.30383481e-02
 8.82005900e-02 3.80530973e-02 1.76696165e-02 0.00000000e+00
 0.00000000e+00 0.00000000e+00 0.00000000e+00 3.86430678e-01
 3.92330383e-02 0.00000000e+00 0.00000000e+00 0.00000000e+00
 1.15634218e-01 1.92920354e-01 2.41297935e-01 2.27138643e-01
 0.00000000e+00 0.00000000e+00 1.53982301e-01 1.89675516e-01
 0.00000000e+00 7.02064897e-02 2.47787611e-01 0.00000000e+00
 3.33333333e-02 1.88200590e-02 0.00000000e+00 1.86430678e-01
 8.90855457e-05 2.97935103e-01 2.84955752e-01 0.00000000e+00
 0.00000000e+00 3.89380531e-02 0.00000000e+00 9.94100295e-02
 0.00000000e+00 0.00000000e+00 0.00000000e+00 5.72271386e-02
 5.28023599e-02 0.00000000e+00 0.00000000e+00 6.43067847e-03
 2.82595870e-01 0.00000000e+00 0.00000000e+00 2.15339233e-01
 1.10324484e-01 0.00000000e+00 0.00000000e+00 0.00000000e+00
 0.00000000e+00 0.00000000e+00 0.00000000e+00 3.39233038e-01
 1.81415929e-01 0.00000000e+00 0.00000000e+00 0.00000000e+00]
pyseer
y_true:  [1. 1. 1. 1. 1. 1. 1. 1. 1. 0. 0. 0. 0. 0. 0. 0. 0. 0. 1. 1. 1. 1. 1. 1.
 1. 1. 1. 0. 0. 0. 0. 0. 0. 0. 0. 0. 1. 1. 1. 1. 1. 1. 1. 1. 1. 0. 0. 0.
 0. 0. 0. 0. 0. 0. 0. 0. 0. 0. 0. 0. 0. 0. 0. 1. 1. 1. 1. 1. 1. 1. 1. 1.
 1. 1. 1. 1. 1. 1. 1. 1. 1. 0. 0. 0. 0. 0. 0. 0. 0. 0. 0. 0. 0. 0. 0. 0.
 0. 0. 0. 0. 0. 0. 0. 0. 0. 0. 0. 0. 0. 0. 0. 0. 0. 0. 0. 0. 0. 0. 0. 0.
 0. 0. 0. 0. 0. 0. 0. 0. 0. 0. 0. 0. 0. 0. 0. 0. 0. 0. 0. 0. 0. 0. 0. 0.
 0. 0. 0. 0. 0. 0. 0. 0. 0. 0. 0. 0. 0. 0. 0. 0. 0. 0. 0. 0. 0. 0. 0. 0.
 0. 0. 0. 0. 0. 0. 0. 0. 0. 0. 0. 0. 0. 0. 0. 0. 0. 0. 0. 0. 0. 0. 0. 0.
 0. 0. 0. 0. 0. 0. 0. 0.]
y_pred:  [1. 0. 1. 1. 1. 1. 1. 1. 1. 1. 0. 0. 0. 1. 1. 1. 0. 0. 1. 1. 1. 1. 1. 1.
 1. 1. 1. 0. 0. 0. 1. 0. 0. 0. 1. 0. 1. 1. 1. 1. 1. 0. 1. 1. 0. 1. 0. 0.
 0. 0. 0. 0. 0. 0. 0. 1. 0. 1. 0. 0. 0. 0. 0. 1. 1. 0. 1. 1. 1. 1. 1. 1.
 1. 1. 1. 1. 1. 1. 1. 1. 1. 1. 0. 0. 1. 1. 1. 0. 0. 0. 0. 0. 0. 0. 0. 0.
 0. 0. 0. 0. 0. 0. 1. 0. 0. 0. 0. 0. 0. 0. 0. 0. 0. 0. 0. 0. 0. 1. 0. 0.
 0. 0. 0. 0. 0. 0. 0. 0. 0. 0. 0. 0. 0. 0. 1. 0. 1. 0. 1. 0. 0. 0. 0. 0.
 0. 0. 0. 1. 0. 0. 0. 0. 0. 0. 1. 0. 0. 0. 0. 0. 0. 0. 1. 0. 0. 0. 0. 0.
 0. 1. 1. 0. 0. 0. 0. 0. 0. 0. 0. 0. 0. 0. 0. 0. 1. 0. 0. 0. 0. 0. 0. 0.
 0. 0. 0. 1. 0. 0. 0. 0.]
Time taken: 23.329878330230713 seconds
Running combination 7 of 50
Fitting RandomForest...
Fitting Adaboost...
Fitting AdaBoost_2...
Fitting et...
Fitting gbc...
Fitting gbc_2...
Fitting gbc_3...
Fitting dt...
Fitting lr...
Fitting Lasso_1...
Fitting Lasso_2...
Fitting Lasso_3...
Fitting Lasso_4...
Fitting elasticnet...
VCF file created successfully.
pyseer stderr:  Read 1000 phenotypes
Detected continuous phenotype
Reading all variants

0variants [00:00, ?variants/s]
52variants [00:00, 518.01variants/s]
104variants [00:00, 468.61variants/s]
160variants [00:00, 506.84variants/s]
198variants [00:00, 511.19variants/s]
Applying correlation filtering

  0%|          | 0/198 [00:00<?, ?variants/s]
100%|██████████| 198/198 [00:00<00:00, 2681.23variants/s]
Fitting elastic net to top 148 variants
Best penalty (lambda) from cross-validation: 4.59E+01
Best R^2 from cross-validation: 0.479
Finding and printing selected variants
198 loaded variants
50 pre-filtered variants
148 tested variants
136 printed variants

True importance standardized:  [0.40012969 0.40012969 0.40012969 0.40012969 0.40012969 0.40012969
 0.40012969 0.40012969 0.40012969 0.85789956 0.85789956 0.85789956
 0.85789956 0.85789956 0.85789956 0.85789956 0.85789956 0.85789956
 0.36814216 0.36814216 0.36814216 0.36814216 0.36814216 0.36814216
 0.36814216 0.36814216 0.36814216 0.21809217 0.21809217 0.21809217
 0.21809217 0.21809217 0.21809217 0.21809217 0.21809217 0.21809217
 0.59524473 0.59524473 0.59524473 0.59524473 0.59524473 0.59524473
 0.59524473 0.59524473 0.59524473 0.45130743 0.45130743 0.45130743
 0.45130743 0.45130743 0.45130743 0.45130743 0.45130743 0.45130743
 0.82710125 0.82710125 0.82710125 0.82710125 0.82710125 0.82710125
 0.82710125 0.82710125 0.82710125 0.6739246  0.6739246  0.6739246
 0.6739246  0.6739246  0.6739246  0.6739246  0.6739246  0.6739246
 0.9195809  0.9195809  0.9195809  0.9195809  0.9195809  0.9195809
 0.9195809  0.9195809  0.9195809  1.         1.         1.
 1.         1.         1.         1.         1.         1.
 0.         0.         0.         0.         0.         0.
 0.         0.         0.         0.         0.         0.
 0.         0.         0.         0.         0.         0.
 0.         0.         0.         0.         0.         0.
 0.         0.         0.         0.         0.         0.
 0.         0.         0.         0.         0.         0.
 0.         0.         0.         0.         0.         0.
 0.         0.         0.         0.         0.         0.
 0.         0.         0.         0.         0.         0.
 0.         0.         0.         0.         0.         0.
 0.         0.         0.         0.         0.         0.
 0.         0.         0.         0.         0.         0.
 0.         0.         0.         0.         0.         0.
 0.         0.         0.         0.         0.         0.
 0.         0.         0.         0.         0.         0.
 0.         0.         0.         0.         0.         0.
 0.         0.         0.         0.         0.         0.
 0.         0.         0.         0.         0.         0.
 0.         0.        ]
Normalized importance:  [0.09971831 0.09971831 0.09971831 0.         0.09971831 0.
 0.         0.09971831 0.09971831 0.48615239 0.48615239 0.48615239
 0.48615239 0.48615239 0.48615239 0.48615239 0.48615239 0.48615239
 0.14428863 0.14428863 0.14428863 0.14428863 0.14428863 0.14428863
 0.14428863 0.14428863 0.14428863 0.06090105 0.06090105 0.06090105
 0.         0.         0.06090105 0.         0.06090105 0.06090105
 0.18624063 0.18624063 0.18624063 0.18624063 0.18624063 0.18624063
 0.18624063 0.18624063 0.18624063 0.23129431 0.23129431 0.23129431
 0.23129431 0.23129431 0.23129431 0.23129431 0.23129431 0.23129431
 0.79806169 0.79806169 0.79806169 0.79806169 0.79806169 0.79806169
 0.79806169 0.79806169 0.79806169 0.61569821 0.61569821 0.61569821
 0.61569821 0.61569821 0.61569821 0.61569821 0.61569821 0.61569821
 0.61068103 0.61068103 0.61068103 0.61068103 0.61068103 0.61068103
 0.61068103 0.61068103 0.61068103 1.         1.         1.
 1.         1.         1.         1.         1.         1.
 0.         0.         0.         0.         0.         0.
 0.029746   0.         0.         0.         0.         0.
 0.         0.         0.         0.         0.         0.
 0.         0.         0.         0.         0.         0.
 0.         0.         0.         0.         0.         0.
 0.         0.         0.03126065 0.         0.         0.02540545
 0.         0.         0.02912692 0.         0.         0.
 0.         0.         0.09048094 0.         0.         0.
 0.         0.         0.         0.         0.00429285 0.
 0.         0.         0.         0.         0.         0.
 0.01780173 0.         0.         0.         0.         0.
 0.         0.         0.         0.         0.         0.
 0.         0.0196609  0.         0.         0.         0.
 0.         0.         0.         0.         0.         0.
 0.         0.         0.         0.         0.01829799 0.
 0.02683561 0.         0.         0.05902847 0.         0.
 0.         0.         0.         0.04359987 0.         0.
 0.         0.         0.         0.         0.         0.
 0.         0.        ]
deepbreaks
y_true:  [0. 0. 0. 0. 0. 0. 0. 0. 0. 1. 1. 1. 1. 1. 1. 1. 1. 1. 0. 0. 0. 0. 0. 0.
 0. 0. 0. 0. 0. 0. 0. 0. 0. 0. 0. 0. 0. 0. 0. 0. 0. 0. 0. 0. 0. 0. 0. 0.
 0. 0. 0. 0. 0. 0. 1. 1. 1. 1. 1. 1. 1. 1. 1. 1. 1. 1. 1. 1. 1. 1. 1. 1.
 1. 1. 1. 1. 1. 1. 1. 1. 1. 1. 1. 1. 1. 1. 1. 1. 1. 1. 0. 0. 0. 0. 0. 0.
 0. 0. 0. 0. 0. 0. 0. 0. 0. 0. 0. 0. 0. 0. 0. 0. 0. 0. 0. 0. 0. 0. 0. 0.
 0. 0. 0. 0. 0. 0. 0. 0. 0. 0. 0. 0. 0. 0. 0. 0. 0. 0. 0. 0. 0. 0. 0. 0.
 0. 0. 0. 0. 0. 0. 0. 0. 0. 0. 0. 0. 0. 0. 0. 0. 0. 0. 0. 0. 0. 0. 0. 0.
 0. 0. 0. 0. 0. 0. 0. 0. 0. 0. 0. 0. 0. 0. 0. 0. 0. 0. 0. 0. 0. 0. 0. 0.
 0. 0. 0. 0. 0. 0. 0. 0.]
y_pred:  [0. 0. 0. 0. 0. 0. 0. 0. 0. 1. 1. 1. 1. 1. 1. 1. 1. 1. 0. 0. 0. 0. 0. 0.
 0. 0. 0. 0. 0. 0. 0. 0. 0. 0. 0. 0. 0. 0. 0. 0. 0. 0. 0. 0. 0. 1. 1. 1.
 1. 1. 1. 1. 1. 1. 1. 1. 1. 1. 1. 1. 1. 1. 1. 1. 1. 1. 1. 1. 1. 1. 1. 1.
 1. 1. 1. 1. 1. 1. 1. 1. 1. 1. 1. 1. 1. 1. 1. 1. 1. 1. 0. 0. 0. 0. 0. 0.
 0. 0. 0. 0. 0. 0. 0. 0. 0. 0. 0. 0. 0. 0. 0. 0. 0. 0. 0. 0. 0. 0. 0. 0.
 0. 0. 0. 0. 0. 0. 0. 0. 0. 0. 0. 0. 0. 0. 0. 0. 0. 0. 0. 0. 0. 0. 0. 0.
 0. 0. 0. 0. 0. 0. 0. 0. 0. 0. 0. 0. 0. 0. 0. 0. 0. 0. 0. 0. 0. 0. 0. 0.
 0. 0. 0. 0. 0. 0. 0. 0. 0. 0. 0. 0. 0. 0. 0. 0. 0. 0. 0. 0. 0. 0. 0. 0.
 0. 0. 0. 0. 0. 0. 0. 0.]
Normalized importance:  [0.32114883 0.15535248 0.37206266 0.02362924 0.11775457 0.
 0.09543081 0.25587467 0.04477807 0.75979112 0.30156658 0.37597911
 0.49086162 0.48694517 0.6227154  0.33942559 0.07245431 0.66579634
 0.38642298 0.30939948 0.         0.20496084 0.31592689 0.4151436
 0.28851175 0.05326371 0.26370757 0.26240209 0.43603133 0.06005222
 0.         0.05234987 0.1383812  0.15143603 0.28981723 0.12258486
 0.52349869 0.15013055 0.14751958 0.         0.25979112 0.68798956
 0.         0.5078329  0.23759791 0.51697128 0.39033943 0.29634465
 0.         0.25587467 0.55091384 0.15274151 0.25065274 0.3381201
 0.74412533 0.70887728 0.52219321 0.22584856 0.46475196 0.3772846
 0.56657963 0.33942559 0.67624021 0.60704961 0.55744125 0.46997389
 0.06736292 0.48302872 0.39425587 0.54830287 0.27937337 0.65535248
 0.92819843 0.55483029 0.33681462 0.03498695 0.31592689 0.61096606
 0.45169713 0.56266319 0.41775457 1.         0.53133159 0.35770235
 0.62663185 0.54177546 0.71932115 0.82114883 0.38642298 0.44778068
 0.         0.10535248 0.41775457 0.25848564 0.24412533 0.
 0.49608355 0.         0.1618799  0.         0.24412533 0.
 0.         0.         0.24934726 0.3002611  0.         0.15665796
 0.10887728 0.         0.         0.         0.         0.20496084
 0.34986945 0.23890339 0.         0.         0.20104439 0.
 0.         0.07650131 0.         0.37075718 0.         0.26240209
 0.08224543 0.         0.23890339 0.05861619 0.39817232 0.13707572
 0.08146214 0.         0.39556136 0.         0.05796345 0.
 0.         0.         0.         0.         0.26501305 0.31984334
 0.         0.         0.11488251 0.00646214 0.31462141 0.
 0.18407311 0.         0.35509138 0.         0.         0.
 0.37859008 0.         0.         0.         0.         0.14360313
 0.         0.33550914 0.         0.06383812 0.         0.
 0.14490862 0.         0.         0.         0.13185379 0.
 0.         0.05548303 0.04908616 0.29503916 0.12715405 0.34464752
 0.18276762 0.         0.2767624  0.48041775 0.         0.
 0.         0.         0.         0.1997389  0.         0.
 0.         0.20365535 0.         0.22454308 0.20365535 0.14099217
 0.         0.        ]
pyseer
y_true:  [0. 0. 0. 0. 0. 0. 0. 0. 0. 1. 1. 1. 1. 1. 1. 1. 1. 1. 0. 0. 0. 0. 0. 0.
 0. 0. 0. 0. 0. 0. 0. 0. 0. 0. 0. 0. 0. 0. 0. 0. 0. 0. 0. 0. 0. 0. 0. 0.
 0. 0. 0. 0. 0. 0. 1. 1. 1. 1. 1. 1. 1. 1. 1. 1. 1. 1. 1. 1. 1. 1. 1. 1.
 1. 1. 1. 1. 1. 1. 1. 1. 1. 1. 1. 1. 1. 1. 1. 1. 1. 1. 0. 0. 0. 0. 0. 0.
 0. 0. 0. 0. 0. 0. 0. 0. 0. 0. 0. 0. 0. 0. 0. 0. 0. 0. 0. 0. 0. 0. 0. 0.
 0. 0. 0. 0. 0. 0. 0. 0. 0. 0. 0. 0. 0. 0. 0. 0. 0. 0. 0. 0. 0. 0. 0. 0.
 0. 0. 0. 0. 0. 0. 0. 0. 0. 0. 0. 0. 0. 0. 0. 0. 0. 0. 0. 0. 0. 0. 0. 0.
 0. 0. 0. 0. 0. 0. 0. 0. 0. 0. 0. 0. 0. 0. 0. 0. 0. 0. 0. 0. 0. 0. 0. 0.
 0. 0. 0. 0. 0. 0. 0. 0.]
y_pred:  [1. 0. 1. 0. 0. 0. 0. 0. 0. 1. 1. 1. 1. 1. 1. 1. 0. 1. 1. 1. 0. 0. 1. 1.
 0. 0. 0. 0. 1. 0. 0. 0. 0. 0. 0. 0. 1. 0. 0. 0. 0. 1. 0. 1. 0. 1. 1. 0.
 0. 0. 1. 0. 0. 1. 1. 1. 1. 0. 1. 1. 1. 1. 1. 1. 1. 1. 0. 1. 1. 1. 0. 1.
 1. 1. 1. 0. 1. 1. 1. 1. 1. 1. 1. 1. 1. 1. 1. 1. 1. 1. 0. 0. 1. 0. 0. 0.
 1. 0. 0. 0. 0. 0. 0. 0. 0. 1. 0. 0. 0. 0. 0. 0. 0. 0. 1. 0. 0. 0. 0. 0.
 0. 0. 0. 1. 0. 0. 0. 0. 0. 0. 1. 0. 0. 0. 1. 0. 0. 0. 0. 0. 0. 0. 0. 1.
 0. 0. 0. 0. 1. 0. 0. 0. 1. 0. 0. 0. 1. 0. 0. 0. 0. 0. 0. 1. 0. 0. 0. 0.
 0. 0. 0. 0. 0. 0. 0. 0. 0. 0. 0. 1. 0. 0. 0. 1. 0. 0. 0. 0. 0. 0. 0. 0.
 0. 0. 0. 0. 0. 0. 0. 0.]
Time taken: 24.373948097229004 seconds
Running combination 8 of 50
Fitting RandomForest...
Fitting Adaboost...
Fitting AdaBoost_2...
Fitting et...
Fitting gbc...
Fitting gbc_2...
Fitting gbc_3...
Fitting dt...
Fitting lr...
Fitting Lasso_1...
Fitting Lasso_2...
Fitting Lasso_3...
Fitting Lasso_4...
Fitting elasticnet...
VCF file created successfully.
pyseer stderr:  Read 1000 phenotypes
Detected continuous phenotype
Reading all variants

0variants [00:00, ?variants/s]
50variants [00:00, 496.46variants/s]
100variants [00:00, 434.68variants/s]
152variants [00:00, 467.53variants/s]
198variants [00:00, 477.69variants/s]
Applying correlation filtering

  0%|          | 0/198 [00:00<?, ?variants/s]
100%|██████████| 198/198 [00:00<00:00, 2610.33variants/s]
Fitting elastic net to top 148 variants
Best penalty (lambda) from cross-validation: 3.30E+01
Best R^2 from cross-validation: 0.471
Finding and printing selected variants
198 loaded variants
50 pre-filtered variants
148 tested variants
138 printed variants

True importance standardized:  [0.93182717 0.93182717 0.93182717 0.93182717 0.93182717 0.93182717
 0.93182717 0.93182717 0.93182717 0.72729918 0.72729918 0.72729918
 0.72729918 0.72729918 0.72729918 0.72729918 0.72729918 0.72729918
 0.11008897 0.11008897 0.11008897 0.11008897 0.11008897 0.11008897
 0.11008897 0.11008897 0.11008897 0.27651402 0.27651402 0.27651402
 0.27651402 0.27651402 0.27651402 0.27651402 0.27651402 0.27651402
 0.51039143 0.51039143 0.51039143 0.51039143 0.51039143 0.51039143
 0.51039143 0.51039143 0.51039143 1.         1.         1.
 1.         1.         1.         1.         1.         1.
 0.1908719  0.1908719  0.1908719  0.1908719  0.1908719  0.1908719
 0.1908719  0.1908719  0.1908719  0.50840407 0.50840407 0.50840407
 0.50840407 0.50840407 0.50840407 0.50840407 0.50840407 0.50840407
 0.99587091 0.99587091 0.99587091 0.99587091 0.99587091 0.99587091
 0.99587091 0.99587091 0.99587091 0.9950512  0.9950512  0.9950512
 0.9950512  0.9950512  0.9950512  0.9950512  0.9950512  0.9950512
 0.         0.         0.         0.         0.         0.
 0.         0.         0.         0.         0.         0.
 0.         0.         0.         0.         0.         0.
 0.         0.         0.         0.         0.         0.
 0.         0.         0.         0.         0.         0.
 0.         0.         0.         0.         0.         0.
 0.         0.         0.         0.         0.         0.
 0.         0.         0.         0.         0.         0.
 0.         0.         0.         0.         0.         0.
 0.         0.         0.         0.         0.         0.
 0.         0.         0.         0.         0.         0.
 0.         0.         0.         0.         0.         0.
 0.         0.         0.         0.         0.         0.
 0.         0.         0.         0.         0.         0.
 0.         0.         0.         0.         0.         0.
 0.         0.         0.         0.         0.         0.
 0.         0.         0.         0.         0.         0.
 0.         0.         0.         0.         0.         0.
 0.         0.        ]
Normalized importance:  [0.93675644 0.93675644 0.93675644 0.93675644 0.93675644 0.93675644
 0.93675644 0.93675644 0.93675644 0.79429562 0.79429562 0.79429562
 0.79429562 0.79429562 0.79429562 0.79429562 0.79429562 0.79429562
 0.02163146 0.02163146 0.02163146 0.         0.02163146 0.02163146
 0.02163146 0.         0.02163146 0.0403109  0.0403109  0.0403109
 0.         0.0403109  0.         0.0403109  0.         0.
 0.4453226  0.4453226  0.4453226  0.4453226  0.4453226  0.4453226
 0.4453226  0.4453226  0.4453226  1.         1.         1.
 1.         1.         1.         1.         1.         1.
 0.         0.         0.         0.         0.         0.
 0.         0.         0.         0.1297818  0.1297818  0.1297818
 0.1297818  0.1297818  0.1297818  0.1297818  0.1297818  0.1297818
 0.89936526 0.89936526 0.89936526 0.89936526 0.89936526 0.89936526
 0.89936526 0.89936526 0.89936526 0.81811099 0.81811099 0.81811099
 0.81811099 0.81811099 0.81811099 0.81811099 0.81811099 0.81811099
 0.06460433 0.         0.         0.         0.         0.
 0.         0.         0.         0.         0.04130274 0.
 0.         0.         0.         0.         0.         0.
 0.         0.         0.         0.04477957 0.         0.
 0.01818906 0.         0.08018474 0.03243283 0.         0.02593095
 0.         0.         0.01286501 0.         0.01846187 0.
 0.         0.         0.01532689 0.         0.03940454 0.
 0.         0.         0.         0.         0.         0.
 0.         0.         0.         0.         0.         0.
 0.         0.         0.         0.         0.         0.
 0.         0.00760705 0.         0.         0.         0.
 0.         0.03769821 0.         0.         0.         0.
 0.         0.         0.         0.         0.         0.
 0.02830721 0.         0.00656615 0.00368076 0.01138548 0.
 0.         0.         0.         0.         0.         0.
 0.         0.         0.         0.         0.         0.
 0.0433072  0.         0.         0.         0.         0.
 0.         0.         0.         0.         0.         0.
 0.         0.        ]
deepbreaks
y_true:  [1. 1. 1. 1. 1. 1. 1. 1. 1. 1. 1. 1. 1. 1. 1. 1. 1. 1. 0. 0. 0. 0. 0. 0.
 0. 0. 0. 0. 0. 0. 0. 0. 0. 0. 0. 0. 0. 0. 0. 0. 0. 0. 0. 0. 0. 1. 1. 1.
 1. 1. 1. 1. 1. 1. 0. 0. 0. 0. 0. 0. 0. 0. 0. 0. 0. 0. 0. 0. 0. 0. 0. 0.
 1. 1. 1. 1. 1. 1. 1. 1. 1. 1. 1. 1. 1. 1. 1. 1. 1. 1. 0. 0. 0. 0. 0. 0.
 0. 0. 0. 0. 0. 0. 0. 0. 0. 0. 0. 0. 0. 0. 0. 0. 0. 0. 0. 0. 0. 0. 0. 0.
 0. 0. 0. 0. 0. 0. 0. 0. 0. 0. 0. 0. 0. 0. 0. 0. 0. 0. 0. 0. 0. 0. 0. 0.
 0. 0. 0. 0. 0. 0. 0. 0. 0. 0. 0. 0. 0. 0. 0. 0. 0. 0. 0. 0. 0. 0. 0. 0.
 0. 0. 0. 0. 0. 0. 0. 0. 0. 0. 0. 0. 0. 0. 0. 0. 0. 0. 0. 0. 0. 0. 0. 0.
 0. 0. 0. 0. 0. 0. 0. 0.]
y_pred:  [1. 1. 1. 1. 1. 1. 1. 1. 1. 1. 1. 1. 1. 1. 1. 1. 1. 1. 0. 0. 0. 0. 0. 0.
 0. 0. 0. 0. 0. 0. 0. 0. 0. 0. 0. 0. 1. 1. 1. 1. 1. 1. 1. 1. 1. 1. 1. 1.
 1. 1. 1. 1. 1. 1. 0. 0. 0. 0. 0. 0. 0. 0. 0. 0. 0. 0. 0. 0. 0. 0. 0. 0.
 1. 1. 1. 1. 1. 1. 1. 1. 1. 1. 1. 1. 1. 1. 1. 1. 1. 1. 0. 0. 0. 0. 0. 0.
 0. 0. 0. 0. 0. 0. 0. 0. 0. 0. 0. 0. 0. 0. 0. 0. 0. 0. 0. 0. 0. 0. 0. 0.
 0. 0. 0. 0. 0. 0. 0. 0. 0. 0. 0. 0. 0. 0. 0. 0. 0. 0. 0. 0. 0. 0. 0. 0.
 0. 0. 0. 0. 0. 0. 0. 0. 0. 0. 0. 0. 0. 0. 0. 0. 0. 0. 0. 0. 0. 0. 0. 0.
 0. 0. 0. 0. 0. 0. 0. 0. 0. 0. 0. 0. 0. 0. 0. 0. 0. 0. 0. 0. 0. 0. 0. 0.
 0. 0. 0. 0. 0. 0. 0. 0.]
Normalized importance:  [1.         0.56946183 0.29411765 0.40425532 0.26908636 0.74217772
 0.31289111 0.46057572 0.66332916 0.67709637 0.         0.58072591
 0.28785982 0.22778473 0.3979975  0.22403004 0.51188986 0.41677096
 0.10375469 0.22778473 0.36420526 0.00395494 0.         0.08135169
 0.         0.13141427 0.26157697 0.24030038 0.15018773 0.26533166
 0.11439299 0.22403004 0.         0.30788486 0.18898623 0.
 0.31289111 0.19274093 0.50813517 0.18898623 0.44931164 0.31664581
 0.44180225 0.24405507 0.27284105 0.82227785 0.14768461 0.17521902
 0.28410513 0.37546934 0.54818523 0.49687109 0.38172716 0.76345432
 0.33667084 0.         0.13642053 0.38047559 0.         0.
 0.         0.         0.17772215 0.45932416 0.39173967 0.32916145
 0.30037547 0.07584481 0.43429287 0.2640801  0.46182728 0.06045056
 0.61451815 0.29411765 0.48060075 0.52315394 0.40675845 0.42803504
 0.44305382 0.29662078 0.57446809 0.89612015 0.64831039 0.55444305
 0.         0.62578223 0.         0.39048811 0.40300375 0.5068836
 0.34042553 0.         0.         0.10663329 0.         0.
 0.281602   0.         0.1689612  0.0922403  0.35043805 0.
 0.         0.         0.16770964 0.27784731 0.         0.
 0.19899875 0.23404255 0.         0.23779725 0.17021277 0.
 0.24030038 0.         0.42428035 0.42928661 0.08047559 0.38548185
 0.14142678 0.17396746 0.13642053 0.         0.20525657 0.
 0.18022528 0.01326658 0.53316646 0.         0.41426783 0.29286608
 0.         0.         0.         0.23529412 0.         0.41051314
 0.         0.14267835 0.         0.18523154 0.         0.
 0.26783479 0.         0.         0.06933667 0.09974969 0.02428035
 0.14017522 0.         0.08836045 0.02465582 0.04455569 0.
 0.03967459 0.41677096 0.26533166 0.32415519 0.         0.05168961
 0.         0.         0.10600751 0.         0.         0.27534418
 0.45306633 0.15018773 0.22403004 0.06758448 0.37046308 0.
 0.         0.         0.         0.31664581 0.         0.
 0.         0.         0.         0.24155194 0.30538173 0.
 0.40926158 0.18272841 0.22653317 0.         0.23904881 0.
 0.09974969 0.         0.10963705 0.         0.         0.04380476
 0.         0.        ]
pyseer
y_true:  [1. 1. 1. 1. 1. 1. 1. 1. 1. 1. 1. 1. 1. 1. 1. 1. 1. 1. 0. 0. 0. 0. 0. 0.
 0. 0. 0. 0. 0. 0. 0. 0. 0. 0. 0. 0. 0. 0. 0. 0. 0. 0. 0. 0. 0. 1. 1. 1.
 1. 1. 1. 1. 1. 1. 0. 0. 0. 0. 0. 0. 0. 0. 0. 0. 0. 0. 0. 0. 0. 0. 0. 0.
 1. 1. 1. 1. 1. 1. 1. 1. 1. 1. 1. 1. 1. 1. 1. 1. 1. 1. 0. 0. 0. 0. 0. 0.
 0. 0. 0. 0. 0. 0. 0. 0. 0. 0. 0. 0. 0. 0. 0. 0. 0. 0. 0. 0. 0. 0. 0. 0.
 0. 0. 0. 0. 0. 0. 0. 0. 0. 0. 0. 0. 0. 0. 0. 0. 0. 0. 0. 0. 0. 0. 0. 0.
 0. 0. 0. 0. 0. 0. 0. 0. 0. 0. 0. 0. 0. 0. 0. 0. 0. 0. 0. 0. 0. 0. 0. 0.
 0. 0. 0. 0. 0. 0. 0. 0. 0. 0. 0. 0. 0. 0. 0. 0. 0. 0. 0. 0. 0. 0. 0. 0.
 0. 0. 0. 0. 0. 0. 0. 0.]
y_pred:  [1. 1. 1. 1. 0. 1. 1. 1. 1. 1. 0. 1. 1. 0. 1. 0. 1. 1. 0. 0. 1. 0. 0. 0.
 0. 0. 0. 0. 0. 0. 0. 0. 0. 1. 0. 0. 1. 0. 1. 0. 1. 1. 1. 0. 0. 1. 0. 0.
 1. 1. 1. 1. 1. 1. 1. 0. 0. 1. 0. 0. 0. 0. 0. 1. 1. 1. 1. 0. 1. 0. 1. 0.
 1. 1. 1. 1. 1. 1. 1. 1. 1. 1. 1. 1. 0. 1. 0. 1. 1. 1. 1. 0. 0. 0. 0. 0.
 1. 0. 0. 0. 1. 0. 0. 0. 0. 0. 0. 0. 0. 0. 0. 0. 0. 0. 0. 0. 1. 1. 0. 1.
 0. 0. 0. 0. 0. 0. 0. 0. 1. 0. 1. 1. 0. 0. 0. 0. 0. 1. 0. 0. 0. 0. 0. 0.
 0. 0. 0. 0. 0. 0. 0. 0. 0. 0. 0. 0. 0. 1. 0. 1. 0. 0. 0. 0. 0. 0. 0. 0.
 1. 0. 0. 0. 1. 0. 0. 0. 0. 1. 0. 0. 0. 0. 0. 0. 1. 0. 1. 0. 0. 0. 0. 0.
 0. 0. 0. 0. 0. 0. 0. 0.]
Time taken: 24.361717700958252 seconds
Running combination 9 of 50
Fitting RandomForest...
Fitting Adaboost...
Fitting AdaBoost_2...
Fitting et...
Fitting gbc...
Fitting gbc_2...
Fitting gbc_3...
Fitting dt...
Fitting lr...
Fitting Lasso_1...
Fitting Lasso_2...
Fitting Lasso_3...
Fitting Lasso_4...
Fitting elasticnet...
VCF file created successfully.
pyseer stderr:  Read 1000 phenotypes
Detected continuous phenotype
Reading all variants

0variants [00:00, ?variants/s]
43variants [00:00, 285.46variants/s]
80variants [00:00, 324.60variants/s]
135variants [00:00, 415.37variants/s]
190variants [00:00, 464.57variants/s]
198variants [00:00, 423.45variants/s]
Applying correlation filtering

  0%|          | 0/198 [00:00<?, ?variants/s]
100%|██████████| 198/198 [00:00<00:00, 2733.85variants/s]
Fitting elastic net to top 148 variants
Best penalty (lambda) from cross-validation: 2.28E+01
Best R^2 from cross-validation: 0.518
Finding and printing selected variants
198 loaded variants
50 pre-filtered variants
148 tested variants
137 printed variants

True importance standardized:  [0.35301151 0.35301151 0.35301151 0.35301151 0.35301151 0.35301151
 0.35301151 0.35301151 0.35301151 0.18360096 0.18360096 0.18360096
 0.18360096 0.18360096 0.18360096 0.18360096 0.18360096 0.18360096
 0.68230518 0.68230518 0.68230518 0.68230518 0.68230518 0.68230518
 0.68230518 0.68230518 0.68230518 0.69442518 0.69442518 0.69442518
 0.69442518 0.69442518 0.69442518 0.69442518 0.69442518 0.69442518
 0.20457741 0.20457741 0.20457741 0.20457741 0.20457741 0.20457741
 0.20457741 0.20457741 0.20457741 0.69421295 0.69421295 0.69421295
 0.69421295 0.69421295 0.69421295 0.69421295 0.69421295 0.69421295
 1.         1.         1.         1.         1.         1.
 1.         1.         1.         0.99883497 0.99883497 0.99883497
 0.99883497 0.99883497 0.99883497 0.99883497 0.99883497 0.99883497
 0.81165193 0.81165193 0.81165193 0.81165193 0.81165193 0.81165193
 0.81165193 0.81165193 0.81165193 0.23250307 0.23250307 0.23250307
 0.23250307 0.23250307 0.23250307 0.23250307 0.23250307 0.23250307
 0.         0.         0.         0.         0.         0.
 0.         0.         0.         0.         0.         0.
 0.         0.         0.         0.         0.         0.
 0.         0.         0.         0.         0.         0.
 0.         0.         0.         0.         0.         0.
 0.         0.         0.         0.         0.         0.
 0.         0.         0.         0.         0.         0.
 0.         0.         0.         0.         0.         0.
 0.         0.         0.         0.         0.         0.
 0.         0.         0.         0.         0.         0.
 0.         0.         0.         0.         0.         0.
 0.         0.         0.         0.         0.         0.
 0.         0.         0.         0.         0.         0.
 0.         0.         0.         0.         0.         0.
 0.         0.         0.         0.         0.         0.
 0.         0.         0.         0.         0.         0.
 0.         0.         0.         0.         0.         0.
 0.         0.         0.         0.         0.         0.
 0.         0.        ]
Normalized importance:  [0.11337915 0.11337915 0.11337915 0.11337915 0.11337915 0.11337915
 0.11337915 0.11337915 0.11337915 0.06098069 0.06098069 0.06098069
 0.         0.06098069 0.         0.         0.         0.
 0.28508237 0.28508237 0.28508237 0.28508237 0.28508237 0.28508237
 0.28508237 0.28508237 0.28508237 0.55452029 0.55452029 0.55452029
 0.55452029 0.55452029 0.55452029 0.55452029 0.55452029 0.55452029
 0.03421547 0.03421547 0.03421547 0.03421547 0.         0.03421547
 0.03421547 0.03421547 0.03421547 0.46962328 0.46962328 0.46962328
 0.46962328 0.46962328 0.46962328 0.46962328 0.46962328 0.46962328
 0.97083764 0.97083764 0.97083764 0.97083764 0.97083764 0.97083764
 0.97083764 0.97083764 0.97083764 1.         1.         1.
 1.         1.         1.         1.         1.         1.
 0.71477843 0.71477843 0.71477843 0.71477843 0.71477843 0.71477843
 0.71477843 0.71477843 0.71477843 0.05141786 0.05141786 0.
 0.05141786 0.         0.05141786 0.05141786 0.05141786 0.05141786
 0.         0.         0.         0.         0.03133728 0.
 0.         0.         0.         0.         0.         0.
 0.         0.         0.         0.         0.         0.
 0.         0.         0.0345375  0.         0.         0.
 0.03305647 0.01406489 0.00960576 0.         0.         0.01244003
 0.         0.         0.         0.         0.         0.00820107
 0.         0.         0.         0.         0.         0.
 0.         0.         0.         0.         0.         0.06083663
 0.         0.         0.         0.         0.         0.
 0.         0.         0.         0.         0.         0.03220974
 0.         0.         0.         0.         0.         0.
 0.         0.         0.         0.         0.         0.01043055
 0.         0.         0.         0.         0.         0.
 0.         0.         0.         0.         0.         0.
 0.         0.         0.         0.         0.         0.
 0.         0.         0.00433838 0.         0.         0.01114278
 0.         0.         0.         0.         0.         0.
 0.         0.         0.         0.         0.01185641 0.
 0.         0.        ]
deepbreaks
y_true:  [0. 0. 0. 0. 0. 0. 0. 0. 0. 0. 0. 0. 0. 0. 0. 0. 0. 0. 0. 0. 0. 0. 0. 0.
 0. 0. 0. 1. 1. 1. 1. 1. 1. 1. 1. 1. 0. 0. 0. 0. 0. 0. 0. 0. 0. 1. 1. 1.
 1. 1. 1. 1. 1. 1. 1. 1. 1. 1. 1. 1. 1. 1. 1. 1. 1. 1. 1. 1. 1. 1. 1. 1.
 1. 1. 1. 1. 1. 1. 1. 1. 1. 0. 0. 0. 0. 0. 0. 0. 0. 0. 0. 0. 0. 0. 0. 0.
 0. 0. 0. 0. 0. 0. 0. 0. 0. 0. 0. 0. 0. 0. 0. 0. 0. 0. 0. 0. 0. 0. 0. 0.
 0. 0. 0. 0. 0. 0. 0. 0. 0. 0. 0. 0. 0. 0. 0. 0. 0. 0. 0. 0. 0. 0. 0. 0.
 0. 0. 0. 0. 0. 0. 0. 0. 0. 0. 0. 0. 0. 0. 0. 0. 0. 0. 0. 0. 0. 0. 0. 0.
 0. 0. 0. 0. 0. 0. 0. 0. 0. 0. 0. 0. 0. 0. 0. 0. 0. 0. 0. 0. 0. 0. 0. 0.
 0. 0. 0. 0. 0. 0. 0. 0.]
y_pred:  [0. 0. 0. 0. 0. 0. 0. 0. 0. 0. 0. 0. 0. 0. 0. 0. 0. 0. 1. 1. 1. 1. 1. 1.
 1. 1. 1. 1. 1. 1. 1. 1. 1. 1. 1. 1. 0. 0. 0. 0. 0. 0. 0. 0. 0. 1. 1. 1.
 1. 1. 1. 1. 1. 1. 1. 1. 1. 1. 1. 1. 1. 1. 1. 1. 1. 1. 1. 1. 1. 1. 1. 1.
 1. 1. 1. 1. 1. 1. 1. 1. 1. 0. 0. 0. 0. 0. 0. 0. 0. 0. 0. 0. 0. 0. 0. 0.
 0. 0. 0. 0. 0. 0. 0. 0. 0. 0. 0. 0. 0. 0. 0. 0. 0. 0. 0. 0. 0. 0. 0. 0.
 0. 0. 0. 0. 0. 0. 0. 0. 0. 0. 0. 0. 0. 0. 0. 0. 0. 0. 0. 0. 0. 0. 0. 0.
 0. 0. 0. 0. 0. 0. 0. 0. 0. 0. 0. 0. 0. 0. 0. 0. 0. 0. 0. 0. 0. 0. 0. 0.
 0. 0. 0. 0. 0. 0. 0. 0. 0. 0. 0. 0. 0. 0. 0. 0. 0. 0. 0. 0. 0. 0. 0. 0.
 0. 0. 0. 0. 0. 0. 0. 0.]
Normalized importance:  [0.24672897 0.06242991 0.         0.22803738 0.29719626 0.07383178
 0.18878505 0.3588785  0.         0.21121495 0.18205607 0.28971963
 0.         0.09308411 0.         0.         0.03121495 0.07345794
 0.38130841 0.05588785 0.2953271  0.47663551 0.23364486 0.35327103
 0.53457944 0.48411215 0.20373832 0.69906542 0.63551402 0.47850467
 0.         0.25046729 0.11084112 0.26168224 0.45607477 0.3046729
 0.14429907 0.17102804 0.22242991 0.03626168 0.34205607 0.17345794
 0.07495327 0.20747664 0.2953271  0.54392523 0.1011215  0.49719626
 0.3364486  0.48411215 0.22803738 0.34018692 0.45607477 0.46915888
 0.80560748 0.66542056 0.53457944 0.33831776 0.36448598 0.12074766
 0.44859813 0.7271028  0.51962617 1.         0.48971963 0.40747664
 0.52149533 0.51775701 0.65046729 0.38130841 0.43551402 0.42990654
 0.69158879 0.05551402 0.34392523 0.5046729  0.59813084 0.30841121
 0.31962617 0.48037383 0.68037383 0.28224299 0.09775701 0.02803738
 0.04841121 0.08654206 0.11102804 0.15794393 0.31962617 0.23551402
 0.         0.06990654 0.21682243 0.10093458 0.45420561 0.
 0.         0.         0.         0.         0.         0.
 0.12074766 0.         0.1153271  0.         0.14224299 0.16336449
 0.29906542 0.06859813 0.43364486 0.         0.2        0.
 0.28224299 0.28224299 0.18878505 0.         0.05345794 0.22242991
 0.13420561 0.         0.         0.         0.07663551 0.21869159
 0.         0.         0.         0.25233645 0.0035514  0.
 0.09757009 0.         0.11495327 0.17962617 0.         0.54205607
 0.11364486 0.         0.         0.02224299 0.         0.17084112
 0.         0.         0.         0.         0.         0.32336449
 0.10411215 0.0717757  0.         0.         0.21308411 0.
 0.         0.30654206 0.         0.26728972 0.23738318 0.31962617
 0.         0.         0.         0.18523364 0.08915888 0.28971963
 0.         0.         0.         0.2411215  0.14579439 0.06317757
 0.         0.25233645 0.         0.         0.         0.
 0.         0.         0.11906542 0.21682243 0.17009346 0.2953271
 0.         0.         0.22803738 0.         0.         0.21495327
 0.32523364 0.         0.         0.         0.25607477 0.06598131
 0.         0.        ]
pyseer
y_true:  [0. 0. 0. 0. 0. 0. 0. 0. 0. 0. 0. 0. 0. 0. 0. 0. 0. 0. 0. 0. 0. 0. 0. 0.
 0. 0. 0. 1. 1. 1. 1. 1. 1. 1. 1. 1. 0. 0. 0. 0. 0. 0. 0. 0. 0. 1. 1. 1.
 1. 1. 1. 1. 1. 1. 1. 1. 1. 1. 1. 1. 1. 1. 1. 1. 1. 1. 1. 1. 1. 1. 1. 1.
 1. 1. 1. 1. 1. 1. 1. 1. 1. 0. 0. 0. 0. 0. 0. 0. 0. 0. 0. 0. 0. 0. 0. 0.
 0. 0. 0. 0. 0. 0. 0. 0. 0. 0. 0. 0. 0. 0. 0. 0. 0. 0. 0. 0. 0. 0. 0. 0.
 0. 0. 0. 0. 0. 0. 0. 0. 0. 0. 0. 0. 0. 0. 0. 0. 0. 0. 0. 0. 0. 0. 0. 0.
 0. 0. 0. 0. 0. 0. 0. 0. 0. 0. 0. 0. 0. 0. 0. 0. 0. 0. 0. 0. 0. 0. 0. 0.
 0. 0. 0. 0. 0. 0. 0. 0. 0. 0. 0. 0. 0. 0. 0. 0. 0. 0. 0. 0. 0. 0. 0. 0.
 0. 0. 0. 0. 0. 0. 0. 0.]
y_pred:  [1. 0. 0. 0. 1. 0. 0. 1. 0. 0. 0. 1. 0. 0. 0. 0. 0. 0. 1. 0. 1. 1. 0. 1.
 1. 1. 0. 1. 1. 1. 0. 1. 0. 1. 1. 1. 0. 0. 0. 0. 1. 0. 0. 0. 1. 1. 0. 1.
 1. 1. 0. 1. 1. 1. 1. 1. 1. 1. 1. 0. 1. 1. 1. 1. 1. 1. 1. 1. 1. 1. 1. 1.
 1. 0. 1. 1. 1. 1. 1. 1. 1. 1. 0. 0. 0. 0. 0. 0. 1. 0. 0. 0. 0. 0. 1. 0.
 0. 0. 0. 0. 0. 0. 0. 0. 0. 0. 0. 0. 1. 0. 1. 0. 0. 0. 1. 1. 0. 0. 0. 0.
 0. 0. 0. 0. 0. 0. 0. 0. 0. 1. 0. 0. 0. 0. 0. 0. 0. 1. 0. 0. 0. 0. 0. 0.
 0. 0. 0. 0. 0. 1. 0. 0. 0. 0. 0. 0. 0. 1. 0. 1. 0. 1. 0. 0. 0. 0. 0. 1.
 0. 0. 0. 0. 0. 0. 0. 1. 0. 0. 0. 0. 0. 0. 0. 0. 0. 1. 0. 0. 0. 0. 0. 0.
 1. 0. 0. 0. 1. 0. 0. 0.]
Time taken: 24.313626527786255 seconds
Running combination 10 of 50
Fitting RandomForest...
Fitting Adaboost...
Fitting AdaBoost_2...
Fitting et...
Fitting gbc...
Fitting gbc_2...
Fitting gbc_3...
Fitting dt...
Fitting lr...
Fitting Lasso_1...
Fitting Lasso_2...
Fitting Lasso_3...
Fitting Lasso_4...
Fitting elasticnet...
VCF file created successfully.
pyseer stderr:  Read 1000 phenotypes
Detected continuous phenotype
Reading all variants

0variants [00:00, ?variants/s]
53variants [00:00, 528.46variants/s]
106variants [00:00, 468.12variants/s]
161variants [00:00, 502.27variants/s]
198variants [00:00, 507.32variants/s]
Applying correlation filtering

  0%|          | 0/198 [00:00<?, ?variants/s]
100%|██████████| 198/198 [00:00<00:00, 2687.33variants/s]
Fitting elastic net to top 148 variants
Best penalty (lambda) from cross-validation: 2.62E+01
Best R^2 from cross-validation: 0.420
Finding and printing selected variants
198 loaded variants
50 pre-filtered variants
148 tested variants
141 printed variants

True importance standardized:  [0.4169027  0.4169027  0.4169027  0.4169027  0.4169027  0.4169027
 0.4169027  0.4169027  0.4169027  0.38485095 0.38485095 0.38485095
 0.38485095 0.38485095 0.38485095 0.38485095 0.38485095 0.38485095
 0.79631926 0.79631926 0.79631926 0.79631926 0.79631926 0.79631926
 0.79631926 0.79631926 0.79631926 1.         1.         1.
 1.         1.         1.         1.         1.         1.
 0.60507588 0.60507588 0.60507588 0.60507588 0.60507588 0.60507588
 0.60507588 0.60507588 0.60507588 0.32628496 0.32628496 0.32628496
 0.32628496 0.32628496 0.32628496 0.32628496 0.32628496 0.32628496
 0.77355737 0.77355737 0.77355737 0.77355737 0.77355737 0.77355737
 0.77355737 0.77355737 0.77355737 0.33834665 0.33834665 0.33834665
 0.33834665 0.33834665 0.33834665 0.33834665 0.33834665 0.33834665
 0.86456989 0.86456989 0.86456989 0.86456989 0.86456989 0.86456989
 0.86456989 0.86456989 0.86456989 0.3851674  0.3851674  0.3851674
 0.3851674  0.3851674  0.3851674  0.3851674  0.3851674  0.3851674
 0.         0.         0.         0.         0.         0.
 0.         0.         0.         0.         0.         0.
 0.         0.         0.         0.         0.         0.
 0.         0.         0.         0.         0.         0.
 0.         0.         0.         0.         0.         0.
 0.         0.         0.         0.         0.         0.
 0.         0.         0.         0.         0.         0.
 0.         0.         0.         0.         0.         0.
 0.         0.         0.         0.         0.         0.
 0.         0.         0.         0.         0.         0.
 0.         0.         0.         0.         0.         0.
 0.         0.         0.         0.         0.         0.
 0.         0.         0.         0.         0.         0.
 0.         0.         0.         0.         0.         0.
 0.         0.         0.         0.         0.         0.
 0.         0.         0.         0.         0.         0.
 0.         0.         0.         0.         0.         0.
 0.         0.         0.         0.         0.         0.
 0.         0.        ]
Normalized importance:  [0.15056016 0.15056016 0.15056016 0.15056016 0.15056016 0.15056016
 0.         0.15056016 0.15056016 0.16667553 0.16667553 0.16667553
 0.16667553 0.16667553 0.16667553 0.16667553 0.16667553 0.16667553
 0.88087959 0.88087959 0.88087959 0.88087959 0.88087959 0.88087959
 0.88087959 0.88087959 0.88087959 0.73844079 0.73844079 0.73844079
 0.73844079 0.73844079 0.73844079 0.73844079 0.73844079 0.73844079
 0.21527921 0.21527921 0.21527921 0.21527921 0.21527921 0.21527921
 0.21527921 0.21527921 0.21527921 0.08062456 0.         0.08062456
 0.08062456 0.08062456 0.08062456 0.08062456 0.08062456 0.08062456
 0.6648086  0.6648086  0.6648086  0.6648086  0.6648086  0.6648086
 0.6648086  0.6648086  0.6648086  0.31635512 0.31635512 0.31635512
 0.31635512 0.31635512 0.31635512 0.31635512 0.31635512 0.31635512
 1.         1.         1.         1.         1.         1.
 1.         1.         1.         0.12054652 0.12054652 0.12054652
 0.12054652 0.12054652 0.12054652 0.12054652 0.12054652 0.12054652
 0.         0.         0.06190326 0.         0.         0.
 0.04373797 0.         0.         0.         0.         0.
 0.0443129  0.         0.         0.         0.         0.
 0.         0.         0.         0.05733181 0.         0.
 0.04258077 0.         0.         0.         0.         0.
 0.02768441 0.         0.         0.         0.         0.
 0.         0.         0.         0.         0.         0.
 0.         0.         0.         0.         0.         0.
 0.         0.         0.         0.03350115 0.         0.
 0.         0.         0.         0.         0.         0.
 0.         0.         0.         0.         0.00616076 0.
 0.         0.         0.         0.         0.         0.
 0.         0.         0.         0.         0.         0.
 0.         0.         0.         0.         0.         0.
 0.00837367 0.         0.         0.         0.         0.01197869
 0.         0.         0.         0.         0.         0.
 0.         0.         0.         0.         0.         0.01446629
 0.         0.         0.         0.         0.         0.
 0.         0.        ]
deepbreaks
y_true:  [0. 0. 0. 0. 0. 0. 0. 0. 0. 0. 0. 0. 0. 0. 0. 0. 0. 0. 1. 1. 1. 1. 1. 1.
 1. 1. 1. 1. 1. 1. 1. 1. 1. 1. 1. 1. 1. 1. 1. 1. 1. 1. 1. 1. 1. 0. 0. 0.
 0. 0. 0. 0. 0. 0. 1. 1. 1. 1. 1. 1. 1. 1. 1. 0. 0. 0. 0. 0. 0. 0. 0. 0.
 1. 1. 1. 1. 1. 1. 1. 1. 1. 0. 0. 0. 0. 0. 0. 0. 0. 0. 0. 0. 0. 0. 0. 0.
 0. 0. 0. 0. 0. 0. 0. 0. 0. 0. 0. 0. 0. 0. 0. 0. 0. 0. 0. 0. 0. 0. 0. 0.
 0. 0. 0. 0. 0. 0. 0. 0. 0. 0. 0. 0. 0. 0. 0. 0. 0. 0. 0. 0. 0. 0. 0. 0.
 0. 0. 0. 0. 0. 0. 0. 0. 0. 0. 0. 0. 0. 0. 0. 0. 0. 0. 0. 0. 0. 0. 0. 0.
 0. 0. 0. 0. 0. 0. 0. 0. 0. 0. 0. 0. 0. 0. 0. 0. 0. 0. 0. 0. 0. 0. 0. 0.
 0. 0. 0. 0. 0. 0. 0. 0.]
y_pred:  [0. 0. 0. 0. 0. 0. 0. 0. 0. 0. 0. 0. 0. 0. 0. 0. 0. 0. 1. 1. 1. 1. 1. 1.
 1. 1. 1. 1. 1. 1. 1. 1. 1. 1. 1. 1. 1. 1. 1. 1. 1. 1. 1. 1. 1. 0. 0. 0.
 0. 0. 0. 0. 0. 0. 1. 1. 1. 1. 1. 1. 1. 1. 1. 1. 1. 1. 1. 1. 1. 1. 1. 1.
 1. 1. 1. 1. 1. 1. 1. 1. 1. 0. 0. 0. 0. 0. 0. 0. 0. 0. 0. 0. 0. 0. 0. 0.
 0. 0. 0. 0. 0. 0. 0. 0. 0. 0. 0. 0. 0. 0. 0. 0. 0. 0. 0. 0. 0. 0. 0. 0.
 0. 0. 0. 0. 0. 0. 0. 0. 0. 0. 0. 0. 0. 0. 0. 0. 0. 0. 0. 0. 0. 0. 0. 0.
 0. 0. 0. 0. 0. 0. 0. 0. 0. 0. 0. 0. 0. 0. 0. 0. 0. 0. 0. 0. 0. 0. 0. 0.
 0. 0. 0. 0. 0. 0. 0. 0. 0. 0. 0. 0. 0. 0. 0. 0. 0. 0. 0. 0. 0. 0. 0. 0.
 0. 0. 0. 0. 0. 0. 0. 0.]
Normalized importance:  [0.47191011 0.28539326 0.4988764  0.36853933 0.22921348 0.18
 0.37752809 0.1094382  0.34157303 0.51460674 0.17820225 0.34382022
 0.63146067 0.2988764  0.18786517 0.11730337 0.39325843 0.33932584
 0.78651685 0.62022472 0.53932584 0.53932584 0.32134831 0.5258427
 0.5011236  0.54831461 0.         0.90786517 0.43595506 0.45168539
 0.61573034 0.33932584 0.30786517 0.38876404 0.53033708 0.48764045
 0.49213483 0.33258427 0.16539326 0.09977528 0.38876404 0.23146067
 0.32134831 0.43595506 0.32359551 0.25393258 0.01155056 0.16629213
 0.40898876 0.13842697 0.06359551 0.2211236  0.         0.2141573
 0.71685393 0.57977528 0.66966292 0.29213483 0.32359551 0.53483146
 0.09752809 0.62022472 0.32134831 0.45617978 0.30337079 0.12157303
 0.08224719 0.41348315 0.26516854 0.13617978 0.17752809 0.11303371
 1.         0.40224719 0.67640449 0.41573034 0.58426966 0.18898876
 0.55505618 0.4988764  0.38651685 0.2988764  0.39775281 0.16831461
 0.03730337 0.13325843 0.45393258 0.0087191  0.04921348 0.48988764
 0.         0.         0.40674157 0.29438202 0.         0.
 0.47865169 0.         0.         0.         0.08606742 0.
 0.53033708 0.         0.         0.06089888 0.         0.34606742
 0.14898876 0.         0.34157303 0.56629213 0.         0.
 0.42022472 0.         0.         0.         0.40224719 0.
 0.44044944 0.         0.         0.         0.         0.22044944
 0.10539326 0.15033708 0.40898876 0.         0.         0.03977528
 0.         0.19910112 0.07730337 0.         0.         0.
 0.         0.20314607 0.19505618 0.40674157 0.00840449 0.07280899
 0.         0.40898876 0.         0.         0.15595506 0.33932584
 0.         0.         0.         0.3258427  0.11460674 0.
 0.25617978 0.42022472 0.11393258 0.04494382 0.         0.
 0.20674157 0.28314607 0.44494382 0.08853933 0.21595506 0.
 0.         0.21325843 0.         0.16764045 0.         0.55730337
 0.25842697 0.         0.         0.18808989 0.         0.43146067
 0.         0.         0.07955056 0.         0.         0.11617978
 0.09505618 0.37303371 0.         0.         0.         0.2494382
 0.21910112 0.22382022 0.         0.         0.10898876 0.
 0.         0.        ]
pyseer
y_true:  [0. 0. 0. 0. 0. 0. 0. 0. 0. 0. 0. 0. 0. 0. 0. 0. 0. 0. 1. 1. 1. 1. 1. 1.
 1. 1. 1. 1. 1. 1. 1. 1. 1. 1. 1. 1. 1. 1. 1. 1. 1. 1. 1. 1. 1. 0. 0. 0.
 0. 0. 0. 0. 0. 0. 1. 1. 1. 1. 1. 1. 1. 1. 1. 0. 0. 0. 0. 0. 0. 0. 0. 0.
 1. 1. 1. 1. 1. 1. 1. 1. 1. 0. 0. 0. 0. 0. 0. 0. 0. 0. 0. 0. 0. 0. 0. 0.
 0. 0. 0. 0. 0. 0. 0. 0. 0. 0. 0. 0. 0. 0. 0. 0. 0. 0. 0. 0. 0. 0. 0. 0.
 0. 0. 0. 0. 0. 0. 0. 0. 0. 0. 0. 0. 0. 0. 0. 0. 0. 0. 0. 0. 0. 0. 0. 0.
 0. 0. 0. 0. 0. 0. 0. 0. 0. 0. 0. 0. 0. 0. 0. 0. 0. 0. 0. 0. 0. 0. 0. 0.
 0. 0. 0. 0. 0. 0. 0. 0. 0. 0. 0. 0. 0. 0. 0. 0. 0. 0. 0. 0. 0. 0. 0. 0.
 0. 0. 0. 0. 0. 0. 0. 0.]
y_pred:  [1. 0. 1. 1. 0. 0. 1. 0. 1. 1. 0. 1. 1. 0. 0. 0. 1. 1. 1. 1. 1. 1. 1. 1.
 1. 1. 0. 1. 1. 1. 1. 1. 0. 1. 1. 1. 1. 1. 0. 0. 1. 0. 1. 1. 1. 0. 0. 0.
 1. 0. 0. 0. 0. 0. 1. 1. 1. 0. 1. 1. 0. 1. 1. 1. 0. 0. 0. 1. 0. 0. 0. 0.
 1. 1. 1. 1. 1. 0. 1. 1. 1. 0. 1. 0. 0. 0. 1. 0. 0. 1. 0. 0. 1. 0. 0. 0.
 1. 0. 0. 0. 0. 0. 1. 0. 0. 0. 0. 1. 0. 0. 1. 1. 0. 0. 1. 0. 0. 0. 1. 0.
 1. 0. 0. 0. 0. 0. 0. 0. 1. 0. 0. 0. 0. 0. 0. 0. 0. 0. 0. 0. 0. 1. 0. 0.
 0. 1. 0. 0. 0. 1. 0. 0. 0. 1. 0. 0. 0. 1. 0. 0. 0. 0. 0. 0. 1. 0. 0. 0.
 0. 0. 0. 0. 0. 1. 0. 0. 0. 0. 0. 1. 0. 0. 0. 0. 0. 0. 0. 1. 0. 0. 0. 0.
 0. 0. 0. 0. 0. 0. 0. 0.]
Time taken: 24.23782229423523 seconds
Running combination 11 of 50
Fitting RandomForest...
Fitting Adaboost...
Fitting AdaBoost_2...
Fitting et...
Fitting gbc...
Fitting gbc_2...
Fitting gbc_3...
Fitting dt...
Fitting lr...
Fitting Lasso_1...
Fitting Lasso_2...
Fitting Lasso_3...
Fitting Lasso_4...
Fitting elasticnet...
VCF file created successfully.
pyseer stderr:  Read 1000 phenotypes
Detected continuous phenotype
Reading all variants

0variants [00:00, ?variants/s]
53variants [00:00, 529.02variants/s]
106variants [00:00, 468.13variants/s]
161variants [00:00, 502.78variants/s]
198variants [00:00, 507.99variants/s]
Applying correlation filtering

  0%|          | 0/198 [00:00<?, ?variants/s]
100%|██████████| 198/198 [00:00<00:00, 2640.80variants/s]
Fitting elastic net to top 148 variants
Best penalty (lambda) from cross-validation: 1.79E+01
Best R^2 from cross-validation: 0.508
Finding and printing selected variants
198 loaded variants
50 pre-filtered variants
148 tested variants
131 printed variants

True importance standardized:  [0.94084852 0.94084852 0.94084852 0.94084852 0.94084852 0.94084852
 0.94084852 0.94084852 0.94084852 0.31392903 0.31392903 0.31392903
 0.31392903 0.31392903 0.31392903 0.31392903 0.31392903 0.31392903
 0.26687037 0.26687037 0.26687037 0.26687037 0.26687037 0.26687037
 0.26687037 0.26687037 0.26687037 0.55613305 0.55613305 0.55613305
 0.55613305 0.55613305 0.55613305 0.55613305 0.55613305 0.55613305
 0.28764565 0.28764565 0.28764565 0.28764565 0.28764565 0.28764565
 0.28764565 0.28764565 0.28764565 0.89672473 0.89672473 0.89672473
 0.89672473 0.89672473 0.89672473 0.89672473 0.89672473 0.89672473
 0.31409998 0.31409998 0.31409998 0.31409998 0.31409998 0.31409998
 0.31409998 0.31409998 0.31409998 0.48766424 0.48766424 0.48766424
 0.48766424 0.48766424 0.48766424 0.48766424 0.48766424 0.48766424
 0.24787526 0.24787526 0.24787526 0.24787526 0.24787526 0.24787526
 0.24787526 0.24787526 0.24787526 1.         1.         1.
 1.         1.         1.         1.         1.         1.
 0.         0.         0.         0.         0.         0.
 0.         0.         0.         0.         0.         0.
 0.         0.         0.         0.         0.         0.
 0.         0.         0.         0.         0.         0.
 0.         0.         0.         0.         0.         0.
 0.         0.         0.         0.         0.         0.
 0.         0.         0.         0.         0.         0.
 0.         0.         0.         0.         0.         0.
 0.         0.         0.         0.         0.         0.
 0.         0.         0.         0.         0.         0.
 0.         0.         0.         0.         0.         0.
 0.         0.         0.         0.         0.         0.
 0.         0.         0.         0.         0.         0.
 0.         0.         0.         0.         0.         0.
 0.         0.         0.         0.         0.         0.
 0.         0.         0.         0.         0.         0.
 0.         0.         0.         0.         0.         0.
 0.         0.         0.         0.         0.         0.
 0.         0.        ]
Normalized importance:  [1.         1.         1.         1.         1.         1.
 1.         1.         1.         0.14547415 0.14547415 0.14547415
 0.14547415 0.14547415 0.14547415 0.14547415 0.14547415 0.14547415
 0.07844313 0.07844313 0.07844313 0.07844313 0.07844313 0.07844313
 0.07844313 0.07844313 0.07844313 0.22733983 0.22733983 0.22733983
 0.22733983 0.22733983 0.22733983 0.22733983 0.22733983 0.22733983
 0.05853845 0.05853845 0.         0.05853845 0.         0.
 0.05853845 0.         0.         0.61173502 0.61173502 0.61173502
 0.61173502 0.61173502 0.61173502 0.61173502 0.61173502 0.61173502
 0.10219533 0.10219533 0.10219533 0.10219533 0.10219533 0.10219533
 0.10219533 0.10219533 0.10219533 0.17807314 0.17807314 0.17807314
 0.17807314 0.17807314 0.17807314 0.17807314 0.17807314 0.17807314
 0.06867224 0.06867224 0.06867224 0.06867224 0.06867224 0.
 0.06867224 0.         0.06867224 0.83161359 0.83161359 0.83161359
 0.83161359 0.83161359 0.83161359 0.83161359 0.83161359 0.83161359
 0.         0.         0.         0.         0.         0.
 0.         0.         0.         0.         0.07575464 0.
 0.         0.         0.         0.         0.         0.
 0.         0.         0.         0.         0.         0.
 0.01800705 0.         0.         0.04933887 0.         0.
 0.         0.         0.         0.         0.         0.
 0.         0.         0.         0.         0.         0.
 0.         0.         0.         0.         0.02598125 0.
 0.         0.         0.         0.         0.         0.
 0.         0.         0.         0.         0.         0.02196837
 0.0095772  0.         0.         0.         0.         0.
 0.         0.         0.         0.         0.0238821  0.
 0.         0.         0.         0.         0.         0.
 0.         0.         0.         0.         0.         0.
 0.         0.         0.         0.         0.         0.
 0.         0.         0.01858087 0.         0.         0.
 0.         0.         0.         0.         0.         0.
 0.         0.         0.         0.         0.         0.
 0.         0.        ]
deepbreaks
y_true:  [1. 1. 1. 1. 1. 1. 1. 1. 1. 0. 0. 0. 0. 0. 0. 0. 0. 0. 0. 0. 0. 0. 0. 0.
 0. 0. 0. 1. 1. 1. 1. 1. 1. 1. 1. 1. 0. 0. 0. 0. 0. 0. 0. 0. 0. 1. 1. 1.
 1. 1. 1. 1. 1. 1. 0. 0. 0. 0. 0. 0. 0. 0. 0. 1. 1. 1. 1. 1. 1. 1. 1. 1.
 0. 0. 0. 0. 0. 0. 0. 0. 0. 1. 1. 1. 1. 1. 1. 1. 1. 1. 0. 0. 0. 0. 0. 0.
 0. 0. 0. 0. 0. 0. 0. 0. 0. 0. 0. 0. 0. 0. 0. 0. 0. 0. 0. 0. 0. 0. 0. 0.
 0. 0. 0. 0. 0. 0. 0. 0. 0. 0. 0. 0. 0. 0. 0. 0. 0. 0. 0. 0. 0. 0. 0. 0.
 0. 0. 0. 0. 0. 0. 0. 0. 0. 0. 0. 0. 0. 0. 0. 0. 0. 0. 0. 0. 0. 0. 0. 0.
 0. 0. 0. 0. 0. 0. 0. 0. 0. 0. 0. 0. 0. 0. 0. 0. 0. 0. 0. 0. 0. 0. 0. 0.
 0. 0. 0. 0. 0. 0. 0. 0.]
y_pred:  [1. 1. 1. 1. 1. 1. 1. 1. 1. 1. 1. 1. 1. 1. 1. 1. 1. 1. 0. 0. 0. 0. 0. 0.
 0. 0. 0. 1. 1. 1. 1. 1. 1. 1. 1. 1. 0. 0. 0. 0. 0. 0. 0. 0. 0. 1. 1. 1.
 1. 1. 1. 1. 1. 1. 0. 0. 0. 0. 0. 0. 0. 0. 0. 1. 1. 1. 1. 1. 1. 1. 1. 1.
 0. 0. 0. 0. 0. 0. 0. 0. 0. 1. 1. 1. 1. 1. 1. 1. 1. 1. 0. 0. 0. 0. 0. 0.
 0. 0. 0. 0. 0. 0. 0. 0. 0. 0. 0. 0. 0. 0. 0. 0. 0. 0. 0. 0. 0. 0. 0. 0.
 0. 0. 0. 0. 0. 0. 0. 0. 0. 0. 0. 0. 0. 0. 0. 0. 0. 0. 0. 0. 0. 0. 0. 0.
 0. 0. 0. 0. 0. 0. 0. 0. 0. 0. 0. 0. 0. 0. 0. 0. 0. 0. 0. 0. 0. 0. 0. 0.
 0. 0. 0. 0. 0. 0. 0. 0. 0. 0. 0. 0. 0. 0. 0. 0. 0. 0. 0. 0. 0. 0. 0. 0.
 0. 0. 0. 0. 0. 0. 0. 0.]
Normalized importance:  [1.         0.62658228 0.36392405 0.73734177 0.5        0.58544304
 0.24651899 0.51582278 0.60126582 0.41772152 0.39240506 0.16202532
 0.23987342 0.21867089 0.20253165 0.33860759 0.05379747 0.2221519
 0.35759494 0.22563291 0.         0.20886076 0.28164557 0.25632911
 0.04651899 0.08101266 0.07721519 0.4335443  0.66772152 0.09778481
 0.16044304 0.27056962 0.23259494 0.48101266 0.00424051 0.27405063
 0.15348101 0.31962025 0.13101266 0.07120253 0.25981013 0.05443038
 0.38291139 0.19462025 0.         0.91139241 0.38924051 0.56962025
 0.66455696 0.39240506 0.75632911 0.28291139 0.34810127 0.01208861
 0.40506329 0.10632911 0.11170886 0.27436709 0.46518987 0.26772152
 0.         0.         0.29873418 0.4778481  0.57278481 0.
 0.36075949 0.44936709 0.1        0.22056962 0.3085443  0.18386076
 0.34177215 0.         0.2414557  0.03924051 0.02699367 0.06360759
 0.04272152 0.         0.29493671 0.81962025 0.45253165 0.69303797
 0.59177215 0.67088608 0.45886076 0.61392405 0.42721519 0.49683544
 0.         0.00863924 0.12943038 0.13987342 0.         0.
 0.         0.         0.         0.         0.33227848 0.
 0.20094937 0.         0.         0.         0.         0.
 0.         0.06139241 0.00493671 0.         0.         0.12088608
 0.37974684 0.22911392 0.         0.32911392 0.         0.09272152
 0.         0.12088608 0.         0.25189873 0.         0.24936709
 0.05189873 0.09240506 0.         0.11677215 0.         0.02629747
 0.         0.         0.         0.         0.30506329 0.
 0.         0.31962025 0.         0.         0.         0.
 0.         0.         0.         0.07721519 0.01446203 0.29208861
 0.16867089 0.         0.         0.01174051 0.25126582 0.
 0.15981013 0.16424051 0.         0.         0.22721519 0.15
 0.125      0.         0.         0.         0.         0.20822785
 0.         0.         0.17088608 0.         0.27594937 0.11044304
 0.39873418 0.         0.03955696 0.22563291 0.0471519  0.
 0.37341772 0.09018987 0.24936709 0.         0.         0.
 0.23227848 0.11012658 0.12278481 0.01424051 0.         0.
 0.         0.         0.         0.         0.         0.11550633
 0.         0.        ]
pyseer
y_true:  [1. 1. 1. 1. 1. 1. 1. 1. 1. 0. 0. 0. 0. 0. 0. 0. 0. 0. 0. 0. 0. 0. 0. 0.
 0. 0. 0. 1. 1. 1. 1. 1. 1. 1. 1. 1. 0. 0. 0. 0. 0. 0. 0. 0. 0. 1. 1. 1.
 1. 1. 1. 1. 1. 1. 0. 0. 0. 0. 0. 0. 0. 0. 0. 1. 1. 1. 1. 1. 1. 1. 1. 1.
 0. 0. 0. 0. 0. 0. 0. 0. 0. 1. 1. 1. 1. 1. 1. 1. 1. 1. 0. 0. 0. 0. 0. 0.
 0. 0. 0. 0. 0. 0. 0. 0. 0. 0. 0. 0. 0. 0. 0. 0. 0. 0. 0. 0. 0. 0. 0. 0.
 0. 0. 0. 0. 0. 0. 0. 0. 0. 0. 0. 0. 0. 0. 0. 0. 0. 0. 0. 0. 0. 0. 0. 0.
 0. 0. 0. 0. 0. 0. 0. 0. 0. 0. 0. 0. 0. 0. 0. 0. 0. 0. 0. 0. 0. 0. 0. 0.
 0. 0. 0. 0. 0. 0. 0. 0. 0. 0. 0. 0. 0. 0. 0. 0. 0. 0. 0. 0. 0. 0. 0. 0.
 0. 0. 0. 0. 0. 0. 0. 0.]
y_pred:  [1. 1. 1. 1. 1. 1. 1. 1. 1. 1. 1. 0. 0. 0. 0. 1. 0. 0. 1. 0. 0. 0. 1. 1.
 0. 0. 0. 1. 1. 0. 0. 1. 0. 1. 0. 1. 0. 1. 0. 0. 1. 0. 1. 0. 0. 1. 1. 1.
 1. 1. 1. 1. 1. 0. 1. 0. 0. 1. 1. 1. 0. 0. 1. 1. 1. 0. 1. 1. 0. 0. 1. 0.
 1. 0. 1. 0. 0. 0. 0. 0. 1. 1. 1. 1. 1. 1. 1. 1. 1. 1. 0. 0. 0. 0. 0. 0.
 0. 0. 0. 0. 1. 0. 0. 0. 0. 0. 0. 0. 0. 0. 0. 0. 0. 0. 1. 0. 0. 1. 0. 0.
 0. 0. 0. 1. 0. 1. 0. 0. 0. 0. 0. 0. 0. 0. 0. 0. 1. 0. 0. 1. 0. 0. 0. 0.
 0. 0. 0. 0. 0. 1. 0. 0. 0. 0. 1. 0. 0. 0. 0. 0. 0. 0. 0. 0. 0. 0. 0. 0.
 0. 0. 0. 0. 1. 0. 1. 0. 0. 0. 0. 0. 1. 0. 1. 0. 0. 0. 0. 0. 0. 0. 0. 0.
 0. 0. 0. 0. 0. 0. 0. 0.]
Time taken: 23.527525186538696 seconds
Running combination 12 of 50
Fitting RandomForest...
Fitting Adaboost...
Fitting AdaBoost_2...
Fitting et...
Fitting gbc...
Fitting gbc_2...
Fitting gbc_3...
Fitting dt...
Fitting lr...
Fitting Lasso_1...
Fitting Lasso_2...
Fitting Lasso_3...
Fitting Lasso_4...
Fitting elasticnet...
VCF file created successfully.
pyseer stderr:  Read 1000 phenotypes
Detected continuous phenotype
Reading all variants

0variants [00:00, ?variants/s]
54variants [00:00, 539.35variants/s]
108variants [00:00, 476.91variants/s]
165variants [00:00, 513.94variants/s]
198variants [00:00, 517.48variants/s]
Applying correlation filtering

  0%|          | 0/198 [00:00<?, ?variants/s]
100%|██████████| 198/198 [00:00<00:00, 2659.32variants/s]
Fitting elastic net to top 148 variants
Best penalty (lambda) from cross-validation: 1.33E+01
Best R^2 from cross-validation: 0.546
Finding and printing selected variants
198 loaded variants
50 pre-filtered variants
148 tested variants
140 printed variants

True importance standardized:  [0.48201913 0.48201913 0.48201913 0.48201913 0.48201913 0.48201913
 0.48201913 0.48201913 0.48201913 0.1178188  0.1178188  0.1178188
 0.1178188  0.1178188  0.1178188  0.1178188  0.1178188  0.1178188
 0.63070642 0.63070642 0.63070642 0.63070642 0.63070642 0.63070642
 0.63070642 0.63070642 0.63070642 0.74233876 0.74233876 0.74233876
 0.74233876 0.74233876 0.74233876 0.74233876 0.74233876 0.74233876
 1.         1.         1.         1.         1.         1.
 1.         1.         1.         0.69062154 0.69062154 0.69062154
 0.69062154 0.69062154 0.69062154 0.69062154 0.69062154 0.69062154
 0.43739242 0.43739242 0.43739242 0.43739242 0.43739242 0.43739242
 0.43739242 0.43739242 0.43739242 0.84549459 0.84549459 0.84549459
 0.84549459 0.84549459 0.84549459 0.84549459 0.84549459 0.84549459
 0.60895382 0.60895382 0.60895382 0.60895382 0.60895382 0.60895382
 0.60895382 0.60895382 0.60895382 0.27845379 0.27845379 0.27845379
 0.27845379 0.27845379 0.27845379 0.27845379 0.27845379 0.27845379
 0.         0.         0.         0.         0.         0.
 0.         0.         0.         0.         0.         0.
 0.         0.         0.         0.         0.         0.
 0.         0.         0.         0.         0.         0.
 0.         0.         0.         0.         0.         0.
 0.         0.         0.         0.         0.         0.
 0.         0.         0.         0.         0.         0.
 0.         0.         0.         0.         0.         0.
 0.         0.         0.         0.         0.         0.
 0.         0.         0.         0.         0.         0.
 0.         0.         0.         0.         0.         0.
 0.         0.         0.         0.         0.         0.
 0.         0.         0.         0.         0.         0.
 0.         0.         0.         0.         0.         0.
 0.         0.         0.         0.         0.         0.
 0.         0.         0.         0.         0.         0.
 0.         0.         0.         0.         0.         0.
 0.         0.         0.         0.         0.         0.
 0.         0.        ]
Normalized importance:  [0.17146585 0.17146585 0.17146585 0.17146585 0.17146585 0.17146585
 0.17146585 0.17146585 0.17146585 0.0751529  0.         0.0751529
 0.0751529  0.0751529  0.0751529  0.0751529  0.0751529  0.0751529
 0.45439983 0.45439983 0.45439983 0.45439983 0.45439983 0.45439983
 0.45439983 0.45439983 0.45439983 0.74686129 0.74686129 0.74686129
 0.74686129 0.74686129 0.74686129 0.74686129 0.74686129 0.74686129
 0.87879243 0.87879243 0.87879243 0.87879243 0.87879243 0.87879243
 0.87879243 0.87879243 0.87879243 0.55727663 0.55727663 0.55727663
 0.55727663 0.55727663 0.55727663 0.55727663 0.55727663 0.55727663
 0.13517878 0.13517878 0.13517878 0.13517878 0.13517878 0.13517878
 0.13517878 0.13517878 0.13517878 1.         1.         1.
 1.         1.         1.         1.         1.         1.
 0.54243639 0.54243639 0.54243639 0.54243639 0.54243639 0.54243639
 0.54243639 0.54243639 0.54243639 0.0391829  0.0391829  0.0391829
 0.0391829  0.         0.         0.         0.         0.0391829
 0.         0.         0.0286941  0.         0.         0.
 0.         0.         0.01865116 0.         0.         0.
 0.         0.         0.         0.         0.         0.
 0.         0.         0.         0.         0.         0.
 0.         0.         0.         0.         0.         0.
 0.         0.         0.         0.         0.         0.01805834
 0.         0.         0.         0.         0.         0.03422808
 0.         0.         0.         0.         0.         0.
 0.01604773 0.         0.         0.         0.         0.
 0.         0.         0.         0.         0.0077106  0.05359906
 0.         0.         0.         0.         0.         0.
 0.0146629  0.         0.         0.02989573 0.         0.
 0.         0.         0.         0.0038953  0.         0.
 0.         0.01551076 0.         0.         0.         0.
 0.         0.01693531 0.         0.         0.         0.
 0.02999692 0.         0.         0.         0.         0.
 0.         0.         0.         0.         0.         0.
 0.         0.         0.01750293 0.         0.         0.03707295
 0.         0.        ]
deepbreaks
y_true:  [0. 0. 0. 0. 0. 0. 0. 0. 0. 0. 0. 0. 0. 0. 0. 0. 0. 0. 1. 1. 1. 1. 1. 1.
 1. 1. 1. 1. 1. 1. 1. 1. 1. 1. 1. 1. 1. 1. 1. 1. 1. 1. 1. 1. 1. 1. 1. 1.
 1. 1. 1. 1. 1. 1. 0. 0. 0. 0. 0. 0. 0. 0. 0. 1. 1. 1. 1. 1. 1. 1. 1. 1.
 0. 0. 0. 0. 0. 0. 0. 0. 0. 0. 0. 0. 0. 0. 0. 0. 0. 0. 0. 0. 0. 0. 0. 0.
 0. 0. 0. 0. 0. 0. 0. 0. 0. 0. 0. 0. 0. 0. 0. 0. 0. 0. 0. 0. 0. 0. 0. 0.
 0. 0. 0. 0. 0. 0. 0. 0. 0. 0. 0. 0. 0. 0. 0. 0. 0. 0. 0. 0. 0. 0. 0. 0.
 0. 0. 0. 0. 0. 0. 0. 0. 0. 0. 0. 0. 0. 0. 0. 0. 0. 0. 0. 0. 0. 0. 0. 0.
 0. 0. 0. 0. 0. 0. 0. 0. 0. 0. 0. 0. 0. 0. 0. 0. 0. 0. 0. 0. 0. 0. 0. 0.
 0. 0. 0. 0. 0. 0. 0. 0.]
y_pred:  [0. 0. 0. 0. 0. 0. 0. 0. 0. 0. 0. 0. 0. 0. 0. 0. 0. 0. 1. 1. 1. 1. 1. 1.
 1. 1. 1. 1. 1. 1. 1. 1. 1. 1. 1. 1. 1. 1. 1. 1. 1. 1. 1. 1. 1. 1. 1. 1.
 1. 1. 1. 1. 1. 1. 0. 0. 0. 0. 0. 0. 0. 0. 0. 1. 1. 1. 1. 1. 1. 1. 1. 1.
 1. 1. 1. 1. 1. 1. 1. 1. 1. 0. 0. 0. 0. 0. 0. 0. 0. 0. 0. 0. 0. 0. 0. 0.
 0. 0. 0. 0. 0. 0. 0. 0. 0. 0. 0. 0. 0. 0. 0. 0. 0. 0. 0. 0. 0. 0. 0. 0.
 0. 0. 0. 0. 0. 0. 0. 0. 0. 0. 0. 0. 0. 0. 0. 0. 0. 0. 0. 0. 0. 0. 0. 0.
 0. 0. 0. 0. 0. 0. 0. 0. 0. 0. 0. 0. 0. 0. 0. 0. 0. 0. 0. 0. 0. 0. 0. 0.
 0. 0. 0. 0. 0. 0. 0. 0. 0. 0. 0. 0. 0. 0. 0. 0. 0. 0. 0. 0. 0. 0. 0. 0.
 0. 0. 0. 0. 0. 0. 0. 0.]
Normalized importance:  [0.33333333 0.14739583 0.4375     0.11770833 0.32552083 0.6015625
 0.19010417 0.46354167 0.221875   0.13854167 0.12161458 0.22057292
 0.31770833 0.07265625 0.15963542 0.1609375  0.1375     0.34635417
 0.73697917 0.51041667 0.3203125  0.20677083 0.5        0.22109375
 0.17916667 0.07447917 0.32552083 0.82552083 0.00201563 0.2421875
 0.1796875  0.546875   0.63802083 0.375      0.52864583 0.43229167
 0.90625    0.25026042 0.44791667 0.40104167 0.5703125  0.98958333
 0.15182292 0.31770833 0.49479167 0.75       0.13958333 0.01544271
 0.43229167 0.36979167 0.38020833 0.3828125  0.61197917 0.30989583
 0.17421875 0.41927083 0.08802083 0.14036458 0.1125     0.12734375
 0.03463542 0.28385417 0.10520833 1.         0.265625   0.30989583
 0.6953125  0.41145833 0.546875   0.28645833 0.40364583 0.3125
 0.84635417 0.04947917 0.421875   0.16536458 0.32291667 0.11432292
 0.1890625  0.453125   0.578125   0.1765625  0.01966146 0.13072917
 0.03411458 0.         0.         0.01184896 0.06901042 0.29166667
 0.         0.         0.38541667 0.         0.         0.
 0.         0.05703125 0.24765625 0.39583333 0.         0.02838542
 0.         0.29947917 0.         0.00679688 0.         0.
 0.26822917 0.         0.         0.10234375 0.         0.1828125
 0.23619792 0.         0.13489583 0.         0.10052083 0.05807292
 0.22916667 0.07161458 0.04713542 0.11354167 0.         0.12421875
 0.         0.33072917 0.         0.         0.         0.1828125
 0.         0.         0.146875   0.         0.         0.
 0.03854167 0.         0.40104167 0.         0.         0.15026042
 0.         0.00697917 0.28385417 0.06041667 0.         0.48177083
 0.         0.         0.         0.         0.         0.21614583
 0.3359375  0.078125   0.13984375 0.01372396 0.02135417 0.08385417
 0.         0.         0.         0.14088542 0.40885417 0.
 0.109375   0.         0.         0.         0.         0.22708333
 0.         0.26822917 0.         0.12005208 0.01270833 0.15208333
 0.18776042 0.         0.04609375 0.         0.         0.
 0.         0.         0.15364583 0.         0.21901042 0.
 0.13125    0.         0.265625   0.13802083 0.         0.24348958
 0.         0.        ]
pyseer
y_true:  [0. 0. 0. 0. 0. 0. 0. 0. 0. 0. 0. 0. 0. 0. 0. 0. 0. 0. 1. 1. 1. 1. 1. 1.
 1. 1. 1. 1. 1. 1. 1. 1. 1. 1. 1. 1. 1. 1. 1. 1. 1. 1. 1. 1. 1. 1. 1. 1.
 1. 1. 1. 1. 1. 1. 0. 0. 0. 0. 0. 0. 0. 0. 0. 1. 1. 1. 1. 1. 1. 1. 1. 1.
 0. 0. 0. 0. 0. 0. 0. 0. 0. 0. 0. 0. 0. 0. 0. 0. 0. 0. 0. 0. 0. 0. 0. 0.
 0. 0. 0. 0. 0. 0. 0. 0. 0. 0. 0. 0. 0. 0. 0. 0. 0. 0. 0. 0. 0. 0. 0. 0.
 0. 0. 0. 0. 0. 0. 0. 0. 0. 0. 0. 0. 0. 0. 0. 0. 0. 0. 0. 0. 0. 0. 0. 0.
 0. 0. 0. 0. 0. 0. 0. 0. 0. 0. 0. 0. 0. 0. 0. 0. 0. 0. 0. 0. 0. 0. 0. 0.
 0. 0. 0. 0. 0. 0. 0. 0. 0. 0. 0. 0. 0. 0. 0. 0. 0. 0. 0. 0. 0. 0. 0. 0.
 0. 0. 0. 0. 0. 0. 0. 0.]
y_pred:  [1. 0. 1. 0. 1. 1. 0. 1. 1. 0. 0. 0. 1. 0. 0. 0. 0. 1. 1. 1. 1. 0. 1. 1.
 0. 0. 1. 1. 0. 1. 0. 1. 1. 1. 1. 1. 1. 1. 1. 1. 1. 1. 0. 1. 1. 1. 0. 0.
 1. 1. 1. 1. 1. 1. 0. 1. 0. 0. 0. 0. 0. 1. 0. 1. 1. 1. 1. 1. 1. 1. 1. 1.
 1. 0. 1. 0. 1. 0. 0. 1. 1. 0. 0. 0. 0. 0. 0. 0. 0. 1. 0. 0. 1. 0. 0. 0.
 0. 0. 1. 1. 0. 0. 0. 1. 0. 0. 0. 0. 1. 0. 0. 0. 0. 0. 1. 0. 0. 0. 0. 0.
 1. 0. 0. 0. 0. 0. 0. 1. 0. 0. 0. 0. 0. 0. 0. 0. 0. 0. 0. 0. 1. 0. 0. 0.
 0. 0. 1. 0. 0. 1. 0. 0. 0. 0. 0. 0. 1. 0. 0. 0. 0. 0. 0. 0. 0. 0. 1. 0.
 0. 0. 0. 0. 0. 1. 0. 1. 0. 0. 0. 0. 0. 0. 0. 0. 0. 0. 0. 0. 0. 0. 0. 0.
 0. 0. 1. 0. 0. 1. 0. 0.]
Time taken: 24.793463230133057 seconds
Running combination 13 of 50
Fitting RandomForest...
Fitting Adaboost...
Fitting AdaBoost_2...
Fitting et...
Fitting gbc...
Fitting gbc_2...
Fitting gbc_3...
Fitting dt...
Fitting lr...
Fitting Lasso_1...
Fitting Lasso_2...
Fitting Lasso_3...
Fitting Lasso_4...
Fitting elasticnet...
VCF file created successfully.
pyseer stderr:  Read 1000 phenotypes
Detected continuous phenotype
Reading all variants

0variants [00:00, ?variants/s]
56variants [00:00, 557.80variants/s]
112variants [00:00, 464.04variants/s]
168variants [00:00, 503.34variants/s]
198variants [00:00, 509.21variants/s]
Applying correlation filtering

  0%|          | 0/198 [00:00<?, ?variants/s]
100%|██████████| 198/198 [00:00<00:00, 2650.56variants/s]
Fitting elastic net to top 148 variants
Best penalty (lambda) from cross-validation: 1.39E+01
Best R^2 from cross-validation: 0.466
Finding and printing selected variants
198 loaded variants
50 pre-filtered variants
148 tested variants
137 printed variants

True importance standardized:  [0.68778175 0.68778175 0.68778175 0.68778175 0.68778175 0.68778175
 0.68778175 0.68778175 0.68778175 0.33905448 0.33905448 0.33905448
 0.33905448 0.33905448 0.33905448 0.33905448 0.33905448 0.33905448
 0.12756409 0.12756409 0.12756409 0.12756409 0.12756409 0.12756409
 0.12756409 0.12756409 0.12756409 0.52838864 0.52838864 0.52838864
 0.52838864 0.52838864 0.52838864 0.52838864 0.52838864 0.52838864
 1.         1.         1.         1.         1.         1.
 1.         1.         1.         0.16857089 0.16857089 0.16857089
 0.16857089 0.16857089 0.16857089 0.16857089 0.16857089 0.16857089
 0.31740449 0.31740449 0.31740449 0.31740449 0.31740449 0.31740449
 0.31740449 0.31740449 0.31740449 0.38439856 0.38439856 0.38439856
 0.38439856 0.38439856 0.38439856 0.38439856 0.38439856 0.38439856
 0.54676672 0.54676672 0.54676672 0.54676672 0.54676672 0.54676672
 0.54676672 0.54676672 0.54676672 0.4343767  0.4343767  0.4343767
 0.4343767  0.4343767  0.4343767  0.4343767  0.4343767  0.4343767
 0.         0.         0.         0.         0.         0.
 0.         0.         0.         0.         0.         0.
 0.         0.         0.         0.         0.         0.
 0.         0.         0.         0.         0.         0.
 0.         0.         0.         0.         0.         0.
 0.         0.         0.         0.         0.         0.
 0.         0.         0.         0.         0.         0.
 0.         0.         0.         0.         0.         0.
 0.         0.         0.         0.         0.         0.
 0.         0.         0.         0.         0.         0.
 0.         0.         0.         0.         0.         0.
 0.         0.         0.         0.         0.         0.
 0.         0.         0.         0.         0.         0.
 0.         0.         0.         0.         0.         0.
 0.         0.         0.         0.         0.         0.
 0.         0.         0.         0.         0.         0.
 0.         0.         0.         0.         0.         0.
 0.         0.         0.         0.         0.         0.
 0.         0.        ]
Normalized importance:  [0.81991192 0.81991192 0.81991192 0.81991192 0.81991192 0.81991192
 0.81991192 0.81991192 0.81991192 0.24675448 0.24675448 0.24675448
 0.24675448 0.24675448 0.24675448 0.24675448 0.24675448 0.24675448
 0.         0.02766605 0.         0.         0.         0.
 0.         0.         0.         0.37624396 0.37624396 0.37624396
 0.37624396 0.37624396 0.37624396 0.37624396 0.37624396 0.37624396
 1.         1.         1.         1.         1.         1.
 1.         1.         1.         0.03737093 0.         0.
 0.         0.         0.03737093 0.         0.         0.
 0.10063595 0.10063595 0.10063595 0.10063595 0.10063595 0.10063595
 0.10063595 0.10063595 0.10063595 0.20110106 0.20110106 0.20110106
 0.20110106 0.20110106 0.20110106 0.20110106 0.20110106 0.20110106
 0.91712903 0.91712903 0.91712903 0.91712903 0.91712903 0.91712903
 0.91712903 0.91712903 0.91712903 0.27814611 0.27814611 0.27814611
 0.27814611 0.27814611 0.27814611 0.27814611 0.27814611 0.27814611
 0.         0.         0.         0.         0.         0.
 0.         0.         0.         0.         0.         0.
 0.         0.01200945 0.         0.         0.         0.
 0.         0.00785062 0.         0.         0.         0.
 0.         0.         0.         0.         0.         0.
 0.         0.02115242 0.         0.         0.         0.
 0.         0.         0.         0.         0.         0.
 0.         0.         0.         0.         0.         0.
 0.00734748 0.         0.         0.         0.         0.
 0.03408962 0.         0.         0.         0.         0.
 0.         0.02016932 0.05399672 0.0543053  0.         0.
 0.         0.         0.         0.         0.         0.
 0.         0.01603713 0.         0.         0.         0.
 0.         0.         0.         0.         0.         0.
 0.         0.01462651 0.         0.         0.         0.
 0.         0.         0.01427223 0.         0.         0.
 0.         0.         0.         0.         0.         0.
 0.         0.         0.         0.00639291 0.         0.
 0.         0.        ]
deepbreaks
y_true:  [1. 1. 1. 1. 1. 1. 1. 1. 1. 0. 0. 0. 0. 0. 0. 0. 0. 0. 0. 0. 0. 0. 0. 0.
 0. 0. 0. 1. 1. 1. 1. 1. 1. 1. 1. 1. 1. 1. 1. 1. 1. 1. 1. 1. 1. 0. 0. 0.
 0. 0. 0. 0. 0. 0. 0. 0. 0. 0. 0. 0. 0. 0. 0. 0. 0. 0. 0. 0. 0. 0. 0. 0.
 1. 1. 1. 1. 1. 1. 1. 1. 1. 1. 1. 1. 1. 1. 1. 1. 1. 1. 0. 0. 0. 0. 0. 0.
 0. 0. 0. 0. 0. 0. 0. 0. 0. 0. 0. 0. 0. 0. 0. 0. 0. 0. 0. 0. 0. 0. 0. 0.
 0. 0. 0. 0. 0. 0. 0. 0. 0. 0. 0. 0. 0. 0. 0. 0. 0. 0. 0. 0. 0. 0. 0. 0.
 0. 0. 0. 0. 0. 0. 0. 0. 0. 0. 0. 0. 0. 0. 0. 0. 0. 0. 0. 0. 0. 0. 0. 0.
 0. 0. 0. 0. 0. 0. 0. 0. 0. 0. 0. 0. 0. 0. 0. 0. 0. 0. 0. 0. 0. 0. 0. 0.
 0. 0. 0. 0. 0. 0. 0. 0.]
y_pred:  [1. 1. 1. 1. 1. 1. 1. 1. 1. 0. 0. 0. 0. 0. 0. 0. 0. 0. 0. 0. 0. 0. 0. 0.
 0. 0. 0. 1. 1. 1. 1. 1. 1. 1. 1. 1. 1. 1. 1. 1. 1. 1. 1. 1. 1. 0. 0. 0.
 0. 0. 0. 0. 0. 0. 0. 0. 0. 0. 0. 0. 0. 0. 0. 0. 0. 0. 0. 0. 0. 0. 0. 0.
 1. 1. 1. 1. 1. 1. 1. 1. 1. 1. 1. 1. 1. 1. 1. 1. 1. 1. 0. 0. 0. 0. 0. 0.
 0. 0. 0. 0. 0. 0. 0. 0. 0. 0. 0. 0. 0. 0. 0. 0. 0. 0. 0. 0. 0. 0. 0. 0.
 0. 0. 0. 0. 0. 0. 0. 0. 0. 0. 0. 0. 0. 0. 0. 0. 0. 0. 0. 0. 0. 0. 0. 0.
 0. 0. 0. 0. 0. 0. 0. 0. 0. 0. 0. 0. 0. 0. 0. 0. 0. 0. 0. 0. 0. 0. 0. 0.
 0. 0. 0. 0. 0. 0. 0. 0. 0. 0. 0. 0. 0. 0. 0. 0. 0. 0. 0. 0. 0. 0. 0. 0.
 0. 0. 0. 0. 0. 0. 0. 0.]
Normalized importance:  [0.73617021 0.57446809 0.37744681 0.61702128 0.69361702 0.56595745
 0.3812766  0.36212766 0.66382979 0.4893617  0.39021277 0.23446809
 0.23914894 0.21234043 0.25531915 0.12595745 0.25617021 0.12340426
 0.07531915 0.05446809 0.17531915 0.18510638 0.03080851 0.
 0.         0.03680851 0.02131915 0.51489362 0.54042553 0.23702128
 0.66382979 0.06170213 0.48510638 0.50638298 0.10510638 0.51489362
 1.         0.74893617 0.55744681 0.41404255 0.98723404 0.42553191
 0.58297872 0.47234043 0.38510638 0.32851064 0.18978723 0.
 0.0587234  0.11234043 0.21446809 0.08680851 0.         0.15574468
 0.54468085 0.         0.08978723 0.20425532 0.25234043 0.26808511
 0.31489362 0.23829787 0.11319149 0.52340426 0.3212766  0.17787234
 0.57446809 0.11191489 0.30638298 0.09276596 0.19702128 0.1093617
 0.69787234 0.21957447 0.27659574 0.77021277 0.2212766  0.30553191
 0.84680851 0.4893617  0.36638298 0.51914894 0.69787234 0.02234043
 0.20510638 0.         0.29574468 0.48510638 0.34680851 0.3106383
 0.12893617 0.04178723 0.14638298 0.         0.         0.
 0.04595745 0.         0.         0.         0.12297872 0.
 0.32723404 0.14978723 0.19702128 0.19234043 0.30042553 0.26680851
 0.04765957 0.18085106 0.         0.22085106 0.09574468 0.
 0.31702128 0.         0.09489362 0.         0.         0.
 0.         0.27617021 0.04008511 0.         0.08042553 0.
 0.08255319 0.         0.21361702 0.15234043 0.         0.
 0.         0.         0.         0.21702128 0.         0.
 0.09319149 0.22978723 0.         0.02       0.         0.
 0.53617021 0.         0.25021277 0.         0.         0.07234043
 0.         0.32468085 0.27957447 0.43829787 0.         0.
 0.         0.20042553 0.         0.12212766 0.         0.07617021
 0.         0.43404255 0.         0.25191489 0.         0.18170213
 0.25787234 0.02157447 0.07574468 0.         0.09191489 0.
 0.         0.2693617  0.05191489 0.         0.08297872 0.
 0.07787234 0.05191489 0.40425532 0.28808511 0.         0.04093617
 0.         0.         0.         0.         0.         0.
 0.0266383  0.         0.         0.23574468 0.         0.
 0.         0.        ]
pyseer
y_true:  [1. 1. 1. 1. 1. 1. 1. 1. 1. 0. 0. 0. 0. 0. 0. 0. 0. 0. 0. 0. 0. 0. 0. 0.
 0. 0. 0. 1. 1. 1. 1. 1. 1. 1. 1. 1. 1. 1. 1. 1. 1. 1. 1. 1. 1. 0. 0. 0.
 0. 0. 0. 0. 0. 0. 0. 0. 0. 0. 0. 0. 0. 0. 0. 0. 0. 0. 0. 0. 0. 0. 0. 0.
 1. 1. 1. 1. 1. 1. 1. 1. 1. 1. 1. 1. 1. 1. 1. 1. 1. 1. 0. 0. 0. 0. 0. 0.
 0. 0. 0. 0. 0. 0. 0. 0. 0. 0. 0. 0. 0. 0. 0. 0. 0. 0. 0. 0. 0. 0. 0. 0.
 0. 0. 0. 0. 0. 0. 0. 0. 0. 0. 0. 0. 0. 0. 0. 0. 0. 0. 0. 0. 0. 0. 0. 0.
 0. 0. 0. 0. 0. 0. 0. 0. 0. 0. 0. 0. 0. 0. 0. 0. 0. 0. 0. 0. 0. 0. 0. 0.
 0. 0. 0. 0. 0. 0. 0. 0. 0. 0. 0. 0. 0. 0. 0. 0. 0. 0. 0. 0. 0. 0. 0. 0.
 0. 0. 0. 0. 0. 0. 0. 0.]
y_pred:  [1. 1. 1. 1. 1. 1. 1. 1. 1. 1. 1. 0. 1. 0. 1. 0. 1. 0. 0. 0. 0. 0. 0. 0.
 0. 0. 0. 1. 1. 1. 1. 0. 1. 1. 0. 1. 1. 1. 1. 1. 1. 1. 1. 1. 1. 1. 0. 0.
 0. 0. 0. 0. 0. 0. 1. 0. 0. 0. 1. 1. 1. 1. 0. 1. 1. 0. 1. 0. 1. 0. 0. 0.
 1. 0. 1. 1. 0. 1. 1. 1. 1. 1. 1. 0. 0. 0. 1. 1. 1. 1. 0. 0. 0. 0. 0. 0.
 0. 0. 0. 0. 0. 0. 1. 0. 0. 0. 1. 1. 0. 0. 0. 0. 0. 0. 1. 0. 0. 0. 0. 0.
 0. 1. 0. 0. 0. 0. 0. 0. 0. 0. 0. 0. 0. 0. 0. 0. 0. 0. 0. 0. 0. 0. 0. 0.
 1. 0. 1. 0. 0. 0. 0. 1. 1. 1. 0. 0. 0. 0. 0. 0. 0. 0. 0. 1. 0. 1. 0. 0.
 1. 0. 0. 0. 0. 0. 0. 1. 0. 0. 0. 0. 0. 0. 1. 1. 0. 0. 0. 0. 0. 0. 0. 0.
 0. 0. 0. 0. 0. 0. 0. 0.]
Time taken: 24.166077852249146 seconds
Running combination 14 of 50
Fitting RandomForest...
Fitting Adaboost...
Fitting AdaBoost_2...
Fitting et...
Fitting gbc...
Fitting gbc_2...
Fitting gbc_3...
Fitting dt...
Fitting lr...
Fitting Lasso_1...
Fitting Lasso_2...
Fitting Lasso_3...
Fitting Lasso_4...
Fitting elasticnet...
VCF file created successfully.
pyseer stderr:  Read 1000 phenotypes
Detected continuous phenotype
Reading all variants

0variants [00:00, ?variants/s]
53variants [00:00, 527.60variants/s]
106variants [00:00, 461.82variants/s]
158variants [00:00, 483.95variants/s]
198variants [00:00, 491.69variants/s]
Applying correlation filtering

  0%|          | 0/198 [00:00<?, ?variants/s]
100%|██████████| 198/198 [00:00<00:00, 2463.33variants/s]
Fitting elastic net to top 148 variants
Best penalty (lambda) from cross-validation: 2.04E+01
Best R^2 from cross-validation: 0.557
Finding and printing selected variants
198 loaded variants
50 pre-filtered variants
148 tested variants
139 printed variants

True importance standardized:  [0.26011537 0.26011537 0.26011537 0.26011537 0.26011537 0.26011537
 0.26011537 0.26011537 0.26011537 0.21668926 0.21668926 0.21668926
 0.21668926 0.21668926 0.21668926 0.21668926 0.21668926 0.21668926
 0.16356393 0.16356393 0.16356393 0.16356393 0.16356393 0.16356393
 0.16356393 0.16356393 0.16356393 0.82936911 0.82936911 0.82936911
 0.82936911 0.82936911 0.82936911 0.82936911 0.82936911 0.82936911
 0.736346   0.736346   0.736346   0.736346   0.736346   0.736346
 0.736346   0.736346   0.736346   0.84973303 0.84973303 0.84973303
 0.84973303 0.84973303 0.84973303 0.84973303 0.84973303 0.84973303
 1.         1.         1.         1.         1.         1.
 1.         1.         1.         0.56505478 0.56505478 0.56505478
 0.56505478 0.56505478 0.56505478 0.56505478 0.56505478 0.56505478
 0.66703318 0.66703318 0.66703318 0.66703318 0.66703318 0.66703318
 0.66703318 0.66703318 0.66703318 0.62506717 0.62506717 0.62506717
 0.62506717 0.62506717 0.62506717 0.62506717 0.62506717 0.62506717
 0.         0.         0.         0.         0.         0.
 0.         0.         0.         0.         0.         0.
 0.         0.         0.         0.         0.         0.
 0.         0.         0.         0.         0.         0.
 0.         0.         0.         0.         0.         0.
 0.         0.         0.         0.         0.         0.
 0.         0.         0.         0.         0.         0.
 0.         0.         0.         0.         0.         0.
 0.         0.         0.         0.         0.         0.
 0.         0.         0.         0.         0.         0.
 0.         0.         0.         0.         0.         0.
 0.         0.         0.         0.         0.         0.
 0.         0.         0.         0.         0.         0.
 0.         0.         0.         0.         0.         0.
 0.         0.         0.         0.         0.         0.
 0.         0.         0.         0.         0.         0.
 0.         0.         0.         0.         0.         0.
 0.         0.         0.         0.         0.         0.
 0.         0.        ]
Normalized importance:  [0.05428097 0.         0.05428097 0.05428097 0.05428097 0.05428097
 0.05428097 0.         0.05428097 0.06287857 0.06287857 0.06287857
 0.06287857 0.06287857 0.06287857 0.06287857 0.06287857 0.06287857
 0.05957789 0.05957789 0.         0.         0.         0.05957789
 0.05957789 0.         0.05957789 0.735934   0.735934   0.735934
 0.735934   0.735934   0.735934   0.735934   0.735934   0.735934
 0.47524246 0.47524246 0.47524246 0.47524246 0.47524246 0.47524246
 0.47524246 0.47524246 0.47524246 0.78476472 0.78476472 0.78476472
 0.78476472 0.78476472 0.78476472 0.78476472 0.78476472 0.78476472
 1.         1.         1.         1.         1.         1.
 1.         1.         1.         0.42850603 0.42850603 0.42850603
 0.42850603 0.42850603 0.42850603 0.42850603 0.42850603 0.42850603
 0.37842427 0.37842427 0.37842427 0.37842427 0.37842427 0.37842427
 0.37842427 0.37842427 0.37842427 0.76088886 0.76088886 0.76088886
 0.76088886 0.76088886 0.76088886 0.76088886 0.76088886 0.76088886
 0.         0.         0.         0.         0.         0.
 0.         0.09968756 0.         0.         0.         0.
 0.         0.         0.         0.         0.         0.
 0.         0.         0.         0.         0.         0.
 0.         0.         0.         0.         0.         0.
 0.         0.01811883 0.         0.         0.         0.0185198
 0.01976263 0.         0.         0.         0.         0.
 0.         0.         0.         0.         0.         0.
 0.         0.         0.         0.         0.01078095 0.
 0.         0.         0.         0.         0.         0.01700073
 0.         0.         0.02381857 0.         0.         0.
 0.         0.         0.05343777 0.03300494 0.         0.
 0.         0.         0.         0.         0.00689557 0.
 0.         0.         0.         0.         0.         0.
 0.         0.         0.         0.         0.         0.
 0.         0.         0.         0.         0.         0.
 0.02718608 0.         0.06297292 0.         0.         0.
 0.01209522 0.         0.         0.         0.         0.
 0.         0.        ]
deepbreaks
y_true:  [0. 0. 0. 0. 0. 0. 0. 0. 0. 0. 0. 0. 0. 0. 0. 0. 0. 0. 0. 0. 0. 0. 0. 0.
 0. 0. 0. 1. 1. 1. 1. 1. 1. 1. 1. 1. 1. 1. 1. 1. 1. 1. 1. 1. 1. 1. 1. 1.
 1. 1. 1. 1. 1. 1. 1. 1. 1. 1. 1. 1. 1. 1. 1. 0. 0. 0. 0. 0. 0. 0. 0. 0.
 1. 1. 1. 1. 1. 1. 1. 1. 1. 0. 0. 0. 0. 0. 0. 0. 0. 0. 0. 0. 0. 0. 0. 0.
 0. 0. 0. 0. 0. 0. 0. 0. 0. 0. 0. 0. 0. 0. 0. 0. 0. 0. 0. 0. 0. 0. 0. 0.
 0. 0. 0. 0. 0. 0. 0. 0. 0. 0. 0. 0. 0. 0. 0. 0. 0. 0. 0. 0. 0. 0. 0. 0.
 0. 0. 0. 0. 0. 0. 0. 0. 0. 0. 0. 0. 0. 0. 0. 0. 0. 0. 0. 0. 0. 0. 0. 0.
 0. 0. 0. 0. 0. 0. 0. 0. 0. 0. 0. 0. 0. 0. 0. 0. 0. 0. 0. 0. 0. 0. 0. 0.
 0. 0. 0. 0. 0. 0. 0. 0.]
y_pred:  [0. 0. 0. 0. 0. 0. 0. 0. 0. 0. 0. 0. 0. 0. 0. 0. 0. 0. 0. 0. 0. 0. 0. 0.
 0. 0. 0. 1. 1. 1. 1. 1. 1. 1. 1. 1. 1. 1. 1. 1. 1. 1. 1. 1. 1. 1. 1. 1.
 1. 1. 1. 1. 1. 1. 1. 1. 1. 1. 1. 1. 1. 1. 1. 1. 1. 1. 1. 1. 1. 1. 1. 1.
 0. 0. 0. 0. 0. 0. 0. 0. 0. 1. 1. 1. 1. 1. 1. 1. 1. 1. 0. 0. 0. 0. 0. 0.
 0. 0. 0. 0. 0. 0. 0. 0. 0. 0. 0. 0. 0. 0. 0. 0. 0. 0. 0. 0. 0. 0. 0. 0.
 0. 0. 0. 0. 0. 0. 0. 0. 0. 0. 0. 0. 0. 0. 0. 0. 0. 0. 0. 0. 0. 0. 0. 0.
 0. 0. 0. 0. 0. 0. 0. 0. 0. 0. 0. 0. 0. 0. 0. 0. 0. 0. 0. 0. 0. 0. 0. 0.
 0. 0. 0. 0. 0. 0. 0. 0. 0. 0. 0. 0. 0. 0. 0. 0. 0. 0. 0. 0. 0. 0. 0. 0.
 0. 0. 0. 0. 0. 0. 0. 0.]
Normalized importance:  [0.02896406 0.16765328 0.54545455 0.10761099 0.30655391 0.17230444
 0.         0.15940803 0.21141649 0.31712474 0.29598309 0.27484144
 0.         0.23255814 0.         0.20021142 0.07061311 0.10317125
 0.12389006 0.00926004 0.03551797 0.         0.01655391 0.22410148
 0.33192389 0.25158562 0.08900634 0.94714588 0.77167019 0.68710359
 0.0756871  0.10549683 0.3615222  0.75264271 0.23044397 0.47145877
 0.76744186 0.34460888 0.62156448 0.27272727 0.07843552 0.49260042
 0.18097252 0.30866808 0.34883721 1.         0.21353066 0.59408034
 0.4820296  0.32980973 0.70401691 0.66173362 0.3192389  0.32135307
 0.9577167  0.54334038 0.58139535 0.53911205 0.62579281 0.53276956
 0.4397463  0.71247357 0.41014799 0.58985201 0.35729387 0.15856237
 0.00215645 0.35729387 0.45031712 0.40591966 0.39112051 0.67653277
 0.78646934 0.01748414 0.40169133 0.41649049 0.53699789 0.62579281
 0.72515856 0.00663848 0.05496829 0.69556025 0.17589852 0.46511628
 0.61099366 0.21775899 0.69344609 0.55813953 0.14714588 0.23890063
 0.         0.04122622 0.05496829 0.         0.19006342 0.0807611
 0.         0.4397463  0.         0.         0.24312896 0.11205074
 0.06575053 0.         0.         0.         0.54122622 0.
 0.         0.         0.         0.         0.         0.
 0.16511628 0.06511628 0.33403805 0.         0.27906977 0.
 0.07019027 0.09577167 0.         0.         0.30021142 0.42283298
 0.         0.07420719 0.19704017 0.         0.         0.
 0.02854123 0.         0.         0.         0.09069767 0.24735729
 0.         0.         0.03403805 0.17780127 0.         0.06955603
 0.05391121 0.         0.34672304 0.         0.         0.15433404
 0.         0.         0.25792812 0.13382664 0.         0.21120507
 0.         0.         0.51374207 0.23678647 0.         0.
 0.         0.03107822 0.         0.10761099 0.3551797  0.
 0.1794926  0.         0.01031712 0.         0.         0.
 0.05116279 0.02219873 0.         0.         0.26849894 0.
 0.34249471 0.         0.01215645 0.21078224 0.11818182 0.
 0.40803383 0.         0.36575053 0.36363636 0.28541226 0.
 0.14947146 0.32769556 0.12114165 0.         0.2769556  0.
 0.         0.        ]
pyseer
y_true:  [0. 0. 0. 0. 0. 0. 0. 0. 0. 0. 0. 0. 0. 0. 0. 0. 0. 0. 0. 0. 0. 0. 0. 0.
 0. 0. 0. 1. 1. 1. 1. 1. 1. 1. 1. 1. 1. 1. 1. 1. 1. 1. 1. 1. 1. 1. 1. 1.
 1. 1. 1. 1. 1. 1. 1. 1. 1. 1. 1. 1. 1. 1. 1. 0. 0. 0. 0. 0. 0. 0. 0. 0.
 1. 1. 1. 1. 1. 1. 1. 1. 1. 0. 0. 0. 0. 0. 0. 0. 0. 0. 0. 0. 0. 0. 0. 0.
 0. 0. 0. 0. 0. 0. 0. 0. 0. 0. 0. 0. 0. 0. 0. 0. 0. 0. 0. 0. 0. 0. 0. 0.
 0. 0. 0. 0. 0. 0. 0. 0. 0. 0. 0. 0. 0. 0. 0. 0. 0. 0. 0. 0. 0. 0. 0. 0.
 0. 0. 0. 0. 0. 0. 0. 0. 0. 0. 0. 0. 0. 0. 0. 0. 0. 0. 0. 0. 0. 0. 0. 0.
 0. 0. 0. 0. 0. 0. 0. 0. 0. 0. 0. 0. 0. 0. 0. 0. 0. 0. 0. 0. 0. 0. 0. 0.
 0. 0. 0. 0. 0. 0. 0. 0.]
y_pred:  [0. 0. 1. 0. 1. 0. 0. 0. 0. 1. 1. 1. 0. 0. 0. 0. 0. 0. 0. 0. 0. 0. 0. 0.
 1. 0. 0. 1. 1. 1. 0. 0. 1. 1. 0. 1. 1. 1. 1. 1. 0. 1. 0. 1. 1. 1. 0. 1.
 1. 1. 1. 1. 1. 1. 1. 1. 1. 1. 1. 1. 1. 1. 1. 1. 1. 0. 0. 1. 1. 1. 1. 1.
 1. 0. 1. 1. 1. 1. 1. 0. 0. 1. 0. 1. 1. 0. 1. 1. 0. 0. 0. 0. 0. 0. 0. 0.
 0. 1. 0. 0. 0. 0. 0. 0. 0. 0. 1. 0. 0. 0. 0. 0. 0. 0. 0. 0. 1. 0. 1. 0.
 0. 0. 0. 0. 1. 1. 0. 0. 0. 0. 0. 0. 0. 0. 0. 0. 0. 0. 0. 0. 0. 0. 0. 0.
 0. 0. 1. 0. 0. 0. 0. 0. 0. 0. 0. 0. 0. 0. 1. 0. 0. 0. 0. 0. 0. 0. 1. 0.
 0. 0. 0. 0. 0. 0. 0. 0. 0. 0. 0. 0. 1. 0. 0. 0. 0. 0. 1. 0. 1. 1. 1. 0.
 0. 1. 0. 0. 1. 0. 0. 0.]
Time taken: 23.76533842086792 seconds
Running combination 15 of 50
Fitting RandomForest...
Fitting Adaboost...
Fitting AdaBoost_2...
Fitting et...
Fitting gbc...
Fitting gbc_2...
Fitting gbc_3...
Fitting dt...
Fitting lr...
Fitting Lasso_1...
Fitting Lasso_2...
Fitting Lasso_3...
Fitting Lasso_4...
Fitting elasticnet...
VCF file created successfully.
pyseer stderr:  Read 1000 phenotypes
Detected continuous phenotype
Reading all variants

0variants [00:00, ?variants/s]
55variants [00:00, 542.51variants/s]
110variants [00:00, 474.21variants/s]
165variants [00:00, 504.95variants/s]
198variants [00:00, 508.69variants/s]
Applying correlation filtering

  0%|          | 0/198 [00:00<?, ?variants/s]
100%|██████████| 198/198 [00:00<00:00, 2702.18variants/s]
Fitting elastic net to top 148 variants
Best penalty (lambda) from cross-validation: 2.29E+01
Best R^2 from cross-validation: 0.519
Finding and printing selected variants
198 loaded variants
50 pre-filtered variants
148 tested variants
134 printed variants

True importance standardized:  [0.19387241 0.19387241 0.19387241 0.19387241 0.19387241 0.19387241
 0.19387241 0.19387241 0.19387241 0.31195485 0.31195485 0.31195485
 0.31195485 0.31195485 0.31195485 0.31195485 0.31195485 0.31195485
 0.81134984 0.81134984 0.81134984 0.81134984 0.81134984 0.81134984
 0.81134984 0.81134984 0.81134984 0.40486655 0.40486655 0.40486655
 0.40486655 0.40486655 0.40486655 0.40486655 0.40486655 0.40486655
 0.44351566 0.44351566 0.44351566 0.44351566 0.44351566 0.44351566
 0.44351566 0.44351566 0.44351566 1.         1.         1.
 1.         1.         1.         1.         1.         1.
 0.77726992 0.77726992 0.77726992 0.77726992 0.77726992 0.77726992
 0.77726992 0.77726992 0.77726992 0.86691094 0.86691094 0.86691094
 0.86691094 0.86691094 0.86691094 0.86691094 0.86691094 0.86691094
 0.38993611 0.38993611 0.38993611 0.38993611 0.38993611 0.38993611
 0.38993611 0.38993611 0.38993611 0.52054031 0.52054031 0.52054031
 0.52054031 0.52054031 0.52054031 0.52054031 0.52054031 0.52054031
 0.         0.         0.         0.         0.         0.
 0.         0.         0.         0.         0.         0.
 0.         0.         0.         0.         0.         0.
 0.         0.         0.         0.         0.         0.
 0.         0.         0.         0.         0.         0.
 0.         0.         0.         0.         0.         0.
 0.         0.         0.         0.         0.         0.
 0.         0.         0.         0.         0.         0.
 0.         0.         0.         0.         0.         0.
 0.         0.         0.         0.         0.         0.
 0.         0.         0.         0.         0.         0.
 0.         0.         0.         0.         0.         0.
 0.         0.         0.         0.         0.         0.
 0.         0.         0.         0.         0.         0.
 0.         0.         0.         0.         0.         0.
 0.         0.         0.         0.         0.         0.
 0.         0.         0.         0.         0.         0.
 0.         0.         0.         0.         0.         0.
 0.         0.        ]
Normalized importance:  [0.04380556 0.04380556 0.04380556 0.04380556 0.04380556 0.04380556
 0.         0.04380556 0.04380556 0.         0.         0.
 0.         0.         0.         0.         0.         0.
 0.45607675 0.45607675 0.45607675 0.45607675 0.45607675 0.45607675
 0.45607675 0.45607675 0.45607675 0.08108337 0.08108337 0.08108337
 0.08108337 0.08108337 0.08108337 0.08108337 0.08108337 0.08108337
 0.19969345 0.19969345 0.19969345 0.19969345 0.19969345 0.19969345
 0.19969345 0.19969345 0.19969345 1.         1.         1.
 1.         1.         1.         1.         1.         1.
 0.55529462 0.55529462 0.55529462 0.55529462 0.55529462 0.55529462
 0.55529462 0.55529462 0.55529462 0.90450769 0.90450769 0.90450769
 0.90450769 0.90450769 0.90450769 0.90450769 0.90450769 0.90450769
 0.1236756  0.1236756  0.1236756  0.1236756  0.1236756  0.1236756
 0.1236756  0.1236756  0.1236756  0.22436627 0.22436627 0.22436627
 0.22436627 0.22436627 0.22436627 0.22436627 0.22436627 0.22436627
 0.         0.         0.         0.         0.02552446 0.
 0.         0.         0.0241728  0.         0.         0.
 0.         0.         0.         0.         0.         0.
 0.         0.         0.         0.         0.         0.
 0.         0.         0.         0.         0.         0.
 0.         0.         0.         0.         0.         0.
 0.         0.         0.         0.         0.         0.
 0.         0.         0.         0.         0.         0.
 0.         0.01622004 0.         0.         0.         0.
 0.         0.         0.         0.         0.         0.
 0.         0.         0.         0.         0.         0.
 0.         0.         0.         0.         0.         0.
 0.         0.         0.01881728 0.         0.         0.
 0.         0.         0.01976324 0.         0.0160666  0.
 0.         0.         0.         0.         0.         0.01319065
 0.         0.         0.         0.         0.         0.
 0.         0.01867398 0.0233536  0.         0.         0.
 0.         0.         0.         0.         0.03128778 0.
 0.         0.        ]
deepbreaks
y_true:  [0. 0. 0. 0. 0. 0. 0. 0. 0. 0. 0. 0. 0. 0. 0. 0. 0. 0. 1. 1. 1. 1. 1. 1.
 1. 1. 1. 0. 0. 0. 0. 0. 0. 0. 0. 0. 0. 0. 0. 0. 0. 0. 0. 0. 0. 1. 1. 1.
 1. 1. 1. 1. 1. 1. 1. 1. 1. 1. 1. 1. 1. 1. 1. 1. 1. 1. 1. 1. 1. 1. 1. 1.
 0. 0. 0. 0. 0. 0. 0. 0. 0. 1. 1. 1. 1. 1. 1. 1. 1. 1. 0. 0. 0. 0. 0. 0.
 0. 0. 0. 0. 0. 0. 0. 0. 0. 0. 0. 0. 0. 0. 0. 0. 0. 0. 0. 0. 0. 0. 0. 0.
 0. 0. 0. 0. 0. 0. 0. 0. 0. 0. 0. 0. 0. 0. 0. 0. 0. 0. 0. 0. 0. 0. 0. 0.
 0. 0. 0. 0. 0. 0. 0. 0. 0. 0. 0. 0. 0. 0. 0. 0. 0. 0. 0. 0. 0. 0. 0. 0.
 0. 0. 0. 0. 0. 0. 0. 0. 0. 0. 0. 0. 0. 0. 0. 0. 0. 0. 0. 0. 0. 0. 0. 0.
 0. 0. 0. 0. 0. 0. 0. 0.]
y_pred:  [0. 0. 0. 0. 0. 0. 0. 0. 0. 0. 0. 0. 0. 0. 0. 0. 0. 0. 1. 1. 1. 1. 1. 1.
 1. 1. 1. 0. 0. 0. 0. 0. 0. 0. 0. 0. 0. 0. 0. 0. 0. 0. 0. 0. 0. 1. 1. 1.
 1. 1. 1. 1. 1. 1. 1. 1. 1. 1. 1. 1. 1. 1. 1. 1. 1. 1. 1. 1. 1. 1. 1. 1.
 0. 0. 0. 0. 0. 0. 0. 0. 0. 1. 1. 1. 1. 1. 1. 1. 1. 1. 0. 0. 0. 0. 0. 0.
 0. 0. 0. 0. 0. 0. 0. 0. 0. 0. 0. 0. 0. 0. 0. 0. 0. 0. 0. 0. 0. 0. 0. 0.
 0. 0. 0. 0. 0. 0. 0. 0. 0. 0. 0. 0. 0. 0. 0. 0. 0. 0. 0. 0. 0. 0. 0. 0.
 0. 0. 0. 0. 0. 0. 0. 0. 0. 0. 0. 0. 0. 0. 0. 0. 0. 0. 0. 0. 0. 0. 0. 0.
 0. 0. 0. 0. 0. 0. 0. 0. 0. 0. 0. 0. 0. 0. 0. 0. 0. 0. 0. 0. 0. 0. 0. 0.
 0. 0. 0. 0. 0. 0. 0. 0.]
Normalized importance:  [0.13615385 0.24807692 0.         0.13673077 0.         0.19211538
 0.         0.17826923 0.02480769 0.175      0.02538462 0.08384615
 0.22884615 0.         0.00513462 0.04942308 0.         0.16173077
 0.75769231 0.62884615 0.18442308 0.19423077 0.44423077 0.53461538
 0.57115385 0.035      0.36538462 0.31346154 0.12211538 0.775
 0.04615385 0.19115385 0.14673077 0.55       0.28461538 0.36346154
 0.51538462 0.1775     0.11173077 0.03346154 0.625      0.19230769
 0.34615385 0.2        0.34615385 1.         0.57307692 0.80192308
 0.07730769 0.82884615 0.22884615 0.69038462 0.59615385 0.55
 0.79423077 0.62692308 0.29807692 0.74038462 0.38653846 0.68461538
 0.36538462 0.05826923 0.04576923 0.96153846 0.93269231 0.
 0.59230769 0.63653846 0.15403846 0.41730769 0.55       0.49807692
 0.40384615 0.49038462 0.12288462 0.         0.06442308 0.225
 0.         0.20384615 0.48846154 0.575      0.22115385 0.17846154
 0.20384615 0.29230769 0.41153846 0.16846154 0.46538462 0.14596154
 0.         0.10596154 0.         0.         0.39807692 0.22307692
 0.         0.         0.33461538 0.03576923 0.07038462 0.20576923
 0.25576923 0.25769231 0.         0.44615385 0.29615385 0.
 0.         0.         0.03538462 0.         0.         0.
 0.02980769 0.28846154 0.         0.         0.         0.
 0.08769231 0.         0.         0.20576923 0.         0.01907692
 0.         0.38461538 0.         0.11365385 0.         0.017
 0.         0.         0.         0.26923077 0.         0.21153846
 0.         0.49038462 0.         0.11557692 0.         0.04038462
 0.00880769 0.         0.         0.29038462 0.         0.
 0.         0.12846154 0.         0.11019231 0.         0.
 0.35769231 0.18788462 0.00467308 0.         0.         0.21153846
 0.         0.         0.40961538 0.30576923 0.         0.
 0.         0.14       0.37884615 0.24038462 0.         0.02961538
 0.08788462 0.         0.01215385 0.10557692 0.         0.15057692
 0.         0.         0.275      0.         0.49615385 0.13942308
 0.         0.27884615 0.23076923 0.         0.09326923 0.
 0.         0.         0.         0.16173077 0.11346154 0.18076923
 0.         0.        ]
pyseer
y_true:  [0. 0. 0. 0. 0. 0. 0. 0. 0. 0. 0. 0. 0. 0. 0. 0. 0. 0. 1. 1. 1. 1. 1. 1.
 1. 1. 1. 0. 0. 0. 0. 0. 0. 0. 0. 0. 0. 0. 0. 0. 0. 0. 0. 0. 0. 1. 1. 1.
 1. 1. 1. 1. 1. 1. 1. 1. 1. 1. 1. 1. 1. 1. 1. 1. 1. 1. 1. 1. 1. 1. 1. 1.
 0. 0. 0. 0. 0. 0. 0. 0. 0. 1. 1. 1. 1. 1. 1. 1. 1. 1. 0. 0. 0. 0. 0. 0.
 0. 0. 0. 0. 0. 0. 0. 0. 0. 0. 0. 0. 0. 0. 0. 0. 0. 0. 0. 0. 0. 0. 0. 0.
 0. 0. 0. 0. 0. 0. 0. 0. 0. 0. 0. 0. 0. 0. 0. 0. 0. 0. 0. 0. 0. 0. 0. 0.
 0. 0. 0. 0. 0. 0. 0. 0. 0. 0. 0. 0. 0. 0. 0. 0. 0. 0. 0. 0. 0. 0. 0. 0.
 0. 0. 0. 0. 0. 0. 0. 0. 0. 0. 0. 0. 0. 0. 0. 0. 0. 0. 0. 0. 0. 0. 0. 0.
 0. 0. 0. 0. 0. 0. 0. 0.]
y_pred:  [0. 1. 0. 0. 0. 0. 0. 0. 0. 0. 0. 0. 1. 0. 0. 0. 0. 0. 1. 1. 0. 0. 1. 1.
 1. 0. 1. 1. 0. 1. 0. 0. 0. 1. 1. 1. 1. 0. 0. 0. 1. 0. 1. 0. 1. 1. 1. 1.
 0. 1. 1. 1. 1. 1. 1. 1. 1. 1. 1. 1. 1. 0. 0. 1. 1. 0. 1. 1. 0. 1. 1. 1.
 1. 1. 0. 0. 0. 1. 0. 0. 1. 1. 0. 0. 0. 1. 1. 0. 1. 0. 0. 0. 0. 0. 1. 0.
 0. 0. 1. 0. 0. 0. 1. 1. 0. 1. 1. 0. 0. 0. 0. 0. 0. 0. 0. 1. 0. 0. 0. 0.
 0. 0. 0. 0. 0. 0. 0. 1. 0. 0. 0. 0. 0. 0. 0. 1. 0. 0. 0. 1. 0. 0. 0. 0.
 0. 0. 0. 1. 0. 0. 0. 0. 0. 0. 0. 0. 1. 0. 0. 0. 0. 0. 0. 0. 1. 1. 0. 0.
 0. 0. 1. 1. 0. 0. 0. 0. 0. 0. 0. 0. 0. 0. 1. 0. 1. 0. 0. 1. 1. 0. 0. 0.
 0. 0. 0. 0. 0. 0. 0. 0.]
Time taken: 24.17305326461792 seconds
Running combination 16 of 50
Fitting RandomForest...
Fitting Adaboost...
Fitting AdaBoost_2...
Fitting et...
Fitting gbc...
Fitting gbc_2...
Fitting gbc_3...
Fitting dt...
Fitting lr...
Fitting Lasso_1...
Fitting Lasso_2...
Fitting Lasso_3...
Fitting Lasso_4...
Fitting elasticnet...
VCF file created successfully.
pyseer stderr:  Read 1000 phenotypes
Detected continuous phenotype
Reading all variants

0variants [00:00, ?variants/s]
54variants [00:00, 532.88variants/s]
108variants [00:00, 473.16variants/s]
164variants [00:00, 508.09variants/s]
198variants [00:00, 512.41variants/s]
Applying correlation filtering

  0%|          | 0/198 [00:00<?, ?variants/s]
100%|██████████| 198/198 [00:00<00:00, 2656.46variants/s]
Fitting elastic net to top 148 variants
Best penalty (lambda) from cross-validation: 3.54E+01
Best R^2 from cross-validation: 0.448
Finding and printing selected variants
198 loaded variants
50 pre-filtered variants
148 tested variants
142 printed variants

True importance standardized:  [0.71790274 0.71790274 0.71790274 0.71790274 0.71790274 0.71790274
 0.71790274 0.71790274 0.71790274 1.         1.         1.
 1.         1.         1.         1.         1.         1.
 0.48375973 0.48375973 0.48375973 0.48375973 0.48375973 0.48375973
 0.48375973 0.48375973 0.48375973 0.60757143 0.60757143 0.60757143
 0.60757143 0.60757143 0.60757143 0.60757143 0.60757143 0.60757143
 0.28092441 0.28092441 0.28092441 0.28092441 0.28092441 0.28092441
 0.28092441 0.28092441 0.28092441 0.95082385 0.95082385 0.95082385
 0.95082385 0.95082385 0.95082385 0.95082385 0.95082385 0.95082385
 0.21835187 0.21835187 0.21835187 0.21835187 0.21835187 0.21835187
 0.21835187 0.21835187 0.21835187 0.29986954 0.29986954 0.29986954
 0.29986954 0.29986954 0.29986954 0.29986954 0.29986954 0.29986954
 0.92403202 0.92403202 0.92403202 0.92403202 0.92403202 0.92403202
 0.92403202 0.92403202 0.92403202 0.58286031 0.58286031 0.58286031
 0.58286031 0.58286031 0.58286031 0.58286031 0.58286031 0.58286031
 0.         0.         0.         0.         0.         0.
 0.         0.         0.         0.         0.         0.
 0.         0.         0.         0.         0.         0.
 0.         0.         0.         0.         0.         0.
 0.         0.         0.         0.         0.         0.
 0.         0.         0.         0.         0.         0.
 0.         0.         0.         0.         0.         0.
 0.         0.         0.         0.         0.         0.
 0.         0.         0.         0.         0.         0.
 0.         0.         0.         0.         0.         0.
 0.         0.         0.         0.         0.         0.
 0.         0.         0.         0.         0.         0.
 0.         0.         0.         0.         0.         0.
 0.         0.         0.         0.         0.         0.
 0.         0.         0.         0.         0.         0.
 0.         0.         0.         0.         0.         0.
 0.         0.         0.         0.         0.         0.
 0.         0.         0.         0.         0.         0.
 0.         0.        ]
Normalized importance:  [0.58698516 0.58698516 0.58698516 0.58698516 0.58698516 0.58698516
 0.58698516 0.58698516 0.58698516 1.         1.         1.
 1.         1.         1.         1.         1.         1.
 0.19501552 0.19501552 0.19501552 0.19501552 0.19501552 0.19501552
 0.19501552 0.19501552 0.19501552 0.44706219 0.44706219 0.44706219
 0.44706219 0.44706219 0.44706219 0.44706219 0.44706219 0.44706219
 0.0374608  0.0374608  0.         0.0374608  0.         0.
 0.         0.         0.0374608  0.88349729 0.88349729 0.88349729
 0.88349729 0.88349729 0.88349729 0.88349729 0.88349729 0.88349729
 0.10827321 0.10827321 0.10827321 0.10827321 0.10827321 0.
 0.10827321 0.10827321 0.         0.08349805 0.08349805 0.08349805
 0.08349805 0.08349805 0.08349805 0.08349805 0.08349805 0.08349805
 0.72528403 0.72528403 0.72528403 0.72528403 0.72528403 0.72528403
 0.72528403 0.72528403 0.72528403 0.26121574 0.26121574 0.26121574
 0.26121574 0.26121574 0.26121574 0.26121574 0.26121574 0.26121574
 0.         0.         0.01039359 0.         0.         0.
 0.         0.         0.         0.01884613 0.         0.
 0.         0.         0.         0.         0.06513924 0.00501944
 0.         0.         0.         0.         0.00979666 0.01287961
 0.         0.         0.         0.         0.02411239 0.
 0.009157   0.         0.         0.         0.01190213 0.
 0.         0.         0.         0.         0.         0.
 0.         0.00534571 0.01278143 0.         0.         0.
 0.         0.         0.         0.         0.         0.
 0.0213126  0.         0.         0.01518443 0.         0.
 0.         0.02847178 0.         0.         0.         0.
 0.         0.         0.         0.01174718 0.         0.
 0.         0.06454286 0.         0.         0.         0.
 0.         0.         0.         0.         0.         0.
 0.         0.         0.         0.         0.         0.
 0.         0.         0.         0.         0.         0.
 0.         0.         0.         0.         0.0216969  0.
 0.05446136 0.         0.         0.         0.         0.02148645
 0.         0.        ]
deepbreaks
y_true:  [1. 1. 1. 1. 1. 1. 1. 1. 1. 1. 1. 1. 1. 1. 1. 1. 1. 1. 0. 0. 0. 0. 0. 0.
 0. 0. 0. 1. 1. 1. 1. 1. 1. 1. 1. 1. 0. 0. 0. 0. 0. 0. 0. 0. 0. 1. 1. 1.
 1. 1. 1. 1. 1. 1. 0. 0. 0. 0. 0. 0. 0. 0. 0. 0. 0. 0. 0. 0. 0. 0. 0. 0.
 1. 1. 1. 1. 1. 1. 1. 1. 1. 0. 0. 0. 0. 0. 0. 0. 0. 0. 0. 0. 0. 0. 0. 0.
 0. 0. 0. 0. 0. 0. 0. 0. 0. 0. 0. 0. 0. 0. 0. 0. 0. 0. 0. 0. 0. 0. 0. 0.
 0. 0. 0. 0. 0. 0. 0. 0. 0. 0. 0. 0. 0. 0. 0. 0. 0. 0. 0. 0. 0. 0. 0. 0.
 0. 0. 0. 0. 0. 0. 0. 0. 0. 0. 0. 0. 0. 0. 0. 0. 0. 0. 0. 0. 0. 0. 0. 0.
 0. 0. 0. 0. 0. 0. 0. 0. 0. 0. 0. 0. 0. 0. 0. 0. 0. 0. 0. 0. 0. 0. 0. 0.
 0. 0. 0. 0. 0. 0. 0. 0.]
y_pred:  [1. 1. 1. 1. 1. 1. 1. 1. 1. 1. 1. 1. 1. 1. 1. 1. 1. 1. 0. 0. 0. 0. 0. 0.
 0. 0. 0. 1. 1. 1. 1. 1. 1. 1. 1. 1. 0. 0. 0. 0. 0. 0. 0. 0. 0. 1. 1. 1.
 1. 1. 1. 1. 1. 1. 0. 0. 0. 0. 0. 0. 0. 0. 0. 0. 0. 0. 0. 0. 0. 0. 0. 0.
 1. 1. 1. 1. 1. 1. 1. 1. 1. 1. 1. 1. 1. 1. 1. 1. 1. 1. 0. 0. 0. 0. 0. 0.
 0. 0. 0. 0. 0. 0. 0. 0. 0. 0. 0. 0. 0. 0. 0. 0. 0. 0. 0. 0. 0. 0. 0. 0.
 0. 0. 0. 0. 0. 0. 0. 0. 0. 0. 0. 0. 0. 0. 0. 0. 0. 0. 0. 0. 0. 0. 0. 0.
 0. 0. 0. 0. 0. 0. 0. 0. 0. 0. 0. 0. 0. 0. 0. 0. 0. 0. 0. 0. 0. 0. 0. 0.
 0. 0. 0. 0. 0. 0. 0. 0. 0. 0. 0. 0. 0. 0. 0. 0. 0. 0. 0. 0. 0. 0. 0. 0.
 0. 0. 0. 0. 0. 0. 0. 0.]
Normalized importance:  [0.72894334 0.43950995 0.33078101 0.44410413 0.14808576 0.63859112
 0.57274119 0.59111792 0.33843798 0.97396631 0.71822358 0.38284839
 0.62480858 0.47932619 0.68300153 0.40735069 1.         0.
 0.41500766 0.53751914 0.41807044 0.45022971 0.31240429 0.30627871
 0.16539051 0.0992343  0.07243492 0.79785605 0.32465544 0.37519142
 0.7151608  0.15022971 0.47779479 0.29096478 0.67075038 0.46401225
 0.19754977 0.27258806 0.3093415  0.21745789 0.         0.
 0.11240429 0.         0.20367534 0.99540582 0.5237366  0.77182236
 0.4042879  0.28790199 0.76569678 0.35068913 0.18070444 0.21898928
 0.27105666 0.13767228 0.03430322 0.27105666 0.17764165 0.
 0.41653905 0.52986217 0.0245023  0.19448698 0.39509954 0.48392037
 0.31393568 0.74119449 0.         0.21592649 0.37672282 0.03491577
 0.8805513  0.36447167 0.56814701 0.32771822 0.53751914 0.47932619
 0.62787136 0.86370597 0.38591118 0.37059724 0.4042879  0.4058193
 0.5957121  0.11730475 0.41347626 0.33078101 0.46707504 0.17151608
 0.         0.         0.44716692 0.20673813 0.26799387 0.
 0.         0.         0.         0.38284839 0.         0.03445636
 0.44716692 0.         0.         0.         0.51148545 0.29096478
 0.08621746 0.05344564 0.         0.34609495 0.5467075  0.43950995
 0.17457887 0.         0.19601838 0.07366003 0.34762634 0.
 0.18376723 0.19295559 0.         0.         0.4517611  0.22358346
 0.         0.         0.         0.         0.24042879 0.
 0.         0.41347626 0.37366003 0.         0.         0.12174579
 0.18529862 0.41500766 0.02388974 0.         0.20826953 0.10153139
 0.37519142 0.         0.41347626 0.22358346 0.11408882 0.
 0.         0.45482389 0.12235835 0.14808576 0.         0.
 0.         0.1914242  0.         0.09111792 0.34915773 0.
 0.         0.74885145 0.19754977 0.         0.         0.
 0.381317   0.04211332 0.         0.07856049 0.         0.30781011
 0.15130168 0.         0.16998469 0.38437979 0.         0.
 0.         0.         0.         0.29709035 0.         0.07963247
 0.07947933 0.07641654 0.16845329 0.         0.29402757 0.
 0.81776417 0.         0.         0.         0.42266462 0.35528331
 0.         0.        ]
pyseer
y_true:  [1. 1. 1. 1. 1. 1. 1. 1. 1. 1. 1. 1. 1. 1. 1. 1. 1. 1. 0. 0. 0. 0. 0. 0.
 0. 0. 0. 1. 1. 1. 1. 1. 1. 1. 1. 1. 0. 0. 0. 0. 0. 0. 0. 0. 0. 1. 1. 1.
 1. 1. 1. 1. 1. 1. 0. 0. 0. 0. 0. 0. 0. 0. 0. 0. 0. 0. 0. 0. 0. 0. 0. 0.
 1. 1. 1. 1. 1. 1. 1. 1. 1. 0. 0. 0. 0. 0. 0. 0. 0. 0. 0. 0. 0. 0. 0. 0.
 0. 0. 0. 0. 0. 0. 0. 0. 0. 0. 0. 0. 0. 0. 0. 0. 0. 0. 0. 0. 0. 0. 0. 0.
 0. 0. 0. 0. 0. 0. 0. 0. 0. 0. 0. 0. 0. 0. 0. 0. 0. 0. 0. 0. 0. 0. 0. 0.
 0. 0. 0. 0. 0. 0. 0. 0. 0. 0. 0. 0. 0. 0. 0. 0. 0. 0. 0. 0. 0. 0. 0. 0.
 0. 0. 0. 0. 0. 0. 0. 0. 0. 0. 0. 0. 0. 0. 0. 0. 0. 0. 0. 0. 0. 0. 0. 0.
 0. 0. 0. 0. 0. 0. 0. 0.]
y_pred:  [1. 1. 0. 1. 0. 1. 1. 1. 0. 1. 1. 1. 1. 1. 1. 1. 1. 0. 1. 1. 1. 1. 0. 0.
 0. 0. 0. 1. 0. 1. 1. 0. 1. 0. 1. 1. 0. 0. 0. 0. 0. 0. 0. 0. 0. 1. 1. 1.
 1. 0. 1. 1. 0. 0. 0. 0. 0. 0. 0. 0. 1. 1. 0. 0. 1. 1. 0. 1. 0. 0. 1. 0.
 1. 1. 1. 0. 1. 1. 1. 1. 1. 1. 1. 1. 1. 0. 1. 0. 1. 0. 0. 0. 1. 0. 0. 0.
 0. 0. 0. 1. 0. 0. 1. 0. 0. 0. 1. 0. 0. 0. 0. 0. 1. 1. 0. 0. 0. 0. 1. 0.
 0. 0. 0. 0. 1. 0. 0. 0. 0. 0. 0. 0. 0. 1. 1. 0. 0. 0. 0. 1. 0. 0. 0. 0.
 1. 0. 1. 0. 0. 0. 0. 1. 0. 0. 0. 0. 0. 0. 0. 0. 1. 0. 0. 1. 0. 0. 0. 0.
 1. 0. 0. 0. 0. 0. 0. 0. 0. 1. 0. 0. 0. 0. 0. 0. 0. 0. 0. 0. 0. 0. 0. 0.
 1. 0. 0. 0. 1. 1. 0. 0.]
Time taken: 24.884392261505127 seconds
Running combination 17 of 50
Fitting RandomForest...
Fitting Adaboost...
Fitting AdaBoost_2...
Fitting et...
Fitting gbc...
Fitting gbc_2...
Fitting gbc_3...
Fitting dt...
Fitting lr...
Fitting Lasso_1...
Fitting Lasso_2...
Fitting Lasso_3...
Fitting Lasso_4...
Fitting elasticnet...
VCF file created successfully.
pyseer stderr:  Read 1000 phenotypes
Detected continuous phenotype
Reading all variants

0variants [00:00, ?variants/s]
50variants [00:00, 490.86variants/s]
100variants [00:00, 431.56variants/s]
151variants [00:00, 461.74variants/s]
198variants [00:00, 469.11variants/s]
Applying correlation filtering

  0%|          | 0/198 [00:00<?, ?variants/s]
100%|██████████| 198/198 [00:00<00:00, 2394.53variants/s]
Fitting elastic net to top 148 variants
Best penalty (lambda) from cross-validation: 6.12E+01
Best R^2 from cross-validation: 0.441
Finding and printing selected variants
198 loaded variants
50 pre-filtered variants
148 tested variants
141 printed variants

True importance standardized:  [0.37115624 0.37115624 0.37115624 0.37115624 0.37115624 0.37115624
 0.37115624 0.37115624 0.37115624 0.52712984 0.52712984 0.52712984
 0.52712984 0.52712984 0.52712984 0.52712984 0.52712984 0.52712984
 0.72867967 0.72867967 0.72867967 0.72867967 0.72867967 0.72867967
 0.72867967 0.72867967 0.72867967 1.         1.         1.
 1.         1.         1.         1.         1.         1.
 0.85744059 0.85744059 0.85744059 0.85744059 0.85744059 0.85744059
 0.85744059 0.85744059 0.85744059 0.32546696 0.32546696 0.32546696
 0.32546696 0.32546696 0.32546696 0.32546696 0.32546696 0.32546696
 0.51944141 0.51944141 0.51944141 0.51944141 0.51944141 0.51944141
 0.51944141 0.51944141 0.51944141 0.87927672 0.87927672 0.87927672
 0.87927672 0.87927672 0.87927672 0.87927672 0.87927672 0.87927672
 0.92846528 0.92846528 0.92846528 0.92846528 0.92846528 0.92846528
 0.92846528 0.92846528 0.92846528 0.96802157 0.96802157 0.96802157
 0.96802157 0.96802157 0.96802157 0.96802157 0.96802157 0.96802157
 0.         0.         0.         0.         0.         0.
 0.         0.         0.         0.         0.         0.
 0.         0.         0.         0.         0.         0.
 0.         0.         0.         0.         0.         0.
 0.         0.         0.         0.         0.         0.
 0.         0.         0.         0.         0.         0.
 0.         0.         0.         0.         0.         0.
 0.         0.         0.         0.         0.         0.
 0.         0.         0.         0.         0.         0.
 0.         0.         0.         0.         0.         0.
 0.         0.         0.         0.         0.         0.
 0.         0.         0.         0.         0.         0.
 0.         0.         0.         0.         0.         0.
 0.         0.         0.         0.         0.         0.
 0.         0.         0.         0.         0.         0.
 0.         0.         0.         0.         0.         0.
 0.         0.         0.         0.         0.         0.
 0.         0.         0.         0.         0.         0.
 0.         0.        ]
Normalized importance:  [0.13736426 0.13736426 0.13736426 0.13736426 0.13736426 0.13736426
 0.13736426 0.13736426 0.13736426 0.21713749 0.21713749 0.21713749
 0.21713749 0.21713749 0.21713749 0.21713749 0.21713749 0.21713749
 0.39791598 0.39791598 0.39791598 0.39791598 0.39791598 0.39791598
 0.39791598 0.39791598 0.39791598 0.87945199 0.87945199 0.87945199
 0.87945199 0.87945199 0.87945199 0.87945199 0.87945199 0.87945199
 1.         1.         1.         1.         1.         1.
 1.         1.         1.         0.1040133  0.1040133  0.1040133
 0.1040133  0.1040133  0.1040133  0.1040133  0.1040133  0.1040133
 0.11783021 0.11783021 0.11783021 0.11783021 0.         0.11783021
 0.11783021 0.11783021 0.11783021 0.63883055 0.63883055 0.63883055
 0.63883055 0.63883055 0.63883055 0.63883055 0.63883055 0.63883055
 0.59028589 0.59028589 0.59028589 0.59028589 0.59028589 0.59028589
 0.59028589 0.59028589 0.59028589 0.85317627 0.85317627 0.85317627
 0.85317627 0.85317627 0.85317627 0.85317627 0.85317627 0.85317627
 0.         0.         0.         0.         0.         0.
 0.         0.02633481 0.         0.         0.         0.
 0.         0.0382532  0.         0.         0.         0.
 0.         0.         0.         0.         0.         0.
 0.02550315 0.01565376 0.01840989 0.         0.         0.
 0.02657062 0.         0.         0.06421982 0.         0.
 0.         0.         0.         0.         0.         0.
 0.         0.         0.         0.         0.         0.
 0.         0.         0.01720953 0.         0.         0.
 0.         0.00973544 0.01770362 0.         0.         0.
 0.         0.         0.         0.         0.         0.
 0.         0.         0.         0.         0.         0.
 0.02375571 0.03249021 0.         0.         0.         0.
 0.         0.01332206 0.         0.         0.01871508 0.
 0.         0.         0.03868807 0.         0.         0.
 0.         0.03466482 0.         0.         0.         0.
 0.         0.         0.         0.         0.         0.13412758
 0.         0.         0.         0.         0.07149858 0.
 0.         0.        ]
deepbreaks
y_true:  [0. 0. 0. 0. 0. 0. 0. 0. 0. 0. 0. 0. 0. 0. 0. 0. 0. 0. 0. 0. 0. 0. 0. 0.
 0. 0. 0. 1. 1. 1. 1. 1. 1. 1. 1. 1. 1. 1. 1. 1. 1. 1. 1. 1. 1. 0. 0. 0.
 0. 0. 0. 0. 0. 0. 0. 0. 0. 0. 0. 0. 0. 0. 0. 1. 1. 1. 1. 1. 1. 1. 1. 1.
 1. 1. 1. 1. 1. 1. 1. 1. 1. 1. 1. 1. 1. 1. 1. 1. 1. 1. 0. 0. 0. 0. 0. 0.
 0. 0. 0. 0. 0. 0. 0. 0. 0. 0. 0. 0. 0. 0. 0. 0. 0. 0. 0. 0. 0. 0. 0. 0.
 0. 0. 0. 0. 0. 0. 0. 0. 0. 0. 0. 0. 0. 0. 0. 0. 0. 0. 0. 0. 0. 0. 0. 0.
 0. 0. 0. 0. 0. 0. 0. 0. 0. 0. 0. 0. 0. 0. 0. 0. 0. 0. 0. 0. 0. 0. 0. 0.
 0. 0. 0. 0. 0. 0. 0. 0. 0. 0. 0. 0. 0. 0. 0. 0. 0. 0. 0. 0. 0. 0. 0. 0.
 0. 0. 0. 0. 0. 0. 0. 0.]
y_pred:  [0. 0. 0. 0. 0. 0. 0. 0. 0. 0. 0. 0. 0. 0. 0. 0. 0. 0. 1. 1. 1. 1. 1. 1.
 1. 1. 1. 1. 1. 1. 1. 1. 1. 1. 1. 1. 1. 1. 1. 1. 1. 1. 1. 1. 1. 0. 0. 0.
 0. 0. 0. 0. 0. 0. 0. 0. 0. 0. 0. 0. 0. 0. 0. 1. 1. 1. 1. 1. 1. 1. 1. 1.
 1. 1. 1. 1. 1. 1. 1. 1. 1. 1. 1. 1. 1. 1. 1. 1. 1. 1. 0. 0. 0. 0. 0. 0.
 0. 0. 0. 0. 0. 0. 0. 0. 0. 0. 0. 0. 0. 0. 0. 0. 0. 0. 0. 0. 0. 0. 0. 0.
 0. 0. 0. 0. 0. 0. 0. 0. 0. 0. 0. 0. 0. 0. 0. 0. 0. 0. 0. 0. 0. 0. 0. 0.
 0. 0. 0. 0. 0. 0. 0. 0. 0. 0. 0. 0. 0. 0. 0. 0. 0. 0. 0. 0. 0. 0. 0. 0.
 0. 0. 0. 0. 0. 0. 0. 0. 0. 0. 0. 0. 0. 0. 0. 0. 0. 0. 0. 0. 0. 0. 0. 0.
 0. 0. 0. 0. 0. 0. 0. 0.]
Normalized importance:  [2.39393939e-01 3.87121212e-01 2.90151515e-01 7.03787879e-02
 2.77272727e-01 1.15151515e-01 1.32575758e-02 2.28787879e-01
 2.91666667e-01 4.28030303e-01 1.29545455e-01 5.91666667e-01
 3.22727273e-01 2.98484848e-01 0.00000000e+00 0.00000000e+00
 2.87121212e-01 3.55303030e-01 6.56818182e-01 1.11363636e-01
 4.28787879e-01 6.67424242e-01 0.00000000e+00 5.32575758e-02
 5.04545455e-01 1.49242424e-01 5.24242424e-01 8.63636364e-01
 3.01515152e-01 9.46969697e-02 6.95454545e-01 3.71212121e-01
 2.98484848e-01 5.33333333e-01 1.39393939e-01 5.57575758e-01
 8.10606061e-01 4.10606061e-01 3.41666667e-01 2.84090909e-01
 2.41666667e-01 1.00000000e+00 4.02272727e-01 4.73484848e-01
 0.00000000e+00 2.66666667e-01 7.80303030e-02 0.00000000e+00
 2.46969697e-01 2.75757576e-01 1.39393939e-01 1.96969697e-02
 3.60606061e-01 1.86363636e-01 2.20454545e-01 1.05303030e-01
 9.31818182e-02 2.64393939e-01 6.15151515e-02 3.50757576e-01
 2.45454545e-01 3.59090909e-01 1.00000000e-01 7.17424242e-01
 1.81818182e-01 4.92424242e-01 2.39393939e-01 7.05303030e-01
 4.96212121e-04 5.56060606e-01 4.00757576e-01 4.58333333e-01
 6.21212121e-01 4.09090909e-01 5.82575758e-01 4.40909091e-01
 1.11363636e-01 5.35606061e-01 5.57575758e-01 1.18939394e-01
 2.17424242e-01 8.86363636e-01 2.90909091e-01 2.91666667e-01
 5.13636364e-01 3.21969697e-02 7.04545455e-01 2.90151515e-02
 5.62878788e-01 4.51515152e-01 2.25757576e-01 1.97727273e-01
 2.96212121e-01 0.00000000e+00 2.62878788e-01 8.18181818e-02
 1.46969697e-01 4.48484848e-01 0.00000000e+00 4.95454545e-02
 1.59848485e-01 0.00000000e+00 7.35606061e-02 5.93939394e-01
 0.00000000e+00 0.00000000e+00 2.53787879e-01 2.43181818e-01
 0.00000000e+00 0.00000000e+00 4.05303030e-01 0.00000000e+00
 0.00000000e+00 5.74242424e-02 3.90909091e-01 3.53787879e-01
 1.39393939e-01 1.86363636e-01 1.66666667e-01 0.00000000e+00
 4.89393939e-01 0.00000000e+00 2.78030303e-01 6.53787879e-01
 0.00000000e+00 0.00000000e+00 1.68939394e-01 0.00000000e+00
 0.00000000e+00 0.00000000e+00 0.00000000e+00 1.75000000e-01
 0.00000000e+00 0.00000000e+00 0.00000000e+00 0.00000000e+00
 0.00000000e+00 0.00000000e+00 0.00000000e+00 0.00000000e+00
 2.84090909e-01 3.12121212e-02 0.00000000e+00 0.00000000e+00
 0.00000000e+00 2.21969697e-01 4.77272727e-01 5.98484848e-02
 0.00000000e+00 0.00000000e+00 0.00000000e+00 4.20454545e-01
 8.33333333e-02 2.28030303e-01 0.00000000e+00 0.00000000e+00
 0.00000000e+00 0.00000000e+00 3.33333333e-03 9.62121212e-02
 0.00000000e+00 0.00000000e+00 4.93181818e-01 3.09848485e-01
 2.25757576e-01 0.00000000e+00 0.00000000e+00 0.00000000e+00
 0.00000000e+00 2.43939394e-01 0.00000000e+00 1.95454545e-01
 2.87121212e-01 2.13636364e-01 9.09090909e-02 0.00000000e+00
 4.37878788e-01 9.31818182e-02 1.40151515e-01 2.78030303e-01
 0.00000000e+00 3.88636364e-01 1.49242424e-01 4.16666667e-01
 0.00000000e+00 0.00000000e+00 0.00000000e+00 2.75000000e-01
 3.92424242e-01 2.92424242e-01 8.48484848e-02 5.87878788e-01
 0.00000000e+00 0.00000000e+00 0.00000000e+00 0.00000000e+00
 3.87121212e-01 0.00000000e+00 0.00000000e+00 0.00000000e+00]
pyseer
y_true:  [0. 0. 0. 0. 0. 0. 0. 0. 0. 0. 0. 0. 0. 0. 0. 0. 0. 0. 0. 0. 0. 0. 0. 0.
 0. 0. 0. 1. 1. 1. 1. 1. 1. 1. 1. 1. 1. 1. 1. 1. 1. 1. 1. 1. 1. 0. 0. 0.
 0. 0. 0. 0. 0. 0. 0. 0. 0. 0. 0. 0. 0. 0. 0. 1. 1. 1. 1. 1. 1. 1. 1. 1.
 1. 1. 1. 1. 1. 1. 1. 1. 1. 1. 1. 1. 1. 1. 1. 1. 1. 1. 0. 0. 0. 0. 0. 0.
 0. 0. 0. 0. 0. 0. 0. 0. 0. 0. 0. 0. 0. 0. 0. 0. 0. 0. 0. 0. 0. 0. 0. 0.
 0. 0. 0. 0. 0. 0. 0. 0. 0. 0. 0. 0. 0. 0. 0. 0. 0. 0. 0. 0. 0. 0. 0. 0.
 0. 0. 0. 0. 0. 0. 0. 0. 0. 0. 0. 0. 0. 0. 0. 0. 0. 0. 0. 0. 0. 0. 0. 0.
 0. 0. 0. 0. 0. 0. 0. 0. 0. 0. 0. 0. 0. 0. 0. 0. 0. 0. 0. 0. 0. 0. 0. 0.
 0. 0. 0. 0. 0. 0. 0. 0.]
y_pred:  [0. 1. 1. 0. 0. 0. 0. 0. 1. 1. 0. 1. 1. 1. 0. 0. 1. 1. 1. 0. 1. 1. 0. 0.
 1. 0. 1. 1. 1. 0. 1. 1. 1. 1. 0. 1. 1. 1. 1. 1. 0. 1. 1. 1. 0. 0. 0. 0.
 0. 0. 0. 0. 1. 0. 0. 0. 0. 0. 0. 1. 0. 1. 0. 1. 0. 1. 0. 1. 0. 1. 1. 1.
 1. 1. 1. 1. 0. 1. 1. 0. 0. 1. 1. 1. 1. 0. 1. 0. 1. 1. 0. 0. 1. 0. 0. 0.
 0. 1. 0. 0. 0. 0. 0. 1. 0. 0. 0. 0. 0. 0. 1. 0. 0. 0. 1. 1. 0. 0. 0. 0.
 1. 0. 0. 1. 0. 0. 0. 0. 0. 0. 0. 0. 0. 0. 0. 0. 0. 0. 0. 0. 1. 0. 0. 0.
 0. 0. 1. 0. 0. 0. 0. 1. 0. 0. 0. 0. 0. 0. 0. 0. 0. 0. 1. 1. 0. 0. 0. 0.
 0. 0. 0. 0. 1. 0. 0. 0. 1. 0. 0. 0. 0. 1. 0. 1. 0. 0. 0. 0. 1. 1. 0. 1.
 0. 0. 0. 0. 1. 0. 0. 0.]
Time taken: 24.63007640838623 seconds
Running combination 18 of 50
Fitting RandomForest...
Fitting Adaboost...
Fitting AdaBoost_2...
Fitting et...
Fitting gbc...
Fitting gbc_2...
Fitting gbc_3...
Fitting dt...
Fitting lr...
Fitting Lasso_1...
Fitting Lasso_2...
Fitting Lasso_3...
Fitting Lasso_4...
Fitting elasticnet...
VCF file created successfully.
pyseer stderr:  Read 1000 phenotypes
Detected continuous phenotype
Reading all variants

0variants [00:00, ?variants/s]
54variants [00:00, 536.21variants/s]
108variants [00:00, 472.71variants/s]
163variants [00:00, 505.10variants/s]
198variants [00:00, 510.76variants/s]
Applying correlation filtering

  0%|          | 0/198 [00:00<?, ?variants/s]
100%|██████████| 198/198 [00:00<00:00, 2699.52variants/s]
Fitting elastic net to top 148 variants
Best penalty (lambda) from cross-validation: 4.43E+01
Best R^2 from cross-validation: 0.478
Finding and printing selected variants
198 loaded variants
50 pre-filtered variants
148 tested variants
135 printed variants

True importance standardized:  [0.93041871 0.93041871 0.93041871 0.93041871 0.93041871 0.93041871
 0.93041871 0.93041871 0.93041871 0.28796884 0.28796884 0.28796884
 0.28796884 0.28796884 0.28796884 0.28796884 0.28796884 0.28796884
 0.34370818 0.34370818 0.34370818 0.34370818 0.34370818 0.34370818
 0.34370818 0.34370818 0.34370818 0.18139408 0.18139408 0.18139408
 0.18139408 0.18139408 0.18139408 0.18139408 0.18139408 0.18139408
 0.72079755 0.72079755 0.72079755 0.72079755 0.72079755 0.72079755
 0.72079755 0.72079755 0.72079755 0.76358873 0.76358873 0.76358873
 0.76358873 0.76358873 0.76358873 0.76358873 0.76358873 0.76358873
 1.         1.         1.         1.         1.         1.
 1.         1.         1.         0.57276787 0.57276787 0.57276787
 0.57276787 0.57276787 0.57276787 0.57276787 0.57276787 0.57276787
 0.95039559 0.95039559 0.95039559 0.95039559 0.95039559 0.95039559
 0.95039559 0.95039559 0.95039559 0.84027101 0.84027101 0.84027101
 0.84027101 0.84027101 0.84027101 0.84027101 0.84027101 0.84027101
 0.         0.         0.         0.         0.         0.
 0.         0.         0.         0.         0.         0.
 0.         0.         0.         0.         0.         0.
 0.         0.         0.         0.         0.         0.
 0.         0.         0.         0.         0.         0.
 0.         0.         0.         0.         0.         0.
 0.         0.         0.         0.         0.         0.
 0.         0.         0.         0.         0.         0.
 0.         0.         0.         0.         0.         0.
 0.         0.         0.         0.         0.         0.
 0.         0.         0.         0.         0.         0.
 0.         0.         0.         0.         0.         0.
 0.         0.         0.         0.         0.         0.
 0.         0.         0.         0.         0.         0.
 0.         0.         0.         0.         0.         0.
 0.         0.         0.         0.         0.         0.
 0.         0.         0.         0.         0.         0.
 0.         0.         0.         0.         0.         0.
 0.         0.        ]
Normalized importance:  [0.84941619 0.84941619 0.84941619 0.84941619 0.84941619 0.84941619
 0.84941619 0.84941619 0.84941619 0.11653947 0.11653947 0.11653947
 0.11653947 0.11653947 0.11653947 0.11653947 0.11653947 0.11653947
 0.06103809 0.06103809 0.06103809 0.06103809 0.06103809 0.06103809
 0.06103809 0.06103809 0.06103809 0.03378555 0.03378555 0.
 0.         0.03378555 0.03378555 0.         0.         0.
 0.51859933 0.51859933 0.51859933 0.51859933 0.51859933 0.51859933
 0.51859933 0.51859933 0.51859933 0.32988776 0.32988776 0.32988776
 0.32988776 0.32988776 0.32988776 0.32988776 0.32988776 0.32988776
 1.         1.         1.         1.         1.         1.
 1.         1.         1.         0.35070881 0.35070881 0.35070881
 0.35070881 0.35070881 0.35070881 0.35070881 0.35070881 0.35070881
 0.62267097 0.62267097 0.62267097 0.62267097 0.62267097 0.62267097
 0.62267097 0.62267097 0.62267097 0.59574639 0.59574639 0.59574639
 0.59574639 0.59574639 0.59574639 0.59574639 0.59574639 0.59574639
 0.         0.         0.         0.         0.         0.
 0.         0.         0.         0.         0.         0.
 0.02773368 0.02478781 0.         0.         0.         0.
 0.         0.         0.         0.         0.01171613 0.
 0.         0.         0.         0.         0.         0.
 0.         0.         0.         0.03211494 0.         0.
 0.         0.         0.         0.         0.         0.
 0.01895034 0.         0.         0.         0.         0.
 0.00990231 0.         0.01584059 0.         0.         0.0195813
 0.         0.         0.         0.         0.         0.
 0.02068371 0.         0.         0.         0.         0.
 0.         0.         0.01736471 0.         0.         0.
 0.         0.         0.         0.         0.         0.
 0.         0.01738302 0.         0.         0.         0.03504623
 0.         0.         0.         0.         0.         0.
 0.0187449  0.         0.         0.         0.01068547 0.
 0.         0.         0.         0.         0.00938388 0.
 0.0044943  0.         0.         0.         0.         0.00853264
 0.         0.        ]
deepbreaks
y_true:  [1. 1. 1. 1. 1. 1. 1. 1. 1. 0. 0. 0. 0. 0. 0. 0. 0. 0. 0. 0. 0. 0. 0. 0.
 0. 0. 0. 0. 0. 0. 0. 0. 0. 0. 0. 0. 0. 0. 0. 0. 0. 0. 0. 0. 0. 1. 1. 1.
 1. 1. 1. 1. 1. 1. 1. 1. 1. 1. 1. 1. 1. 1. 1. 0. 0. 0. 0. 0. 0. 0. 0. 0.
 1. 1. 1. 1. 1. 1. 1. 1. 1. 1. 1. 1. 1. 1. 1. 1. 1. 1. 0. 0. 0. 0. 0. 0.
 0. 0. 0. 0. 0. 0. 0. 0. 0. 0. 0. 0. 0. 0. 0. 0. 0. 0. 0. 0. 0. 0. 0. 0.
 0. 0. 0. 0. 0. 0. 0. 0. 0. 0. 0. 0. 0. 0. 0. 0. 0. 0. 0. 0. 0. 0. 0. 0.
 0. 0. 0. 0. 0. 0. 0. 0. 0. 0. 0. 0. 0. 0. 0. 0. 0. 0. 0. 0. 0. 0. 0. 0.
 0. 0. 0. 0. 0. 0. 0. 0. 0. 0. 0. 0. 0. 0. 0. 0. 0. 0. 0. 0. 0. 0. 0. 0.
 0. 0. 0. 0. 0. 0. 0. 0.]
y_pred:  [1. 1. 1. 1. 1. 1. 1. 1. 1. 0. 0. 0. 0. 0. 0. 0. 0. 0. 0. 0. 0. 0. 0. 0.
 0. 0. 0. 0. 0. 0. 0. 0. 0. 0. 0. 0. 1. 1. 1. 1. 1. 1. 1. 1. 1. 0. 0. 0.
 0. 0. 0. 0. 0. 0. 1. 1. 1. 1. 1. 1. 1. 1. 1. 1. 1. 1. 1. 1. 1. 1. 1. 1.
 1. 1. 1. 1. 1. 1. 1. 1. 1. 1. 1. 1. 1. 1. 1. 1. 1. 1. 0. 0. 0. 0. 0. 0.
 0. 0. 0. 0. 0. 0. 0. 0. 0. 0. 0. 0. 0. 0. 0. 0. 0. 0. 0. 0. 0. 0. 0. 0.
 0. 0. 0. 0. 0. 0. 0. 0. 0. 0. 0. 0. 0. 0. 0. 0. 0. 0. 0. 0. 0. 0. 0. 0.
 0. 0. 0. 0. 0. 0. 0. 0. 0. 0. 0. 0. 0. 0. 0. 0. 0. 0. 0. 0. 0. 0. 0. 0.
 0. 0. 0. 0. 0. 0. 0. 0. 0. 0. 0. 0. 0. 0. 0. 0. 0. 0. 0. 0. 0. 0. 0. 0.
 0. 0. 0. 0. 0. 0. 0. 0.]
Normalized importance:  [0.84968017 0.55223881 0.06876333 0.12153518 0.67697228 0.55863539
 0.68550107 0.23773987 0.52132196 0.23773987 0.05724947 0.06332623
 0.13113006 0.49040512 0.05927505 0.         0.32515991 0.26652452
 0.13219616 0.03315565 0.2217484  0.57142857 0.06929638 0.15565032
 0.         0.31556503 0.20895522 0.01375267 0.32622601 0.
 0.01268657 0.26119403 0.45842217 0.         0.34541578 0.08646055
 0.7761194  0.69189765 0.13539446 0.1652452  0.87206823 0.
 0.         0.37100213 0.32089552 0.90191898 0.08326226 0.55223881
 0.24840085 0.35714286 0.06897655 0.108742   0.46695096 0.35927505
 0.99680171 0.84008529 0.78891258 0.24093817 0.03965885 0.73987207
 0.4434968  0.57675906 0.39445629 0.64818763 0.26439232 0.50852878
 0.20362473 0.15778252 0.08773987 0.30597015 0.16950959 0.18656716
 1.         0.26865672 0.6684435  0.32835821 0.16098081 0.43710021
 0.29211087 0.53091684 0.47867804 0.72814499 0.53624733 0.25373134
 0.49253731 0.32196162 0.5        0.29317697 0.42857143 0.45842217
 0.         0.         0.         0.         0.19722814 0.
 0.05938166 0.11620469 0.         0.00808102 0.25799574 0.
 0.20362473 0.33688699 0.         0.02473348 0.08901919 0.
 0.         0.         0.         0.         0.45202559 0.23347548
 0.         0.18123667 0.34434968 0.14818763 0.         0.34008529
 0.00108742 0.01017058 0.         0.75159915 0.1663113  0.
 0.         0.11407249 0.         0.23560768 0.         0.2750533
 0.19402985 0.         0.         0.         0.         0.31769723
 0.30703625 0.         0.40938166 0.02206823 0.108742   0.12793177
 0.         0.         0.07878465 0.         0.         0.
 0.40938166 0.         0.28784648 0.         0.         0.
 0.02515991 0.         0.32409382 0.06279318 0.         0.22707889
 0.         0.         0.16311301 0.44136461 0.         0.02292111
 0.         0.36567164 0.30916844 0.22601279 0.0945629  0.52345416
 0.         0.46588486 0.         0.         0.         0.
 0.07398721 0.         0.         0.         0.25373134 0.25373134
 0.         0.         0.         0.         0.52345416 0.
 0.02014925 0.         0.         0.         0.         0.1641791
 0.         0.        ]
pyseer
y_true:  [1. 1. 1. 1. 1. 1. 1. 1. 1. 0. 0. 0. 0. 0. 0. 0. 0. 0. 0. 0. 0. 0. 0. 0.
 0. 0. 0. 0. 0. 0. 0. 0. 0. 0. 0. 0. 0. 0. 0. 0. 0. 0. 0. 0. 0. 1. 1. 1.
 1. 1. 1. 1. 1. 1. 1. 1. 1. 1. 1. 1. 1. 1. 1. 0. 0. 0. 0. 0. 0. 0. 0. 0.
 1. 1. 1. 1. 1. 1. 1. 1. 1. 1. 1. 1. 1. 1. 1. 1. 1. 1. 0. 0. 0. 0. 0. 0.
 0. 0. 0. 0. 0. 0. 0. 0. 0. 0. 0. 0. 0. 0. 0. 0. 0. 0. 0. 0. 0. 0. 0. 0.
 0. 0. 0. 0. 0. 0. 0. 0. 0. 0. 0. 0. 0. 0. 0. 0. 0. 0. 0. 0. 0. 0. 0. 0.
 0. 0. 0. 0. 0. 0. 0. 0. 0. 0. 0. 0. 0. 0. 0. 0. 0. 0. 0. 0. 0. 0. 0. 0.
 0. 0. 0. 0. 0. 0. 0. 0. 0. 0. 0. 0. 0. 0. 0. 0. 0. 0. 0. 0. 0. 0. 0. 0.
 0. 0. 0. 0. 0. 0. 0. 0.]
y_pred:  [1. 1. 0. 0. 1. 1. 1. 0. 1. 0. 0. 0. 0. 1. 0. 0. 1. 1. 0. 0. 0. 1. 0. 0.
 0. 1. 0. 0. 1. 0. 0. 0. 1. 0. 1. 0. 1. 1. 0. 0. 1. 0. 0. 1. 1. 1. 0. 1.
 0. 1. 0. 0. 1. 1. 1. 1. 1. 0. 0. 1. 1. 1. 1. 1. 0. 1. 0. 0. 0. 1. 0. 0.
 1. 1. 1. 1. 0. 1. 1. 1. 1. 1. 1. 0. 1. 1. 1. 1. 1. 1. 0. 0. 0. 0. 0. 0.
 0. 0. 0. 0. 0. 0. 0. 1. 0. 0. 0. 0. 0. 0. 0. 0. 1. 0. 0. 0. 1. 0. 0. 1.
 0. 0. 0. 1. 0. 0. 0. 0. 0. 0. 0. 1. 0. 0. 0. 0. 0. 1. 1. 0. 1. 0. 0. 0.
 0. 0. 0. 0. 0. 0. 1. 0. 1. 0. 0. 0. 0. 0. 1. 0. 0. 0. 0. 0. 0. 1. 0. 0.
 0. 1. 1. 0. 0. 1. 0. 1. 0. 0. 0. 0. 0. 0. 0. 0. 0. 0. 0. 0. 0. 0. 1. 0.
 0. 0. 0. 0. 0. 0. 0. 0.]
Time taken: 25.091172456741333 seconds
Running combination 19 of 50
Fitting RandomForest...
Fitting Adaboost...
Fitting AdaBoost_2...
Fitting et...
Fitting gbc...
Fitting gbc_2...
Fitting gbc_3...
Fitting dt...
Fitting lr...
Fitting Lasso_1...
Fitting Lasso_2...
Fitting Lasso_3...
Fitting Lasso_4...
Fitting elasticnet...
VCF file created successfully.
pyseer stderr:  Read 1000 phenotypes
Detected continuous phenotype
Reading all variants

0variants [00:00, ?variants/s]
54variants [00:00, 530.47variants/s]
108variants [00:00, 471.30variants/s]
164variants [00:00, 504.97variants/s]
198variants [00:00, 508.95variants/s]
Applying correlation filtering

  0%|          | 0/198 [00:00<?, ?variants/s]
100%|██████████| 198/198 [00:00<00:00, 2717.83variants/s]
Fitting elastic net to top 148 variants
Best penalty (lambda) from cross-validation: 1.46E+01
Best R^2 from cross-validation: 0.465
Finding and printing selected variants
198 loaded variants
50 pre-filtered variants
148 tested variants
134 printed variants

True importance standardized:  [0.69401938 0.69401938 0.69401938 0.69401938 0.69401938 0.69401938
 0.69401938 0.69401938 0.69401938 1.         1.         1.
 1.         1.         1.         1.         1.         1.
 0.21795694 0.21795694 0.21795694 0.21795694 0.21795694 0.21795694
 0.21795694 0.21795694 0.21795694 0.79921663 0.79921663 0.79921663
 0.79921663 0.79921663 0.79921663 0.79921663 0.79921663 0.79921663
 0.43728698 0.43728698 0.43728698 0.43728698 0.43728698 0.43728698
 0.43728698 0.43728698 0.43728698 0.20358102 0.20358102 0.20358102
 0.20358102 0.20358102 0.20358102 0.20358102 0.20358102 0.20358102
 0.60664341 0.60664341 0.60664341 0.60664341 0.60664341 0.60664341
 0.60664341 0.60664341 0.60664341 0.18412852 0.18412852 0.18412852
 0.18412852 0.18412852 0.18412852 0.18412852 0.18412852 0.18412852
 0.42650664 0.42650664 0.42650664 0.42650664 0.42650664 0.42650664
 0.42650664 0.42650664 0.42650664 0.39334005 0.39334005 0.39334005
 0.39334005 0.39334005 0.39334005 0.39334005 0.39334005 0.39334005
 0.         0.         0.         0.         0.         0.
 0.         0.         0.         0.         0.         0.
 0.         0.         0.         0.         0.         0.
 0.         0.         0.         0.         0.         0.
 0.         0.         0.         0.         0.         0.
 0.         0.         0.         0.         0.         0.
 0.         0.         0.         0.         0.         0.
 0.         0.         0.         0.         0.         0.
 0.         0.         0.         0.         0.         0.
 0.         0.         0.         0.         0.         0.
 0.         0.         0.         0.         0.         0.
 0.         0.         0.         0.         0.         0.
 0.         0.         0.         0.         0.         0.
 0.         0.         0.         0.         0.         0.
 0.         0.         0.         0.         0.         0.
 0.         0.         0.         0.         0.         0.
 0.         0.         0.         0.         0.         0.
 0.         0.         0.         0.         0.         0.
 0.         0.        ]
Normalized importance:  [0.86551766 0.86551766 0.86551766 0.86551766 0.86551766 0.86551766
 0.86551766 0.86551766 0.86551766 1.         1.         1.
 1.         1.         1.         1.         1.         1.
 0.06082354 0.06082354 0.         0.         0.         0.06082354
 0.06082354 0.06082354 0.06082354 0.8558583  0.8558583  0.8558583
 0.8558583  0.8558583  0.8558583  0.8558583  0.8558583  0.8558583
 0.17409246 0.17409246 0.17409246 0.17409246 0.17409246 0.17409246
 0.17409246 0.17409246 0.17409246 0.05639557 0.05639557 0.05639557
 0.05639557 0.05639557 0.05639557 0.05639557 0.05639557 0.05639557
 0.45678095 0.45678095 0.45678095 0.45678095 0.45678095 0.45678095
 0.45678095 0.45678095 0.45678095 0.         0.         0.
 0.         0.         0.         0.         0.         0.
 0.1786704  0.1786704  0.1786704  0.1786704  0.1786704  0.1786704
 0.1786704  0.1786704  0.1786704  0.26521394 0.26521394 0.26521394
 0.26521394 0.26521394 0.26521394 0.26521394 0.26521394 0.26521394
 0.         0.         0.         0.02040785 0.         0.
 0.         0.         0.         0.         0.         0.
 0.         0.         0.         0.         0.         0.
 0.         0.         0.         0.         0.         0.
 0.         0.         0.         0.         0.         0.
 0.         0.         0.         0.         0.         0.
 0.         0.         0.         0.         0.         0.
 0.         0.         0.         0.         0.         0.
 0.         0.         0.         0.         0.         0.
 0.         0.         0.         0.         0.         0.
 0.         0.         0.         0.         0.         0.
 0.         0.         0.         0.         0.         0.
 0.         0.         0.         0.         0.         0.
 0.         0.         0.         0.         0.         0.
 0.         0.         0.         0.0365723  0.         0.
 0.         0.         0.         0.         0.         0.
 0.         0.         0.         0.         0.         0.
 0.         0.         0.         0.         0.         0.
 0.         0.        ]
deepbreaks
y_true:  [1. 1. 1. 1. 1. 1. 1. 1. 1. 1. 1. 1. 1. 1. 1. 1. 1. 1. 0. 0. 0. 0. 0. 0.
 0. 0. 0. 1. 1. 1. 1. 1. 1. 1. 1. 1. 1. 1. 1. 1. 1. 1. 1. 1. 1. 0. 0. 0.
 0. 0. 0. 0. 0. 0. 1. 1. 1. 1. 1. 1. 1. 1. 1. 0. 0. 0. 0. 0. 0. 0. 0. 0.
 0. 0. 0. 0. 0. 0. 0. 0. 0. 0. 0. 0. 0. 0. 0. 0. 0. 0. 0. 0. 0. 0. 0. 0.
 0. 0. 0. 0. 0. 0. 0. 0. 0. 0. 0. 0. 0. 0. 0. 0. 0. 0. 0. 0. 0. 0. 0. 0.
 0. 0. 0. 0. 0. 0. 0. 0. 0. 0. 0. 0. 0. 0. 0. 0. 0. 0. 0. 0. 0. 0. 0. 0.
 0. 0. 0. 0. 0. 0. 0. 0. 0. 0. 0. 0. 0. 0. 0. 0. 0. 0. 0. 0. 0. 0. 0. 0.
 0. 0. 0. 0. 0. 0. 0. 0. 0. 0. 0. 0. 0. 0. 0. 0. 0. 0. 0. 0. 0. 0. 0. 0.
 0. 0. 0. 0. 0. 0. 0. 0.]
y_pred:  [1. 1. 1. 1. 1. 1. 1. 1. 1. 1. 1. 1. 1. 1. 1. 1. 1. 1. 0. 0. 0. 0. 0. 0.
 0. 0. 0. 1. 1. 1. 1. 1. 1. 1. 1. 1. 0. 0. 0. 0. 0. 0. 0. 0. 0. 0. 0. 0.
 0. 0. 0. 0. 0. 0. 1. 1. 1. 1. 1. 1. 1. 1. 1. 0. 0. 0. 0. 0. 0. 0. 0. 0.
 0. 0. 0. 0. 0. 0. 0. 0. 0. 1. 1. 1. 1. 1. 1. 1. 1. 1. 0. 0. 0. 0. 0. 0.
 0. 0. 0. 0. 0. 0. 0. 0. 0. 0. 0. 0. 0. 0. 0. 0. 0. 0. 0. 0. 0. 0. 0. 0.
 0. 0. 0. 0. 0. 0. 0. 0. 0. 0. 0. 0. 0. 0. 0. 0. 0. 0. 0. 0. 0. 0. 0. 0.
 0. 0. 0. 0. 0. 0. 0. 0. 0. 0. 0. 0. 0. 0. 0. 0. 0. 0. 0. 0. 0. 0. 0. 0.
 0. 0. 0. 0. 0. 0. 0. 0. 0. 0. 0. 0. 0. 0. 0. 0. 0. 0. 0. 0. 0. 0. 0. 0.
 0. 0. 0. 0. 0. 0. 0. 0.]
Normalized importance:  [0.85230769 0.12307692 0.32923077 0.22338462 0.38461538 0.44
 0.74461538 0.84923077 0.26523077 1.         0.49846154 0.37230769
 0.28461538 0.05507692 0.88       0.53538462 0.90769231 0.72
 0.228      0.23323077 0.12061538 0.24307692 0.         0.
 0.43076923 0.36615385 0.00470769 0.82153846 0.29846154 0.39076923
 0.51384615 0.72615385 0.45230769 0.50461538 0.24953846 0.28369231
 0.50153846 0.43076923 0.30707692 0.39384615 0.42153846 0.
 0.         0.11169231 0.28123077 0.20184615 0.14738462 0.20276923
 0.11876923 0.03292308 0.26092308 0.28892308 0.13538462 0.26523077
 0.69230769 0.43692308 0.25046154 0.11753846 0.09353846 0.48
 0.30523077 0.40615385 0.64307692 0.11261538 0.         0.04769231
 0.00993846 0.06123077 0.         0.30769231 0.         0.
 0.30184615 0.13538462 0.09661538 0.32       0.32923077 0.21907692
 0.         0.32615385 0.38769231 0.49846154 0.41846154 0.35692308
 0.01178462 0.58769231 0.292      0.252      0.31384615 0.49538462
 0.         0.         0.         0.28153846 0.204      0.02295385
 0.26184615 0.         0.23292308 0.         0.10276923 0.27076923
 0.         0.         0.07846154 0.018      0.05415385 0.
 0.13446154 0.         0.4        0.         0.05507692 0.
 0.13384615 0.         0.30369231 0.11969231 0.         0.
 0.20615385 0.         0.         0.         0.         0.
 0.         0.02621538 0.         0.         0.19630769 0.
 0.         0.         0.         0.32615385 0.38153846 0.08646154
 0.17076923 0.         0.         0.         0.19692308 0.06523077
 0.01849231 0.04030769 0.04861538 0.24615385 0.06215385 0.
 0.         0.40307692 0.         0.         0.08523077 0.
 0.1        0.         0.         0.         0.         0.
 0.         0.         0.07969231 0.         0.         0.26338462
 0.00375385 0.37230769 0.         0.         0.00901538 0.21507692
 0.         0.13907692 0.21138462 0.30338462 0.08369231 0.32307692
 0.         0.05969231 0.         0.14953846 0.         0.17292308
 0.30646154 0.         0.         0.         0.17046154 0.20338462
 0.09507692 0.18830769 0.         0.         0.08030769 0.
 0.         0.        ]
pyseer
y_true:  [1. 1. 1. 1. 1. 1. 1. 1. 1. 1. 1. 1. 1. 1. 1. 1. 1. 1. 0. 0. 0. 0. 0. 0.
 0. 0. 0. 1. 1. 1. 1. 1. 1. 1. 1. 1. 1. 1. 1. 1. 1. 1. 1. 1. 1. 0. 0. 0.
 0. 0. 0. 0. 0. 0. 1. 1. 1. 1. 1. 1. 1. 1. 1. 0. 0. 0. 0. 0. 0. 0. 0. 0.
 0. 0. 0. 0. 0. 0. 0. 0. 0. 0. 0. 0. 0. 0. 0. 0. 0. 0. 0. 0. 0. 0. 0. 0.
 0. 0. 0. 0. 0. 0. 0. 0. 0. 0. 0. 0. 0. 0. 0. 0. 0. 0. 0. 0. 0. 0. 0. 0.
 0. 0. 0. 0. 0. 0. 0. 0. 0. 0. 0. 0. 0. 0. 0. 0. 0. 0. 0. 0. 0. 0. 0. 0.
 0. 0. 0. 0. 0. 0. 0. 0. 0. 0. 0. 0. 0. 0. 0. 0. 0. 0. 0. 0. 0. 0. 0. 0.
 0. 0. 0. 0. 0. 0. 0. 0. 0. 0. 0. 0. 0. 0. 0. 0. 0. 0. 0. 0. 0. 0. 0. 0.
 0. 0. 0. 0. 0. 0. 0. 0.]
y_pred:  [1. 0. 1. 0. 1. 1. 1. 1. 1. 1. 1. 1. 1. 0. 1. 1. 1. 1. 0. 0. 0. 0. 0. 0.
 1. 1. 0. 1. 1. 1. 1. 1. 1. 1. 0. 1. 1. 1. 1. 1. 1. 0. 0. 0. 1. 0. 0. 0.
 0. 0. 1. 1. 0. 1. 1. 1. 0. 0. 0. 1. 1. 1. 1. 0. 0. 0. 0. 0. 0. 1. 0. 0.
 1. 0. 0. 1. 1. 0. 0. 1. 1. 1. 1. 1. 0. 1. 1. 1. 1. 1. 0. 0. 0. 1. 0. 0.
 1. 0. 0. 0. 0. 1. 0. 0. 0. 0. 0. 0. 0. 0. 1. 0. 0. 0. 0. 0. 1. 0. 0. 0.
 0. 0. 0. 0. 0. 0. 0. 0. 0. 0. 0. 0. 0. 0. 0. 1. 1. 0. 0. 0. 0. 0. 0. 0.
 0. 0. 0. 0. 0. 0. 0. 1. 0. 0. 0. 0. 0. 0. 0. 0. 0. 0. 0. 0. 0. 0. 0. 1.
 0. 1. 0. 0. 0. 0. 0. 0. 0. 1. 0. 1. 0. 0. 0. 0. 0. 0. 1. 0. 0. 0. 0. 0.
 0. 0. 0. 0. 0. 0. 0. 0.]
Time taken: 23.184593677520752 seconds
Running combination 20 of 50
Fitting RandomForest...
Fitting Adaboost...
Fitting AdaBoost_2...
Fitting et...
Fitting gbc...
Fitting gbc_2...
Fitting gbc_3...
Fitting dt...
Fitting lr...
Fitting Lasso_1...
Fitting Lasso_2...
Fitting Lasso_3...
Fitting Lasso_4...
Fitting elasticnet...
VCF file created successfully.
pyseer stderr:  Read 1000 phenotypes
Detected continuous phenotype
Reading all variants

0variants [00:00, ?variants/s]
53variants [00:00, 525.41variants/s]
106variants [00:00, 467.32variants/s]
161variants [00:00, 501.92variants/s]
198variants [00:00, 507.81variants/s]
Applying correlation filtering

  0%|          | 0/198 [00:00<?, ?variants/s]
100%|██████████| 198/198 [00:00<00:00, 2683.82variants/s]
Fitting elastic net to top 148 variants
Best penalty (lambda) from cross-validation: 1.22E+01
Best R^2 from cross-validation: 0.508
Finding and printing selected variants
198 loaded variants
50 pre-filtered variants
148 tested variants
137 printed variants

True importance standardized:  [0.45208167 0.45208167 0.45208167 0.45208167 0.45208167 0.45208167
 0.45208167 0.45208167 0.45208167 0.51239479 0.51239479 0.51239479
 0.51239479 0.51239479 0.51239479 0.51239479 0.51239479 0.51239479
 0.67211864 0.67211864 0.67211864 0.67211864 0.67211864 0.67211864
 0.67211864 0.67211864 0.67211864 0.14539392 0.14539392 0.14539392
 0.14539392 0.14539392 0.14539392 0.14539392 0.14539392 0.14539392
 0.35727307 0.35727307 0.35727307 0.35727307 0.35727307 0.35727307
 0.35727307 0.35727307 0.35727307 0.5440025  0.5440025  0.5440025
 0.5440025  0.5440025  0.5440025  0.5440025  0.5440025  0.5440025
 1.         1.         1.         1.         1.         1.
 1.         1.         1.         0.11488546 0.11488546 0.11488546
 0.11488546 0.11488546 0.11488546 0.11488546 0.11488546 0.11488546
 0.16656616 0.16656616 0.16656616 0.16656616 0.16656616 0.16656616
 0.16656616 0.16656616 0.16656616 0.84345795 0.84345795 0.84345795
 0.84345795 0.84345795 0.84345795 0.84345795 0.84345795 0.84345795
 0.         0.         0.         0.         0.         0.
 0.         0.         0.         0.         0.         0.
 0.         0.         0.         0.         0.         0.
 0.         0.         0.         0.         0.         0.
 0.         0.         0.         0.         0.         0.
 0.         0.         0.         0.         0.         0.
 0.         0.         0.         0.         0.         0.
 0.         0.         0.         0.         0.         0.
 0.         0.         0.         0.         0.         0.
 0.         0.         0.         0.         0.         0.
 0.         0.         0.         0.         0.         0.
 0.         0.         0.         0.         0.         0.
 0.         0.         0.         0.         0.         0.
 0.         0.         0.         0.         0.         0.
 0.         0.         0.         0.         0.         0.
 0.         0.         0.         0.         0.         0.
 0.         0.         0.         0.         0.         0.
 0.         0.         0.         0.         0.         0.
 0.         0.        ]
Normalized importance:  [0.27077866 0.27077866 0.27077866 0.27077866 0.27077866 0.27077866
 0.27077866 0.27077866 0.27077866 0.22548295 0.22548295 0.22548295
 0.22548295 0.22548295 0.22548295 0.22548295 0.22548295 0.22548295
 0.68138242 0.68138242 0.68138242 0.68138242 0.68138242 0.68138242
 0.68138242 0.68138242 0.68138242 0.         0.         0.00977964
 0.02920831 0.05281886 0.00141247 0.01449905 0.         0.
 0.09674152 0.09674152 0.09674152 0.09674152 0.09674152 0.09674152
 0.09674152 0.09674152 0.09674152 0.36767865 0.36767865 0.36767865
 0.36767865 0.36767865 0.36767865 0.36767865 0.36767865 0.36767865
 1.         1.         1.         1.         1.         1.
 1.         1.         1.         0.06114562 0.06114562 0.
 0.         0.06114562 0.06114562 0.         0.         0.06114562
 0.05551763 0.05551763 0.05551763 0.05551763 0.05551763 0.05551763
 0.05551763 0.05551763 0.05551763 0.82248925 0.82248925 0.82248925
 0.82248925 0.82248925 0.82248925 0.82248925 0.82248925 0.82248925
 0.02287013 0.         0.         0.         0.01826272 0.
 0.         0.         0.         0.         0.         0.01261554
 0.         0.         0.         0.         0.         0.
 0.         0.0115031  0.         0.02421608 0.         0.
 0.0113371  0.         0.         0.         0.         0.
 0.         0.         0.         0.         0.         0.
 0.         0.         0.         0.         0.         0.05175538
 0.03311817 0.         0.04656327 0.         0.         0.
 0.         0.         0.0274371  0.         0.         0.
 0.         0.         0.01939476 0.         0.04725618 0.
 0.         0.         0.         0.         0.         0.
 0.         0.         0.         0.         0.         0.
 0.         0.         0.         0.         0.         0.
 0.         0.         0.         0.         0.         0.
 0.         0.03992416 0.01193711 0.         0.         0.01988017
 0.         0.02131035 0.         0.         0.         0.
 0.         0.00999273 0.         0.         0.         0.
 0.         0.00968392 0.         0.         0.         0.
 0.         0.        ]
deepbreaks
y_true:  [0. 0. 0. 0. 0. 0. 0. 0. 0. 1. 1. 1. 1. 1. 1. 1. 1. 1. 1. 1. 1. 1. 1. 1.
 1. 1. 1. 0. 0. 0. 0. 0. 0. 0. 0. 0. 0. 0. 0. 0. 0. 0. 0. 0. 0. 1. 1. 1.
 1. 1. 1. 1. 1. 1. 1. 1. 1. 1. 1. 1. 1. 1. 1. 0. 0. 0. 0. 0. 0. 0. 0. 0.
 0. 0. 0. 0. 0. 0. 0. 0. 0. 1. 1. 1. 1. 1. 1. 1. 1. 1. 0. 0. 0. 0. 0. 0.
 0. 0. 0. 0. 0. 0. 0. 0. 0. 0. 0. 0. 0. 0. 0. 0. 0. 0. 0. 0. 0. 0. 0. 0.
 0. 0. 0. 0. 0. 0. 0. 0. 0. 0. 0. 0. 0. 0. 0. 0. 0. 0. 0. 0. 0. 0. 0. 0.
 0. 0. 0. 0. 0. 0. 0. 0. 0. 0. 0. 0. 0. 0. 0. 0. 0. 0. 0. 0. 0. 0. 0. 0.
 0. 0. 0. 0. 0. 0. 0. 0. 0. 0. 0. 0. 0. 0. 0. 0. 0. 0. 0. 0. 0. 0. 0. 0.
 0. 0. 0. 0. 0. 0. 0. 0.]
y_pred:  [1. 1. 1. 1. 1. 1. 1. 1. 1. 1. 1. 1. 1. 1. 1. 1. 1. 1. 1. 1. 1. 1. 1. 1.
 1. 1. 1. 0. 0. 0. 0. 0. 0. 0. 0. 0. 0. 0. 0. 0. 0. 0. 0. 0. 0. 1. 1. 1.
 1. 1. 1. 1. 1. 1. 1. 1. 1. 1. 1. 1. 1. 1. 1. 0. 0. 0. 0. 0. 0. 0. 0. 0.
 0. 0. 0. 0. 0. 0. 0. 0. 0. 1. 1. 1. 1. 1. 1. 1. 1. 1. 0. 0. 0. 0. 0. 0.
 0. 0. 0. 0. 0. 0. 0. 0. 0. 0. 0. 0. 0. 0. 0. 0. 0. 0. 0. 0. 0. 0. 0. 0.
 0. 0. 0. 0. 0. 0. 0. 0. 0. 0. 0. 0. 0. 0. 0. 0. 0. 0. 0. 0. 0. 0. 0. 0.
 0. 0. 0. 0. 0. 0. 0. 0. 0. 0. 0. 0. 0. 0. 0. 0. 0. 0. 0. 0. 0. 0. 0. 0.
 0. 0. 0. 0. 0. 0. 0. 0. 0. 0. 0. 0. 0. 0. 0. 0. 0. 0. 0. 0. 0. 0. 0. 0.
 0. 0. 0. 0. 0. 0. 0. 0.]
Normalized importance:  [0.46245059 0.04703557 0.43083004 0.19090909 0.35533597 0.19249012
 0.25731225 0.29288538 0.27747036 0.47035573 0.         0.1687747
 0.51778656 0.26640316 0.37272727 0.45059289 0.17549407 0.25612648
 0.81027668 0.43083004 0.28537549 0.2770751  0.43083004 0.38221344
 0.41106719 0.44664032 0.33478261 0.03134387 0.         0.22608696
 0.2256917  0.3312253  0.0056917  0.09288538 0.         0.04545455
 0.30197628 0.35494071 0.03581028 0.         0.23083004 0.33913043
 0.00239526 0.19920949 0.36442688 0.55731225 0.51383399 0.36166008
 0.51778656 0.3486166  0.14624506 0.45059289 0.26166008 0.1173913
 1.         0.55731225 0.87351779 0.16047431 0.58893281 0.55335968
 0.45454545 0.6798419  0.37470356 0.22055336 0.2715415  0.13003953
 0.08142292 0.22490119 0.27114625 0.05059289 0.         0.1458498
 0.1944664  0.09841897 0.16521739 0.1055336  0.35612648 0.21699605
 0.29209486 0.00537549 0.01940711 0.6916996  0.50592885 0.81027668
 0.70355731 0.33952569 0.5770751  0.43873518 0.48221344 0.52173913
 0.34822134 0.         0.         0.         0.10118577 0.01818182
 0.25098814 0.03118577 0.         0.         0.         0.31501976
 0.15335968 0.         0.         0.         0.         0.
 0.41501976 0.18023715 0.         0.13517787 0.         0.
 0.40711462 0.         0.01964427 0.         0.         0.
 0.         0.29802372 0.35770751 0.         0.         0.13399209
 0.         0.21067194 0.00454545 0.         0.11343874 0.51778656
 0.58893281 0.         0.23636364 0.         0.         0.30671937
 0.         0.11778656 0.30474308 0.00285375 0.         0.03667984
 0.         0.         0.32766798 0.         0.50988142 0.09367589
 0.29960474 0.         0.         0.1027668  0.13715415 0.
 0.         0.12332016 0.         0.         0.14110672 0.41501976
 0.         0.         0.27509881 0.19762846 0.         0.
 0.         0.         0.         0.45059289 0.         0.16521739
 0.         0.32213439 0.06837945 0.19130435 0.         0.24505929
 0.22055336 0.24189723 0.         0.15770751 0.         0.
 0.26245059 0.         0.         0.23952569 0.         0.
 0.29407115 0.16956522 0.05335968 0.04268775 0.         0.
 0.         0.        ]
pyseer
y_true:  [0. 0. 0. 0. 0. 0. 0. 0. 0. 1. 1. 1. 1. 1. 1. 1. 1. 1. 1. 1. 1. 1. 1. 1.
 1. 1. 1. 0. 0. 0. 0. 0. 0. 0. 0. 0. 0. 0. 0. 0. 0. 0. 0. 0. 0. 1. 1. 1.
 1. 1. 1. 1. 1. 1. 1. 1. 1. 1. 1. 1. 1. 1. 1. 0. 0. 0. 0. 0. 0. 0. 0. 0.
 0. 0. 0. 0. 0. 0. 0. 0. 0. 1. 1. 1. 1. 1. 1. 1. 1. 1. 0. 0. 0. 0. 0. 0.
 0. 0. 0. 0. 0. 0. 0. 0. 0. 0. 0. 0. 0. 0. 0. 0. 0. 0. 0. 0. 0. 0. 0. 0.
 0. 0. 0. 0. 0. 0. 0. 0. 0. 0. 0. 0. 0. 0. 0. 0. 0. 0. 0. 0. 0. 0. 0. 0.
 0. 0. 0. 0. 0. 0. 0. 0. 0. 0. 0. 0. 0. 0. 0. 0. 0. 0. 0. 0. 0. 0. 0. 0.
 0. 0. 0. 0. 0. 0. 0. 0. 0. 0. 0. 0. 0. 0. 0. 0. 0. 0. 0. 0. 0. 0. 0. 0.
 0. 0. 0. 0. 0. 0. 0. 0.]
y_pred:  [1. 0. 1. 0. 1. 0. 0. 1. 1. 1. 0. 0. 1. 1. 1. 1. 0. 0. 1. 1. 1. 1. 1. 1.
 1. 1. 1. 0. 0. 0. 0. 1. 0. 0. 0. 0. 1. 1. 0. 0. 0. 1. 0. 0. 1. 1. 1. 1.
 1. 1. 0. 1. 0. 0. 1. 1. 1. 0. 1. 1. 1. 1. 1. 0. 1. 0. 0. 0. 1. 0. 0. 0.
 0. 0. 0. 0. 1. 0. 1. 0. 0. 1. 1. 1. 1. 1. 1. 1. 1. 1. 1. 0. 0. 0. 0. 0.
 0. 0. 0. 0. 0. 1. 0. 0. 0. 0. 0. 0. 1. 0. 0. 0. 0. 0. 1. 0. 0. 0. 0. 0.
 0. 1. 1. 0. 0. 0. 0. 0. 0. 0. 0. 1. 1. 0. 0. 0. 0. 1. 0. 0. 1. 0. 0. 0.
 0. 0. 1. 0. 1. 0. 1. 0. 0. 0. 0. 0. 0. 0. 0. 0. 0. 1. 0. 0. 1. 0. 0. 0.
 0. 0. 0. 1. 0. 0. 0. 1. 0. 0. 0. 0. 0. 0. 0. 0. 0. 0. 0. 0. 0. 0. 0. 0.
 1. 0. 0. 0. 0. 0. 0. 0.]
Time taken: 24.689215898513794 seconds
Running combination 21 of 50
Fitting RandomForest...
Fitting Adaboost...
Fitting AdaBoost_2...
Fitting et...
Fitting gbc...
Fitting gbc_2...
Fitting gbc_3...
Fitting dt...
Fitting lr...
Fitting Lasso_1...
Fitting Lasso_2...
Fitting Lasso_3...
Fitting Lasso_4...
Fitting elasticnet...
VCF file created successfully.
pyseer stderr:  Read 1000 phenotypes
Detected continuous phenotype
Reading all variants

0variants [00:00, ?variants/s]
53variants [00:00, 528.76variants/s]
106variants [00:00, 463.41variants/s]
161variants [00:00, 497.27variants/s]
198variants [00:00, 502.88variants/s]
Applying correlation filtering

  0%|          | 0/198 [00:00<?, ?variants/s]
100%|██████████| 198/198 [00:00<00:00, 2696.02variants/s]
Fitting elastic net to top 148 variants
Best penalty (lambda) from cross-validation: 2.03E+01
Best R^2 from cross-validation: 0.442
Finding and printing selected variants
198 loaded variants
50 pre-filtered variants
148 tested variants
132 printed variants

True importance standardized:  [1.         1.         1.         1.         1.         1.
 1.         1.         1.         0.39619372 0.39619372 0.39619372
 0.39619372 0.39619372 0.39619372 0.39619372 0.39619372 0.39619372
 0.82221393 0.82221393 0.82221393 0.82221393 0.82221393 0.82221393
 0.82221393 0.82221393 0.82221393 0.73056024 0.73056024 0.73056024
 0.73056024 0.73056024 0.73056024 0.73056024 0.73056024 0.73056024
 0.69652224 0.69652224 0.69652224 0.69652224 0.69652224 0.69652224
 0.69652224 0.69652224 0.69652224 0.38973725 0.38973725 0.38973725
 0.38973725 0.38973725 0.38973725 0.38973725 0.38973725 0.38973725
 0.13738295 0.13738295 0.13738295 0.13738295 0.13738295 0.13738295
 0.13738295 0.13738295 0.13738295 0.12887336 0.12887336 0.12887336
 0.12887336 0.12887336 0.12887336 0.12887336 0.12887336 0.12887336
 0.29036206 0.29036206 0.29036206 0.29036206 0.29036206 0.29036206
 0.29036206 0.29036206 0.29036206 0.3964939  0.3964939  0.3964939
 0.3964939  0.3964939  0.3964939  0.3964939  0.3964939  0.3964939
 0.         0.         0.         0.         0.         0.
 0.         0.         0.         0.         0.         0.
 0.         0.         0.         0.         0.         0.
 0.         0.         0.         0.         0.         0.
 0.         0.         0.         0.         0.         0.
 0.         0.         0.         0.         0.         0.
 0.         0.         0.         0.         0.         0.
 0.         0.         0.         0.         0.         0.
 0.         0.         0.         0.         0.         0.
 0.         0.         0.         0.         0.         0.
 0.         0.         0.         0.         0.         0.
 0.         0.         0.         0.         0.         0.
 0.         0.         0.         0.         0.         0.
 0.         0.         0.         0.         0.         0.
 0.         0.         0.         0.         0.         0.
 0.         0.         0.         0.         0.         0.
 0.         0.         0.         0.         0.         0.
 0.         0.         0.         0.         0.         0.
 0.         0.        ]
Normalized importance:  [1.         1.         1.         1.         1.         1.
 1.         1.         1.         0.09825396 0.09825396 0.09825396
 0.09825396 0.09825396 0.09825396 0.09825396 0.09825396 0.09825396
 0.72727688 0.72727688 0.72727688 0.72727688 0.72727688 0.72727688
 0.72727688 0.72727688 0.72727688 0.47199257 0.47199257 0.47199257
 0.47199257 0.47199257 0.47199257 0.47199257 0.47199257 0.47199257
 0.40487501 0.40487501 0.40487501 0.40487501 0.40487501 0.40487501
 0.40487501 0.40487501 0.40487501 0.11174164 0.11174164 0.11174164
 0.11174164 0.11174164 0.11174164 0.11174164 0.11174164 0.11174164
 0.         0.         0.         0.         0.         0.
 0.         0.         0.         0.         0.         0.
 0.         0.         0.         0.         0.         0.
 0.07140425 0.07140425 0.07140425 0.07140425 0.07140425 0.07140425
 0.07140425 0.07140425 0.07140425 0.29470706 0.29470706 0.29470706
 0.29470706 0.29470706 0.29470706 0.29470706 0.29470706 0.29470706
 0.         0.         0.         0.         0.         0.
 0.         0.         0.         0.         0.         0.
 0.         0.         0.         0.         0.04775473 0.
 0.         0.         0.         0.         0.02978692 0.
 0.         0.         0.         0.         0.02252554 0.
 0.         0.         0.         0.         0.         0.02068102
 0.         0.         0.         0.04830019 0.         0.
 0.0446086  0.         0.         0.         0.02563646 0.
 0.         0.         0.         0.         0.         0.
 0.         0.         0.         0.         0.         0.
 0.         0.04730139 0.         0.         0.         0.
 0.         0.         0.         0.         0.         0.
 0.         0.         0.         0.         0.         0.
 0.         0.         0.         0.         0.         0.
 0.         0.         0.         0.         0.         0.
 0.         0.         0.         0.03694705 0.         0.
 0.         0.         0.         0.         0.         0.
 0.02132773 0.         0.         0.         0.         0.
 0.         0.        ]
deepbreaks
y_true:  [1. 1. 1. 1. 1. 1. 1. 1. 1. 0. 0. 0. 0. 0. 0. 0. 0. 0. 1. 1. 1. 1. 1. 1.
 1. 1. 1. 1. 1. 1. 1. 1. 1. 1. 1. 1. 1. 1. 1. 1. 1. 1. 1. 1. 1. 0. 0. 0.
 0. 0. 0. 0. 0. 0. 0. 0. 0. 0. 0. 0. 0. 0. 0. 0. 0. 0. 0. 0. 0. 0. 0. 0.
 0. 0. 0. 0. 0. 0. 0. 0. 0. 1. 1. 1. 1. 1. 1. 1. 1. 1. 0. 0. 0. 0. 0. 0.
 0. 0. 0. 0. 0. 0. 0. 0. 0. 0. 0. 0. 0. 0. 0. 0. 0. 0. 0. 0. 0. 0. 0. 0.
 0. 0. 0. 0. 0. 0. 0. 0. 0. 0. 0. 0. 0. 0. 0. 0. 0. 0. 0. 0. 0. 0. 0. 0.
 0. 0. 0. 0. 0. 0. 0. 0. 0. 0. 0. 0. 0. 0. 0. 0. 0. 0. 0. 0. 0. 0. 0. 0.
 0. 0. 0. 0. 0. 0. 0. 0. 0. 0. 0. 0. 0. 0. 0. 0. 0. 0. 0. 0. 0. 0. 0. 0.
 0. 0. 0. 0. 0. 0. 0. 0.]
y_pred:  [1. 1. 1. 1. 1. 1. 1. 1. 1. 0. 0. 0. 0. 0. 0. 0. 0. 0. 1. 1. 1. 1. 1. 1.
 1. 1. 1. 1. 1. 1. 1. 1. 1. 1. 1. 1. 1. 1. 1. 1. 1. 1. 1. 1. 1. 0. 0. 0.
 0. 0. 0. 0. 0. 0. 0. 0. 0. 0. 0. 0. 0. 0. 0. 0. 0. 0. 0. 0. 0. 0. 0. 0.
 0. 0. 0. 0. 0. 0. 0. 0. 0. 1. 1. 1. 1. 1. 1. 1. 1. 1. 0. 0. 0. 0. 0. 0.
 0. 0. 0. 0. 0. 0. 0. 0. 0. 0. 0. 0. 0. 0. 0. 0. 0. 0. 0. 0. 0. 0. 0. 0.
 0. 0. 0. 0. 0. 0. 0. 0. 0. 0. 0. 0. 0. 0. 0. 0. 0. 0. 0. 0. 0. 0. 0. 0.
 0. 0. 0. 0. 0. 0. 0. 0. 0. 0. 0. 0. 0. 0. 0. 0. 0. 0. 0. 0. 0. 0. 0. 0.
 0. 0. 0. 0. 0. 0. 0. 0. 0. 0. 0. 0. 0. 0. 0. 0. 0. 0. 0. 0. 0. 0. 0. 0.
 0. 0. 0. 0. 0. 0. 0. 0.]
Normalized importance:  [1.         0.59430605 0.61921708 0.63701068 0.48398577 0.45907473
 0.17651246 0.91103203 0.51601423 0.21850534 0.24163701 0.40569395
 0.19252669 0.19039146 0.35124555 0.05231317 0.05124555 0.3252669
 0.68683274 0.48754448 0.24911032 0.53024911 0.52313167 0.58718861
 0.46619217 0.53380783 0.4911032  0.65480427 0.54092527 0.39501779
 0.5480427  0.24661922 0.3594306  0.50177936 0.18896797 0.2430605
 0.58718861 0.39501779 0.5088968  0.23914591 0.30355872 0.32135231
 0.34199288 0.23060498 0.64768683 0.51601423 0.15088968 0.11245552
 0.42348754 0.05729537 0.         0.         0.53380783 0.
 0.         0.06227758 0.         0.         0.27366548 0.19003559
 0.22669039 0.15302491 0.20960854 0.         0.         0.
 0.         0.         0.         0.08469751 0.00218505 0.24128114
 0.3772242  0.13024911 0.17259786 0.2683274  0.25373665 0.03914591
 0.15729537 0.29181495 0.         0.3594306  0.08042705 0.38434164
 0.23985765 0.50533808 0.41281139 0.14448399 0.34128114 0.29252669
 0.11565836 0.         0.15978648 0.01035587 0.16085409 0.06761566
 0.         0.0241637  0.         0.13629893 0.         0.
 0.         0.         0.         0.         0.38434164 0.01227758
 0.23131673 0.         0.0911032  0.         0.10177936 0.
 0.         0.         0.03206406 0.         0.16548043 0.25978648
 0.06548043 0.         0.         0.         0.0258363  0.20391459
 0.04733096 0.         0.06120996 0.10854093 0.         0.10177936
 0.26263345 0.04483986 0.         0.         0.35088968 0.04234875
 0.         0.2886121  0.12135231 0.         0.23274021 0.
 0.00921708 0.31672598 0.         0.         0.05551601 0.
 0.07046263 0.30071174 0.         0.01978648 0.19786477 0.
 0.04875445 0.         0.07224199 0.         0.14021352 0.
 0.         0.19857651 0.2544484  0.21992883 0.01729537 0.
 0.         0.         0.         0.         0.         0.
 0.         0.19964413 0.         0.         0.28113879 0.
 0.1658363  0.         0.1341637  0.20213523 0.         0.03017794
 0.13736655 0.         0.         0.         0.         0.
 0.16939502 0.1886121  0.         0.07224199 0.0352669  0.32704626
 0.         0.        ]
pyseer
y_true:  [1. 1. 1. 1. 1. 1. 1. 1. 1. 0. 0. 0. 0. 0. 0. 0. 0. 0. 1. 1. 1. 1. 1. 1.
 1. 1. 1. 1. 1. 1. 1. 1. 1. 1. 1. 1. 1. 1. 1. 1. 1. 1. 1. 1. 1. 0. 0. 0.
 0. 0. 0. 0. 0. 0. 0. 0. 0. 0. 0. 0. 0. 0. 0. 0. 0. 0. 0. 0. 0. 0. 0. 0.
 0. 0. 0. 0. 0. 0. 0. 0. 0. 1. 1. 1. 1. 1. 1. 1. 1. 1. 0. 0. 0. 0. 0. 0.
 0. 0. 0. 0. 0. 0. 0. 0. 0. 0. 0. 0. 0. 0. 0. 0. 0. 0. 0. 0. 0. 0. 0. 0.
 0. 0. 0. 0. 0. 0. 0. 0. 0. 0. 0. 0. 0. 0. 0. 0. 0. 0. 0. 0. 0. 0. 0. 0.
 0. 0. 0. 0. 0. 0. 0. 0. 0. 0. 0. 0. 0. 0. 0. 0. 0. 0. 0. 0. 0. 0. 0. 0.
 0. 0. 0. 0. 0. 0. 0. 0. 0. 0. 0. 0. 0. 0. 0. 0. 0. 0. 0. 0. 0. 0. 0. 0.
 0. 0. 0. 0. 0. 0. 0. 0.]
y_pred:  [1. 1. 1. 1. 1. 1. 0. 1. 1. 0. 1. 1. 0. 0. 1. 0. 0. 1. 1. 1. 1. 1. 1. 1.
 1. 1. 1. 1. 1. 1. 1. 1. 1. 1. 0. 1. 1. 1. 1. 1. 1. 1. 1. 1. 1. 1. 0. 0.
 1. 0. 0. 0. 1. 0. 0. 0. 0. 0. 1. 0. 0. 0. 0. 0. 0. 0. 0. 0. 0. 0. 0. 1.
 1. 0. 0. 1. 1. 0. 0. 1. 0. 1. 0. 1. 1. 1. 1. 0. 1. 1. 0. 0. 0. 0. 0. 0.
 0. 0. 0. 0. 0. 0. 0. 0. 0. 0. 1. 0. 1. 0. 0. 0. 0. 0. 0. 0. 0. 0. 0. 1.
 0. 0. 0. 0. 0. 0. 0. 0. 0. 0. 0. 0. 1. 0. 0. 0. 1. 0. 0. 1. 0. 0. 1. 0.
 0. 1. 0. 0. 0. 0. 0. 1. 0. 0. 0. 0. 0. 0. 0. 0. 0. 0. 0. 0. 1. 0. 0. 0.
 0. 0. 0. 0. 0. 0. 0. 0. 0. 0. 1. 0. 0. 0. 0. 0. 0. 0. 0. 0. 0. 0. 0. 0.
 0. 0. 0. 0. 0. 1. 0. 0.]
Time taken: 23.937503814697266 seconds
Running combination 22 of 50
Fitting RandomForest...
Fitting Adaboost...
Fitting AdaBoost_2...
Fitting et...
Fitting gbc...
Fitting gbc_2...
Fitting gbc_3...
Fitting dt...
Fitting lr...
Fitting Lasso_1...
Fitting Lasso_2...
Fitting Lasso_3...
Fitting Lasso_4...
Fitting elasticnet...
VCF file created successfully.
pyseer stderr:  Read 1000 phenotypes
Detected continuous phenotype
Reading all variants

0variants [00:00, ?variants/s]
54variants [00:00, 531.93variants/s]
108variants [00:00, 471.15variants/s]
163variants [00:00, 501.84variants/s]
198variants [00:00, 504.32variants/s]
Applying correlation filtering

  0%|          | 0/198 [00:00<?, ?variants/s]
100%|██████████| 198/198 [00:00<00:00, 2653.04variants/s]
Fitting elastic net to top 148 variants
Best penalty (lambda) from cross-validation: 3.22E+01
Best R^2 from cross-validation: 0.534
Finding and printing selected variants
198 loaded variants
50 pre-filtered variants
148 tested variants
136 printed variants

True importance standardized:  [0.75630822 0.75630822 0.75630822 0.75630822 0.75630822 0.75630822
 0.75630822 0.75630822 0.75630822 0.87037456 0.87037456 0.87037456
 0.87037456 0.87037456 0.87037456 0.87037456 0.87037456 0.87037456
 0.82689086 0.82689086 0.82689086 0.82689086 0.82689086 0.82689086
 0.82689086 0.82689086 0.82689086 0.5541825  0.5541825  0.5541825
 0.5541825  0.5541825  0.5541825  0.5541825  0.5541825  0.5541825
 0.45289993 0.45289993 0.45289993 0.45289993 0.45289993 0.45289993
 0.45289993 0.45289993 0.45289993 0.30734856 0.30734856 0.30734856
 0.30734856 0.30734856 0.30734856 0.30734856 0.30734856 0.30734856
 0.88285071 0.88285071 0.88285071 0.88285071 0.88285071 0.88285071
 0.88285071 0.88285071 0.88285071 1.         1.         1.
 1.         1.         1.         1.         1.         1.
 0.69841718 0.69841718 0.69841718 0.69841718 0.69841718 0.69841718
 0.69841718 0.69841718 0.69841718 0.32179788 0.32179788 0.32179788
 0.32179788 0.32179788 0.32179788 0.32179788 0.32179788 0.32179788
 0.         0.         0.         0.         0.         0.
 0.         0.         0.         0.         0.         0.
 0.         0.         0.         0.         0.         0.
 0.         0.         0.         0.         0.         0.
 0.         0.         0.         0.         0.         0.
 0.         0.         0.         0.         0.         0.
 0.         0.         0.         0.         0.         0.
 0.         0.         0.         0.         0.         0.
 0.         0.         0.         0.         0.         0.
 0.         0.         0.         0.         0.         0.
 0.         0.         0.         0.         0.         0.
 0.         0.         0.         0.         0.         0.
 0.         0.         0.         0.         0.         0.
 0.         0.         0.         0.         0.         0.
 0.         0.         0.         0.         0.         0.
 0.         0.         0.         0.         0.         0.
 0.         0.         0.         0.         0.         0.
 0.         0.         0.         0.         0.         0.
 0.         0.        ]
Normalized importance:  [0.48306701 0.48306701 0.48306701 0.48306701 0.48306701 0.48306701
 0.48306701 0.48306701 0.48306701 0.82261699 0.82261699 0.82261699
 0.82261699 0.82261699 0.82261699 0.82261699 0.82261699 0.82261699
 0.89880345 0.89880345 0.89880345 0.89880345 0.89880345 0.89880345
 0.89880345 0.89880345 0.89880345 0.45030645 0.45030645 0.45030645
 0.45030645 0.45030645 0.45030645 0.45030645 0.45030645 0.45030645
 0.15886742 0.15886742 0.15886742 0.15886742 0.15886742 0.15886742
 0.15886742 0.15886742 0.15886742 0.12996511 0.12996511 0.12996511
 0.12996511 0.12996511 0.12996511 0.         0.12996511 0.12996511
 0.83047766 0.83047766 0.83047766 0.83047766 0.83047766 0.83047766
 0.83047766 0.83047766 0.83047766 1.         1.         1.
 1.         1.         1.         1.         1.         1.
 0.56712662 0.56712662 0.56712662 0.56712662 0.56712662 0.56712662
 0.56712662 0.56712662 0.56712662 0.06219345 0.06219345 0.
 0.         0.06219345 0.         0.06219345 0.         0.
 0.         0.01798238 0.         0.00409146 0.         0.
 0.         0.         0.         0.         0.         0.
 0.         0.         0.         0.         0.         0.
 0.         0.         0.         0.         0.         0.01677572
 0.03405986 0.         0.         0.         0.         0.
 0.         0.02687883 0.         0.         0.         0.01507492
 0.         0.         0.01726532 0.         0.         0.
 0.         0.         0.         0.         0.         0.
 0.         0.         0.         0.         0.         0.
 0.         0.         0.         0.         0.         0.
 0.02032742 0.         0.         0.         0.         0.
 0.         0.         0.02433998 0.         0.         0.
 0.         0.         0.         0.         0.         0.01321911
 0.         0.02047321 0.04888088 0.         0.         0.
 0.         0.         0.         0.02088665 0.         0.
 0.         0.02382449 0.         0.         0.         0.
 0.         0.         0.         0.         0.         0.
 0.         0.         0.         0.         0.         0.01285167
 0.         0.        ]
deepbreaks
y_true:  [1. 1. 1. 1. 1. 1. 1. 1. 1. 1. 1. 1. 1. 1. 1. 1. 1. 1. 1. 1. 1. 1. 1. 1.
 1. 1. 1. 0. 0. 0. 0. 0. 0. 0. 0. 0. 0. 0. 0. 0. 0. 0. 0. 0. 0. 0. 0. 0.
 0. 0. 0. 0. 0. 0. 1. 1. 1. 1. 1. 1. 1. 1. 1. 1. 1. 1. 1. 1. 1. 1. 1. 1.
 0. 0. 0. 0. 0. 0. 0. 0. 0. 0. 0. 0. 0. 0. 0. 0. 0. 0. 0. 0. 0. 0. 0. 0.
 0. 0. 0. 0. 0. 0. 0. 0. 0. 0. 0. 0. 0. 0. 0. 0. 0. 0. 0. 0. 0. 0. 0. 0.
 0. 0. 0. 0. 0. 0. 0. 0. 0. 0. 0. 0. 0. 0. 0. 0. 0. 0. 0. 0. 0. 0. 0. 0.
 0. 0. 0. 0. 0. 0. 0. 0. 0. 0. 0. 0. 0. 0. 0. 0. 0. 0. 0. 0. 0. 0. 0. 0.
 0. 0. 0. 0. 0. 0. 0. 0. 0. 0. 0. 0. 0. 0. 0. 0. 0. 0. 0. 0. 0. 0. 0. 0.
 0. 0. 0. 0. 0. 0. 0. 0.]
y_pred:  [1. 1. 1. 1. 1. 1. 1. 1. 1. 1. 1. 1. 1. 1. 1. 1. 1. 1. 1. 1. 1. 1. 1. 1.
 1. 1. 1. 0. 0. 0. 0. 0. 0. 0. 0. 0. 0. 0. 0. 0. 0. 0. 0. 0. 0. 0. 0. 0.
 0. 0. 0. 0. 0. 0. 1. 1. 1. 1. 1. 1. 1. 1. 1. 1. 1. 1. 1. 1. 1. 1. 1. 1.
 1. 1. 1. 1. 1. 1. 1. 1. 1. 0. 0. 0. 0. 0. 0. 0. 0. 0. 0. 0. 0. 0. 0. 0.
 0. 0. 0. 0. 0. 0. 0. 0. 0. 0. 0. 0. 0. 0. 0. 0. 0. 0. 0. 0. 0. 0. 0. 0.
 0. 0. 0. 0. 0. 0. 0. 0. 0. 0. 0. 0. 0. 0. 0. 0. 0. 0. 0. 0. 0. 0. 0. 0.
 0. 0. 0. 0. 0. 0. 0. 0. 0. 0. 0. 0. 0. 0. 0. 0. 0. 0. 0. 0. 0. 0. 0. 0.
 0. 0. 0. 0. 0. 0. 0. 0. 0. 0. 0. 0. 0. 0. 0. 0. 0. 0. 0. 0. 0. 0. 0. 0.
 0. 0. 0. 0. 0. 0. 0. 0.]
Normalized importance:  [8.20512821e-01 3.18488529e-01 4.02159244e-01 2.94197031e-01
 0.00000000e+00 4.43994602e-01 4.21052632e-01 2.32118758e-01
 6.07287449e-01 8.04318489e-01 1.34952767e-01 4.77732794e-01
 1.03778677e-01 2.30769231e-01 8.46153846e-01 4.73684211e-01
 1.28475034e-01 4.97975709e-01 7.94871795e-01 6.85560054e-01
 4.66936572e-01 4.17004049e-01 2.41565452e-01 3.38731444e-01
 6.59919028e-01 3.19838057e-01 4.12955466e-01 5.70850202e-01
 3.91363023e-01 3.25236167e-01 6.58569501e-02 5.31713900e-01
 1.79487179e-04 4.66936572e-01 1.64642375e-01 3.25236167e-01
 3.92712551e-01 2.46963563e-01 0.00000000e+00 2.80701754e-01
 3.76518219e-01 0.00000000e+00 3.17139001e-01 5.10121457e-01
 1.52496626e-01 2.22672065e-01 5.31713900e-01 4.00809717e-01
 4.06207827e-01 0.00000000e+00 2.06477733e-02 2.21322537e-03
 4.96626181e-02 4.56140351e-01 8.78542510e-01 6.01889339e-01
 2.45614035e-01 6.78812416e-01 2.34817814e-01 2.80701754e-01
 4.17004049e-01 6.62618084e-02 7.51686910e-01 1.00000000e+00
 1.09581646e-01 1.03508772e-01 8.02968961e-01 1.83535762e-01
 6.81511471e-01 4.08906883e-01 5.89743590e-01 5.02024291e-01
 6.72064777e-01 3.90013495e-01 6.86909582e-01 2.32118758e-02
 3.90013495e-01 6.50472335e-02 2.88798920e-01 2.48313090e-01
 1.49797571e-01 4.58839406e-01 2.98245614e-01 0.00000000e+00
 1.02834008e-01 2.73954116e-01 1.07422402e-02 3.48178138e-01
 4.89878543e-02 1.09446694e-01 0.00000000e+00 2.64507422e-01
 0.00000000e+00 9.31174089e-02 7.65182186e-02 0.00000000e+00
 1.90283401e-01 9.48717949e-02 2.37516869e-01 0.00000000e+00
 0.00000000e+00 3.22537112e-01 0.00000000e+00 0.00000000e+00
 0.00000000e+00 0.00000000e+00 3.67071525e-02 0.00000000e+00
 4.21052632e-01 0.00000000e+00 0.00000000e+00 0.00000000e+00
 0.00000000e+00 3.11740891e-01 1.02024291e-01 0.00000000e+00
 1.29554656e-01 0.00000000e+00 1.61943320e-01 4.97975709e-02
 0.00000000e+00 2.55060729e-01 0.00000000e+00 0.00000000e+00
 2.30769231e-01 3.21187584e-01 0.00000000e+00 0.00000000e+00
 2.45614035e-01 4.45344130e-01 0.00000000e+00 3.45479082e-01
 2.44264507e-01 0.00000000e+00 3.41430499e-01 9.73009447e-03
 0.00000000e+00 0.00000000e+00 0.00000000e+00 2.06477733e-01
 0.00000000e+00 0.00000000e+00 2.26720648e-01 3.67071525e-01
 0.00000000e+00 0.00000000e+00 0.00000000e+00 3.85964912e-01
 1.52496626e-01 0.00000000e+00 2.57759784e-01 0.00000000e+00
 1.64642375e-01 0.00000000e+00 0.00000000e+00 3.99460189e-01
 0.00000000e+00 0.00000000e+00 4.00809717e-01 0.00000000e+00
 1.47098516e-01 2.46963563e-01 2.95546559e-01 0.00000000e+00
 0.00000000e+00 1.37651822e-01 4.12955466e-01 3.61673414e-01
 0.00000000e+00 1.67341430e-01 1.22267206e-02 0.00000000e+00
 0.00000000e+00 0.00000000e+00 3.81916329e-01 0.00000000e+00
 0.00000000e+00 1.92982456e-01 1.68690958e-01 0.00000000e+00
 3.07692308e-01 1.87584345e-01 0.00000000e+00 0.00000000e+00
 3.58974359e-01 2.05128205e-01 0.00000000e+00 0.00000000e+00
 0.00000000e+00 0.00000000e+00 0.00000000e+00 1.41700405e-01
 2.49662618e-01 3.40080972e-01 0.00000000e+00 0.00000000e+00
 0.00000000e+00 2.57759784e-01 0.00000000e+00 0.00000000e+00]
pyseer
y_true:  [1. 1. 1. 1. 1. 1. 1. 1. 1. 1. 1. 1. 1. 1. 1. 1. 1. 1. 1. 1. 1. 1. 1. 1.
 1. 1. 1. 0. 0. 0. 0. 0. 0. 0. 0. 0. 0. 0. 0. 0. 0. 0. 0. 0. 0. 0. 0. 0.
 0. 0. 0. 0. 0. 0. 1. 1. 1. 1. 1. 1. 1. 1. 1. 1. 1. 1. 1. 1. 1. 1. 1. 1.
 0. 0. 0. 0. 0. 0. 0. 0. 0. 0. 0. 0. 0. 0. 0. 0. 0. 0. 0. 0. 0. 0. 0. 0.
 0. 0. 0. 0. 0. 0. 0. 0. 0. 0. 0. 0. 0. 0. 0. 0. 0. 0. 0. 0. 0. 0. 0. 0.
 0. 0. 0. 0. 0. 0. 0. 0. 0. 0. 0. 0. 0. 0. 0. 0. 0. 0. 0. 0. 0. 0. 0. 0.
 0. 0. 0. 0. 0. 0. 0. 0. 0. 0. 0. 0. 0. 0. 0. 0. 0. 0. 0. 0. 0. 0. 0. 0.
 0. 0. 0. 0. 0. 0. 0. 0. 0. 0. 0. 0. 0. 0. 0. 0. 0. 0. 0. 0. 0. 0. 0. 0.
 0. 0. 0. 0. 0. 0. 0. 0.]
y_pred:  [1. 1. 1. 0. 0. 1. 1. 0. 1. 1. 0. 1. 0. 0. 1. 1. 0. 1. 1. 1. 1. 1. 0. 1.
 1. 1. 1. 1. 1. 1. 0. 1. 0. 1. 0. 1. 1. 0. 0. 0. 1. 0. 1. 1. 0. 0. 1. 1.
 1. 0. 0. 0. 0. 1. 1. 1. 0. 1. 0. 0. 1. 0. 1. 1. 0. 0. 1. 0. 1. 1. 1. 1.
 1. 1. 1. 0. 1. 0. 0. 0. 0. 1. 1. 0. 0. 0. 0. 1. 0. 0. 0. 0. 0. 0. 0. 0.
 0. 0. 0. 0. 0. 1. 0. 0. 0. 0. 0. 0. 1. 0. 0. 0. 0. 1. 0. 0. 0. 0. 0. 0.
 0. 0. 0. 0. 0. 1. 0. 0. 0. 1. 0. 1. 0. 0. 1. 0. 0. 0. 0. 0. 0. 0. 0. 1.
 0. 0. 0. 1. 0. 0. 0. 0. 0. 0. 0. 1. 0. 0. 1. 0. 0. 0. 0. 0. 0. 0. 1. 1.
 0. 0. 0. 0. 0. 0. 1. 0. 0. 0. 0. 0. 1. 0. 0. 0. 1. 0. 0. 0. 0. 0. 0. 0.
 0. 1. 0. 0. 0. 0. 0. 0.]
Time taken: 24.57201313972473 seconds
Running combination 23 of 50
Fitting RandomForest...
Fitting Adaboost...
Fitting AdaBoost_2...
Fitting et...
Fitting gbc...
Fitting gbc_2...
Fitting gbc_3...
Fitting dt...
Fitting lr...
Fitting Lasso_1...
Fitting Lasso_2...
Fitting Lasso_3...
Fitting Lasso_4...
Fitting elasticnet...
VCF file created successfully.
pyseer stderr:  Read 1000 phenotypes
Detected continuous phenotype
Reading all variants

0variants [00:00, ?variants/s]
53variants [00:00, 522.14variants/s]
106variants [00:00, 462.73variants/s]
161variants [00:00, 497.15variants/s]
198variants [00:00, 502.01variants/s]
Applying correlation filtering

  0%|          | 0/198 [00:00<?, ?variants/s]
100%|██████████| 198/198 [00:00<00:00, 2716.96variants/s]
Fitting elastic net to top 148 variants
Best penalty (lambda) from cross-validation: 1.73E+01
Best R^2 from cross-validation: 0.506
Finding and printing selected variants
198 loaded variants
50 pre-filtered variants
148 tested variants
130 printed variants

True importance standardized:  [0.91709026 0.91709026 0.91709026 0.91709026 0.91709026 0.91709026
 0.91709026 0.91709026 0.91709026 0.77845154 0.77845154 0.77845154
 0.77845154 0.77845154 0.77845154 0.77845154 0.77845154 0.77845154
 0.26333749 0.26333749 0.26333749 0.26333749 0.26333749 0.26333749
 0.26333749 0.26333749 0.26333749 0.14595585 0.14595585 0.14595585
 0.14595585 0.14595585 0.14595585 0.14595585 0.14595585 0.14595585
 1.         1.         1.         1.         1.         1.
 1.         1.         1.         0.30209069 0.30209069 0.30209069
 0.30209069 0.30209069 0.30209069 0.30209069 0.30209069 0.30209069
 0.56356361 0.56356361 0.56356361 0.56356361 0.56356361 0.56356361
 0.56356361 0.56356361 0.56356361 0.23862505 0.23862505 0.23862505
 0.23862505 0.23862505 0.23862505 0.23862505 0.23862505 0.23862505
 0.40997971 0.40997971 0.40997971 0.40997971 0.40997971 0.40997971
 0.40997971 0.40997971 0.40997971 0.27848782 0.27848782 0.27848782
 0.27848782 0.27848782 0.27848782 0.27848782 0.27848782 0.27848782
 0.         0.         0.         0.         0.         0.
 0.         0.         0.         0.         0.         0.
 0.         0.         0.         0.         0.         0.
 0.         0.         0.         0.         0.         0.
 0.         0.         0.         0.         0.         0.
 0.         0.         0.         0.         0.         0.
 0.         0.         0.         0.         0.         0.
 0.         0.         0.         0.         0.         0.
 0.         0.         0.         0.         0.         0.
 0.         0.         0.         0.         0.         0.
 0.         0.         0.         0.         0.         0.
 0.         0.         0.         0.         0.         0.
 0.         0.         0.         0.         0.         0.
 0.         0.         0.         0.         0.         0.
 0.         0.         0.         0.         0.         0.
 0.         0.         0.         0.         0.         0.
 0.         0.         0.         0.         0.         0.
 0.         0.         0.         0.         0.         0.
 0.         0.        ]
Normalized importance:  [0.92162698 0.92162698 0.92162698 0.92162698 0.92162698 0.92162698
 0.92162698 0.92162698 0.92162698 0.66868103 0.66868103 0.66868103
 0.66868103 0.66868103 0.66868103 0.66868103 0.66868103 0.66868103
 0.11456532 0.11456532 0.11456532 0.11456532 0.11456532 0.11456532
 0.11456532 0.11456532 0.11456532 0.02018514 0.         0.02018514
 0.         0.02018514 0.02018514 0.02018514 0.         0.
 1.         1.         1.         1.         1.         1.
 1.         1.         1.         0.10534475 0.10534475 0.10534475
 0.10534475 0.10534475 0.10534475 0.10534475 0.10534475 0.10534475
 0.37902803 0.37902803 0.37902803 0.37902803 0.37902803 0.37902803
 0.37902803 0.37902803 0.37902803 0.04843832 0.04843832 0.04843832
 0.04843832 0.04843832 0.04843832 0.04843832 0.04843832 0.04843832
 0.15611446 0.15611446 0.15611446 0.15611446 0.15611446 0.15611446
 0.15611446 0.15611446 0.15611446 0.12339894 0.12339894 0.12339894
 0.12339894 0.         0.12339894 0.12339894 0.12339894 0.12339894
 0.         0.         0.         0.         0.         0.
 0.         0.         0.         0.02027499 0.         0.
 0.         0.         0.         0.         0.         0.
 0.         0.         0.         0.         0.         0.02031402
 0.         0.         0.         0.         0.02514213 0.
 0.         0.         0.01457461 0.         0.         0.
 0.         0.         0.         0.02924765 0.         0.01671118
 0.         0.         0.         0.         0.         0.
 0.         0.         0.01141668 0.         0.02265937 0.01496059
 0.         0.         0.         0.03673826 0.         0.
 0.         0.         0.         0.02229477 0.         0.
 0.         0.         0.         0.         0.         0.
 0.         0.         0.         0.         0.         0.
 0.         0.         0.         0.         0.         0.
 0.         0.         0.         0.         0.         0.
 0.         0.02269525 0.         0.         0.         0.
 0.         0.         0.         0.         0.         0.02240919
 0.         0.         0.         0.07859325 0.         0.
 0.         0.        ]
deepbreaks
y_true:  [1. 1. 1. 1. 1. 1. 1. 1. 1. 1. 1. 1. 1. 1. 1. 1. 1. 1. 0. 0. 0. 0. 0. 0.
 0. 0. 0. 0. 0. 0. 0. 0. 0. 0. 0. 0. 1. 1. 1. 1. 1. 1. 1. 1. 1. 0. 0. 0.
 0. 0. 0. 0. 0. 0. 1. 1. 1. 1. 1. 1. 1. 1. 1. 0. 0. 0. 0. 0. 0. 0. 0. 0.
 1. 1. 1. 1. 1. 1. 1. 1. 1. 0. 0. 0. 0. 0. 0. 0. 0. 0. 0. 0. 0. 0. 0. 0.
 0. 0. 0. 0. 0. 0. 0. 0. 0. 0. 0. 0. 0. 0. 0. 0. 0. 0. 0. 0. 0. 0. 0. 0.
 0. 0. 0. 0. 0. 0. 0. 0. 0. 0. 0. 0. 0. 0. 0. 0. 0. 0. 0. 0. 0. 0. 0. 0.
 0. 0. 0. 0. 0. 0. 0. 0. 0. 0. 0. 0. 0. 0. 0. 0. 0. 0. 0. 0. 0. 0. 0. 0.
 0. 0. 0. 0. 0. 0. 0. 0. 0. 0. 0. 0. 0. 0. 0. 0. 0. 0. 0. 0. 0. 0. 0. 0.
 0. 0. 0. 0. 0. 0. 0. 0.]
y_pred:  [1. 1. 1. 1. 1. 1. 1. 1. 1. 1. 1. 1. 1. 1. 1. 1. 1. 1. 0. 0. 0. 0. 0. 0.
 0. 0. 0. 0. 0. 0. 0. 0. 0. 0. 0. 0. 1. 1. 1. 1. 1. 1. 1. 1. 1. 0. 0. 0.
 0. 0. 0. 0. 0. 0. 1. 1. 1. 1. 1. 1. 1. 1. 1. 0. 0. 0. 0. 0. 0. 0. 0. 0.
 1. 1. 1. 1. 1. 1. 1. 1. 1. 1. 1. 1. 1. 0. 1. 1. 1. 1. 0. 0. 0. 0. 0. 0.
 0. 0. 0. 0. 0. 0. 0. 0. 0. 0. 0. 0. 0. 0. 0. 0. 0. 0. 0. 0. 0. 0. 0. 0.
 0. 0. 0. 0. 0. 0. 0. 0. 0. 0. 0. 0. 0. 0. 0. 0. 0. 0. 0. 0. 0. 0. 0. 0.
 0. 0. 0. 0. 0. 0. 0. 0. 0. 0. 0. 0. 0. 0. 0. 0. 0. 0. 0. 0. 0. 0. 0. 0.
 0. 0. 0. 0. 0. 0. 0. 0. 0. 0. 0. 0. 0. 0. 0. 0. 0. 0. 0. 0. 0. 0. 0. 0.
 0. 0. 0. 0. 0. 0. 0. 0.]
Normalized importance:  [0.93125    0.690625   0.1284375  0.4875     0.60625    0.53125
 0.68125    0.665625   0.571875   0.74375    0.105625   0.553125
 0.44375    0.25625    0.403125   0.74375    0.446875   0.428125
 0.295625   0.         0.1759375  0.1090625  0.2071875  0.
 0.15875    0.0928125  0.403125   0.         0.00146562 0.19125
 0.049375   0.225625   0.22625    0.0859375  0.         0.
 1.         0.58125    0.665625   0.7        0.403125   0.671875
 0.2696875  0.590625   0.415625   0.4        0.384375   0.210625
 0.3121875  0.         0.         0.415625   0.         0.049375
 0.609375   0.371875   0.1675     0.3875     0.503125   0.41875
 0.2071875  0.2415625  0.0030375  0.1490625  0.22875    0.094375
 0.123125   0.1675     0.1053125  0.01221875 0.         0.
 0.3021875  0.1209375  0.528125   0.44375    0.120625   0.475
 0.070625   0.0378125  0.365625   0.1409375  0.145625   0.288125
 0.1103125  0.390625   0.0803125  0.40625    0.1378125  0.2953125
 0.09       0.         0.1696875  0.06       0.1928125  0.
 0.1509375  0.1471875  0.1428125  0.0734375  0.         0.
 0.         0.         0.         0.         0.         0.
 0.0071875  0.         0.1521875  0.         0.         0.126875
 0.06875    0.         0.         0.         0.27125    0.1096875
 0.         0.131875   0.1815625  0.         0.         0.
 0.34375    0.0959375  0.         0.384375   0.0045     0.155
 0.1025     0.321875   0.1975     0.         0.         0.2653125
 0.         0.         0.1878125  0.         0.17875    0.24625
 0.         0.138125   0.069375   0.1865625  0.0603125  0.
 0.         0.         0.         0.44375    0.030375   0.
 0.         0.         0.         0.09       0.149375   0.1203125
 0.         0.         0.1003125  0.02525    0.1978125  0.
 0.         0.         0.         0.         0.04125    0.1359375
 0.         0.         0.         0.11       0.2278125  0.21625
 0.         0.02503125 0.         0.         0.02503125 0.
 0.         0.         0.         0.         0.         0.321875
 0.         0.116875   0.         0.1546875  0.         0.
 0.         0.        ]
pyseer
y_true:  [1. 1. 1. 1. 1. 1. 1. 1. 1. 1. 1. 1. 1. 1. 1. 1. 1. 1. 0. 0. 0. 0. 0. 0.
 0. 0. 0. 0. 0. 0. 0. 0. 0. 0. 0. 0. 1. 1. 1. 1. 1. 1. 1. 1. 1. 0. 0. 0.
 0. 0. 0. 0. 0. 0. 1. 1. 1. 1. 1. 1. 1. 1. 1. 0. 0. 0. 0. 0. 0. 0. 0. 0.
 1. 1. 1. 1. 1. 1. 1. 1. 1. 0. 0. 0. 0. 0. 0. 0. 0. 0. 0. 0. 0. 0. 0. 0.
 0. 0. 0. 0. 0. 0. 0. 0. 0. 0. 0. 0. 0. 0. 0. 0. 0. 0. 0. 0. 0. 0. 0. 0.
 0. 0. 0. 0. 0. 0. 0. 0. 0. 0. 0. 0. 0. 0. 0. 0. 0. 0. 0. 0. 0. 0. 0. 0.
 0. 0. 0. 0. 0. 0. 0. 0. 0. 0. 0. 0. 0. 0. 0. 0. 0. 0. 0. 0. 0. 0. 0. 0.
 0. 0. 0. 0. 0. 0. 0. 0. 0. 0. 0. 0. 0. 0. 0. 0. 0. 0. 0. 0. 0. 0. 0. 0.
 0. 0. 0. 0. 0. 0. 0. 0.]
y_pred:  [1. 1. 0. 1. 1. 1. 1. 1. 1. 1. 0. 1. 1. 1. 1. 1. 1. 1. 1. 0. 0. 0. 1. 0.
 0. 0. 1. 0. 0. 0. 0. 1. 1. 0. 0. 0. 1. 1. 1. 1. 1. 1. 1. 1. 1. 1. 1. 1.
 1. 0. 0. 1. 0. 0. 1. 1. 0. 1. 1. 1. 1. 1. 0. 0. 1. 0. 0. 0. 0. 0. 0. 0.
 1. 0. 1. 1. 0. 1. 0. 0. 1. 0. 0. 1. 0. 1. 0. 1. 0. 1. 0. 0. 0. 0. 1. 0.
 0. 0. 0. 0. 0. 0. 0. 0. 0. 0. 0. 0. 0. 0. 0. 0. 0. 0. 0. 0. 0. 0. 1. 0.
 0. 0. 0. 0. 0. 0. 1. 0. 0. 1. 0. 0. 0. 1. 1. 0. 0. 1. 0. 0. 0. 0. 0. 1.
 0. 0. 0. 0. 0. 0. 0. 0. 0. 1. 0. 0. 0. 0. 0. 0. 0. 0. 0. 0. 0. 0. 1. 0.
 0. 0. 0. 0. 0. 0. 0. 0. 0. 0. 1. 1. 0. 0. 0. 0. 0. 0. 0. 0. 0. 0. 0. 1.
 0. 0. 0. 0. 0. 0. 0. 0.]
Time taken: 24.22522211074829 seconds
Running combination 24 of 50
Fitting RandomForest...
Fitting Adaboost...
Fitting AdaBoost_2...
Fitting et...
Fitting gbc...
Fitting gbc_2...
Fitting gbc_3...
Fitting dt...
Fitting lr...
Fitting Lasso_1...
Fitting Lasso_2...
Fitting Lasso_3...
Fitting Lasso_4...
Fitting elasticnet...
VCF file created successfully.
pyseer stderr:  Read 1000 phenotypes
Detected continuous phenotype
Reading all variants

0variants [00:00, ?variants/s]
53variants [00:00, 528.88variants/s]
106variants [00:00, 467.57variants/s]
162variants [00:00, 504.92variants/s]
198variants [00:00, 509.46variants/s]
Applying correlation filtering

  0%|          | 0/198 [00:00<?, ?variants/s]
100%|██████████| 198/198 [00:00<00:00, 2716.41variants/s]
Fitting elastic net to top 148 variants
Best penalty (lambda) from cross-validation: 2.42E+01
Best R^2 from cross-validation: 0.515
Finding and printing selected variants
198 loaded variants
50 pre-filtered variants
148 tested variants
141 printed variants

True importance standardized:  [0.69976777 0.69976777 0.69976777 0.69976777 0.69976777 0.69976777
 0.69976777 0.69976777 0.69976777 0.85818026 0.85818026 0.85818026
 0.85818026 0.85818026 0.85818026 0.85818026 0.85818026 0.85818026
 0.74036679 0.74036679 0.74036679 0.74036679 0.74036679 0.74036679
 0.74036679 0.74036679 0.74036679 0.14973214 0.14973214 0.14973214
 0.14973214 0.14973214 0.14973214 0.14973214 0.14973214 0.14973214
 0.55517288 0.55517288 0.55517288 0.55517288 0.55517288 0.55517288
 0.55517288 0.55517288 0.55517288 0.49272783 0.49272783 0.49272783
 0.49272783 0.49272783 0.49272783 0.49272783 0.49272783 0.49272783
 0.63233909 0.63233909 0.63233909 0.63233909 0.63233909 0.63233909
 0.63233909 0.63233909 0.63233909 0.39433859 0.39433859 0.39433859
 0.39433859 0.39433859 0.39433859 0.39433859 0.39433859 0.39433859
 1.         1.         1.         1.         1.         1.
 1.         1.         1.         0.17697718 0.17697718 0.17697718
 0.17697718 0.17697718 0.17697718 0.17697718 0.17697718 0.17697718
 0.         0.         0.         0.         0.         0.
 0.         0.         0.         0.         0.         0.
 0.         0.         0.         0.         0.         0.
 0.         0.         0.         0.         0.         0.
 0.         0.         0.         0.         0.         0.
 0.         0.         0.         0.         0.         0.
 0.         0.         0.         0.         0.         0.
 0.         0.         0.         0.         0.         0.
 0.         0.         0.         0.         0.         0.
 0.         0.         0.         0.         0.         0.
 0.         0.         0.         0.         0.         0.
 0.         0.         0.         0.         0.         0.
 0.         0.         0.         0.         0.         0.
 0.         0.         0.         0.         0.         0.
 0.         0.         0.         0.         0.         0.
 0.         0.         0.         0.         0.         0.
 0.         0.         0.         0.         0.         0.
 0.         0.         0.         0.         0.         0.
 0.         0.        ]
Normalized importance:  [0.95841999 0.95841999 0.95841999 0.95841999 0.95841999 0.95841999
 0.95841999 0.95841999 0.95841999 0.91654869 0.91654869 0.91654869
 0.91654869 0.91654869 0.91654869 0.91654869 0.91654869 0.91654869
 0.57196137 0.57196137 0.57196137 0.57196137 0.57196137 0.57196137
 0.57196137 0.57196137 0.57196137 0.03301747 0.03301747 0.
 0.03301747 0.03301747 0.         0.03301747 0.         0.
 0.23660586 0.23660586 0.23660586 0.23660586 0.23660586 0.23660586
 0.23660586 0.23660586 0.23660586 0.10567009 0.10567009 0.10567009
 0.10567009 0.10567009 0.10567009 0.10567009 0.10567009 0.10567009
 0.6367718  0.6367718  0.6367718  0.6367718  0.6367718  0.6367718
 0.6367718  0.6367718  0.6367718  0.17844239 0.17844239 0.17844239
 0.17844239 0.17844239 0.17844239 0.17844239 0.17844239 0.17844239
 1.         1.         1.         1.         1.         1.
 1.         1.         1.         0.04188654 0.04188654 0.
 0.04188654 0.04188654 0.         0.         0.04188654 0.04188654
 0.         0.         0.         0.         0.01660988 0.
 0.         0.         0.         0.         0.         0.
 0.0213986  0.         0.         0.         0.         0.
 0.00755565 0.         0.         0.02679278 0.         0.
 0.         0.05733818 0.         0.         0.         0.
 0.         0.         0.         0.00968696 0.         0.
 0.         0.         0.         0.         0.         0.
 0.00954857 0.         0.         0.         0.         0.
 0.         0.         0.         0.         0.01924604 0.
 0.         0.         0.         0.         0.         0.
 0.         0.         0.         0.         0.         0.
 0.         0.         0.         0.         0.00415464 0.
 0.         0.         0.         0.         0.         0.
 0.         0.         0.         0.         0.         0.
 0.         0.01348761 0.         0.         0.         0.
 0.         0.         0.         0.         0.         0.03146138
 0.         0.         0.         0.01093806 0.         0.
 0.         0.         0.02646776 0.         0.         0.
 0.         0.        ]
deepbreaks
y_true:  [1. 1. 1. 1. 1. 1. 1. 1. 1. 1. 1. 1. 1. 1. 1. 1. 1. 1. 1. 1. 1. 1. 1. 1.
 1. 1. 1. 0. 0. 0. 0. 0. 0. 0. 0. 0. 0. 0. 0. 0. 0. 0. 0. 0. 0. 0. 0. 0.
 0. 0. 0. 0. 0. 0. 1. 1. 1. 1. 1. 1. 1. 1. 1. 0. 0. 0. 0. 0. 0. 0. 0. 0.
 1. 1. 1. 1. 1. 1. 1. 1. 1. 0. 0. 0. 0. 0. 0. 0. 0. 0. 0. 0. 0. 0. 0. 0.
 0. 0. 0. 0. 0. 0. 0. 0. 0. 0. 0. 0. 0. 0. 0. 0. 0. 0. 0. 0. 0. 0. 0. 0.
 0. 0. 0. 0. 0. 0. 0. 0. 0. 0. 0. 0. 0. 0. 0. 0. 0. 0. 0. 0. 0. 0. 0. 0.
 0. 0. 0. 0. 0. 0. 0. 0. 0. 0. 0. 0. 0. 0. 0. 0. 0. 0. 0. 0. 0. 0. 0. 0.
 0. 0. 0. 0. 0. 0. 0. 0. 0. 0. 0. 0. 0. 0. 0. 0. 0. 0. 0. 0. 0. 0. 0. 0.
 0. 0. 0. 0. 0. 0. 0. 0.]
y_pred:  [1. 1. 1. 1. 1. 1. 1. 1. 1. 1. 1. 1. 1. 1. 1. 1. 1. 1. 1. 1. 1. 1. 1. 1.
 1. 1. 1. 0. 0. 0. 0. 0. 0. 0. 0. 0. 1. 1. 1. 1. 1. 1. 1. 1. 1. 0. 0. 0.
 0. 0. 0. 0. 0. 0. 1. 1. 1. 1. 1. 1. 1. 1. 1. 0. 0. 0. 0. 0. 0. 0. 0. 0.
 1. 1. 1. 1. 1. 1. 1. 1. 1. 0. 0. 0. 0. 0. 0. 0. 0. 0. 0. 0. 0. 0. 0. 0.
 0. 0. 0. 0. 0. 0. 0. 0. 0. 0. 0. 0. 0. 0. 0. 0. 0. 0. 0. 0. 0. 0. 0. 0.
 0. 0. 0. 0. 0. 0. 0. 0. 0. 0. 0. 0. 0. 0. 0. 0. 0. 0. 0. 0. 0. 0. 0. 0.
 0. 0. 0. 0. 0. 0. 0. 0. 0. 0. 0. 0. 0. 0. 0. 0. 0. 0. 0. 0. 0. 0. 0. 0.
 0. 0. 0. 0. 0. 0. 0. 0. 0. 0. 0. 0. 0. 0. 0. 0. 0. 0. 0. 0. 0. 0. 0. 0.
 0. 0. 0. 0. 0. 0. 0. 0.]
Normalized importance:  [0.73076923 0.23745819 0.2993311  0.43645485 0.68896321 0.04732441
 0.81103679 0.6722408  0.00824415 1.         0.47826087 0.23578595
 0.7090301  0.19063545 0.52006689 0.35117057 0.37792642 0.5735786
 0.81772575 0.48494983 0.19565217 0.83444816 0.06822742 0.09464883
 0.53010033 0.54849498 0.03662207 0.10217391 0.         0.3277592
 0.         0.01608696 0.16889632 0.28595318 0.17725753 0.25083612
 0.63043478 0.23411371 0.46153846 0.         0.31939799 0.06588629
 0.10635452 0.66555184 0.55351171 0.34615385 0.36287625 0.24414716
 0.19899666 0.07742475 0.04331104 0.25250836 0.08093645 0.40301003
 0.84949833 0.5819398  0.49665552 0.07625418 0.45819398 0.00986622
 0.26755853 0.49832776 0.4264214  0.25250836 0.26755853 0.00324415
 0.41973244 0.4264214  0.38628763 0.63377926 0.         0.12826087
 0.89464883 0.63210702 0.74080268 0.67056856 0.28762542 0.42140468
 0.13595318 0.55852843 0.57859532 0.09765886 0.         0.19397993
 0.33277592 0.19063545 0.2458194  0.         0.32943144 0.39632107
 0.         0.         0.22909699 0.22742475 0.34615385 0.14230769
 0.09331104 0.12123746 0.         0.33946488 0.2173913  0.
 0.41973244 0.14765886 0.         0.         0.26254181 0.
 0.18561873 0.06421405 0.         0.75919732 0.33779264 0.16254181
 0.00844482 0.42976589 0.         0.52006689 0.32441472 0.
 0.         0.07190635 0.         0.37625418 0.30602007 0.
 0.         0.         0.33277592 0.36120401 0.         0.
 0.13444816 0.         0.         0.         0.         0.
 0.         0.         0.         0.37123746 0.43478261 0.
 0.         0.01648829 0.30936455 0.16705686 0.         0.18227425
 0.         0.30100334 0.11772575 0.         0.         0.23578595
 0.26755853 0.         0.         0.         0.25752508 0.23076923
 0.13561873 0.         0.12608696 0.         0.         0.
 0.         0.         0.0819398  0.         0.15217391 0.
 0.         0.30100334 0.08762542 0.         0.         0.
 0.26086957 0.         0.27257525 0.14632107 0.38628763 0.19899666
 0.         0.29431438 0.08729097 0.51003344 0.         0.03762542
 0.         0.05501672 0.24080268 0.         0.11438127 0.13160535
 0.         0.        ]
pyseer
y_true:  [1. 1. 1. 1. 1. 1. 1. 1. 1. 1. 1. 1. 1. 1. 1. 1. 1. 1. 1. 1. 1. 1. 1. 1.
 1. 1. 1. 0. 0. 0. 0. 0. 0. 0. 0. 0. 0. 0. 0. 0. 0. 0. 0. 0. 0. 0. 0. 0.
 0. 0. 0. 0. 0. 0. 1. 1. 1. 1. 1. 1. 1. 1. 1. 0. 0. 0. 0. 0. 0. 0. 0. 0.
 1. 1. 1. 1. 1. 1. 1. 1. 1. 0. 0. 0. 0. 0. 0. 0. 0. 0. 0. 0. 0. 0. 0. 0.
 0. 0. 0. 0. 0. 0. 0. 0. 0. 0. 0. 0. 0. 0. 0. 0. 0. 0. 0. 0. 0. 0. 0. 0.
 0. 0. 0. 0. 0. 0. 0. 0. 0. 0. 0. 0. 0. 0. 0. 0. 0. 0. 0. 0. 0. 0. 0. 0.
 0. 0. 0. 0. 0. 0. 0. 0. 0. 0. 0. 0. 0. 0. 0. 0. 0. 0. 0. 0. 0. 0. 0. 0.
 0. 0. 0. 0. 0. 0. 0. 0. 0. 0. 0. 0. 0. 0. 0. 0. 0. 0. 0. 0. 0. 0. 0. 0.
 0. 0. 0. 0. 0. 0. 0. 0.]
y_pred:  [1. 0. 1. 1. 1. 0. 1. 1. 0. 1. 1. 0. 1. 0. 1. 1. 1. 1. 1. 1. 0. 1. 0. 0.
 1. 1. 0. 0. 0. 1. 0. 0. 0. 1. 0. 0. 1. 0. 1. 0. 1. 0. 0. 1. 1. 1. 1. 0.
 0. 0. 0. 0. 0. 1. 1. 1. 1. 0. 1. 0. 1. 1. 1. 0. 1. 0. 1. 1. 1. 1. 0. 0.
 1. 1. 1. 1. 1. 1. 0. 1. 1. 0. 0. 0. 1. 0. 0. 0. 1. 1. 0. 0. 0. 0. 1. 0.
 0. 0. 0. 1. 0. 0. 1. 0. 0. 0. 0. 0. 0. 0. 0. 1. 1. 0. 0. 1. 0. 1. 1. 0.
 0. 0. 0. 1. 1. 0. 0. 0. 1. 1. 0. 0. 0. 0. 0. 0. 0. 0. 0. 0. 0. 1. 1. 0.
 0. 0. 1. 0. 0. 0. 0. 1. 0. 0. 0. 0. 1. 0. 0. 0. 0. 0. 0. 0. 0. 0. 0. 0.
 0. 0. 0. 0. 0. 0. 0. 1. 0. 0. 0. 0. 0. 0. 1. 0. 1. 0. 0. 1. 0. 1. 0. 0.
 0. 0. 0. 0. 0. 0. 0. 0.]
Time taken: 25.74825882911682 seconds
Running combination 25 of 50
Fitting RandomForest...
Fitting Adaboost...
Fitting AdaBoost_2...
Fitting et...
Fitting gbc...
Fitting gbc_2...
Fitting gbc_3...
Fitting dt...
Fitting lr...
Fitting Lasso_1...
Fitting Lasso_2...
Fitting Lasso_3...
Fitting Lasso_4...
Fitting elasticnet...
VCF file created successfully.
pyseer stderr:  Read 1000 phenotypes
Detected continuous phenotype
Reading all variants

0variants [00:00, ?variants/s]
49variants [00:00, 486.16variants/s]
98variants [00:00, 426.34variants/s]
149variants [00:00, 460.59variants/s]
198variants [00:00, 467.31variants/s]
Applying correlation filtering

  0%|          | 0/198 [00:00<?, ?variants/s]
100%|██████████| 198/198 [00:00<00:00, 2452.86variants/s]
Fitting elastic net to top 148 variants
Best penalty (lambda) from cross-validation: 1.92E+01
Best R^2 from cross-validation: 0.516
Finding and printing selected variants
198 loaded variants
50 pre-filtered variants
148 tested variants
137 printed variants

True importance standardized:  [0.48809066 0.48809066 0.48809066 0.48809066 0.48809066 0.48809066
 0.48809066 0.48809066 0.48809066 1.         1.         1.
 1.         1.         1.         1.         1.         1.
 0.13535766 0.13535766 0.13535766 0.13535766 0.13535766 0.13535766
 0.13535766 0.13535766 0.13535766 0.14386529 0.14386529 0.14386529
 0.14386529 0.14386529 0.14386529 0.14386529 0.14386529 0.14386529
 0.41765056 0.41765056 0.41765056 0.41765056 0.41765056 0.41765056
 0.41765056 0.41765056 0.41765056 0.45401627 0.45401627 0.45401627
 0.45401627 0.45401627 0.45401627 0.45401627 0.45401627 0.45401627
 0.85348339 0.85348339 0.85348339 0.85348339 0.85348339 0.85348339
 0.85348339 0.85348339 0.85348339 0.50171137 0.50171137 0.50171137
 0.50171137 0.50171137 0.50171137 0.50171137 0.50171137 0.50171137
 0.90733286 0.90733286 0.90733286 0.90733286 0.90733286 0.90733286
 0.90733286 0.90733286 0.90733286 0.66997398 0.66997398 0.66997398
 0.66997398 0.66997398 0.66997398 0.66997398 0.66997398 0.66997398
 0.         0.         0.         0.         0.         0.
 0.         0.         0.         0.         0.         0.
 0.         0.         0.         0.         0.         0.
 0.         0.         0.         0.         0.         0.
 0.         0.         0.         0.         0.         0.
 0.         0.         0.         0.         0.         0.
 0.         0.         0.         0.         0.         0.
 0.         0.         0.         0.         0.         0.
 0.         0.         0.         0.         0.         0.
 0.         0.         0.         0.         0.         0.
 0.         0.         0.         0.         0.         0.
 0.         0.         0.         0.         0.         0.
 0.         0.         0.         0.         0.         0.
 0.         0.         0.         0.         0.         0.
 0.         0.         0.         0.         0.         0.
 0.         0.         0.         0.         0.         0.
 0.         0.         0.         0.         0.         0.
 0.         0.         0.         0.         0.         0.
 0.         0.        ]
Normalized importance:  [0.17525727 0.17525727 0.17525727 0.17525727 0.17525727 0.17525727
 0.17525727 0.17525727 0.17525727 1.         1.         1.
 1.         1.         1.         1.         1.         1.
 0.         0.         0.01724307 0.02709795 0.         0.
 0.01320149 0.         0.         0.03335504 0.         0.03335504
 0.03335504 0.03335504 0.03335504 0.03335504 0.03335504 0.03335504
 0.14107007 0.14107007 0.14107007 0.14107007 0.14107007 0.14107007
 0.14107007 0.14107007 0.14107007 0.30062141 0.30062141 0.30062141
 0.30062141 0.30062141 0.30062141 0.30062141 0.30062141 0.30062141
 0.74657679 0.74657679 0.74657679 0.74657679 0.74657679 0.74657679
 0.74657679 0.74657679 0.74657679 0.35051659 0.35051659 0.35051659
 0.35051659 0.35051659 0.35051659 0.35051659 0.35051659 0.35051659
 0.95846988 0.95846988 0.95846988 0.95846988 0.95846988 0.95846988
 0.95846988 0.95846988 0.95846988 0.60739029 0.60739029 0.60739029
 0.60739029 0.60739029 0.60739029 0.60739029 0.60739029 0.60739029
 0.         0.         0.         0.         0.         0.
 0.         0.         0.         0.         0.         0.12838705
 0.0327103  0.         0.         0.02063663 0.         0.
 0.         0.         0.01692597 0.032466   0.         0.
 0.         0.         0.         0.05266813 0.         0.
 0.         0.         0.         0.         0.         0.0180222
 0.         0.00947314 0.         0.         0.00913373 0.02021512
 0.         0.         0.         0.         0.         0.
 0.         0.         0.         0.         0.         0.
 0.         0.         0.         0.01128914 0.         0.
 0.         0.04600155 0.         0.0256413  0.         0.
 0.         0.         0.         0.         0.         0.00546629
 0.         0.         0.         0.         0.0456525  0.
 0.         0.         0.         0.02428033 0.01989968 0.
 0.         0.         0.         0.         0.         0.
 0.         0.         0.         0.         0.         0.
 0.         0.         0.         0.01158772 0.         0.
 0.0070032  0.         0.01413969 0.         0.         0.
 0.         0.        ]
deepbreaks
y_true:  [0. 0. 0. 0. 0. 0. 0. 0. 0. 1. 1. 1. 1. 1. 1. 1. 1. 1. 0. 0. 0. 0. 0. 0.
 0. 0. 0. 0. 0. 0. 0. 0. 0. 0. 0. 0. 0. 0. 0. 0. 0. 0. 0. 0. 0. 0. 0. 0.
 0. 0. 0. 0. 0. 0. 1. 1. 1. 1. 1. 1. 1. 1. 1. 1. 1. 1. 1. 1. 1. 1. 1. 1.
 1. 1. 1. 1. 1. 1. 1. 1. 1. 1. 1. 1. 1. 1. 1. 1. 1. 1. 0. 0. 0. 0. 0. 0.
 0. 0. 0. 0. 0. 0. 0. 0. 0. 0. 0. 0. 0. 0. 0. 0. 0. 0. 0. 0. 0. 0. 0. 0.
 0. 0. 0. 0. 0. 0. 0. 0. 0. 0. 0. 0. 0. 0. 0. 0. 0. 0. 0. 0. 0. 0. 0. 0.
 0. 0. 0. 0. 0. 0. 0. 0. 0. 0. 0. 0. 0. 0. 0. 0. 0. 0. 0. 0. 0. 0. 0. 0.
 0. 0. 0. 0. 0. 0. 0. 0. 0. 0. 0. 0. 0. 0. 0. 0. 0. 0. 0. 0. 0. 0. 0. 0.
 0. 0. 0. 0. 0. 0. 0. 0.]
y_pred:  [0. 0. 0. 0. 0. 0. 0. 0. 0. 1. 1. 1. 1. 1. 1. 1. 1. 1. 0. 0. 0. 0. 0. 0.
 0. 0. 0. 0. 0. 0. 0. 0. 0. 0. 0. 0. 0. 0. 0. 0. 0. 0. 0. 0. 0. 1. 1. 1.
 1. 1. 1. 1. 1. 1. 1. 1. 1. 1. 1. 1. 1. 1. 1. 1. 1. 1. 1. 1. 1. 1. 1. 1.
 1. 1. 1. 1. 1. 1. 1. 1. 1. 1. 1. 1. 1. 1. 1. 1. 1. 1. 0. 0. 0. 0. 0. 0.
 0. 0. 0. 0. 0. 0. 0. 0. 0. 0. 0. 0. 0. 0. 0. 0. 0. 0. 0. 0. 0. 0. 0. 0.
 0. 0. 0. 0. 0. 0. 0. 0. 0. 0. 0. 0. 0. 0. 0. 0. 0. 0. 0. 0. 0. 0. 0. 0.
 0. 0. 0. 0. 0. 0. 0. 0. 0. 0. 0. 0. 0. 0. 0. 0. 0. 0. 0. 0. 0. 0. 0. 0.
 0. 0. 0. 0. 0. 0. 0. 0. 0. 0. 0. 0. 0. 0. 0. 0. 0. 0. 0. 0. 0. 0. 0. 0.
 0. 0. 0. 0. 0. 0. 0. 0.]
Normalized importance:  [0.48883375 0.17990074 0.43672457 0.2057072  0.06228288 0.01305211
 0.38709677 0.38957816 0.29528536 1.         0.43424318 0.30272953
 0.81141439 0.5955335  0.74441687 0.61538462 0.36724566 0.47146402
 0.08436725 0.03275434 0.37965261 0.14764268 0.22853598 0.
 0.05235732 0.02580645 0.00866005 0.21315136 0.08635236 0.21588089
 0.30272953 0.1        0.27047146 0.         0.06228288 0.
 0.36972705 0.         0.50620347 0.20595533 0.14491315 0.11687345
 0.         0.07369727 0.60049628 0.47890819 0.14789082 0.16923077
 0.30272953 0.05781638 0.10471464 0.23200993 0.49875931 0.33746898
 0.94044665 0.09727047 0.65260546 0.50124069 0.87841191 0.60297767
 0.41439206 0.43176179 0.27047146 0.6674938  0.52605459 0.24094293
 0.4044665  0.00590571 0.15806452 0.21563275 0.49627792 0.11811414
 0.88585608 0.37717122 0.53846154 0.63027295 0.53846154 0.4516129
 0.2191067  0.6898263  0.78908189 0.69478908 0.55583127 0.36724566
 0.59305211 0.07493797 0.32009926 0.29032258 0.27295285 0.53846154
 0.22059553 0.         0.         0.41191067 0.13473945 0.
 0.09305211 0.         0.         0.09900744 0.         0.46153846
 0.07146402 0.         0.         0.28039702 0.18362283 0.
 0.05583127 0.         0.1044665  0.31761787 0.20719603 0.
 0.         0.         0.         0.4516129  0.         0.
 0.         0.         0.         0.         0.         0.43176179
 0.         0.17270471 0.34987593 0.01801489 0.25558313 0.31513648
 0.14615385 0.18238213 0.         0.         0.08138958 0.07965261
 0.25310174 0.         0.35980149 0.         0.06575682 0.17320099
 0.         0.05012407 0.         0.03598015 0.         0.11166253
 0.23746898 0.3573201  0.         0.24218362 0.         0.
 0.         0.         0.         0.         0.1662531  0.11563275
 0.         0.         0.         0.48138958 0.51612903 0.
 0.         0.23523573 0.01441687 0.33498759 0.36724566 0.13647643
 0.         0.19131514 0.         0.         0.24441687 0.
 0.         0.         0.12754342 0.         0.2248139  0.
 0.         0.         0.         0.02655087 0.         0.
 0.25062035 0.3101737  0.03076923 0.06972705 0.         0.
 0.         0.        ]
pyseer
y_true:  [0. 0. 0. 0. 0. 0. 0. 0. 0. 1. 1. 1. 1. 1. 1. 1. 1. 1. 0. 0. 0. 0. 0. 0.
 0. 0. 0. 0. 0. 0. 0. 0. 0. 0. 0. 0. 0. 0. 0. 0. 0. 0. 0. 0. 0. 0. 0. 0.
 0. 0. 0. 0. 0. 0. 1. 1. 1. 1. 1. 1. 1. 1. 1. 1. 1. 1. 1. 1. 1. 1. 1. 1.
 1. 1. 1. 1. 1. 1. 1. 1. 1. 1. 1. 1. 1. 1. 1. 1. 1. 1. 0. 0. 0. 0. 0. 0.
 0. 0. 0. 0. 0. 0. 0. 0. 0. 0. 0. 0. 0. 0. 0. 0. 0. 0. 0. 0. 0. 0. 0. 0.
 0. 0. 0. 0. 0. 0. 0. 0. 0. 0. 0. 0. 0. 0. 0. 0. 0. 0. 0. 0. 0. 0. 0. 0.
 0. 0. 0. 0. 0. 0. 0. 0. 0. 0. 0. 0. 0. 0. 0. 0. 0. 0. 0. 0. 0. 0. 0. 0.
 0. 0. 0. 0. 0. 0. 0. 0. 0. 0. 0. 0. 0. 0. 0. 0. 0. 0. 0. 0. 0. 0. 0. 0.
 0. 0. 0. 0. 0. 0. 0. 0.]
y_pred:  [1. 0. 1. 0. 0. 0. 1. 1. 1. 1. 1. 1. 1. 1. 1. 1. 1. 1. 0. 0. 1. 0. 0. 0.
 0. 0. 0. 0. 0. 0. 1. 0. 1. 0. 0. 0. 1. 0. 1. 0. 0. 0. 0. 0. 1. 1. 0. 0.
 1. 0. 0. 0. 1. 1. 1. 0. 1. 1. 1. 1. 1. 1. 1. 1. 1. 0. 1. 0. 0. 0. 1. 0.
 1. 1. 1. 1. 1. 1. 0. 1. 1. 1. 1. 1. 1. 0. 1. 1. 1. 1. 0. 0. 0. 1. 0. 0.
 0. 0. 0. 0. 0. 1. 0. 0. 0. 1. 0. 0. 0. 0. 0. 1. 0. 0. 0. 0. 0. 1. 0. 0.
 0. 0. 0. 0. 0. 1. 0. 0. 1. 0. 1. 1. 0. 0. 0. 0. 0. 0. 1. 0. 1. 0. 0. 0.
 0. 0. 0. 0. 0. 0. 0. 1. 0. 0. 0. 0. 0. 0. 0. 0. 0. 0. 0. 0. 0. 1. 1. 0.
 0. 0. 0. 1. 1. 0. 0. 0. 0. 0. 0. 0. 0. 0. 0. 0. 0. 0. 0. 0. 0. 0. 0. 0.
 0. 1. 0. 0. 0. 0. 0. 0.]
Time taken: 24.51664686203003 seconds
Running combination 26 of 50
Fitting RandomForest...
Fitting Adaboost...
Fitting AdaBoost_2...
Fitting et...
Fitting gbc...
Fitting gbc_2...
Fitting gbc_3...
Fitting dt...
Fitting lr...
Fitting Lasso_1...
Fitting Lasso_2...
Fitting Lasso_3...
Fitting Lasso_4...
Fitting elasticnet...
VCF file created successfully.
pyseer stderr:  Read 1000 phenotypes
Detected continuous phenotype
Reading all variants

0variants [00:00, ?variants/s]
55variants [00:00, 541.47variants/s]
110variants [00:00, 474.60variants/s]
165variants [00:00, 505.85variants/s]
198variants [00:00, 510.15variants/s]
Applying correlation filtering

  0%|          | 0/198 [00:00<?, ?variants/s]
100%|██████████| 198/198 [00:00<00:00, 2714.98variants/s]
Fitting elastic net to top 148 variants
Best penalty (lambda) from cross-validation: 2.05E+01
Best R^2 from cross-validation: 0.525
Finding and printing selected variants
198 loaded variants
50 pre-filtered variants
148 tested variants
140 printed variants

True importance standardized:  [0.48665563 0.48665563 0.48665563 0.48665563 0.48665563 0.48665563
 0.48665563 0.48665563 0.48665563 0.57554762 0.57554762 0.57554762
 0.57554762 0.57554762 0.57554762 0.57554762 0.57554762 0.57554762
 0.16191946 0.16191946 0.16191946 0.16191946 0.16191946 0.16191946
 0.16191946 0.16191946 0.16191946 0.22086289 0.22086289 0.22086289
 0.22086289 0.22086289 0.22086289 0.22086289 0.22086289 0.22086289
 1.         1.         1.         1.         1.         1.
 1.         1.         1.         0.81584699 0.81584699 0.81584699
 0.81584699 0.81584699 0.81584699 0.81584699 0.81584699 0.81584699
 0.12620978 0.12620978 0.12620978 0.12620978 0.12620978 0.12620978
 0.12620978 0.12620978 0.12620978 0.47981457 0.47981457 0.47981457
 0.47981457 0.47981457 0.47981457 0.47981457 0.47981457 0.47981457
 0.35584778 0.35584778 0.35584778 0.35584778 0.35584778 0.35584778
 0.35584778 0.35584778 0.35584778 0.90462923 0.90462923 0.90462923
 0.90462923 0.90462923 0.90462923 0.90462923 0.90462923 0.90462923
 0.         0.         0.         0.         0.         0.
 0.         0.         0.         0.         0.         0.
 0.         0.         0.         0.         0.         0.
 0.         0.         0.         0.         0.         0.
 0.         0.         0.         0.         0.         0.
 0.         0.         0.         0.         0.         0.
 0.         0.         0.         0.         0.         0.
 0.         0.         0.         0.         0.         0.
 0.         0.         0.         0.         0.         0.
 0.         0.         0.         0.         0.         0.
 0.         0.         0.         0.         0.         0.
 0.         0.         0.         0.         0.         0.
 0.         0.         0.         0.         0.         0.
 0.         0.         0.         0.         0.         0.
 0.         0.         0.         0.         0.         0.
 0.         0.         0.         0.         0.         0.
 0.         0.         0.         0.         0.         0.
 0.         0.         0.         0.         0.         0.
 0.         0.        ]
Normalized importance:  [0.41207721 0.41207721 0.41207721 0.41207721 0.41207721 0.41207721
 0.41207721 0.41207721 0.41207721 0.43362235 0.43362235 0.43362235
 0.43362235 0.43362235 0.43362235 0.43362235 0.43362235 0.43362235
 0.04017899 0.04017899 0.04017899 0.04017899 0.04017899 0.04017899
 0.04017899 0.         0.04017899 0.         0.         0.
 0.01853388 0.         0.         0.00432842 0.         0.
 1.         1.         1.         1.         1.         1.
 1.         1.         1.         0.99641748 0.99641748 0.99641748
 0.99641748 0.99641748 0.99641748 0.99641748 0.99641748 0.99641748
 0.01313699 0.01313699 0.01313699 0.01313699 0.01313699 0.
 0.01313699 0.         0.01313699 0.15043714 0.15043714 0.15043714
 0.15043714 0.15043714 0.15043714 0.15043714 0.15043714 0.15043714
 0.08107966 0.08107966 0.08107966 0.08107966 0.08107966 0.08107966
 0.08107966 0.08107966 0.08107966 0.76507823 0.76507823 0.76507823
 0.76507823 0.76507823 0.76507823 0.76507823 0.76507823 0.76507823
 0.01257717 0.         0.         0.00308886 0.01194625 0.
 0.         0.         0.         0.         0.         0.
 0.         0.         0.         0.         0.         0.
 0.         0.         0.         0.04378206 0.         0.
 0.         0.         0.         0.         0.         0.
 0.         0.         0.00664636 0.         0.         0.02968951
 0.         0.         0.         0.         0.00406676 0.
 0.         0.         0.         0.         0.         0.
 0.01671939 0.         0.         0.         0.         0.
 0.         0.         0.         0.         0.00655558 0.
 0.         0.         0.00411022 0.02730406 0.00871307 0.
 0.         0.         0.         0.         0.         0.
 0.         0.         0.         0.         0.         0.
 0.         0.         0.         0.00184754 0.         0.0116491
 0.         0.         0.         0.         0.         0.01112609
 0.03780074 0.02694999 0.         0.         0.         0.
 0.         0.         0.         0.         0.00777244 0.00959596
 0.         0.01871041 0.01033678 0.         0.01663527 0.
 0.         0.        ]
deepbreaks
y_true:  [1. 1. 1. 1. 1. 1. 1. 1. 1. 1. 1. 1. 1. 1. 1. 1. 1. 1. 0. 0. 0. 0. 0. 0.
 0. 0. 0. 0. 0. 0. 0. 0. 0. 0. 0. 0. 1. 1. 1. 1. 1. 1. 1. 1. 1. 1. 1. 1.
 1. 1. 1. 1. 1. 1. 0. 0. 0. 0. 0. 0. 0. 0. 0. 0. 0. 0. 0. 0. 0. 0. 0. 0.
 0. 0. 0. 0. 0. 0. 0. 0. 0. 1. 1. 1. 1. 1. 1. 1. 1. 1. 0. 0. 0. 0. 0. 0.
 0. 0. 0. 0. 0. 0. 0. 0. 0. 0. 0. 0. 0. 0. 0. 0. 0. 0. 0. 0. 0. 0. 0. 0.
 0. 0. 0. 0. 0. 0. 0. 0. 0. 0. 0. 0. 0. 0. 0. 0. 0. 0. 0. 0. 0. 0. 0. 0.
 0. 0. 0. 0. 0. 0. 0. 0. 0. 0. 0. 0. 0. 0. 0. 0. 0. 0. 0. 0. 0. 0. 0. 0.
 0. 0. 0. 0. 0. 0. 0. 0. 0. 0. 0. 0. 0. 0. 0. 0. 0. 0. 0. 0. 0. 0. 0. 0.
 0. 0. 0. 0. 0. 0. 0. 0.]
y_pred:  [1. 1. 1. 1. 1. 1. 1. 1. 1. 1. 1. 1. 1. 1. 1. 1. 1. 1. 0. 0. 0. 0. 0. 0.
 0. 0. 0. 0. 0. 0. 0. 0. 0. 0. 0. 0. 1. 1. 1. 1. 1. 1. 1. 1. 1. 1. 1. 1.
 1. 1. 1. 1. 1. 1. 0. 0. 0. 0. 0. 0. 0. 0. 0. 1. 1. 1. 1. 1. 1. 1. 1. 1.
 0. 0. 0. 0. 0. 0. 0. 0. 0. 1. 1. 1. 1. 1. 1. 1. 1. 1. 0. 0. 0. 0. 0. 0.
 0. 0. 0. 0. 0. 0. 0. 0. 0. 0. 0. 0. 0. 0. 0. 0. 0. 0. 0. 0. 0. 0. 0. 0.
 0. 0. 0. 0. 0. 0. 0. 0. 0. 0. 0. 0. 0. 0. 0. 0. 0. 0. 0. 0. 0. 0. 0. 0.
 0. 0. 0. 0. 0. 0. 0. 0. 0. 0. 0. 0. 0. 0. 0. 0. 0. 0. 0. 0. 0. 0. 0. 0.
 0. 0. 0. 0. 0. 0. 0. 0. 0. 0. 0. 0. 0. 0. 0. 0. 0. 0. 0. 0. 0. 0. 0. 0.
 0. 0. 0. 0. 0. 0. 0. 0.]
Normalized importance:  [0.56658596 0.11016949 0.07941889 0.29297821 0.2188862  0.48910412
 0.3220339  0.         0.56900726 0.6125908  0.42130751 0.15690073
 0.41162228 0.62469734 0.42130751 0.35108959 0.27602906 0.36561743
 0.27360775 0.2905569  0.1157385  0.05399516 0.28571429 0.08789346
 0.19564165 0.11912833 0.18184019 0.         0.12033898 0.0559322
 0.13268765 0.         0.         0.12106538 0.2566586  0.
 1.         0.63438257 0.10847458 0.66343826 0.54237288 0.5496368
 0.30750605 0.63680387 0.42857143 0.70460048 0.52058111 0.43583535
 0.08087167 0.47941889 0.5472155  0.34382567 0.65133172 0.38498789
 0.         0.02024213 0.16246973 0.13292978 0.06150121 0.01820823
 0.15157385 0.05012107 0.07239709 0.51331719 0.29782082 0.04891041
 0.23656174 0.30750605 0.44067797 0.         0.52300242 0.11283293
 0.3874092  0.25423729 0.14043584 0.1842615  0.28571429 0.01377724
 0.39467312 0.11355932 0.33656174 0.88377724 0.63680387 0.34140436
 0.39951574 0.35835351 0.59079903 0.38256659 0.33414044 0.51815981
 0.18595642 0.1598063  0.33656174 0.16707022 0.25423729 0.32687651
 0.11743341 0.09564165 0.0377724  0.         0.         0.21283293
 0.         0.07336562 0.         0.         0.         0.17433414
 0.15835351 0.         0.         0.         0.02012107 0.
 0.         0.         0.         0.         0.         0.
 0.         0.         0.20411622 0.         0.28571429 0.46489104
 0.20484262 0.         0.         0.22566586 0.33414044 0.
 0.         0.         0.         0.         0.         0.
 0.12445521 0.00174576 0.08983051 0.         0.06997579 0.
 0.         0.         0.1409201  0.         0.05641646 0.19104116
 0.26392252 0.0905569  0.21840194 0.29297821 0.21646489 0.
 0.         0.         0.         0.         0.         0.14794189
 0.         0.04164649 0.32445521 0.10799031 0.11331719 0.
 0.12082324 0.15641646 0.10411622 0.14188862 0.20290557 0.26392252
 0.07457627 0.         0.         0.         0.03075061 0.33171913
 0.46973366 0.38983051 0.11210654 0.14891041 0.         0.
 0.02176755 0.         0.         0.21404358 0.23825666 0.25423729
 0.         0.26634383 0.24697337 0.         0.05859564 0.
 0.         0.        ]
pyseer
y_true:  [1. 1. 1. 1. 1. 1. 1. 1. 1. 1. 1. 1. 1. 1. 1. 1. 1. 1. 0. 0. 0. 0. 0. 0.
 0. 0. 0. 0. 0. 0. 0. 0. 0. 0. 0. 0. 1. 1. 1. 1. 1. 1. 1. 1. 1. 1. 1. 1.
 1. 1. 1. 1. 1. 1. 0. 0. 0. 0. 0. 0. 0. 0. 0. 0. 0. 0. 0. 0. 0. 0. 0. 0.
 0. 0. 0. 0. 0. 0. 0. 0. 0. 1. 1. 1. 1. 1. 1. 1. 1. 1. 0. 0. 0. 0. 0. 0.
 0. 0. 0. 0. 0. 0. 0. 0. 0. 0. 0. 0. 0. 0. 0. 0. 0. 0. 0. 0. 0. 0. 0. 0.
 0. 0. 0. 0. 0. 0. 0. 0. 0. 0. 0. 0. 0. 0. 0. 0. 0. 0. 0. 0. 0. 0. 0. 0.
 0. 0. 0. 0. 0. 0. 0. 0. 0. 0. 0. 0. 0. 0. 0. 0. 0. 0. 0. 0. 0. 0. 0. 0.
 0. 0. 0. 0. 0. 0. 0. 0. 0. 0. 0. 0. 0. 0. 0. 0. 0. 0. 0. 0. 0. 0. 0. 0.
 0. 0. 0. 0. 0. 0. 0. 0.]
y_pred:  [1. 0. 0. 1. 0. 1. 1. 0. 1. 1. 1. 0. 1. 1. 1. 1. 1. 1. 1. 1. 0. 0. 1. 0.
 0. 0. 0. 0. 0. 0. 0. 0. 0. 0. 1. 0. 1. 1. 0. 1. 1. 1. 1. 1. 1. 1. 1. 1.
 0. 1. 1. 1. 1. 1. 0. 0. 0. 0. 0. 0. 0. 0. 0. 1. 1. 0. 1. 1. 1. 0. 1. 0.
 1. 1. 0. 0. 1. 0. 1. 0. 1. 1. 1. 1. 1. 1. 1. 1. 1. 1. 0. 0. 1. 0. 1. 1.
 0. 0. 0. 0. 0. 0. 0. 0. 0. 0. 0. 0. 0. 0. 0. 0. 0. 0. 0. 0. 0. 0. 0. 0.
 0. 0. 0. 0. 1. 1. 0. 0. 0. 0. 1. 0. 0. 0. 0. 0. 0. 0. 0. 0. 0. 0. 0. 0.
 0. 0. 0. 0. 0. 0. 1. 0. 0. 1. 0. 0. 0. 0. 0. 0. 0. 0. 0. 0. 1. 0. 0. 0.
 0. 0. 0. 0. 0. 1. 0. 0. 0. 0. 0. 1. 1. 1. 0. 0. 0. 0. 0. 0. 0. 0. 1. 1.
 0. 1. 1. 0. 0. 0. 0. 0.]
Time taken: 24.934598684310913 seconds
Running combination 27 of 50
Fitting RandomForest...
Fitting Adaboost...
Fitting AdaBoost_2...
Fitting et...
Fitting gbc...
Fitting gbc_2...
Fitting gbc_3...
Fitting dt...
Fitting lr...
Fitting Lasso_1...
Fitting Lasso_2...
Fitting Lasso_3...
Fitting Lasso_4...
Fitting elasticnet...
VCF file created successfully.
pyseer stderr:  Read 1000 phenotypes
Detected continuous phenotype
Reading all variants

0variants [00:00, ?variants/s]
54variants [00:00, 535.67variants/s]
108variants [00:00, 474.68variants/s]
164variants [00:00, 507.77variants/s]
198variants [00:00, 512.07variants/s]
Applying correlation filtering

  0%|          | 0/198 [00:00<?, ?variants/s]
100%|██████████| 198/198 [00:00<00:00, 2679.89variants/s]
Fitting elastic net to top 148 variants
Best penalty (lambda) from cross-validation: 1.65E+01
Best R^2 from cross-validation: 0.522
Finding and printing selected variants
198 loaded variants
50 pre-filtered variants
148 tested variants
129 printed variants

True importance standardized:  [0.37416699 0.37416699 0.37416699 0.37416699 0.37416699 0.37416699
 0.37416699 0.37416699 0.37416699 0.38031516 0.38031516 0.38031516
 0.38031516 0.38031516 0.38031516 0.38031516 0.38031516 0.38031516
 0.53880198 0.53880198 0.53880198 0.53880198 0.53880198 0.53880198
 0.53880198 0.53880198 0.53880198 1.         1.         1.
 1.         1.         1.         1.         1.         1.
 0.32515473 0.32515473 0.32515473 0.32515473 0.32515473 0.32515473
 0.32515473 0.32515473 0.32515473 0.79261627 0.79261627 0.79261627
 0.79261627 0.79261627 0.79261627 0.79261627 0.79261627 0.79261627
 0.20293213 0.20293213 0.20293213 0.20293213 0.20293213 0.20293213
 0.20293213 0.20293213 0.20293213 0.27087147 0.27087147 0.27087147
 0.27087147 0.27087147 0.27087147 0.27087147 0.27087147 0.27087147
 0.89101837 0.89101837 0.89101837 0.89101837 0.89101837 0.89101837
 0.89101837 0.89101837 0.89101837 0.48615321 0.48615321 0.48615321
 0.48615321 0.48615321 0.48615321 0.48615321 0.48615321 0.48615321
 0.         0.         0.         0.         0.         0.
 0.         0.         0.         0.         0.         0.
 0.         0.         0.         0.         0.         0.
 0.         0.         0.         0.         0.         0.
 0.         0.         0.         0.         0.         0.
 0.         0.         0.         0.         0.         0.
 0.         0.         0.         0.         0.         0.
 0.         0.         0.         0.         0.         0.
 0.         0.         0.         0.         0.         0.
 0.         0.         0.         0.         0.         0.
 0.         0.         0.         0.         0.         0.
 0.         0.         0.         0.         0.         0.
 0.         0.         0.         0.         0.         0.
 0.         0.         0.         0.         0.         0.
 0.         0.         0.         0.         0.         0.
 0.         0.         0.         0.         0.         0.
 0.         0.         0.         0.         0.         0.
 0.         0.         0.         0.         0.         0.
 0.         0.        ]
Normalized importance:  [0.15104947 0.15104947 0.15104947 0.15104947 0.15104947 0.15104947
 0.15104947 0.15104947 0.15104947 0.15170126 0.15170126 0.15170126
 0.15170126 0.15170126 0.15170126 0.15170126 0.15170126 0.15170126
 0.28647917 0.28647917 0.28647917 0.28647917 0.28647917 0.28647917
 0.28647917 0.28647917 0.28647917 1.         1.         1.
 1.         1.         1.         1.         1.         1.
 0.21894192 0.21894192 0.21894192 0.21894192 0.21894192 0.21894192
 0.21894192 0.21894192 0.21894192 0.76046763 0.76046763 0.76046763
 0.76046763 0.76046763 0.76046763 0.76046763 0.76046763 0.76046763
 0.         0.         0.         0.         0.02289251 0.
 0.         0.         0.         0.09673547 0.09673547 0.09673547
 0.09673547 0.09673547 0.09673547 0.09673547 0.         0.09673547
 0.86468673 0.86468673 0.86468673 0.86468673 0.86468673 0.86468673
 0.86468673 0.86468673 0.86468673 0.23120587 0.23120587 0.23120587
 0.23120587 0.23120587 0.23120587 0.23120587 0.23120587 0.23120587
 0.         0.         0.         0.         0.         0.
 0.         0.         0.         0.         0.01903495 0.
 0.         0.         0.         0.0274782  0.         0.
 0.         0.         0.         0.01878313 0.         0.
 0.         0.00800488 0.         0.         0.         0.
 0.         0.         0.         0.         0.         0.
 0.         0.         0.         0.         0.         0.078433
 0.         0.         0.         0.         0.         0.
 0.         0.         0.         0.         0.         0.
 0.         0.         0.         0.         0.00543991 0.
 0.         0.         0.         0.         0.05985268 0.
 0.01373873 0.01001527 0.         0.         0.         0.01135591
 0.01567282 0.         0.         0.         0.         0.
 0.         0.01024926 0.         0.         0.         0.
 0.         0.         0.         0.         0.         0.
 0.02535349 0.         0.         0.         0.         0.
 0.01105485 0.         0.         0.         0.         0.
 0.         0.         0.         0.01649671 0.         0.
 0.         0.        ]
deepbreaks
y_true:  [0. 0. 0. 0. 0. 0. 0. 0. 0. 0. 0. 0. 0. 0. 0. 0. 0. 0. 1. 1. 1. 1. 1. 1.
 1. 1. 1. 1. 1. 1. 1. 1. 1. 1. 1. 1. 0. 0. 0. 0. 0. 0. 0. 0. 0. 1. 1. 1.
 1. 1. 1. 1. 1. 1. 0. 0. 0. 0. 0. 0. 0. 0. 0. 0. 0. 0. 0. 0. 0. 0. 0. 0.
 1. 1. 1. 1. 1. 1. 1. 1. 1. 1. 1. 1. 1. 1. 1. 1. 1. 1. 0. 0. 0. 0. 0. 0.
 0. 0. 0. 0. 0. 0. 0. 0. 0. 0. 0. 0. 0. 0. 0. 0. 0. 0. 0. 0. 0. 0. 0. 0.
 0. 0. 0. 0. 0. 0. 0. 0. 0. 0. 0. 0. 0. 0. 0. 0. 0. 0. 0. 0. 0. 0. 0. 0.
 0. 0. 0. 0. 0. 0. 0. 0. 0. 0. 0. 0. 0. 0. 0. 0. 0. 0. 0. 0. 0. 0. 0. 0.
 0. 0. 0. 0. 0. 0. 0. 0. 0. 0. 0. 0. 0. 0. 0. 0. 0. 0. 0. 0. 0. 0. 0. 0.
 0. 0. 0. 0. 0. 0. 0. 0.]
y_pred:  [0. 0. 0. 0. 0. 0. 0. 0. 0. 0. 0. 0. 0. 0. 0. 0. 0. 0. 1. 1. 1. 1. 1. 1.
 1. 1. 1. 1. 1. 1. 1. 1. 1. 1. 1. 1. 1. 1. 1. 1. 1. 1. 1. 1. 1. 1. 1. 1.
 1. 1. 1. 1. 1. 1. 0. 0. 0. 0. 0. 0. 0. 0. 0. 0. 0. 0. 0. 0. 0. 0. 0. 0.
 1. 1. 1. 1. 1. 1. 1. 1. 1. 1. 1. 1. 1. 1. 1. 1. 1. 1. 0. 0. 0. 0. 0. 0.
 0. 0. 0. 0. 0. 0. 0. 0. 0. 0. 0. 0. 0. 0. 0. 0. 0. 0. 0. 0. 0. 0. 0. 0.
 0. 0. 0. 0. 0. 0. 0. 0. 0. 0. 0. 0. 0. 0. 0. 0. 0. 0. 0. 0. 0. 0. 0. 0.
 0. 0. 0. 0. 0. 0. 0. 0. 0. 0. 0. 0. 0. 0. 0. 0. 0. 0. 0. 0. 0. 0. 0. 0.
 0. 0. 0. 0. 0. 0. 0. 0. 0. 0. 0. 0. 0. 0. 0. 0. 0. 0. 0. 0. 0. 0. 0. 0.
 0. 0. 0. 0. 0. 0. 0. 0.]
Normalized importance:  [0.38544474 0.02614555 0.393531   0.35309973 0.02528302 0.16469003
 0.11347709 0.26037736 0.03719677 0.29110512 0.12533693 0.32075472
 0.49595687 0.33692722 0.39083558 0.19056604 0.06361186 0.
 0.59838275 0.11428571 0.30997305 0.14070081 0.37466307 0.29649596
 0.4097035  0.43126685 0.07169811 0.90026954 0.47439353 0.57951482
 0.50673854 0.51212938 0.42318059 0.66846361 0.40700809 0.66037736
 0.55795148 0.19892183 0.         0.16361186 0.2638814  0.20350404
 0.45822102 0.         0.21293801 0.69811321 0.50943396 0.8490566
 0.42587601 0.45283019 0.25283019 0.4097035  0.08679245 0.28301887
 0.01091644 0.29380054 0.15148248 0.15929919 0.09784367 0.14177898
 0.         0.         0.12318059 0.30458221 0.38544474 0.12291105
 0.         0.28032345 0.         0.17358491 0.20943396 0.33153639
 1.         0.53908356 0.44204852 0.3638814  0.         0.51752022
 0.49595687 0.37735849 0.52560647 0.35579515 0.         0.33692722
 0.31266846 0.         0.49865229 0.         0.28032345 0.27493261
 0.         0.00156604 0.28301887 0.         0.         0.
 0.1754717  0.         0.         0.         0.05283019 0.
 0.04959569 0.         0.         0.04932615 0.         0.
 0.02722372 0.         0.         0.14851752 0.         0.
 0.09811321 0.         0.         0.21374663 0.12614555 0.
 0.18382749 0.         0.20053908 0.         0.         0.
 0.11940701 0.14501348 0.         0.         0.         0.42857143
 0.04743935 0.14851752 0.         0.         0.         0.
 0.         0.         0.         0.         0.22803235 0.
 0.00211321 0.         0.06738544 0.26657682 0.003531   0.
 0.06253369 0.11725067 0.02436658 0.01425876 0.2722372  0.
 0.01336927 0.29380054 0.09218329 0.1541779  0.19649596 0.2115903
 0.02938005 0.         0.2884097  0.         0.         0.
 0.         0.02749326 0.         0.         0.0490566  0.
 0.         0.12371968 0.         0.2277628  0.26576819 0.2541779
 0.46361186 0.         0.         0.07762803 0.08544474 0.
 0.1425876  0.         0.         0.         0.         0.06172507
 0.         0.05363881 0.22237197 0.23153639 0.         0.
 0.         0.        ]
pyseer
y_true:  [0. 0. 0. 0. 0. 0. 0. 0. 0. 0. 0. 0. 0. 0. 0. 0. 0. 0. 1. 1. 1. 1. 1. 1.
 1. 1. 1. 1. 1. 1. 1. 1. 1. 1. 1. 1. 0. 0. 0. 0. 0. 0. 0. 0. 0. 1. 1. 1.
 1. 1. 1. 1. 1. 1. 0. 0. 0. 0. 0. 0. 0. 0. 0. 0. 0. 0. 0. 0. 0. 0. 0. 0.
 1. 1. 1. 1. 1. 1. 1. 1. 1. 1. 1. 1. 1. 1. 1. 1. 1. 1. 0. 0. 0. 0. 0. 0.
 0. 0. 0. 0. 0. 0. 0. 0. 0. 0. 0. 0. 0. 0. 0. 0. 0. 0. 0. 0. 0. 0. 0. 0.
 0. 0. 0. 0. 0. 0. 0. 0. 0. 0. 0. 0. 0. 0. 0. 0. 0. 0. 0. 0. 0. 0. 0. 0.
 0. 0. 0. 0. 0. 0. 0. 0. 0. 0. 0. 0. 0. 0. 0. 0. 0. 0. 0. 0. 0. 0. 0. 0.
 0. 0. 0. 0. 0. 0. 0. 0. 0. 0. 0. 0. 0. 0. 0. 0. 0. 0. 0. 0. 0. 0. 0. 0.
 0. 0. 0. 0. 0. 0. 0. 0.]
y_pred:  [1. 0. 1. 1. 0. 0. 0. 1. 0. 1. 0. 1. 1. 1. 1. 0. 0. 0. 1. 0. 1. 0. 1. 1.
 1. 1. 0. 1. 1. 1. 1. 1. 1. 1. 1. 1. 1. 0. 0. 0. 1. 0. 1. 0. 0. 1. 1. 1.
 1. 1. 1. 1. 0. 1. 0. 1. 0. 0. 0. 0. 0. 0. 0. 1. 1. 0. 0. 1. 0. 0. 0. 1.
 1. 1. 1. 1. 0. 1. 1. 1. 1. 1. 0. 1. 1. 0. 1. 0. 1. 1. 0. 0. 1. 0. 0. 0.
 0. 0. 0. 0. 0. 0. 0. 0. 0. 0. 0. 0. 0. 0. 0. 0. 0. 0. 0. 0. 0. 0. 0. 0.
 0. 0. 0. 0. 0. 0. 0. 0. 0. 0. 0. 1. 0. 0. 0. 0. 0. 0. 0. 0. 0. 0. 1. 0.
 0. 0. 0. 1. 0. 0. 0. 0. 0. 0. 1. 0. 0. 1. 0. 0. 0. 0. 0. 0. 1. 0. 0. 0.
 0. 0. 0. 0. 0. 0. 0. 0. 0. 0. 1. 1. 1. 0. 0. 0. 0. 0. 0. 0. 0. 0. 0. 0.
 0. 0. 0. 1. 0. 0. 0. 0.]
Time taken: 24.244805097579956 seconds
Running combination 28 of 50
Fitting RandomForest...
Fitting Adaboost...
Fitting AdaBoost_2...
Fitting et...
Fitting gbc...
Fitting gbc_2...
Fitting gbc_3...
Fitting dt...
Fitting lr...
Fitting Lasso_1...
Fitting Lasso_2...
Fitting Lasso_3...
Fitting Lasso_4...
Fitting elasticnet...
VCF file created successfully.
pyseer stderr:  Read 1000 phenotypes
Detected continuous phenotype
Reading all variants

0variants [00:00, ?variants/s]
54variants [00:00, 537.53variants/s]
108variants [00:00, 474.55variants/s]
164variants [00:00, 509.65variants/s]
198variants [00:00, 514.08variants/s]
Applying correlation filtering

  0%|          | 0/198 [00:00<?, ?variants/s]
100%|██████████| 198/198 [00:00<00:00, 2695.50variants/s]
Fitting elastic net to top 148 variants
Best penalty (lambda) from cross-validation: 1.80E+01
Best R^2 from cross-validation: 0.545
Finding and printing selected variants
198 loaded variants
50 pre-filtered variants
148 tested variants
138 printed variants

True importance standardized:  [1.         1.         1.         1.         1.         1.
 1.         1.         1.         0.87244394 0.87244394 0.87244394
 0.87244394 0.87244394 0.87244394 0.87244394 0.87244394 0.87244394
 0.34916773 0.34916773 0.34916773 0.34916773 0.34916773 0.34916773
 0.34916773 0.34916773 0.34916773 0.56369192 0.56369192 0.56369192
 0.56369192 0.56369192 0.56369192 0.56369192 0.56369192 0.56369192
 0.18227333 0.18227333 0.18227333 0.18227333 0.18227333 0.18227333
 0.18227333 0.18227333 0.18227333 0.64089575 0.64089575 0.64089575
 0.64089575 0.64089575 0.64089575 0.64089575 0.64089575 0.64089575
 0.22562771 0.22562771 0.22562771 0.22562771 0.22562771 0.22562771
 0.22562771 0.22562771 0.22562771 0.28371601 0.28371601 0.28371601
 0.28371601 0.28371601 0.28371601 0.28371601 0.28371601 0.28371601
 0.33427897 0.33427897 0.33427897 0.33427897 0.33427897 0.33427897
 0.33427897 0.33427897 0.33427897 0.88959707 0.88959707 0.88959707
 0.88959707 0.88959707 0.88959707 0.88959707 0.88959707 0.88959707
 0.         0.         0.         0.         0.         0.
 0.         0.         0.         0.         0.         0.
 0.         0.         0.         0.         0.         0.
 0.         0.         0.         0.         0.         0.
 0.         0.         0.         0.         0.         0.
 0.         0.         0.         0.         0.         0.
 0.         0.         0.         0.         0.         0.
 0.         0.         0.         0.         0.         0.
 0.         0.         0.         0.         0.         0.
 0.         0.         0.         0.         0.         0.
 0.         0.         0.         0.         0.         0.
 0.         0.         0.         0.         0.         0.
 0.         0.         0.         0.         0.         0.
 0.         0.         0.         0.         0.         0.
 0.         0.         0.         0.         0.         0.
 0.         0.         0.         0.         0.         0.
 0.         0.         0.         0.         0.         0.
 0.         0.         0.         0.         0.         0.
 0.         0.        ]
Normalized importance:  [1.         1.         1.         1.         1.         1.
 1.         1.         1.         0.86504129 0.86504129 0.86504129
 0.86504129 0.86504129 0.86504129 0.86504129 0.86504129 0.86504129
 0.13442785 0.13442785 0.13442785 0.13442785 0.13442785 0.13442785
 0.13442785 0.13442785 0.13442785 0.63625915 0.63625915 0.63625915
 0.63625915 0.63625915 0.63625915 0.63625915 0.63625915 0.63625915
 0.016613   0.         0.016613   0.         0.         0.016613
 0.         0.016613   0.016613   0.30232428 0.30232428 0.30232428
 0.30232428 0.30232428 0.30232428 0.30232428 0.30232428 0.30232428
 0.02334879 0.         0.02334879 0.         0.02334879 0.
 0.02334879 0.02334879 0.02334879 0.0681806  0.0681806  0.0681806
 0.0681806  0.0681806  0.0681806  0.0681806  0.0681806  0.0681806
 0.10174235 0.10174235 0.10174235 0.10174235 0.10174235 0.10174235
 0.10174235 0.10174235 0.10174235 0.90528685 0.90528685 0.90528685
 0.90528685 0.90528685 0.90528685 0.90528685 0.90528685 0.90528685
 0.00862362 0.         0.         0.         0.         0.
 0.         0.         0.02342601 0.         0.         0.
 0.         0.         0.         0.         0.         0.
 0.         0.         0.         0.         0.         0.
 0.         0.         0.         0.         0.         0.
 0.         0.01963922 0.         0.         0.         0.
 0.         0.         0.         0.         0.01301007 0.
 0.04186322 0.         0.         0.00280371 0.         0.
 0.         0.         0.02576636 0.         0.         0.
 0.         0.01071305 0.         0.         0.         0.
 0.         0.05590909 0.         0.         0.         0.
 0.01718328 0.         0.         0.         0.         0.001158
 0.         0.         0.         0.         0.         0.
 0.         0.         0.         0.         0.01278078 0.
 0.         0.         0.         0.         0.         0.
 0.02127639 0.         0.         0.         0.         0.
 0.         0.         0.         0.         0.         0.
 0.03858209 0.         0.         0.         0.         0.
 0.         0.        ]
deepbreaks
y_true:  [1. 1. 1. 1. 1. 1. 1. 1. 1. 1. 1. 1. 1. 1. 1. 1. 1. 1. 0. 0. 0. 0. 0. 0.
 0. 0. 0. 1. 1. 1. 1. 1. 1. 1. 1. 1. 0. 0. 0. 0. 0. 0. 0. 0. 0. 1. 1. 1.
 1. 1. 1. 1. 1. 1. 0. 0. 0. 0. 0. 0. 0. 0. 0. 0. 0. 0. 0. 0. 0. 0. 0. 0.
 0. 0. 0. 0. 0. 0. 0. 0. 0. 1. 1. 1. 1. 1. 1. 1. 1. 1. 0. 0. 0. 0. 0. 0.
 0. 0. 0. 0. 0. 0. 0. 0. 0. 0. 0. 0. 0. 0. 0. 0. 0. 0. 0. 0. 0. 0. 0. 0.
 0. 0. 0. 0. 0. 0. 0. 0. 0. 0. 0. 0. 0. 0. 0. 0. 0. 0. 0. 0. 0. 0. 0. 0.
 0. 0. 0. 0. 0. 0. 0. 0. 0. 0. 0. 0. 0. 0. 0. 0. 0. 0. 0. 0. 0. 0. 0. 0.
 0. 0. 0. 0. 0. 0. 0. 0. 0. 0. 0. 0. 0. 0. 0. 0. 0. 0. 0. 0. 0. 0. 0. 0.
 0. 0. 0. 0. 0. 0. 0. 0.]
y_pred:  [1. 1. 1. 1. 1. 1. 1. 1. 1. 1. 1. 1. 1. 1. 1. 1. 1. 1. 1. 1. 1. 1. 1. 1.
 1. 1. 1. 1. 1. 1. 1. 1. 1. 1. 1. 1. 0. 0. 0. 0. 0. 0. 0. 0. 0. 1. 1. 1.
 1. 1. 1. 1. 1. 1. 0. 0. 0. 0. 0. 0. 0. 0. 0. 0. 0. 0. 0. 0. 0. 0. 0. 0.
 0. 0. 0. 0. 0. 0. 0. 0. 0. 1. 1. 1. 1. 1. 1. 1. 1. 1. 0. 0. 0. 0. 0. 0.
 0. 0. 0. 0. 0. 0. 0. 0. 0. 0. 0. 0. 0. 0. 0. 0. 0. 0. 0. 0. 0. 0. 0. 0.
 0. 0. 0. 0. 0. 0. 0. 0. 0. 0. 0. 0. 0. 0. 0. 0. 0. 0. 0. 0. 0. 0. 0. 0.
 0. 0. 0. 0. 0. 0. 0. 0. 0. 0. 0. 0. 0. 0. 0. 0. 0. 0. 0. 0. 0. 0. 0. 0.
 0. 0. 0. 0. 0. 0. 0. 0. 0. 0. 0. 0. 0. 0. 0. 0. 0. 0. 0. 0. 0. 0. 0. 0.
 0. 0. 0. 0. 0. 0. 0. 0.]
Normalized importance:  [0.9566474  0.60693642 0.90462428 0.55202312 0.43352601 0.9566474
 0.74277457 0.39595376 0.74277457 0.95086705 0.66763006 0.35260116
 0.50867052 0.65317919 0.43352601 0.74277457 0.37572254 0.59537572
 0.47687861 0.02297688 0.49710983 0.10260116 0.4132948  0.02543353
 0.33236994 0.14710983 0.1933526  0.8265896  0.         0.40751445
 0.53179191 0.47976879 0.29190751 0.56358382 0.30635838 0.46531792
 0.20693642 0.         0.08554913 0.         0.07023121 0.
 0.         0.10462428 0.15028902 0.54913295 0.11127168 0.30924855
 0.12601156 0.5982659  0.74855491 0.46820809 0.43930636 0.47976879
 0.24364162 0.         0.38439306 0.18815029 0.17716763 0.10780347
 0.0783237  0.14710983 0.         0.43063584 0.29190751 0.11213873
 0.32080925 0.26011561 0.24653179 0.21416185 0.17109827 0.2234104
 0.25375723 0.3699422  0.72254335 0.14595376 0.02734104 0.32369942
 0.58381503 0.33815029 0.26560694 1.         0.20375723 0.7716763
 0.40462428 0.32947977 0.78612717 0.7716763  0.69653179 0.36127168
 0.36416185 0.         0.         0.         0.04046243 0.
 0.0199422  0.         0.21763006 0.11040462 0.31791908 0.20144509
 0.02890173 0.         0.22398844 0.         0.         0.
 0.22947977 0.13063584 0.         0.02690751 0.         0.
 0.27630058 0.         0.         0.         0.         0.26184971
 0.0416185  0.37861272 0.         0.         0.         0.
 0.24942197 0.         0.         0.00158671 0.42196532 0.13410405
 0.35549133 0.02109827 0.22398844 0.13179191 0.         0.00901734
 0.37572254 0.03236994 0.33526012 0.         0.         0.
 0.         0.2632948  0.08034682 0.48265896 0.01034682 0.01482659
 0.         0.18092486 0.0482659  0.17456647 0.         0.
 0.21820809 0.         0.         0.         0.         0.
 0.         0.01552023 0.         0.         0.         0.
 0.         0.         0.02179191 0.08757225 0.08526012 0.04075145
 0.22109827 0.02092486 0.15028902 0.         0.         0.16213873
 0.27947977 0.02190751 0.05028902 0.         0.23699422 0.
 0.         0.32080925 0.         0.         0.09913295 0.
 0.34393064 0.         0.11936416 0.0165896  0.         0.
 0.         0.        ]
pyseer
y_true:  [1. 1. 1. 1. 1. 1. 1. 1. 1. 1. 1. 1. 1. 1. 1. 1. 1. 1. 0. 0. 0. 0. 0. 0.
 0. 0. 0. 1. 1. 1. 1. 1. 1. 1. 1. 1. 0. 0. 0. 0. 0. 0. 0. 0. 0. 1. 1. 1.
 1. 1. 1. 1. 1. 1. 0. 0. 0. 0. 0. 0. 0. 0. 0. 0. 0. 0. 0. 0. 0. 0. 0. 0.
 0. 0. 0. 0. 0. 0. 0. 0. 0. 1. 1. 1. 1. 1. 1. 1. 1. 1. 0. 0. 0. 0. 0. 0.
 0. 0. 0. 0. 0. 0. 0. 0. 0. 0. 0. 0. 0. 0. 0. 0. 0. 0. 0. 0. 0. 0. 0. 0.
 0. 0. 0. 0. 0. 0. 0. 0. 0. 0. 0. 0. 0. 0. 0. 0. 0. 0. 0. 0. 0. 0. 0. 0.
 0. 0. 0. 0. 0. 0. 0. 0. 0. 0. 0. 0. 0. 0. 0. 0. 0. 0. 0. 0. 0. 0. 0. 0.
 0. 0. 0. 0. 0. 0. 0. 0. 0. 0. 0. 0. 0. 0. 0. 0. 0. 0. 0. 0. 0. 0. 0. 0.
 0. 0. 0. 0. 0. 0. 0. 0.]
y_pred:  [1. 1. 1. 1. 1. 1. 1. 1. 1. 1. 1. 1. 1. 1. 1. 1. 1. 1. 1. 0. 1. 0. 1. 0.
 1. 0. 0. 1. 0. 1. 1. 1. 1. 1. 1. 1. 0. 0. 0. 0. 0. 0. 0. 0. 0. 1. 0. 1.
 0. 1. 1. 1. 1. 1. 0. 0. 1. 0. 0. 0. 0. 0. 0. 1. 1. 0. 1. 0. 0. 0. 0. 0.
 0. 1. 1. 0. 0. 1. 1. 1. 1. 1. 0. 1. 1. 1. 1. 1. 1. 1. 1. 0. 0. 0. 0. 0.
 0. 0. 0. 0. 1. 0. 0. 0. 0. 0. 0. 0. 0. 0. 0. 0. 0. 0. 1. 0. 0. 0. 0. 1.
 0. 1. 0. 0. 0. 0. 0. 0. 0. 0. 1. 0. 1. 0. 0. 0. 0. 0. 1. 0. 1. 0. 0. 0.
 0. 1. 0. 1. 0. 0. 0. 0. 0. 0. 0. 0. 0. 0. 0. 0. 0. 0. 0. 0. 0. 0. 0. 0.
 0. 0. 0. 0. 0. 0. 0. 0. 0. 0. 0. 0. 1. 0. 0. 0. 0. 0. 0. 1. 0. 0. 0. 0.
 1. 0. 0. 0. 0. 0. 0. 0.]
Time taken: 23.841575145721436 seconds
Running combination 29 of 50
Fitting RandomForest...
Fitting Adaboost...
Fitting AdaBoost_2...
Fitting et...
Fitting gbc...
Fitting gbc_2...
Fitting gbc_3...
Fitting dt...
Fitting lr...
Fitting Lasso_1...
Fitting Lasso_2...
Fitting Lasso_3...
Fitting Lasso_4...
Fitting elasticnet...
VCF file created successfully.
pyseer stderr:  Read 1000 phenotypes
Detected continuous phenotype
Reading all variants

0variants [00:00, ?variants/s]
54variants [00:00, 532.28variants/s]
108variants [00:00, 472.67variants/s]
163variants [00:00, 504.72variants/s]
198variants [00:00, 509.33variants/s]
Applying correlation filtering

  0%|          | 0/198 [00:00<?, ?variants/s]
100%|██████████| 198/198 [00:00<00:00, 2652.83variants/s]
Fitting elastic net to top 148 variants
Best penalty (lambda) from cross-validation: 5.34E+01
Best R^2 from cross-validation: 0.316
Finding and printing selected variants
198 loaded variants
50 pre-filtered variants
148 tested variants
139 printed variants

True importance standardized:  [1.         1.         1.         1.         1.         1.
 1.         1.         1.         0.83987144 0.83987144 0.83987144
 0.83987144 0.83987144 0.83987144 0.83987144 0.83987144 0.83987144
 0.27415974 0.27415974 0.27415974 0.27415974 0.27415974 0.27415974
 0.27415974 0.27415974 0.27415974 0.70415236 0.70415236 0.70415236
 0.70415236 0.70415236 0.70415236 0.70415236 0.70415236 0.70415236
 0.55088007 0.55088007 0.55088007 0.55088007 0.55088007 0.55088007
 0.55088007 0.55088007 0.55088007 0.46181426 0.46181426 0.46181426
 0.46181426 0.46181426 0.46181426 0.46181426 0.46181426 0.46181426
 0.53183432 0.53183432 0.53183432 0.53183432 0.53183432 0.53183432
 0.53183432 0.53183432 0.53183432 0.59259789 0.59259789 0.59259789
 0.59259789 0.59259789 0.59259789 0.59259789 0.59259789 0.59259789
 0.99879891 0.99879891 0.99879891 0.99879891 0.99879891 0.99879891
 0.99879891 0.99879891 0.99879891 0.72917061 0.72917061 0.72917061
 0.72917061 0.72917061 0.72917061 0.72917061 0.72917061 0.72917061
 0.         0.         0.         0.         0.         0.
 0.         0.         0.         0.         0.         0.
 0.         0.         0.         0.         0.         0.
 0.         0.         0.         0.         0.         0.
 0.         0.         0.         0.         0.         0.
 0.         0.         0.         0.         0.         0.
 0.         0.         0.         0.         0.         0.
 0.         0.         0.         0.         0.         0.
 0.         0.         0.         0.         0.         0.
 0.         0.         0.         0.         0.         0.
 0.         0.         0.         0.         0.         0.
 0.         0.         0.         0.         0.         0.
 0.         0.         0.         0.         0.         0.
 0.         0.         0.         0.         0.         0.
 0.         0.         0.         0.         0.         0.
 0.         0.         0.         0.         0.         0.
 0.         0.         0.         0.         0.         0.
 0.         0.         0.         0.         0.         0.
 0.         0.        ]
Normalized importance:  [1.         1.         1.         1.         1.         1.
 1.         1.         1.         0.87681712 0.87681712 0.87681712
 0.87681712 0.87681712 0.87681712 0.87681712 0.87681712 0.87681712
 0.06940165 0.06940165 0.06940165 0.06940165 0.         0.06940165
 0.         0.06940165 0.06940165 0.63748989 0.63748989 0.63748989
 0.63748989 0.63748989 0.63748989 0.63748989 0.63748989 0.63748989
 0.6307226  0.6307226  0.6307226  0.6307226  0.6307226  0.6307226
 0.6307226  0.6307226  0.6307226  0.44717778 0.44717778 0.44717778
 0.44717778 0.44717778 0.44717778 0.44717778 0.44717778 0.44717778
 0.30987276 0.30987276 0.30987276 0.30987276 0.30987276 0.30987276
 0.30987276 0.30987276 0.30987276 0.97876171 0.97876171 0.97876171
 0.97876171 0.97876171 0.97876171 0.97876171 0.97876171 0.97876171
 0.83320471 0.83320471 0.83320471 0.83320471 0.83320471 0.83320471
 0.83320471 0.83320471 0.83320471 0.63494167 0.63494167 0.63494167
 0.63494167 0.63494167 0.63494167 0.63494167 0.63494167 0.63494167
 0.         0.         0.         0.         0.         0.
 0.         0.         0.         0.         0.         0.02813824
 0.         0.         0.         0.         0.         0.
 0.         0.         0.         0.         0.         0.
 0.         0.06032785 0.04287391 0.         0.         0.
 0.         0.         0.         0.         0.         0.
 0.         0.         0.         0.         0.         0.
 0.         0.02500566 0.         0.         0.         0.01667886
 0.04683624 0.         0.         0.         0.         0.
 0.02151358 0.         0.         0.         0.         0.
 0.         0.         0.         0.         0.06449564 0.
 0.04483405 0.         0.04085314 0.         0.         0.
 0.         0.         0.         0.02993518 0.         0.
 0.         0.         0.         0.         0.02746297 0.
 0.         0.         0.         0.         0.         0.05319815
 0.         0.         0.         0.         0.         0.
 0.         0.         0.         0.         0.         0.
 0.         0.         0.         0.         0.         0.05436023
 0.         0.        ]
deepbreaks
y_true:  [1. 1. 1. 1. 1. 1. 1. 1. 1. 1. 1. 1. 1. 1. 1. 1. 1. 1. 0. 0. 0. 0. 0. 0.
 0. 0. 0. 1. 1. 1. 1. 1. 1. 1. 1. 1. 0. 0. 0. 0. 0. 0. 0. 0. 0. 0. 0. 0.
 0. 0. 0. 0. 0. 0. 0. 0. 0. 0. 0. 0. 0. 0. 0. 0. 0. 0. 0. 0. 0. 0. 0. 0.
 1. 1. 1. 1. 1. 1. 1. 1. 1. 1. 1. 1. 1. 1. 1. 1. 1. 1. 0. 0. 0. 0. 0. 0.
 0. 0. 0. 0. 0. 0. 0. 0. 0. 0. 0. 0. 0. 0. 0. 0. 0. 0. 0. 0. 0. 0. 0. 0.
 0. 0. 0. 0. 0. 0. 0. 0. 0. 0. 0. 0. 0. 0. 0. 0. 0. 0. 0. 0. 0. 0. 0. 0.
 0. 0. 0. 0. 0. 0. 0. 0. 0. 0. 0. 0. 0. 0. 0. 0. 0. 0. 0. 0. 0. 0. 0. 0.
 0. 0. 0. 0. 0. 0. 0. 0. 0. 0. 0. 0. 0. 0. 0. 0. 0. 0. 0. 0. 0. 0. 0. 0.
 0. 0. 0. 0. 0. 0. 0. 0.]
y_pred:  [1. 1. 1. 1. 1. 1. 1. 1. 1. 1. 1. 1. 1. 1. 1. 1. 1. 1. 0. 0. 0. 0. 0. 0.
 0. 0. 0. 1. 1. 1. 1. 1. 1. 1. 1. 1. 0. 0. 0. 0. 0. 0. 0. 0. 0. 0. 0. 0.
 0. 0. 0. 0. 0. 0. 0. 0. 0. 0. 0. 0. 0. 0. 0. 1. 1. 1. 1. 1. 1. 1. 1. 1.
 1. 1. 1. 1. 1. 1. 1. 1. 1. 1. 1. 1. 1. 1. 1. 1. 1. 1. 0. 0. 0. 0. 0. 0.
 0. 0. 0. 0. 0. 0. 0. 0. 0. 0. 0. 0. 0. 0. 0. 0. 0. 0. 0. 0. 0. 0. 0. 0.
 0. 0. 0. 0. 0. 0. 0. 0. 0. 0. 0. 0. 0. 0. 0. 0. 0. 0. 0. 0. 0. 0. 0. 0.
 0. 0. 0. 0. 0. 0. 0. 0. 0. 0. 0. 0. 0. 0. 0. 0. 0. 0. 0. 0. 0. 0. 0. 0.
 0. 0. 0. 0. 0. 0. 0. 0. 0. 0. 0. 0. 0. 0. 0. 0. 0. 0. 0. 0. 0. 0. 0. 0.
 0. 0. 0. 0. 0. 0. 0. 0.]
Normalized importance:  [0.9961165  0.61747573 0.52427184 0.53980583 0.         0.27961165
 0.66796117 0.56116505 0.60582524 0.76504854 0.59029126 0.46213592
 0.42330097 0.36699029 0.50485437 0.62718447 0.49708738 0.49514563
 0.         0.1384466  0.65242718 0.66990291 0.1961165  0.
 0.09592233 0.50679612 0.15106796 0.78834951 0.52038835 0.02058252
 0.49126214 0.66990291 0.10912621 0.0992233  0.76504854 0.27961165
 0.59417476 0.17805825 0.52621359 0.50679612 0.14213592 0.47378641
 0.61747573 0.32815534 0.45436893 0.55339806 0.57281553 0.
 0.14038835 0.26601942 0.44271845 0.37669903 0.40970874 0.44466019
 0.70291262 0.47572816 0.04504854 0.31456311 0.40194175 0.21553398
 0.11067961 0.2407767  0.28349515 0.74951456 0.55145631 0.50873786
 0.46213592 0.68543689 0.58252427 0.34174757 0.37669903 0.23106796
 1.         0.77087379 0.71262136 0.46796117 0.60194175 0.
 0.3631068  0.         0.68932039 0.66601942 0.3631068  0.65825243
 0.         0.79417476 0.52038835 0.30679612 0.52038835 0.32038835
 0.         0.         0.         0.34563107 0.30097087 0.
 0.         0.18368932 0.         0.09941748 0.08718447 0.27184466
 0.00840777 0.         0.00487379 0.34757282 0.15533981 0.
 0.         0.         0.23300971 0.         0.         0.
 0.         0.28543689 0.18349515 0.05106796 0.         0.
 0.         0.22718447 0.         0.         0.3961165  0.46601942
 0.17728155 0.33980583 0.         0.         0.03184466 0.
 0.         0.33786408 0.         0.         0.         0.29126214
 0.43106796 0.         0.         0.18893204 0.46407767 0.
 0.20776699 0.1776699  0.         0.49126214 0.         0.27378641
 0.22135922 0.         0.25825243 0.         0.20776699 0.
 0.28737864 0.11398058 0.11825243 0.12504854 0.         0.33203883
 0.43495146 0.         0.         0.29902913 0.         0.38252427
 0.         0.47572816 0.2776699  0.         0.26019417 0.
 0.         0.07009709 0.25048544 0.5223301  0.         0.42912621
 0.         0.47184466 0.         0.         0.47378641 0.
 0.         0.2407767  0.35533981 0.16524272 0.         0.
 0.         0.         0.10504854 0.2776699  0.25631068 0.11961165
 0.         0.        ]
pyseer
y_true:  [1. 1. 1. 1. 1. 1. 1. 1. 1. 1. 1. 1. 1. 1. 1. 1. 1. 1. 0. 0. 0. 0. 0. 0.
 0. 0. 0. 1. 1. 1. 1. 1. 1. 1. 1. 1. 0. 0. 0. 0. 0. 0. 0. 0. 0. 0. 0. 0.
 0. 0. 0. 0. 0. 0. 0. 0. 0. 0. 0. 0. 0. 0. 0. 0. 0. 0. 0. 0. 0. 0. 0. 0.
 1. 1. 1. 1. 1. 1. 1. 1. 1. 1. 1. 1. 1. 1. 1. 1. 1. 1. 0. 0. 0. 0. 0. 0.
 0. 0. 0. 0. 0. 0. 0. 0. 0. 0. 0. 0. 0. 0. 0. 0. 0. 0. 0. 0. 0. 0. 0. 0.
 0. 0. 0. 0. 0. 0. 0. 0. 0. 0. 0. 0. 0. 0. 0. 0. 0. 0. 0. 0. 0. 0. 0. 0.
 0. 0. 0. 0. 0. 0. 0. 0. 0. 0. 0. 0. 0. 0. 0. 0. 0. 0. 0. 0. 0. 0. 0. 0.
 0. 0. 0. 0. 0. 0. 0. 0. 0. 0. 0. 0. 0. 0. 0. 0. 0. 0. 0. 0. 0. 0. 0. 0.
 0. 0. 0. 0. 0. 0. 0. 0.]
y_pred:  [1. 1. 1. 1. 0. 0. 1. 1. 1. 1. 1. 1. 1. 1. 1. 1. 1. 1. 0. 0. 1. 1. 0. 0.
 0. 1. 0. 1. 1. 0. 1. 1. 0. 0. 1. 0. 1. 0. 1. 1. 0. 1. 1. 0. 1. 1. 1. 0.
 0. 0. 1. 1. 1. 1. 1. 1. 0. 0. 1. 0. 0. 0. 0. 1. 1. 1. 1. 1. 1. 0. 1. 0.
 1. 1. 1. 1. 1. 0. 1. 0. 1. 1. 1. 1. 0. 1. 1. 0. 1. 0. 0. 0. 0. 0. 0. 0.
 0. 0. 0. 0. 0. 0. 0. 0. 0. 0. 0. 0. 0. 0. 0. 0. 0. 0. 0. 0. 0. 0. 0. 0.
 0. 0. 0. 0. 1. 1. 0. 0. 0. 0. 0. 0. 0. 0. 0. 0. 0. 0. 1. 0. 0. 0. 1. 0.
 0. 0. 0. 1. 0. 0. 0. 0. 0. 0. 0. 0. 0. 0. 0. 0. 0. 0. 1. 0. 0. 0. 0. 1.
 0. 1. 0. 0. 0. 0. 0. 0. 0. 1. 0. 1. 0. 1. 0. 0. 1. 0. 0. 0. 0. 0. 0. 0.
 0. 0. 0. 0. 0. 0. 0. 0.]
Time taken: 23.845807790756226 seconds
Running combination 30 of 50
Fitting RandomForest...
Fitting Adaboost...
Fitting AdaBoost_2...
Fitting et...
Fitting gbc...
Fitting gbc_2...
Fitting gbc_3...
Fitting dt...
Fitting lr...
Fitting Lasso_1...
Fitting Lasso_2...
Fitting Lasso_3...
Fitting Lasso_4...
Fitting elasticnet...
VCF file created successfully.
pyseer stderr:  Read 1000 phenotypes
Detected continuous phenotype
Reading all variants

0variants [00:00, ?variants/s]
54variants [00:00, 533.31variants/s]
108variants [00:00, 473.68variants/s]
164variants [00:00, 508.48variants/s]
198variants [00:00, 512.76variants/s]
Applying correlation filtering

  0%|          | 0/198 [00:00<?, ?variants/s]
100%|██████████| 198/198 [00:00<00:00, 2702.55variants/s]
Fitting elastic net to top 148 variants
Best penalty (lambda) from cross-validation: 1.46E+01
Best R^2 from cross-validation: 0.537
Finding and printing selected variants
198 loaded variants
50 pre-filtered variants
148 tested variants
141 printed variants

True importance standardized:  [0.17206092 0.17206092 0.17206092 0.17206092 0.17206092 0.17206092
 0.17206092 0.17206092 0.17206092 0.62012615 0.62012615 0.62012615
 0.62012615 0.62012615 0.62012615 0.62012615 0.62012615 0.62012615
 0.67896958 0.67896958 0.67896958 0.67896958 0.67896958 0.67896958
 0.67896958 0.67896958 0.67896958 0.36747953 0.36747953 0.36747953
 0.36747953 0.36747953 0.36747953 0.36747953 0.36747953 0.36747953
 0.35943423 0.35943423 0.35943423 0.35943423 0.35943423 0.35943423
 0.35943423 0.35943423 0.35943423 0.85891683 0.85891683 0.85891683
 0.85891683 0.85891683 0.85891683 0.85891683 0.85891683 0.85891683
 0.29990614 0.29990614 0.29990614 0.29990614 0.29990614 0.29990614
 0.29990614 0.29990614 0.29990614 0.57852544 0.57852544 0.57852544
 0.57852544 0.57852544 0.57852544 0.57852544 0.57852544 0.57852544
 0.22100659 0.22100659 0.22100659 0.22100659 0.22100659 0.22100659
 0.22100659 0.22100659 0.22100659 1.         1.         1.
 1.         1.         1.         1.         1.         1.
 0.         0.         0.         0.         0.         0.
 0.         0.         0.         0.         0.         0.
 0.         0.         0.         0.         0.         0.
 0.         0.         0.         0.         0.         0.
 0.         0.         0.         0.         0.         0.
 0.         0.         0.         0.         0.         0.
 0.         0.         0.         0.         0.         0.
 0.         0.         0.         0.         0.         0.
 0.         0.         0.         0.         0.         0.
 0.         0.         0.         0.         0.         0.
 0.         0.         0.         0.         0.         0.
 0.         0.         0.         0.         0.         0.
 0.         0.         0.         0.         0.         0.
 0.         0.         0.         0.         0.         0.
 0.         0.         0.         0.         0.         0.
 0.         0.         0.         0.         0.         0.
 0.         0.         0.         0.         0.         0.
 0.         0.         0.         0.         0.         0.
 0.         0.        ]
Normalized importance:  [0.         0.         0.         0.         0.         0.
 0.         0.         0.         0.31677278 0.31677278 0.31677278
 0.31677278 0.31677278 0.31677278 0.31677278 0.31677278 0.31677278
 0.38572844 0.38572844 0.38572844 0.38572844 0.38572844 0.38572844
 0.38572844 0.38572844 0.38572844 0.16022048 0.16022048 0.16022048
 0.16022048 0.16022048 0.16022048 0.16022048 0.16022048 0.16022048
 0.05003039 0.05003039 0.05003039 0.         0.         0.
 0.         0.         0.05003039 0.93061104 0.93061104 0.93061104
 0.93061104 0.93061104 0.93061104 0.93061104 0.93061104 0.93061104
 0.0994776  0.0994776  0.0994776  0.0994776  0.0994776  0.0994776
 0.0994776  0.         0.0994776  0.68855092 0.68855092 0.68855092
 0.68855092 0.68855092 0.68855092 0.68855092 0.68855092 0.68855092
 0.08321162 0.08321162 0.08321162 0.08321162 0.08321162 0.08321162
 0.08321162 0.08321162 0.08321162 1.         1.         1.
 1.         1.         1.         1.         1.         1.
 0.         0.         0.         0.         0.         0.
 0.         0.         0.         0.         0.         0.
 0.         0.         0.         0.         0.         0.
 0.         0.         0.         0.01309236 0.         0.
 0.         0.         0.         0.         0.         0.
 0.         0.         0.         0.         0.         0.
 0.         0.03199512 0.         0.         0.         0.
 0.         0.         0.         0.         0.03119719 0.
 0.         0.         0.         0.         0.02673616 0.
 0.         0.         0.         0.         0.         0.
 0.         0.         0.         0.01096605 0.         0.
 0.00646201 0.         0.         0.         0.02174461 0.
 0.         0.00942138 0.         0.         0.         0.
 0.         0.         0.         0.         0.         0.
 0.         0.         0.         0.         0.         0.
 0.         0.         0.         0.         0.         0.
 0.         0.         0.         0.         0.         0.
 0.         0.         0.00993211 0.         0.         0.
 0.         0.        ]
deepbreaks
y_true:  [0. 0. 0. 0. 0. 0. 0. 0. 0. 1. 1. 1. 1. 1. 1. 1. 1. 1. 1. 1. 1. 1. 1. 1.
 1. 1. 1. 0. 0. 0. 0. 0. 0. 0. 0. 0. 0. 0. 0. 0. 0. 0. 0. 0. 0. 1. 1. 1.
 1. 1. 1. 1. 1. 1. 0. 0. 0. 0. 0. 0. 0. 0. 0. 1. 1. 1. 1. 1. 1. 1. 1. 1.
 0. 0. 0. 0. 0. 0. 0. 0. 0. 1. 1. 1. 1. 1. 1. 1. 1. 1. 0. 0. 0. 0. 0. 0.
 0. 0. 0. 0. 0. 0. 0. 0. 0. 0. 0. 0. 0. 0. 0. 0. 0. 0. 0. 0. 0. 0. 0. 0.
 0. 0. 0. 0. 0. 0. 0. 0. 0. 0. 0. 0. 0. 0. 0. 0. 0. 0. 0. 0. 0. 0. 0. 0.
 0. 0. 0. 0. 0. 0. 0. 0. 0. 0. 0. 0. 0. 0. 0. 0. 0. 0. 0. 0. 0. 0. 0. 0.
 0. 0. 0. 0. 0. 0. 0. 0. 0. 0. 0. 0. 0. 0. 0. 0. 0. 0. 0. 0. 0. 0. 0. 0.
 0. 0. 0. 0. 0. 0. 0. 0.]
y_pred:  [0. 0. 0. 0. 0. 0. 0. 0. 0. 1. 1. 1. 1. 1. 1. 1. 1. 1. 1. 1. 1. 1. 1. 1.
 1. 1. 1. 0. 0. 0. 0. 0. 0. 0. 0. 0. 0. 0. 0. 0. 0. 0. 0. 0. 0. 1. 1. 1.
 1. 1. 1. 1. 1. 1. 0. 0. 0. 0. 0. 0. 0. 0. 0. 1. 1. 1. 1. 1. 1. 1. 1. 1.
 0. 0. 0. 0. 0. 0. 0. 0. 0. 1. 1. 1. 1. 1. 1. 1. 1. 1. 0. 0. 0. 0. 0. 0.
 0. 0. 0. 0. 0. 0. 0. 0. 0. 0. 0. 0. 0. 0. 0. 0. 0. 0. 0. 0. 0. 0. 0. 0.
 0. 0. 0. 0. 0. 0. 0. 0. 0. 0. 0. 0. 0. 0. 0. 0. 0. 0. 0. 0. 0. 0. 0. 0.
 0. 0. 0. 0. 0. 0. 0. 0. 0. 0. 0. 0. 0. 0. 0. 0. 0. 0. 0. 0. 0. 0. 0. 0.
 0. 0. 0. 0. 0. 0. 0. 0. 0. 0. 0. 0. 0. 0. 0. 0. 0. 0. 0. 0. 0. 0. 0. 0.
 0. 0. 0. 0. 0. 0. 0. 0.]
Normalized importance:  [0.         0.2988764  0.15213483 0.2247191  0.         0.10044944
 0.         0.         0.         0.62921348 0.02314607 0.3752809
 0.19280899 0.16224719 0.29662921 0.58876404 0.33033708 0.19617978
 0.38876404 0.20089888 0.34382022 0.28764045 0.30561798 0.49213483
 0.29438202 0.42921348 0.19842697 0.34606742 0.35730337 0.00930337
 0.53258427 0.         0.2494382  0.15662921 0.0894382  0.12741573
 0.30561798 0.39550562 0.         0.10179775 0.11797753 0.26741573
 0.         0.03752809 0.13258427 1.         0.04539326 0.34606742
 0.68539326 0.29438202 0.16337079 0.51460674 0.40449438 0.47640449
 0.28988764 0.00483146 0.12314607 0.1494382  0.19213483 0.18202247
 0.02159551 0.13662921 0.34606742 0.45842697 0.2494382  0.28764045
 0.51685393 0.23370787 0.35730337 0.41348315 0.22696629 0.36179775
 0.33483146 0.21932584 0.16831461 0.1141573  0.20292135 0.16764045
 0.31460674 0.20089888 0.00946067 0.89438202 0.49662921 0.85617978
 0.5505618  0.2188764  0.13640449 0.64269663 0.3505618  0.41573034
 0.         0.         0.04269663 0.00525843 0.         0.11797753
 0.         0.0388764  0.08404494 0.         0.         0.
 0.         0.         0.1905618  0.22179775 0.         0.26741573
 0.07820225 0.         0.07146067 0.24269663 0.         0.17438202
 0.03235955 0.         0.         0.         0.         0.
 0.         0.         0.         0.09730337 0.18247191 0.
 0.         0.13033708 0.         0.         0.11393258 0.
 0.07303371 0.         0.20966292 0.28089888 0.26966292 0.06404494
 0.         0.2141573  0.1        0.21842697 0.11033708 0.
 0.         0.         0.14539326 0.13707865 0.         0.35280899
 0.06629213 0.20539326 0.         0.25617978 0.10292135 0.14696629
 0.04674157 0.11640449 0.01793258 0.         0.04179775 0.38651685
 0.13977528 0.04269663 0.2152809  0.         0.         0.00779775
 0.         0.         0.         0.         0.         0.02269663
 0.         0.         0.03730337 0.12067416 0.19617978 0.
 0.18696629 0.24494382 0.04314607 0.04921348 0.21797753 0.02831461
 0.         0.13303371 0.13370787 0.         0.         0.
 0.09303371 0.         0.28314607 0.         0.23820225 0.32134831
 0.         0.        ]
pyseer
y_true:  [0. 0. 0. 0. 0. 0. 0. 0. 0. 1. 1. 1. 1. 1. 1. 1. 1. 1. 1. 1. 1. 1. 1. 1.
 1. 1. 1. 0. 0. 0. 0. 0. 0. 0. 0. 0. 0. 0. 0. 0. 0. 0. 0. 0. 0. 1. 1. 1.
 1. 1. 1. 1. 1. 1. 0. 0. 0. 0. 0. 0. 0. 0. 0. 1. 1. 1. 1. 1. 1. 1. 1. 1.
 0. 0. 0. 0. 0. 0. 0. 0. 0. 1. 1. 1. 1. 1. 1. 1. 1. 1. 0. 0. 0. 0. 0. 0.
 0. 0. 0. 0. 0. 0. 0. 0. 0. 0. 0. 0. 0. 0. 0. 0. 0. 0. 0. 0. 0. 0. 0. 0.
 0. 0. 0. 0. 0. 0. 0. 0. 0. 0. 0. 0. 0. 0. 0. 0. 0. 0. 0. 0. 0. 0. 0. 0.
 0. 0. 0. 0. 0. 0. 0. 0. 0. 0. 0. 0. 0. 0. 0. 0. 0. 0. 0. 0. 0. 0. 0. 0.
 0. 0. 0. 0. 0. 0. 0. 0. 0. 0. 0. 0. 0. 0. 0. 0. 0. 0. 0. 0. 0. 0. 0. 0.
 0. 0. 0. 0. 0. 0. 0. 0.]
y_pred:  [0. 1. 0. 1. 0. 0. 0. 0. 0. 1. 0. 1. 0. 0. 1. 1. 1. 0. 1. 1. 1. 1. 1. 1.
 1. 1. 0. 1. 1. 0. 1. 0. 1. 0. 0. 0. 1. 1. 0. 0. 0. 1. 0. 0. 0. 1. 0. 1.
 1. 1. 0. 1. 1. 1. 1. 0. 0. 0. 0. 0. 0. 0. 1. 1. 1. 1. 1. 1. 1. 1. 1. 1.
 1. 1. 0. 0. 1. 0. 1. 1. 0. 1. 1. 1. 1. 1. 0. 1. 1. 1. 0. 0. 0. 0. 0. 0.
 0. 0. 0. 0. 0. 0. 0. 0. 0. 1. 0. 1. 0. 0. 0. 1. 0. 0. 0. 0. 0. 0. 0. 0.
 0. 0. 0. 0. 0. 0. 0. 0. 0. 0. 0. 0. 0. 0. 1. 1. 1. 0. 0. 1. 0. 1. 0. 0.
 0. 0. 0. 0. 0. 1. 0. 1. 0. 1. 0. 0. 0. 0. 0. 0. 0. 1. 0. 0. 1. 0. 0. 0.
 0. 0. 0. 0. 0. 0. 0. 0. 0. 0. 0. 0. 0. 1. 0. 0. 1. 0. 0. 0. 0. 0. 0. 0.
 0. 0. 1. 0. 1. 1. 0. 0.]
Time taken: 23.68000102043152 seconds
Running combination 31 of 50
Fitting RandomForest...
Fitting Adaboost...
Fitting AdaBoost_2...
Fitting et...
Fitting gbc...
Fitting gbc_2...
Fitting gbc_3...
Fitting dt...
Fitting lr...
Fitting Lasso_1...
Fitting Lasso_2...
Fitting Lasso_3...
Fitting Lasso_4...
Fitting elasticnet...
VCF file created successfully.
pyseer stderr:  Read 1000 phenotypes
Detected continuous phenotype
Reading all variants

0variants [00:00, ?variants/s]
54variants [00:00, 530.18variants/s]
108variants [00:00, 469.14variants/s]
164variants [00:00, 503.91variants/s]
198variants [00:00, 507.98variants/s]
Applying correlation filtering

  0%|          | 0/198 [00:00<?, ?variants/s]
100%|██████████| 198/198 [00:00<00:00, 2672.30variants/s]
Fitting elastic net to top 148 variants
Best penalty (lambda) from cross-validation: 2.23E+01
Best R^2 from cross-validation: 0.505
Finding and printing selected variants
198 loaded variants
50 pre-filtered variants
148 tested variants
139 printed variants

True importance standardized:  [1.         1.         1.         1.         1.         1.
 1.         1.         1.         0.71131985 0.71131985 0.71131985
 0.71131985 0.71131985 0.71131985 0.71131985 0.71131985 0.71131985
 0.6621112  0.6621112  0.6621112  0.6621112  0.6621112  0.6621112
 0.6621112  0.6621112  0.6621112  0.21961203 0.21961203 0.21961203
 0.21961203 0.21961203 0.21961203 0.21961203 0.21961203 0.21961203
 0.89265102 0.89265102 0.89265102 0.89265102 0.89265102 0.89265102
 0.89265102 0.89265102 0.89265102 0.71630752 0.71630752 0.71630752
 0.71630752 0.71630752 0.71630752 0.71630752 0.71630752 0.71630752
 0.42687635 0.42687635 0.42687635 0.42687635 0.42687635 0.42687635
 0.42687635 0.42687635 0.42687635 0.97735447 0.97735447 0.97735447
 0.97735447 0.97735447 0.97735447 0.97735447 0.97735447 0.97735447
 0.18265414 0.18265414 0.18265414 0.18265414 0.18265414 0.18265414
 0.18265414 0.18265414 0.18265414 0.60401054 0.60401054 0.60401054
 0.60401054 0.60401054 0.60401054 0.60401054 0.60401054 0.60401054
 0.         0.         0.         0.         0.         0.
 0.         0.         0.         0.         0.         0.
 0.         0.         0.         0.         0.         0.
 0.         0.         0.         0.         0.         0.
 0.         0.         0.         0.         0.         0.
 0.         0.         0.         0.         0.         0.
 0.         0.         0.         0.         0.         0.
 0.         0.         0.         0.         0.         0.
 0.         0.         0.         0.         0.         0.
 0.         0.         0.         0.         0.         0.
 0.         0.         0.         0.         0.         0.
 0.         0.         0.         0.         0.         0.
 0.         0.         0.         0.         0.         0.
 0.         0.         0.         0.         0.         0.
 0.         0.         0.         0.         0.         0.
 0.         0.         0.         0.         0.         0.
 0.         0.         0.         0.         0.         0.
 0.         0.         0.         0.         0.         0.
 0.         0.        ]
Normalized importance:  [0.99334186 0.99334186 0.99334186 0.99334186 0.99334186 0.99334186
 0.99334186 0.99334186 0.99334186 0.39560445 0.39560445 0.39560445
 0.39560445 0.39560445 0.39560445 0.39560445 0.39560445 0.39560445
 0.39012949 0.39012949 0.39012949 0.39012949 0.39012949 0.39012949
 0.39012949 0.39012949 0.39012949 0.06293775 0.06293775 0.06293775
 0.06293775 0.06293775 0.         0.06293775 0.06293775 0.06293775
 0.63972501 0.63972501 0.63972501 0.63972501 0.63972501 0.63972501
 0.63972501 0.63972501 0.63972501 0.42703046 0.42703046 0.42703046
 0.42703046 0.42703046 0.42703046 0.42703046 0.42703046 0.42703046
 0.24537663 0.24537663 0.24537663 0.24537663 0.24537663 0.24537663
 0.24537663 0.24537663 0.24537663 1.         1.         1.
 1.         1.         1.         1.         1.         1.
 0.         0.         0.         0.         0.         0.
 0.         0.         0.         0.49950483 0.49950483 0.49950483
 0.49950483 0.49950483 0.49950483 0.49950483 0.49950483 0.49950483
 0.         0.         0.         0.05932208 0.         0.
 0.         0.         0.         0.         0.         0.
 0.         0.         0.02264867 0.         0.         0.
 0.         0.         0.         0.06460739 0.         0.
 0.         0.         0.         0.         0.         0.
 0.         0.         0.         0.         0.         0.
 0.         0.         0.         0.         0.         0.04711661
 0.         0.         0.         0.         0.         0.
 0.         0.         0.01708877 0.         0.         0.
 0.         0.         0.         0.         0.         0.
 0.         0.         0.         0.         0.         0.
 0.         0.         0.         0.         0.         0.
 0.         0.         0.01608797 0.         0.         0.
 0.03918809 0.         0.         0.         0.         0.
 0.0542701  0.         0.         0.         0.         0.
 0.         0.         0.         0.         0.         0.
 0.         0.         0.         0.         0.         0.
 0.         0.         0.         0.         0.         0.
 0.         0.        ]
deepbreaks
y_true:  [1. 1. 1. 1. 1. 1. 1. 1. 1. 1. 1. 1. 1. 1. 1. 1. 1. 1. 0. 0. 0. 0. 0. 0.
 0. 0. 0. 0. 0. 0. 0. 0. 0. 0. 0. 0. 1. 1. 1. 1. 1. 1. 1. 1. 1. 1. 1. 1.
 1. 1. 1. 1. 1. 1. 0. 0. 0. 0. 0. 0. 0. 0. 0. 1. 1. 1. 1. 1. 1. 1. 1. 1.
 0. 0. 0. 0. 0. 0. 0. 0. 0. 0. 0. 0. 0. 0. 0. 0. 0. 0. 0. 0. 0. 0. 0. 0.
 0. 0. 0. 0. 0. 0. 0. 0. 0. 0. 0. 0. 0. 0. 0. 0. 0. 0. 0. 0. 0. 0. 0. 0.
 0. 0. 0. 0. 0. 0. 0. 0. 0. 0. 0. 0. 0. 0. 0. 0. 0. 0. 0. 0. 0. 0. 0. 0.
 0. 0. 0. 0. 0. 0. 0. 0. 0. 0. 0. 0. 0. 0. 0. 0. 0. 0. 0. 0. 0. 0. 0. 0.
 0. 0. 0. 0. 0. 0. 0. 0. 0. 0. 0. 0. 0. 0. 0. 0. 0. 0. 0. 0. 0. 0. 0. 0.
 0. 0. 0. 0. 0. 0. 0. 0.]
y_pred:  [1. 1. 1. 1. 1. 1. 1. 1. 1. 0. 0. 0. 0. 0. 0. 0. 0. 0. 0. 0. 0. 0. 0. 0.
 0. 0. 0. 0. 0. 0. 0. 0. 0. 0. 0. 0. 1. 1. 1. 1. 1. 1. 1. 1. 1. 1. 1. 1.
 1. 1. 1. 1. 1. 1. 0. 0. 0. 0. 0. 0. 0. 0. 0. 1. 1. 1. 1. 1. 1. 1. 1. 1.
 0. 0. 0. 0. 0. 0. 0. 0. 0. 1. 1. 1. 1. 1. 1. 1. 1. 1. 0. 0. 0. 0. 0. 0.
 0. 0. 0. 0. 0. 0. 0. 0. 0. 0. 0. 0. 0. 0. 0. 0. 0. 0. 0. 0. 0. 0. 0. 0.
 0. 0. 0. 0. 0. 0. 0. 0. 0. 0. 0. 0. 0. 0. 0. 0. 0. 0. 0. 0. 0. 0. 0. 0.
 0. 0. 0. 0. 0. 0. 0. 0. 0. 0. 0. 0. 0. 0. 0. 0. 0. 0. 0. 0. 0. 0. 0. 0.
 0. 0. 0. 0. 0. 0. 0. 0. 0. 0. 0. 0. 0. 0. 0. 0. 0. 0. 0. 0. 0. 0. 0. 0.
 0. 0. 0. 0. 0. 0. 0. 0.]
Normalized importance:  [1.         0.46341463 0.65121951 0.80487805 0.21512195 0.45853659
 0.50243902 0.40243902 0.43902439 0.52439024 0.26585366 0.3902439
 0.73170732 0.36829268 0.35365854 0.65853659 0.35609756 0.19878049
 0.65853659 0.46829268 0.         0.35609756 0.59756098 0.11780488
 0.5804878  0.26097561 0.57073171 0.19609756 0.         0.23853659
 0.20121951 0.12365854 0.09463415 0.7804878  0.07634146 0.
 0.53414634 0.36829268 0.48780488 0.2        0.56097561 0.54390244
 0.55853659 0.4097561  0.5902439  0.62195122 0.62195122 0.45609756
 0.17853659 0.32926829 0.29512195 0.25853659 0.44146341 0.25609756
 0.29268293 0.29268293 0.14804878 0.61463415 0.         0.35609756
 0.         0.09219512 0.41463415 0.94634146 0.42195122 0.05146341
 0.43414634 0.8195122  0.57804878 0.44390244 0.4902439  0.41707317
 0.01158537 0.17414634 0.         0.01392683 0.         0.
 0.26585366 0.11097561 0.         0.48780488 0.33902439 0.22512195
 0.23731707 0.53658537 0.39268293 0.28536585 0.24634146 0.3902439
 0.         0.40243902 0.         0.16317073 0.         0.21560976
 0.         0.18609756 0.32682927 0.16243902 0.18634146 0.
 0.12097561 0.         0.12487805 0.         0.         0.19341463
 0.         0.1597561  0.         0.42195122 0.         0.13585366
 0.         0.         0.         0.         0.33658537 0.41463415
 0.21780488 0.04195122 0.17487805 0.02804878 0.06585366 0.
 0.         0.21317073 0.         0.         0.         0.26829268
 0.04121951 0.19243902 0.01297561 0.11073171 0.         0.
 0.         0.         0.15414634 0.10292683 0.06756098 0.23365854
 0.         0.         0.         0.08707317 0.         0.0795122
 0.         0.33170732 0.         0.         0.         0.
 0.         0.32926829 0.15268293 0.10121951 0.00240732 0.14804878
 0.17560976 0.11073171 0.33414634 0.         0.26829268 0.01034146
 0.35853659 0.         0.         0.         0.         0.
 0.40243902 0.         0.         0.         0.04268293 0.
 0.         0.23878049 0.1095122  0.         0.31219512 0.
 0.         0.3097561  0.26585366 0.         0.2004878  0.27073171
 0.18804878 0.         0.40731707 0.04512195 0.3097561  0.1802439
 0.         0.        ]
pyseer
y_true:  [1. 1. 1. 1. 1. 1. 1. 1. 1. 1. 1. 1. 1. 1. 1. 1. 1. 1. 0. 0. 0. 0. 0. 0.
 0. 0. 0. 0. 0. 0. 0. 0. 0. 0. 0. 0. 1. 1. 1. 1. 1. 1. 1. 1. 1. 1. 1. 1.
 1. 1. 1. 1. 1. 1. 0. 0. 0. 0. 0. 0. 0. 0. 0. 1. 1. 1. 1. 1. 1. 1. 1. 1.
 0. 0. 0. 0. 0. 0. 0. 0. 0. 0. 0. 0. 0. 0. 0. 0. 0. 0. 0. 0. 0. 0. 0. 0.
 0. 0. 0. 0. 0. 0. 0. 0. 0. 0. 0. 0. 0. 0. 0. 0. 0. 0. 0. 0. 0. 0. 0. 0.
 0. 0. 0. 0. 0. 0. 0. 0. 0. 0. 0. 0. 0. 0. 0. 0. 0. 0. 0. 0. 0. 0. 0. 0.
 0. 0. 0. 0. 0. 0. 0. 0. 0. 0. 0. 0. 0. 0. 0. 0. 0. 0. 0. 0. 0. 0. 0. 0.
 0. 0. 0. 0. 0. 0. 0. 0. 0. 0. 0. 0. 0. 0. 0. 0. 0. 0. 0. 0. 0. 0. 0. 0.
 0. 0. 0. 0. 0. 0. 0. 0.]
y_pred:  [1. 1. 1. 1. 0. 1. 1. 1. 1. 1. 0. 1. 1. 1. 1. 1. 1. 0. 1. 1. 0. 1. 1. 0.
 1. 0. 1. 0. 0. 0. 0. 0. 0. 1. 0. 0. 1. 1. 1. 0. 1. 1. 1. 1. 1. 1. 1. 1.
 0. 1. 1. 0. 1. 0. 1. 1. 0. 1. 0. 1. 0. 0. 1. 1. 1. 0. 1. 1. 1. 1. 1. 1.
 0. 0. 0. 0. 0. 0. 0. 0. 0. 1. 1. 0. 0. 1. 1. 1. 0. 1. 0. 1. 0. 0. 0. 0.
 0. 0. 1. 0. 0. 0. 0. 0. 0. 0. 0. 0. 0. 0. 0. 1. 0. 0. 0. 0. 0. 0. 1. 1.
 0. 0. 0. 0. 0. 0. 0. 0. 0. 0. 0. 0. 0. 0. 0. 0. 0. 0. 0. 0. 0. 0. 0. 0.
 0. 0. 0. 0. 0. 0. 0. 1. 0. 0. 0. 0. 0. 1. 0. 0. 0. 0. 0. 0. 1. 0. 0. 0.
 1. 0. 0. 0. 0. 0. 1. 0. 0. 0. 0. 0. 0. 0. 0. 0. 1. 0. 0. 1. 0. 0. 0. 1.
 0. 0. 1. 0. 1. 0. 0. 0.]
Time taken: 23.28115224838257 seconds
Running combination 32 of 50
Fitting RandomForest...
Fitting Adaboost...
Fitting AdaBoost_2...
Fitting et...
Fitting gbc...
Fitting gbc_2...
Fitting gbc_3...
Fitting dt...
Fitting lr...
Fitting Lasso_1...
Fitting Lasso_2...
Fitting Lasso_3...
Fitting Lasso_4...
Fitting elasticnet...
VCF file created successfully.
pyseer stderr:  Read 1000 phenotypes
Detected continuous phenotype
Reading all variants

0variants [00:00, ?variants/s]
54variants [00:00, 531.59variants/s]
108variants [00:00, 471.94variants/s]
164variants [00:00, 505.70variants/s]
198variants [00:00, 509.54variants/s]
Applying correlation filtering

  0%|          | 0/198 [00:00<?, ?variants/s]
100%|██████████| 198/198 [00:00<00:00, 2687.46variants/s]
Fitting elastic net to top 148 variants
Best penalty (lambda) from cross-validation: 4.91E+01
Best R^2 from cross-validation: 0.419
Finding and printing selected variants
198 loaded variants
50 pre-filtered variants
148 tested variants
136 printed variants

True importance standardized:  [0.89883998 0.89883998 0.89883998 0.89883998 0.89883998 0.89883998
 0.89883998 0.89883998 0.89883998 0.84132394 0.84132394 0.84132394
 0.84132394 0.84132394 0.84132394 0.84132394 0.84132394 0.84132394
 1.         1.         1.         1.         1.         1.
 1.         1.         1.         0.2477466  0.2477466  0.2477466
 0.2477466  0.2477466  0.2477466  0.2477466  0.2477466  0.2477466
 0.36775723 0.36775723 0.36775723 0.36775723 0.36775723 0.36775723
 0.36775723 0.36775723 0.36775723 0.14837131 0.14837131 0.14837131
 0.14837131 0.14837131 0.14837131 0.14837131 0.14837131 0.14837131
 0.71831182 0.71831182 0.71831182 0.71831182 0.71831182 0.71831182
 0.71831182 0.71831182 0.71831182 0.74303711 0.74303711 0.74303711
 0.74303711 0.74303711 0.74303711 0.74303711 0.74303711 0.74303711
 0.9950682  0.9950682  0.9950682  0.9950682  0.9950682  0.9950682
 0.9950682  0.9950682  0.9950682  0.44661169 0.44661169 0.44661169
 0.44661169 0.44661169 0.44661169 0.44661169 0.44661169 0.44661169
 0.         0.         0.         0.         0.         0.
 0.         0.         0.         0.         0.         0.
 0.         0.         0.         0.         0.         0.
 0.         0.         0.         0.         0.         0.
 0.         0.         0.         0.         0.         0.
 0.         0.         0.         0.         0.         0.
 0.         0.         0.         0.         0.         0.
 0.         0.         0.         0.         0.         0.
 0.         0.         0.         0.         0.         0.
 0.         0.         0.         0.         0.         0.
 0.         0.         0.         0.         0.         0.
 0.         0.         0.         0.         0.         0.
 0.         0.         0.         0.         0.         0.
 0.         0.         0.         0.         0.         0.
 0.         0.         0.         0.         0.         0.
 0.         0.         0.         0.         0.         0.
 0.         0.         0.         0.         0.         0.
 0.         0.         0.         0.         0.         0.
 0.         0.        ]
Normalized importance:  [1.         1.         1.         1.         1.         1.
 1.         1.         1.         0.96425767 0.96425767 0.96425767
 0.96425767 0.96425767 0.96425767 0.96425767 0.96425767 0.96425767
 0.93814526 0.93814526 0.93814526 0.93814526 0.93814526 0.93814526
 0.93814526 0.93814526 0.93814526 0.         0.         0.03550426
 0.         0.         0.02223039 0.         0.01275939 0.
 0.08551939 0.08551939 0.08551939 0.08551939 0.08551939 0.08551939
 0.08551939 0.08551939 0.08551939 0.02649226 0.         0.02649226
 0.02649226 0.02649226 0.02649226 0.         0.02649226 0.
 0.35239875 0.35239875 0.35239875 0.35239875 0.35239875 0.35239875
 0.35239875 0.35239875 0.35239875 0.26077359 0.26077359 0.26077359
 0.26077359 0.26077359 0.26077359 0.26077359 0.26077359 0.26077359
 0.78346929 0.78346929 0.78346929 0.78346929 0.78346929 0.78346929
 0.78346929 0.78346929 0.78346929 0.15501908 0.15501908 0.15501908
 0.15501908 0.15501908 0.15501908 0.15501908 0.15501908 0.15501908
 0.         0.03711257 0.         0.         0.         0.
 0.         0.         0.         0.         0.         0.
 0.         0.         0.         0.         0.         0.
 0.         0.         0.         0.         0.         0.
 0.         0.         0.         0.         0.04942589 0.
 0.         0.         0.         0.         0.         0.
 0.         0.01206209 0.         0.         0.         0.
 0.         0.         0.         0.         0.         0.
 0.         0.02852175 0.         0.         0.         0.
 0.         0.01658586 0.         0.         0.         0.
 0.         0.         0.         0.         0.         0.
 0.         0.         0.01893623 0.02604139 0.         0.
 0.         0.         0.         0.         0.         0.
 0.         0.         0.         0.01952364 0.         0.
 0.03457209 0.         0.         0.         0.         0.
 0.         0.         0.         0.         0.         0.
 0.         0.         0.         0.         0.         0.
 0.         0.         0.         0.         0.         0.
 0.         0.        ]
deepbreaks
y_true:  [1. 1. 1. 1. 1. 1. 1. 1. 1. 1. 1. 1. 1. 1. 1. 1. 1. 1. 1. 1. 1. 1. 1. 1.
 1. 1. 1. 0. 0. 0. 0. 0. 0. 0. 0. 0. 0. 0. 0. 0. 0. 0. 0. 0. 0. 0. 0. 0.
 0. 0. 0. 0. 0. 0. 0. 0. 0. 0. 0. 0. 0. 0. 0. 1. 1. 1. 1. 1. 1. 1. 1. 1.
 1. 1. 1. 1. 1. 1. 1. 1. 1. 0. 0. 0. 0. 0. 0. 0. 0. 0. 0. 0. 0. 0. 0. 0.
 0. 0. 0. 0. 0. 0. 0. 0. 0. 0. 0. 0. 0. 0. 0. 0. 0. 0. 0. 0. 0. 0. 0. 0.
 0. 0. 0. 0. 0. 0. 0. 0. 0. 0. 0. 0. 0. 0. 0. 0. 0. 0. 0. 0. 0. 0. 0. 0.
 0. 0. 0. 0. 0. 0. 0. 0. 0. 0. 0. 0. 0. 0. 0. 0. 0. 0. 0. 0. 0. 0. 0. 0.
 0. 0. 0. 0. 0. 0. 0. 0. 0. 0. 0. 0. 0. 0. 0. 0. 0. 0. 0. 0. 0. 0. 0. 0.
 0. 0. 0. 0. 0. 0. 0. 0.]
y_pred:  [1. 1. 1. 1. 1. 1. 1. 1. 1. 1. 1. 1. 1. 1. 1. 1. 1. 1. 1. 1. 1. 1. 1. 1.
 1. 1. 1. 0. 0. 0. 0. 0. 0. 0. 0. 0. 0. 0. 0. 0. 0. 0. 0. 0. 0. 0. 0. 0.
 0. 0. 0. 0. 0. 0. 1. 1. 1. 1. 1. 1. 1. 1. 1. 0. 0. 0. 0. 0. 0. 0. 0. 0.
 1. 1. 1. 1. 1. 1. 1. 1. 1. 0. 0. 0. 0. 0. 0. 0. 0. 0. 0. 0. 0. 0. 0. 0.
 0. 0. 0. 0. 0. 0. 0. 0. 0. 0. 0. 0. 0. 0. 0. 0. 0. 0. 0. 0. 0. 0. 0. 0.
 0. 0. 0. 0. 0. 0. 0. 0. 0. 0. 0. 0. 0. 0. 0. 0. 0. 0. 0. 0. 0. 0. 0. 0.
 0. 0. 0. 0. 0. 0. 0. 0. 0. 0. 0. 0. 0. 0. 0. 0. 0. 0. 0. 0. 0. 0. 0. 0.
 0. 0. 0. 0. 0. 0. 0. 0. 0. 0. 0. 0. 0. 0. 0. 0. 0. 0. 0. 0. 0. 0. 0. 0.
 0. 0. 0. 0. 0. 0. 0. 0.]
Normalized importance:  [0.67353952 0.66895762 0.21076747 0.47308133 0.67239404 0.49484536
 0.18671249 0.3069874  0.89347079 0.81214204 0.49942726 0.11065292
 0.71363116 0.41695304 0.34020619 0.55670103 0.47766323 0.22107675
 0.94730813 0.42038946 0.75715922 0.6884307  0.44558992 0.5532646
 0.38373425 0.67353952 0.14547537 0.12485682 0.06219931 0.31500573
 0.         0.17296678 0.08591065 0.09461627 0.35395189 0.19358534
 0.25085911 0.16838488 0.14547537 0.25773196 0.02623139 0.18098511
 0.04948454 0.3115693  0.46849943 0.17182131 0.09530355 0.0416953
 0.09587629 0.15234822 0.31271478 0.         0.395189   0.
 0.71592211 0.3997709  0.46277205 0.50515464 0.604811   0.33447881
 0.         0.17640321 0.36655212 0.70332188 0.         0.56013746
 0.18098511 0.12829324 0.73195876 0.3024055  0.37342497 0.16036655
 1.         0.6792669  0.72852234 0.1672394  0.56815578 0.54295533
 0.44100802 0.07101947 0.67468499 0.4558992  0.         0.18098511
 0.12256586 0.54753723 0.23367698 0.33218786 0.         0.17640321
 0.         0.47308133 0.35853379 0.         0.         0.
 0.27491409 0.         0.38717068 0.         0.         0.
 0.         0.         0.         0.36426117 0.15120275 0.30584192
 0.         0.16036655 0.         0.         0.604811   0.25315006
 0.01512027 0.095189   0.         0.         0.41351661 0.
 0.         0.         0.59106529 0.37113402 0.         0.
 0.         0.34593356 0.         0.         0.         0.11683849
 0.         0.2371134  0.         0.         0.         0.63459336
 0.14776632 0.53150057 0.         0.         0.05681558 0.
 0.08281787 0.02153494 0.39862543 0.         0.28980527 0.
 0.22565865 0.08167239 0.         0.32646048 0.         0.16036655
 0.         0.         0.19816724 0.43757159 0.         0.
 0.         0.         0.         0.35280641 0.08087056 0.33218786
 0.34593356 0.         0.10893471 0.0720504  0.26804124 0.
 0.34707904 0.30469645 0.35738832 0.29095074 0.15005727 0.
 0.17067583 0.         0.52004582 0.         0.         0.
 0.06930126 0.59564719 0.         0.25544101 0.         0.03195876
 0.05841924 0.13402062 0.         0.         0.         0.29209622
 0.         0.        ]
pyseer
y_true:  [1. 1. 1. 1. 1. 1. 1. 1. 1. 1. 1. 1. 1. 1. 1. 1. 1. 1. 1. 1. 1. 1. 1. 1.
 1. 1. 1. 0. 0. 0. 0. 0. 0. 0. 0. 0. 0. 0. 0. 0. 0. 0. 0. 0. 0. 0. 0. 0.
 0. 0. 0. 0. 0. 0. 0. 0. 0. 0. 0. 0. 0. 0. 0. 1. 1. 1. 1. 1. 1. 1. 1. 1.
 1. 1. 1. 1. 1. 1. 1. 1. 1. 0. 0. 0. 0. 0. 0. 0. 0. 0. 0. 0. 0. 0. 0. 0.
 0. 0. 0. 0. 0. 0. 0. 0. 0. 0. 0. 0. 0. 0. 0. 0. 0. 0. 0. 0. 0. 0. 0. 0.
 0. 0. 0. 0. 0. 0. 0. 0. 0. 0. 0. 0. 0. 0. 0. 0. 0. 0. 0. 0. 0. 0. 0. 0.
 0. 0. 0. 0. 0. 0. 0. 0. 0. 0. 0. 0. 0. 0. 0. 0. 0. 0. 0. 0. 0. 0. 0. 0.
 0. 0. 0. 0. 0. 0. 0. 0. 0. 0. 0. 0. 0. 0. 0. 0. 0. 0. 0. 0. 0. 0. 0. 0.
 0. 0. 0. 0. 0. 0. 0. 0.]
y_pred:  [1. 1. 0. 1. 1. 1. 0. 0. 1. 1. 1. 0. 1. 1. 1. 1. 1. 0. 1. 1. 1. 1. 1. 1.
 1. 1. 0. 0. 0. 1. 0. 0. 0. 0. 1. 0. 0. 0. 0. 0. 0. 0. 0. 0. 1. 0. 0. 0.
 0. 0. 1. 0. 1. 0. 1. 1. 1. 1. 1. 1. 0. 0. 1. 1. 0. 1. 0. 0. 1. 0. 1. 0.
 1. 1. 1. 0. 1. 1. 1. 0. 1. 1. 0. 0. 0. 1. 0. 1. 0. 0. 0. 1. 1. 0. 0. 0.
 0. 0. 1. 0. 0. 0. 0. 0. 0. 1. 0. 0. 0. 0. 0. 0. 1. 0. 0. 0. 0. 0. 1. 0.
 0. 0. 1. 1. 0. 0. 0. 1. 0. 0. 0. 0. 0. 0. 0. 0. 0. 1. 0. 1. 0. 0. 0. 0.
 0. 0. 1. 0. 0. 0. 0. 0. 0. 1. 0. 0. 0. 0. 0. 1. 0. 0. 0. 0. 0. 1. 0. 1.
 1. 0. 0. 0. 0. 0. 1. 0. 1. 0. 0. 0. 0. 0. 1. 0. 0. 0. 0. 1. 0. 0. 0. 0.
 0. 0. 0. 0. 0. 0. 0. 0.]
Time taken: 24.47986364364624 seconds
Running combination 33 of 50
Fitting RandomForest...
Fitting Adaboost...
Fitting AdaBoost_2...
Fitting et...
Fitting gbc...
Fitting gbc_2...
Fitting gbc_3...
Fitting dt...
Fitting lr...
Fitting Lasso_1...
Fitting Lasso_2...
Fitting Lasso_3...
Fitting Lasso_4...
Fitting elasticnet...
VCF file created successfully.
pyseer stderr:  Read 1000 phenotypes
Detected continuous phenotype
Reading all variants

0variants [00:00, ?variants/s]
49variants [00:00, 488.59variants/s]
98variants [00:00, 452.12variants/s]
154variants [00:00, 497.34variants/s]
198variants [00:00, 501.21variants/s]
Applying correlation filtering

  0%|          | 0/198 [00:00<?, ?variants/s]
100%|██████████| 198/198 [00:00<00:00, 2726.41variants/s]
Fitting elastic net to top 148 variants
Best penalty (lambda) from cross-validation: 2.71E+01
Best R^2 from cross-validation: 0.494
Finding and printing selected variants
198 loaded variants
50 pre-filtered variants
148 tested variants
134 printed variants

True importance standardized:  [0.78374153 0.78374153 0.78374153 0.78374153 0.78374153 0.78374153
 0.78374153 0.78374153 0.78374153 0.21636154 0.21636154 0.21636154
 0.21636154 0.21636154 0.21636154 0.21636154 0.21636154 0.21636154
 0.61509517 0.61509517 0.61509517 0.61509517 0.61509517 0.61509517
 0.61509517 0.61509517 0.61509517 0.56641471 0.56641471 0.56641471
 0.56641471 0.56641471 0.56641471 0.56641471 0.56641471 0.56641471
 0.15331272 0.15331272 0.15331272 0.15331272 0.15331272 0.15331272
 0.15331272 0.15331272 0.15331272 1.         1.         1.
 1.         1.         1.         1.         1.         1.
 0.4165026  0.4165026  0.4165026  0.4165026  0.4165026  0.4165026
 0.4165026  0.4165026  0.4165026  0.59290847 0.59290847 0.59290847
 0.59290847 0.59290847 0.59290847 0.59290847 0.59290847 0.59290847
 0.50982968 0.50982968 0.50982968 0.50982968 0.50982968 0.50982968
 0.50982968 0.50982968 0.50982968 0.81554289 0.81554289 0.81554289
 0.81554289 0.81554289 0.81554289 0.81554289 0.81554289 0.81554289
 0.         0.         0.         0.         0.         0.
 0.         0.         0.         0.         0.         0.
 0.         0.         0.         0.         0.         0.
 0.         0.         0.         0.         0.         0.
 0.         0.         0.         0.         0.         0.
 0.         0.         0.         0.         0.         0.
 0.         0.         0.         0.         0.         0.
 0.         0.         0.         0.         0.         0.
 0.         0.         0.         0.         0.         0.
 0.         0.         0.         0.         0.         0.
 0.         0.         0.         0.         0.         0.
 0.         0.         0.         0.         0.         0.
 0.         0.         0.         0.         0.         0.
 0.         0.         0.         0.         0.         0.
 0.         0.         0.         0.         0.         0.
 0.         0.         0.         0.         0.         0.
 0.         0.         0.         0.         0.         0.
 0.         0.         0.         0.         0.         0.
 0.         0.        ]
Normalized importance:  [0.48919728 0.48919728 0.48919728 0.48919728 0.48919728 0.48919728
 0.48919728 0.48919728 0.48919728 0.03463443 0.03463443 0.03463443
 0.03463443 0.03463443 0.03463443 0.03463443 0.03463443 0.03463443
 0.4741239  0.4741239  0.4741239  0.4741239  0.4741239  0.4741239
 0.4741239  0.4741239  0.4741239  0.45928133 0.45928133 0.45928133
 0.45928133 0.45928133 0.45928133 0.45928133 0.45928133 0.45928133
 0.07157794 0.07157794 0.         0.         0.07157794 0.
 0.07157794 0.         0.         1.         1.         1.
 1.         1.         1.         1.         1.         1.
 0.20886234 0.20886234 0.20886234 0.20886234 0.20886234 0.20886234
 0.20886234 0.20886234 0.20886234 0.28071228 0.28071228 0.28071228
 0.28071228 0.28071228 0.28071228 0.28071228 0.28071228 0.28071228
 0.28018518 0.28018518 0.28018518 0.28018518 0.28018518 0.28018518
 0.28018518 0.28018518 0.28018518 0.71079763 0.71079763 0.71079763
 0.71079763 0.71079763 0.71079763 0.71079763 0.71079763 0.71079763
 0.         0.         0.         0.         0.         0.
 0.         0.         0.02372702 0.         0.04500728 0.
 0.         0.         0.         0.         0.         0.
 0.         0.         0.         0.         0.         0.
 0.         0.         0.         0.         0.         0.02330876
 0.         0.01182106 0.         0.         0.         0.
 0.01641957 0.         0.         0.         0.         0.
 0.         0.         0.         0.         0.         0.
 0.         0.         0.         0.         0.         0.
 0.         0.09708448 0.         0.01735578 0.         0.
 0.         0.         0.         0.         0.         0.
 0.         0.         0.01904432 0.         0.         0.
 0.         0.         0.         0.         0.         0.
 0.         0.         0.         0.         0.         0.
 0.         0.         0.         0.01798606 0.         0.
 0.         0.         0.         0.         0.         0.025572
 0.         0.         0.         0.         0.         0.
 0.05394706 0.         0.         0.         0.02233763 0.
 0.         0.        ]
deepbreaks
y_true:  [1. 1. 1. 1. 1. 1. 1. 1. 1. 0. 0. 0. 0. 0. 0. 0. 0. 0. 1. 1. 1. 1. 1. 1.
 1. 1. 1. 0. 0. 0. 0. 0. 0. 0. 0. 0. 0. 0. 0. 0. 0. 0. 0. 0. 0. 1. 1. 1.
 1. 1. 1. 1. 1. 1. 0. 0. 0. 0. 0. 0. 0. 0. 0. 1. 1. 1. 1. 1. 1. 1. 1. 1.
 0. 0. 0. 0. 0. 0. 0. 0. 0. 1. 1. 1. 1. 1. 1. 1. 1. 1. 0. 0. 0. 0. 0. 0.
 0. 0. 0. 0. 0. 0. 0. 0. 0. 0. 0. 0. 0. 0. 0. 0. 0. 0. 0. 0. 0. 0. 0. 0.
 0. 0. 0. 0. 0. 0. 0. 0. 0. 0. 0. 0. 0. 0. 0. 0. 0. 0. 0. 0. 0. 0. 0. 0.
 0. 0. 0. 0. 0. 0. 0. 0. 0. 0. 0. 0. 0. 0. 0. 0. 0. 0. 0. 0. 0. 0. 0. 0.
 0. 0. 0. 0. 0. 0. 0. 0. 0. 0. 0. 0. 0. 0. 0. 0. 0. 0. 0. 0. 0. 0. 0. 0.
 0. 0. 0. 0. 0. 0. 0. 0.]
y_pred:  [1. 1. 1. 1. 1. 1. 1. 1. 1. 0. 0. 0. 0. 0. 0. 0. 0. 0. 1. 1. 1. 1. 1. 1.
 1. 1. 1. 1. 1. 1. 1. 1. 1. 1. 1. 1. 0. 0. 0. 0. 0. 0. 0. 0. 0. 1. 1. 1.
 1. 1. 1. 1. 1. 1. 0. 0. 0. 0. 0. 0. 0. 0. 0. 1. 1. 1. 1. 1. 1. 1. 1. 1.
 0. 0. 0. 0. 0. 0. 0. 0. 0. 1. 1. 1. 1. 1. 1. 1. 1. 1. 0. 0. 0. 0. 0. 0.
 0. 0. 0. 0. 0. 0. 0. 0. 0. 0. 0. 0. 0. 0. 0. 0. 0. 0. 0. 0. 0. 0. 0. 0.
 0. 0. 0. 0. 0. 0. 0. 0. 0. 0. 0. 0. 0. 0. 0. 0. 0. 0. 0. 0. 0. 0. 0. 0.
 0. 0. 0. 0. 0. 0. 0. 0. 0. 0. 0. 0. 0. 0. 0. 0. 0. 0. 0. 0. 0. 0. 0. 0.
 0. 0. 0. 0. 0. 0. 0. 0. 0. 0. 0. 0. 0. 0. 0. 0. 0. 0. 0. 0. 0. 0. 0. 0.
 0. 0. 0. 0. 0. 0. 0. 0.]
Normalized importance:  [0.62616822 0.3046729  0.09420561 0.55514019 0.41495327 0.45794393
 0.28224299 0.42056075 0.50841121 0.16186916 0.33457944 0.15495327
 0.02448598 0.15757009 0.         0.1035514  0.02971963 0.07102804
 0.54579439 0.19065421 0.28037383 0.32897196 0.50841121 0.46915888
 0.3271028  0.41308411 0.40373832 0.5588785  0.27850467 0.31401869
 0.20934579 0.34018692 0.2635514  0.32897196 0.09401869 0.41682243
 0.20186916 0.13009346 0.05738318 0.         0.05626168 0.
 0.09271028 0.         0.0093271  1.         0.33831776 0.54953271
 0.34018692 0.61869159 0.40560748 0.70093458 0.13551402 0.63364486
 0.45233645 0.21869159 0.1482243  0.         0.14766355 0.
 0.20747664 0.28785047 0.2728972  0.43925234 0.55700935 0.25420561
 0.36635514 0.1235514  0.48971963 0.28411215 0.02747664 0.37943925
 0.44299065 0.3588785  0.47663551 0.14672897 0.28971963 0.3682243
 0.         0.2728972  0.05869159 0.65046729 0.33457944 0.62242991
 0.20934579 0.2635514  0.33457944 0.50654206 0.57570093 0.47850467
 0.15140187 0.         0.2635514  0.         0.08411215 0.
 0.01084112 0.         0.06841121 0.         0.30093458 0.
 0.         0.         0.05028037 0.52336449 0.00315888 0.
 0.         0.         0.         0.29719626 0.         0.
 0.         0.         0.         0.         0.         0.27663551
 0.         0.30654206 0.         0.         0.17495327 0.
 0.22803738 0.         0.02056075 0.0728972  0.02953271 0.
 0.00936449 0.02971963 0.19252336 0.23925234 0.         0.0435514
 0.16392523 0.         0.         0.         0.         0.00637383
 0.09065421 0.31775701 0.1753271  0.16037383 0.11102804 0.
 0.         0.         0.11065421 0.         0.24859813 0.
 0.         0.         0.24299065 0.         0.         0.
 0.         0.11158879 0.         0.32336449 0.31588785 0.
 0.26542056 0.14130841 0.15757009 0.         0.10074766 0.00457944
 0.23551402 0.         0.14766355 0.24485981 0.         0.
 0.20186916 0.         0.06317757 0.22616822 0.         0.18168224
 0.05607477 0.         0.33271028 0.         0.         0.
 0.26168224 0.         0.         0.         0.23551402 0.
 0.         0.        ]
pyseer
y_true:  [1. 1. 1. 1. 1. 1. 1. 1. 1. 0. 0. 0. 0. 0. 0. 0. 0. 0. 1. 1. 1. 1. 1. 1.
 1. 1. 1. 0. 0. 0. 0. 0. 0. 0. 0. 0. 0. 0. 0. 0. 0. 0. 0. 0. 0. 1. 1. 1.
 1. 1. 1. 1. 1. 1. 0. 0. 0. 0. 0. 0. 0. 0. 0. 1. 1. 1. 1. 1. 1. 1. 1. 1.
 0. 0. 0. 0. 0. 0. 0. 0. 0. 1. 1. 1. 1. 1. 1. 1. 1. 1. 0. 0. 0. 0. 0. 0.
 0. 0. 0. 0. 0. 0. 0. 0. 0. 0. 0. 0. 0. 0. 0. 0. 0. 0. 0. 0. 0. 0. 0. 0.
 0. 0. 0. 0. 0. 0. 0. 0. 0. 0. 0. 0. 0. 0. 0. 0. 0. 0. 0. 0. 0. 0. 0. 0.
 0. 0. 0. 0. 0. 0. 0. 0. 0. 0. 0. 0. 0. 0. 0. 0. 0. 0. 0. 0. 0. 0. 0. 0.
 0. 0. 0. 0. 0. 0. 0. 0. 0. 0. 0. 0. 0. 0. 0. 0. 0. 0. 0. 0. 0. 0. 0. 0.
 0. 0. 0. 0. 0. 0. 0. 0.]
y_pred:  [1. 1. 0. 1. 1. 1. 1. 1. 1. 0. 1. 0. 0. 0. 0. 0. 0. 0. 1. 0. 1. 1. 1. 1.
 1. 1. 1. 1. 1. 1. 0. 1. 1. 1. 0. 1. 0. 0. 0. 0. 0. 0. 0. 0. 0. 1. 1. 1.
 1. 1. 1. 1. 0. 1. 1. 0. 0. 0. 0. 0. 0. 1. 1. 1. 1. 0. 1. 0. 1. 1. 0. 1.
 1. 1. 1. 0. 1. 1. 0. 1. 0. 1. 1. 1. 0. 1. 1. 1. 1. 1. 0. 0. 1. 0. 0. 0.
 0. 0. 0. 0. 1. 0. 0. 0. 0. 1. 0. 0. 0. 0. 0. 1. 0. 0. 0. 0. 0. 0. 0. 1.
 0. 1. 0. 0. 0. 0. 0. 0. 0. 0. 0. 0. 0. 0. 0. 0. 0. 0. 0. 0. 0. 0. 0. 0.
 0. 1. 0. 0. 0. 0. 0. 0. 0. 0. 0. 0. 0. 0. 0. 0. 0. 0. 0. 0. 0. 1. 1. 0.
 1. 0. 0. 0. 0. 0. 0. 0. 0. 0. 0. 0. 0. 0. 0. 0. 0. 0. 0. 0. 1. 0. 0. 0.
 1. 0. 0. 0. 0. 0. 0. 0.]
Time taken: 23.715352296829224 seconds
Running combination 34 of 50
Fitting RandomForest...
Fitting Adaboost...
Fitting AdaBoost_2...
Fitting et...
Fitting gbc...
Fitting gbc_2...
Fitting gbc_3...
Fitting dt...
Fitting lr...
Fitting Lasso_1...
Fitting Lasso_2...
Fitting Lasso_3...
Fitting Lasso_4...
Fitting elasticnet...
VCF file created successfully.
pyseer stderr:  Read 1000 phenotypes
Detected continuous phenotype
Reading all variants

0variants [00:00, ?variants/s]
55variants [00:00, 547.74variants/s]
110variants [00:00, 481.05variants/s]
166variants [00:00, 512.58variants/s]
198variants [00:00, 516.93variants/s]
Applying correlation filtering

  0%|          | 0/198 [00:00<?, ?variants/s]
100%|██████████| 198/198 [00:00<00:00, 2676.75variants/s]
Fitting elastic net to top 148 variants
Best penalty (lambda) from cross-validation: 1.44E+01
Best R^2 from cross-validation: 0.496
Finding and printing selected variants
198 loaded variants
50 pre-filtered variants
148 tested variants
131 printed variants

True importance standardized:  [0.36032739 0.36032739 0.36032739 0.36032739 0.36032739 0.36032739
 0.36032739 0.36032739 0.36032739 0.42382629 0.42382629 0.42382629
 0.42382629 0.42382629 0.42382629 0.42382629 0.42382629 0.42382629
 0.16879304 0.16879304 0.16879304 0.16879304 0.16879304 0.16879304
 0.16879304 0.16879304 0.16879304 0.58117434 0.58117434 0.58117434
 0.58117434 0.58117434 0.58117434 0.58117434 0.58117434 0.58117434
 1.         1.         1.         1.         1.         1.
 1.         1.         1.         0.82159882 0.82159882 0.82159882
 0.82159882 0.82159882 0.82159882 0.82159882 0.82159882 0.82159882
 0.63639544 0.63639544 0.63639544 0.63639544 0.63639544 0.63639544
 0.63639544 0.63639544 0.63639544 0.31708898 0.31708898 0.31708898
 0.31708898 0.31708898 0.31708898 0.31708898 0.31708898 0.31708898
 0.34855967 0.34855967 0.34855967 0.34855967 0.34855967 0.34855967
 0.34855967 0.34855967 0.34855967 0.82108825 0.82108825 0.82108825
 0.82108825 0.82108825 0.82108825 0.82108825 0.82108825 0.82108825
 0.         0.         0.         0.         0.         0.
 0.         0.         0.         0.         0.         0.
 0.         0.         0.         0.         0.         0.
 0.         0.         0.         0.         0.         0.
 0.         0.         0.         0.         0.         0.
 0.         0.         0.         0.         0.         0.
 0.         0.         0.         0.         0.         0.
 0.         0.         0.         0.         0.         0.
 0.         0.         0.         0.         0.         0.
 0.         0.         0.         0.         0.         0.
 0.         0.         0.         0.         0.         0.
 0.         0.         0.         0.         0.         0.
 0.         0.         0.         0.         0.         0.
 0.         0.         0.         0.         0.         0.
 0.         0.         0.         0.         0.         0.
 0.         0.         0.         0.         0.         0.
 0.         0.         0.         0.         0.         0.
 0.         0.         0.         0.         0.         0.
 0.         0.        ]
Normalized importance:  [0.08759785 0.08759785 0.08759785 0.08759785 0.08759785 0.08759785
 0.08759785 0.08759785 0.08759785 0.16485379 0.16485379 0.16485379
 0.16485379 0.16485379 0.16485379 0.16485379 0.16485379 0.16485379
 0.03550045 0.         0.03550045 0.03550045 0.         0.
 0.         0.         0.03550045 0.5614286  0.5614286  0.5614286
 0.5614286  0.5614286  0.5614286  0.5614286  0.5614286  0.5614286
 1.         1.         1.         1.         1.         1.
 1.         1.         1.         0.72541988 0.72541988 0.72541988
 0.72541988 0.72541988 0.72541988 0.72541988 0.72541988 0.72541988
 0.43149899 0.43149899 0.43149899 0.43149899 0.43149899 0.43149899
 0.43149899 0.43149899 0.43149899 0.09022683 0.09022683 0.09022683
 0.09022683 0.09022683 0.         0.09022683 0.09022683 0.09022683
 0.31520347 0.31520347 0.31520347 0.31520347 0.31520347 0.31520347
 0.31520347 0.31520347 0.31520347 0.54898208 0.54898208 0.54898208
 0.54898208 0.54898208 0.54898208 0.54898208 0.54898208 0.54898208
 0.         0.         0.         0.         0.         0.
 0.         0.         0.         0.         0.         0.
 0.         0.         0.00911591 0.         0.         0.04497708
 0.         0.         0.         0.         0.         0.
 0.         0.02714554 0.         0.         0.         0.
 0.         0.         0.         0.         0.00837628 0.
 0.         0.         0.         0.         0.         0.
 0.         0.         0.         0.03059068 0.         0.
 0.         0.02594622 0.         0.         0.         0.
 0.         0.         0.03730325 0.04319622 0.         0.
 0.02217402 0.         0.         0.         0.         0.
 0.         0.         0.         0.         0.01679942 0.
 0.01110203 0.         0.0055265  0.         0.         0.
 0.         0.         0.         0.         0.         0.
 0.         0.         0.         0.         0.         0.
 0.         0.         0.         0.         0.         0.
 0.         0.         0.         0.         0.         0.
 0.         0.         0.         0.         0.0084546  0.
 0.         0.        ]
deepbreaks
y_true:  [0. 0. 0. 0. 0. 0. 0. 0. 0. 0. 0. 0. 0. 0. 0. 0. 0. 0. 0. 0. 0. 0. 0. 0.
 0. 0. 0. 1. 1. 1. 1. 1. 1. 1. 1. 1. 1. 1. 1. 1. 1. 1. 1. 1. 1. 1. 1. 1.
 1. 1. 1. 1. 1. 1. 1. 1. 1. 1. 1. 1. 1. 1. 1. 0. 0. 0. 0. 0. 0. 0. 0. 0.
 0. 0. 0. 0. 0. 0. 0. 0. 0. 1. 1. 1. 1. 1. 1. 1. 1. 1. 0. 0. 0. 0. 0. 0.
 0. 0. 0. 0. 0. 0. 0. 0. 0. 0. 0. 0. 0. 0. 0. 0. 0. 0. 0. 0. 0. 0. 0. 0.
 0. 0. 0. 0. 0. 0. 0. 0. 0. 0. 0. 0. 0. 0. 0. 0. 0. 0. 0. 0. 0. 0. 0. 0.
 0. 0. 0. 0. 0. 0. 0. 0. 0. 0. 0. 0. 0. 0. 0. 0. 0. 0. 0. 0. 0. 0. 0. 0.
 0. 0. 0. 0. 0. 0. 0. 0. 0. 0. 0. 0. 0. 0. 0. 0. 0. 0. 0. 0. 0. 0. 0. 0.
 0. 0. 0. 0. 0. 0. 0. 0.]
y_pred:  [0. 0. 0. 0. 0. 0. 0. 0. 0. 0. 0. 0. 0. 0. 0. 0. 0. 0. 0. 0. 0. 0. 0. 0.
 0. 0. 0. 1. 1. 1. 1. 1. 1. 1. 1. 1. 1. 1. 1. 1. 1. 1. 1. 1. 1. 1. 1. 1.
 1. 1. 1. 1. 1. 1. 1. 1. 1. 1. 1. 1. 1. 1. 1. 0. 0. 0. 0. 0. 0. 0. 0. 0.
 1. 1. 1. 1. 1. 1. 1. 1. 1. 1. 1. 1. 1. 1. 1. 1. 1. 1. 0. 0. 0. 0. 0. 0.
 0. 0. 0. 0. 0. 0. 0. 0. 0. 0. 0. 0. 0. 0. 0. 0. 0. 0. 0. 0. 0. 0. 0. 0.
 0. 0. 0. 0. 0. 0. 0. 0. 0. 0. 0. 0. 0. 0. 0. 0. 0. 0. 0. 0. 0. 0. 0. 0.
 0. 0. 0. 0. 0. 0. 0. 0. 0. 0. 0. 0. 0. 0. 0. 0. 0. 0. 0. 0. 0. 0. 0. 0.
 0. 0. 0. 0. 0. 0. 0. 0. 0. 0. 0. 0. 0. 0. 0. 0. 0. 0. 0. 0. 0. 0. 0. 0.
 0. 0. 0. 0. 0. 0. 0. 0.]
Normalized importance:  [0.44609665 0.         0.         0.46096654 0.32230483 0.12007435
 0.32230483 0.         0.09330855 0.41635688 0.43494424 0.05576208
 0.         0.13680297 0.34349442 0.34684015 0.25836431 0.35055762
 0.0669145  0.05055762 0.29553903 0.1936803  0.         0.
 0.00977695 0.         0.18884758 0.57249071 0.         0.23271375
 0.48698885 0.48698885 0.3        0.39776952 0.62825279 0.27620818
 1.         0.35873606 0.58736059 0.50929368 0.78810409 0.58364312
 0.30074349 0.55390335 0.61710037 0.89962825 0.34609665 0.50929368
 0.43122677 0.55018587 0.28736059 0.3866171  0.41263941 0.29182156
 0.62453532 0.38289963 0.36802974 0.00698885 0.35724907 0.26802974
 0.33531599 0.5204461  0.         0.18178439 0.31152416 0.27472119
 0.15724907 0.04869888 0.         0.16951673 0.1401487  0.44237918
 0.48698885 0.2535316  0.2795539  0.07806691 0.11635688 0.23568773
 0.24684015 0.31078067 0.         0.58736059 0.50185874 0.38289963
 0.51301115 0.59479554 0.64312268 0.11375465 0.39033457 0.49814126
 0.         0.24126394 0.16951673 0.31115242 0.2472119  0.13048327
 0.07769517 0.         0.18475836 0.23234201 0.         0.26319703
 0.         0.         0.03345725 0.         0.         0.55762082
 0.08178439 0.         0.         0.         0.09776952 0.15501859
 0.         0.29591078 0.         0.         0.         0.05427509
 0.01531599 0.         0.01152416 0.         0.31561338 0.13048327
 0.         0.         0.         0.         0.2472119  0.
 0.         0.23494424 0.         0.4795539  0.04535316 0.
 0.         0.19479554 0.17249071 0.13494424 0.51301115 0.
 0.         0.         0.23531599 0.26542751 0.         0.
 0.00327509 0.         0.         0.         0.         0.00951673
 0.         0.         0.         0.18698885 0.14126394 0.27211896
 0.34981413 0.24200743 0.17286245 0.13011152 0.         0.21040892
 0.         0.         0.         0.         0.         0.
 0.11189591 0.         0.         0.         0.08921933 0.08327138
 0.17174721 0.         0.         0.         0.10892193 0.
 0.32639405 0.2669145  0.         0.04052045 0.         0.
 0.         0.20817844 0.34275093 0.10446097 0.24832714 0.
 0.         0.        ]
pyseer
y_true:  [0. 0. 0. 0. 0. 0. 0. 0. 0. 0. 0. 0. 0. 0. 0. 0. 0. 0. 0. 0. 0. 0. 0. 0.
 0. 0. 0. 1. 1. 1. 1. 1. 1. 1. 1. 1. 1. 1. 1. 1. 1. 1. 1. 1. 1. 1. 1. 1.
 1. 1. 1. 1. 1. 1. 1. 1. 1. 1. 1. 1. 1. 1. 1. 0. 0. 0. 0. 0. 0. 0. 0. 0.
 0. 0. 0. 0. 0. 0. 0. 0. 0. 1. 1. 1. 1. 1. 1. 1. 1. 1. 0. 0. 0. 0. 0. 0.
 0. 0. 0. 0. 0. 0. 0. 0. 0. 0. 0. 0. 0. 0. 0. 0. 0. 0. 0. 0. 0. 0. 0. 0.
 0. 0. 0. 0. 0. 0. 0. 0. 0. 0. 0. 0. 0. 0. 0. 0. 0. 0. 0. 0. 0. 0. 0. 0.
 0. 0. 0. 0. 0. 0. 0. 0. 0. 0. 0. 0. 0. 0. 0. 0. 0. 0. 0. 0. 0. 0. 0. 0.
 0. 0. 0. 0. 0. 0. 0. 0. 0. 0. 0. 0. 0. 0. 0. 0. 0. 0. 0. 0. 0. 0. 0. 0.
 0. 0. 0. 0. 0. 0. 0. 0.]
y_pred:  [1. 0. 0. 1. 1. 0. 1. 0. 0. 1. 1. 0. 0. 0. 1. 1. 0. 1. 0. 0. 1. 0. 0. 0.
 0. 0. 0. 1. 0. 0. 1. 1. 1. 1. 1. 1. 1. 1. 1. 1. 1. 1. 1. 1. 1. 1. 1. 1.
 1. 1. 1. 1. 1. 1. 1. 1. 1. 0. 1. 1. 1. 1. 0. 0. 1. 1. 0. 0. 0. 0. 0. 1.
 1. 0. 1. 0. 0. 0. 0. 1. 0. 1. 1. 1. 1. 1. 1. 0. 1. 1. 0. 0. 0. 1. 0. 0.
 0. 0. 0. 0. 0. 0. 0. 0. 0. 0. 0. 1. 0. 0. 0. 0. 0. 0. 0. 1. 0. 0. 0. 0.
 0. 0. 0. 0. 1. 0. 0. 0. 0. 0. 0. 0. 0. 0. 0. 1. 0. 0. 0. 0. 0. 0. 1. 0.
 0. 0. 0. 0. 0. 0. 0. 0. 0. 0. 0. 0. 0. 0. 0. 0. 0. 1. 1. 0. 0. 0. 0. 0.
 0. 0. 0. 0. 0. 0. 0. 0. 0. 0. 0. 0. 0. 0. 0. 0. 0. 0. 1. 0. 0. 0. 0. 0.
 0. 0. 1. 0. 0. 0. 0. 0.]
Time taken: 24.402740001678467 seconds
Running combination 35 of 50
Fitting RandomForest...
Fitting Adaboost...
Fitting AdaBoost_2...
Fitting et...
Fitting gbc...
Fitting gbc_2...
Fitting gbc_3...
Fitting dt...
Fitting lr...
Fitting Lasso_1...
Fitting Lasso_2...
Fitting Lasso_3...
Fitting Lasso_4...
Fitting elasticnet...
VCF file created successfully.
pyseer stderr:  Read 1000 phenotypes
Detected continuous phenotype
Reading all variants

0variants [00:00, ?variants/s]
55variants [00:00, 542.97variants/s]
110variants [00:00, 482.55variants/s]
166variants [00:00, 514.47variants/s]
198variants [00:00, 516.37variants/s]
Applying correlation filtering

  0%|          | 0/198 [00:00<?, ?variants/s]
100%|██████████| 198/198 [00:00<00:00, 2742.13variants/s]
Fitting elastic net to top 148 variants
Best penalty (lambda) from cross-validation: 1.81E+01
Best R^2 from cross-validation: 0.490
Finding and printing selected variants
198 loaded variants
50 pre-filtered variants
148 tested variants
141 printed variants

True importance standardized:  [0.39327981 0.39327981 0.39327981 0.39327981 0.39327981 0.39327981
 0.39327981 0.39327981 0.39327981 0.77289173 0.77289173 0.77289173
 0.77289173 0.77289173 0.77289173 0.77289173 0.77289173 0.77289173
 0.85121787 0.85121787 0.85121787 0.85121787 0.85121787 0.85121787
 0.85121787 0.85121787 0.85121787 0.22600757 0.22600757 0.22600757
 0.22600757 0.22600757 0.22600757 0.22600757 0.22600757 0.22600757
 1.         1.         1.         1.         1.         1.
 1.         1.         1.         0.82526643 0.82526643 0.82526643
 0.82526643 0.82526643 0.82526643 0.82526643 0.82526643 0.82526643
 0.16281192 0.16281192 0.16281192 0.16281192 0.16281192 0.16281192
 0.16281192 0.16281192 0.16281192 0.24202033 0.24202033 0.24202033
 0.24202033 0.24202033 0.24202033 0.24202033 0.24202033 0.24202033
 0.99333628 0.99333628 0.99333628 0.99333628 0.99333628 0.99333628
 0.99333628 0.99333628 0.99333628 0.7255462  0.7255462  0.7255462
 0.7255462  0.7255462  0.7255462  0.7255462  0.7255462  0.7255462
 0.         0.         0.         0.         0.         0.
 0.         0.         0.         0.         0.         0.
 0.         0.         0.         0.         0.         0.
 0.         0.         0.         0.         0.         0.
 0.         0.         0.         0.         0.         0.
 0.         0.         0.         0.         0.         0.
 0.         0.         0.         0.         0.         0.
 0.         0.         0.         0.         0.         0.
 0.         0.         0.         0.         0.         0.
 0.         0.         0.         0.         0.         0.
 0.         0.         0.         0.         0.         0.
 0.         0.         0.         0.         0.         0.
 0.         0.         0.         0.         0.         0.
 0.         0.         0.         0.         0.         0.
 0.         0.         0.         0.         0.         0.
 0.         0.         0.         0.         0.         0.
 0.         0.         0.         0.         0.         0.
 0.         0.         0.         0.         0.         0.
 0.         0.        ]
Normalized importance:  [0.1159774  0.1159774  0.1159774  0.1159774  0.1159774  0.1159774
 0.1159774  0.1159774  0.1159774  0.79527877 0.79527877 0.79527877
 0.79527877 0.79527877 0.79527877 0.79527877 0.79527877 0.79527877
 0.61375709 0.61375709 0.61375709 0.61375709 0.61375709 0.61375709
 0.61375709 0.61375709 0.61375709 0.13442903 0.13442903 0.13442903
 0.13442903 0.13442903 0.13442903 0.13442903 0.13442903 0.13442903
 0.98407174 0.98407174 0.98407174 0.98407174 0.98407174 0.98407174
 0.98407174 0.98407174 0.98407174 0.56636356 0.56636356 0.56636356
 0.56636356 0.56636356 0.56636356 0.56636356 0.56636356 0.56636356
 0.06760361 0.06760361 0.06760361 0.06760361 0.06760361 0.06760361
 0.         0.06760361 0.06760361 0.         0.06183661 0.
 0.         0.         0.         0.01698261 0.         0.
 1.         1.         1.         1.         1.         1.
 1.         1.         1.         0.99059656 0.99059656 0.99059656
 0.99059656 0.99059656 0.99059656 0.99059656 0.99059656 0.99059656
 0.         0.         0.         0.         0.         0.
 0.         0.         0.01884782 0.         0.         0.
 0.01687106 0.         0.         0.         0.         0.
 0.01521834 0.03257082 0.         0.         0.         0.
 0.         0.0168671  0.         0.04180696 0.         0.04367412
 0.         0.         0.         0.         0.04156599 0.01173249
 0.         0.05091453 0.         0.         0.         0.
 0.         0.         0.         0.01544939 0.         0.02214694
 0.         0.         0.         0.         0.         0.
 0.03937705 0.         0.01068022 0.         0.         0.
 0.01791634 0.         0.0505021  0.         0.         0.
 0.         0.         0.         0.         0.         0.
 0.         0.         0.02652394 0.         0.         0.
 0.         0.         0.         0.0257688  0.         0.
 0.         0.         0.02446171 0.         0.         0.
 0.         0.         0.         0.         0.         0.03019736
 0.         0.         0.         0.         0.         0.
 0.02055604 0.         0.02136887 0.         0.01712971 0.01473105
 0.         0.        ]
deepbreaks
y_true:  [0. 0. 0. 0. 0. 0. 0. 0. 0. 1. 1. 1. 1. 1. 1. 1. 1. 1. 1. 1. 1. 1. 1. 1.
 1. 1. 1. 0. 0. 0. 0. 0. 0. 0. 0. 0. 1. 1. 1. 1. 1. 1. 1. 1. 1. 1. 1. 1.
 1. 1. 1. 1. 1. 1. 0. 0. 0. 0. 0. 0. 0. 0. 0. 0. 0. 0. 0. 0. 0. 0. 0. 0.
 1. 1. 1. 1. 1. 1. 1. 1. 1. 0. 0. 0. 0. 0. 0. 0. 0. 0. 0. 0. 0. 0. 0. 0.
 0. 0. 0. 0. 0. 0. 0. 0. 0. 0. 0. 0. 0. 0. 0. 0. 0. 0. 0. 0. 0. 0. 0. 0.
 0. 0. 0. 0. 0. 0. 0. 0. 0. 0. 0. 0. 0. 0. 0. 0. 0. 0. 0. 0. 0. 0. 0. 0.
 0. 0. 0. 0. 0. 0. 0. 0. 0. 0. 0. 0. 0. 0. 0. 0. 0. 0. 0. 0. 0. 0. 0. 0.
 0. 0. 0. 0. 0. 0. 0. 0. 0. 0. 0. 0. 0. 0. 0. 0. 0. 0. 0. 0. 0. 0. 0. 0.
 0. 0. 0. 0. 0. 0. 0. 0.]
y_pred:  [0. 0. 0. 0. 0. 0. 0. 0. 0. 1. 1. 1. 1. 1. 1. 1. 1. 1. 1. 1. 1. 1. 1. 1.
 1. 1. 1. 0. 0. 0. 0. 0. 0. 0. 0. 0. 1. 1. 1. 1. 1. 1. 1. 1. 1. 1. 1. 1.
 1. 1. 1. 1. 1. 1. 0. 0. 0. 0. 0. 0. 0. 0. 0. 0. 0. 0. 0. 0. 0. 0. 0. 0.
 1. 1. 1. 1. 1. 1. 1. 1. 1. 1. 1. 1. 1. 1. 1. 1. 1. 1. 0. 0. 0. 0. 0. 0.
 0. 0. 0. 0. 0. 0. 0. 0. 0. 0. 0. 0. 0. 0. 0. 0. 0. 0. 0. 0. 0. 0. 0. 0.
 0. 0. 0. 0. 0. 0. 0. 0. 0. 0. 0. 0. 0. 0. 0. 0. 0. 0. 0. 0. 0. 0. 0. 0.
 0. 0. 0. 0. 0. 0. 0. 0. 0. 0. 0. 0. 0. 0. 0. 0. 0. 0. 0. 0. 0. 0. 0. 0.
 0. 0. 0. 0. 0. 0. 0. 0. 0. 0. 0. 0. 0. 0. 0. 0. 0. 0. 0. 0. 0. 0. 0. 0.
 0. 0. 0. 0. 0. 0. 0. 0.]
Normalized importance:  [0.17952128 0.0412234  0.21515957 0.24547872 0.42819149 0.22287234
 0.17207447 0.10079787 0.32180851 0.63297872 0.5106383  0.30585106
 0.19680851 0.44946809 0.20558511 0.45744681 0.25159574 0.31382979
 0.64361702 0.22021277 0.21196809 0.32446809 0.07659574 0.57978723
 0.63031915 0.43882979 0.30585106 0.36702128 0.05026596 0.19946809
 0.29787234 0.56382979 0.06994681 0.18643617 0.14414894 0.01305851
 0.98670213 0.30319149 0.39361702 0.27393617 0.55851064 0.14547872
 0.7287234  0.46276596 0.56382979 0.75265957 0.28457447 0.46010638
 0.28989362 0.52659574 0.16196809 0.38031915 0.46542553 0.59574468
 0.12792553 0.20319149 0.09893617 0.00321809 0.24255319 0.10425532
 0.02404255 0.11941489 0.03856383 0.14973404 0.22287234 0.
 0.09281915 0.         0.         0.2212766  0.07154255 0.07021277
 1.         0.72606383 0.56382979 0.81382979 0.17553191 0.36170213
 0.29255319 0.         0.65425532 0.72074468 0.32446809 0.55053191
 0.18803191 0.07340426 0.37765957 0.38031915 0.40425532 0.60106383
 0.         0.         0.         0.09042553 0.07287234 0.03803191
 0.         0.11968085 0.10930851 0.         0.         0.20053191
 0.3643617  0.09734043 0.         0.         0.         0.
 0.06329787 0.3537234  0.         0.         0.         0.
 0.         0.15       0.         0.14893617 0.         0.31648936
 0.21941489 0.         0.28191489 0.15292553 0.26196809 0.45744681
 0.         0.46542553 0.         0.31648936 0.         0.
 0.         0.0100266  0.         0.10106383 0.         0.08191489
 0.         0.03723404 0.13271277 0.12287234 0.         0.
 0.35106383 0.27393617 0.17340426 0.         0.27659574 0.
 0.17021277 0.         0.46542553 0.06808511 0.20930851 0.
 0.         0.         0.19920213 0.         0.         0.
 0.         0.         0.19228723 0.         0.16090426 0.
 0.         0.         0.10531915 0.44946809 0.16489362 0.
 0.         0.2462766  0.10638298 0.23164894 0.21569149 0.1981383
 0.         0.         0.17632979 0.28989362 0.30585106 0.32446809
 0.         0.         0.175      0.02579787 0.         0.
 0.20558511 0.         0.32180851 0.         0.15425532 0.40159574
 0.         0.        ]
pyseer
y_true:  [0. 0. 0. 0. 0. 0. 0. 0. 0. 1. 1. 1. 1. 1. 1. 1. 1. 1. 1. 1. 1. 1. 1. 1.
 1. 1. 1. 0. 0. 0. 0. 0. 0. 0. 0. 0. 1. 1. 1. 1. 1. 1. 1. 1. 1. 1. 1. 1.
 1. 1. 1. 1. 1. 1. 0. 0. 0. 0. 0. 0. 0. 0. 0. 0. 0. 0. 0. 0. 0. 0. 0. 0.
 1. 1. 1. 1. 1. 1. 1. 1. 1. 0. 0. 0. 0. 0. 0. 0. 0. 0. 0. 0. 0. 0. 0. 0.
 0. 0. 0. 0. 0. 0. 0. 0. 0. 0. 0. 0. 0. 0. 0. 0. 0. 0. 0. 0. 0. 0. 0. 0.
 0. 0. 0. 0. 0. 0. 0. 0. 0. 0. 0. 0. 0. 0. 0. 0. 0. 0. 0. 0. 0. 0. 0. 0.
 0. 0. 0. 0. 0. 0. 0. 0. 0. 0. 0. 0. 0. 0. 0. 0. 0. 0. 0. 0. 0. 0. 0. 0.
 0. 0. 0. 0. 0. 0. 0. 0. 0. 0. 0. 0. 0. 0. 0. 0. 0. 0. 0. 0. 0. 0. 0. 0.
 0. 0. 0. 0. 0. 0. 0. 0.]
y_pred:  [0. 0. 0. 1. 1. 1. 0. 0. 1. 1. 1. 1. 0. 1. 0. 1. 1. 1. 1. 0. 0. 1. 0. 1.
 1. 1. 1. 1. 0. 0. 1. 1. 0. 0. 0. 0. 1. 1. 1. 1. 1. 0. 1. 1. 1. 1. 1. 1.
 1. 1. 0. 1. 1. 1. 0. 0. 0. 0. 1. 0. 0. 0. 0. 0. 1. 0. 0. 0. 0. 0. 0. 0.
 1. 1. 1. 1. 0. 1. 1. 0. 1. 1. 1. 1. 0. 0. 1. 1. 1. 1. 0. 0. 0. 0. 0. 0.
 0. 0. 0. 0. 0. 0. 1. 0. 0. 0. 0. 0. 0. 1. 0. 0. 0. 0. 0. 0. 0. 0. 0. 1.
 0. 0. 1. 0. 1. 1. 0. 1. 0. 1. 0. 0. 0. 0. 0. 0. 0. 0. 0. 0. 0. 0. 0. 0.
 1. 1. 0. 0. 1. 0. 0. 0. 1. 0. 0. 0. 0. 0. 0. 0. 0. 0. 0. 0. 0. 0. 0. 0.
 0. 0. 0. 1. 0. 0. 0. 1. 0. 1. 0. 0. 0. 0. 0. 1. 1. 1. 0. 0. 0. 0. 0. 0.
 0. 0. 1. 0. 0. 1. 0. 0.]
Time taken: 25.449341773986816 seconds
Running combination 36 of 50
Fitting RandomForest...
Fitting Adaboost...
Fitting AdaBoost_2...
Fitting et...
Fitting gbc...
Fitting gbc_2...
Fitting gbc_3...
Fitting dt...
Fitting lr...
Fitting Lasso_1...
Fitting Lasso_2...
Fitting Lasso_3...
Fitting Lasso_4...
Fitting elasticnet...
VCF file created successfully.
pyseer stderr:  Read 1000 phenotypes
Detected continuous phenotype
Reading all variants

0variants [00:00, ?variants/s]
55variants [00:00, 540.28variants/s]
110variants [00:00, 478.17variants/s]
167variants [00:00, 513.66variants/s]
198variants [00:00, 516.88variants/s]
Applying correlation filtering

  0%|          | 0/198 [00:00<?, ?variants/s]
100%|██████████| 198/198 [00:00<00:00, 2704.72variants/s]
Fitting elastic net to top 148 variants
Best penalty (lambda) from cross-validation: 1.39E+01
Best R^2 from cross-validation: 0.532
Finding and printing selected variants
198 loaded variants
50 pre-filtered variants
148 tested variants
137 printed variants

True importance standardized:  [0.56273288 0.56273288 0.56273288 0.56273288 0.56273288 0.56273288
 0.56273288 0.56273288 0.56273288 0.72093592 0.72093592 0.72093592
 0.72093592 0.72093592 0.72093592 0.72093592 0.72093592 0.72093592
 1.         1.         1.         1.         1.         1.
 1.         1.         1.         0.69549378 0.69549378 0.69549378
 0.69549378 0.69549378 0.69549378 0.69549378 0.69549378 0.69549378
 0.74283098 0.74283098 0.74283098 0.74283098 0.74283098 0.74283098
 0.74283098 0.74283098 0.74283098 0.75927581 0.75927581 0.75927581
 0.75927581 0.75927581 0.75927581 0.75927581 0.75927581 0.75927581
 0.91585745 0.91585745 0.91585745 0.91585745 0.91585745 0.91585745
 0.91585745 0.91585745 0.91585745 0.69697942 0.69697942 0.69697942
 0.69697942 0.69697942 0.69697942 0.69697942 0.69697942 0.69697942
 0.51323614 0.51323614 0.51323614 0.51323614 0.51323614 0.51323614
 0.51323614 0.51323614 0.51323614 0.16371776 0.16371776 0.16371776
 0.16371776 0.16371776 0.16371776 0.16371776 0.16371776 0.16371776
 0.         0.         0.         0.         0.         0.
 0.         0.         0.         0.         0.         0.
 0.         0.         0.         0.         0.         0.
 0.         0.         0.         0.         0.         0.
 0.         0.         0.         0.         0.         0.
 0.         0.         0.         0.         0.         0.
 0.         0.         0.         0.         0.         0.
 0.         0.         0.         0.         0.         0.
 0.         0.         0.         0.         0.         0.
 0.         0.         0.         0.         0.         0.
 0.         0.         0.         0.         0.         0.
 0.         0.         0.         0.         0.         0.
 0.         0.         0.         0.         0.         0.
 0.         0.         0.         0.         0.         0.
 0.         0.         0.         0.         0.         0.
 0.         0.         0.         0.         0.         0.
 0.         0.         0.         0.         0.         0.
 0.         0.         0.         0.         0.         0.
 0.         0.        ]
Normalized importance:  [0.43621412 0.43621412 0.43621412 0.43621412 0.43621412 0.43621412
 0.43621412 0.43621412 0.43621412 0.43071806 0.43071806 0.43071806
 0.43071806 0.43071806 0.43071806 0.43071806 0.43071806 0.43071806
 0.96579406 0.96579406 0.96579406 0.96579406 0.96579406 0.96579406
 0.96579406 0.96579406 0.96579406 0.37239027 0.37239027 0.37239027
 0.37239027 0.37239027 0.37239027 0.37239027 0.37239027 0.37239027
 0.45635526 0.45635526 0.45635526 0.45635526 0.45635526 0.45635526
 0.45635526 0.45635526 0.45635526 0.98361555 0.98361555 0.98361555
 0.98361555 0.98361555 0.98361555 0.98361555 0.98361555 0.98361555
 1.         1.         1.         1.         1.         1.
 1.         1.         1.         0.35133448 0.35133448 0.35133448
 0.35133448 0.35133448 0.35133448 0.35133448 0.35133448 0.35133448
 0.20735002 0.20735002 0.20735002 0.20735002 0.20735002 0.20735002
 0.20735002 0.20735002 0.20735002 0.         0.         0.
 0.         0.         0.         0.         0.         0.
 0.         0.         0.         0.         0.         0.
 0.         0.         0.05487162 0.         0.         0.
 0.         0.         0.         0.         0.         0.03170195
 0.         0.         0.         0.         0.         0.
 0.         0.         0.         0.         0.         0.
 0.         0.         0.         0.02822614 0.         0.
 0.         0.         0.         0.         0.02162581 0.
 0.         0.         0.         0.         0.         0.
 0.         0.         0.         0.02862622 0.         0.
 0.         0.06184515 0.         0.         0.07874281 0.
 0.         0.         0.         0.         0.         0.
 0.         0.         0.         0.         0.         0.
 0.         0.         0.00987111 0.         0.         0.
 0.         0.04229433 0.0566111  0.         0.         0.
 0.         0.         0.         0.         0.         0.
 0.         0.         0.         0.         0.02093992 0.
 0.05539894 0.         0.         0.         0.02108307 0.
 0.         0.         0.         0.         0.         0.01655089
 0.         0.        ]
deepbreaks
y_true:  [0. 0. 0. 0. 0. 0. 0. 0. 0. 1. 1. 1. 1. 1. 1. 1. 1. 1. 1. 1. 1. 1. 1. 1.
 1. 1. 1. 0. 0. 0. 0. 0. 0. 0. 0. 0. 1. 1. 1. 1. 1. 1. 1. 1. 1. 1. 1. 1.
 1. 1. 1. 1. 1. 1. 1. 1. 1. 1. 1. 1. 1. 1. 1. 0. 0. 0. 0. 0. 0. 0. 0. 0.
 0. 0. 0. 0. 0. 0. 0. 0. 0. 0. 0. 0. 0. 0. 0. 0. 0. 0. 0. 0. 0. 0. 0. 0.
 0. 0. 0. 0. 0. 0. 0. 0. 0. 0. 0. 0. 0. 0. 0. 0. 0. 0. 0. 0. 0. 0. 0. 0.
 0. 0. 0. 0. 0. 0. 0. 0. 0. 0. 0. 0. 0. 0. 0. 0. 0. 0. 0. 0. 0. 0. 0. 0.
 0. 0. 0. 0. 0. 0. 0. 0. 0. 0. 0. 0. 0. 0. 0. 0. 0. 0. 0. 0. 0. 0. 0. 0.
 0. 0. 0. 0. 0. 0. 0. 0. 0. 0. 0. 0. 0. 0. 0. 0. 0. 0. 0. 0. 0. 0. 0. 0.
 0. 0. 0. 0. 0. 0. 0. 0.]
y_pred:  [1. 1. 1. 1. 1. 1. 1. 1. 1. 1. 1. 1. 1. 1. 1. 1. 1. 1. 1. 1. 1. 1. 1. 1.
 1. 1. 1. 0. 0. 0. 0. 0. 0. 0. 0. 0. 1. 1. 1. 1. 1. 1. 1. 1. 1. 1. 1. 1.
 1. 1. 1. 1. 1. 1. 1. 1. 1. 1. 1. 1. 1. 1. 1. 0. 0. 0. 0. 0. 0. 0. 0. 0.
 0. 0. 0. 0. 0. 0. 0. 0. 0. 0. 0. 0. 0. 0. 0. 0. 0. 0. 0. 0. 0. 0. 0. 0.
 0. 0. 0. 0. 0. 0. 0. 0. 0. 0. 0. 0. 0. 0. 0. 0. 0. 0. 0. 0. 0. 0. 0. 0.
 0. 0. 0. 0. 0. 0. 0. 0. 0. 0. 0. 0. 0. 0. 0. 0. 0. 0. 0. 0. 0. 0. 0. 0.
 0. 0. 0. 0. 0. 0. 0. 0. 0. 0. 0. 0. 0. 0. 0. 0. 0. 0. 0. 0. 0. 0. 0. 0.
 0. 0. 0. 0. 0. 0. 0. 0. 0. 0. 0. 0. 0. 0. 0. 0. 0. 0. 0. 0. 0. 0. 0. 0.
 0. 0. 0. 0. 0. 0. 0. 0.]
Normalized importance:  [5.85714286e-01 2.46071429e-01 4.60714286e-01 3.12142857e-01
 4.50000000e-01 6.00000000e-01 0.00000000e+00 2.53571429e-01
 5.32142857e-02 6.92857143e-01 4.60714286e-01 5.96428571e-01
 6.14285714e-01 2.01071429e-01 1.37857143e-01 8.60714286e-01
 0.00000000e+00 4.28571429e-01 1.00000000e+00 2.59642857e-01
 8.03571429e-01 2.92500000e-01 7.21428571e-01 4.32142857e-01
 9.21428571e-01 3.92857143e-01 2.71785714e-01 5.53571429e-01
 4.53571429e-01 1.13571429e-01 3.45000000e-01 8.57142857e-02
 3.50000000e-01 5.50000000e-01 2.66428571e-01 2.24642857e-01
 5.75000000e-01 7.42857143e-01 2.65000000e-01 4.89285714e-01
 5.85714286e-02 4.28571429e-01 1.96785714e-01 2.60714286e-01
 4.60714286e-01 6.85714286e-01 0.00000000e+00 5.64285714e-01
 5.03571429e-01 6.39285714e-01 4.42857143e-01 7.03571429e-01
 5.07142857e-01 5.10714286e-01 7.57142857e-01 3.00357143e-01
 5.00000000e-01 4.14285714e-01 7.64285714e-01 4.21428571e-01
 3.01785714e-01 6.67857143e-01 7.60714286e-01 5.82142857e-01
 3.38571429e-01 4.57142857e-01 1.16071429e-01 8.00000000e-01
 1.75000000e-02 5.17857143e-02 4.75000000e-01 1.86428571e-01
 4.75000000e-01 3.92857143e-01 5.71428571e-02 3.89285714e-01
 1.21785714e-01 3.85714286e-01 3.82142857e-01 4.10714286e-01
 2.48214286e-01 0.00000000e+00 1.07142857e-03 0.00000000e+00
 0.00000000e+00 1.19285714e-01 0.00000000e+00 0.00000000e+00
 3.44642857e-02 1.88571429e-01 2.30714286e-01 0.00000000e+00
 0.00000000e+00 0.00000000e+00 3.12857143e-02 2.98928571e-01
 1.20357143e-01 0.00000000e+00 3.26071429e-01 0.00000000e+00
 0.00000000e+00 0.00000000e+00 0.00000000e+00 3.52500000e-01
 0.00000000e+00 2.02500000e-01 9.21428571e-02 3.71428571e-01
 0.00000000e+00 1.79285714e-01 7.39285714e-03 1.92142857e-01
 0.00000000e+00 1.63214286e-01 0.00000000e+00 0.00000000e+00
 1.78928571e-01 2.27142857e-01 1.21428571e-02 3.10357143e-01
 1.52500000e-01 0.00000000e+00 0.00000000e+00 2.98214286e-01
 0.00000000e+00 2.95000000e-01 0.00000000e+00 0.00000000e+00
 6.57142857e-02 0.00000000e+00 3.78571429e-01 0.00000000e+00
 0.00000000e+00 0.00000000e+00 0.00000000e+00 2.18214286e-01
 0.00000000e+00 1.00000000e-01 0.00000000e+00 0.00000000e+00
 0.00000000e+00 3.30000000e-01 7.64285714e-02 0.00000000e+00
 0.00000000e+00 3.43571429e-01 0.00000000e+00 0.00000000e+00
 3.26785714e-01 8.71428571e-02 0.00000000e+00 0.00000000e+00
 4.57142857e-02 0.00000000e+00 2.90000000e-01 0.00000000e+00
 1.70000000e-01 0.00000000e+00 0.00000000e+00 0.00000000e+00
 0.00000000e+00 1.50000000e-01 0.00000000e+00 3.49642857e-02
 0.00000000e+00 2.50000000e-01 0.00000000e+00 5.50000000e-01
 0.00000000e+00 3.19285714e-01 3.22500000e-01 0.00000000e+00
 0.00000000e+00 4.07142857e-01 7.25000000e-04 0.00000000e+00
 3.40357143e-01 0.00000000e+00 0.00000000e+00 2.36785714e-02
 2.37500000e-01 1.48928571e-01 1.65714286e-01 3.02857143e-01
 2.10357143e-01 0.00000000e+00 4.14285714e-01 0.00000000e+00
 2.10000000e-01 0.00000000e+00 2.48571429e-01 1.02857143e-01
 0.00000000e+00 6.42857143e-02 0.00000000e+00 9.89285714e-02
 1.34642857e-01 3.96428571e-02 0.00000000e+00 0.00000000e+00]
pyseer
y_true:  [0. 0. 0. 0. 0. 0. 0. 0. 0. 1. 1. 1. 1. 1. 1. 1. 1. 1. 1. 1. 1. 1. 1. 1.
 1. 1. 1. 0. 0. 0. 0. 0. 0. 0. 0. 0. 1. 1. 1. 1. 1. 1. 1. 1. 1. 1. 1. 1.
 1. 1. 1. 1. 1. 1. 1. 1. 1. 1. 1. 1. 1. 1. 1. 0. 0. 0. 0. 0. 0. 0. 0. 0.
 0. 0. 0. 0. 0. 0. 0. 0. 0. 0. 0. 0. 0. 0. 0. 0. 0. 0. 0. 0. 0. 0. 0. 0.
 0. 0. 0. 0. 0. 0. 0. 0. 0. 0. 0. 0. 0. 0. 0. 0. 0. 0. 0. 0. 0. 0. 0. 0.
 0. 0. 0. 0. 0. 0. 0. 0. 0. 0. 0. 0. 0. 0. 0. 0. 0. 0. 0. 0. 0. 0. 0. 0.
 0. 0. 0. 0. 0. 0. 0. 0. 0. 0. 0. 0. 0. 0. 0. 0. 0. 0. 0. 0. 0. 0. 0. 0.
 0. 0. 0. 0. 0. 0. 0. 0. 0. 0. 0. 0. 0. 0. 0. 0. 0. 0. 0. 0. 0. 0. 0. 0.
 0. 0. 0. 0. 0. 0. 0. 0.]
y_pred:  [1. 0. 1. 1. 1. 1. 0. 0. 0. 1. 1. 1. 1. 0. 0. 1. 0. 1. 1. 0. 1. 0. 1. 1.
 1. 1. 0. 1. 1. 0. 1. 0. 1. 1. 0. 0. 1. 1. 0. 1. 0. 1. 0. 0. 1. 1. 0. 1.
 1. 1. 1. 1. 1. 1. 1. 0. 1. 1. 1. 1. 1. 1. 1. 1. 1. 1. 0. 1. 0. 0. 1. 0.
 1. 1. 0. 1. 0. 1. 1. 1. 0. 0. 0. 0. 0. 0. 0. 0. 0. 0. 0. 0. 0. 0. 0. 0.
 0. 0. 1. 0. 0. 0. 0. 1. 0. 0. 0. 1. 0. 0. 0. 0. 0. 0. 0. 0. 0. 0. 0. 1.
 0. 0. 0. 0. 0. 0. 0. 0. 0. 0. 1. 0. 0. 0. 0. 0. 0. 0. 0. 0. 0. 1. 0. 0.
 0. 1. 0. 0. 1. 0. 0. 0. 0. 0. 0. 0. 0. 0. 0. 0. 0. 0. 0. 0. 0. 0. 0. 1.
 0. 1. 1. 0. 0. 1. 0. 0. 1. 0. 0. 0. 0. 0. 0. 1. 0. 0. 1. 0. 0. 0. 0. 0.
 0. 0. 0. 0. 0. 0. 0. 0.]
Time taken: 23.513612747192383 seconds
Running combination 37 of 50
Fitting RandomForest...
Fitting Adaboost...
Fitting AdaBoost_2...
Fitting et...
Fitting gbc...
Fitting gbc_2...
Fitting gbc_3...
Fitting dt...
Fitting lr...
Fitting Lasso_1...
Fitting Lasso_2...
Fitting Lasso_3...
Fitting Lasso_4...
Fitting elasticnet...
VCF file created successfully.
pyseer stderr:  Read 1000 phenotypes
Detected continuous phenotype
Reading all variants

0variants [00:00, ?variants/s]
55variants [00:00, 540.74variants/s]
110variants [00:00, 481.11variants/s]
166variants [00:00, 513.27variants/s]
198variants [00:00, 517.38variants/s]
Applying correlation filtering

  0%|          | 0/198 [00:00<?, ?variants/s]
100%|██████████| 198/198 [00:00<00:00, 2628.67variants/s]
Fitting elastic net to top 148 variants
Best penalty (lambda) from cross-validation: 1.45E+01
Best R^2 from cross-validation: 0.510
Finding and printing selected variants
198 loaded variants
50 pre-filtered variants
148 tested variants
134 printed variants

True importance standardized:  [0.36132316 0.36132316 0.36132316 0.36132316 0.36132316 0.36132316
 0.36132316 0.36132316 0.36132316 0.69517118 0.69517118 0.69517118
 0.69517118 0.69517118 0.69517118 0.69517118 0.69517118 0.69517118
 1.         1.         1.         1.         1.         1.
 1.         1.         1.         0.85598202 0.85598202 0.85598202
 0.85598202 0.85598202 0.85598202 0.85598202 0.85598202 0.85598202
 0.86201286 0.86201286 0.86201286 0.86201286 0.86201286 0.86201286
 0.86201286 0.86201286 0.86201286 0.63615783 0.63615783 0.63615783
 0.63615783 0.63615783 0.63615783 0.63615783 0.63615783 0.63615783
 0.73166407 0.73166407 0.73166407 0.73166407 0.73166407 0.73166407
 0.73166407 0.73166407 0.73166407 0.19591394 0.19591394 0.19591394
 0.19591394 0.19591394 0.19591394 0.19591394 0.19591394 0.19591394
 0.24900445 0.24900445 0.24900445 0.24900445 0.24900445 0.24900445
 0.24900445 0.24900445 0.24900445 0.70106471 0.70106471 0.70106471
 0.70106471 0.70106471 0.70106471 0.70106471 0.70106471 0.70106471
 0.         0.         0.         0.         0.         0.
 0.         0.         0.         0.         0.         0.
 0.         0.         0.         0.         0.         0.
 0.         0.         0.         0.         0.         0.
 0.         0.         0.         0.         0.         0.
 0.         0.         0.         0.         0.         0.
 0.         0.         0.         0.         0.         0.
 0.         0.         0.         0.         0.         0.
 0.         0.         0.         0.         0.         0.
 0.         0.         0.         0.         0.         0.
 0.         0.         0.         0.         0.         0.
 0.         0.         0.         0.         0.         0.
 0.         0.         0.         0.         0.         0.
 0.         0.         0.         0.         0.         0.
 0.         0.         0.         0.         0.         0.
 0.         0.         0.         0.         0.         0.
 0.         0.         0.         0.         0.         0.
 0.         0.         0.         0.         0.         0.
 0.         0.        ]
Normalized importance:  [0.11743052 0.11743052 0.11743052 0.11743052 0.11743052 0.11743052
 0.11743052 0.11743052 0.11743052 0.7079556  0.7079556  0.7079556
 0.7079556  0.7079556  0.7079556  0.7079556  0.7079556  0.7079556
 1.         1.         1.         1.         1.         1.
 1.         1.         1.         0.81708287 0.81708287 0.81708287
 0.81708287 0.81708287 0.81708287 0.81708287 0.81708287 0.81708287
 0.80827601 0.80827601 0.80827601 0.80827601 0.80827601 0.80827601
 0.80827601 0.80827601 0.80827601 0.36197879 0.36197879 0.36197879
 0.36197879 0.36197879 0.36197879 0.36197879 0.36197879 0.36197879
 0.53405498 0.53405498 0.53405498 0.53405498 0.53405498 0.53405498
 0.53405498 0.53405498 0.53405498 0.03561515 0.03561515 0.
 0.03561515 0.         0.         0.03561515 0.         0.
 0.07500076 0.07500076 0.         0.         0.         0.
 0.         0.07500076 0.07500076 0.41478899 0.41478899 0.41478899
 0.41478899 0.41478899 0.41478899 0.41478899 0.41478899 0.41478899
 0.         0.         0.         0.         0.         0.
 0.         0.         0.         0.         0.         0.
 0.         0.         0.         0.         0.         0.
 0.         0.         0.         0.         0.         0.
 0.         0.         0.         0.         0.         0.
 0.         0.         0.         0.         0.         0.
 0.         0.         0.         0.12775032 0.         0.
 0.         0.         0.         0.         0.         0.
 0.         0.01894918 0.         0.         0.         0.
 0.         0.01863401 0.         0.         0.         0.
 0.         0.         0.         0.         0.         0.
 0.         0.         0.02021375 0.         0.         0.
 0.05957344 0.         0.         0.         0.         0.0313046
 0.         0.02336473 0.         0.         0.         0.
 0.         0.         0.         0.         0.         0.
 0.         0.05057606 0.         0.         0.         0.
 0.02350777 0.         0.         0.0524615  0.08179236 0.
 0.         0.         0.         0.         0.         0.
 0.         0.        ]
deepbreaks
y_true:  [0. 0. 0. 0. 0. 0. 0. 0. 0. 0. 0. 0. 0. 0. 0. 0. 0. 0. 1. 1. 1. 1. 1. 1.
 1. 1. 1. 1. 1. 1. 1. 1. 1. 1. 1. 1. 1. 1. 1. 1. 1. 1. 1. 1. 1. 0. 0. 0.
 0. 0. 0. 0. 0. 0. 1. 1. 1. 1. 1. 1. 1. 1. 1. 0. 0. 0. 0. 0. 0. 0. 0. 0.
 0. 0. 0. 0. 0. 0. 0. 0. 0. 1. 1. 1. 1. 1. 1. 1. 1. 1. 0. 0. 0. 0. 0. 0.
 0. 0. 0. 0. 0. 0. 0. 0. 0. 0. 0. 0. 0. 0. 0. 0. 0. 0. 0. 0. 0. 0. 0. 0.
 0. 0. 0. 0. 0. 0. 0. 0. 0. 0. 0. 0. 0. 0. 0. 0. 0. 0. 0. 0. 0. 0. 0. 0.
 0. 0. 0. 0. 0. 0. 0. 0. 0. 0. 0. 0. 0. 0. 0. 0. 0. 0. 0. 0. 0. 0. 0. 0.
 0. 0. 0. 0. 0. 0. 0. 0. 0. 0. 0. 0. 0. 0. 0. 0. 0. 0. 0. 0. 0. 0. 0. 0.
 0. 0. 0. 0. 0. 0. 0. 0.]
y_pred:  [0. 0. 0. 0. 0. 0. 0. 0. 0. 1. 1. 1. 1. 1. 1. 1. 1. 1. 1. 1. 1. 1. 1. 1.
 1. 1. 1. 1. 1. 1. 1. 1. 1. 1. 1. 1. 1. 1. 1. 1. 1. 1. 1. 1. 1. 0. 0. 0.
 0. 0. 0. 0. 0. 0. 1. 1. 1. 1. 1. 1. 1. 1. 1. 0. 0. 0. 0. 0. 0. 0. 0. 0.
 0. 0. 0. 0. 0. 0. 0. 0. 0. 1. 1. 1. 1. 1. 1. 1. 1. 1. 0. 0. 0. 0. 0. 0.
 0. 0. 0. 0. 0. 0. 0. 0. 0. 0. 0. 0. 0. 0. 0. 0. 0. 0. 0. 0. 0. 0. 0. 0.
 0. 0. 0. 0. 0. 0. 0. 0. 0. 0. 0. 0. 0. 0. 0. 0. 0. 0. 0. 0. 0. 0. 0. 0.
 0. 0. 0. 0. 0. 0. 0. 0. 0. 0. 0. 0. 0. 0. 0. 0. 0. 0. 0. 0. 0. 0. 0. 0.
 0. 0. 0. 0. 0. 0. 0. 0. 0. 0. 0. 0. 0. 0. 0. 0. 0. 0. 0. 0. 0. 0. 0. 0.
 0. 0. 0. 0. 0. 0. 0. 0.]
Normalized importance:  [0.36082474 0.1628866  0.         0.16185567 0.04845361 0.06632302
 0.36082474 0.16769759 0.3233677  0.99656357 0.39175258 0.64948454
 0.28075601 0.42955326 0.13917526 0.36426117 0.48797251 0.
 1.         0.91408935 0.43642612 0.65635739 0.43298969 0.03883162
 0.63917526 0.49828179 0.54982818 0.75257732 0.395189   0.35051546
 0.62886598 0.57731959 0.27972509 0.48453608 0.28178694 0.30618557
 0.83505155 0.61168385 0.47766323 0.18659794 0.0395189  0.45360825
 0.2766323  0.61168385 0.48109966 0.43986254 0.43642612 0.26735395
 0.23883162 0.26185567 0.42611684 0.295189   0.49828179 0.15017182
 0.70103093 0.35051546 0.48797251 0.33436426 0.41924399 0.36769759
 0.37800687 0.28350515 0.32199313 0.18522337 0.20584192 0.13436426
 0.         0.01756014 0.12646048 0.33780069 0.         0.
 0.21924399 0.39175258 0.         0.         0.0580756  0.
 0.06151203 0.21408935 0.23539519 0.67697595 0.45017182 0.49484536
 0.57388316 0.         0.37457045 0.14329897 0.12886598 0.19106529
 0.         0.         0.         0.         0.0975945  0.
 0.35738832 0.19725086 0.08213058 0.         0.         0.
 0.         0.02147766 0.         0.19140893 0.11649485 0.
 0.         0.01309278 0.18728522 0.         0.06323024 0.
 0.         0.22920962 0.28831615 0.24329897 0.         0.
 0.         0.         0.         0.         0.         0.
 0.         0.14845361 0.         0.35738832 0.         0.
 0.         0.02594502 0.28487973 0.         0.         0.21546392
 0.         0.35738832 0.         0.         0.         0.25738832
 0.15120275 0.27044674 0.         0.15601375 0.23058419 0.11168385
 0.         0.28591065 0.         0.         0.19072165 0.
 0.03271478 0.         0.32714777 0.26116838 0.         0.04536082
 0.31958763 0.07182131 0.14570447 0.         0.         0.25910653
 0.27525773 0.32371134 0.31649485 0.         0.40206186 0.14020619
 0.         0.10687285 0.         0.         0.09450172 0.06185567
 0.         0.10790378 0.         0.08591065 0.00224742 0.07869416
 0.12027491 0.27079038 0.         0.18934708 0.1347079  0.
 0.395189   0.         0.         0.         0.         0.05635739
 0.         0.        ]
pyseer
y_true:  [0. 0. 0. 0. 0. 0. 0. 0. 0. 0. 0. 0. 0. 0. 0. 0. 0. 0. 1. 1. 1. 1. 1. 1.
 1. 1. 1. 1. 1. 1. 1. 1. 1. 1. 1. 1. 1. 1. 1. 1. 1. 1. 1. 1. 1. 0. 0. 0.
 0. 0. 0. 0. 0. 0. 1. 1. 1. 1. 1. 1. 1. 1. 1. 0. 0. 0. 0. 0. 0. 0. 0. 0.
 0. 0. 0. 0. 0. 0. 0. 0. 0. 1. 1. 1. 1. 1. 1. 1. 1. 1. 0. 0. 0. 0. 0. 0.
 0. 0. 0. 0. 0. 0. 0. 0. 0. 0. 0. 0. 0. 0. 0. 0. 0. 0. 0. 0. 0. 0. 0. 0.
 0. 0. 0. 0. 0. 0. 0. 0. 0. 0. 0. 0. 0. 0. 0. 0. 0. 0. 0. 0. 0. 0. 0. 0.
 0. 0. 0. 0. 0. 0. 0. 0. 0. 0. 0. 0. 0. 0. 0. 0. 0. 0. 0. 0. 0. 0. 0. 0.
 0. 0. 0. 0. 0. 0. 0. 0. 0. 0. 0. 0. 0. 0. 0. 0. 0. 0. 0. 0. 0. 0. 0. 0.
 0. 0. 0. 0. 0. 0. 0. 0.]
y_pred:  [1. 0. 0. 0. 0. 0. 1. 0. 1. 1. 1. 1. 1. 1. 0. 1. 1. 0. 1. 1. 1. 1. 1. 0.
 1. 1. 1. 1. 1. 1. 1. 1. 1. 1. 1. 1. 1. 1. 1. 0. 0. 1. 1. 1. 1. 1. 1. 0.
 0. 0. 1. 1. 1. 0. 1. 1. 1. 1. 1. 1. 1. 1. 1. 0. 0. 0. 0. 0. 0. 1. 0. 0.
 0. 1. 0. 0. 0. 0. 0. 0. 0. 1. 1. 1. 1. 0. 1. 0. 0. 0. 0. 0. 0. 0. 0. 0.
 1. 0. 0. 0. 0. 0. 0. 0. 0. 0. 0. 0. 0. 0. 0. 0. 0. 0. 0. 0. 1. 0. 0. 0.
 0. 0. 0. 0. 0. 0. 0. 0. 0. 1. 0. 0. 0. 0. 1. 0. 0. 0. 0. 1. 0. 0. 0. 0.
 0. 0. 0. 0. 0. 0. 0. 1. 0. 0. 0. 0. 0. 0. 1. 0. 0. 0. 1. 0. 0. 0. 0. 0.
 0. 1. 1. 0. 1. 0. 0. 0. 0. 0. 0. 0. 0. 0. 0. 0. 0. 0. 0. 0. 0. 0. 0. 0.
 1. 0. 0. 0. 0. 0. 0. 0.]
Time taken: 23.918302297592163 seconds
Running combination 38 of 50
Fitting RandomForest...
Fitting Adaboost...
Fitting AdaBoost_2...
Fitting et...
Fitting gbc...
Fitting gbc_2...
Fitting gbc_3...
Fitting dt...
Fitting lr...
Fitting Lasso_1...
Fitting Lasso_2...
Fitting Lasso_3...
Fitting Lasso_4...
Fitting elasticnet...
VCF file created successfully.
pyseer stderr:  Read 1000 phenotypes
Detected continuous phenotype
Reading all variants

0variants [00:00, ?variants/s]
54variants [00:00, 533.63variants/s]
108variants [00:00, 473.21variants/s]
163variants [00:00, 502.94variants/s]
198variants [00:00, 508.86variants/s]
Applying correlation filtering

  0%|          | 0/198 [00:00<?, ?variants/s]
100%|██████████| 198/198 [00:00<00:00, 2636.80variants/s]
Fitting elastic net to top 148 variants
Best penalty (lambda) from cross-validation: 4.40E+01
Best R^2 from cross-validation: 0.467
Finding and printing selected variants
198 loaded variants
50 pre-filtered variants
148 tested variants
139 printed variants

True importance standardized:  [0.19183136 0.19183136 0.19183136 0.19183136 0.19183136 0.19183136
 0.19183136 0.19183136 0.19183136 0.99265932 0.99265932 0.99265932
 0.99265932 0.99265932 0.99265932 0.99265932 0.99265932 0.99265932
 0.59879296 0.59879296 0.59879296 0.59879296 0.59879296 0.59879296
 0.59879296 0.59879296 0.59879296 0.87720358 0.87720358 0.87720358
 0.87720358 0.87720358 0.87720358 0.87720358 0.87720358 0.87720358
 1.         1.         1.         1.         1.         1.
 1.         1.         1.         0.27692726 0.27692726 0.27692726
 0.27692726 0.27692726 0.27692726 0.27692726 0.27692726 0.27692726
 0.66218896 0.66218896 0.66218896 0.66218896 0.66218896 0.66218896
 0.66218896 0.66218896 0.66218896 0.49639479 0.49639479 0.49639479
 0.49639479 0.49639479 0.49639479 0.49639479 0.49639479 0.49639479
 0.9923395  0.9923395  0.9923395  0.9923395  0.9923395  0.9923395
 0.9923395  0.9923395  0.9923395  0.72782106 0.72782106 0.72782106
 0.72782106 0.72782106 0.72782106 0.72782106 0.72782106 0.72782106
 0.         0.         0.         0.         0.         0.
 0.         0.         0.         0.         0.         0.
 0.         0.         0.         0.         0.         0.
 0.         0.         0.         0.         0.         0.
 0.         0.         0.         0.         0.         0.
 0.         0.         0.         0.         0.         0.
 0.         0.         0.         0.         0.         0.
 0.         0.         0.         0.         0.         0.
 0.         0.         0.         0.         0.         0.
 0.         0.         0.         0.         0.         0.
 0.         0.         0.         0.         0.         0.
 0.         0.         0.         0.         0.         0.
 0.         0.         0.         0.         0.         0.
 0.         0.         0.         0.         0.         0.
 0.         0.         0.         0.         0.         0.
 0.         0.         0.         0.         0.         0.
 0.         0.         0.         0.         0.         0.
 0.         0.         0.         0.         0.         0.
 0.         0.        ]
Normalized importance:  [0.04422834 0.         0.         0.         0.         0.04422834
 0.         0.         0.04422834 1.         1.         1.
 1.         1.         1.         1.         1.         1.
 0.40739145 0.40739145 0.40739145 0.40739145 0.40739145 0.40739145
 0.40739145 0.40739145 0.40739145 0.80868971 0.80868971 0.80868971
 0.80868971 0.80868971 0.80868971 0.80868971 0.80868971 0.80868971
 0.94932732 0.94932732 0.94932732 0.94932732 0.94932732 0.94932732
 0.94932732 0.94932732 0.94932732 0.07940722 0.         0.07940722
 0.07940722 0.07940722 0.07940722 0.07940722 0.07940722 0.07940722
 0.79179516 0.79179516 0.79179516 0.79179516 0.79179516 0.79179516
 0.79179516 0.79179516 0.79179516 0.13135964 0.13135964 0.13135964
 0.13135964 0.13135964 0.13135964 0.13135964 0.13135964 0.13135964
 0.95072452 0.95072452 0.95072452 0.95072452 0.95072452 0.95072452
 0.95072452 0.95072452 0.95072452 0.47509351 0.47509351 0.47509351
 0.47509351 0.47509351 0.47509351 0.47509351 0.47509351 0.47509351
 0.         0.         0.         0.         0.         0.
 0.         0.         0.10832688 0.016985   0.         0.
 0.         0.         0.         0.         0.05710872 0.04932697
 0.         0.01868486 0.         0.         0.         0.
 0.         0.         0.         0.17212122 0.         0.
 0.         0.         0.         0.         0.         0.01417693
 0.         0.         0.         0.         0.         0.
 0.         0.0258434  0.07633714 0.         0.         0.
 0.01469815 0.         0.         0.         0.         0.
 0.         0.         0.         0.00740338 0.         0.
 0.         0.         0.         0.02963994 0.         0.
 0.04645028 0.         0.         0.         0.         0.
 0.         0.         0.         0.         0.         0.
 0.         0.         0.         0.         0.         0.
 0.         0.         0.         0.         0.02417477 0.02705356
 0.         0.         0.         0.         0.         0.
 0.         0.         0.         0.         0.         0.
 0.03906306 0.         0.02892664 0.02483702 0.         0.
 0.         0.        ]
deepbreaks
y_true:  [0. 0. 0. 0. 0. 0. 0. 0. 0. 1. 1. 1. 1. 1. 1. 1. 1. 1. 0. 0. 0. 0. 0. 0.
 0. 0. 0. 1. 1. 1. 1. 1. 1. 1. 1. 1. 1. 1. 1. 1. 1. 1. 1. 1. 1. 0. 0. 0.
 0. 0. 0. 0. 0. 0. 0. 0. 0. 0. 0. 0. 0. 0. 0. 0. 0. 0. 0. 0. 0. 0. 0. 0.
 1. 1. 1. 1. 1. 1. 1. 1. 1. 1. 1. 1. 1. 1. 1. 1. 1. 1. 0. 0. 0. 0. 0. 0.
 0. 0. 0. 0. 0. 0. 0. 0. 0. 0. 0. 0. 0. 0. 0. 0. 0. 0. 0. 0. 0. 0. 0. 0.
 0. 0. 0. 0. 0. 0. 0. 0. 0. 0. 0. 0. 0. 0. 0. 0. 0. 0. 0. 0. 0. 0. 0. 0.
 0. 0. 0. 0. 0. 0. 0. 0. 0. 0. 0. 0. 0. 0. 0. 0. 0. 0. 0. 0. 0. 0. 0. 0.
 0. 0. 0. 0. 0. 0. 0. 0. 0. 0. 0. 0. 0. 0. 0. 0. 0. 0. 0. 0. 0. 0. 0. 0.
 0. 0. 0. 0. 0. 0. 0. 0.]
y_pred:  [0. 0. 0. 0. 0. 0. 0. 0. 0. 1. 1. 1. 1. 1. 1. 1. 1. 1. 0. 0. 0. 0. 0. 0.
 0. 0. 0. 1. 1. 1. 1. 1. 1. 1. 1. 1. 1. 1. 1. 1. 1. 1. 1. 1. 1. 0. 0. 0.
 0. 0. 0. 0. 0. 0. 1. 1. 1. 1. 1. 1. 1. 1. 1. 0. 0. 0. 0. 0. 0. 0. 0. 0.
 1. 1. 1. 1. 1. 1. 1. 1. 1. 1. 1. 1. 1. 1. 1. 1. 1. 1. 0. 0. 0. 0. 0. 0.
 0. 0. 0. 0. 0. 0. 0. 0. 0. 0. 0. 0. 0. 0. 0. 0. 0. 0. 0. 0. 0. 0. 0. 0.
 0. 0. 0. 0. 0. 0. 0. 0. 0. 0. 0. 0. 0. 0. 0. 0. 0. 0. 0. 0. 0. 0. 0. 0.
 0. 0. 0. 0. 0. 0. 0. 0. 0. 0. 0. 0. 0. 0. 0. 0. 0. 0. 0. 0. 0. 0. 0. 0.
 0. 0. 0. 0. 0. 0. 0. 0. 0. 0. 0. 0. 0. 0. 0. 0. 0. 0. 0. 0. 0. 0. 0. 0.
 0. 0. 0. 0. 0. 0. 0. 0.]
Normalized importance:  [0.20435511 0.         0.09765494 0.11356784 0.         0.01485762
 0.28978224 0.1159129  0.2680067  0.77386935 0.48073702 0.45896147
 0.67169179 0.42713568 0.6281407  0.75041876 0.18760469 0.75711893
 0.54941374 0.81407035 0.24623116 0.5360134  0.47068677 0.360134
 0.33835846 0.35343384 0.03718593 0.8040201  0.67169179 0.35510888
 0.5561139  0.42546064 0.4840871  0.76716918 0.24120603 0.20938023
 0.88107203 0.75544389 0.54606365 0.52428811 0.58458961 0.39530988
 0.26968174 0.30150754 0.76884422 0.18760469 0.09798995 0.2160804
 0.22613065 0.         0.1319933  0.         0.24958124 0.55108878
 0.75376884 0.2998325  0.62981575 0.35008375 0.44723618 0.07453936
 0.42546064 0.37520938 0.46231156 0.41373534 0.23115578 0.08693467
 0.44556114 0.         0.14840871 0.         0.28308208 0.33500838
 1.         0.50586265 0.53433836 0.77386935 0.43383585 0.02663317
 0.68676717 0.46733668 0.46733668 0.72194305 0.59966499 0.16432161
 0.5360134  0.42043551 0.30318258 0.1080402  0.49078727 0.27135678
 0.         0.18090452 0.         0.         0.         0.20435511
 0.01859296 0.         0.38860972 0.30485762 0.12227806 0.
 0.         0.20268007 0.12361809 0.         0.2881072  0.38525963
 0.00525963 0.25125628 0.         0.         0.         0.19262982
 0.21105528 0.26633166 0.23450586 0.65661642 0.         0.
 0.02144054 0.25293132 0.1438861  0.07571189 0.         0.08944724
 0.01110553 0.01291457 0.06767169 0.         0.30150754 0.
 0.04070352 0.23953099 0.39865997 0.07035176 0.         0.02479062
 0.15427136 0.         0.28978224 0.         0.         0.25963149
 0.14271357 0.         0.         0.09380235 0.30318258 0.319933
 0.28475712 0.         0.         0.07236181 0.         0.
 0.35343384 0.         0.14572864 0.         0.         0.
 0.1319933  0.         0.         0.         0.         0.
 0.16716918 0.10201005 0.         0.         0.         0.22613065
 0.         0.         0.         0.         0.20603015 0.26968174
 0.         0.         0.19095477 0.         0.         0.
 0.24958124 0.03668342 0.         0.         0.         0.
 0.33500838 0.         0.2881072  0.14120603 0.         0.11742044
 0.         0.        ]
pyseer
y_true:  [0. 0. 0. 0. 0. 0. 0. 0. 0. 1. 1. 1. 1. 1. 1. 1. 1. 1. 0. 0. 0. 0. 0. 0.
 0. 0. 0. 1. 1. 1. 1. 1. 1. 1. 1. 1. 1. 1. 1. 1. 1. 1. 1. 1. 1. 0. 0. 0.
 0. 0. 0. 0. 0. 0. 0. 0. 0. 0. 0. 0. 0. 0. 0. 0. 0. 0. 0. 0. 0. 0. 0. 0.
 1. 1. 1. 1. 1. 1. 1. 1. 1. 1. 1. 1. 1. 1. 1. 1. 1. 1. 0. 0. 0. 0. 0. 0.
 0. 0. 0. 0. 0. 0. 0. 0. 0. 0. 0. 0. 0. 0. 0. 0. 0. 0. 0. 0. 0. 0. 0. 0.
 0. 0. 0. 0. 0. 0. 0. 0. 0. 0. 0. 0. 0. 0. 0. 0. 0. 0. 0. 0. 0. 0. 0. 0.
 0. 0. 0. 0. 0. 0. 0. 0. 0. 0. 0. 0. 0. 0. 0. 0. 0. 0. 0. 0. 0. 0. 0. 0.
 0. 0. 0. 0. 0. 0. 0. 0. 0. 0. 0. 0. 0. 0. 0. 0. 0. 0. 0. 0. 0. 0. 0. 0.
 0. 0. 0. 0. 0. 0. 0. 0.]
y_pred:  [0. 0. 0. 0. 0. 0. 1. 0. 0. 1. 1. 1. 1. 1. 1. 1. 0. 1. 1. 1. 0. 1. 1. 1.
 1. 1. 0. 1. 1. 1. 1. 1. 1. 1. 0. 0. 1. 1. 1. 1. 1. 1. 0. 1. 1. 0. 0. 0.
 0. 0. 0. 0. 0. 1. 1. 1. 1. 1. 1. 0. 1. 1. 1. 1. 0. 0. 1. 0. 0. 0. 0. 1.
 1. 1. 1. 1. 1. 0. 1. 1. 1. 1. 1. 0. 1. 1. 1. 0. 1. 0. 0. 0. 0. 0. 0. 0.
 0. 0. 1. 1. 0. 0. 0. 0. 0. 0. 1. 1. 0. 0. 0. 0. 0. 0. 0. 0. 0. 1. 0. 0.
 0. 0. 0. 0. 0. 0. 0. 0. 0. 0. 1. 0. 0. 0. 1. 0. 0. 0. 0. 0. 1. 0. 0. 0.
 0. 0. 0. 0. 1. 1. 0. 0. 0. 0. 0. 0. 1. 0. 0. 0. 0. 0. 0. 0. 0. 0. 0. 0.
 0. 0. 0. 0. 0. 0. 0. 0. 0. 0. 0. 0. 0. 0. 0. 0. 0. 0. 0. 0. 0. 0. 0. 0.
 1. 0. 1. 0. 0. 0. 0. 0.]
Time taken: 26.13832449913025 seconds
Running combination 39 of 50
Fitting RandomForest...
Fitting Adaboost...
Fitting AdaBoost_2...
Fitting et...
Fitting gbc...
Fitting gbc_2...
Fitting gbc_3...
Fitting dt...
Fitting lr...
Fitting Lasso_1...
Fitting Lasso_2...
Fitting Lasso_3...
Fitting Lasso_4...
Fitting elasticnet...
VCF file created successfully.
pyseer stderr:  Read 1000 phenotypes
Detected continuous phenotype
Reading all variants

0variants [00:00, ?variants/s]
55variants [00:00, 544.96variants/s]
110variants [00:00, 449.97variants/s]
165variants [00:00, 490.40variants/s]
198variants [00:00, 497.08variants/s]
Applying correlation filtering

  0%|          | 0/198 [00:00<?, ?variants/s]
100%|██████████| 198/198 [00:00<00:00, 2661.39variants/s]
Fitting elastic net to top 148 variants
Best penalty (lambda) from cross-validation: 2.61E+01
Best R^2 from cross-validation: 0.508
Finding and printing selected variants
198 loaded variants
50 pre-filtered variants
148 tested variants
140 printed variants

True importance standardized:  [0.62549882 0.62549882 0.62549882 0.62549882 0.62549882 0.62549882
 0.62549882 0.62549882 0.62549882 0.42219818 0.42219818 0.42219818
 0.42219818 0.42219818 0.42219818 0.42219818 0.42219818 0.42219818
 0.46923324 0.46923324 0.46923324 0.46923324 0.46923324 0.46923324
 0.46923324 0.46923324 0.46923324 0.81984679 0.81984679 0.81984679
 0.81984679 0.81984679 0.81984679 0.81984679 0.81984679 0.81984679
 0.59480977 0.59480977 0.59480977 0.59480977 0.59480977 0.59480977
 0.59480977 0.59480977 0.59480977 0.25957887 0.25957887 0.25957887
 0.25957887 0.25957887 0.25957887 0.25957887 0.25957887 0.25957887
 0.71320017 0.71320017 0.71320017 0.71320017 0.71320017 0.71320017
 0.71320017 0.71320017 0.71320017 0.8465159  0.8465159  0.8465159
 0.8465159  0.8465159  0.8465159  0.8465159  0.8465159  0.8465159
 0.95354825 0.95354825 0.95354825 0.95354825 0.95354825 0.95354825
 0.95354825 0.95354825 0.95354825 1.         1.         1.
 1.         1.         1.         1.         1.         1.
 0.         0.         0.         0.         0.         0.
 0.         0.         0.         0.         0.         0.
 0.         0.         0.         0.         0.         0.
 0.         0.         0.         0.         0.         0.
 0.         0.         0.         0.         0.         0.
 0.         0.         0.         0.         0.         0.
 0.         0.         0.         0.         0.         0.
 0.         0.         0.         0.         0.         0.
 0.         0.         0.         0.         0.         0.
 0.         0.         0.         0.         0.         0.
 0.         0.         0.         0.         0.         0.
 0.         0.         0.         0.         0.         0.
 0.         0.         0.         0.         0.         0.
 0.         0.         0.         0.         0.         0.
 0.         0.         0.         0.         0.         0.
 0.         0.         0.         0.         0.         0.
 0.         0.         0.         0.         0.         0.
 0.         0.         0.         0.         0.         0.
 0.         0.        ]
Normalized importance:  [0.34982035 0.34982035 0.34982035 0.34982035 0.34982035 0.34982035
 0.34982035 0.34982035 0.34982035 0.20499778 0.20499778 0.20499778
 0.20499778 0.20499778 0.20499778 0.20499778 0.20499778 0.20499778
 0.30937149 0.30937149 0.30937149 0.30937149 0.30937149 0.30937149
 0.30937149 0.30937149 0.30937149 0.73804822 0.73804822 0.73804822
 0.73804822 0.73804822 0.73804822 0.73804822 0.73804822 0.73804822
 0.36318913 0.36318913 0.36318913 0.36318913 0.36318913 0.36318913
 0.36318913 0.36318913 0.36318913 0.04704669 0.04704669 0.04704669
 0.04704669 0.04704669 0.04704669 0.         0.         0.04704669
 0.67029804 0.67029804 0.67029804 0.67029804 0.67029804 0.67029804
 0.67029804 0.67029804 0.67029804 0.4116128  0.4116128  0.4116128
 0.4116128  0.4116128  0.4116128  0.4116128  0.4116128  0.4116128
 1.         1.         1.         1.         1.         1.
 1.         1.         1.         0.90014995 0.90014995 0.90014995
 0.90014995 0.90014995 0.90014995 0.90014995 0.90014995 0.90014995
 0.         0.         0.         0.         0.         0.
 0.         0.         0.         0.         0.         0.
 0.         0.02970956 0.         0.00909307 0.         0.02682668
 0.         0.         0.         0.02546971 0.01601264 0.
 0.         0.         0.         0.         0.02433911 0.
 0.07798896 0.         0.         0.         0.         0.
 0.         0.         0.         0.         0.         0.02163827
 0.         0.         0.01653791 0.02569742 0.         0.01119974
 0.         0.         0.         0.         0.         0.
 0.         0.         0.         0.         0.         0.01783304
 0.01126864 0.         0.         0.         0.         0.09034669
 0.         0.         0.00992527 0.         0.         0.
 0.         0.         0.         0.         0.         0.
 0.0236178  0.         0.         0.         0.         0.
 0.00510698 0.         0.         0.         0.         0.02464617
 0.         0.         0.         0.         0.         0.
 0.         0.         0.         0.         0.         0.
 0.         0.         0.         0.         0.03460976 0.
 0.         0.        ]
deepbreaks
y_true:  [0. 0. 0. 0. 0. 0. 0. 0. 0. 0. 0. 0. 0. 0. 0. 0. 0. 0. 0. 0. 0. 0. 0. 0.
 0. 0. 0. 1. 1. 1. 1. 1. 1. 1. 1. 1. 0. 0. 0. 0. 0. 0. 0. 0. 0. 0. 0. 0.
 0. 0. 0. 0. 0. 0. 1. 1. 1. 1. 1. 1. 1. 1. 1. 1. 1. 1. 1. 1. 1. 1. 1. 1.
 1. 1. 1. 1. 1. 1. 1. 1. 1. 1. 1. 1. 1. 1. 1. 1. 1. 1. 0. 0. 0. 0. 0. 0.
 0. 0. 0. 0. 0. 0. 0. 0. 0. 0. 0. 0. 0. 0. 0. 0. 0. 0. 0. 0. 0. 0. 0. 0.
 0. 0. 0. 0. 0. 0. 0. 0. 0. 0. 0. 0. 0. 0. 0. 0. 0. 0. 0. 0. 0. 0. 0. 0.
 0. 0. 0. 0. 0. 0. 0. 0. 0. 0. 0. 0. 0. 0. 0. 0. 0. 0. 0. 0. 0. 0. 0. 0.
 0. 0. 0. 0. 0. 0. 0. 0. 0. 0. 0. 0. 0. 0. 0. 0. 0. 0. 0. 0. 0. 0. 0. 0.
 0. 0. 0. 0. 0. 0. 0. 0.]
y_pred:  [0. 0. 0. 0. 0. 0. 0. 0. 0. 0. 0. 0. 0. 0. 0. 0. 0. 0. 0. 0. 0. 0. 0. 0.
 0. 0. 0. 1. 1. 1. 1. 1. 1. 1. 1. 1. 1. 1. 1. 1. 1. 1. 1. 1. 1. 0. 0. 0.
 0. 0. 0. 0. 0. 0. 1. 1. 1. 1. 1. 1. 1. 1. 1. 1. 1. 1. 1. 1. 1. 1. 1. 1.
 1. 1. 1. 1. 1. 1. 1. 1. 1. 1. 1. 1. 1. 1. 1. 1. 1. 1. 0. 0. 0. 0. 0. 0.
 0. 0. 0. 0. 0. 0. 0. 0. 0. 0. 0. 0. 0. 0. 0. 0. 0. 0. 0. 0. 0. 0. 0. 0.
 0. 0. 0. 0. 0. 0. 0. 0. 0. 0. 0. 0. 0. 0. 0. 0. 0. 0. 0. 0. 0. 0. 0. 0.
 0. 0. 0. 0. 0. 0. 0. 0. 0. 0. 0. 0. 0. 0. 0. 0. 0. 0. 0. 0. 0. 0. 0. 0.
 0. 0. 0. 0. 0. 0. 0. 0. 0. 0. 0. 0. 0. 0. 0. 0. 0. 0. 0. 0. 0. 0. 0. 0.
 0. 0. 0. 0. 0. 0. 0. 0.]
Normalized importance:  [0.51968504 0.40354331 0.16200787 0.82677165 0.39370079 0.5019685
 0.30314961 0.00472441 0.16594488 0.52755906 0.23031496 0.27755906
 0.03661417 0.16751969 0.15098425 0.26377953 0.57480315 0.33464567
 0.34448819 0.34645669 0.46259843 0.18503937 0.         0.18110236
 0.52952756 0.64173228 0.41141732 0.70669291 0.74606299 0.38385827
 0.2992126  0.37992126 0.41732283 0.56496063 0.22047244 0.29527559
 0.39370079 0.46259843 0.51968504 0.73425197 0.1515748  0.38976378
 0.36614173 0.27952756 0.17677165 0.24212598 0.03720472 0.33661417
 0.14724409 0.10492126 0.2480315  0.03996063 0.21850394 0.07322835
 0.57480315 0.36614173 0.3996063  0.57086614 0.47047244 0.45275591
 0.27362205 0.29527559 0.20275591 0.72440945 0.52165354 0.21062992
 0.43897638 0.33464567 0.25       0.58858268 0.00332677 0.21850394
 0.85826772 0.51771654 0.78346457 0.38779528 0.31692913 0.47440945
 0.45472441 0.06574803 0.65748031 1.         0.3523622  0.53149606
 0.67125984 0.24409449 0.42913386 0.30511811 0.61023622 0.47440945
 0.         0.         0.         0.10275591 0.11968504 0.24212598
 0.         0.23425197 0.13385827 0.08346457 0.         0.06141732
 0.         0.45866142 0.         0.29133858 0.         0.01988189
 0.         0.         0.         0.40944882 0.34055118 0.
 0.         0.2480315  0.31102362 0.         0.59055118 0.19685039
 0.42913386 0.         0.         0.         0.2007874  0.0261811
 0.27165354 0.         0.16318898 0.         0.19192913 0.6023622
 0.08208661 0.         0.30708661 0.42716535 0.         0.36023622
 0.         0.         0.25984252 0.         0.28937008 0.
 0.         0.         0.         0.15177165 0.         0.35433071
 0.3484252  0.31692913 0.         0.07755906 0.         0.56496063
 0.10137795 0.06122047 0.25984252 0.         0.         0.05944882
 0.         0.         0.         0.         0.         0.
 0.42913386 0.         0.05531496 0.         0.         0.
 0.04074803 0.36220472 0.         0.         0.         0.23031496
 0.         0.         0.08129921 0.         0.32283465 0.
 0.10314961 0.18464567 0.         0.         0.         0.
 0.16141732 0.         0.21850394 0.         0.38779528 0.
 0.         0.        ]
pyseer
y_true:  [0. 0. 0. 0. 0. 0. 0. 0. 0. 0. 0. 0. 0. 0. 0. 0. 0. 0. 0. 0. 0. 0. 0. 0.
 0. 0. 0. 1. 1. 1. 1. 1. 1. 1. 1. 1. 0. 0. 0. 0. 0. 0. 0. 0. 0. 0. 0. 0.
 0. 0. 0. 0. 0. 0. 1. 1. 1. 1. 1. 1. 1. 1. 1. 1. 1. 1. 1. 1. 1. 1. 1. 1.
 1. 1. 1. 1. 1. 1. 1. 1. 1. 1. 1. 1. 1. 1. 1. 1. 1. 1. 0. 0. 0. 0. 0. 0.
 0. 0. 0. 0. 0. 0. 0. 0. 0. 0. 0. 0. 0. 0. 0. 0. 0. 0. 0. 0. 0. 0. 0. 0.
 0. 0. 0. 0. 0. 0. 0. 0. 0. 0. 0. 0. 0. 0. 0. 0. 0. 0. 0. 0. 0. 0. 0. 0.
 0. 0. 0. 0. 0. 0. 0. 0. 0. 0. 0. 0. 0. 0. 0. 0. 0. 0. 0. 0. 0. 0. 0. 0.
 0. 0. 0. 0. 0. 0. 0. 0. 0. 0. 0. 0. 0. 0. 0. 0. 0. 0. 0. 0. 0. 0. 0. 0.
 0. 0. 0. 0. 0. 0. 0. 0.]
y_pred:  [1. 1. 0. 1. 1. 1. 0. 0. 0. 1. 0. 0. 0. 0. 0. 0. 1. 1. 1. 1. 1. 0. 0. 0.
 1. 1. 1. 1. 1. 1. 0. 1. 1. 1. 0. 0. 1. 1. 1. 1. 0. 1. 1. 0. 0. 0. 0. 1.
 0. 0. 0. 0. 0. 0. 1. 1. 1. 1. 1. 1. 0. 0. 0. 1. 1. 0. 1. 1. 0. 1. 0. 0.
 1. 1. 1. 1. 1. 1. 1. 0. 1. 1. 1. 1. 1. 0. 1. 0. 1. 1. 0. 0. 0. 0. 0. 0.
 0. 0. 0. 0. 0. 0. 0. 1. 0. 0. 0. 0. 0. 0. 0. 1. 1. 0. 0. 0. 1. 0. 1. 0.
 1. 0. 0. 0. 0. 0. 0. 0. 0. 0. 0. 1. 0. 0. 0. 1. 0. 1. 0. 0. 0. 0. 0. 0.
 0. 0. 0. 0. 0. 1. 1. 1. 0. 0. 0. 1. 0. 0. 0. 0. 0. 0. 0. 0. 0. 0. 0. 0.
 1. 0. 0. 0. 0. 0. 0. 1. 0. 0. 0. 0. 0. 0. 0. 0. 1. 0. 0. 0. 0. 0. 0. 0.
 0. 0. 0. 0. 1. 0. 0. 0.]
Time taken: 24.66053533554077 seconds
Running combination 40 of 50
Fitting RandomForest...
Fitting Adaboost...
Fitting AdaBoost_2...
Fitting et...
Fitting gbc...
Fitting gbc_2...
Fitting gbc_3...
Fitting dt...
Fitting lr...
Fitting Lasso_1...
Fitting Lasso_2...
Fitting Lasso_3...
Fitting Lasso_4...
Fitting elasticnet...
VCF file created successfully.
pyseer stderr:  Read 1000 phenotypes
Detected continuous phenotype
Reading all variants

0variants [00:00, ?variants/s]
52variants [00:00, 515.98variants/s]
104variants [00:00, 455.51variants/s]
160variants [00:00, 497.80variants/s]
198variants [00:00, 502.71variants/s]
Applying correlation filtering

  0%|          | 0/198 [00:00<?, ?variants/s]
100%|██████████| 198/198 [00:00<00:00, 2706.05variants/s]
Fitting elastic net to top 148 variants
Best penalty (lambda) from cross-validation: 2.27E+01
Best R^2 from cross-validation: 0.530
Finding and printing selected variants
198 loaded variants
50 pre-filtered variants
148 tested variants
138 printed variants

True importance standardized:  [0.46009399 0.46009399 0.46009399 0.46009399 0.46009399 0.46009399
 0.46009399 0.46009399 0.46009399 0.83500068 0.83500068 0.83500068
 0.83500068 0.83500068 0.83500068 0.83500068 0.83500068 0.83500068
 0.9253588  0.9253588  0.9253588  0.9253588  0.9253588  0.9253588
 0.9253588  0.9253588  0.9253588  0.32435154 0.32435154 0.32435154
 0.32435154 0.32435154 0.32435154 0.32435154 0.32435154 0.32435154
 0.42676933 0.42676933 0.42676933 0.42676933 0.42676933 0.42676933
 0.42676933 0.42676933 0.42676933 0.71216703 0.71216703 0.71216703
 0.71216703 0.71216703 0.71216703 0.71216703 0.71216703 0.71216703
 0.46260004 0.46260004 0.46260004 0.46260004 0.46260004 0.46260004
 0.46260004 0.46260004 0.46260004 0.47362334 0.47362334 0.47362334
 0.47362334 0.47362334 0.47362334 0.47362334 0.47362334 0.47362334
 0.21727024 0.21727024 0.21727024 0.21727024 0.21727024 0.21727024
 0.21727024 0.21727024 0.21727024 1.         1.         1.
 1.         1.         1.         1.         1.         1.
 0.         0.         0.         0.         0.         0.
 0.         0.         0.         0.         0.         0.
 0.         0.         0.         0.         0.         0.
 0.         0.         0.         0.         0.         0.
 0.         0.         0.         0.         0.         0.
 0.         0.         0.         0.         0.         0.
 0.         0.         0.         0.         0.         0.
 0.         0.         0.         0.         0.         0.
 0.         0.         0.         0.         0.         0.
 0.         0.         0.         0.         0.         0.
 0.         0.         0.         0.         0.         0.
 0.         0.         0.         0.         0.         0.
 0.         0.         0.         0.         0.         0.
 0.         0.         0.         0.         0.         0.
 0.         0.         0.         0.         0.         0.
 0.         0.         0.         0.         0.         0.
 0.         0.         0.         0.         0.         0.
 0.         0.         0.         0.         0.         0.
 0.         0.        ]
Normalized importance:  [0.18799171 0.18799171 0.18799171 0.18799171 0.         0.18799171
 0.         0.18799171 0.18799171 1.         1.         1.
 1.         1.         1.         1.         1.         1.
 0.99100843 0.99100843 0.99100843 0.99100843 0.99100843 0.99100843
 0.99100843 0.99100843 0.99100843 0.08092661 0.08092661 0.08092661
 0.08092661 0.08092661 0.08092661 0.08092661 0.08092661 0.08092661
 0.18945592 0.18945592 0.18945592 0.18945592 0.18945592 0.18945592
 0.18945592 0.18945592 0.18945592 0.34561298 0.34561298 0.34561298
 0.34561298 0.34561298 0.34561298 0.34561298 0.34561298 0.34561298
 0.29606569 0.29606569 0.29606569 0.29606569 0.29606569 0.29606569
 0.29606569 0.29606569 0.29606569 0.22496182 0.22496182 0.22496182
 0.22496182 0.22496182 0.22496182 0.22496182 0.22496182 0.22496182
 0.         0.         0.         0.         0.         0.
 0.         0.         0.         0.92791717 0.92791717 0.92791717
 0.92791717 0.92791717 0.92791717 0.92791717 0.92791717 0.92791717
 0.         0.         0.         0.         0.         0.01820818
 0.         0.         0.         0.01485119 0.         0.
 0.01420599 0.         0.         0.02791256 0.         0.
 0.         0.         0.         0.         0.         0.
 0.         0.         0.         0.         0.         0.
 0.         0.         0.         0.         0.         0.
 0.         0.         0.         0.         0.         0.
 0.         0.         0.         0.         0.         0.
 0.         0.         0.         0.         0.         0.
 0.         0.0159464  0.0276327  0.         0.         0.
 0.         0.         0.         0.         0.         0.
 0.         0.         0.         0.         0.         0.
 0.         0.         0.         0.         0.         0.
 0.         0.         0.         0.         0.         0.
 0.         0.         0.         0.00704278 0.         0.
 0.         0.         0.00743372 0.         0.         0.
 0.         0.         0.         0.04894551 0.         0.
 0.         0.         0.         0.         0.         0.
 0.         0.        ]
deepbreaks
y_true:  [0. 0. 0. 0. 0. 0. 0. 0. 0. 1. 1. 1. 1. 1. 1. 1. 1. 1. 1. 1. 1. 1. 1. 1.
 1. 1. 1. 0. 0. 0. 0. 0. 0. 0. 0. 0. 0. 0. 0. 0. 0. 0. 0. 0. 0. 1. 1. 1.
 1. 1. 1. 1. 1. 1. 0. 0. 0. 0. 0. 0. 0. 0. 0. 1. 1. 1. 1. 1. 1. 1. 1. 1.
 0. 0. 0. 0. 0. 0. 0. 0. 0. 1. 1. 1. 1. 1. 1. 1. 1. 1. 0. 0. 0. 0. 0. 0.
 0. 0. 0. 0. 0. 0. 0. 0. 0. 0. 0. 0. 0. 0. 0. 0. 0. 0. 0. 0. 0. 0. 0. 0.
 0. 0. 0. 0. 0. 0. 0. 0. 0. 0. 0. 0. 0. 0. 0. 0. 0. 0. 0. 0. 0. 0. 0. 0.
 0. 0. 0. 0. 0. 0. 0. 0. 0. 0. 0. 0. 0. 0. 0. 0. 0. 0. 0. 0. 0. 0. 0. 0.
 0. 0. 0. 0. 0. 0. 0. 0. 0. 0. 0. 0. 0. 0. 0. 0. 0. 0. 0. 0. 0. 0. 0. 0.
 0. 0. 0. 0. 0. 0. 0. 0.]
y_pred:  [0. 0. 0. 0. 0. 0. 0. 0. 0. 1. 1. 1. 1. 1. 1. 1. 1. 1. 1. 1. 1. 1. 1. 1.
 1. 1. 1. 0. 0. 0. 0. 0. 0. 0. 0. 0. 0. 0. 0. 0. 0. 0. 0. 0. 0. 1. 1. 1.
 1. 1. 1. 1. 1. 1. 1. 1. 1. 1. 1. 1. 1. 1. 1. 0. 0. 0. 0. 0. 0. 0. 0. 0.
 0. 0. 0. 0. 0. 0. 0. 0. 0. 1. 1. 1. 1. 1. 1. 1. 1. 1. 0. 0. 0. 0. 0. 0.
 0. 0. 0. 0. 0. 0. 0. 0. 0. 0. 0. 0. 0. 0. 0. 0. 0. 0. 0. 0. 0. 0. 0. 0.
 0. 0. 0. 0. 0. 0. 0. 0. 0. 0. 0. 0. 0. 0. 0. 0. 0. 0. 0. 0. 0. 0. 0. 0.
 0. 0. 0. 0. 0. 0. 0. 0. 0. 0. 0. 0. 0. 0. 0. 0. 0. 0. 0. 0. 0. 0. 0. 0.
 0. 0. 0. 0. 0. 0. 0. 0. 0. 0. 0. 0. 0. 0. 0. 0. 0. 0. 0. 0. 0. 0. 0. 0.
 0. 0. 0. 0. 0. 0. 0. 0.]
Normalized importance:  [0.11090343 0.5046729  0.01900312 0.6588785  0.00665109 0.3411215
 0.00392523 0.45482866 0.         0.79750779 0.74299065 0.71339564
 0.44548287 0.50623053 0.3411215  0.44548287 0.58255452 0.20716511
 1.         0.64797508 0.51713396 0.17133956 0.45482866 0.39252336
 0.8271028  0.22741433 0.40186916 0.31152648 0.31775701 0.43925234
 0.01604361 0.16199377 0.03380062 0.09875389 0.30373832 0.24143302
 0.42367601 0.         0.3894081  0.43925234 0.05950156 0.43613707
 0.         0.41588785 0.12725857 0.894081   0.33800623 0.16043614
 0.19781931 0.08302181 0.34423676 0.41900312 0.19626168 0.46417445
 0.62616822 0.28037383 0.39875389 0.0470405  0.48598131 0.
 0.29283489 0.0482866  0.26323988 0.35046729 0.01806854 0.5529595
 0.29127726 0.15186916 0.29127726 0.42056075 0.60436137 0.33489097
 0.03271028 0.         0.         0.         0.34579439 0.
 0.04735202 0.08987539 0.18847352 0.83021807 0.25700935 0.56386293
 0.74922118 0.37538941 0.3847352  0.54517134 0.51090343 0.59501558
 0.         0.40654206 0.26479751 0.         0.25700935 0.46417445
 0.01962617 0.20872274 0.         0.27102804 0.         0.15358255
 0.37694704 0.         0.19781931 0.48753894 0.         0.
 0.33021807 0.         0.         0.14158879 0.         0.
 0.         0.         0.20716511 0.20093458 0.         0.
 0.         0.08971963 0.11853583 0.         0.24454829 0.28971963
 0.         0.         0.39875389 0.         0.         0.
 0.29906542 0.         0.41121495 0.         0.         0.24922118
 0.         0.29439252 0.         0.18691589 0.         0.
 0.         0.24454829 0.0588785  0.09859813 0.         0.05358255
 0.         0.18380062 0.05529595 0.28193146 0.         0.
 0.03333333 0.12196262 0.05420561 0.         0.         0.40342679
 0.36760125 0.32242991 0.32242991 0.         0.2258567  0.
 0.         0.07274143 0.         0.16510903 0.         0.43457944
 0.         0.11666667 0.         0.26791277 0.3894081  0.1423676
 0.         0.25077882 0.37850467 0.         0.23364486 0.20404984
 0.2741433  0.         0.         0.57788162 0.00521807 0.
 0.         0.         0.04003115 0.         0.05794393 0.
 0.         0.        ]
pyseer
y_true:  [0. 0. 0. 0. 0. 0. 0. 0. 0. 1. 1. 1. 1. 1. 1. 1. 1. 1. 1. 1. 1. 1. 1. 1.
 1. 1. 1. 0. 0. 0. 0. 0. 0. 0. 0. 0. 0. 0. 0. 0. 0. 0. 0. 0. 0. 1. 1. 1.
 1. 1. 1. 1. 1. 1. 0. 0. 0. 0. 0. 0. 0. 0. 0. 1. 1. 1. 1. 1. 1. 1. 1. 1.
 0. 0. 0. 0. 0. 0. 0. 0. 0. 1. 1. 1. 1. 1. 1. 1. 1. 1. 0. 0. 0. 0. 0. 0.
 0. 0. 0. 0. 0. 0. 0. 0. 0. 0. 0. 0. 0. 0. 0. 0. 0. 0. 0. 0. 0. 0. 0. 0.
 0. 0. 0. 0. 0. 0. 0. 0. 0. 0. 0. 0. 0. 0. 0. 0. 0. 0. 0. 0. 0. 0. 0. 0.
 0. 0. 0. 0. 0. 0. 0. 0. 0. 0. 0. 0. 0. 0. 0. 0. 0. 0. 0. 0. 0. 0. 0. 0.
 0. 0. 0. 0. 0. 0. 0. 0. 0. 0. 0. 0. 0. 0. 0. 0. 0. 0. 0. 0. 0. 0. 0. 0.
 0. 0. 0. 0. 0. 0. 0. 0.]
y_pred:  [0. 1. 0. 1. 0. 1. 0. 1. 0. 1. 1. 1. 1. 1. 1. 1. 1. 0. 1. 1. 1. 0. 1. 1.
 1. 0. 1. 1. 1. 1. 0. 0. 0. 0. 1. 0. 1. 0. 1. 1. 0. 1. 0. 1. 0. 1. 1. 0.
 0. 0. 1. 1. 0. 1. 1. 0. 1. 0. 1. 0. 1. 0. 0. 1. 0. 1. 1. 0. 1. 1. 1. 1.
 0. 0. 0. 0. 1. 0. 0. 0. 0. 1. 0. 1. 1. 1. 1. 1. 1. 1. 0. 1. 0. 0. 0. 1.
 0. 0. 0. 0. 0. 0. 1. 0. 0. 1. 0. 0. 1. 0. 0. 0. 0. 0. 0. 0. 0. 0. 0. 0.
 0. 0. 0. 0. 0. 0. 0. 0. 1. 0. 0. 0. 1. 0. 1. 0. 0. 0. 0. 1. 0. 0. 0. 0.
 0. 0. 0. 0. 0. 0. 0. 0. 0. 0. 0. 0. 0. 0. 0. 0. 0. 1. 1. 1. 1. 0. 0. 0.
 0. 0. 0. 0. 0. 1. 0. 0. 0. 0. 1. 0. 0. 0. 1. 0. 0. 0. 0. 0. 0. 1. 0. 0.
 0. 0. 0. 0. 0. 0. 0. 0.]
Time taken: 24.05545949935913 seconds
Running combination 41 of 50
Fitting RandomForest...
Fitting Adaboost...
Fitting AdaBoost_2...
Fitting et...
Fitting gbc...
Fitting gbc_2...
Fitting gbc_3...
Fitting dt...
Fitting lr...
Fitting Lasso_1...
Fitting Lasso_2...
Fitting Lasso_3...
Fitting Lasso_4...
Fitting elasticnet...
VCF file created successfully.
pyseer stderr:  Read 1000 phenotypes
Detected continuous phenotype
Reading all variants

0variants [00:00, ?variants/s]
54variants [00:00, 538.92variants/s]
108variants [00:00, 477.21variants/s]
164variants [00:00, 511.14variants/s]
198variants [00:00, 514.62variants/s]
Applying correlation filtering

  0%|          | 0/198 [00:00<?, ?variants/s]
100%|██████████| 198/198 [00:00<00:00, 2680.84variants/s]
Fitting elastic net to top 148 variants
Best penalty (lambda) from cross-validation: 5.98E+01
Best R^2 from cross-validation: 0.486
Finding and printing selected variants
198 loaded variants
50 pre-filtered variants
148 tested variants
140 printed variants

True importance standardized:  [0.98312096 0.98312096 0.98312096 0.98312096 0.98312096 0.98312096
 0.98312096 0.98312096 0.98312096 0.97700788 0.97700788 0.97700788
 0.97700788 0.97700788 0.97700788 0.97700788 0.97700788 0.97700788
 0.47619102 0.47619102 0.47619102 0.47619102 0.47619102 0.47619102
 0.47619102 0.47619102 0.47619102 1.         1.         1.
 1.         1.         1.         1.         1.         1.
 0.27309645 0.27309645 0.27309645 0.27309645 0.27309645 0.27309645
 0.27309645 0.27309645 0.27309645 0.90000776 0.90000776 0.90000776
 0.90000776 0.90000776 0.90000776 0.90000776 0.90000776 0.90000776
 0.37343779 0.37343779 0.37343779 0.37343779 0.37343779 0.37343779
 0.37343779 0.37343779 0.37343779 0.8527684  0.8527684  0.8527684
 0.8527684  0.8527684  0.8527684  0.8527684  0.8527684  0.8527684
 0.84078226 0.84078226 0.84078226 0.84078226 0.84078226 0.84078226
 0.84078226 0.84078226 0.84078226 0.16852363 0.16852363 0.16852363
 0.16852363 0.16852363 0.16852363 0.16852363 0.16852363 0.16852363
 0.         0.         0.         0.         0.         0.
 0.         0.         0.         0.         0.         0.
 0.         0.         0.         0.         0.         0.
 0.         0.         0.         0.         0.         0.
 0.         0.         0.         0.         0.         0.
 0.         0.         0.         0.         0.         0.
 0.         0.         0.         0.         0.         0.
 0.         0.         0.         0.         0.         0.
 0.         0.         0.         0.         0.         0.
 0.         0.         0.         0.         0.         0.
 0.         0.         0.         0.         0.         0.
 0.         0.         0.         0.         0.         0.
 0.         0.         0.         0.         0.         0.
 0.         0.         0.         0.         0.         0.
 0.         0.         0.         0.         0.         0.
 0.         0.         0.         0.         0.         0.
 0.         0.         0.         0.         0.         0.
 0.         0.         0.         0.         0.         0.
 0.         0.        ]
Normalized importance:  [0.51287874 0.51287874 0.51287874 0.51287874 0.51287874 0.51287874
 0.51287874 0.51287874 0.51287874 1.         1.         1.
 1.         1.         1.         1.         1.         1.
 0.1185462  0.1185462  0.1185462  0.1185462  0.1185462  0.1185462
 0.1185462  0.1185462  0.1185462  0.88572201 0.88572201 0.88572201
 0.88572201 0.88572201 0.88572201 0.88572201 0.88572201 0.88572201
 0.         0.         0.         0.         0.         0.
 0.         0.         0.         0.69941954 0.69941954 0.69941954
 0.69941954 0.69941954 0.69941954 0.69941954 0.69941954 0.69941954
 0.21667806 0.21667806 0.21667806 0.21667806 0.21667806 0.21667806
 0.21667806 0.21667806 0.21667806 0.46589021 0.46589021 0.46589021
 0.46589021 0.46589021 0.46589021 0.46589021 0.46589021 0.46589021
 0.70810299 0.70810299 0.70810299 0.70810299 0.70810299 0.70810299
 0.70810299 0.70810299 0.70810299 0.03895743 0.03895743 0.03895743
 0.03895743 0.         0.03895743 0.         0.03895743 0.03895743
 0.         0.         0.         0.         0.         0.
 0.         0.         0.         0.         0.         0.
 0.         0.         0.         0.         0.         0.
 0.         0.         0.         0.         0.         0.00927807
 0.         0.         0.         0.         0.01479347 0.
 0.         0.         0.         0.         0.         0.
 0.02345716 0.         0.         0.00902126 0.         0.
 0.         0.         0.         0.0205607  0.         0.
 0.         0.         0.         0.         0.         0.
 0.00821985 0.         0.         0.         0.         0.
 0.         0.         0.         0.         0.         0.02645457
 0.         0.00858546 0.         0.         0.         0.
 0.         0.00102911 0.         0.         0.         0.
 0.         0.06544553 0.03231599 0.         0.         0.04265002
 0.         0.01690996 0.         0.         0.         0.
 0.         0.         0.         0.         0.         0.
 0.         0.         0.         0.         0.         0.
 0.         0.01986157 0.         0.         0.         0.
 0.         0.        ]
deepbreaks
y_true:  [1. 1. 1. 1. 1. 1. 1. 1. 1. 1. 1. 1. 1. 1. 1. 1. 1. 1. 0. 0. 0. 0. 0. 0.
 0. 0. 0. 1. 1. 1. 1. 1. 1. 1. 1. 1. 0. 0. 0. 0. 0. 0. 0. 0. 0. 1. 1. 1.
 1. 1. 1. 1. 1. 1. 0. 0. 0. 0. 0. 0. 0. 0. 0. 1. 1. 1. 1. 1. 1. 1. 1. 1.
 0. 0. 0. 0. 0. 0. 0. 0. 0. 0. 0. 0. 0. 0. 0. 0. 0. 0. 0. 0. 0. 0. 0. 0.
 0. 0. 0. 0. 0. 0. 0. 0. 0. 0. 0. 0. 0. 0. 0. 0. 0. 0. 0. 0. 0. 0. 0. 0.
 0. 0. 0. 0. 0. 0. 0. 0. 0. 0. 0. 0. 0. 0. 0. 0. 0. 0. 0. 0. 0. 0. 0. 0.
 0. 0. 0. 0. 0. 0. 0. 0. 0. 0. 0. 0. 0. 0. 0. 0. 0. 0. 0. 0. 0. 0. 0. 0.
 0. 0. 0. 0. 0. 0. 0. 0. 0. 0. 0. 0. 0. 0. 0. 0. 0. 0. 0. 0. 0. 0. 0. 0.
 0. 0. 0. 0. 0. 0. 0. 0.]
y_pred:  [1. 1. 1. 1. 1. 1. 1. 1. 1. 1. 1. 1. 1. 1. 1. 1. 1. 1. 0. 0. 0. 0. 0. 0.
 0. 0. 0. 1. 1. 1. 1. 1. 1. 1. 1. 1. 0. 0. 0. 0. 0. 0. 0. 0. 0. 1. 1. 1.
 1. 1. 1. 1. 1. 1. 0. 0. 0. 0. 0. 0. 0. 0. 0. 1. 1. 1. 1. 1. 1. 1. 1. 1.
 1. 1. 1. 1. 1. 1. 1. 1. 1. 0. 0. 0. 0. 0. 0. 0. 0. 0. 0. 0. 0. 0. 0. 0.
 0. 0. 0. 0. 0. 0. 0. 0. 0. 0. 0. 0. 0. 0. 0. 0. 0. 0. 0. 0. 0. 0. 0. 0.
 0. 0. 0. 0. 0. 0. 0. 0. 0. 0. 0. 0. 0. 0. 0. 0. 0. 0. 0. 0. 0. 0. 0. 0.
 0. 0. 0. 0. 0. 0. 0. 0. 0. 0. 0. 0. 0. 0. 0. 0. 0. 0. 0. 0. 0. 0. 0. 0.
 0. 0. 0. 0. 0. 0. 0. 0. 0. 0. 0. 0. 0. 0. 0. 0. 0. 0. 0. 0. 0. 0. 0. 0.
 0. 0. 0. 0. 0. 0. 0. 0.]
Normalized importance:  [8.62068966e-01 1.07586207e-01 3.62758621e-01 1.31034483e-01
 2.21379310e-02 6.68965517e-01 6.56551724e-01 3.82758621e-01
 2.26896552e-01 1.00000000e+00 3.22068966e-01 6.78620690e-01
 0.00000000e+00 5.53103448e-01 2.75862069e-01 5.70344828e-01
 8.00000000e-01 1.00689655e-01 3.35862069e-01 4.80000000e-02
 4.06896552e-01 1.84137931e-01 7.86206897e-01 0.00000000e+00
 3.60689655e-01 3.44827586e-02 4.67586207e-03 7.58620690e-01
 3.02758621e-01 1.63448276e-01 1.11034483e-01 5.64137931e-01
 3.65517241e-01 1.80000000e-01 7.37931034e-01 6.41379310e-01
 2.48275862e-01 0.00000000e+00 0.00000000e+00 2.55862069e-01
 2.69655172e-02 1.62758621e-01 0.00000000e+00 1.43448276e-01
 0.00000000e+00 8.48275862e-01 2.51724138e-01 1.33793103e-01
 4.06896552e-01 5.01379310e-01 3.18620690e-02 4.63448276e-01
 1.93793103e-01 6.36551724e-01 3.07586207e-01 8.62068966e-03
 2.06206897e-01 2.82068966e-01 1.53103448e-01 2.08275862e-01
 3.86896552e-01 2.62068966e-01 3.22758621e-01 5.99310345e-01
 1.61379310e-01 2.29655172e-01 4.38620690e-01 3.95172414e-01
 6.35172414e-01 3.91724138e-01 0.00000000e+00 5.74482759e-01
 6.76551724e-01 2.84827586e-01 0.00000000e+00 5.02068966e-01
 2.57241379e-01 5.26206897e-01 2.21379310e-01 6.32413793e-01
 4.35862069e-01 9.37931034e-02 2.37931034e-01 2.64827586e-01
 3.86896552e-01 1.57931034e-01 4.11034483e-01 0.00000000e+00
 3.68965517e-02 1.04137931e-01 3.85517241e-01 1.74482759e-01
 2.28965517e-02 0.00000000e+00 0.00000000e+00 0.00000000e+00
 0.00000000e+00 0.00000000e+00 4.21379310e-01 0.00000000e+00
 0.00000000e+00 0.00000000e+00 2.97241379e-01 1.60689655e-01
 0.00000000e+00 0.00000000e+00 1.69655172e-01 5.31724138e-02
 0.00000000e+00 0.00000000e+00 1.94482759e-01 0.00000000e+00
 0.00000000e+00 1.64827586e-01 0.00000000e+00 8.48275862e-02
 2.21379310e-01 0.00000000e+00 3.71034483e-01 6.18620690e-03
 0.00000000e+00 0.00000000e+00 0.00000000e+00 0.00000000e+00
 0.00000000e+00 0.00000000e+00 4.93103448e-01 0.00000000e+00
 0.00000000e+00 2.25517241e-01 0.00000000e+00 1.88275862e-01
 0.00000000e+00 3.11724138e-02 0.00000000e+00 3.53793103e-01
 0.00000000e+00 5.89655172e-02 0.00000000e+00 1.31724138e-01
 2.35172414e-01 0.00000000e+00 9.51724138e-02 2.58620690e-01
 1.30344828e-01 2.07586207e-01 3.86206897e-01 3.20000000e-01
 0.00000000e+00 1.72413793e-01 2.67586207e-01 0.00000000e+00
 0.00000000e+00 0.00000000e+00 1.59310345e-01 6.02068966e-01
 1.89655172e-01 2.30344828e-02 2.23448276e-01 7.72413793e-02
 0.00000000e+00 0.00000000e+00 0.00000000e+00 1.30344828e-02
 2.08275862e-04 0.00000000e+00 3.83448276e-02 0.00000000e+00
 3.66896552e-01 5.28275862e-01 5.88965517e-01 1.04137931e-01
 4.04137931e-01 5.54482759e-01 2.38620690e-01 2.85517241e-02
 1.13793103e-01 0.00000000e+00 0.00000000e+00 5.87586207e-02
 0.00000000e+00 0.00000000e+00 4.24827586e-02 0.00000000e+00
 1.15862069e-01 2.71724138e-01 0.00000000e+00 3.00000000e-02
 3.51034483e-01 0.00000000e+00 1.87586207e-01 0.00000000e+00
 2.37931034e-01 1.31724138e-01 0.00000000e+00 3.93103448e-01
 0.00000000e+00 3.86206897e-02 0.00000000e+00 0.00000000e+00]
pyseer
y_true:  [1. 1. 1. 1. 1. 1. 1. 1. 1. 1. 1. 1. 1. 1. 1. 1. 1. 1. 0. 0. 0. 0. 0. 0.
 0. 0. 0. 1. 1. 1. 1. 1. 1. 1. 1. 1. 0. 0. 0. 0. 0. 0. 0. 0. 0. 1. 1. 1.
 1. 1. 1. 1. 1. 1. 0. 0. 0. 0. 0. 0. 0. 0. 0. 1. 1. 1. 1. 1. 1. 1. 1. 1.
 0. 0. 0. 0. 0. 0. 0. 0. 0. 0. 0. 0. 0. 0. 0. 0. 0. 0. 0. 0. 0. 0. 0. 0.
 0. 0. 0. 0. 0. 0. 0. 0. 0. 0. 0. 0. 0. 0. 0. 0. 0. 0. 0. 0. 0. 0. 0. 0.
 0. 0. 0. 0. 0. 0. 0. 0. 0. 0. 0. 0. 0. 0. 0. 0. 0. 0. 0. 0. 0. 0. 0. 0.
 0. 0. 0. 0. 0. 0. 0. 0. 0. 0. 0. 0. 0. 0. 0. 0. 0. 0. 0. 0. 0. 0. 0. 0.
 0. 0. 0. 0. 0. 0. 0. 0. 0. 0. 0. 0. 0. 0. 0. 0. 0. 0. 0. 0. 0. 0. 0. 0.
 0. 0. 0. 0. 0. 0. 0. 0.]
y_pred:  [1. 0. 1. 0. 0. 1. 1. 1. 0. 1. 1. 1. 0. 1. 1. 1. 1. 0. 1. 0. 1. 0. 1. 0.
 1. 0. 0. 1. 1. 0. 0. 1. 1. 0. 1. 1. 1. 0. 0. 1. 0. 0. 0. 0. 0. 1. 1. 0.
 1. 1. 0. 1. 0. 1. 1. 0. 0. 1. 0. 0. 1. 1. 1. 1. 0. 0. 1. 1. 1. 1. 0. 1.
 1. 1. 0. 1. 1. 1. 0. 1. 1. 0. 0. 1. 1. 0. 1. 0. 0. 0. 1. 0. 0. 0. 0. 0.
 0. 0. 1. 0. 0. 0. 1. 0. 0. 0. 0. 0. 0. 0. 0. 0. 0. 0. 0. 0. 0. 0. 1. 0.
 0. 0. 0. 0. 0. 0. 1. 0. 0. 0. 0. 0. 0. 0. 0. 1. 0. 0. 0. 0. 0. 0. 0. 1.
 0. 0. 1. 1. 0. 0. 1. 0. 0. 0. 0. 1. 0. 0. 0. 0. 0. 0. 0. 0. 0. 0. 0. 0.
 1. 1. 1. 0. 1. 1. 0. 0. 0. 0. 0. 0. 0. 0. 0. 0. 0. 1. 0. 0. 1. 0. 0. 0.
 0. 0. 0. 1. 0. 0. 0. 0.]
Time taken: 24.055068016052246 seconds
Running combination 42 of 50
Fitting RandomForest...
Fitting Adaboost...
Fitting AdaBoost_2...
Fitting et...
Fitting gbc...
Fitting gbc_2...
Fitting gbc_3...
Fitting dt...
Fitting lr...
Fitting Lasso_1...
Fitting Lasso_2...
Fitting Lasso_3...
Fitting Lasso_4...
Fitting elasticnet...
VCF file created successfully.
pyseer stderr:  Read 1000 phenotypes
Detected continuous phenotype
Reading all variants

0variants [00:00, ?variants/s]
55variants [00:00, 541.26variants/s]
110variants [00:00, 478.77variants/s]
167variants [00:00, 513.88variants/s]
198variants [00:00, 517.39variants/s]
Applying correlation filtering

  0%|          | 0/198 [00:00<?, ?variants/s]
100%|██████████| 198/198 [00:00<00:00, 2580.12variants/s]
Fitting elastic net to top 148 variants
Best penalty (lambda) from cross-validation: 2.21E+01
Best R^2 from cross-validation: 0.475
Finding and printing selected variants
198 loaded variants
50 pre-filtered variants
148 tested variants
133 printed variants

True importance standardized:  [0.91782803 0.91782803 0.91782803 0.91782803 0.91782803 0.91782803
 0.91782803 0.91782803 0.91782803 0.86269267 0.86269267 0.86269267
 0.86269267 0.86269267 0.86269267 0.86269267 0.86269267 0.86269267
 0.34035897 0.34035897 0.34035897 0.34035897 0.34035897 0.34035897
 0.34035897 0.34035897 0.34035897 0.61001014 0.61001014 0.61001014
 0.61001014 0.61001014 0.61001014 0.61001014 0.61001014 0.61001014
 0.12751654 0.12751654 0.12751654 0.12751654 0.12751654 0.12751654
 0.12751654 0.12751654 0.12751654 0.47343437 0.47343437 0.47343437
 0.47343437 0.47343437 0.47343437 0.47343437 0.47343437 0.47343437
 0.56324515 0.56324515 0.56324515 0.56324515 0.56324515 0.56324515
 0.56324515 0.56324515 0.56324515 0.1125343  0.1125343  0.1125343
 0.1125343  0.1125343  0.1125343  0.1125343  0.1125343  0.1125343
 0.82009927 0.82009927 0.82009927 0.82009927 0.82009927 0.82009927
 0.82009927 0.82009927 0.82009927 1.         1.         1.
 1.         1.         1.         1.         1.         1.
 0.         0.         0.         0.         0.         0.
 0.         0.         0.         0.         0.         0.
 0.         0.         0.         0.         0.         0.
 0.         0.         0.         0.         0.         0.
 0.         0.         0.         0.         0.         0.
 0.         0.         0.         0.         0.         0.
 0.         0.         0.         0.         0.         0.
 0.         0.         0.         0.         0.         0.
 0.         0.         0.         0.         0.         0.
 0.         0.         0.         0.         0.         0.
 0.         0.         0.         0.         0.         0.
 0.         0.         0.         0.         0.         0.
 0.         0.         0.         0.         0.         0.
 0.         0.         0.         0.         0.         0.
 0.         0.         0.         0.         0.         0.
 0.         0.         0.         0.         0.         0.
 0.         0.         0.         0.         0.         0.
 0.         0.         0.         0.         0.         0.
 0.         0.        ]
Normalized importance:  [0.77968467 0.77968467 0.77968467 0.77968467 0.77968467 0.77968467
 0.77968467 0.77968467 0.77968467 0.64065453 0.64065453 0.64065453
 0.64065453 0.64065453 0.64065453 0.64065453 0.64065453 0.64065453
 0.06518811 0.06518811 0.06518811 0.06518811 0.06518811 0.06518811
 0.06518811 0.06518811 0.06518811 0.3146472  0.3146472  0.3146472
 0.3146472  0.3146472  0.3146472  0.3146472  0.3146472  0.3146472
 0.01734845 0.01734845 0.01734845 0.01734845 0.01734845 0.01734845
 0.01734845 0.01734845 0.01734845 0.09296459 0.         0.09296459
 0.09296459 0.09296459 0.09296459 0.09296459 0.09296459 0.09296459
 0.47379041 0.47379041 0.47379041 0.47379041 0.47379041 0.47379041
 0.47379041 0.47379041 0.47379041 0.01570421 0.01570421 0.01570421
 0.01570421 0.01570421 0.         0.01570421 0.01570421 0.
 0.84849804 0.84849804 0.84849804 0.84849804 0.84849804 0.84849804
 0.84849804 0.84849804 0.84849804 1.         1.         1.
 1.         1.         1.         1.         1.         1.
 0.         0.         0.         0.         0.         0.
 0.         0.         0.         0.         0.         0.01497077
 0.         0.         0.00957098 0.         0.         0.
 0.         0.         0.00954448 0.         0.         0.03583325
 0.         0.         0.         0.03264216 0.         0.
 0.02190864 0.         0.         0.         0.         0.
 0.         0.         0.         0.         0.         0.
 0.         0.         0.         0.         0.         0.
 0.         0.         0.         0.00336392 0.         0.
 0.         0.         0.         0.         0.05100144 0.
 0.         0.         0.         0.         0.         0.
 0.         0.         0.         0.         0.         0.
 0.         0.         0.         0.         0.00370181 0.
 0.0294613  0.00852477 0.         0.         0.02052242 0.
 0.         0.         0.         0.01641659 0.         0.
 0.         0.         0.01202081 0.         0.         0.
 0.01066936 0.00810405 0.         0.         0.         0.
 0.01545449 0.         0.01668926 0.         0.         0.
 0.         0.        ]
deepbreaks
y_true:  [1. 1. 1. 1. 1. 1. 1. 1. 1. 1. 1. 1. 1. 1. 1. 1. 1. 1. 0. 0. 0. 0. 0. 0.
 0. 0. 0. 1. 1. 1. 1. 1. 1. 1. 1. 1. 0. 0. 0. 0. 0. 0. 0. 0. 0. 0. 0. 0.
 0. 0. 0. 0. 0. 0. 0. 0. 0. 0. 0. 0. 0. 0. 0. 0. 0. 0. 0. 0. 0. 0. 0. 0.
 1. 1. 1. 1. 1. 1. 1. 1. 1. 1. 1. 1. 1. 1. 1. 1. 1. 1. 0. 0. 0. 0. 0. 0.
 0. 0. 0. 0. 0. 0. 0. 0. 0. 0. 0. 0. 0. 0. 0. 0. 0. 0. 0. 0. 0. 0. 0. 0.
 0. 0. 0. 0. 0. 0. 0. 0. 0. 0. 0. 0. 0. 0. 0. 0. 0. 0. 0. 0. 0. 0. 0. 0.
 0. 0. 0. 0. 0. 0. 0. 0. 0. 0. 0. 0. 0. 0. 0. 0. 0. 0. 0. 0. 0. 0. 0. 0.
 0. 0. 0. 0. 0. 0. 0. 0. 0. 0. 0. 0. 0. 0. 0. 0. 0. 0. 0. 0. 0. 0. 0. 0.
 0. 0. 0. 0. 0. 0. 0. 0.]
y_pred:  [1. 1. 1. 1. 1. 1. 1. 1. 1. 1. 1. 1. 1. 1. 1. 1. 1. 1. 0. 0. 0. 0. 0. 0.
 0. 0. 0. 1. 1. 1. 1. 1. 1. 1. 1. 1. 0. 0. 0. 0. 0. 0. 0. 0. 0. 0. 0. 0.
 0. 0. 0. 0. 0. 0. 1. 1. 1. 1. 1. 1. 1. 1. 1. 0. 0. 0. 0. 0. 0. 0. 0. 0.
 1. 1. 1. 1. 1. 1. 1. 1. 1. 1. 1. 1. 1. 1. 1. 1. 1. 1. 0. 0. 0. 0. 0. 0.
 0. 0. 0. 0. 0. 0. 0. 0. 0. 0. 0. 0. 0. 0. 0. 0. 0. 0. 0. 0. 0. 0. 0. 0.
 0. 0. 0. 0. 0. 0. 0. 0. 0. 0. 0. 0. 0. 0. 0. 0. 0. 0. 0. 0. 0. 0. 0. 0.
 0. 0. 0. 0. 0. 0. 0. 0. 0. 0. 0. 0. 0. 0. 0. 0. 0. 0. 0. 0. 0. 0. 0. 0.
 0. 0. 0. 0. 0. 0. 0. 0. 0. 0. 0. 0. 0. 0. 0. 0. 0. 0. 0. 0. 0. 0. 0. 0.
 0. 0. 0. 0. 0. 0. 0. 0.]
Normalized importance:  [0.75773196 0.81185567 0.42268041 0.82216495 0.10025773 0.75773196
 0.42525773 0.62886598 0.21520619 0.71907216 0.48195876 0.50773196
 0.51546392 0.38917526 0.48195876 0.59536082 0.02938144 0.58762887
 0.21675258 0.2        0.08505155 0.19046392 0.36340206 0.40979381
 0.03170103 0.25618557 0.09329897 0.42010309 0.28608247 0.28350515
 0.5        0.17835052 0.09510309 0.45618557 0.57989691 0.3814433
 0.         0.44845361 0.         0.07809278 0.02438144 0.
 0.07525773 0.13608247 0.17190722 0.3814433  0.         0.47938144
 0.         0.12809278 0.41237113 0.23840206 0.27319588 0.29639175
 0.77319588 0.44587629 0.23943299 0.67783505 0.3556701  0.42783505
 0.47164948 0.34536082 0.28865979 0.11185567 0.         0.
 0.         0.11262887 0.         0.27835052 0.         0.
 0.98969072 0.44329897 0.12938144 0.83247423 0.         0.6056701
 0.46391753 0.44845361 0.23994845 1.         0.76030928 0.59278351
 0.37113402 0.43041237 0.69329897 0.62371134 0.41752577 0.47938144
 0.12061856 0.         0.01471649 0.         0.2371134  0.
 0.         0.         0.         0.         0.30412371 0.31185567
 0.         0.19020619 0.12061856 0.23969072 0.         0.
 0.37113402 0.07345361 0.29639175 0.12139175 0.26804124 0.25154639
 0.         0.         0.         0.         0.         0.08737113
 0.09561856 0.01260309 0.06237113 0.         0.         0.24304124
 0.35824742 0.         0.         0.         0.28092784 0.
 0.         0.         0.         0.         0.         0.37886598
 0.17835052 0.29123711 0.         0.         0.18092784 0.
 0.         0.         0.31185567 0.         0.1935567  0.09536082
 0.         0.21597938 0.12139175 0.         0.04020619 0.11056701
 0.23634021 0.         0.         0.         0.         0.
 0.13556701 0.41237113 0.24123711 0.         0.         0.
 0.5        0.03685567 0.         0.         0.36082474 0.
 0.         0.         0.57989691 0.29639175 0.         0.15515464
 0.32989691 0.         0.41494845 0.05283505 0.35051546 0.
 0.33762887 0.10798969 0.12216495 0.         0.         0.14278351
 0.10412371 0.19536082 0.07396907 0.12757732 0.         0.09871134
 0.         0.        ]
pyseer
y_true:  [1. 1. 1. 1. 1. 1. 1. 1. 1. 1. 1. 1. 1. 1. 1. 1. 1. 1. 0. 0. 0. 0. 0. 0.
 0. 0. 0. 1. 1. 1. 1. 1. 1. 1. 1. 1. 0. 0. 0. 0. 0. 0. 0. 0. 0. 0. 0. 0.
 0. 0. 0. 0. 0. 0. 0. 0. 0. 0. 0. 0. 0. 0. 0. 0. 0. 0. 0. 0. 0. 0. 0. 0.
 1. 1. 1. 1. 1. 1. 1. 1. 1. 1. 1. 1. 1. 1. 1. 1. 1. 1. 0. 0. 0. 0. 0. 0.
 0. 0. 0. 0. 0. 0. 0. 0. 0. 0. 0. 0. 0. 0. 0. 0. 0. 0. 0. 0. 0. 0. 0. 0.
 0. 0. 0. 0. 0. 0. 0. 0. 0. 0. 0. 0. 0. 0. 0. 0. 0. 0. 0. 0. 0. 0. 0. 0.
 0. 0. 0. 0. 0. 0. 0. 0. 0. 0. 0. 0. 0. 0. 0. 0. 0. 0. 0. 0. 0. 0. 0. 0.
 0. 0. 0. 0. 0. 0. 0. 0. 0. 0. 0. 0. 0. 0. 0. 0. 0. 0. 0. 0. 0. 0. 0. 0.
 0. 0. 0. 0. 0. 0. 0. 0.]
y_pred:  [1. 1. 1. 1. 0. 1. 1. 1. 0. 1. 1. 1. 1. 1. 1. 1. 0. 1. 0. 0. 0. 0. 1. 1.
 0. 0. 0. 1. 0. 0. 1. 0. 0. 1. 1. 1. 0. 1. 0. 0. 0. 0. 0. 0. 0. 1. 0. 1.
 0. 0. 1. 0. 0. 1. 1. 1. 0. 1. 1. 1. 1. 1. 1. 0. 0. 0. 0. 0. 0. 0. 0. 0.
 1. 1. 0. 1. 0. 1. 1. 1. 0. 1. 1. 1. 1. 1. 1. 1. 1. 1. 0. 0. 0. 0. 0. 0.
 0. 0. 0. 0. 1. 1. 0. 0. 0. 0. 0. 0. 1. 0. 1. 0. 0. 0. 0. 0. 0. 0. 0. 0.
 0. 0. 0. 0. 0. 0. 1. 0. 0. 0. 0. 0. 0. 0. 0. 0. 0. 1. 0. 1. 0. 0. 0. 0.
 0. 0. 1. 0. 0. 0. 0. 0. 0. 0. 0. 0. 0. 0. 0. 0. 0. 0. 0. 1. 0. 0. 0. 0.
 1. 0. 0. 0. 1. 0. 0. 0. 1. 1. 0. 0. 1. 0. 1. 0. 1. 0. 1. 0. 0. 0. 0. 0.
 0. 0. 0. 0. 0. 0. 0. 0.]
Time taken: 23.942084312438965 seconds
Running combination 43 of 50
Fitting RandomForest...
Fitting Adaboost...
Fitting AdaBoost_2...
Fitting et...
Fitting gbc...
Fitting gbc_2...
Fitting gbc_3...
Fitting dt...
Fitting lr...
Fitting Lasso_1...
Fitting Lasso_2...
Fitting Lasso_3...
Fitting Lasso_4...
Fitting elasticnet...
VCF file created successfully.
pyseer stderr:  Read 1000 phenotypes
Detected continuous phenotype
Reading all variants

0variants [00:00, ?variants/s]
55variants [00:00, 545.98variants/s]
110variants [00:00, 477.97variants/s]
166variants [00:00, 511.51variants/s]
198variants [00:00, 514.44variants/s]
Applying correlation filtering

  0%|          | 0/198 [00:00<?, ?variants/s]
100%|██████████| 198/198 [00:00<00:00, 2620.65variants/s]
Fitting elastic net to top 148 variants
Best penalty (lambda) from cross-validation: 8.49E+01
Best R^2 from cross-validation: 0.468
Finding and printing selected variants
198 loaded variants
50 pre-filtered variants
148 tested variants
137 printed variants

True importance standardized:  [1.         1.         1.         1.         1.         1.
 1.         1.         1.         0.69856979 0.69856979 0.69856979
 0.69856979 0.69856979 0.69856979 0.69856979 0.69856979 0.69856979
 0.59675467 0.59675467 0.59675467 0.59675467 0.59675467 0.59675467
 0.59675467 0.59675467 0.59675467 0.58194745 0.58194745 0.58194745
 0.58194745 0.58194745 0.58194745 0.58194745 0.58194745 0.58194745
 0.41626673 0.41626673 0.41626673 0.41626673 0.41626673 0.41626673
 0.41626673 0.41626673 0.41626673 0.69318724 0.69318724 0.69318724
 0.69318724 0.69318724 0.69318724 0.69318724 0.69318724 0.69318724
 0.90559471 0.90559471 0.90559471 0.90559471 0.90559471 0.90559471
 0.90559471 0.90559471 0.90559471 0.83799744 0.83799744 0.83799744
 0.83799744 0.83799744 0.83799744 0.83799744 0.83799744 0.83799744
 0.89717765 0.89717765 0.89717765 0.89717765 0.89717765 0.89717765
 0.89717765 0.89717765 0.89717765 0.57108682 0.57108682 0.57108682
 0.57108682 0.57108682 0.57108682 0.57108682 0.57108682 0.57108682
 0.         0.         0.         0.         0.         0.
 0.         0.         0.         0.         0.         0.
 0.         0.         0.         0.         0.         0.
 0.         0.         0.         0.         0.         0.
 0.         0.         0.         0.         0.         0.
 0.         0.         0.         0.         0.         0.
 0.         0.         0.         0.         0.         0.
 0.         0.         0.         0.         0.         0.
 0.         0.         0.         0.         0.         0.
 0.         0.         0.         0.         0.         0.
 0.         0.         0.         0.         0.         0.
 0.         0.         0.         0.         0.         0.
 0.         0.         0.         0.         0.         0.
 0.         0.         0.         0.         0.         0.
 0.         0.         0.         0.         0.         0.
 0.         0.         0.         0.         0.         0.
 0.         0.         0.         0.         0.         0.
 0.         0.         0.         0.         0.         0.
 0.         0.        ]
Normalized importance:  [1.         1.         1.         1.         1.         1.
 1.         1.         1.         0.53426244 0.53426244 0.53426244
 0.53426244 0.53426244 0.53426244 0.53426244 0.53426244 0.53426244
 0.22886979 0.22886979 0.22886979 0.22886979 0.22886979 0.22886979
 0.22886979 0.22886979 0.22886979 0.09843681 0.09843681 0.09843681
 0.09843681 0.09843681 0.09843681 0.09843681 0.09843681 0.09843681
 0.09783956 0.09783956 0.         0.09783956 0.09783956 0.09783956
 0.09783956 0.09783956 0.09783956 0.39658769 0.39658769 0.39658769
 0.39658769 0.39658769 0.39658769 0.39658769 0.39658769 0.39658769
 0.76828537 0.76828537 0.76828537 0.76828537 0.76828537 0.76828537
 0.76828537 0.76828537 0.76828537 0.53988344 0.53988344 0.53988344
 0.53988344 0.53988344 0.53988344 0.53988344 0.53988344 0.53988344
 0.94809141 0.94809141 0.94809141 0.94809141 0.94809141 0.94809141
 0.94809141 0.94809141 0.94809141 0.5195378  0.5195378  0.5195378
 0.5195378  0.5195378  0.5195378  0.5195378  0.5195378  0.5195378
 0.         0.00831501 0.         0.         0.         0.
 0.         0.         0.         0.         0.         0.
 0.         0.00860458 0.         0.         0.         0.
 0.         0.         0.         0.         0.         0.
 0.         0.03487901 0.         0.         0.         0.
 0.         0.         0.00840807 0.         0.         0.
 0.         0.         0.         0.10101609 0.         0.
 0.01130022 0.         0.         0.         0.01133406 0.
 0.         0.         0.00495222 0.         0.         0.
 0.01463456 0.         0.         0.         0.         0.
 0.         0.06363855 0.         0.         0.         0.
 0.         0.         0.         0.         0.         0.
 0.         0.         0.         0.02977758 0.         0.
 0.         0.         0.         0.         0.         0.
 0.02590637 0.         0.         0.         0.         0.
 0.01680281 0.         0.         0.         0.         0.
 0.         0.         0.         0.         0.         0.
 0.         0.         0.         0.         0.         0.
 0.         0.        ]
deepbreaks
y_true:  [1. 1. 1. 1. 1. 1. 1. 1. 1. 1. 1. 1. 1. 1. 1. 1. 1. 1. 0. 0. 0. 0. 0. 0.
 0. 0. 0. 0. 0. 0. 0. 0. 0. 0. 0. 0. 0. 0. 0. 0. 0. 0. 0. 0. 0. 0. 0. 0.
 0. 0. 0. 0. 0. 0. 1. 1. 1. 1. 1. 1. 1. 1. 1. 1. 1. 1. 1. 1. 1. 1. 1. 1.
 1. 1. 1. 1. 1. 1. 1. 1. 1. 0. 0. 0. 0. 0. 0. 0. 0. 0. 0. 0. 0. 0. 0. 0.
 0. 0. 0. 0. 0. 0. 0. 0. 0. 0. 0. 0. 0. 0. 0. 0. 0. 0. 0. 0. 0. 0. 0. 0.
 0. 0. 0. 0. 0. 0. 0. 0. 0. 0. 0. 0. 0. 0. 0. 0. 0. 0. 0. 0. 0. 0. 0. 0.
 0. 0. 0. 0. 0. 0. 0. 0. 0. 0. 0. 0. 0. 0. 0. 0. 0. 0. 0. 0. 0. 0. 0. 0.
 0. 0. 0. 0. 0. 0. 0. 0. 0. 0. 0. 0. 0. 0. 0. 0. 0. 0. 0. 0. 0. 0. 0. 0.
 0. 0. 0. 0. 0. 0. 0. 0.]
y_pred:  [1. 1. 1. 1. 1. 1. 1. 1. 1. 1. 1. 1. 1. 1. 1. 1. 1. 1. 0. 0. 0. 0. 0. 0.
 0. 0. 0. 0. 0. 0. 0. 0. 0. 0. 0. 0. 0. 0. 0. 0. 0. 0. 0. 0. 0. 0. 0. 0.
 0. 0. 0. 0. 0. 0. 1. 1. 1. 1. 1. 1. 1. 1. 1. 1. 1. 1. 1. 1. 1. 1. 1. 1.
 1. 1. 1. 1. 1. 1. 1. 1. 1. 1. 1. 1. 1. 1. 1. 1. 1. 1. 0. 0. 0. 0. 0. 0.
 0. 0. 0. 0. 0. 0. 0. 0. 0. 0. 0. 0. 0. 0. 0. 0. 0. 0. 0. 0. 0. 0. 0. 0.
 0. 0. 0. 0. 0. 0. 0. 0. 0. 0. 0. 0. 0. 0. 0. 0. 0. 0. 0. 0. 0. 0. 0. 0.
 0. 0. 0. 0. 0. 0. 0. 0. 0. 0. 0. 0. 0. 0. 0. 0. 0. 0. 0. 0. 0. 0. 0. 0.
 0. 0. 0. 0. 0. 0. 0. 0. 0. 0. 0. 0. 0. 0. 0. 0. 0. 0. 0. 0. 0. 0. 0. 0.
 0. 0. 0. 0. 0. 0. 0. 0.]
Normalized importance:  [1.00000000e+00 3.66000000e-01 7.33333333e-01 6.35333333e-01
 5.47333333e-01 2.72000000e-01 7.20000000e-01 3.03333333e-01
 4.82666667e-01 6.39333333e-01 2.87333333e-01 5.57333333e-01
 0.00000000e+00 9.80000000e-01 2.60000000e-01 3.64666667e-01
 6.93333333e-01 0.00000000e+00 5.81333333e-01 2.70000000e-01
 3.18666667e-01 2.98666667e-01 3.66666667e-01 9.40000000e-02
 3.86000000e-01 4.18000000e-01 2.14666667e-01 5.76666667e-01
 2.76666667e-01 6.13333333e-01 5.96000000e-01 0.00000000e+00
 0.00000000e+00 1.67333333e-01 1.90666667e-02 0.00000000e+00
 5.64666667e-01 1.38666667e-01 3.40666667e-01 0.00000000e+00
 5.28666667e-03 1.85333333e-01 3.05333333e-01 6.45333333e-01
 5.57333333e-01 6.66666667e-01 5.24666667e-01 8.93333333e-03
 4.31333333e-01 2.23333333e-01 3.92000000e-01 5.34000000e-02
 5.50666667e-01 6.31333333e-01 9.93333333e-01 4.16666667e-01
 3.75333333e-01 2.32666667e-01 1.06000000e-01 5.65333333e-01
 4.18666667e-01 6.80000000e-01 3.27333333e-01 9.13333333e-01
 6.24666667e-01 3.68000000e-01 2.90666667e-01 1.94000000e-02
 2.38666667e-01 5.08666667e-01 5.40666667e-01 0.00000000e+00
 9.80000000e-01 3.74666667e-01 4.65333333e-01 5.88000000e-01
 0.00000000e+00 1.52666667e-01 7.40000000e-01 6.00666667e-01
 5.51333333e-01 7.06666667e-01 3.01333333e-01 6.66666667e-01
 2.68000000e-01 4.18666667e-01 6.64666667e-01 7.80000000e-02
 3.07333333e-01 2.65333333e-01 1.46000000e-01 9.33333333e-02
 0.00000000e+00 0.00000000e+00 1.32666667e-02 7.06666667e-02
 0.00000000e+00 0.00000000e+00 0.00000000e+00 0.00000000e+00
 0.00000000e+00 0.00000000e+00 0.00000000e+00 2.10000000e-01
 4.36000000e-01 3.51333333e-01 0.00000000e+00 0.00000000e+00
 3.16666667e-01 1.58666667e-01 2.94000000e-01 0.00000000e+00
 3.13333333e-01 1.98000000e-01 0.00000000e+00 3.36666667e-01
 0.00000000e+00 0.00000000e+00 0.00000000e+00 4.34000000e-02
 0.00000000e+00 2.69333333e-01 2.71333333e-01 0.00000000e+00
 3.69333333e-01 4.64000000e-01 1.87333333e-01 0.00000000e+00
 0.00000000e+00 6.43333333e-01 0.00000000e+00 4.00000000e-01
 9.00000000e-02 7.33333333e-02 0.00000000e+00 2.52000000e-01
 4.07333333e-01 1.48000000e-01 0.00000000e+00 0.00000000e+00
 3.99333333e-01 1.17333333e-01 1.98666667e-01 6.93333333e-03
 3.56666667e-01 3.17333333e-02 2.78666667e-01 0.00000000e+00
 1.11333333e-03 0.00000000e+00 1.59333333e-01 3.87333333e-01
 0.00000000e+00 5.30666667e-01 2.12000000e-01 4.21333333e-01
 0.00000000e+00 0.00000000e+00 0.00000000e+00 0.00000000e+00
 0.00000000e+00 8.00000000e-02 2.24000000e-01 0.00000000e+00
 0.00000000e+00 6.19333333e-01 2.60666667e-02 0.00000000e+00
 0.00000000e+00 0.00000000e+00 3.00000000e-01 0.00000000e+00
 0.00000000e+00 2.85333333e-01 3.55333333e-01 0.00000000e+00
 0.00000000e+00 0.00000000e+00 0.00000000e+00 2.40666667e-04
 2.66666667e-01 0.00000000e+00 0.00000000e+00 0.00000000e+00
 1.24666667e-01 0.00000000e+00 5.53333333e-02 1.15333333e-01
 0.00000000e+00 0.00000000e+00 0.00000000e+00 1.82666667e-01
 0.00000000e+00 2.42000000e-01 0.00000000e+00 8.33333333e-02
 3.18666667e-01 0.00000000e+00 0.00000000e+00 0.00000000e+00]
pyseer
y_true:  [1. 1. 1. 1. 1. 1. 1. 1. 1. 1. 1. 1. 1. 1. 1. 1. 1. 1. 0. 0. 0. 0. 0. 0.
 0. 0. 0. 0. 0. 0. 0. 0. 0. 0. 0. 0. 0. 0. 0. 0. 0. 0. 0. 0. 0. 0. 0. 0.
 0. 0. 0. 0. 0. 0. 1. 1. 1. 1. 1. 1. 1. 1. 1. 1. 1. 1. 1. 1. 1. 1. 1. 1.
 1. 1. 1. 1. 1. 1. 1. 1. 1. 0. 0. 0. 0. 0. 0. 0. 0. 0. 0. 0. 0. 0. 0. 0.
 0. 0. 0. 0. 0. 0. 0. 0. 0. 0. 0. 0. 0. 0. 0. 0. 0. 0. 0. 0. 0. 0. 0. 0.
 0. 0. 0. 0. 0. 0. 0. 0. 0. 0. 0. 0. 0. 0. 0. 0. 0. 0. 0. 0. 0. 0. 0. 0.
 0. 0. 0. 0. 0. 0. 0. 0. 0. 0. 0. 0. 0. 0. 0. 0. 0. 0. 0. 0. 0. 0. 0. 0.
 0. 0. 0. 0. 0. 0. 0. 0. 0. 0. 0. 0. 0. 0. 0. 0. 0. 0. 0. 0. 0. 0. 0. 0.
 0. 0. 0. 0. 0. 0. 0. 0.]
y_pred:  [1. 1. 1. 1. 1. 0. 1. 0. 1. 1. 0. 1. 0. 1. 0. 1. 1. 0. 1. 0. 1. 0. 1. 0.
 1. 1. 0. 1. 0. 1. 1. 0. 0. 0. 0. 0. 1. 0. 1. 0. 0. 0. 0. 1. 1. 1. 1. 0.
 1. 0. 1. 0. 1. 1. 1. 1. 1. 0. 0. 1. 1. 1. 1. 1. 1. 1. 0. 0. 0. 1. 1. 0.
 1. 1. 1. 1. 0. 0. 1. 1. 1. 1. 0. 1. 0. 1. 1. 0. 0. 0. 0. 0. 0. 0. 0. 0.
 0. 0. 0. 0. 0. 0. 0. 0. 1. 1. 0. 0. 0. 0. 0. 0. 0. 0. 0. 1. 0. 0. 0. 0.
 0. 0. 0. 0. 1. 1. 0. 0. 0. 1. 0. 1. 0. 0. 0. 0. 1. 0. 0. 0. 1. 0. 0. 0.
 1. 0. 0. 0. 0. 0. 0. 1. 0. 1. 0. 1. 0. 0. 0. 0. 0. 0. 0. 0. 0. 1. 0. 0.
 0. 0. 0. 0. 0. 0. 1. 0. 0. 0. 0. 0. 0. 0. 0. 0. 0. 0. 0. 0. 0. 0. 0. 0.
 0. 0. 0. 0. 1. 0. 0. 0.]
Time taken: 24.188026189804077 seconds
Running combination 44 of 50
Fitting RandomForest...
Fitting Adaboost...
Fitting AdaBoost_2...
Fitting et...
Fitting gbc...
Fitting gbc_2...
Fitting gbc_3...
Fitting dt...
Fitting lr...
Fitting Lasso_1...
Fitting Lasso_2...
Fitting Lasso_3...
Fitting Lasso_4...
Fitting elasticnet...
VCF file created successfully.
pyseer stderr:  Read 1000 phenotypes
Detected continuous phenotype
Reading all variants

0variants [00:00, ?variants/s]
54variants [00:00, 535.58variants/s]
108variants [00:00, 472.97variants/s]
164variants [00:00, 507.56variants/s]
198variants [00:00, 511.76variants/s]
Applying correlation filtering

  0%|          | 0/198 [00:00<?, ?variants/s]
100%|██████████| 198/198 [00:00<00:00, 2642.22variants/s]
Fitting elastic net to top 148 variants
Best penalty (lambda) from cross-validation: 1.22E+01
Best R^2 from cross-validation: 0.470
Finding and printing selected variants
198 loaded variants
50 pre-filtered variants
148 tested variants
137 printed variants

True importance standardized:  [0.26798617 0.26798617 0.26798617 0.26798617 0.26798617 0.26798617
 0.26798617 0.26798617 0.26798617 0.14863675 0.14863675 0.14863675
 0.14863675 0.14863675 0.14863675 0.14863675 0.14863675 0.14863675
 0.56774291 0.56774291 0.56774291 0.56774291 0.56774291 0.56774291
 0.56774291 0.56774291 0.56774291 0.77234767 0.77234767 0.77234767
 0.77234767 0.77234767 0.77234767 0.77234767 0.77234767 0.77234767
 0.59486765 0.59486765 0.59486765 0.59486765 0.59486765 0.59486765
 0.59486765 0.59486765 0.59486765 0.29758132 0.29758132 0.29758132
 0.29758132 0.29758132 0.29758132 0.29758132 0.29758132 0.29758132
 0.57883924 0.57883924 0.57883924 0.57883924 0.57883924 0.57883924
 0.57883924 0.57883924 0.57883924 0.26981618 0.26981618 0.26981618
 0.26981618 0.26981618 0.26981618 0.26981618 0.26981618 0.26981618
 1.         1.         1.         1.         1.         1.
 1.         1.         1.         0.53041174 0.53041174 0.53041174
 0.53041174 0.53041174 0.53041174 0.53041174 0.53041174 0.53041174
 0.         0.         0.         0.         0.         0.
 0.         0.         0.         0.         0.         0.
 0.         0.         0.         0.         0.         0.
 0.         0.         0.         0.         0.         0.
 0.         0.         0.         0.         0.         0.
 0.         0.         0.         0.         0.         0.
 0.         0.         0.         0.         0.         0.
 0.         0.         0.         0.         0.         0.
 0.         0.         0.         0.         0.         0.
 0.         0.         0.         0.         0.         0.
 0.         0.         0.         0.         0.         0.
 0.         0.         0.         0.         0.         0.
 0.         0.         0.         0.         0.         0.
 0.         0.         0.         0.         0.         0.
 0.         0.         0.         0.         0.         0.
 0.         0.         0.         0.         0.         0.
 0.         0.         0.         0.         0.         0.
 0.         0.         0.         0.         0.         0.
 0.         0.        ]
Normalized importance:  [0.0522085  0.0522085  0.         0.0522085  0.0522085  0.0522085
 0.0522085  0.0522085  0.0522085  0.03053207 0.         0.03053207
 0.03053207 0.         0.03053207 0.         0.03053207 0.03053207
 0.53393646 0.53393646 0.53393646 0.53393646 0.53393646 0.53393646
 0.53393646 0.53393646 0.53393646 0.82546917 0.82546917 0.82546917
 0.82546917 0.82546917 0.82546917 0.82546917 0.82546917 0.82546917
 0.22904252 0.22904252 0.22904252 0.22904252 0.22904252 0.22904252
 0.22904252 0.22904252 0.22904252 0.23772412 0.23772412 0.23772412
 0.23772412 0.23772412 0.23772412 0.23772412 0.23772412 0.23772412
 0.4640088  0.4640088  0.4640088  0.4640088  0.4640088  0.4640088
 0.4640088  0.4640088  0.4640088  0.10125355 0.10125355 0.
 0.10125355 0.         0.10125355 0.10125355 0.10125355 0.10125355
 1.         1.         1.         1.         1.         1.
 1.         1.         1.         0.53475812 0.53475812 0.53475812
 0.53475812 0.53475812 0.53475812 0.53475812 0.53475812 0.53475812
 0.         0.         0.         0.01848349 0.03710374 0.
 0.         0.         0.         0.         0.         0.
 0.         0.         0.         0.         0.         0.
 0.         0.         0.         0.         0.         0.
 0.         0.00909955 0.         0.         0.         0.
 0.         0.         0.         0.03329399 0.         0.
 0.         0.         0.         0.         0.         0.
 0.         0.         0.         0.         0.         0.
 0.         0.         0.         0.         0.         0.
 0.         0.         0.         0.         0.         0.02861623
 0.         0.         0.         0.         0.         0.03754768
 0.         0.         0.07694211 0.         0.         0.04247182
 0.         0.         0.0067199  0.         0.         0.
 0.         0.         0.         0.         0.01853024 0.
 0.         0.         0.03143939 0.         0.         0.
 0.         0.         0.         0.         0.         0.00913897
 0.         0.         0.         0.         0.         0.
 0.         0.         0.         0.04798928 0.0480177  0.
 0.         0.        ]
deepbreaks
y_true:  [0. 0. 0. 0. 0. 0. 0. 0. 0. 0. 0. 0. 0. 0. 0. 0. 0. 0. 1. 1. 1. 1. 1. 1.
 1. 1. 1. 1. 1. 1. 1. 1. 1. 1. 1. 1. 1. 1. 1. 1. 1. 1. 1. 1. 1. 0. 0. 0.
 0. 0. 0. 0. 0. 0. 1. 1. 1. 1. 1. 1. 1. 1. 1. 0. 0. 0. 0. 0. 0. 0. 0. 0.
 1. 1. 1. 1. 1. 1. 1. 1. 1. 0. 0. 0. 0. 0. 0. 0. 0. 0. 0. 0. 0. 0. 0. 0.
 0. 0. 0. 0. 0. 0. 0. 0. 0. 0. 0. 0. 0. 0. 0. 0. 0. 0. 0. 0. 0. 0. 0. 0.
 0. 0. 0. 0. 0. 0. 0. 0. 0. 0. 0. 0. 0. 0. 0. 0. 0. 0. 0. 0. 0. 0. 0. 0.
 0. 0. 0. 0. 0. 0. 0. 0. 0. 0. 0. 0. 0. 0. 0. 0. 0. 0. 0. 0. 0. 0. 0. 0.
 0. 0. 0. 0. 0. 0. 0. 0. 0. 0. 0. 0. 0. 0. 0. 0. 0. 0. 0. 0. 0. 0. 0. 0.
 0. 0. 0. 0. 0. 0. 0. 0.]
y_pred:  [0. 0. 0. 0. 0. 0. 0. 0. 0. 0. 0. 0. 0. 0. 0. 0. 0. 0. 1. 1. 1. 1. 1. 1.
 1. 1. 1. 1. 1. 1. 1. 1. 1. 1. 1. 1. 0. 0. 0. 0. 0. 0. 0. 0. 0. 1. 1. 1.
 1. 1. 1. 1. 1. 1. 1. 1. 1. 1. 1. 1. 1. 1. 1. 0. 0. 0. 0. 0. 0. 0. 0. 0.
 1. 1. 1. 1. 1. 1. 1. 1. 1. 1. 1. 1. 1. 1. 1. 1. 1. 1. 0. 0. 0. 0. 0. 0.
 0. 0. 0. 0. 0. 0. 0. 0. 0. 0. 0. 0. 0. 0. 0. 0. 0. 0. 0. 0. 0. 0. 0. 0.
 0. 0. 0. 0. 0. 0. 0. 0. 0. 0. 0. 0. 0. 0. 0. 0. 0. 0. 0. 0. 0. 0. 0. 0.
 0. 0. 0. 0. 0. 0. 0. 0. 0. 0. 0. 0. 0. 0. 0. 0. 0. 0. 0. 0. 0. 0. 0. 0.
 0. 0. 0. 0. 0. 0. 0. 0. 0. 0. 0. 0. 0. 0. 0. 0. 0. 0. 0. 0. 0. 0. 0. 0.
 0. 0. 0. 0. 0. 0. 0. 0.]
Normalized importance:  [0.2154321  0.15216049 0.         0.01188272 0.05432099 0.22407407
 0.32098765 0.22407407 0.16820988 0.13302469 0.         0.
 0.16944444 0.04753086 0.30030864 0.03302469 0.11049383 0.18858025
 0.67592593 0.35185185 0.25277778 0.21111111 0.2904321  0.58641975
 0.46604938 0.03364198 0.31790123 0.91049383 0.04351852 0.29907407
 0.32407407 0.         0.61728395 0.35802469 0.50617284 0.70679012
 0.49382716 0.45061728 0.23333333 0.29660494 0.23425926 0.37345679
 0.54320988 0.59567901 0.01910494 0.29074074 0.18981481 0.12283951
 0.16265432 0.37654321 0.48148148 0.22098765 0.05401235 0.10030864
 0.59259259 0.03950617 0.10925926 0.66975309 0.32098765 0.63271605
 0.20617284 0.47530864 0.24567901 0.33333333 0.14783951 0.08703704
 0.07345679 0.26944444 0.07592593 0.41666667 0.53703704 0.16851852
 1.         0.23487654 0.61111111 0.62345679 0.29783951 0.1962963
 0.5617284  0.72530864 0.35185185 0.46604938 0.45987654 0.27808642
 0.35493827 0.28765432 0.53395062 0.62037037 0.26604938 0.
 0.         0.         0.09444444 0.2558642  0.35493827 0.
 0.         0.         0.         0.         0.         0.14598765
 0.0845679  0.         0.         0.         0.27901235 0.
 0.12808642 0.         0.         0.2212963  0.03858025 0.27407407
 0.         0.04104938 0.         0.03765432 0.41666667 0.03518519
 0.         0.         0.         0.27685185 0.         0.
 0.19567901 0.         0.31790123 0.         0.11203704 0.
 0.         0.10555556 0.         0.         0.         0.18117284
 0.08179012 0.         0.33950617 0.         0.31481481 0.11790123
 0.         0.         0.14691358 0.         0.         0.07993827
 0.         0.         0.         0.         0.         0.26049383
 0.         0.         0.49382716 0.         0.05555556 0.20555556
 0.         0.05092593 0.09012346 0.         0.13765432 0.
 0.21265432 0.36111111 0.12376543 0.41049383 0.12716049 0.
 0.         0.         0.28395062 0.04382716 0.         0.16666667
 0.         0.10864198 0.25493827 0.         0.12685185 0.2212963
 0.1654321  0.         0.         0.         0.         0.04907407
 0.         0.07530864 0.23888889 0.21203704 0.53703704 0.33024691
 0.         0.        ]
pyseer
y_true:  [0. 0. 0. 0. 0. 0. 0. 0. 0. 0. 0. 0. 0. 0. 0. 0. 0. 0. 1. 1. 1. 1. 1. 1.
 1. 1. 1. 1. 1. 1. 1. 1. 1. 1. 1. 1. 1. 1. 1. 1. 1. 1. 1. 1. 1. 0. 0. 0.
 0. 0. 0. 0. 0. 0. 1. 1. 1. 1. 1. 1. 1. 1. 1. 0. 0. 0. 0. 0. 0. 0. 0. 0.
 1. 1. 1. 1. 1. 1. 1. 1. 1. 0. 0. 0. 0. 0. 0. 0. 0. 0. 0. 0. 0. 0. 0. 0.
 0. 0. 0. 0. 0. 0. 0. 0. 0. 0. 0. 0. 0. 0. 0. 0. 0. 0. 0. 0. 0. 0. 0. 0.
 0. 0. 0. 0. 0. 0. 0. 0. 0. 0. 0. 0. 0. 0. 0. 0. 0. 0. 0. 0. 0. 0. 0. 0.
 0. 0. 0. 0. 0. 0. 0. 0. 0. 0. 0. 0. 0. 0. 0. 0. 0. 0. 0. 0. 0. 0. 0. 0.
 0. 0. 0. 0. 0. 0. 0. 0. 0. 0. 0. 0. 0. 0. 0. 0. 0. 0. 0. 0. 0. 0. 0. 0.
 0. 0. 0. 0. 0. 0. 0. 0.]
y_pred:  [0. 0. 0. 0. 0. 0. 1. 0. 0. 0. 0. 0. 0. 0. 1. 0. 0. 0. 1. 1. 1. 0. 1. 1.
 1. 0. 1. 1. 0. 1. 1. 0. 1. 1. 1. 1. 1. 1. 0. 1. 0. 1. 1. 1. 0. 1. 0. 0.
 0. 1. 1. 0. 0. 0. 1. 0. 0. 1. 1. 1. 0. 1. 1. 1. 0. 0. 0. 1. 0. 1. 1. 0.
 1. 1. 1. 1. 1. 0. 1. 1. 1. 1. 1. 1. 1. 1. 1. 1. 1. 0. 0. 0. 0. 1. 1. 0.
 0. 0. 0. 0. 0. 0. 0. 0. 0. 0. 1. 0. 0. 0. 0. 0. 0. 1. 0. 0. 0. 0. 1. 0.
 0. 0. 0. 1. 0. 0. 0. 0. 1. 0. 0. 0. 0. 0. 0. 0. 0. 0. 0. 0. 1. 0. 1. 0.
 0. 0. 0. 0. 0. 0. 0. 0. 0. 0. 0. 1. 0. 0. 1. 0. 0. 0. 0. 0. 0. 0. 0. 0.
 0. 1. 0. 1. 0. 0. 0. 0. 1. 0. 0. 0. 0. 0. 1. 0. 0. 0. 0. 0. 0. 0. 0. 0.
 0. 0. 1. 0. 1. 1. 0. 0.]
Time taken: 24.339402198791504 seconds
Running combination 45 of 50
Fitting RandomForest...
Fitting Adaboost...
Fitting AdaBoost_2...
Fitting et...
Fitting gbc...
Fitting gbc_2...
Fitting gbc_3...
Fitting dt...
Fitting lr...
Fitting Lasso_1...
Fitting Lasso_2...
Fitting Lasso_3...
Fitting Lasso_4...
Fitting elasticnet...
VCF file created successfully.
pyseer stderr:  Read 1000 phenotypes
Detected continuous phenotype
Reading all variants

0variants [00:00, ?variants/s]
54variants [00:00, 529.85variants/s]
107variants [00:00, 463.26variants/s]
163variants [00:00, 502.46variants/s]
198variants [00:00, 506.85variants/s]
Applying correlation filtering

  0%|          | 0/198 [00:00<?, ?variants/s]
100%|██████████| 198/198 [00:00<00:00, 2706.00variants/s]
Fitting elastic net to top 148 variants
Best penalty (lambda) from cross-validation: 2.58E+01
Best R^2 from cross-validation: 0.524
Finding and printing selected variants
198 loaded variants
50 pre-filtered variants
148 tested variants
138 printed variants

True importance standardized:  [0.78085635 0.78085635 0.78085635 0.78085635 0.78085635 0.78085635
 0.78085635 0.78085635 0.78085635 0.4987414  0.4987414  0.4987414
 0.4987414  0.4987414  0.4987414  0.4987414  0.4987414  0.4987414
 0.86843024 0.86843024 0.86843024 0.86843024 0.86843024 0.86843024
 0.86843024 0.86843024 0.86843024 0.642147   0.642147   0.642147
 0.642147   0.642147   0.642147   0.642147   0.642147   0.642147
 0.98727525 0.98727525 0.98727525 0.98727525 0.98727525 0.98727525
 0.98727525 0.98727525 0.98727525 1.         1.         1.
 1.         1.         1.         1.         1.         1.
 0.61991556 0.61991556 0.61991556 0.61991556 0.61991556 0.61991556
 0.61991556 0.61991556 0.61991556 0.27428129 0.27428129 0.27428129
 0.27428129 0.27428129 0.27428129 0.27428129 0.27428129 0.27428129
 0.55364009 0.55364009 0.55364009 0.55364009 0.55364009 0.55364009
 0.55364009 0.55364009 0.55364009 0.16575567 0.16575567 0.16575567
 0.16575567 0.16575567 0.16575567 0.16575567 0.16575567 0.16575567
 0.         0.         0.         0.         0.         0.
 0.         0.         0.         0.         0.         0.
 0.         0.         0.         0.         0.         0.
 0.         0.         0.         0.         0.         0.
 0.         0.         0.         0.         0.         0.
 0.         0.         0.         0.         0.         0.
 0.         0.         0.         0.         0.         0.
 0.         0.         0.         0.         0.         0.
 0.         0.         0.         0.         0.         0.
 0.         0.         0.         0.         0.         0.
 0.         0.         0.         0.         0.         0.
 0.         0.         0.         0.         0.         0.
 0.         0.         0.         0.         0.         0.
 0.         0.         0.         0.         0.         0.
 0.         0.         0.         0.         0.         0.
 0.         0.         0.         0.         0.         0.
 0.         0.         0.         0.         0.         0.
 0.         0.         0.         0.         0.         0.
 0.         0.        ]
Normalized importance:  [0.66652466 0.66652466 0.66652466 0.66652466 0.66652466 0.66652466
 0.66652466 0.66652466 0.66652466 0.14400696 0.14400696 0.14400696
 0.14400696 0.14400696 0.14400696 0.14400696 0.14400696 0.14400696
 0.82565364 0.82565364 0.82565364 0.82565364 0.82565364 0.82565364
 0.82565364 0.82565364 0.82565364 0.45442    0.45442    0.45442
 0.45442    0.45442    0.45442    0.45442    0.45442    0.45442
 1.         1.         1.         1.         1.         1.
 1.         1.         1.         0.87596628 0.87596628 0.87596628
 0.87596628 0.87596628 0.87596628 0.87596628 0.87596628 0.87596628
 0.36964392 0.36964392 0.36964392 0.36964392 0.36964392 0.36964392
 0.36964392 0.36964392 0.36964392 0.0864281  0.0864281  0.0864281
 0.0864281  0.0864281  0.0864281  0.0864281  0.0864281  0.0864281
 0.20591554 0.20591554 0.20591554 0.20591554 0.20591554 0.20591554
 0.20591554 0.20591554 0.20591554 0.         0.         0.01330692
 0.         0.         0.0139329  0.         0.         0.
 0.         0.         0.03239308 0.         0.         0.
 0.         0.         0.         0.         0.         0.
 0.         0.027399   0.         0.         0.         0.01455956
 0.         0.01447089 0.         0.         0.         0.
 0.         0.         0.         0.02170165 0.         0.
 0.         0.         0.         0.         0.         0.01250907
 0.         0.         0.         0.         0.07685847 0.
 0.         0.         0.         0.         0.01601025 0.02318989
 0.         0.         0.         0.01396002 0.         0.
 0.         0.         0.         0.         0.         0.
 0.         0.         0.         0.         0.         0.
 0.         0.         0.         0.         0.         0.01699653
 0.04490443 0.         0.         0.02079157 0.         0.
 0.         0.         0.         0.         0.         0.01408334
 0.         0.         0.03240175 0.         0.         0.
 0.         0.         0.05018755 0.02034675 0.         0.
 0.         0.         0.         0.         0.         0.
 0.         0.         0.02000893 0.         0.         0.
 0.         0.        ]
deepbreaks
y_true:  [1. 1. 1. 1. 1. 1. 1. 1. 1. 0. 0. 0. 0. 0. 0. 0. 0. 0. 1. 1. 1. 1. 1. 1.
 1. 1. 1. 1. 1. 1. 1. 1. 1. 1. 1. 1. 1. 1. 1. 1. 1. 1. 1. 1. 1. 1. 1. 1.
 1. 1. 1. 1. 1. 1. 0. 0. 0. 0. 0. 0. 0. 0. 0. 0. 0. 0. 0. 0. 0. 0. 0. 0.
 0. 0. 0. 0. 0. 0. 0. 0. 0. 0. 0. 0. 0. 0. 0. 0. 0. 0. 0. 0. 0. 0. 0. 0.
 0. 0. 0. 0. 0. 0. 0. 0. 0. 0. 0. 0. 0. 0. 0. 0. 0. 0. 0. 0. 0. 0. 0. 0.
 0. 0. 0. 0. 0. 0. 0. 0. 0. 0. 0. 0. 0. 0. 0. 0. 0. 0. 0. 0. 0. 0. 0. 0.
 0. 0. 0. 0. 0. 0. 0. 0. 0. 0. 0. 0. 0. 0. 0. 0. 0. 0. 0. 0. 0. 0. 0. 0.
 0. 0. 0. 0. 0. 0. 0. 0. 0. 0. 0. 0. 0. 0. 0. 0. 0. 0. 0. 0. 0. 0. 0. 0.
 0. 0. 0. 0. 0. 0. 0. 0.]
y_pred:  [1. 1. 1. 1. 1. 1. 1. 1. 1. 0. 0. 0. 0. 0. 0. 0. 0. 0. 1. 1. 1. 1. 1. 1.
 1. 1. 1. 1. 1. 1. 1. 1. 1. 1. 1. 1. 1. 1. 1. 1. 1. 1. 1. 1. 1. 1. 1. 1.
 1. 1. 1. 1. 1. 1. 1. 1. 1. 1. 1. 1. 1. 1. 1. 0. 0. 0. 0. 0. 0. 0. 0. 0.
 0. 0. 0. 0. 0. 0. 0. 0. 0. 0. 0. 0. 0. 0. 0. 0. 0. 0. 0. 0. 0. 0. 0. 0.
 0. 0. 0. 0. 0. 0. 0. 0. 0. 0. 0. 0. 0. 0. 0. 0. 0. 0. 0. 0. 0. 0. 0. 0.
 0. 0. 0. 0. 0. 0. 0. 0. 0. 0. 0. 0. 0. 0. 0. 0. 0. 0. 0. 0. 0. 0. 0. 0.
 0. 0. 0. 0. 0. 0. 0. 0. 0. 0. 0. 0. 0. 0. 0. 0. 0. 0. 0. 0. 0. 0. 0. 0.
 0. 0. 0. 0. 0. 0. 0. 0. 0. 0. 0. 0. 0. 0. 0. 0. 0. 0. 0. 0. 0. 0. 0. 0.
 0. 0. 0. 0. 0. 0. 0. 0.]
Normalized importance:  [0.46332518 0.08031785 0.05330073 0.42787286 0.22493888 0.47188264
 0.42420538 0.28361858 0.3190709  0.2799511  0.29462103 0.06687042
 0.12151589 0.25305623 0.04144254 0.23594132 0.11882641 0.45599022
 0.68215159 0.30195599 0.63814181 0.33251834 0.42176039 0.35819071
 0.26894866 0.28728606 0.04205379 0.51100244 0.29095355 0.21393643
 0.18581907 0.25550122 0.37408313 0.07652812 0.24816626 0.18704156
 0.48899756 0.61002445 0.11638142 0.46332518 0.65525672 0.46821516
 0.08410758 0.29828851 0.4400978  1.         0.3007335  0.01515892
 0.42176039 0.22982885 0.15158924 0.22982885 0.4205379  0.41687042
 0.41442543 0.09914425 0.55501222 0.5403423  0.20660147 0.48899756
 0.04168704 0.31295844 0.         0.22371638 0.08435208 0.18704156
 0.27506112 0.1405868  0.11344743 0.04022005 0.18704156 0.03080685
 0.43520782 0.13691932 0.03948655 0.45843521 0.13447433 0.21149144
 0.53422983 0.10782396 0.09779951 0.07542787 0.         0.3398533
 0.         0.16625917 0.16748166 0.21393643 0.         0.19070905
 0.24816626 0.         0.40831296 0.         0.16870416 0.00358191
 0.         0.         0.         0.02762836 0.24816626 0.00899756
 0.         0.19193154 0.02212714 0.04462103 0.         0.28606357
 0.         0.2591687  0.         0.         0.         0.
 0.         0.14425428 0.         0.35085575 0.         0.
 0.         0.03997555 0.         0.         0.01127139 0.0396088
 0.         0.         0.         0.         0.49511002 0.
 0.         0.         0.02457213 0.         0.34718826 0.30317848
 0.15525672 0.         0.06638142 0.29462103 0.         0.0797066
 0.         0.         0.19437653 0.04987775 0.06564792 0.13447433
 0.         0.13202934 0.         0.14547677 0.22738386 0.
 0.         0.         0.07114914 0.         0.         0.26650367
 0.22616137 0.01674817 0.         0.29706601 0.         0.
 0.         0.         0.         0.         0.01320293 0.1106357
 0.04535452 0.13080685 0.40464548 0.         0.14792176 0.
 0.16870416 0.         0.38997555 0.39242054 0.         0.15647922
 0.         0.         0.         0.14180929 0.         0.18948655
 0.         0.00125917 0.06283619 0.         0.         0.09547677
 0.         0.        ]
pyseer
y_true:  [1. 1. 1. 1. 1. 1. 1. 1. 1. 0. 0. 0. 0. 0. 0. 0. 0. 0. 1. 1. 1. 1. 1. 1.
 1. 1. 1. 1. 1. 1. 1. 1. 1. 1. 1. 1. 1. 1. 1. 1. 1. 1. 1. 1. 1. 1. 1. 1.
 1. 1. 1. 1. 1. 1. 0. 0. 0. 0. 0. 0. 0. 0. 0. 0. 0. 0. 0. 0. 0. 0. 0. 0.
 0. 0. 0. 0. 0. 0. 0. 0. 0. 0. 0. 0. 0. 0. 0. 0. 0. 0. 0. 0. 0. 0. 0. 0.
 0. 0. 0. 0. 0. 0. 0. 0. 0. 0. 0. 0. 0. 0. 0. 0. 0. 0. 0. 0. 0. 0. 0. 0.
 0. 0. 0. 0. 0. 0. 0. 0. 0. 0. 0. 0. 0. 0. 0. 0. 0. 0. 0. 0. 0. 0. 0. 0.
 0. 0. 0. 0. 0. 0. 0. 0. 0. 0. 0. 0. 0. 0. 0. 0. 0. 0. 0. 0. 0. 0. 0. 0.
 0. 0. 0. 0. 0. 0. 0. 0. 0. 0. 0. 0. 0. 0. 0. 0. 0. 0. 0. 0. 0. 0. 0. 0.
 0. 0. 0. 0. 0. 0. 0. 0.]
y_pred:  [1. 0. 0. 1. 1. 1. 1. 1. 1. 1. 1. 0. 0. 1. 0. 1. 0. 1. 1. 1. 1. 1. 1. 1.
 1. 1. 0. 1. 1. 1. 0. 1. 1. 0. 1. 0. 1. 1. 0. 1. 1. 1. 0. 1. 1. 1. 1. 0.
 1. 1. 0. 1. 1. 1. 1. 0. 1. 1. 0. 1. 0. 1. 0. 1. 0. 0. 1. 0. 0. 0. 0. 0.
 1. 0. 0. 1. 0. 0. 1. 0. 0. 0. 0. 1. 0. 0. 0. 1. 0. 0. 1. 0. 1. 0. 0. 0.
 0. 0. 0. 0. 1. 0. 0. 0. 0. 0. 0. 1. 0. 1. 0. 0. 0. 0. 0. 0. 0. 1. 0. 0.
 0. 0. 0. 0. 0. 0. 0. 0. 0. 0. 1. 0. 0. 0. 0. 0. 1. 1. 0. 0. 0. 1. 0. 0.
 0. 0. 0. 0. 0. 0. 0. 0. 0. 0. 1. 0. 0. 0. 0. 0. 0. 1. 1. 0. 0. 1. 0. 0.
 0. 0. 0. 0. 0. 0. 0. 0. 1. 0. 0. 0. 0. 0. 1. 1. 0. 0. 0. 0. 0. 0. 0. 0.
 0. 0. 0. 0. 0. 0. 0. 0.]
Time taken: 24.801551580429077 seconds
Running combination 46 of 50
Fitting RandomForest...
Fitting Adaboost...
Fitting AdaBoost_2...
Fitting et...
Fitting gbc...
Fitting gbc_2...
Fitting gbc_3...
Fitting dt...
Fitting lr...
Fitting Lasso_1...
Fitting Lasso_2...
Fitting Lasso_3...
Fitting Lasso_4...
Fitting elasticnet...
VCF file created successfully.
pyseer stderr:  Read 1000 phenotypes
Detected continuous phenotype
Reading all variants

0variants [00:00, ?variants/s]
54variants [00:00, 534.36variants/s]
108variants [00:00, 474.05variants/s]
164variants [00:00, 506.59variants/s]
198variants [00:00, 511.22variants/s]
Applying correlation filtering

  0%|          | 0/198 [00:00<?, ?variants/s]
100%|██████████| 198/198 [00:00<00:00, 2708.13variants/s]
Fitting elastic net to top 148 variants
Best penalty (lambda) from cross-validation: 6.12E+00
Best R^2 from cross-validation: 0.486
Finding and printing selected variants
198 loaded variants
50 pre-filtered variants
148 tested variants
137 printed variants

True importance standardized:  [0.20057081 0.20057081 0.20057081 0.20057081 0.20057081 0.20057081
 0.20057081 0.20057081 0.20057081 0.48830457 0.48830457 0.48830457
 0.48830457 0.48830457 0.48830457 0.48830457 0.48830457 0.48830457
 0.25238277 0.25238277 0.25238277 0.25238277 0.25238277 0.25238277
 0.25238277 0.25238277 0.25238277 0.26703434 0.26703434 0.26703434
 0.26703434 0.26703434 0.26703434 0.26703434 0.26703434 0.26703434
 1.         1.         1.         1.         1.         1.
 1.         1.         1.         0.33222438 0.33222438 0.33222438
 0.33222438 0.33222438 0.33222438 0.33222438 0.33222438 0.33222438
 0.23544836 0.23544836 0.23544836 0.23544836 0.23544836 0.23544836
 0.23544836 0.23544836 0.23544836 0.57108373 0.57108373 0.57108373
 0.57108373 0.57108373 0.57108373 0.57108373 0.57108373 0.57108373
 0.18250592 0.18250592 0.18250592 0.18250592 0.18250592 0.18250592
 0.18250592 0.18250592 0.18250592 0.74710979 0.74710979 0.74710979
 0.74710979 0.74710979 0.74710979 0.74710979 0.74710979 0.74710979
 0.         0.         0.         0.         0.         0.
 0.         0.         0.         0.         0.         0.
 0.         0.         0.         0.         0.         0.
 0.         0.         0.         0.         0.         0.
 0.         0.         0.         0.         0.         0.
 0.         0.         0.         0.         0.         0.
 0.         0.         0.         0.         0.         0.
 0.         0.         0.         0.         0.         0.
 0.         0.         0.         0.         0.         0.
 0.         0.         0.         0.         0.         0.
 0.         0.         0.         0.         0.         0.
 0.         0.         0.         0.         0.         0.
 0.         0.         0.         0.         0.         0.
 0.         0.         0.         0.         0.         0.
 0.         0.         0.         0.         0.         0.
 0.         0.         0.         0.         0.         0.
 0.         0.         0.         0.         0.         0.
 0.         0.         0.         0.         0.         0.
 0.         0.        ]
Normalized importance:  [0.23287605 0.23287605 0.23287605 0.23287605 0.23287605 0.23287605
 0.23287605 0.23287605 0.23287605 0.43356465 0.43356465 0.43356465
 0.43356465 0.43356465 0.43356465 0.43356465 0.43356465 0.43356465
 0.2869714  0.2869714  0.2869714  0.2869714  0.2869714  0.2869714
 0.2869714  0.2869714  0.2869714  0.38194942 0.38194942 0.38194942
 0.38194942 0.38194942 0.38194942 0.38194942 0.38194942 0.38194942
 1.         1.         1.         1.         1.         1.
 1.         1.         1.         0.27039332 0.27039332 0.27039332
 0.27039332 0.27039332 0.27039332 0.27039332 0.27039332 0.27039332
 0.15969824 0.         0.         0.         0.         0.
 0.15969824 0.15969824 0.         0.55239391 0.55239391 0.55239391
 0.55239391 0.55239391 0.55239391 0.55239391 0.55239391 0.55239391
 0.21019518 0.21019518 0.21019518 0.21019518 0.21019518 0.21019518
 0.21019518 0.         0.21019518 0.71676188 0.71676188 0.71676188
 0.71676188 0.71676188 0.71676188 0.71676188 0.71676188 0.71676188
 0.         0.         0.         0.         0.         0.
 0.         0.         0.00791218 0.         0.         0.
 0.         0.         0.         0.         0.         0.
 0.         0.         0.         0.         0.         0.
 0.         0.10821507 0.         0.08806376 0.         0.
 0.         0.         0.         0.         0.         0.
 0.         0.09356517 0.         0.         0.         0.
 0.0868802  0.         0.         0.         0.         0.02740171
 0.         0.         0.         0.0048881  0.         0.
 0.         0.         0.         0.         0.         0.07411003
 0.         0.         0.         0.         0.         0.
 0.         0.         0.         0.         0.10696134 0.
 0.         0.         0.         0.         0.         0.01829636
 0.         0.         0.         0.         0.         0.
 0.         0.         0.         0.         0.         0.
 0.0100469  0.         0.         0.         0.12248676 0.
 0.         0.         0.         0.01162452 0.         0.
 0.         0.         0.         0.         0.         0.
 0.         0.        ]
deepbreaks
y_true:  [0. 0. 0. 0. 0. 0. 0. 0. 0. 1. 1. 1. 1. 1. 1. 1. 1. 1. 0. 0. 0. 0. 0. 0.
 0. 0. 0. 0. 0. 0. 0. 0. 0. 0. 0. 0. 1. 1. 1. 1. 1. 1. 1. 1. 1. 1. 1. 1.
 1. 1. 1. 1. 1. 1. 0. 0. 0. 0. 0. 0. 0. 0. 0. 1. 1. 1. 1. 1. 1. 1. 1. 1.
 0. 0. 0. 0. 0. 0. 0. 0. 0. 1. 1. 1. 1. 1. 1. 1. 1. 1. 0. 0. 0. 0. 0. 0.
 0. 0. 0. 0. 0. 0. 0. 0. 0. 0. 0. 0. 0. 0. 0. 0. 0. 0. 0. 0. 0. 0. 0. 0.
 0. 0. 0. 0. 0. 0. 0. 0. 0. 0. 0. 0. 0. 0. 0. 0. 0. 0. 0. 0. 0. 0. 0. 0.
 0. 0. 0. 0. 0. 0. 0. 0. 0. 0. 0. 0. 0. 0. 0. 0. 0. 0. 0. 0. 0. 0. 0. 0.
 0. 0. 0. 0. 0. 0. 0. 0. 0. 0. 0. 0. 0. 0. 0. 0. 0. 0. 0. 0. 0. 0. 0. 0.
 0. 0. 0. 0. 0. 0. 0. 0.]
y_pred:  [0. 0. 0. 0. 0. 0. 0. 0. 0. 1. 1. 1. 1. 1. 1. 1. 1. 1. 1. 1. 1. 1. 1. 1.
 1. 1. 1. 1. 1. 1. 1. 1. 1. 1. 1. 1. 1. 1. 1. 1. 1. 1. 1. 1. 1. 0. 0. 0.
 0. 0. 0. 0. 0. 0. 0. 0. 0. 0. 0. 0. 0. 0. 0. 1. 1. 1. 1. 1. 1. 1. 1. 1.
 0. 0. 0. 0. 0. 0. 0. 0. 0. 1. 1. 1. 1. 1. 1. 1. 1. 1. 0. 0. 0. 0. 0. 0.
 0. 0. 0. 0. 0. 0. 0. 0. 0. 0. 0. 0. 0. 0. 0. 0. 0. 0. 0. 0. 0. 0. 0. 0.
 0. 0. 0. 0. 0. 0. 0. 0. 0. 0. 0. 0. 0. 0. 0. 0. 0. 0. 0. 0. 0. 0. 0. 0.
 0. 0. 0. 0. 0. 0. 0. 0. 0. 0. 0. 0. 0. 0. 0. 0. 0. 0. 0. 0. 0. 0. 0. 0.
 0. 0. 0. 0. 0. 0. 0. 0. 0. 0. 0. 0. 0. 0. 0. 0. 0. 0. 0. 0. 0. 0. 0. 0.
 0. 0. 0. 0. 0. 0. 0. 0.]
Normalized importance:  [1.8984375e-01 1.3593750e-01 1.6328125e-01 5.0625000e-02 1.5312500e-01
 2.3203125e-01 2.1484375e-01 1.5078125e-01 1.3906250e-01 4.5234375e-01
 4.1406250e-02 1.5390625e-03 2.5937500e-01 8.1250000e-02 5.2343750e-01
 1.5234375e-01 4.3828125e-01 5.6484375e-01 1.4453125e-01 2.1640625e-01
 1.9609375e-01 1.7734375e-01 0.0000000e+00 7.8906250e-02 1.4843750e-01
 4.3125000e-01 2.1953125e-01 3.0625000e-01 0.0000000e+00 3.3515625e-01
 1.6562500e-01 2.5546875e-01 3.7734375e-01 1.5390625e-01 3.0390625e-01
 2.7500000e-01 1.0000000e+00 3.9296875e-01 7.6093750e-01 7.8906250e-01
 5.6718750e-01 5.9921875e-01 3.1796875e-01 6.6484375e-01 5.7812500e-01
 3.0000000e-01 3.1484375e-01 8.0468750e-04 2.5234375e-01 2.3593750e-01
 5.1484375e-02 0.0000000e+00 1.9531250e-01 6.8203125e-02 2.4218750e-01
 8.6718750e-02 0.0000000e+00 1.8906250e-01 9.7656250e-02 4.0234375e-02
 2.7500000e-01 1.2109375e-01 0.0000000e+00 6.2109375e-01 3.7109375e-01
 4.1562500e-01 1.2500000e-01 1.5078125e-01 2.7187500e-01 5.4218750e-01
 3.3125000e-01 3.2421875e-01 1.8906250e-01 2.9296875e-01 4.1796875e-02
 2.6484375e-01 9.1406250e-03 3.0468750e-02 4.0937500e-01 1.3671875e-01
 1.9375000e-01 8.7500000e-01 2.8593750e-01 4.6015625e-01 2.3046875e-01
 6.5625000e-01 5.1484375e-01 4.1406250e-01 4.3671875e-01 0.0000000e+00
 0.0000000e+00 0.0000000e+00 1.3750000e-01 3.0937500e-02 2.8203125e-01
 1.6484375e-01 0.0000000e+00 0.0000000e+00 0.0000000e+00 2.0859375e-01
 1.1640625e-01 0.0000000e+00 0.0000000e+00 0.0000000e+00 0.0000000e+00
 0.0000000e+00 0.0000000e+00 8.2031250e-02 0.0000000e+00 1.0390625e-01
 0.0000000e+00 0.0000000e+00 6.6718750e-02 0.0000000e+00 1.0859375e-01
 3.1640625e-01 1.7656250e-01 2.1250000e-01 3.6562500e-02 0.0000000e+00
 0.0000000e+00 3.1328125e-02 0.0000000e+00 0.0000000e+00 0.0000000e+00
 2.3906250e-01 1.2656250e-01 2.6718750e-01 0.0000000e+00 3.4375000e-03
 0.0000000e+00 2.4765625e-01 3.0000000e-01 0.0000000e+00 0.0000000e+00
 0.0000000e+00 0.0000000e+00 1.0390625e-01 0.0000000e+00 2.9375000e-01
 0.0000000e+00 1.3828125e-01 0.0000000e+00 7.1171875e-03 0.0000000e+00
 1.1328125e-01 0.0000000e+00 1.3906250e-02 0.0000000e+00 3.2421875e-01
 0.0000000e+00 0.0000000e+00 0.0000000e+00 0.0000000e+00 1.2031250e-01
 1.1953125e-01 2.8515625e-01 0.0000000e+00 2.3203125e-02 1.4453125e-01
 3.2500000e-01 1.7031250e-01 0.0000000e+00 5.5781250e-02 0.0000000e+00
 0.0000000e+00 0.0000000e+00 1.0000000e-01 0.0000000e+00 3.1875000e-01
 0.0000000e+00 0.0000000e+00 1.0703125e-01 1.3828125e-02 0.0000000e+00
 0.0000000e+00 0.0000000e+00 7.0937500e-02 4.2890625e-02 1.3906250e-01
 1.4062500e-01 0.0000000e+00 6.4296875e-02 0.0000000e+00 4.6640625e-01
 0.0000000e+00 1.2265625e-01 1.7578125e-02 1.2265625e-01 6.1953125e-02
 1.0625000e-01 0.0000000e+00 2.4062500e-01 0.0000000e+00 0.0000000e+00
 2.0859375e-01 0.0000000e+00 0.0000000e+00 0.0000000e+00 0.0000000e+00]
pyseer
y_true:  [0. 0. 0. 0. 0. 0. 0. 0. 0. 1. 1. 1. 1. 1. 1. 1. 1. 1. 0. 0. 0. 0. 0. 0.
 0. 0. 0. 0. 0. 0. 0. 0. 0. 0. 0. 0. 1. 1. 1. 1. 1. 1. 1. 1. 1. 1. 1. 1.
 1. 1. 1. 1. 1. 1. 0. 0. 0. 0. 0. 0. 0. 0. 0. 1. 1. 1. 1. 1. 1. 1. 1. 1.
 0. 0. 0. 0. 0. 0. 0. 0. 0. 1. 1. 1. 1. 1. 1. 1. 1. 1. 0. 0. 0. 0. 0. 0.
 0. 0. 0. 0. 0. 0. 0. 0. 0. 0. 0. 0. 0. 0. 0. 0. 0. 0. 0. 0. 0. 0. 0. 0.
 0. 0. 0. 0. 0. 0. 0. 0. 0. 0. 0. 0. 0. 0. 0. 0. 0. 0. 0. 0. 0. 0. 0. 0.
 0. 0. 0. 0. 0. 0. 0. 0. 0. 0. 0. 0. 0. 0. 0. 0. 0. 0. 0. 0. 0. 0. 0. 0.
 0. 0. 0. 0. 0. 0. 0. 0. 0. 0. 0. 0. 0. 0. 0. 0. 0. 0. 0. 0. 0. 0. 0. 0.
 0. 0. 0. 0. 0. 0. 0. 0.]
y_pred:  [1. 0. 0. 0. 0. 1. 1. 0. 0. 1. 0. 0. 1. 0. 1. 0. 1. 1. 0. 1. 1. 0. 0. 0.
 0. 1. 1. 1. 0. 1. 0. 1. 1. 0. 1. 1. 1. 1. 1. 1. 1. 1. 1. 1. 1. 1. 1. 0.
 1. 1. 0. 0. 1. 0. 1. 0. 0. 0. 0. 0. 1. 0. 0. 1. 1. 1. 0. 0. 1. 1. 1. 1.
 0. 1. 0. 1. 0. 0. 1. 0. 1. 1. 1. 1. 1. 1. 1. 1. 1. 0. 0. 0. 0. 0. 1. 0.
 0. 0. 0. 1. 0. 0. 0. 0. 0. 0. 0. 0. 0. 0. 0. 0. 0. 0. 0. 1. 0. 1. 0. 0.
 0. 0. 0. 0. 0. 1. 0. 1. 0. 0. 0. 1. 1. 0. 0. 0. 0. 0. 0. 1. 0. 0. 0. 0.
 0. 0. 0. 0. 0. 1. 0. 0. 0. 0. 0. 0. 1. 0. 0. 0. 1. 0. 0. 0. 0. 0. 0. 0.
 0. 1. 0. 0. 0. 0. 0. 0. 0. 0. 0. 0. 0. 0. 0. 0. 1. 0. 0. 0. 0. 0. 0. 0.
 1. 0. 0. 1. 0. 0. 0. 0.]
Time taken: 24.346675157546997 seconds
Running combination 47 of 50
Fitting RandomForest...
Fitting Adaboost...
Fitting AdaBoost_2...
Fitting et...
Fitting gbc...
Fitting gbc_2...
Fitting gbc_3...
Fitting dt...
Fitting lr...
Fitting Lasso_1...
Fitting Lasso_2...
Fitting Lasso_3...
Fitting Lasso_4...
Fitting elasticnet...
VCF file created successfully.
pyseer stderr:  Read 1000 phenotypes
Detected continuous phenotype
Reading all variants

0variants [00:00, ?variants/s]
54variants [00:00, 531.34variants/s]
108variants [00:00, 472.58variants/s]
163variants [00:00, 502.99variants/s]
198variants [00:00, 508.30variants/s]
Applying correlation filtering

  0%|          | 0/198 [00:00<?, ?variants/s]
100%|██████████| 198/198 [00:00<00:00, 2684.63variants/s]
Fitting elastic net to top 148 variants
Best penalty (lambda) from cross-validation: 1.89E+01
Best R^2 from cross-validation: 0.546
Finding and printing selected variants
198 loaded variants
50 pre-filtered variants
148 tested variants
138 printed variants

True importance standardized:  [0.18678273 0.18678273 0.18678273 0.18678273 0.18678273 0.18678273
 0.18678273 0.18678273 0.18678273 1.         1.         1.
 1.         1.         1.         1.         1.         1.
 0.55929151 0.55929151 0.55929151 0.55929151 0.55929151 0.55929151
 0.55929151 0.55929151 0.55929151 0.8634849  0.8634849  0.8634849
 0.8634849  0.8634849  0.8634849  0.8634849  0.8634849  0.8634849
 0.514132   0.514132   0.514132   0.514132   0.514132   0.514132
 0.514132   0.514132   0.514132   0.86507762 0.86507762 0.86507762
 0.86507762 0.86507762 0.86507762 0.86507762 0.86507762 0.86507762
 0.36429238 0.36429238 0.36429238 0.36429238 0.36429238 0.36429238
 0.36429238 0.36429238 0.36429238 0.23905099 0.23905099 0.23905099
 0.23905099 0.23905099 0.23905099 0.23905099 0.23905099 0.23905099
 0.40294373 0.40294373 0.40294373 0.40294373 0.40294373 0.40294373
 0.40294373 0.40294373 0.40294373 0.53550241 0.53550241 0.53550241
 0.53550241 0.53550241 0.53550241 0.53550241 0.53550241 0.53550241
 0.         0.         0.         0.         0.         0.
 0.         0.         0.         0.         0.         0.
 0.         0.         0.         0.         0.         0.
 0.         0.         0.         0.         0.         0.
 0.         0.         0.         0.         0.         0.
 0.         0.         0.         0.         0.         0.
 0.         0.         0.         0.         0.         0.
 0.         0.         0.         0.         0.         0.
 0.         0.         0.         0.         0.         0.
 0.         0.         0.         0.         0.         0.
 0.         0.         0.         0.         0.         0.
 0.         0.         0.         0.         0.         0.
 0.         0.         0.         0.         0.         0.
 0.         0.         0.         0.         0.         0.
 0.         0.         0.         0.         0.         0.
 0.         0.         0.         0.         0.         0.
 0.         0.         0.         0.         0.         0.
 0.         0.         0.         0.         0.         0.
 0.         0.        ]
Normalized importance:  [0.         0.         0.         0.         0.0412743  0.
 0.         0.         0.         1.         1.         1.
 1.         1.         1.         1.         1.         1.
 0.29568572 0.29568572 0.29568572 0.29568572 0.29568572 0.29568572
 0.29568572 0.29568572 0.29568572 0.77065835 0.77065835 0.77065835
 0.77065835 0.77065835 0.77065835 0.77065835 0.77065835 0.77065835
 0.36695957 0.36695957 0.36695957 0.36695957 0.36695957 0.36695957
 0.36695957 0.36695957 0.36695957 0.81267275 0.81267275 0.81267275
 0.81267275 0.81267275 0.81267275 0.81267275 0.81267275 0.81267275
 0.15202357 0.15202357 0.15202357 0.15202357 0.15202357 0.15202357
 0.15202357 0.15202357 0.15202357 0.04533183 0.         0.04533183
 0.04533183 0.         0.04533183 0.04533183 0.04533183 0.04533183
 0.12070339 0.12070339 0.12070339 0.12070339 0.12070339 0.12070339
 0.12070339 0.12070339 0.12070339 0.2785132  0.2785132  0.2785132
 0.2785132  0.2785132  0.2785132  0.2785132  0.2785132  0.2785132
 0.03137299 0.         0.         0.         0.         0.
 0.         0.         0.         0.         0.         0.
 0.         0.         0.         0.         0.         0.
 0.         0.         0.         0.         0.         0.
 0.         0.01084196 0.0076661  0.         0.         0.
 0.         0.         0.         0.         0.         0.
 0.01221675 0.         0.         0.         0.         0.
 0.         0.         0.         0.         0.         0.
 0.         0.         0.         0.         0.         0.
 0.01467703 0.         0.         0.04911885 0.         0.
 0.02317342 0.         0.         0.         0.         0.
 0.         0.         0.         0.         0.         0.
 0.         0.00694631 0.         0.         0.         0.
 0.         0.         0.         0.         0.         0.
 0.         0.         0.         0.         0.         0.
 0.         0.01152403 0.         0.         0.         0.
 0.         0.         0.         0.         0.         0.
 0.         0.         0.         0.         0.         0.
 0.         0.        ]
deepbreaks
y_true:  [0. 0. 0. 0. 0. 0. 0. 0. 0. 1. 1. 1. 1. 1. 1. 1. 1. 1. 1. 1. 1. 1. 1. 1.
 1. 1. 1. 1. 1. 1. 1. 1. 1. 1. 1. 1. 0. 0. 0. 0. 0. 0. 0. 0. 0. 1. 1. 1.
 1. 1. 1. 1. 1. 1. 0. 0. 0. 0. 0. 0. 0. 0. 0. 0. 0. 0. 0. 0. 0. 0. 0. 0.
 0. 0. 0. 0. 0. 0. 0. 0. 0. 1. 1. 1. 1. 1. 1. 1. 1. 1. 0. 0. 0. 0. 0. 0.
 0. 0. 0. 0. 0. 0. 0. 0. 0. 0. 0. 0. 0. 0. 0. 0. 0. 0. 0. 0. 0. 0. 0. 0.
 0. 0. 0. 0. 0. 0. 0. 0. 0. 0. 0. 0. 0. 0. 0. 0. 0. 0. 0. 0. 0. 0. 0. 0.
 0. 0. 0. 0. 0. 0. 0. 0. 0. 0. 0. 0. 0. 0. 0. 0. 0. 0. 0. 0. 0. 0. 0. 0.
 0. 0. 0. 0. 0. 0. 0. 0. 0. 0. 0. 0. 0. 0. 0. 0. 0. 0. 0. 0. 0. 0. 0. 0.
 0. 0. 0. 0. 0. 0. 0. 0.]
y_pred:  [0. 0. 0. 0. 0. 0. 0. 0. 0. 1. 1. 1. 1. 1. 1. 1. 1. 1. 1. 1. 1. 1. 1. 1.
 1. 1. 1. 1. 1. 1. 1. 1. 1. 1. 1. 1. 1. 1. 1. 1. 1. 1. 1. 1. 1. 1. 1. 1.
 1. 1. 1. 1. 1. 1. 0. 0. 0. 0. 0. 0. 0. 0. 0. 0. 0. 0. 0. 0. 0. 0. 0. 0.
 0. 0. 0. 0. 0. 0. 0. 0. 0. 0. 0. 0. 0. 0. 0. 0. 0. 0. 0. 0. 0. 0. 0. 0.
 0. 0. 0. 0. 0. 0. 0. 0. 0. 0. 0. 0. 0. 0. 0. 0. 0. 0. 0. 0. 0. 0. 0. 0.
 0. 0. 0. 0. 0. 0. 0. 0. 0. 0. 0. 0. 0. 0. 0. 0. 0. 0. 0. 0. 0. 0. 0. 0.
 0. 0. 0. 0. 0. 0. 0. 0. 0. 0. 0. 0. 0. 0. 0. 0. 0. 0. 0. 0. 0. 0. 0. 0.
 0. 0. 0. 0. 0. 0. 0. 0. 0. 0. 0. 0. 0. 0. 0. 0. 0. 0. 0. 0. 0. 0. 0. 0.
 0. 0. 0. 0. 0. 0. 0. 0.]
Normalized importance:  [0.0946789  0.         0.32844037 0.00308257 0.29724771 0.2440367
 0.02495413 0.25137615 0.25137615 0.93577982 0.55229358 0.49724771
 0.18715596 0.48990826 0.73761468 0.4        0.30458716 0.67889908
 0.65688073 0.31926606 0.00921101 0.28990826 0.38165138 0.15009174
 0.40733945 0.20917431 0.10477064 1.         0.73944954 0.19082569
 0.29357798 0.42018349 0.40733945 0.05834862 0.33761468 0.62201835
 0.47155963 0.21100917 0.49908257 0.26972477 0.21100917 0.12752294
 0.54678899 0.19266055 0.41651376 0.9706422  0.29174312 0.64036697
 0.08201835 0.17669725 0.60366972 0.66055046 0.44036697 0.56880734
 0.3853211  0.00297248 0.3266055  0.10825688 0.10422018 0.34678899
 0.36697248 0.33211009 0.35045872 0.24954128 0.12018349 0.48990826
 0.19082569 0.03412844 0.27155963 0.21100917 0.17247706 0.36697248
 0.32844037 0.26055046 0.11926606 0.12715596 0.         0.20366972
 0.52477064 0.32844037 0.3412844  0.42385321 0.33211009 0.37981651
 0.         0.12770642 0.02091743 0.34495413 0.52293578 0.51559633
 0.49357798 0.02715596 0.28623853 0.         0.         0.
 0.22385321 0.17431193 0.19266055 0.23119266 0.         0.20733945
 0.11559633 0.05522936 0.43486239 0.         0.         0.
 0.         0.         0.         0.         0.31009174 0.19082569
 0.         0.21100917 0.2587156  0.         0.         0.
 0.0253211  0.14311927 0.08844037 0.20366972 0.09137615 0.
 0.10862385 0.         0.         0.41100917 0.         0.
 0.         0.         0.         0.04330275 0.         0.11045872
 0.         0.         0.         0.07229358 0.         0.
 0.20550459 0.1612844  0.         0.4733945  0.         0.
 0.27522936 0.         0.         0.         0.32110092 0.
 0.28073394 0.         0.         0.08715596 0.36880734 0.
 0.15743119 0.15357798 0.         0.3412844  0.0027156  0.17633028
 0.22385321 0.19449541 0.         0.2        0.         0.
 0.         0.01700917 0.         0.         0.         0.
 0.         0.44220183 0.06825688 0.33577982 0.20733945 0.
 0.         0.06055046 0.         0.         0.11724771 0.1146789
 0.05229358 0.         0.         0.         0.18899083 0.
 0.         0.        ]
pyseer
y_true:  [0. 0. 0. 0. 0. 0. 0. 0. 0. 1. 1. 1. 1. 1. 1. 1. 1. 1. 1. 1. 1. 1. 1. 1.
 1. 1. 1. 1. 1. 1. 1. 1. 1. 1. 1. 1. 0. 0. 0. 0. 0. 0. 0. 0. 0. 1. 1. 1.
 1. 1. 1. 1. 1. 1. 0. 0. 0. 0. 0. 0. 0. 0. 0. 0. 0. 0. 0. 0. 0. 0. 0. 0.
 0. 0. 0. 0. 0. 0. 0. 0. 0. 1. 1. 1. 1. 1. 1. 1. 1. 1. 0. 0. 0. 0. 0. 0.
 0. 0. 0. 0. 0. 0. 0. 0. 0. 0. 0. 0. 0. 0. 0. 0. 0. 0. 0. 0. 0. 0. 0. 0.
 0. 0. 0. 0. 0. 0. 0. 0. 0. 0. 0. 0. 0. 0. 0. 0. 0. 0. 0. 0. 0. 0. 0. 0.
 0. 0. 0. 0. 0. 0. 0. 0. 0. 0. 0. 0. 0. 0. 0. 0. 0. 0. 0. 0. 0. 0. 0. 0.
 0. 0. 0. 0. 0. 0. 0. 0. 0. 0. 0. 0. 0. 0. 0. 0. 0. 0. 0. 0. 0. 0. 0. 0.
 0. 0. 0. 0. 0. 0. 0. 0.]
y_pred:  [0. 0. 1. 0. 1. 0. 0. 1. 1. 1. 1. 1. 0. 1. 1. 1. 1. 1. 1. 1. 0. 1. 1. 0.
 1. 0. 0. 1. 1. 0. 1. 1. 1. 0. 1. 1. 1. 0. 1. 1. 0. 0. 1. 0. 1. 1. 1. 1.
 0. 0. 1. 1. 1. 1. 1. 0. 1. 0. 0. 1. 1. 1. 1. 0. 0. 1. 0. 0. 1. 0. 0. 1.
 1. 1. 0. 0. 0. 0. 1. 1. 1. 1. 1. 1. 0. 0. 0. 1. 1. 1. 1. 0. 1. 0. 0. 0.
 0. 0. 0. 0. 0. 0. 0. 0. 1. 0. 0. 0. 0. 0. 0. 0. 1. 0. 0. 0. 1. 0. 0. 0.
 0. 0. 0. 0. 0. 0. 0. 0. 0. 1. 0. 0. 0. 0. 0. 0. 0. 0. 0. 0. 0. 0. 0. 0.
 0. 0. 0. 1. 0. 0. 1. 0. 0. 0. 1. 0. 1. 0. 0. 0. 1. 0. 0. 0. 0. 1. 0. 0.
 0. 0. 0. 0. 0. 0. 0. 0. 0. 0. 0. 0. 0. 1. 0. 1. 0. 0. 0. 0. 0. 0. 0. 0.
 0. 0. 0. 0. 0. 0. 0. 0.]
Time taken: 23.898585557937622 seconds
Running combination 48 of 50
Fitting RandomForest...
Fitting Adaboost...
Fitting AdaBoost_2...
Fitting et...
Fitting gbc...
Fitting gbc_2...
Fitting gbc_3...
Fitting dt...
Fitting lr...
Fitting Lasso_1...
Fitting Lasso_2...
Fitting Lasso_3...
Fitting Lasso_4...
Fitting elasticnet...
VCF file created successfully.
pyseer stderr:  Read 1000 phenotypes
Detected continuous phenotype
Reading all variants

0variants [00:00, ?variants/s]
55variants [00:00, 541.50variants/s]
110variants [00:00, 480.03variants/s]
166variants [00:00, 512.88variants/s]
198variants [00:00, 515.29variants/s]
Applying correlation filtering

  0%|          | 0/198 [00:00<?, ?variants/s]
100%|██████████| 198/198 [00:00<00:00, 2650.07variants/s]
Fitting elastic net to top 148 variants
Best penalty (lambda) from cross-validation: 1.34E+01
Best R^2 from cross-validation: 0.513
Finding and printing selected variants
198 loaded variants
50 pre-filtered variants
148 tested variants
136 printed variants

True importance standardized:  [0.7565706  0.7565706  0.7565706  0.7565706  0.7565706  0.7565706
 0.7565706  0.7565706  0.7565706  0.45015992 0.45015992 0.45015992
 0.45015992 0.45015992 0.45015992 0.45015992 0.45015992 0.45015992
 0.17381871 0.17381871 0.17381871 0.17381871 0.17381871 0.17381871
 0.17381871 0.17381871 0.17381871 0.4305303  0.4305303  0.4305303
 0.4305303  0.4305303  0.4305303  0.4305303  0.4305303  0.4305303
 0.40038559 0.40038559 0.40038559 0.40038559 0.40038559 0.40038559
 0.40038559 0.40038559 0.40038559 0.8069179  0.8069179  0.8069179
 0.8069179  0.8069179  0.8069179  0.8069179  0.8069179  0.8069179
 0.22844389 0.22844389 0.22844389 0.22844389 0.22844389 0.22844389
 0.22844389 0.22844389 0.22844389 0.18926398 0.18926398 0.18926398
 0.18926398 0.18926398 0.18926398 0.18926398 0.18926398 0.18926398
 1.         1.         1.         1.         1.         1.
 1.         1.         1.         0.47173205 0.47173205 0.47173205
 0.47173205 0.47173205 0.47173205 0.47173205 0.47173205 0.47173205
 0.         0.         0.         0.         0.         0.
 0.         0.         0.         0.         0.         0.
 0.         0.         0.         0.         0.         0.
 0.         0.         0.         0.         0.         0.
 0.         0.         0.         0.         0.         0.
 0.         0.         0.         0.         0.         0.
 0.         0.         0.         0.         0.         0.
 0.         0.         0.         0.         0.         0.
 0.         0.         0.         0.         0.         0.
 0.         0.         0.         0.         0.         0.
 0.         0.         0.         0.         0.         0.
 0.         0.         0.         0.         0.         0.
 0.         0.         0.         0.         0.         0.
 0.         0.         0.         0.         0.         0.
 0.         0.         0.         0.         0.         0.
 0.         0.         0.         0.         0.         0.
 0.         0.         0.         0.         0.         0.
 0.         0.         0.         0.         0.         0.
 0.         0.        ]
Normalized importance:  [0.78528205 0.78528205 0.78528205 0.78528205 0.78528205 0.78528205
 0.78528205 0.78528205 0.78528205 0.16810726 0.16810726 0.16810726
 0.16810726 0.16810726 0.16810726 0.16810726 0.16810726 0.16810726
 0.07796686 0.07796686 0.07796686 0.07796686 0.07796686 0.07796686
 0.         0.07796686 0.07796686 0.34938521 0.34938521 0.34938521
 0.34938521 0.34938521 0.34938521 0.34938521 0.34938521 0.34938521
 0.25799377 0.25799377 0.25799377 0.25799377 0.25799377 0.25799377
 0.25799377 0.25799377 0.25799377 0.92303657 0.92303657 0.92303657
 0.92303657 0.92303657 0.92303657 0.92303657 0.92303657 0.92303657
 0.11480654 0.11480654 0.11480654 0.11480654 0.11480654 0.11480654
 0.11480654 0.11480654 0.11480654 0.06580378 0.         0.
 0.         0.         0.         0.         0.         0.06580378
 1.         1.         1.         1.         1.         1.
 1.         1.         1.         0.34243672 0.34243672 0.34243672
 0.34243672 0.34243672 0.34243672 0.34243672 0.34243672 0.34243672
 0.         0.         0.01586873 0.04145211 0.         0.
 0.         0.         0.         0.         0.         0.
 0.         0.         0.         0.         0.01206231 0.04774884
 0.         0.         0.0122075  0.         0.         0.
 0.         0.         0.         0.         0.         0.
 0.         0.01733572 0.         0.         0.         0.
 0.         0.         0.         0.         0.         0.
 0.02329579 0.         0.         0.         0.         0.
 0.         0.         0.         0.         0.         0.
 0.         0.         0.         0.         0.         0.
 0.         0.         0.         0.         0.         0.
 0.02260512 0.         0.         0.         0.         0.
 0.         0.         0.         0.         0.         0.
 0.         0.         0.         0.         0.         0.
 0.         0.         0.01592093 0.         0.         0.
 0.01669004 0.         0.         0.         0.         0.
 0.         0.         0.03101694 0.         0.         0.
 0.         0.03719502 0.         0.         0.         0.
 0.         0.        ]
deepbreaks
y_true:  [1. 1. 1. 1. 1. 1. 1. 1. 1. 1. 1. 1. 1. 1. 1. 1. 1. 1. 0. 0. 0. 0. 0. 0.
 0. 0. 0. 0. 0. 0. 0. 0. 0. 0. 0. 0. 0. 0. 0. 0. 0. 0. 0. 0. 0. 1. 1. 1.
 1. 1. 1. 1. 1. 1. 0. 0. 0. 0. 0. 0. 0. 0. 0. 0. 0. 0. 0. 0. 0. 0. 0. 0.
 1. 1. 1. 1. 1. 1. 1. 1. 1. 1. 1. 1. 1. 1. 1. 1. 1. 1. 0. 0. 0. 0. 0. 0.
 0. 0. 0. 0. 0. 0. 0. 0. 0. 0. 0. 0. 0. 0. 0. 0. 0. 0. 0. 0. 0. 0. 0. 0.
 0. 0. 0. 0. 0. 0. 0. 0. 0. 0. 0. 0. 0. 0. 0. 0. 0. 0. 0. 0. 0. 0. 0. 0.
 0. 0. 0. 0. 0. 0. 0. 0. 0. 0. 0. 0. 0. 0. 0. 0. 0. 0. 0. 0. 0. 0. 0. 0.
 0. 0. 0. 0. 0. 0. 0. 0. 0. 0. 0. 0. 0. 0. 0. 0. 0. 0. 0. 0. 0. 0. 0. 0.
 0. 0. 0. 0. 0. 0. 0. 0.]
y_pred:  [1. 1. 1. 1. 1. 1. 1. 1. 1. 0. 0. 0. 0. 0. 0. 0. 0. 0. 0. 0. 0. 0. 0. 0.
 0. 0. 0. 1. 1. 1. 1. 1. 1. 1. 1. 1. 1. 1. 1. 1. 1. 1. 1. 1. 1. 1. 1. 1.
 1. 1. 1. 1. 1. 1. 0. 0. 0. 0. 0. 0. 0. 0. 0. 0. 0. 0. 0. 0. 0. 0. 0. 0.
 1. 1. 1. 1. 1. 1. 1. 1. 1. 1. 1. 1. 1. 1. 1. 1. 1. 1. 0. 0. 0. 0. 0. 0.
 0. 0. 0. 0. 0. 0. 0. 0. 0. 0. 0. 0. 0. 0. 0. 0. 0. 0. 0. 0. 0. 0. 0. 0.
 0. 0. 0. 0. 0. 0. 0. 0. 0. 0. 0. 0. 0. 0. 0. 0. 0. 0. 0. 0. 0. 0. 0. 0.
 0. 0. 0. 0. 0. 0. 0. 0. 0. 0. 0. 0. 0. 0. 0. 0. 0. 0. 0. 0. 0. 0. 0. 0.
 0. 0. 0. 0. 0. 0. 0. 0. 0. 0. 0. 0. 0. 0. 0. 0. 0. 0. 0. 0. 0. 0. 0. 0.
 0. 0. 0. 0. 0. 0. 0. 0.]
Normalized importance:  [0.78661088 0.39832636 0.56485356 0.41841004 0.43514644 0.64016736
 0.49790795 0.08702929 0.72384937 0.61087866 0.23723849 0.08786611
 0.41129707 0.28284519 0.24518828 0.36485356 0.17573222 0.23974895
 0.22343096 0.31841004 0.11422594 0.12133891 0.17782427 0.13514644
 0.         0.18117155 0.04267782 0.41171548 0.51464435 0.53138075
 0.29414226 0.71966527 0.04560669 0.31004184 0.37615063 0.16276151
 0.53138075 0.28284519 0.33891213 0.48953975 0.31506276 0.18410042
 0.21548117 0.26903766 0.         0.92468619 0.33012552 0.61924686
 0.61924686 0.49372385 0.70292887 0.30376569 0.64853556 0.48953975
 0.36987448 0.25564854 0.33514644 0.         0.18619247 0.1334728
 0.19205021 0.10460251 0.25481172 0.23305439 0.2041841  0.13263598
 0.02284519 0.         0.13933054 0.04518828 0.11506276 0.25774059
 1.         0.33221757 0.71129707 0.41799163 0.71548117 0.62761506
 0.83682008 0.35690377 0.56066946 0.51464435 0.35020921 0.41129707
 0.29790795 0.22050209 0.22008368 0.34644351 0.08535565 0.46861925
 0.         0.         0.04351464 0.3251046  0.15523013 0.
 0.         0.25606695 0.         0.         0.31841004 0.03129707
 0.         0.         0.         0.         0.29414226 0.4167364
 0.         0.16945607 0.19205021 0.         0.22426778 0.00899582
 0.06778243 0.         0.10962343 0.1292887  0.         0.
 0.14769874 0.15690377 0.         0.         0.         0.10334728
 0.21548117 0.         0.         0.         0.         0.33096234
 0.34351464 0.03640167 0.02543933 0.08368201 0.12552301 0.10585774
 0.         0.         0.26317992 0.         0.         0.04686192
 0.21799163 0.         0.         0.         0.         0.
 0.         0.02430962 0.13723849 0.         0.         0.
 0.40920502 0.1041841  0.         0.         0.         0.
 0.11464435 0.         0.         0.18117155 0.         0.
 0.18284519 0.         0.         0.         0.         0.13682008
 0.         0.04435146 0.32050209 0.         0.         0.10794979
 0.10292887 0.         0.00103766 0.0460251  0.00585774 0.26610879
 0.0790795  0.         0.24435146 0.         0.20878661 0.
 0.10711297 0.32594142 0.         0.         0.         0.
 0.         0.        ]
pyseer
y_true:  [1. 1. 1. 1. 1. 1. 1. 1. 1. 1. 1. 1. 1. 1. 1. 1. 1. 1. 0. 0. 0. 0. 0. 0.
 0. 0. 0. 0. 0. 0. 0. 0. 0. 0. 0. 0. 0. 0. 0. 0. 0. 0. 0. 0. 0. 1. 1. 1.
 1. 1. 1. 1. 1. 1. 0. 0. 0. 0. 0. 0. 0. 0. 0. 0. 0. 0. 0. 0. 0. 0. 0. 0.
 1. 1. 1. 1. 1. 1. 1. 1. 1. 1. 1. 1. 1. 1. 1. 1. 1. 1. 0. 0. 0. 0. 0. 0.
 0. 0. 0. 0. 0. 0. 0. 0. 0. 0. 0. 0. 0. 0. 0. 0. 0. 0. 0. 0. 0. 0. 0. 0.
 0. 0. 0. 0. 0. 0. 0. 0. 0. 0. 0. 0. 0. 0. 0. 0. 0. 0. 0. 0. 0. 0. 0. 0.
 0. 0. 0. 0. 0. 0. 0. 0. 0. 0. 0. 0. 0. 0. 0. 0. 0. 0. 0. 0. 0. 0. 0. 0.
 0. 0. 0. 0. 0. 0. 0. 0. 0. 0. 0. 0. 0. 0. 0. 0. 0. 0. 0. 0. 0. 0. 0. 0.
 0. 0. 0. 0. 0. 0. 0. 0.]
y_pred:  [1. 1. 1. 1. 1. 1. 1. 0. 1. 1. 0. 0. 1. 1. 1. 1. 0. 0. 0. 1. 0. 0. 0. 0.
 0. 0. 0. 1. 1. 1. 1. 1. 0. 1. 1. 0. 1. 1. 1. 1. 1. 0. 0. 1. 0. 1. 1. 1.
 1. 1. 1. 1. 1. 1. 1. 1. 1. 0. 0. 0. 0. 0. 1. 0. 0. 0. 0. 0. 0. 0. 0. 1.
 1. 1. 1. 1. 1. 1. 1. 1. 1. 1. 1. 1. 1. 0. 0. 1. 0. 1. 0. 0. 0. 1. 0. 0.
 0. 1. 0. 0. 1. 0. 0. 0. 0. 0. 1. 1. 0. 0. 0. 0. 0. 0. 0. 0. 0. 0. 0. 0.
 0. 0. 0. 0. 0. 0. 0. 0. 0. 0. 0. 1. 1. 0. 0. 0. 0. 0. 0. 0. 1. 0. 0. 0.
 0. 0. 0. 0. 0. 0. 0. 0. 0. 0. 0. 0. 1. 0. 0. 0. 0. 0. 0. 0. 0. 0. 0. 0.
 0. 0. 0. 0. 0. 0. 0. 0. 1. 0. 0. 0. 0. 0. 0. 0. 0. 1. 0. 0. 0. 0. 0. 0.
 0. 1. 0. 0. 0. 0. 0. 0.]
Time taken: 23.86631965637207 seconds
Running combination 49 of 50
Fitting RandomForest...
Fitting Adaboost...
Fitting AdaBoost_2...
Fitting et...
Fitting gbc...
Fitting gbc_2...
Fitting gbc_3...
Fitting dt...
Fitting lr...
Fitting Lasso_1...
Fitting Lasso_2...
Fitting Lasso_3...
Fitting Lasso_4...
Fitting elasticnet...
VCF file created successfully.
pyseer stderr:  Read 1000 phenotypes
Detected continuous phenotype
Reading all variants

0variants [00:00, ?variants/s]
54variants [00:00, 538.14variants/s]
108variants [00:00, 477.38variants/s]
163variants [00:00, 506.90variants/s]
198variants [00:00, 513.05variants/s]
Applying correlation filtering

  0%|          | 0/198 [00:00<?, ?variants/s]
100%|██████████| 198/198 [00:00<00:00, 2737.62variants/s]
Fitting elastic net to top 148 variants
Best penalty (lambda) from cross-validation: 2.70E+01
Best R^2 from cross-validation: 0.536
Finding and printing selected variants
198 loaded variants
50 pre-filtered variants
148 tested variants
134 printed variants

True importance standardized:  [0.10949825 0.10949825 0.10949825 0.10949825 0.10949825 0.10949825
 0.10949825 0.10949825 0.10949825 0.25531143 0.25531143 0.25531143
 0.25531143 0.25531143 0.25531143 0.25531143 0.25531143 0.25531143
 0.50883203 0.50883203 0.50883203 0.50883203 0.50883203 0.50883203
 0.50883203 0.50883203 0.50883203 0.30635332 0.30635332 0.30635332
 0.30635332 0.30635332 0.30635332 0.30635332 0.30635332 0.30635332
 0.91354647 0.91354647 0.91354647 0.91354647 0.91354647 0.91354647
 0.91354647 0.91354647 0.91354647 0.7848865  0.7848865  0.7848865
 0.7848865  0.7848865  0.7848865  0.7848865  0.7848865  0.7848865
 1.         1.         1.         1.         1.         1.
 1.         1.         1.         0.78188462 0.78188462 0.78188462
 0.78188462 0.78188462 0.78188462 0.78188462 0.78188462 0.78188462
 0.54741757 0.54741757 0.54741757 0.54741757 0.54741757 0.54741757
 0.54741757 0.54741757 0.54741757 0.78268258 0.78268258 0.78268258
 0.78268258 0.78268258 0.78268258 0.78268258 0.78268258 0.78268258
 0.         0.         0.         0.         0.         0.
 0.         0.         0.         0.         0.         0.
 0.         0.         0.         0.         0.         0.
 0.         0.         0.         0.         0.         0.
 0.         0.         0.         0.         0.         0.
 0.         0.         0.         0.         0.         0.
 0.         0.         0.         0.         0.         0.
 0.         0.         0.         0.         0.         0.
 0.         0.         0.         0.         0.         0.
 0.         0.         0.         0.         0.         0.
 0.         0.         0.         0.         0.         0.
 0.         0.         0.         0.         0.         0.
 0.         0.         0.         0.         0.         0.
 0.         0.         0.         0.         0.         0.
 0.         0.         0.         0.         0.         0.
 0.         0.         0.         0.         0.         0.
 0.         0.         0.         0.         0.         0.
 0.         0.         0.         0.         0.         0.
 0.         0.        ]
Normalized importance:  [0.         0.         0.         0.         0.         0.
 0.         0.         0.         0.0497357  0.0497357  0.0497357
 0.0497357  0.         0.0497357  0.         0.0497357  0.0497357
 0.16168821 0.16168821 0.16168821 0.16168821 0.16168821 0.16168821
 0.16168821 0.16168821 0.16168821 0.05628824 0.05628824 0.05628824
 0.05628824 0.05628824 0.05628824 0.05628824 0.05628824 0.05628824
 0.8554013  0.8554013  0.8554013  0.8554013  0.8554013  0.8554013
 0.8554013  0.8554013  0.8554013  0.46129079 0.46129079 0.46129079
 0.46129079 0.46129079 0.46129079 0.46129079 0.46129079 0.46129079
 1.         1.         1.         1.         1.         1.
 1.         1.         1.         0.78299293 0.78299293 0.78299293
 0.78299293 0.78299293 0.78299293 0.78299293 0.78299293 0.78299293
 0.5825491  0.5825491  0.5825491  0.5825491  0.5825491  0.5825491
 0.5825491  0.5825491  0.5825491  0.84596887 0.84596887 0.84596887
 0.84596887 0.84596887 0.84596887 0.84596887 0.84596887 0.84596887
 0.         0.05817351 0.         0.         0.         0.
 0.01608692 0.         0.         0.         0.         0.
 0.         0.         0.00990276 0.         0.         0.
 0.         0.         0.0099539  0.         0.         0.
 0.         0.         0.         0.         0.         0.
 0.         0.         0.         0.         0.         0.
 0.         0.         0.         0.         0.         0.
 0.03120201 0.         0.         0.         0.         0.
 0.         0.00474613 0.         0.         0.00827162 0.
 0.         0.         0.         0.00557105 0.         0.
 0.         0.         0.         0.         0.         0.
 0.         0.         0.         0.01896492 0.01577758 0.
 0.         0.         0.         0.01142133 0.         0.
 0.         0.         0.         0.         0.         0.
 0.02675628 0.         0.         0.         0.         0.
 0.         0.         0.         0.         0.         0.
 0.01187473 0.         0.         0.         0.         0.01556076
 0.         0.         0.         0.         0.         0.
 0.         0.        ]
deepbreaks
y_true:  [0. 0. 0. 0. 0. 0. 0. 0. 0. 0. 0. 0. 0. 0. 0. 0. 0. 0. 0. 0. 0. 0. 0. 0.
 0. 0. 0. 0. 0. 0. 0. 0. 0. 0. 0. 0. 1. 1. 1. 1. 1. 1. 1. 1. 1. 1. 1. 1.
 1. 1. 1. 1. 1. 1. 1. 1. 1. 1. 1. 1. 1. 1. 1. 1. 1. 1. 1. 1. 1. 1. 1. 1.
 0. 0. 0. 0. 0. 0. 0. 0. 0. 1. 1. 1. 1. 1. 1. 1. 1. 1. 0. 0. 0. 0. 0. 0.
 0. 0. 0. 0. 0. 0. 0. 0. 0. 0. 0. 0. 0. 0. 0. 0. 0. 0. 0. 0. 0. 0. 0. 0.
 0. 0. 0. 0. 0. 0. 0. 0. 0. 0. 0. 0. 0. 0. 0. 0. 0. 0. 0. 0. 0. 0. 0. 0.
 0. 0. 0. 0. 0. 0. 0. 0. 0. 0. 0. 0. 0. 0. 0. 0. 0. 0. 0. 0. 0. 0. 0. 0.
 0. 0. 0. 0. 0. 0. 0. 0. 0. 0. 0. 0. 0. 0. 0. 0. 0. 0. 0. 0. 0. 0. 0. 0.
 0. 0. 0. 0. 0. 0. 0. 0.]
y_pred:  [0. 0. 0. 0. 0. 0. 0. 0. 0. 0. 0. 0. 0. 0. 0. 0. 0. 0. 0. 0. 0. 0. 0. 0.
 0. 0. 0. 0. 0. 0. 0. 0. 0. 0. 0. 0. 1. 1. 1. 1. 1. 1. 1. 1. 1. 1. 1. 1.
 1. 1. 1. 1. 1. 1. 1. 1. 1. 1. 1. 1. 1. 1. 1. 1. 1. 1. 1. 1. 1. 1. 1. 1.
 1. 1. 1. 1. 1. 1. 1. 1. 1. 1. 1. 1. 1. 1. 1. 1. 1. 1. 0. 0. 0. 0. 0. 0.
 0. 0. 0. 0. 0. 0. 0. 0. 0. 0. 0. 0. 0. 0. 0. 0. 0. 0. 0. 0. 0. 0. 0. 0.
 0. 0. 0. 0. 0. 0. 0. 0. 0. 0. 0. 0. 0. 0. 0. 0. 0. 0. 0. 0. 0. 0. 0. 0.
 0. 0. 0. 0. 0. 0. 0. 0. 0. 0. 0. 0. 0. 0. 0. 0. 0. 0. 0. 0. 0. 0. 0. 0.
 0. 0. 0. 0. 0. 0. 0. 0. 0. 0. 0. 0. 0. 0. 0. 0. 0. 0. 0. 0. 0. 0. 0. 0.
 0. 0. 0. 0. 0. 0. 0. 0.]
Normalized importance:  [0.129806   0.05449735 0.00280423 0.         0.         0.
 0.         0.23633157 0.         0.05202822 0.1303351  0.54144621
 0.22574956 0.02416226 0.00587302 0.17566138 0.25749559 0.27160494
 0.70723104 0.25220459 0.08165785 0.15537919 0.58377425 0.29982363
 0.4691358  0.         0.32098765 0.1712522  0.         0.15731922
 0.25749559 0.41093474 0.14885362 0.03791887 0.17989418 0.11393298
 1.         0.65255732 0.5308642  0.97001764 0.62610229 0.25220459
 0.09929453 0.38447972 0.         0.62962963 0.74779541 0.25573192
 0.50617284 0.329806   0.         0.60141093 0.49559083 0.44620811
 0.95590829 0.66843034 0.59964727 0.71428571 0.07954145 0.40564374
 0.5643739  0.46737213 0.82363316 0.92768959 0.21340388 0.2962963
 0.47266314 0.56084656 0.76190476 0.50617284 0.54320988 0.24162257
 0.64550265 0.12733686 0.62610229 0.43386243 0.02839506 0.42328042
 0.18871252 0.57142857 0.27160494 0.68253968 0.77248677 0.34391534
 0.57848325 0.47619048 0.50970018 0.24867725 0.38800705 0.47795414
 0.02716049 0.53439153 0.         0.29453263 0.         0.
 0.38271605 0.13703704 0.         0.04744268 0.         0.
 0.         0.         0.37742504 0.14444444 0.09647266 0.
 0.         0.10846561 0.26631393 0.         0.05238095 0.
 0.         0.         0.         0.22398589 0.         0.
 0.15661376 0.11499118 0.14320988 0.19929453 0.         0.32275132
 0.17989418 0.05802469 0.         0.         0.         0.36155203
 0.08500882 0.         0.         0.24338624 0.35978836 0.
 0.00513228 0.02416226 0.10511464 0.         0.13968254 0.2010582
 0.         0.         0.         0.08253968 0.15908289 0.36684303
 0.         0.         0.         0.         0.00673721 0.08007055
 0.21869489 0.         0.17989418 0.01499118 0.21164021 0.
 0.         0.         0.         0.24691358 0.         0.14550265
 0.1691358  0.1622575  0.         0.1680776  0.         0.03492063
 0.34391534 0.         0.0122575  0.         0.         0.
 0.         0.         0.20811287 0.35626102 0.         0.
 0.2962963  0.40740741 0.         0.         0.         0.38095238
 0.18518519 0.19223986 0.         0.         0.         0.
 0.         0.        ]
pyseer
y_true:  [0. 0. 0. 0. 0. 0. 0. 0. 0. 0. 0. 0. 0. 0. 0. 0. 0. 0. 0. 0. 0. 0. 0. 0.
 0. 0. 0. 0. 0. 0. 0. 0. 0. 0. 0. 0. 1. 1. 1. 1. 1. 1. 1. 1. 1. 1. 1. 1.
 1. 1. 1. 1. 1. 1. 1. 1. 1. 1. 1. 1. 1. 1. 1. 1. 1. 1. 1. 1. 1. 1. 1. 1.
 0. 0. 0. 0. 0. 0. 0. 0. 0. 1. 1. 1. 1. 1. 1. 1. 1. 1. 0. 0. 0. 0. 0. 0.
 0. 0. 0. 0. 0. 0. 0. 0. 0. 0. 0. 0. 0. 0. 0. 0. 0. 0. 0. 0. 0. 0. 0. 0.
 0. 0. 0. 0. 0. 0. 0. 0. 0. 0. 0. 0. 0. 0. 0. 0. 0. 0. 0. 0. 0. 0. 0. 0.
 0. 0. 0. 0. 0. 0. 0. 0. 0. 0. 0. 0. 0. 0. 0. 0. 0. 0. 0. 0. 0. 0. 0. 0.
 0. 0. 0. 0. 0. 0. 0. 0. 0. 0. 0. 0. 0. 0. 0. 0. 0. 0. 0. 0. 0. 0. 0. 0.
 0. 0. 0. 0. 0. 0. 0. 0.]
y_pred:  [0. 0. 0. 0. 0. 0. 0. 0. 0. 0. 0. 1. 0. 0. 0. 0. 1. 1. 1. 0. 0. 0. 1. 1.
 1. 0. 1. 0. 0. 0. 1. 1. 0. 0. 0. 0. 1. 1. 1. 1. 1. 0. 0. 1. 0. 1. 1. 1.
 1. 1. 0. 1. 1. 1. 1. 1. 1. 1. 0. 1. 1. 1. 1. 1. 0. 1. 1. 1. 1. 1. 1. 0.
 1. 0. 1. 1. 0. 1. 0. 1. 1. 1. 1. 1. 1. 1. 1. 0. 1. 1. 0. 1. 0. 1. 0. 0.
 1. 0. 0. 0. 0. 0. 0. 0. 1. 0. 0. 0. 0. 0. 1. 0. 0. 0. 0. 0. 0. 0. 0. 0.
 0. 0. 0. 0. 0. 1. 0. 0. 0. 0. 0. 1. 0. 0. 0. 0. 1. 0. 0. 0. 0. 0. 0. 0.
 0. 0. 0. 0. 0. 1. 0. 0. 0. 0. 0. 0. 0. 0. 0. 0. 0. 0. 0. 0. 0. 0. 0. 0.
 0. 0. 0. 0. 0. 0. 1. 0. 0. 0. 0. 0. 0. 0. 0. 1. 0. 0. 1. 1. 0. 0. 0. 1.
 0. 0. 0. 0. 0. 0. 0. 0.]
Time taken: 23.968729496002197 seconds
Running combination 50 of 50
Fitting RandomForest...
Fitting Adaboost...
Fitting AdaBoost_2...
Fitting et...
Fitting gbc...
Fitting gbc_2...
Fitting gbc_3...
Fitting dt...
Fitting lr...
Fitting Lasso_1...
Fitting Lasso_2...
Fitting Lasso_3...
Fitting Lasso_4...
Fitting elasticnet...
VCF file created successfully.
pyseer stderr:  Read 1000 phenotypes
Detected continuous phenotype
Reading all variants

0variants [00:00, ?variants/s]
55variants [00:00, 540.36variants/s]
110variants [00:00, 478.50variants/s]
166variants [00:00, 509.72variants/s]
198variants [00:00, 514.67variants/s]
Applying correlation filtering

  0%|          | 0/198 [00:00<?, ?variants/s]
100%|██████████| 198/198 [00:00<00:00, 2649.94variants/s]
Fitting elastic net to top 148 variants
Best penalty (lambda) from cross-validation: 7.67E+00
Best R^2 from cross-validation: 0.566
Finding and printing selected variants
198 loaded variants
50 pre-filtered variants
148 tested variants
137 printed variants

True importance standardized:  [0.25256573 0.25256573 0.25256573 0.25256573 0.25256573 0.25256573
 0.25256573 0.25256573 0.25256573 0.11317037 0.11317037 0.11317037
 0.11317037 0.11317037 0.11317037 0.11317037 0.11317037 0.11317037
 0.43010653 0.43010653 0.43010653 0.43010653 0.43010653 0.43010653
 0.43010653 0.43010653 0.43010653 0.29263375 0.29263375 0.29263375
 0.29263375 0.29263375 0.29263375 0.29263375 0.29263375 0.29263375
 0.20603771 0.20603771 0.20603771 0.20603771 0.20603771 0.20603771
 0.20603771 0.20603771 0.20603771 1.         1.         1.
 1.         1.         1.         1.         1.         1.
 0.78761799 0.78761799 0.78761799 0.78761799 0.78761799 0.78761799
 0.78761799 0.78761799 0.78761799 0.63223088 0.63223088 0.63223088
 0.63223088 0.63223088 0.63223088 0.63223088 0.63223088 0.63223088
 0.407975   0.407975   0.407975   0.407975   0.407975   0.407975
 0.407975   0.407975   0.407975   0.67279752 0.67279752 0.67279752
 0.67279752 0.67279752 0.67279752 0.67279752 0.67279752 0.67279752
 0.         0.         0.         0.         0.         0.
 0.         0.         0.         0.         0.         0.
 0.         0.         0.         0.         0.         0.
 0.         0.         0.         0.         0.         0.
 0.         0.         0.         0.         0.         0.
 0.         0.         0.         0.         0.         0.
 0.         0.         0.         0.         0.         0.
 0.         0.         0.         0.         0.         0.
 0.         0.         0.         0.         0.         0.
 0.         0.         0.         0.         0.         0.
 0.         0.         0.         0.         0.         0.
 0.         0.         0.         0.         0.         0.
 0.         0.         0.         0.         0.         0.
 0.         0.         0.         0.         0.         0.
 0.         0.         0.         0.         0.         0.
 0.         0.         0.         0.         0.         0.
 0.         0.         0.         0.         0.         0.
 0.         0.         0.         0.         0.         0.
 0.         0.        ]
Normalized importance:  [0.04680521 0.04680521 0.04680521 0.04680521 0.04680521 0.04680521
 0.04680521 0.04680521 0.04680521 0.03622226 0.03622226 0.03622226
 0.03622226 0.03622226 0.03622226 0.03622226 0.03622226 0.03622226
 0.15676786 0.15676786 0.15676786 0.15676786 0.15676786 0.15676786
 0.15676786 0.15676786 0.15676786 0.04326043 0.04326043 0.
 0.04326043 0.04326043 0.04326043 0.04326043 0.04326043 0.04326043
 0.03084779 0.03084779 0.03084779 0.03084779 0.03084779 0.03084779
 0.03084779 0.03084779 0.03084779 1.         1.         1.
 1.         1.         1.         1.         1.         1.
 0.54053015 0.54053015 0.54053015 0.54053015 0.54053015 0.54053015
 0.54053015 0.54053015 0.54053015 0.43253985 0.43253985 0.43253985
 0.43253985 0.43253985 0.43253985 0.43253985 0.43253985 0.43253985
 0.17817105 0.17817105 0.17817105 0.17817105 0.17817105 0.17817105
 0.17817105 0.17817105 0.17817105 0.5188511  0.5188511  0.5188511
 0.5188511  0.5188511  0.5188511  0.5188511  0.5188511  0.5188511
 0.         0.         0.         0.         0.         0.
 0.         0.         0.03876102 0.01304797 0.         0.
 0.         0.         0.01293008 0.         0.01784174 0.
 0.         0.00318699 0.         0.         0.         0.
 0.02028427 0.         0.         0.0202596  0.         0.01480154
 0.         0.00140341 0.         0.         0.         0.
 0.         0.         0.         0.01533167 0.         0.
 0.01432473 0.         0.03148289 0.         0.         0.
 0.         0.         0.0054977  0.         0.06036454 0.
 0.         0.01061678 0.         0.00918326 0.         0.00805265
 0.         0.         0.         0.         0.         0.01481814
 0.         0.         0.         0.         0.         0.00763438
 0.         0.         0.         0.         0.08640403 0.
 0.         0.         0.         0.         0.00832097 0.
 0.00430936 0.         0.         0.         0.         0.
 0.         0.01255278 0.         0.02435671 0.0087641  0.
 0.         0.         0.         0.         0.         0.01107108
 0.01049407 0.         0.         0.         0.         0.01419192
 0.         0.        ]
deepbreaks
y_true:  [0. 0. 0. 0. 0. 0. 0. 0. 0. 0. 0. 0. 0. 0. 0. 0. 0. 0. 1. 1. 1. 1. 1. 1.
 1. 1. 1. 0. 0. 0. 0. 0. 0. 0. 0. 0. 0. 0. 0. 0. 0. 0. 0. 0. 0. 1. 1. 1.
 1. 1. 1. 1. 1. 1. 1. 1. 1. 1. 1. 1. 1. 1. 1. 1. 1. 1. 1. 1. 1. 1. 1. 1.
 0. 0. 0. 0. 0. 0. 0. 0. 0. 1. 1. 1. 1. 1. 1. 1. 1. 1. 0. 0. 0. 0. 0. 0.
 0. 0. 0. 0. 0. 0. 0. 0. 0. 0. 0. 0. 0. 0. 0. 0. 0. 0. 0. 0. 0. 0. 0. 0.
 0. 0. 0. 0. 0. 0. 0. 0. 0. 0. 0. 0. 0. 0. 0. 0. 0. 0. 0. 0. 0. 0. 0. 0.
 0. 0. 0. 0. 0. 0. 0. 0. 0. 0. 0. 0. 0. 0. 0. 0. 0. 0. 0. 0. 0. 0. 0. 0.
 0. 0. 0. 0. 0. 0. 0. 0. 0. 0. 0. 0. 0. 0. 0. 0. 0. 0. 0. 0. 0. 0. 0. 0.
 0. 0. 0. 0. 0. 0. 0. 0.]
y_pred:  [1. 1. 1. 1. 1. 1. 1. 1. 1. 0. 0. 0. 0. 0. 0. 0. 0. 0. 1. 1. 1. 1. 1. 1.
 1. 1. 1. 0. 0. 0. 0. 0. 0. 0. 0. 0. 0. 0. 0. 0. 0. 0. 0. 0. 0. 1. 1. 1.
 1. 1. 1. 1. 1. 1. 1. 1. 1. 1. 1. 1. 1. 1. 1. 1. 1. 1. 1. 1. 1. 1. 1. 1.
 1. 1. 1. 1. 1. 1. 1. 1. 1. 1. 1. 1. 1. 1. 1. 1. 1. 1. 0. 0. 0. 0. 0. 0.
 0. 0. 0. 0. 0. 0. 0. 0. 0. 0. 0. 0. 0. 0. 0. 0. 0. 0. 0. 0. 0. 0. 0. 0.
 0. 0. 0. 0. 0. 0. 0. 0. 0. 0. 0. 0. 0. 0. 0. 0. 0. 0. 0. 0. 0. 0. 1. 0.
 0. 0. 0. 0. 0. 0. 0. 0. 0. 0. 0. 0. 0. 0. 0. 0. 0. 0. 0. 0. 0. 0. 1. 0.
 0. 0. 0. 0. 0. 0. 0. 0. 0. 0. 0. 0. 0. 0. 0. 0. 0. 0. 0. 0. 0. 0. 0. 0.
 0. 0. 0. 0. 0. 0. 0. 0.]
Normalized importance:  [9.18478261e-02 2.98913043e-01 6.03260870e-03 0.00000000e+00
 1.25815217e-01 8.26086957e-02 2.10597826e-01 0.00000000e+00
 1.63043478e-01 6.38586957e-02 5.92391304e-03 1.65489130e-01
 1.95923913e-02 2.17663043e-03 1.17934783e-02 7.88043478e-02
 8.47826087e-02 1.35054348e-01 3.04347826e-01 2.54891304e-01
 1.74184783e-01 2.05163043e-01 6.60326087e-02 1.38858696e-01
 9.70108696e-02 3.15217391e-01 0.00000000e+00 2.25543478e-01
 2.55978261e-01 0.00000000e+00 8.58695652e-02 3.53260870e-02
 3.04347826e-02 2.54891304e-01 5.57065217e-04 1.82880435e-01
 1.19836957e-01 3.85869565e-02 1.64673913e-01 2.12228261e-01
 1.10054348e-01 2.48369565e-02 7.06521739e-02 1.82880435e-01
 2.85326087e-01 1.00000000e+00 4.42934783e-01 1.90217391e-01
 3.94021739e-01 4.70108696e-01 1.50815217e-01 3.85869565e-01
 3.12500000e-01 5.84239130e-01 7.41847826e-01 4.42934783e-01
 0.00000000e+00 1.89945652e-01 2.82608696e-01 3.39673913e-01
 2.65217391e-01 3.55978261e-01 0.00000000e+00 4.91847826e-01
 3.15217391e-01 2.79891304e-01 1.08423913e-01 3.99456522e-01
 4.78260870e-02 1.30163043e-01 3.07065217e-01 3.83152174e-01
 2.37228261e-01 1.88315217e-01 2.79891304e-02 2.46195652e-01
 1.22554348e-01 2.13586957e-01 3.17934783e-01 2.01902174e-02
 3.50543478e-01 5.10869565e-01 0.00000000e+00 4.40217391e-01
 2.28532609e-01 9.32065217e-02 1.00000000e-01 3.42391304e-01
 3.17934783e-01 4.21195652e-01 0.00000000e+00 1.91847826e-01
 0.00000000e+00 1.41032609e-02 3.58695652e-01 0.00000000e+00
 0.00000000e+00 1.09510870e-01 3.53260870e-01 0.00000000e+00
 0.00000000e+00 0.00000000e+00 8.91304348e-02 0.00000000e+00
 8.61413043e-02 0.00000000e+00 2.55978261e-01 0.00000000e+00
 0.00000000e+00 8.66847826e-02 0.00000000e+00 3.50543478e-02
 0.00000000e+00 7.41847826e-02 1.36413043e-01 1.42663043e-01
 0.00000000e+00 3.53260870e-01 1.80978261e-01 3.34239130e-01
 0.00000000e+00 1.08695652e-01 0.00000000e+00 2.08152174e-01
 0.00000000e+00 0.00000000e+00 0.00000000e+00 1.54619565e-01
 1.43478261e-01 1.38858696e-01 0.00000000e+00 6.30434783e-02
 2.15217391e-01 0.00000000e+00 2.22010870e-01 9.86413043e-02
 2.31250000e-01 0.00000000e+00 0.00000000e+00 0.00000000e+00
 8.04347826e-02 9.37500000e-02 3.34239130e-01 6.82065217e-02
 9.26630435e-02 2.12500000e-01 0.00000000e+00 2.02445652e-01
 0.00000000e+00 1.98641304e-01 0.00000000e+00 0.00000000e+00
 0.00000000e+00 0.00000000e+00 0.00000000e+00 2.70923913e-01
 0.00000000e+00 2.03804348e-01 1.10054348e-01 0.00000000e+00
 1.66576087e-01 3.17934783e-02 0.00000000e+00 0.00000000e+00
 0.00000000e+00 0.00000000e+00 4.04891304e-01 0.00000000e+00
 0.00000000e+00 0.00000000e+00 0.00000000e+00 0.00000000e+00
 1.78532609e-01 0.00000000e+00 2.67934783e-02 1.28532609e-01
 0.00000000e+00 0.00000000e+00 5.40760870e-02 9.42934783e-03
 0.00000000e+00 7.52717391e-02 0.00000000e+00 1.50543478e-01
 8.83152174e-04 0.00000000e+00 1.34782609e-01 0.00000000e+00
 0.00000000e+00 0.00000000e+00 0.00000000e+00 1.35326087e-01
 2.96195652e-02 1.59782609e-01 8.20652174e-02 0.00000000e+00
 0.00000000e+00 3.42391304e-01 0.00000000e+00 0.00000000e+00]
pyseer
y_true:  [0. 0. 0. 0. 0. 0. 0. 0. 0. 0. 0. 0. 0. 0. 0. 0. 0. 0. 1. 1. 1. 1. 1. 1.
 1. 1. 1. 0. 0. 0. 0. 0. 0. 0. 0. 0. 0. 0. 0. 0. 0. 0. 0. 0. 0. 1. 1. 1.
 1. 1. 1. 1. 1. 1. 1. 1. 1. 1. 1. 1. 1. 1. 1. 1. 1. 1. 1. 1. 1. 1. 1. 1.
 0. 0. 0. 0. 0. 0. 0. 0. 0. 1. 1. 1. 1. 1. 1. 1. 1. 1. 0. 0. 0. 0. 0. 0.
 0. 0. 0. 0. 0. 0. 0. 0. 0. 0. 0. 0. 0. 0. 0. 0. 0. 0. 0. 0. 0. 0. 0. 0.
 0. 0. 0. 0. 0. 0. 0. 0. 0. 0. 0. 0. 0. 0. 0. 0. 0. 0. 0. 0. 0. 0. 0. 0.
 0. 0. 0. 0. 0. 0. 0. 0. 0. 0. 0. 0. 0. 0. 0. 0. 0. 0. 0. 0. 0. 0. 0. 0.
 0. 0. 0. 0. 0. 0. 0. 0. 0. 0. 0. 0. 0. 0. 0. 0. 0. 0. 0. 0. 0. 0. 0. 0.
 0. 0. 0. 0. 0. 0. 0. 0.]
y_pred:  [0. 1. 0. 0. 0. 0. 1. 0. 0. 0. 0. 1. 0. 0. 0. 0. 0. 0. 1. 1. 1. 1. 0. 0.
 0. 1. 0. 1. 1. 0. 0. 0. 0. 1. 0. 1. 0. 0. 0. 1. 0. 0. 0. 1. 1. 1. 1. 1.
 1. 1. 0. 1. 1. 1. 1. 1. 0. 1. 1. 1. 1. 1. 0. 1. 1. 1. 0. 1. 0. 0. 1. 1.
 1. 1. 0. 1. 0. 1. 1. 0. 1. 1. 0. 1. 1. 0. 0. 1. 1. 1. 0. 1. 0. 0. 1. 0.
 0. 0. 1. 0. 0. 0. 0. 0. 0. 0. 1. 0. 0. 0. 0. 0. 0. 0. 0. 0. 0. 1. 1. 1.
 0. 0. 0. 1. 0. 0. 0. 0. 0. 0. 0. 0. 1. 0. 1. 0. 1. 0. 0. 0. 0. 0. 1. 0.
 0. 1. 0. 1. 0. 1. 0. 0. 0. 0. 0. 1. 0. 1. 0. 0. 1. 0. 0. 0. 0. 0. 1. 0.
 0. 0. 0. 0. 1. 0. 0. 0. 0. 0. 0. 0. 0. 0. 0. 0. 0. 0. 0. 0. 0. 0. 0. 0.
 0. 0. 0. 0. 0. 1. 0. 0.]
Time taken: 26.045662879943848 seconds
